ASIN,date
B0007T5JCI,2025-04-28
B0007T5JCI,2025-05-26
B0007T5JCI,2025-06-23
B0007T5JCI,2025-07-21
B0007T5JCI,2025-08-18
B0007T5JCI,2025-09-15
B0007T5JCI,2025-10-13
B0007T5JCI,2025-11-10
B0007T5JCI,2025-12-08
B0007T5JCI,2026-01-05
B0007T5JCI,2026-02-02
B0007T5JCI,2026-03-02
B0007TN2IQ,2025-04-28
B0007TN2IQ,2025-05-26
B0007TN2IQ,2025-06-23
B0007TN2IQ,2025-07-21
B0007TN2IQ,2025-08-18
B0007TN2IQ,2025-09-15
B0007TN2IQ,2025-10-13
B0007TN2IQ,2025-11-10
B0007TN2IQ,2025-12-08
B0007TN2IQ,2026-01-05
B0007TN2IQ,2026-02-02
B0007TN2IQ,2026-03-02
B0007TQ9OK,2025-04-28
B0007TQ9OK,2025-05-26
B0007TQ9OK,2025-06-23
B0007TQ9OK,2025-07-21
B0007TQ9OK,2025-08-18
B0007TQ9OK,2025-09-15
B0007TQ9OK,2025-10-13
B0007TQ9OK,2025-11-10
B0007TQ9OK,2025-12-08
B0007TQ9OK,2026-01-05
B0007TQ9OK,2026-02-02
B0007TQ9OK,2026-03-02
B0007TROJO,2025-04-28
B0007TROJO,2025-05-26
B0007TROJO,2025-06-23
B0007TROJO,2025-07-21
B0007TROJO,2025-08-18
B0007TROJO,2025-09-15
B0007TROJO,2025-10-13
B0007TROJO,2025-11-10
B0007TROJO,2025-12-08
B0007TROJO,2026-01-05
B0007TROJO,2026-02-02
B0007TROJO,2026-03-02
B000ARIVF4,2025-04-28
B000ARIVF4,2025-05-26
B000ARIVF4,2025-06-23
B000ARIVF4,2025-07-21
B000ARIVF4,2025-08-18
B000ARIVF4,2025-09-15
B000ARIVF4,2025-10-13
B000ARIVF4,2025-11-10
B000ARIVF4,2025-12-08
B000ARIVF4,2026-01-05
B000ARIVF4,2026-02-02
B000ARIVF4,2026-03-02
B000EP6HS0,2025-04-28
B000EP6HS0,2025-05-26
B000EP6HS0,2025-06-23
B000EP6HS0,2025-07-21
B000EP6HS0,2025-08-18
B000EP6HS0,2025-09-15
B000EP6HS0,2025-10-13
B000EP6HS0,2025-11-10
B000EP6HS0,2025-12-08
B000EP6HS0,2026-01-05
B000EP6HS0,2026-02-02
B000EP6HS0,2026-03-02
B0014YPUFQ,2025-04-28
B0014YPUFQ,2025-05-26
B0014YPUFQ,2025-06-23
B0014YPUFQ,2025-07-21
B0014YPUFQ,2025-08-18
B0014YPUFQ,2025-09-15
B0014YPUFQ,2025-10-13
B0014YPUFQ,2025-11-10
B0014YPUFQ,2025-12-08
B0014YPUFQ,2026-01-05
B0014YPUFQ,2026-02-02
B0014YPUFQ,2026-03-02
B0017GQ8E8,2025-04-28
B0017GQ8E8,2025-05-26
B0017GQ8E8,2025-06-23
B0017GQ8E8,2025-07-21
B0017GQ8E8,2025-08-18
B0017GQ8E8,2025-09-15
B0017GQ8E8,2025-10-13
B0017GQ8E8,2025-11-10
B0017GQ8E8,2025-12-08
B0017GQ8E8,2026-01-05
B0017GQ8E8,2026-02-02
B0017GQ8E8,2026-03-02
B0030MIIM2,2025-04-28
B0030MIIM2,2025-05-26
B0030MIIM2,2025-06-23
B0030MIIM2,2025-07-21
B0030MIIM2,2025-08-18
B0030MIIM2,2025-09-15
B0030MIIM2,2025-10-13
B0030MIIM2,2025-11-10
B0030MIIM2,2025-12-08
B0030MIIM2,2026-01-05
B0030MIIM2,2026-02-02
B0030MIIM2,2026-03-02
B00487O4LW,2025-04-28
B00487O4LW,2025-05-26
B00487O4LW,2025-06-23
B00487O4LW,2025-07-21
B00487O4LW,2025-08-18
B00487O4LW,2025-09-15
B00487O4LW,2025-10-13
B00487O4LW,2025-11-10
B00487O4LW,2025-12-08
B00487O4LW,2026-01-05
B00487O4LW,2026-02-02
B00487O4LW,2026-03-02
B004TZX5EK,2025-04-28
B004TZX5EK,2025-05-26
B004TZX5EK,2025-06-23
B004TZX5EK,2025-07-21
B004TZX5EK,2025-08-18
B004TZX5EK,2025-09-15
B004TZX5EK,2025-10-13
B004TZX5EK,2025-11-10
B004TZX5EK,2025-12-08
B004TZX5EK,2026-01-05
B004TZX5EK,2026-02-02
B004TZX5EK,2026-03-02
B0051NGG8Q,2025-04-28
B0051NGG8Q,2025-05-26
B0051NGG8Q,2025-06-23
B0051NGG8Q,2025-07-21
B0051NGG8Q,2025-08-18
B0051NGG8Q,2025-09-15
B0051NGG8Q,2025-10-13
B0051NGG8Q,2025-11-10
B0051NGG8Q,2025-12-08
B0051NGG8Q,2026-01-05
B0051NGG8Q,2026-02-02
B0051NGG8Q,2026-03-02
B00598HKTC,2025-04-28
B00598HKTC,2025-05-26
B00598HKTC,2025-06-23
B00598HKTC,2025-07-21
B00598HKTC,2025-08-18
B00598HKTC,2025-09-15
B00598HKTC,2025-10-13
B00598HKTC,2025-11-10
B00598HKTC,2025-12-08
B00598HKTC,2026-01-05
B00598HKTC,2026-02-02
B00598HKTC,2026-03-02
B005GJ76HA,2025-04-28
B005GJ76HA,2025-05-26
B005GJ76HA,2025-06-23
B005GJ76HA,2025-07-21
B005GJ76HA,2025-08-18
B005GJ76HA,2025-09-15
B005GJ76HA,2025-10-13
B005GJ76HA,2025-11-10
B005GJ76HA,2025-12-08
B005GJ76HA,2026-01-05
B005GJ76HA,2026-02-02
B005GJ76HA,2026-03-02
B008QZGAMI,2025-04-28
B008QZGAMI,2025-05-26
B008QZGAMI,2025-06-23
B008QZGAMI,2025-07-21
B008QZGAMI,2025-08-18
B008QZGAMI,2025-09-15
B008QZGAMI,2025-10-13
B008QZGAMI,2025-11-10
B008QZGAMI,2025-12-08
B008QZGAMI,2026-01-05
B008QZGAMI,2026-02-02
B008QZGAMI,2026-03-02
B00CO0KRSE,2025-04-28
B00CO0KRSE,2025-05-26
B00CO0KRSE,2025-06-23
B00CO0KRSE,2025-07-21
B00CO0KRSE,2025-08-18
B00CO0KRSE,2025-09-15
B00CO0KRSE,2025-10-13
B00CO0KRSE,2025-11-10
B00CO0KRSE,2025-12-08
B00CO0KRSE,2026-01-05
B00CO0KRSE,2026-02-02
B00CO0KRSE,2026-03-02
B00HI173WW,2025-04-28
B00HI173WW,2025-05-26
B00HI173WW,2025-06-23
B00HI173WW,2025-07-21
B00HI173WW,2025-08-18
B00HI173WW,2025-09-15
B00HI173WW,2025-10-13
B00HI173WW,2025-11-10
B00HI173WW,2025-12-08
B00HI173WW,2026-01-05
B00HI173WW,2026-02-02
B00HI173WW,2026-03-02
B00SX5KUJA,2025-04-28
B00SX5KUJA,2025-05-26
B00SX5KUJA,2025-06-23
B00SX5KUJA,2025-07-21
B00SX5KUJA,2025-08-18
B00SX5KUJA,2025-09-15
B00SX5KUJA,2025-10-13
B00SX5KUJA,2025-11-10
B00SX5KUJA,2025-12-08
B00SX5KUJA,2026-01-05
B00SX5KUJA,2026-02-02
B00SX5KUJA,2026-03-02
B00WO7WBLI,2025-04-28
B00WO7WBLI,2025-05-26
B00WO7WBLI,2025-06-23
B00WO7WBLI,2025-07-21
B00WO7WBLI,2025-08-18
B00WO7WBLI,2025-09-15
B00WO7WBLI,2025-10-13
B00WO7WBLI,2025-11-10
B00WO7WBLI,2025-12-08
B00WO7WBLI,2026-01-05
B00WO7WBLI,2026-02-02
B00WO7WBLI,2026-03-02
B010TZ01KY,2025-04-28
B010TZ01KY,2025-05-26
B010TZ01KY,2025-06-23
B010TZ01KY,2025-07-21
B010TZ01KY,2025-08-18
B010TZ01KY,2025-09-15
B010TZ01KY,2025-10-13
B010TZ01KY,2025-11-10
B010TZ01KY,2025-12-08
B010TZ01KY,2026-01-05
B010TZ01KY,2026-02-02
B010TZ01KY,2026-03-02
B011PLOFR6,2025-04-28
B011PLOFR6,2025-05-26
B011PLOFR6,2025-06-23
B011PLOFR6,2025-07-21
B011PLOFR6,2025-08-18
B011PLOFR6,2025-09-15
B011PLOFR6,2025-10-13
B011PLOFR6,2025-11-10
B011PLOFR6,2025-12-08
B011PLOFR6,2026-01-05
B011PLOFR6,2026-02-02
B011PLOFR6,2026-03-02
B012EGDAEA,2025-04-28
B012EGDAEA,2025-05-26
B012EGDAEA,2025-06-23
B012EGDAEA,2025-07-21
B012EGDAEA,2025-08-18
B012EGDAEA,2025-09-15
B012EGDAEA,2025-10-13
B012EGDAEA,2025-11-10
B012EGDAEA,2025-12-08
B012EGDAEA,2026-01-05
B012EGDAEA,2026-02-02
B012EGDAEA,2026-03-02
B018IVLXX0,2025-04-28
B018IVLXX0,2025-05-26
B018IVLXX0,2025-06-23
B018IVLXX0,2025-07-21
B018IVLXX0,2025-08-18
B018IVLXX0,2025-09-15
B018IVLXX0,2025-10-13
B018IVLXX0,2025-11-10
B018IVLXX0,2025-12-08
B018IVLXX0,2026-01-05
B018IVLXX0,2026-02-02
B018IVLXX0,2026-03-02
B01BPL5RBO,2025-04-28
B01BPL5RBO,2025-05-26
B01BPL5RBO,2025-06-23
B01BPL5RBO,2025-07-21
B01BPL5RBO,2025-08-18
B01BPL5RBO,2025-09-15
B01BPL5RBO,2025-10-13
B01BPL5RBO,2025-11-10
B01BPL5RBO,2025-12-08
B01BPL5RBO,2026-01-05
B01BPL5RBO,2026-02-02
B01BPL5RBO,2026-03-02
B01DCR7EHO,2025-04-28
B01DCR7EHO,2025-05-26
B01DCR7EHO,2025-06-23
B01DCR7EHO,2025-07-21
B01DCR7EHO,2025-08-18
B01DCR7EHO,2025-09-15
B01DCR7EHO,2025-10-13
B01DCR7EHO,2025-11-10
B01DCR7EHO,2025-12-08
B01DCR7EHO,2026-01-05
B01DCR7EHO,2026-02-02
B01DCR7EHO,2026-03-02
B01DDY0S24,2025-04-28
B01DDY0S24,2025-05-26
B01DDY0S24,2025-06-23
B01DDY0S24,2025-07-21
B01DDY0S24,2025-08-18
B01DDY0S24,2025-09-15
B01DDY0S24,2025-10-13
B01DDY0S24,2025-11-10
B01DDY0S24,2025-12-08
B01DDY0S24,2026-01-05
B01DDY0S24,2026-02-02
B01DDY0S24,2026-03-02
B01DPAAHOK,2025-04-28
B01DPAAHOK,2025-05-26
B01DPAAHOK,2025-06-23
B01DPAAHOK,2025-07-21
B01DPAAHOK,2025-08-18
B01DPAAHOK,2025-09-15
B01DPAAHOK,2025-10-13
B01DPAAHOK,2025-11-10
B01DPAAHOK,2025-12-08
B01DPAAHOK,2026-01-05
B01DPAAHOK,2026-02-02
B01DPAAHOK,2026-03-02
B01DPAAV00,2025-04-28
B01DPAAV00,2025-05-26
B01DPAAV00,2025-06-23
B01DPAAV00,2025-07-21
B01DPAAV00,2025-08-18
B01DPAAV00,2025-09-15
B01DPAAV00,2025-10-13
B01DPAAV00,2025-11-10
B01DPAAV00,2025-12-08
B01DPAAV00,2026-01-05
B01DPAAV00,2026-02-02
B01DPAAV00,2026-03-02
B01DSO16DY,2025-04-28
B01DSO16DY,2025-05-26
B01DSO16DY,2025-06-23
B01DSO16DY,2025-07-21
B01DSO16DY,2025-08-18
B01DSO16DY,2025-09-15
B01DSO16DY,2025-10-13
B01DSO16DY,2025-11-10
B01DSO16DY,2025-12-08
B01DSO16DY,2026-01-05
B01DSO16DY,2026-02-02
B01DSO16DY,2026-03-02
B01EW26XK2,2025-04-28
B01EW26XK2,2025-05-26
B01EW26XK2,2025-06-23
B01EW26XK2,2025-07-21
B01EW26XK2,2025-08-18
B01EW26XK2,2025-09-15
B01EW26XK2,2025-10-13
B01EW26XK2,2025-11-10
B01EW26XK2,2025-12-08
B01EW26XK2,2026-01-05
B01EW26XK2,2026-02-02
B01EW26XK2,2026-03-02
B01FUR8EPA,2025-04-28
B01FUR8EPA,2025-05-26
B01FUR8EPA,2025-06-23
B01FUR8EPA,2025-07-21
B01FUR8EPA,2025-08-18
B01FUR8EPA,2025-09-15
B01FUR8EPA,2025-10-13
B01FUR8EPA,2025-11-10
B01FUR8EPA,2025-12-08
B01FUR8EPA,2026-01-05
B01FUR8EPA,2026-02-02
B01FUR8EPA,2026-03-02
B01FYCEQPI,2025-04-28
B01FYCEQPI,2025-05-26
B01FYCEQPI,2025-06-23
B01FYCEQPI,2025-07-21
B01FYCEQPI,2025-08-18
B01FYCEQPI,2025-09-15
B01FYCEQPI,2025-10-13
B01FYCEQPI,2025-11-10
B01FYCEQPI,2025-12-08
B01FYCEQPI,2026-01-05
B01FYCEQPI,2026-02-02
B01FYCEQPI,2026-03-02
B01FYCERVQ,2025-04-28
B01FYCERVQ,2025-05-26
B01FYCERVQ,2025-06-23
B01FYCERVQ,2025-07-21
B01FYCERVQ,2025-08-18
B01FYCERVQ,2025-09-15
B01FYCERVQ,2025-10-13
B01FYCERVQ,2025-11-10
B01FYCERVQ,2025-12-08
B01FYCERVQ,2026-01-05
B01FYCERVQ,2026-02-02
B01FYCERVQ,2026-03-02
B01FYCEWPM,2025-04-28
B01FYCEWPM,2025-05-26
B01FYCEWPM,2025-06-23
B01FYCEWPM,2025-07-21
B01FYCEWPM,2025-08-18
B01FYCEWPM,2025-09-15
B01FYCEWPM,2025-10-13
B01FYCEWPM,2025-11-10
B01FYCEWPM,2025-12-08
B01FYCEWPM,2026-01-05
B01FYCEWPM,2026-02-02
B01FYCEWPM,2026-03-02
B01FYCP7VU,2025-04-28
B01FYCP7VU,2025-05-26
B01FYCP7VU,2025-06-23
B01FYCP7VU,2025-07-21
B01FYCP7VU,2025-08-18
B01FYCP7VU,2025-09-15
B01FYCP7VU,2025-10-13
B01FYCP7VU,2025-11-10
B01FYCP7VU,2025-12-08
B01FYCP7VU,2026-01-05
B01FYCP7VU,2026-02-02
B01FYCP7VU,2026-03-02
B01FYE0PN8,2025-04-28
B01FYE0PN8,2025-05-26
B01FYE0PN8,2025-06-23
B01FYE0PN8,2025-07-21
B01FYE0PN8,2025-08-18
B01FYE0PN8,2025-09-15
B01FYE0PN8,2025-10-13
B01FYE0PN8,2025-11-10
B01FYE0PN8,2025-12-08
B01FYE0PN8,2026-01-05
B01FYE0PN8,2026-02-02
B01FYE0PN8,2026-03-02
B01FYEYK2A,2025-04-28
B01FYEYK2A,2025-05-26
B01FYEYK2A,2025-06-23
B01FYEYK2A,2025-07-21
B01FYEYK2A,2025-08-18
B01FYEYK2A,2025-09-15
B01FYEYK2A,2025-10-13
B01FYEYK2A,2025-11-10
B01FYEYK2A,2025-12-08
B01FYEYK2A,2026-01-05
B01FYEYK2A,2026-02-02
B01FYEYK2A,2026-03-02
B01GRV48EE,2025-04-28
B01GRV48EE,2025-05-26
B01GRV48EE,2025-06-23
B01GRV48EE,2025-07-21
B01GRV48EE,2025-08-18
B01GRV48EE,2025-09-15
B01GRV48EE,2025-10-13
B01GRV48EE,2025-11-10
B01GRV48EE,2025-12-08
B01GRV48EE,2026-01-05
B01GRV48EE,2026-02-02
B01GRV48EE,2026-03-02
B01H7UFKPK,2025-04-28
B01H7UFKPK,2025-05-26
B01H7UFKPK,2025-06-23
B01H7UFKPK,2025-07-21
B01H7UFKPK,2025-08-18
B01H7UFKPK,2025-09-15
B01H7UFKPK,2025-10-13
B01H7UFKPK,2025-11-10
B01H7UFKPK,2025-12-08
B01H7UFKPK,2026-01-05
B01H7UFKPK,2026-02-02
B01H7UFKPK,2026-03-02
B01HD6R5O2,2025-04-28
B01HD6R5O2,2025-05-26
B01HD6R5O2,2025-06-23
B01HD6R5O2,2025-07-21
B01HD6R5O2,2025-08-18
B01HD6R5O2,2025-09-15
B01HD6R5O2,2025-10-13
B01HD6R5O2,2025-11-10
B01HD6R5O2,2025-12-08
B01HD6R5O2,2026-01-05
B01HD6R5O2,2026-02-02
B01HD6R5O2,2026-03-02
B01HH3Q6WI,2025-04-28
B01HH3Q6WI,2025-05-26
B01HH3Q6WI,2025-06-23
B01HH3Q6WI,2025-07-21
B01HH3Q6WI,2025-08-18
B01HH3Q6WI,2025-09-15
B01HH3Q6WI,2025-10-13
B01HH3Q6WI,2025-11-10
B01HH3Q6WI,2025-12-08
B01HH3Q6WI,2026-01-05
B01HH3Q6WI,2026-02-02
B01HH3Q6WI,2026-03-02
B01I46M6W6,2025-04-28
B01I46M6W6,2025-05-26
B01I46M6W6,2025-06-23
B01I46M6W6,2025-07-21
B01I46M6W6,2025-08-18
B01I46M6W6,2025-09-15
B01I46M6W6,2025-10-13
B01I46M6W6,2025-11-10
B01I46M6W6,2025-12-08
B01I46M6W6,2026-01-05
B01I46M6W6,2026-02-02
B01I46M6W6,2026-03-02
B01IYF2EI8,2025-04-28
B01IYF2EI8,2025-05-26
B01IYF2EI8,2025-06-23
B01IYF2EI8,2025-07-21
B01IYF2EI8,2025-08-18
B01IYF2EI8,2025-09-15
B01IYF2EI8,2025-10-13
B01IYF2EI8,2025-11-10
B01IYF2EI8,2025-12-08
B01IYF2EI8,2026-01-05
B01IYF2EI8,2026-02-02
B01IYF2EI8,2026-03-02
B01IYF2V90,2025-04-28
B01IYF2V90,2025-05-26
B01IYF2V90,2025-06-23
B01IYF2V90,2025-07-21
B01IYF2V90,2025-08-18
B01IYF2V90,2025-09-15
B01IYF2V90,2025-10-13
B01IYF2V90,2025-11-10
B01IYF2V90,2025-12-08
B01IYF2V90,2026-01-05
B01IYF2V90,2026-02-02
B01IYF2V90,2026-03-02
B01KATZXQQ,2025-04-28
B01KATZXQQ,2025-05-26
B01KATZXQQ,2025-06-23
B01KATZXQQ,2025-07-21
B01KATZXQQ,2025-08-18
B01KATZXQQ,2025-09-15
B01KATZXQQ,2025-10-13
B01KATZXQQ,2025-11-10
B01KATZXQQ,2025-12-08
B01KATZXQQ,2026-01-05
B01KATZXQQ,2026-02-02
B01KATZXQQ,2026-03-02
B01LDVD9VG,2025-04-28
B01LDVD9VG,2025-05-26
B01LDVD9VG,2025-06-23
B01LDVD9VG,2025-07-21
B01LDVD9VG,2025-08-18
B01LDVD9VG,2025-09-15
B01LDVD9VG,2025-10-13
B01LDVD9VG,2025-11-10
B01LDVD9VG,2025-12-08
B01LDVD9VG,2026-01-05
B01LDVD9VG,2026-02-02
B01LDVD9VG,2026-03-02
B01LDVEDAW,2025-04-28
B01LDVEDAW,2025-05-26
B01LDVEDAW,2025-06-23
B01LDVEDAW,2025-07-21
B01LDVEDAW,2025-08-18
B01LDVEDAW,2025-09-15
B01LDVEDAW,2025-10-13
B01LDVEDAW,2025-11-10
B01LDVEDAW,2025-12-08
B01LDVEDAW,2026-01-05
B01LDVEDAW,2026-02-02
B01LDVEDAW,2026-03-02
B01LX27QR7,2025-04-28
B01LX27QR7,2025-05-26
B01LX27QR7,2025-06-23
B01LX27QR7,2025-07-21
B01LX27QR7,2025-08-18
B01LX27QR7,2025-09-15
B01LX27QR7,2025-10-13
B01LX27QR7,2025-11-10
B01LX27QR7,2025-12-08
B01LX27QR7,2026-01-05
B01LX27QR7,2026-02-02
B01LX27QR7,2026-03-02
B01LXJJOI1,2025-04-28
B01LXJJOI1,2025-05-26
B01LXJJOI1,2025-06-23
B01LXJJOI1,2025-07-21
B01LXJJOI1,2025-08-18
B01LXJJOI1,2025-09-15
B01LXJJOI1,2025-10-13
B01LXJJOI1,2025-11-10
B01LXJJOI1,2025-12-08
B01LXJJOI1,2026-01-05
B01LXJJOI1,2026-02-02
B01LXJJOI1,2026-03-02
B01LXKLJ6I,2025-04-28
B01LXKLJ6I,2025-05-26
B01LXKLJ6I,2025-06-23
B01LXKLJ6I,2025-07-21
B01LXKLJ6I,2025-08-18
B01LXKLJ6I,2025-09-15
B01LXKLJ6I,2025-10-13
B01LXKLJ6I,2025-11-10
B01LXKLJ6I,2025-12-08
B01LXKLJ6I,2026-01-05
B01LXKLJ6I,2026-02-02
B01LXKLJ6I,2026-03-02
B01LZC7WC8,2025-04-28
B01LZC7WC8,2025-05-26
B01LZC7WC8,2025-06-23
B01LZC7WC8,2025-07-21
B01LZC7WC8,2025-08-18
B01LZC7WC8,2025-09-15
B01LZC7WC8,2025-10-13
B01LZC7WC8,2025-11-10
B01LZC7WC8,2025-12-08
B01LZC7WC8,2026-01-05
B01LZC7WC8,2026-02-02
B01LZC7WC8,2026-03-02
B01M0YKZD3,2025-04-28
B01M0YKZD3,2025-05-26
B01M0YKZD3,2025-06-23
B01M0YKZD3,2025-07-21
B01M0YKZD3,2025-08-18
B01M0YKZD3,2025-09-15
B01M0YKZD3,2025-10-13
B01M0YKZD3,2025-11-10
B01M0YKZD3,2025-12-08
B01M0YKZD3,2026-01-05
B01M0YKZD3,2026-02-02
B01M0YKZD3,2026-03-02
B01MRMGNSH,2025-04-28
B01MRMGNSH,2025-05-26
B01MRMGNSH,2025-06-23
B01MRMGNSH,2025-07-21
B01MRMGNSH,2025-08-18
B01MRMGNSH,2025-09-15
B01MRMGNSH,2025-10-13
B01MRMGNSH,2025-11-10
B01MRMGNSH,2025-12-08
B01MRMGNSH,2026-01-05
B01MRMGNSH,2026-02-02
B01MRMGNSH,2026-03-02
B01MRWSPSR,2025-04-28
B01MRWSPSR,2025-05-26
B01MRWSPSR,2025-06-23
B01MRWSPSR,2025-07-21
B01MRWSPSR,2025-08-18
B01MRWSPSR,2025-09-15
B01MRWSPSR,2025-10-13
B01MRWSPSR,2025-11-10
B01MRWSPSR,2025-12-08
B01MRWSPSR,2026-01-05
B01MRWSPSR,2026-02-02
B01MRWSPSR,2026-03-02
B01MZY84V1,2025-04-28
B01MZY84V1,2025-05-26
B01MZY84V1,2025-06-23
B01MZY84V1,2025-07-21
B01MZY84V1,2025-08-18
B01MZY84V1,2025-09-15
B01MZY84V1,2025-10-13
B01MZY84V1,2025-11-10
B01MZY84V1,2025-12-08
B01MZY84V1,2026-01-05
B01MZY84V1,2026-02-02
B01MZY84V1,2026-03-02
B01N1SE6QL,2025-04-28
B01N1SE6QL,2025-05-26
B01N1SE6QL,2025-06-23
B01N1SE6QL,2025-07-21
B01N1SE6QL,2025-08-18
B01N1SE6QL,2025-09-15
B01N1SE6QL,2025-10-13
B01N1SE6QL,2025-11-10
B01N1SE6QL,2025-12-08
B01N1SE6QL,2026-01-05
B01N1SE6QL,2026-02-02
B01N1SE6QL,2026-03-02
B01N8YFC9S,2025-04-28
B01N8YFC9S,2025-05-26
B01N8YFC9S,2025-06-23
B01N8YFC9S,2025-07-21
B01N8YFC9S,2025-08-18
B01N8YFC9S,2025-09-15
B01N8YFC9S,2025-10-13
B01N8YFC9S,2025-11-10
B01N8YFC9S,2025-12-08
B01N8YFC9S,2026-01-05
B01N8YFC9S,2026-02-02
B01N8YFC9S,2026-03-02
B01NB8S8O9,2025-04-28
B01NB8S8O9,2025-05-26
B01NB8S8O9,2025-06-23
B01NB8S8O9,2025-07-21
B01NB8S8O9,2025-08-18
B01NB8S8O9,2025-09-15
B01NB8S8O9,2025-10-13
B01NB8S8O9,2025-11-10
B01NB8S8O9,2025-12-08
B01NB8S8O9,2026-01-05
B01NB8S8O9,2026-02-02
B01NB8S8O9,2026-03-02
B06X9ZDN1W,2025-04-28
B06X9ZDN1W,2025-05-26
B06X9ZDN1W,2025-06-23
B06X9ZDN1W,2025-07-21
B06X9ZDN1W,2025-08-18
B06X9ZDN1W,2025-09-15
B06X9ZDN1W,2025-10-13
B06X9ZDN1W,2025-11-10
B06X9ZDN1W,2025-12-08
B06X9ZDN1W,2026-01-05
B06X9ZDN1W,2026-02-02
B06X9ZDN1W,2026-03-02
B06XB9GWR7,2025-04-28
B06XB9GWR7,2025-05-26
B06XB9GWR7,2025-06-23
B06XB9GWR7,2025-07-21
B06XB9GWR7,2025-08-18
B06XB9GWR7,2025-09-15
B06XB9GWR7,2025-10-13
B06XB9GWR7,2025-11-10
B06XB9GWR7,2025-12-08
B06XB9GWR7,2026-01-05
B06XB9GWR7,2026-02-02
B06XB9GWR7,2026-03-02
B06XC1S62W,2025-04-28
B06XC1S62W,2025-05-26
B06XC1S62W,2025-06-23
B06XC1S62W,2025-07-21
B06XC1S62W,2025-08-18
B06XC1S62W,2025-09-15
B06XC1S62W,2025-10-13
B06XC1S62W,2025-11-10
B06XC1S62W,2025-12-08
B06XC1S62W,2026-01-05
B06XC1S62W,2026-02-02
B06XC1S62W,2026-03-02
B06Y3BYRYW,2025-04-28
B06Y3BYRYW,2025-05-26
B06Y3BYRYW,2025-06-23
B06Y3BYRYW,2025-07-21
B06Y3BYRYW,2025-08-18
B06Y3BYRYW,2025-09-15
B06Y3BYRYW,2025-10-13
B06Y3BYRYW,2025-11-10
B06Y3BYRYW,2025-12-08
B06Y3BYRYW,2026-01-05
B06Y3BYRYW,2026-02-02
B06Y3BYRYW,2026-03-02
B06ZYKXKDZ,2025-04-28
B06ZYKXKDZ,2025-05-26
B06ZYKXKDZ,2025-06-23
B06ZYKXKDZ,2025-07-21
B06ZYKXKDZ,2025-08-18
B06ZYKXKDZ,2025-09-15
B06ZYKXKDZ,2025-10-13
B06ZYKXKDZ,2025-11-10
B06ZYKXKDZ,2025-12-08
B06ZYKXKDZ,2026-01-05
B06ZYKXKDZ,2026-02-02
B06ZYKXKDZ,2026-03-02
B07141VX92,2025-04-28
B07141VX92,2025-05-26
B07141VX92,2025-06-23
B07141VX92,2025-07-21
B07141VX92,2025-08-18
B07141VX92,2025-09-15
B07141VX92,2025-10-13
B07141VX92,2025-11-10
B07141VX92,2025-12-08
B07141VX92,2026-01-05
B07141VX92,2026-02-02
B07141VX92,2026-03-02
B071GQT5GG,2025-04-28
B071GQT5GG,2025-05-26
B071GQT5GG,2025-06-23
B071GQT5GG,2025-07-21
B071GQT5GG,2025-08-18
B071GQT5GG,2025-09-15
B071GQT5GG,2025-10-13
B071GQT5GG,2025-11-10
B071GQT5GG,2025-12-08
B071GQT5GG,2026-01-05
B071GQT5GG,2026-02-02
B071GQT5GG,2026-03-02
B071X8WGGK,2025-04-28
B071X8WGGK,2025-05-26
B071X8WGGK,2025-06-23
B071X8WGGK,2025-07-21
B071X8WGGK,2025-08-18
B071X8WGGK,2025-09-15
B071X8WGGK,2025-10-13
B071X8WGGK,2025-11-10
B071X8WGGK,2025-12-08
B071X8WGGK,2026-01-05
B071X8WGGK,2026-02-02
B071X8WGGK,2026-03-02
B071Y6DLVJ,2025-04-28
B071Y6DLVJ,2025-05-26
B071Y6DLVJ,2025-06-23
B071Y6DLVJ,2025-07-21
B071Y6DLVJ,2025-08-18
B071Y6DLVJ,2025-09-15
B071Y6DLVJ,2025-10-13
B071Y6DLVJ,2025-11-10
B071Y6DLVJ,2025-12-08
B071Y6DLVJ,2026-01-05
B071Y6DLVJ,2026-02-02
B071Y6DLVJ,2026-03-02
B072KKBJ6F,2025-04-28
B072KKBJ6F,2025-05-26
B072KKBJ6F,2025-06-23
B072KKBJ6F,2025-07-21
B072KKBJ6F,2025-08-18
B072KKBJ6F,2025-09-15
B072KKBJ6F,2025-10-13
B072KKBJ6F,2025-11-10
B072KKBJ6F,2025-12-08
B072KKBJ6F,2026-01-05
B072KKBJ6F,2026-02-02
B072KKBJ6F,2026-03-02
B072N55PKY,2025-04-28
B072N55PKY,2025-05-26
B072N55PKY,2025-06-23
B072N55PKY,2025-07-21
B072N55PKY,2025-08-18
B072N55PKY,2025-09-15
B072N55PKY,2025-10-13
B072N55PKY,2025-11-10
B072N55PKY,2025-12-08
B072N55PKY,2026-01-05
B072N55PKY,2026-02-02
B072N55PKY,2026-03-02
B0735JHHMT,2025-04-28
B0735JHHMT,2025-05-26
B0735JHHMT,2025-06-23
B0735JHHMT,2025-07-21
B0735JHHMT,2025-08-18
B0735JHHMT,2025-09-15
B0735JHHMT,2025-10-13
B0735JHHMT,2025-11-10
B0735JHHMT,2025-12-08
B0735JHHMT,2026-01-05
B0735JHHMT,2026-02-02
B0735JHHMT,2026-03-02
B0735M2BTG,2025-04-28
B0735M2BTG,2025-05-26
B0735M2BTG,2025-06-23
B0735M2BTG,2025-07-21
B0735M2BTG,2025-08-18
B0735M2BTG,2025-09-15
B0735M2BTG,2025-10-13
B0735M2BTG,2025-11-10
B0735M2BTG,2025-12-08
B0735M2BTG,2026-01-05
B0735M2BTG,2026-02-02
B0735M2BTG,2026-03-02
B073T49S6Z,2025-04-28
B073T49S6Z,2025-05-26
B073T49S6Z,2025-06-23
B073T49S6Z,2025-07-21
B073T49S6Z,2025-08-18
B073T49S6Z,2025-09-15
B073T49S6Z,2025-10-13
B073T49S6Z,2025-11-10
B073T49S6Z,2025-12-08
B073T49S6Z,2026-01-05
B073T49S6Z,2026-02-02
B073T49S6Z,2026-03-02
B074MBX514,2025-04-28
B074MBX514,2025-05-26
B074MBX514,2025-06-23
B074MBX514,2025-07-21
B074MBX514,2025-08-18
B074MBX514,2025-09-15
B074MBX514,2025-10-13
B074MBX514,2025-11-10
B074MBX514,2025-12-08
B074MBX514,2026-01-05
B074MBX514,2026-02-02
B074MBX514,2026-03-02
B074MNZ8ZS,2025-04-28
B074MNZ8ZS,2025-05-26
B074MNZ8ZS,2025-06-23
B074MNZ8ZS,2025-07-21
B074MNZ8ZS,2025-08-18
B074MNZ8ZS,2025-09-15
B074MNZ8ZS,2025-10-13
B074MNZ8ZS,2025-11-10
B074MNZ8ZS,2025-12-08
B074MNZ8ZS,2026-01-05
B074MNZ8ZS,2026-02-02
B074MNZ8ZS,2026-03-02
B074NWWVNM,2025-04-28
B074NWWVNM,2025-05-26
B074NWWVNM,2025-06-23
B074NWWVNM,2025-07-21
B074NWWVNM,2025-08-18
B074NWWVNM,2025-09-15
B074NWWVNM,2025-10-13
B074NWWVNM,2025-11-10
B074NWWVNM,2025-12-08
B074NWWVNM,2026-01-05
B074NWWVNM,2026-02-02
B074NWWVNM,2026-03-02
B074NZZ6C8,2025-04-28
B074NZZ6C8,2025-05-26
B074NZZ6C8,2025-06-23
B074NZZ6C8,2025-07-21
B074NZZ6C8,2025-08-18
B074NZZ6C8,2025-09-15
B074NZZ6C8,2025-10-13
B074NZZ6C8,2025-11-10
B074NZZ6C8,2025-12-08
B074NZZ6C8,2026-01-05
B074NZZ6C8,2026-02-02
B074NZZ6C8,2026-03-02
B074P2BSHY,2025-04-28
B074P2BSHY,2025-05-26
B074P2BSHY,2025-06-23
B074P2BSHY,2025-07-21
B074P2BSHY,2025-08-18
B074P2BSHY,2025-09-15
B074P2BSHY,2025-10-13
B074P2BSHY,2025-11-10
B074P2BSHY,2025-12-08
B074P2BSHY,2026-01-05
B074P2BSHY,2026-02-02
B074P2BSHY,2026-03-02
B074X1YV6Q,2025-04-28
B074X1YV6Q,2025-05-26
B074X1YV6Q,2025-06-23
B074X1YV6Q,2025-07-21
B074X1YV6Q,2025-08-18
B074X1YV6Q,2025-09-15
B074X1YV6Q,2025-10-13
B074X1YV6Q,2025-11-10
B074X1YV6Q,2025-12-08
B074X1YV6Q,2026-01-05
B074X1YV6Q,2026-02-02
B074X1YV6Q,2026-03-02
B07658CQG5,2025-04-28
B07658CQG5,2025-05-26
B07658CQG5,2025-06-23
B07658CQG5,2025-07-21
B07658CQG5,2025-08-18
B07658CQG5,2025-09-15
B07658CQG5,2025-10-13
B07658CQG5,2025-11-10
B07658CQG5,2025-12-08
B07658CQG5,2026-01-05
B07658CQG5,2026-02-02
B07658CQG5,2026-03-02
B077957VF4,2025-04-28
B077957VF4,2025-05-26
B077957VF4,2025-06-23
B077957VF4,2025-07-21
B077957VF4,2025-08-18
B077957VF4,2025-09-15
B077957VF4,2025-10-13
B077957VF4,2025-11-10
B077957VF4,2025-12-08
B077957VF4,2026-01-05
B077957VF4,2026-02-02
B077957VF4,2026-03-02
B077G9Y9R2,2025-04-28
B077G9Y9R2,2025-05-26
B077G9Y9R2,2025-06-23
B077G9Y9R2,2025-07-21
B077G9Y9R2,2025-08-18
B077G9Y9R2,2025-09-15
B077G9Y9R2,2025-10-13
B077G9Y9R2,2025-11-10
B077G9Y9R2,2025-12-08
B077G9Y9R2,2026-01-05
B077G9Y9R2,2026-02-02
B077G9Y9R2,2026-03-02
B077GFX138,2025-04-28
B077GFX138,2025-05-26
B077GFX138,2025-06-23
B077GFX138,2025-07-21
B077GFX138,2025-08-18
B077GFX138,2025-09-15
B077GFX138,2025-10-13
B077GFX138,2025-11-10
B077GFX138,2025-12-08
B077GFX138,2026-01-05
B077GFX138,2026-02-02
B077GFX138,2026-03-02
B077NQ3QGH,2025-04-28
B077NQ3QGH,2025-05-26
B077NQ3QGH,2025-06-23
B077NQ3QGH,2025-07-21
B077NQ3QGH,2025-08-18
B077NQ3QGH,2025-09-15
B077NQ3QGH,2025-10-13
B077NQ3QGH,2025-11-10
B077NQ3QGH,2025-12-08
B077NQ3QGH,2026-01-05
B077NQ3QGH,2026-02-02
B077NQ3QGH,2026-03-02
B077SQH66H,2025-04-28
B077SQH66H,2025-05-26
B077SQH66H,2025-06-23
B077SQH66H,2025-07-21
B077SQH66H,2025-08-18
B077SQH66H,2025-09-15
B077SQH66H,2025-10-13
B077SQH66H,2025-11-10
B077SQH66H,2025-12-08
B077SQH66H,2026-01-05
B077SQH66H,2026-02-02
B077SQH66H,2026-03-02
B077Z9HHHK,2025-04-28
B077Z9HHHK,2025-05-26
B077Z9HHHK,2025-06-23
B077Z9HHHK,2025-07-21
B077Z9HHHK,2025-08-18
B077Z9HHHK,2025-09-15
B077Z9HHHK,2025-10-13
B077Z9HHHK,2025-11-10
B077Z9HHHK,2025-12-08
B077Z9HHHK,2026-01-05
B077Z9HHHK,2026-02-02
B077Z9HHHK,2026-03-02
B077ZGS58Q,2025-04-28
B077ZGS58Q,2025-05-26
B077ZGS58Q,2025-06-23
B077ZGS58Q,2025-07-21
B077ZGS58Q,2025-08-18
B077ZGS58Q,2025-09-15
B077ZGS58Q,2025-10-13
B077ZGS58Q,2025-11-10
B077ZGS58Q,2025-12-08
B077ZGS58Q,2026-01-05
B077ZGS58Q,2026-02-02
B077ZGS58Q,2026-03-02
B0784NJ8B2,2025-04-28
B0784NJ8B2,2025-05-26
B0784NJ8B2,2025-06-23
B0784NJ8B2,2025-07-21
B0784NJ8B2,2025-08-18
B0784NJ8B2,2025-09-15
B0784NJ8B2,2025-10-13
B0784NJ8B2,2025-11-10
B0784NJ8B2,2025-12-08
B0784NJ8B2,2026-01-05
B0784NJ8B2,2026-02-02
B0784NJ8B2,2026-03-02
B078D7LVC6,2025-04-28
B078D7LVC6,2025-05-26
B078D7LVC6,2025-06-23
B078D7LVC6,2025-07-21
B078D7LVC6,2025-08-18
B078D7LVC6,2025-09-15
B078D7LVC6,2025-10-13
B078D7LVC6,2025-11-10
B078D7LVC6,2025-12-08
B078D7LVC6,2026-01-05
B078D7LVC6,2026-02-02
B078D7LVC6,2026-03-02
B078Z9SWHS,2025-04-28
B078Z9SWHS,2025-05-26
B078Z9SWHS,2025-06-23
B078Z9SWHS,2025-07-21
B078Z9SWHS,2025-08-18
B078Z9SWHS,2025-09-15
B078Z9SWHS,2025-10-13
B078Z9SWHS,2025-11-10
B078Z9SWHS,2025-12-08
B078Z9SWHS,2026-01-05
B078Z9SWHS,2026-02-02
B078Z9SWHS,2026-03-02
B079337FJH,2025-04-28
B079337FJH,2025-05-26
B079337FJH,2025-06-23
B079337FJH,2025-07-21
B079337FJH,2025-08-18
B079337FJH,2025-09-15
B079337FJH,2025-10-13
B079337FJH,2025-11-10
B079337FJH,2025-12-08
B079337FJH,2026-01-05
B079337FJH,2026-02-02
B079337FJH,2026-03-02
B079D795LG,2025-04-28
B079D795LG,2025-05-26
B079D795LG,2025-06-23
B079D795LG,2025-07-21
B079D795LG,2025-08-18
B079D795LG,2025-09-15
B079D795LG,2025-10-13
B079D795LG,2025-11-10
B079D795LG,2025-12-08
B079D795LG,2026-01-05
B079D795LG,2026-02-02
B079D795LG,2026-03-02
B079DDBZCW,2025-04-28
B079DDBZCW,2025-05-26
B079DDBZCW,2025-06-23
B079DDBZCW,2025-07-21
B079DDBZCW,2025-08-18
B079DDBZCW,2025-09-15
B079DDBZCW,2025-10-13
B079DDBZCW,2025-11-10
B079DDBZCW,2025-12-08
B079DDBZCW,2026-01-05
B079DDBZCW,2026-02-02
B079DDBZCW,2026-03-02
B079XYM24K,2025-04-28
B079XYM24K,2025-05-26
B079XYM24K,2025-06-23
B079XYM24K,2025-07-21
B079XYM24K,2025-08-18
B079XYM24K,2025-09-15
B079XYM24K,2025-10-13
B079XYM24K,2025-11-10
B079XYM24K,2025-12-08
B079XYM24K,2026-01-05
B079XYM24K,2026-02-02
B079XYM24K,2026-03-02
B079ZJLZWJ,2025-04-28
B079ZJLZWJ,2025-05-26
B079ZJLZWJ,2025-06-23
B079ZJLZWJ,2025-07-21
B079ZJLZWJ,2025-08-18
B079ZJLZWJ,2025-09-15
B079ZJLZWJ,2025-10-13
B079ZJLZWJ,2025-11-10
B079ZJLZWJ,2025-12-08
B079ZJLZWJ,2026-01-05
B079ZJLZWJ,2026-02-02
B079ZJLZWJ,2026-03-02
B07B825J97,2025-04-28
B07B825J97,2025-05-26
B07B825J97,2025-06-23
B07B825J97,2025-07-21
B07B825J97,2025-08-18
B07B825J97,2025-09-15
B07B825J97,2025-10-13
B07B825J97,2025-11-10
B07B825J97,2025-12-08
B07B825J97,2026-01-05
B07B825J97,2026-02-02
B07B825J97,2026-03-02
B07B9HWC2C,2025-04-28
B07B9HWC2C,2025-05-26
B07B9HWC2C,2025-06-23
B07B9HWC2C,2025-07-21
B07B9HWC2C,2025-08-18
B07B9HWC2C,2025-09-15
B07B9HWC2C,2025-10-13
B07B9HWC2C,2025-11-10
B07B9HWC2C,2025-12-08
B07B9HWC2C,2026-01-05
B07B9HWC2C,2026-02-02
B07B9HWC2C,2026-03-02
B07BQRV3GM,2025-04-28
B07BQRV3GM,2025-05-26
B07BQRV3GM,2025-06-23
B07BQRV3GM,2025-07-21
B07BQRV3GM,2025-08-18
B07BQRV3GM,2025-09-15
B07BQRV3GM,2025-10-13
B07BQRV3GM,2025-11-10
B07BQRV3GM,2025-12-08
B07BQRV3GM,2026-01-05
B07BQRV3GM,2026-02-02
B07BQRV3GM,2026-03-02
B07CSJ84KV,2025-04-28
B07CSJ84KV,2025-05-26
B07CSJ84KV,2025-06-23
B07CSJ84KV,2025-07-21
B07CSJ84KV,2025-08-18
B07CSJ84KV,2025-09-15
B07CSJ84KV,2025-10-13
B07CSJ84KV,2025-11-10
B07CSJ84KV,2025-12-08
B07CSJ84KV,2026-01-05
B07CSJ84KV,2026-02-02
B07CSJ84KV,2026-03-02
B07DQC1JQP,2025-04-28
B07DQC1JQP,2025-05-26
B07DQC1JQP,2025-06-23
B07DQC1JQP,2025-07-21
B07DQC1JQP,2025-08-18
B07DQC1JQP,2025-09-15
B07DQC1JQP,2025-10-13
B07DQC1JQP,2025-11-10
B07DQC1JQP,2025-12-08
B07DQC1JQP,2026-01-05
B07DQC1JQP,2026-02-02
B07DQC1JQP,2026-03-02
B07DWW6V4Q,2025-04-28
B07DWW6V4Q,2025-05-26
B07DWW6V4Q,2025-06-23
B07DWW6V4Q,2025-07-21
B07DWW6V4Q,2025-08-18
B07DWW6V4Q,2025-09-15
B07DWW6V4Q,2025-10-13
B07DWW6V4Q,2025-11-10
B07DWW6V4Q,2025-12-08
B07DWW6V4Q,2026-01-05
B07DWW6V4Q,2026-02-02
B07DWW6V4Q,2026-03-02
B07F5HVW5H,2025-04-28
B07F5HVW5H,2025-05-26
B07F5HVW5H,2025-06-23
B07F5HVW5H,2025-07-21
B07F5HVW5H,2025-08-18
B07F5HVW5H,2025-09-15
B07F5HVW5H,2025-10-13
B07F5HVW5H,2025-11-10
B07F5HVW5H,2025-12-08
B07F5HVW5H,2026-01-05
B07F5HVW5H,2026-02-02
B07F5HVW5H,2026-03-02
B07FD2YR1Y,2025-04-28
B07FD2YR1Y,2025-05-26
B07FD2YR1Y,2025-06-23
B07FD2YR1Y,2025-07-21
B07FD2YR1Y,2025-08-18
B07FD2YR1Y,2025-09-15
B07FD2YR1Y,2025-10-13
B07FD2YR1Y,2025-11-10
B07FD2YR1Y,2025-12-08
B07FD2YR1Y,2026-01-05
B07FD2YR1Y,2026-02-02
B07FD2YR1Y,2026-03-02
B07FD5P83Y,2025-04-28
B07FD5P83Y,2025-05-26
B07FD5P83Y,2025-06-23
B07FD5P83Y,2025-07-21
B07FD5P83Y,2025-08-18
B07FD5P83Y,2025-09-15
B07FD5P83Y,2025-10-13
B07FD5P83Y,2025-11-10
B07FD5P83Y,2025-12-08
B07FD5P83Y,2026-01-05
B07FD5P83Y,2026-02-02
B07FD5P83Y,2026-03-02
B07FNKN3V6,2025-04-28
B07FNKN3V6,2025-05-26
B07FNKN3V6,2025-06-23
B07FNKN3V6,2025-07-21
B07FNKN3V6,2025-08-18
B07FNKN3V6,2025-09-15
B07FNKN3V6,2025-10-13
B07FNKN3V6,2025-11-10
B07FNKN3V6,2025-12-08
B07FNKN3V6,2026-01-05
B07FNKN3V6,2026-02-02
B07FNKN3V6,2026-03-02
B07H5G2ZLW,2025-04-28
B07H5G2ZLW,2025-05-26
B07H5G2ZLW,2025-06-23
B07H5G2ZLW,2025-07-21
B07H5G2ZLW,2025-08-18
B07H5G2ZLW,2025-09-15
B07H5G2ZLW,2025-10-13
B07H5G2ZLW,2025-11-10
B07H5G2ZLW,2025-12-08
B07H5G2ZLW,2026-01-05
B07H5G2ZLW,2026-02-02
B07H5G2ZLW,2026-03-02
B07H5GXJ8V,2025-04-28
B07H5GXJ8V,2025-05-26
B07H5GXJ8V,2025-06-23
B07H5GXJ8V,2025-07-21
B07H5GXJ8V,2025-08-18
B07H5GXJ8V,2025-09-15
B07H5GXJ8V,2025-10-13
B07H5GXJ8V,2025-11-10
B07H5GXJ8V,2025-12-08
B07H5GXJ8V,2026-01-05
B07H5GXJ8V,2026-02-02
B07H5GXJ8V,2026-03-02
B07HKX1HHZ,2025-04-28
B07HKX1HHZ,2025-05-26
B07HKX1HHZ,2025-06-23
B07HKX1HHZ,2025-07-21
B07HKX1HHZ,2025-08-18
B07HKX1HHZ,2025-09-15
B07HKX1HHZ,2025-10-13
B07HKX1HHZ,2025-11-10
B07HKX1HHZ,2025-12-08
B07HKX1HHZ,2026-01-05
B07HKX1HHZ,2026-02-02
B07HKX1HHZ,2026-03-02
B07JHD6VHM,2025-04-28
B07JHD6VHM,2025-05-26
B07JHD6VHM,2025-06-23
B07JHD6VHM,2025-07-21
B07JHD6VHM,2025-08-18
B07JHD6VHM,2025-09-15
B07JHD6VHM,2025-10-13
B07JHD6VHM,2025-11-10
B07JHD6VHM,2025-12-08
B07JHD6VHM,2026-01-05
B07JHD6VHM,2026-02-02
B07JHD6VHM,2026-03-02
B07JZ3VBDT,2025-04-28
B07JZ3VBDT,2025-05-26
B07JZ3VBDT,2025-06-23
B07JZ3VBDT,2025-07-21
B07JZ3VBDT,2025-08-18
B07JZ3VBDT,2025-09-15
B07JZ3VBDT,2025-10-13
B07JZ3VBDT,2025-11-10
B07JZ3VBDT,2025-12-08
B07JZ3VBDT,2026-01-05
B07JZ3VBDT,2026-02-02
B07JZ3VBDT,2026-03-02
B07JZDZH39,2025-04-28
B07JZDZH39,2025-05-26
B07JZDZH39,2025-06-23
B07JZDZH39,2025-07-21
B07JZDZH39,2025-08-18
B07JZDZH39,2025-09-15
B07JZDZH39,2025-10-13
B07JZDZH39,2025-11-10
B07JZDZH39,2025-12-08
B07JZDZH39,2026-01-05
B07JZDZH39,2026-02-02
B07JZDZH39,2026-03-02
B07K14Y32B,2025-04-28
B07K14Y32B,2025-05-26
B07K14Y32B,2025-06-23
B07K14Y32B,2025-07-21
B07K14Y32B,2025-08-18
B07K14Y32B,2025-09-15
B07K14Y32B,2025-10-13
B07K14Y32B,2025-11-10
B07K14Y32B,2025-12-08
B07K14Y32B,2026-01-05
B07K14Y32B,2026-02-02
B07K14Y32B,2026-03-02
B07KPYQWX2,2025-04-28
B07KPYQWX2,2025-05-26
B07KPYQWX2,2025-06-23
B07KPYQWX2,2025-07-21
B07KPYQWX2,2025-08-18
B07KPYQWX2,2025-09-15
B07KPYQWX2,2025-10-13
B07KPYQWX2,2025-11-10
B07KPYQWX2,2025-12-08
B07KPYQWX2,2026-01-05
B07KPYQWX2,2026-02-02
B07KPYQWX2,2026-03-02
B07KQNHDZQ,2025-04-28
B07KQNHDZQ,2025-05-26
B07KQNHDZQ,2025-06-23
B07KQNHDZQ,2025-07-21
B07KQNHDZQ,2025-08-18
B07KQNHDZQ,2025-09-15
B07KQNHDZQ,2025-10-13
B07KQNHDZQ,2025-11-10
B07KQNHDZQ,2025-12-08
B07KQNHDZQ,2026-01-05
B07KQNHDZQ,2026-02-02
B07KQNHDZQ,2026-03-02
B07KQR4D2X,2025-04-28
B07KQR4D2X,2025-05-26
B07KQR4D2X,2025-06-23
B07KQR4D2X,2025-07-21
B07KQR4D2X,2025-08-18
B07KQR4D2X,2025-09-15
B07KQR4D2X,2025-10-13
B07KQR4D2X,2025-11-10
B07KQR4D2X,2025-12-08
B07KQR4D2X,2026-01-05
B07KQR4D2X,2026-02-02
B07KQR4D2X,2026-03-02
B07KQRD8YY,2025-04-28
B07KQRD8YY,2025-05-26
B07KQRD8YY,2025-06-23
B07KQRD8YY,2025-07-21
B07KQRD8YY,2025-08-18
B07KQRD8YY,2025-09-15
B07KQRD8YY,2025-10-13
B07KQRD8YY,2025-11-10
B07KQRD8YY,2025-12-08
B07KQRD8YY,2026-01-05
B07KQRD8YY,2026-02-02
B07KQRD8YY,2026-03-02
B07KQRWGY8,2025-04-28
B07KQRWGY8,2025-05-26
B07KQRWGY8,2025-06-23
B07KQRWGY8,2025-07-21
B07KQRWGY8,2025-08-18
B07KQRWGY8,2025-09-15
B07KQRWGY8,2025-10-13
B07KQRWGY8,2025-11-10
B07KQRWGY8,2025-12-08
B07KQRWGY8,2026-01-05
B07KQRWGY8,2026-02-02
B07KQRWGY8,2026-03-02
B07KQTQDNJ,2025-04-28
B07KQTQDNJ,2025-05-26
B07KQTQDNJ,2025-06-23
B07KQTQDNJ,2025-07-21
B07KQTQDNJ,2025-08-18
B07KQTQDNJ,2025-09-15
B07KQTQDNJ,2025-10-13
B07KQTQDNJ,2025-11-10
B07KQTQDNJ,2025-12-08
B07KQTQDNJ,2026-01-05
B07KQTQDNJ,2026-02-02
B07KQTQDNJ,2026-03-02
B07KQVBWRR,2025-04-28
B07KQVBWRR,2025-05-26
B07KQVBWRR,2025-06-23
B07KQVBWRR,2025-07-21
B07KQVBWRR,2025-08-18
B07KQVBWRR,2025-09-15
B07KQVBWRR,2025-10-13
B07KQVBWRR,2025-11-10
B07KQVBWRR,2025-12-08
B07KQVBWRR,2026-01-05
B07KQVBWRR,2026-02-02
B07KQVBWRR,2026-03-02
B07L5GH3PP,2025-04-28
B07L5GH3PP,2025-05-26
B07L5GH3PP,2025-06-23
B07L5GH3PP,2025-07-21
B07L5GH3PP,2025-08-18
B07L5GH3PP,2025-09-15
B07L5GH3PP,2025-10-13
B07L5GH3PP,2025-11-10
B07L5GH3PP,2025-12-08
B07L5GH3PP,2026-01-05
B07L5GH3PP,2026-02-02
B07L5GH3PP,2026-03-02
B07L5HQBZC,2025-04-28
B07L5HQBZC,2025-05-26
B07L5HQBZC,2025-06-23
B07L5HQBZC,2025-07-21
B07L5HQBZC,2025-08-18
B07L5HQBZC,2025-09-15
B07L5HQBZC,2025-10-13
B07L5HQBZC,2025-11-10
B07L5HQBZC,2025-12-08
B07L5HQBZC,2026-01-05
B07L5HQBZC,2026-02-02
B07L5HQBZC,2026-03-02
B07L5JL8DP,2025-04-28
B07L5JL8DP,2025-05-26
B07L5JL8DP,2025-06-23
B07L5JL8DP,2025-07-21
B07L5JL8DP,2025-08-18
B07L5JL8DP,2025-09-15
B07L5JL8DP,2025-10-13
B07L5JL8DP,2025-11-10
B07L5JL8DP,2025-12-08
B07L5JL8DP,2026-01-05
B07L5JL8DP,2026-02-02
B07L5JL8DP,2026-03-02
B07L5JSNTH,2025-04-28
B07L5JSNTH,2025-05-26
B07L5JSNTH,2025-06-23
B07L5JSNTH,2025-07-21
B07L5JSNTH,2025-08-18
B07L5JSNTH,2025-09-15
B07L5JSNTH,2025-10-13
B07L5JSNTH,2025-11-10
B07L5JSNTH,2025-12-08
B07L5JSNTH,2026-01-05
B07L5JSNTH,2026-02-02
B07L5JSNTH,2026-03-02
B07L5KDMR2,2025-04-28
B07L5KDMR2,2025-05-26
B07L5KDMR2,2025-06-23
B07L5KDMR2,2025-07-21
B07L5KDMR2,2025-08-18
B07L5KDMR2,2025-09-15
B07L5KDMR2,2025-10-13
B07L5KDMR2,2025-11-10
B07L5KDMR2,2025-12-08
B07L5KDMR2,2026-01-05
B07L5KDMR2,2026-02-02
B07L5KDMR2,2026-03-02
B07M6M9DKL,2025-04-28
B07M6M9DKL,2025-05-26
B07M6M9DKL,2025-06-23
B07M6M9DKL,2025-07-21
B07M6M9DKL,2025-08-18
B07M6M9DKL,2025-09-15
B07M6M9DKL,2025-10-13
B07M6M9DKL,2025-11-10
B07M6M9DKL,2025-12-08
B07M6M9DKL,2026-01-05
B07M6M9DKL,2026-02-02
B07M6M9DKL,2026-03-02
B07M6P2FC1,2025-04-28
B07M6P2FC1,2025-05-26
B07M6P2FC1,2025-06-23
B07M6P2FC1,2025-07-21
B07M6P2FC1,2025-08-18
B07M6P2FC1,2025-09-15
B07M6P2FC1,2025-10-13
B07M6P2FC1,2025-11-10
B07M6P2FC1,2025-12-08
B07M6P2FC1,2026-01-05
B07M6P2FC1,2026-02-02
B07M6P2FC1,2026-03-02
B07M9RJMTW,2025-04-28
B07M9RJMTW,2025-05-26
B07M9RJMTW,2025-06-23
B07M9RJMTW,2025-07-21
B07M9RJMTW,2025-08-18
B07M9RJMTW,2025-09-15
B07M9RJMTW,2025-10-13
B07M9RJMTW,2025-11-10
B07M9RJMTW,2025-12-08
B07M9RJMTW,2026-01-05
B07M9RJMTW,2026-02-02
B07M9RJMTW,2026-03-02
B07MFQTZXW,2025-04-28
B07MFQTZXW,2025-05-26
B07MFQTZXW,2025-06-23
B07MFQTZXW,2025-07-21
B07MFQTZXW,2025-08-18
B07MFQTZXW,2025-09-15
B07MFQTZXW,2025-10-13
B07MFQTZXW,2025-11-10
B07MFQTZXW,2025-12-08
B07MFQTZXW,2026-01-05
B07MFQTZXW,2026-02-02
B07MFQTZXW,2026-03-02
B07MNSMBDN,2025-04-28
B07MNSMBDN,2025-05-26
B07MNSMBDN,2025-06-23
B07MNSMBDN,2025-07-21
B07MNSMBDN,2025-08-18
B07MNSMBDN,2025-09-15
B07MNSMBDN,2025-10-13
B07MNSMBDN,2025-11-10
B07MNSMBDN,2025-12-08
B07MNSMBDN,2026-01-05
B07MNSMBDN,2026-02-02
B07MNSMBDN,2026-03-02
B07N5ZH6NS,2025-04-28
B07N5ZH6NS,2025-05-26
B07N5ZH6NS,2025-06-23
B07N5ZH6NS,2025-07-21
B07N5ZH6NS,2025-08-18
B07N5ZH6NS,2025-09-15
B07N5ZH6NS,2025-10-13
B07N5ZH6NS,2025-11-10
B07N5ZH6NS,2025-12-08
B07N5ZH6NS,2026-01-05
B07N5ZH6NS,2026-02-02
B07N5ZH6NS,2026-03-02
B07NQLK865,2025-04-28
B07NQLK865,2025-05-26
B07NQLK865,2025-06-23
B07NQLK865,2025-07-21
B07NQLK865,2025-08-18
B07NQLK865,2025-09-15
B07NQLK865,2025-10-13
B07NQLK865,2025-11-10
B07NQLK865,2025-12-08
B07NQLK865,2026-01-05
B07NQLK865,2026-02-02
B07NQLK865,2026-03-02
B07NWTX2WB,2025-04-28
B07NWTX2WB,2025-05-26
B07NWTX2WB,2025-06-23
B07NWTX2WB,2025-07-21
B07NWTX2WB,2025-08-18
B07NWTX2WB,2025-09-15
B07NWTX2WB,2025-10-13
B07NWTX2WB,2025-11-10
B07NWTX2WB,2025-12-08
B07NWTX2WB,2026-01-05
B07NWTX2WB,2026-02-02
B07NWTX2WB,2026-03-02
B07PG7DKDP,2025-04-28
B07PG7DKDP,2025-05-26
B07PG7DKDP,2025-06-23
B07PG7DKDP,2025-07-21
B07PG7DKDP,2025-08-18
B07PG7DKDP,2025-09-15
B07PG7DKDP,2025-10-13
B07PG7DKDP,2025-11-10
B07PG7DKDP,2025-12-08
B07PG7DKDP,2026-01-05
B07PG7DKDP,2026-02-02
B07PG7DKDP,2026-03-02
B07PP61DWM,2025-04-28
B07PP61DWM,2025-05-26
B07PP61DWM,2025-06-23
B07PP61DWM,2025-07-21
B07PP61DWM,2025-08-18
B07PP61DWM,2025-09-15
B07PP61DWM,2025-10-13
B07PP61DWM,2025-11-10
B07PP61DWM,2025-12-08
B07PP61DWM,2026-01-05
B07PP61DWM,2026-02-02
B07PP61DWM,2026-03-02
B07Q143BC1,2025-04-28
B07Q143BC1,2025-05-26
B07Q143BC1,2025-06-23
B07Q143BC1,2025-07-21
B07Q143BC1,2025-08-18
B07Q143BC1,2025-09-15
B07Q143BC1,2025-10-13
B07Q143BC1,2025-11-10
B07Q143BC1,2025-12-08
B07Q143BC1,2026-01-05
B07Q143BC1,2026-02-02
B07Q143BC1,2026-03-02
B07QRPYFS4,2025-04-28
B07QRPYFS4,2025-05-26
B07QRPYFS4,2025-06-23
B07QRPYFS4,2025-07-21
B07QRPYFS4,2025-08-18
B07QRPYFS4,2025-09-15
B07QRPYFS4,2025-10-13
B07QRPYFS4,2025-11-10
B07QRPYFS4,2025-12-08
B07QRPYFS4,2026-01-05
B07QRPYFS4,2026-02-02
B07QRPYFS4,2026-03-02
B07QTKL16T,2025-04-28
B07QTKL16T,2025-05-26
B07QTKL16T,2025-06-23
B07QTKL16T,2025-07-21
B07QTKL16T,2025-08-18
B07QTKL16T,2025-09-15
B07QTKL16T,2025-10-13
B07QTKL16T,2025-11-10
B07QTKL16T,2025-12-08
B07QTKL16T,2026-01-05
B07QTKL16T,2026-02-02
B07QTKL16T,2026-03-02
B07QVKN5R3,2025-04-28
B07QVKN5R3,2025-05-26
B07QVKN5R3,2025-06-23
B07QVKN5R3,2025-07-21
B07QVKN5R3,2025-08-18
B07QVKN5R3,2025-09-15
B07QVKN5R3,2025-10-13
B07QVKN5R3,2025-11-10
B07QVKN5R3,2025-12-08
B07QVKN5R3,2026-01-05
B07QVKN5R3,2026-02-02
B07QVKN5R3,2026-03-02
B07QWKWX65,2025-04-28
B07QWKWX65,2025-05-26
B07QWKWX65,2025-06-23
B07QWKWX65,2025-07-21
B07QWKWX65,2025-08-18
B07QWKWX65,2025-09-15
B07QWKWX65,2025-10-13
B07QWKWX65,2025-11-10
B07QWKWX65,2025-12-08
B07QWKWX65,2026-01-05
B07QWKWX65,2026-02-02
B07QWKWX65,2026-03-02
B07RG966P5,2025-04-28
B07RG966P5,2025-05-26
B07RG966P5,2025-06-23
B07RG966P5,2025-07-21
B07RG966P5,2025-08-18
B07RG966P5,2025-09-15
B07RG966P5,2025-10-13
B07RG966P5,2025-11-10
B07RG966P5,2025-12-08
B07RG966P5,2026-01-05
B07RG966P5,2026-02-02
B07RG966P5,2026-03-02
B07RGM72M2,2025-04-28
B07RGM72M2,2025-05-26
B07RGM72M2,2025-06-23
B07RGM72M2,2025-07-21
B07RGM72M2,2025-08-18
B07RGM72M2,2025-09-15
B07RGM72M2,2025-10-13
B07RGM72M2,2025-11-10
B07RGM72M2,2025-12-08
B07RGM72M2,2026-01-05
B07RGM72M2,2026-02-02
B07RGM72M2,2026-03-02
B07RHDCVSY,2025-04-28
B07RHDCVSY,2025-05-26
B07RHDCVSY,2025-06-23
B07RHDCVSY,2025-07-21
B07RHDCVSY,2025-08-18
B07RHDCVSY,2025-09-15
B07RHDCVSY,2025-10-13
B07RHDCVSY,2025-11-10
B07RHDCVSY,2025-12-08
B07RHDCVSY,2026-01-05
B07RHDCVSY,2026-02-02
B07RHDCVSY,2026-03-02
B07RHHZJ9P,2025-04-28
B07RHHZJ9P,2025-05-26
B07RHHZJ9P,2025-06-23
B07RHHZJ9P,2025-07-21
B07RHHZJ9P,2025-08-18
B07RHHZJ9P,2025-09-15
B07RHHZJ9P,2025-10-13
B07RHHZJ9P,2025-11-10
B07RHHZJ9P,2025-12-08
B07RHHZJ9P,2026-01-05
B07RHHZJ9P,2026-02-02
B07RHHZJ9P,2026-03-02
B07RKPKX8G,2025-04-28
B07RKPKX8G,2025-05-26
B07RKPKX8G,2025-06-23
B07RKPKX8G,2025-07-21
B07RKPKX8G,2025-08-18
B07RKPKX8G,2025-09-15
B07RKPKX8G,2025-10-13
B07RKPKX8G,2025-11-10
B07RKPKX8G,2025-12-08
B07RKPKX8G,2026-01-05
B07RKPKX8G,2026-02-02
B07RKPKX8G,2026-03-02
B07S7P8QZL,2025-04-28
B07S7P8QZL,2025-05-26
B07S7P8QZL,2025-06-23
B07S7P8QZL,2025-07-21
B07S7P8QZL,2025-08-18
B07S7P8QZL,2025-09-15
B07S7P8QZL,2025-10-13
B07S7P8QZL,2025-11-10
B07S7P8QZL,2025-12-08
B07S7P8QZL,2026-01-05
B07S7P8QZL,2026-02-02
B07S7P8QZL,2026-03-02
B07S8PZKNG,2025-04-28
B07S8PZKNG,2025-05-26
B07S8PZKNG,2025-06-23
B07S8PZKNG,2025-07-21
B07S8PZKNG,2025-08-18
B07S8PZKNG,2025-09-15
B07S8PZKNG,2025-10-13
B07S8PZKNG,2025-11-10
B07S8PZKNG,2025-12-08
B07S8PZKNG,2026-01-05
B07S8PZKNG,2026-02-02
B07S8PZKNG,2026-03-02
B07S9QLGP5,2025-04-28
B07S9QLGP5,2025-05-26
B07S9QLGP5,2025-06-23
B07S9QLGP5,2025-07-21
B07S9QLGP5,2025-08-18
B07S9QLGP5,2025-09-15
B07S9QLGP5,2025-10-13
B07S9QLGP5,2025-11-10
B07S9QLGP5,2025-12-08
B07S9QLGP5,2026-01-05
B07S9QLGP5,2026-02-02
B07S9QLGP5,2026-03-02
B07S9SDXC3,2025-04-28
B07S9SDXC3,2025-05-26
B07S9SDXC3,2025-06-23
B07S9SDXC3,2025-07-21
B07S9SDXC3,2025-08-18
B07S9SDXC3,2025-09-15
B07S9SDXC3,2025-10-13
B07S9SDXC3,2025-11-10
B07S9SDXC3,2025-12-08
B07S9SDXC3,2026-01-05
B07S9SDXC3,2026-02-02
B07S9SDXC3,2026-03-02
B07SBT7BFX,2025-04-28
B07SBT7BFX,2025-05-26
B07SBT7BFX,2025-06-23
B07SBT7BFX,2025-07-21
B07SBT7BFX,2025-08-18
B07SBT7BFX,2025-09-15
B07SBT7BFX,2025-10-13
B07SBT7BFX,2025-11-10
B07SBT7BFX,2025-12-08
B07SBT7BFX,2026-01-05
B07SBT7BFX,2026-02-02
B07SBT7BFX,2026-03-02
B07SBVHDRX,2025-04-28
B07SBVHDRX,2025-05-26
B07SBVHDRX,2025-06-23
B07SBVHDRX,2025-07-21
B07SBVHDRX,2025-08-18
B07SBVHDRX,2025-09-15
B07SBVHDRX,2025-10-13
B07SBVHDRX,2025-11-10
B07SBVHDRX,2025-12-08
B07SBVHDRX,2026-01-05
B07SBVHDRX,2026-02-02
B07SBVHDRX,2026-03-02
B07SBW7BMN,2025-04-28
B07SBW7BMN,2025-05-26
B07SBW7BMN,2025-06-23
B07SBW7BMN,2025-07-21
B07SBW7BMN,2025-08-18
B07SBW7BMN,2025-09-15
B07SBW7BMN,2025-10-13
B07SBW7BMN,2025-11-10
B07SBW7BMN,2025-12-08
B07SBW7BMN,2026-01-05
B07SBW7BMN,2026-02-02
B07SBW7BMN,2026-03-02
B07SVY8P2X,2025-04-28
B07SVY8P2X,2025-05-26
B07SVY8P2X,2025-06-23
B07SVY8P2X,2025-07-21
B07SVY8P2X,2025-08-18
B07SVY8P2X,2025-09-15
B07SVY8P2X,2025-10-13
B07SVY8P2X,2025-11-10
B07SVY8P2X,2025-12-08
B07SVY8P2X,2026-01-05
B07SVY8P2X,2026-02-02
B07SVY8P2X,2026-03-02
B07SX1T33B,2025-04-28
B07SX1T33B,2025-05-26
B07SX1T33B,2025-06-23
B07SX1T33B,2025-07-21
B07SX1T33B,2025-08-18
B07SX1T33B,2025-09-15
B07SX1T33B,2025-10-13
B07SX1T33B,2025-11-10
B07SX1T33B,2025-12-08
B07SX1T33B,2026-01-05
B07SX1T33B,2026-02-02
B07SX1T33B,2026-03-02
B07T2C4BL7,2025-04-28
B07T2C4BL7,2025-05-26
B07T2C4BL7,2025-06-23
B07T2C4BL7,2025-07-21
B07T2C4BL7,2025-08-18
B07T2C4BL7,2025-09-15
B07T2C4BL7,2025-10-13
B07T2C4BL7,2025-11-10
B07T2C4BL7,2025-12-08
B07T2C4BL7,2026-01-05
B07T2C4BL7,2026-02-02
B07T2C4BL7,2026-03-02
B07T898VN2,2025-04-28
B07T898VN2,2025-05-26
B07T898VN2,2025-06-23
B07T898VN2,2025-07-21
B07T898VN2,2025-08-18
B07T898VN2,2025-09-15
B07T898VN2,2025-10-13
B07T898VN2,2025-11-10
B07T898VN2,2025-12-08
B07T898VN2,2026-01-05
B07T898VN2,2026-02-02
B07T898VN2,2026-03-02
B07T8FXHVC,2025-04-28
B07T8FXHVC,2025-05-26
B07T8FXHVC,2025-06-23
B07T8FXHVC,2025-07-21
B07T8FXHVC,2025-08-18
B07T8FXHVC,2025-09-15
B07T8FXHVC,2025-10-13
B07T8FXHVC,2025-11-10
B07T8FXHVC,2025-12-08
B07T8FXHVC,2026-01-05
B07T8FXHVC,2026-02-02
B07T8FXHVC,2026-03-02
B07T94138P,2025-04-28
B07T94138P,2025-05-26
B07T94138P,2025-06-23
B07T94138P,2025-07-21
B07T94138P,2025-08-18
B07T94138P,2025-09-15
B07T94138P,2025-10-13
B07T94138P,2025-11-10
B07T94138P,2025-12-08
B07T94138P,2026-01-05
B07T94138P,2026-02-02
B07T94138P,2026-03-02
B07T9W5FJJ,2025-04-28
B07T9W5FJJ,2025-05-26
B07T9W5FJJ,2025-06-23
B07T9W5FJJ,2025-07-21
B07T9W5FJJ,2025-08-18
B07T9W5FJJ,2025-09-15
B07T9W5FJJ,2025-10-13
B07T9W5FJJ,2025-11-10
B07T9W5FJJ,2025-12-08
B07T9W5FJJ,2026-01-05
B07T9W5FJJ,2026-02-02
B07T9W5FJJ,2026-03-02
B07TBK39J1,2025-04-28
B07TBK39J1,2025-05-26
B07TBK39J1,2025-06-23
B07TBK39J1,2025-07-21
B07TBK39J1,2025-08-18
B07TBK39J1,2025-09-15
B07TBK39J1,2025-10-13
B07TBK39J1,2025-11-10
B07TBK39J1,2025-12-08
B07TBK39J1,2026-01-05
B07TBK39J1,2026-02-02
B07TBK39J1,2026-03-02
B07TBSCBRN,2025-04-28
B07TBSCBRN,2025-05-26
B07TBSCBRN,2025-06-23
B07TBSCBRN,2025-07-21
B07TBSCBRN,2025-08-18
B07TBSCBRN,2025-09-15
B07TBSCBRN,2025-10-13
B07TBSCBRN,2025-11-10
B07TBSCBRN,2025-12-08
B07TBSCBRN,2026-01-05
B07TBSCBRN,2026-02-02
B07TBSCBRN,2026-03-02
B07TBWNVJM,2025-04-28
B07TBWNVJM,2025-05-26
B07TBWNVJM,2025-06-23
B07TBWNVJM,2025-07-21
B07TBWNVJM,2025-08-18
B07TBWNVJM,2025-09-15
B07TBWNVJM,2025-10-13
B07TBWNVJM,2025-11-10
B07TBWNVJM,2025-12-08
B07TBWNVJM,2026-01-05
B07TBWNVJM,2026-02-02
B07TBWNVJM,2026-03-02
B07TDQ539X,2025-04-28
B07TDQ539X,2025-05-26
B07TDQ539X,2025-06-23
B07TDQ539X,2025-07-21
B07TDQ539X,2025-08-18
B07TDQ539X,2025-09-15
B07TDQ539X,2025-10-13
B07TDQ539X,2025-11-10
B07TDQ539X,2025-12-08
B07TDQ539X,2026-01-05
B07TDQ539X,2026-02-02
B07TDQ539X,2026-03-02
B07THXX561,2025-04-28
B07THXX561,2025-05-26
B07THXX561,2025-06-23
B07THXX561,2025-07-21
B07THXX561,2025-08-18
B07THXX561,2025-09-15
B07THXX561,2025-10-13
B07THXX561,2025-11-10
B07THXX561,2025-12-08
B07THXX561,2026-01-05
B07THXX561,2026-02-02
B07THXX561,2026-03-02
B07TS4S578,2025-04-28
B07TS4S578,2025-05-26
B07TS4S578,2025-06-23
B07TS4S578,2025-07-21
B07TS4S578,2025-08-18
B07TS4S578,2025-09-15
B07TS4S578,2025-10-13
B07TS4S578,2025-11-10
B07TS4S578,2025-12-08
B07TS4S578,2026-01-05
B07TS4S578,2026-02-02
B07TS4S578,2026-03-02
B07TZCN3SZ,2025-04-28
B07TZCN3SZ,2025-05-26
B07TZCN3SZ,2025-06-23
B07TZCN3SZ,2025-07-21
B07TZCN3SZ,2025-08-18
B07TZCN3SZ,2025-09-15
B07TZCN3SZ,2025-10-13
B07TZCN3SZ,2025-11-10
B07TZCN3SZ,2025-12-08
B07TZCN3SZ,2026-01-05
B07TZCN3SZ,2026-02-02
B07TZCN3SZ,2026-03-02
B07VBHT29D,2025-04-28
B07VBHT29D,2025-05-26
B07VBHT29D,2025-06-23
B07VBHT29D,2025-07-21
B07VBHT29D,2025-08-18
B07VBHT29D,2025-09-15
B07VBHT29D,2025-10-13
B07VBHT29D,2025-11-10
B07VBHT29D,2025-12-08
B07VBHT29D,2026-01-05
B07VBHT29D,2026-02-02
B07VBHT29D,2026-03-02
B07VBKNJVN,2025-04-28
B07VBKNJVN,2025-05-26
B07VBKNJVN,2025-06-23
B07VBKNJVN,2025-07-21
B07VBKNJVN,2025-08-18
B07VBKNJVN,2025-09-15
B07VBKNJVN,2025-10-13
B07VBKNJVN,2025-11-10
B07VBKNJVN,2025-12-08
B07VBKNJVN,2026-01-05
B07VBKNJVN,2026-02-02
B07VBKNJVN,2026-03-02
B07VDQXJHN,2025-04-28
B07VDQXJHN,2025-05-26
B07VDQXJHN,2025-06-23
B07VDQXJHN,2025-07-21
B07VDQXJHN,2025-08-18
B07VDQXJHN,2025-09-15
B07VDQXJHN,2025-10-13
B07VDQXJHN,2025-11-10
B07VDQXJHN,2025-12-08
B07VDQXJHN,2026-01-05
B07VDQXJHN,2026-02-02
B07VDQXJHN,2026-03-02
B07VFG82D5,2025-04-28
B07VFG82D5,2025-05-26
B07VFG82D5,2025-06-23
B07VFG82D5,2025-07-21
B07VFG82D5,2025-08-18
B07VFG82D5,2025-09-15
B07VFG82D5,2025-10-13
B07VFG82D5,2025-11-10
B07VFG82D5,2025-12-08
B07VFG82D5,2026-01-05
B07VFG82D5,2026-02-02
B07VFG82D5,2026-03-02
B07VFSB5RL,2025-04-28
B07VFSB5RL,2025-05-26
B07VFSB5RL,2025-06-23
B07VFSB5RL,2025-07-21
B07VFSB5RL,2025-08-18
B07VFSB5RL,2025-09-15
B07VFSB5RL,2025-10-13
B07VFSB5RL,2025-11-10
B07VFSB5RL,2025-12-08
B07VFSB5RL,2026-01-05
B07VFSB5RL,2026-02-02
B07VFSB5RL,2026-03-02
B07VJYC7LW,2025-04-28
B07VJYC7LW,2025-05-26
B07VJYC7LW,2025-06-23
B07VJYC7LW,2025-07-21
B07VJYC7LW,2025-08-18
B07VJYC7LW,2025-09-15
B07VJYC7LW,2025-10-13
B07VJYC7LW,2025-11-10
B07VJYC7LW,2025-12-08
B07VJYC7LW,2026-01-05
B07VJYC7LW,2026-02-02
B07VJYC7LW,2026-03-02
B07VLMTDMJ,2025-04-28
B07VLMTDMJ,2025-05-26
B07VLMTDMJ,2025-06-23
B07VLMTDMJ,2025-07-21
B07VLMTDMJ,2025-08-18
B07VLMTDMJ,2025-09-15
B07VLMTDMJ,2025-10-13
B07VLMTDMJ,2025-11-10
B07VLMTDMJ,2025-12-08
B07VLMTDMJ,2026-01-05
B07VLMTDMJ,2026-02-02
B07VLMTDMJ,2026-03-02
B07VS59Q25,2025-04-28
B07VS59Q25,2025-05-26
B07VS59Q25,2025-06-23
B07VS59Q25,2025-07-21
B07VS59Q25,2025-08-18
B07VS59Q25,2025-09-15
B07VS59Q25,2025-10-13
B07VS59Q25,2025-11-10
B07VS59Q25,2025-12-08
B07VS59Q25,2026-01-05
B07VS59Q25,2026-02-02
B07VS59Q25,2026-03-02
B07VSTW8SN,2025-04-28
B07VSTW8SN,2025-05-26
B07VSTW8SN,2025-06-23
B07VSTW8SN,2025-07-21
B07VSTW8SN,2025-08-18
B07VSTW8SN,2025-09-15
B07VSTW8SN,2025-10-13
B07VSTW8SN,2025-11-10
B07VSTW8SN,2025-12-08
B07VSTW8SN,2026-01-05
B07VSTW8SN,2026-02-02
B07VSTW8SN,2026-03-02
B07WN1K5K4,2025-04-28
B07WN1K5K4,2025-05-26
B07WN1K5K4,2025-06-23
B07WN1K5K4,2025-07-21
B07WN1K5K4,2025-08-18
B07WN1K5K4,2025-09-15
B07WN1K5K4,2025-10-13
B07WN1K5K4,2025-11-10
B07WN1K5K4,2025-12-08
B07WN1K5K4,2026-01-05
B07WN1K5K4,2026-02-02
B07WN1K5K4,2026-03-02
B07WSBBNL4,2025-04-28
B07WSBBNL4,2025-05-26
B07WSBBNL4,2025-06-23
B07WSBBNL4,2025-07-21
B07WSBBNL4,2025-08-18
B07WSBBNL4,2025-09-15
B07WSBBNL4,2025-10-13
B07WSBBNL4,2025-11-10
B07WSBBNL4,2025-12-08
B07WSBBNL4,2026-01-05
B07WSBBNL4,2026-02-02
B07WSBBNL4,2026-03-02
B07X9Q2LRQ,2025-04-28
B07X9Q2LRQ,2025-05-26
B07X9Q2LRQ,2025-06-23
B07X9Q2LRQ,2025-07-21
B07X9Q2LRQ,2025-08-18
B07X9Q2LRQ,2025-09-15
B07X9Q2LRQ,2025-10-13
B07X9Q2LRQ,2025-11-10
B07X9Q2LRQ,2025-12-08
B07X9Q2LRQ,2026-01-05
B07X9Q2LRQ,2026-02-02
B07X9Q2LRQ,2026-03-02
B07XBCCPK8,2025-04-28
B07XBCCPK8,2025-05-26
B07XBCCPK8,2025-06-23
B07XBCCPK8,2025-07-21
B07XBCCPK8,2025-08-18
B07XBCCPK8,2025-09-15
B07XBCCPK8,2025-10-13
B07XBCCPK8,2025-11-10
B07XBCCPK8,2025-12-08
B07XBCCPK8,2026-01-05
B07XBCCPK8,2026-02-02
B07XBCCPK8,2026-03-02
B07XCSXFQN,2025-04-28
B07XCSXFQN,2025-05-26
B07XCSXFQN,2025-06-23
B07XCSXFQN,2025-07-21
B07XCSXFQN,2025-08-18
B07XCSXFQN,2025-09-15
B07XCSXFQN,2025-10-13
B07XCSXFQN,2025-11-10
B07XCSXFQN,2025-12-08
B07XCSXFQN,2026-01-05
B07XCSXFQN,2026-02-02
B07XCSXFQN,2026-03-02
B07XDJMY2C,2025-04-28
B07XDJMY2C,2025-05-26
B07XDJMY2C,2025-06-23
B07XDJMY2C,2025-07-21
B07XDJMY2C,2025-08-18
B07XDJMY2C,2025-09-15
B07XDJMY2C,2025-10-13
B07XDJMY2C,2025-11-10
B07XDJMY2C,2025-12-08
B07XDJMY2C,2026-01-05
B07XDJMY2C,2026-02-02
B07XDJMY2C,2026-03-02
B07XFXQHF2,2025-04-28
B07XFXQHF2,2025-05-26
B07XFXQHF2,2025-06-23
B07XFXQHF2,2025-07-21
B07XFXQHF2,2025-08-18
B07XFXQHF2,2025-09-15
B07XFXQHF2,2025-10-13
B07XFXQHF2,2025-11-10
B07XFXQHF2,2025-12-08
B07XFXQHF2,2026-01-05
B07XFXQHF2,2026-02-02
B07XFXQHF2,2026-03-02
B07XM8DR9P,2025-04-28
B07XM8DR9P,2025-05-26
B07XM8DR9P,2025-06-23
B07XM8DR9P,2025-07-21
B07XM8DR9P,2025-08-18
B07XM8DR9P,2025-09-15
B07XM8DR9P,2025-10-13
B07XM8DR9P,2025-11-10
B07XM8DR9P,2025-12-08
B07XM8DR9P,2026-01-05
B07XM8DR9P,2026-02-02
B07XM8DR9P,2026-03-02
B07Y22KK8G,2025-04-28
B07Y22KK8G,2025-05-26
B07Y22KK8G,2025-06-23
B07Y22KK8G,2025-07-21
B07Y22KK8G,2025-08-18
B07Y22KK8G,2025-09-15
B07Y22KK8G,2025-10-13
B07Y22KK8G,2025-11-10
B07Y22KK8G,2025-12-08
B07Y22KK8G,2026-01-05
B07Y22KK8G,2026-02-02
B07Y22KK8G,2026-03-02
B07Y413NZW,2025-04-28
B07Y413NZW,2025-05-26
B07Y413NZW,2025-06-23
B07Y413NZW,2025-07-21
B07Y413NZW,2025-08-18
B07Y413NZW,2025-09-15
B07Y413NZW,2025-10-13
B07Y413NZW,2025-11-10
B07Y413NZW,2025-12-08
B07Y413NZW,2026-01-05
B07Y413NZW,2026-02-02
B07Y413NZW,2026-03-02
B07Y6LXLSQ,2025-04-28
B07Y6LXLSQ,2025-05-26
B07Y6LXLSQ,2025-06-23
B07Y6LXLSQ,2025-07-21
B07Y6LXLSQ,2025-08-18
B07Y6LXLSQ,2025-09-15
B07Y6LXLSQ,2025-10-13
B07Y6LXLSQ,2025-11-10
B07Y6LXLSQ,2025-12-08
B07Y6LXLSQ,2026-01-05
B07Y6LXLSQ,2026-02-02
B07Y6LXLSQ,2026-03-02
B07Y6MYYYN,2025-04-28
B07Y6MYYYN,2025-05-26
B07Y6MYYYN,2025-06-23
B07Y6MYYYN,2025-07-21
B07Y6MYYYN,2025-08-18
B07Y6MYYYN,2025-09-15
B07Y6MYYYN,2025-10-13
B07Y6MYYYN,2025-11-10
B07Y6MYYYN,2025-12-08
B07Y6MYYYN,2026-01-05
B07Y6MYYYN,2026-02-02
B07Y6MYYYN,2026-03-02
B07YQJ33X5,2025-04-28
B07YQJ33X5,2025-05-26
B07YQJ33X5,2025-06-23
B07YQJ33X5,2025-07-21
B07YQJ33X5,2025-08-18
B07YQJ33X5,2025-09-15
B07YQJ33X5,2025-10-13
B07YQJ33X5,2025-11-10
B07YQJ33X5,2025-12-08
B07YQJ33X5,2026-01-05
B07YQJ33X5,2026-02-02
B07YQJ33X5,2026-03-02
B07YWRHKD6,2025-04-28
B07YWRHKD6,2025-05-26
B07YWRHKD6,2025-06-23
B07YWRHKD6,2025-07-21
B07YWRHKD6,2025-08-18
B07YWRHKD6,2025-09-15
B07YWRHKD6,2025-10-13
B07YWRHKD6,2025-11-10
B07YWRHKD6,2025-12-08
B07YWRHKD6,2026-01-05
B07YWRHKD6,2026-02-02
B07YWRHKD6,2026-03-02
B07YWSFN3V,2025-04-28
B07YWSFN3V,2025-05-26
B07YWSFN3V,2025-06-23
B07YWSFN3V,2025-07-21
B07YWSFN3V,2025-08-18
B07YWSFN3V,2025-09-15
B07YWSFN3V,2025-10-13
B07YWSFN3V,2025-11-10
B07YWSFN3V,2025-12-08
B07YWSFN3V,2026-01-05
B07YWSFN3V,2026-02-02
B07YWSFN3V,2026-03-02
B07YWVWS3G,2025-04-28
B07YWVWS3G,2025-05-26
B07YWVWS3G,2025-06-23
B07YWVWS3G,2025-07-21
B07YWVWS3G,2025-08-18
B07YWVWS3G,2025-09-15
B07YWVWS3G,2025-10-13
B07YWVWS3G,2025-11-10
B07YWVWS3G,2025-12-08
B07YWVWS3G,2026-01-05
B07YWVWS3G,2026-02-02
B07YWVWS3G,2026-03-02
B07YWVXZMC,2025-04-28
B07YWVXZMC,2025-05-26
B07YWVXZMC,2025-06-23
B07YWVXZMC,2025-07-21
B07YWVXZMC,2025-08-18
B07YWVXZMC,2025-09-15
B07YWVXZMC,2025-10-13
B07YWVXZMC,2025-11-10
B07YWVXZMC,2025-12-08
B07YWVXZMC,2026-01-05
B07YWVXZMC,2026-02-02
B07YWVXZMC,2026-03-02
B07YWVYNJ2,2025-04-28
B07YWVYNJ2,2025-05-26
B07YWVYNJ2,2025-06-23
B07YWVYNJ2,2025-07-21
B07YWVYNJ2,2025-08-18
B07YWVYNJ2,2025-09-15
B07YWVYNJ2,2025-10-13
B07YWVYNJ2,2025-11-10
B07YWVYNJ2,2025-12-08
B07YWVYNJ2,2026-01-05
B07YWVYNJ2,2026-02-02
B07YWVYNJ2,2026-03-02
B07YWW685L,2025-04-28
B07YWW685L,2025-05-26
B07YWW685L,2025-06-23
B07YWW685L,2025-07-21
B07YWW685L,2025-08-18
B07YWW685L,2025-09-15
B07YWW685L,2025-10-13
B07YWW685L,2025-11-10
B07YWW685L,2025-12-08
B07YWW685L,2026-01-05
B07YWW685L,2026-02-02
B07YWW685L,2026-03-02
B07YY5RGJL,2025-04-28
B07YY5RGJL,2025-05-26
B07YY5RGJL,2025-06-23
B07YY5RGJL,2025-07-21
B07YY5RGJL,2025-08-18
B07YY5RGJL,2025-09-15
B07YY5RGJL,2025-10-13
B07YY5RGJL,2025-11-10
B07YY5RGJL,2025-12-08
B07YY5RGJL,2026-01-05
B07YY5RGJL,2026-02-02
B07YY5RGJL,2026-03-02
B07ZCJD9HF,2025-04-28
B07ZCJD9HF,2025-05-26
B07ZCJD9HF,2025-06-23
B07ZCJD9HF,2025-07-21
B07ZCJD9HF,2025-08-18
B07ZCJD9HF,2025-09-15
B07ZCJD9HF,2025-10-13
B07ZCJD9HF,2025-11-10
B07ZCJD9HF,2025-12-08
B07ZCJD9HF,2026-01-05
B07ZCJD9HF,2026-02-02
B07ZCJD9HF,2026-03-02
B07ZLMPN2L,2025-04-28
B07ZLMPN2L,2025-05-26
B07ZLMPN2L,2025-06-23
B07ZLMPN2L,2025-07-21
B07ZLMPN2L,2025-08-18
B07ZLMPN2L,2025-09-15
B07ZLMPN2L,2025-10-13
B07ZLMPN2L,2025-11-10
B07ZLMPN2L,2025-12-08
B07ZLMPN2L,2026-01-05
B07ZLMPN2L,2026-02-02
B07ZLMPN2L,2026-03-02
B07ZLQL472,2025-04-28
B07ZLQL472,2025-05-26
B07ZLQL472,2025-06-23
B07ZLQL472,2025-07-21
B07ZLQL472,2025-08-18
B07ZLQL472,2025-09-15
B07ZLQL472,2025-10-13
B07ZLQL472,2025-11-10
B07ZLQL472,2025-12-08
B07ZLQL472,2026-01-05
B07ZLQL472,2026-02-02
B07ZLQL472,2026-03-02
B07ZLRXRKS,2025-04-28
B07ZLRXRKS,2025-05-26
B07ZLRXRKS,2025-06-23
B07ZLRXRKS,2025-07-21
B07ZLRXRKS,2025-08-18
B07ZLRXRKS,2025-09-15
B07ZLRXRKS,2025-10-13
B07ZLRXRKS,2025-11-10
B07ZLRXRKS,2025-12-08
B07ZLRXRKS,2026-01-05
B07ZLRXRKS,2026-02-02
B07ZLRXRKS,2026-03-02
B07ZLS6G9N,2025-04-28
B07ZLS6G9N,2025-05-26
B07ZLS6G9N,2025-06-23
B07ZLS6G9N,2025-07-21
B07ZLS6G9N,2025-08-18
B07ZLS6G9N,2025-09-15
B07ZLS6G9N,2025-10-13
B07ZLS6G9N,2025-11-10
B07ZLS6G9N,2025-12-08
B07ZLS6G9N,2026-01-05
B07ZLS6G9N,2026-02-02
B07ZLS6G9N,2026-03-02
B07ZLS6PTC,2025-04-28
B07ZLS6PTC,2025-05-26
B07ZLS6PTC,2025-06-23
B07ZLS6PTC,2025-07-21
B07ZLS6PTC,2025-08-18
B07ZLS6PTC,2025-09-15
B07ZLS6PTC,2025-10-13
B07ZLS6PTC,2025-11-10
B07ZLS6PTC,2025-12-08
B07ZLS6PTC,2026-01-05
B07ZLS6PTC,2026-02-02
B07ZLS6PTC,2026-03-02
B07ZTVNQTQ,2025-04-28
B07ZTVNQTQ,2025-05-26
B07ZTVNQTQ,2025-06-23
B07ZTVNQTQ,2025-07-21
B07ZTVNQTQ,2025-08-18
B07ZTVNQTQ,2025-09-15
B07ZTVNQTQ,2025-10-13
B07ZTVNQTQ,2025-11-10
B07ZTVNQTQ,2025-12-08
B07ZTVNQTQ,2026-01-05
B07ZTVNQTQ,2026-02-02
B07ZTVNQTQ,2026-03-02
B07ZYVWY9B,2025-04-28
B07ZYVWY9B,2025-05-26
B07ZYVWY9B,2025-06-23
B07ZYVWY9B,2025-07-21
B07ZYVWY9B,2025-08-18
B07ZYVWY9B,2025-09-15
B07ZYVWY9B,2025-10-13
B07ZYVWY9B,2025-11-10
B07ZYVWY9B,2025-12-08
B07ZYVWY9B,2026-01-05
B07ZYVWY9B,2026-02-02
B07ZYVWY9B,2026-03-02
B081TBFXN2,2025-04-28
B081TBFXN2,2025-05-26
B081TBFXN2,2025-06-23
B081TBFXN2,2025-07-21
B081TBFXN2,2025-08-18
B081TBFXN2,2025-09-15
B081TBFXN2,2025-10-13
B081TBFXN2,2025-11-10
B081TBFXN2,2025-12-08
B081TBFXN2,2026-01-05
B081TBFXN2,2026-02-02
B081TBFXN2,2026-03-02
B081XWFWGH,2025-04-28
B081XWFWGH,2025-05-26
B081XWFWGH,2025-06-23
B081XWFWGH,2025-07-21
B081XWFWGH,2025-08-18
B081XWFWGH,2025-09-15
B081XWFWGH,2025-10-13
B081XWFWGH,2025-11-10
B081XWFWGH,2025-12-08
B081XWFWGH,2026-01-05
B081XWFWGH,2026-02-02
B081XWFWGH,2026-03-02
B082F3HWQF,2025-04-28
B082F3HWQF,2025-05-26
B082F3HWQF,2025-06-23
B082F3HWQF,2025-07-21
B082F3HWQF,2025-08-18
B082F3HWQF,2025-09-15
B082F3HWQF,2025-10-13
B082F3HWQF,2025-11-10
B082F3HWQF,2025-12-08
B082F3HWQF,2026-01-05
B082F3HWQF,2026-02-02
B082F3HWQF,2026-03-02
B082F3TJMN,2025-04-28
B082F3TJMN,2025-05-26
B082F3TJMN,2025-06-23
B082F3TJMN,2025-07-21
B082F3TJMN,2025-08-18
B082F3TJMN,2025-09-15
B082F3TJMN,2025-10-13
B082F3TJMN,2025-11-10
B082F3TJMN,2025-12-08
B082F3TJMN,2026-01-05
B082F3TJMN,2026-02-02
B082F3TJMN,2026-03-02
B0834M4MX9,2025-04-28
B0834M4MX9,2025-05-26
B0834M4MX9,2025-06-23
B0834M4MX9,2025-07-21
B0834M4MX9,2025-08-18
B0834M4MX9,2025-09-15
B0834M4MX9,2025-10-13
B0834M4MX9,2025-11-10
B0834M4MX9,2025-12-08
B0834M4MX9,2026-01-05
B0834M4MX9,2026-02-02
B0834M4MX9,2026-03-02
B0834MRXV4,2025-04-28
B0834MRXV4,2025-05-26
B0834MRXV4,2025-06-23
B0834MRXV4,2025-07-21
B0834MRXV4,2025-08-18
B0834MRXV4,2025-09-15
B0834MRXV4,2025-10-13
B0834MRXV4,2025-11-10
B0834MRXV4,2025-12-08
B0834MRXV4,2026-01-05
B0834MRXV4,2026-02-02
B0834MRXV4,2026-03-02
B0834NBTHB,2025-04-28
B0834NBTHB,2025-05-26
B0834NBTHB,2025-06-23
B0834NBTHB,2025-07-21
B0834NBTHB,2025-08-18
B0834NBTHB,2025-09-15
B0834NBTHB,2025-10-13
B0834NBTHB,2025-11-10
B0834NBTHB,2025-12-08
B0834NBTHB,2026-01-05
B0834NBTHB,2026-02-02
B0834NBTHB,2026-03-02
B0836JZN5Q,2025-04-28
B0836JZN5Q,2025-05-26
B0836JZN5Q,2025-06-23
B0836JZN5Q,2025-07-21
B0836JZN5Q,2025-08-18
B0836JZN5Q,2025-09-15
B0836JZN5Q,2025-10-13
B0836JZN5Q,2025-11-10
B0836JZN5Q,2025-12-08
B0836JZN5Q,2026-01-05
B0836JZN5Q,2026-02-02
B0836JZN5Q,2026-03-02
B0836KBGKR,2025-04-28
B0836KBGKR,2025-05-26
B0836KBGKR,2025-06-23
B0836KBGKR,2025-07-21
B0836KBGKR,2025-08-18
B0836KBGKR,2025-09-15
B0836KBGKR,2025-10-13
B0836KBGKR,2025-11-10
B0836KBGKR,2025-12-08
B0836KBGKR,2026-01-05
B0836KBGKR,2026-02-02
B0836KBGKR,2026-03-02
B0836KLMG8,2025-04-28
B0836KLMG8,2025-05-26
B0836KLMG8,2025-06-23
B0836KLMG8,2025-07-21
B0836KLMG8,2025-08-18
B0836KLMG8,2025-09-15
B0836KLMG8,2025-10-13
B0836KLMG8,2025-11-10
B0836KLMG8,2025-12-08
B0836KLMG8,2026-01-05
B0836KLMG8,2026-02-02
B0836KLMG8,2026-03-02
B083MR69QH,2025-04-28
B083MR69QH,2025-05-26
B083MR69QH,2025-06-23
B083MR69QH,2025-07-21
B083MR69QH,2025-08-18
B083MR69QH,2025-09-15
B083MR69QH,2025-10-13
B083MR69QH,2025-11-10
B083MR69QH,2025-12-08
B083MR69QH,2026-01-05
B083MR69QH,2026-02-02
B083MR69QH,2026-03-02
B083QCMNWK,2025-04-28
B083QCMNWK,2025-05-26
B083QCMNWK,2025-06-23
B083QCMNWK,2025-07-21
B083QCMNWK,2025-08-18
B083QCMNWK,2025-09-15
B083QCMNWK,2025-10-13
B083QCMNWK,2025-11-10
B083QCMNWK,2025-12-08
B083QCMNWK,2026-01-05
B083QCMNWK,2026-02-02
B083QCMNWK,2026-03-02
B083QF82JJ,2025-04-28
B083QF82JJ,2025-05-26
B083QF82JJ,2025-06-23
B083QF82JJ,2025-07-21
B083QF82JJ,2025-08-18
B083QF82JJ,2025-09-15
B083QF82JJ,2025-10-13
B083QF82JJ,2025-11-10
B083QF82JJ,2025-12-08
B083QF82JJ,2026-01-05
B083QF82JJ,2026-02-02
B083QF82JJ,2026-03-02
B083VX2D42,2025-04-28
B083VX2D42,2025-05-26
B083VX2D42,2025-06-23
B083VX2D42,2025-07-21
B083VX2D42,2025-08-18
B083VX2D42,2025-09-15
B083VX2D42,2025-10-13
B083VX2D42,2025-11-10
B083VX2D42,2025-12-08
B083VX2D42,2026-01-05
B083VX2D42,2026-02-02
B083VX2D42,2026-03-02
B085SJ8B5N,2025-04-28
B085SJ8B5N,2025-05-26
B085SJ8B5N,2025-06-23
B085SJ8B5N,2025-07-21
B085SJ8B5N,2025-08-18
B085SJ8B5N,2025-09-15
B085SJ8B5N,2025-10-13
B085SJ8B5N,2025-11-10
B085SJ8B5N,2025-12-08
B085SJ8B5N,2026-01-05
B085SJ8B5N,2026-02-02
B085SJ8B5N,2026-03-02
B0865KYP8V,2025-04-28
B0865KYP8V,2025-05-26
B0865KYP8V,2025-06-23
B0865KYP8V,2025-07-21
B0865KYP8V,2025-08-18
B0865KYP8V,2025-09-15
B0865KYP8V,2025-10-13
B0865KYP8V,2025-11-10
B0865KYP8V,2025-12-08
B0865KYP8V,2026-01-05
B0865KYP8V,2026-02-02
B0865KYP8V,2026-03-02
B08736NPLW,2025-04-28
B08736NPLW,2025-05-26
B08736NPLW,2025-06-23
B08736NPLW,2025-07-21
B08736NPLW,2025-08-18
B08736NPLW,2025-09-15
B08736NPLW,2025-10-13
B08736NPLW,2025-11-10
B08736NPLW,2025-12-08
B08736NPLW,2026-01-05
B08736NPLW,2026-02-02
B08736NPLW,2026-03-02
B087BXQYHC,2025-04-28
B087BXQYHC,2025-05-26
B087BXQYHC,2025-06-23
B087BXQYHC,2025-07-21
B087BXQYHC,2025-08-18
B087BXQYHC,2025-09-15
B087BXQYHC,2025-10-13
B087BXQYHC,2025-11-10
B087BXQYHC,2025-12-08
B087BXQYHC,2026-01-05
B087BXQYHC,2026-02-02
B087BXQYHC,2026-03-02
B087BXS88Z,2025-04-28
B087BXS88Z,2025-05-26
B087BXS88Z,2025-06-23
B087BXS88Z,2025-07-21
B087BXS88Z,2025-08-18
B087BXS88Z,2025-09-15
B087BXS88Z,2025-10-13
B087BXS88Z,2025-11-10
B087BXS88Z,2025-12-08
B087BXS88Z,2026-01-05
B087BXS88Z,2026-02-02
B087BXS88Z,2026-03-02
B087N9ZKHM,2025-04-28
B087N9ZKHM,2025-05-26
B087N9ZKHM,2025-06-23
B087N9ZKHM,2025-07-21
B087N9ZKHM,2025-08-18
B087N9ZKHM,2025-09-15
B087N9ZKHM,2025-10-13
B087N9ZKHM,2025-11-10
B087N9ZKHM,2025-12-08
B087N9ZKHM,2026-01-05
B087N9ZKHM,2026-02-02
B087N9ZKHM,2026-03-02
B087PT6C1S,2025-04-28
B087PT6C1S,2025-05-26
B087PT6C1S,2025-06-23
B087PT6C1S,2025-07-21
B087PT6C1S,2025-08-18
B087PT6C1S,2025-09-15
B087PT6C1S,2025-10-13
B087PT6C1S,2025-11-10
B087PT6C1S,2025-12-08
B087PT6C1S,2026-01-05
B087PT6C1S,2026-02-02
B087PT6C1S,2026-03-02
B087PXKX99,2025-04-28
B087PXKX99,2025-05-26
B087PXKX99,2025-06-23
B087PXKX99,2025-07-21
B087PXKX99,2025-08-18
B087PXKX99,2025-09-15
B087PXKX99,2025-10-13
B087PXKX99,2025-11-10
B087PXKX99,2025-12-08
B087PXKX99,2026-01-05
B087PXKX99,2026-02-02
B087PXKX99,2026-03-02
B088LK12HX,2025-04-28
B088LK12HX,2025-05-26
B088LK12HX,2025-06-23
B088LK12HX,2025-07-21
B088LK12HX,2025-08-18
B088LK12HX,2025-09-15
B088LK12HX,2025-10-13
B088LK12HX,2025-11-10
B088LK12HX,2025-12-08
B088LK12HX,2026-01-05
B088LK12HX,2026-02-02
B088LK12HX,2026-03-02
B0894LVYH8,2025-04-28
B0894LVYH8,2025-05-26
B0894LVYH8,2025-06-23
B0894LVYH8,2025-07-21
B0894LVYH8,2025-08-18
B0894LVYH8,2025-09-15
B0894LVYH8,2025-10-13
B0894LVYH8,2025-11-10
B0894LVYH8,2025-12-08
B0894LVYH8,2026-01-05
B0894LVYH8,2026-02-02
B0894LVYH8,2026-03-02
B0895T4Q4G,2025-04-28
B0895T4Q4G,2025-05-26
B0895T4Q4G,2025-06-23
B0895T4Q4G,2025-07-21
B0895T4Q4G,2025-08-18
B0895T4Q4G,2025-09-15
B0895T4Q4G,2025-10-13
B0895T4Q4G,2025-11-10
B0895T4Q4G,2025-12-08
B0895T4Q4G,2026-01-05
B0895T4Q4G,2026-02-02
B0895T4Q4G,2026-03-02
B0895VNXKC,2025-04-28
B0895VNXKC,2025-05-26
B0895VNXKC,2025-06-23
B0895VNXKC,2025-07-21
B0895VNXKC,2025-08-18
B0895VNXKC,2025-09-15
B0895VNXKC,2025-10-13
B0895VNXKC,2025-11-10
B0895VNXKC,2025-12-08
B0895VNXKC,2026-01-05
B0895VNXKC,2026-02-02
B0895VNXKC,2026-03-02
B0895VZ61Z,2025-04-28
B0895VZ61Z,2025-05-26
B0895VZ61Z,2025-06-23
B0895VZ61Z,2025-07-21
B0895VZ61Z,2025-08-18
B0895VZ61Z,2025-09-15
B0895VZ61Z,2025-10-13
B0895VZ61Z,2025-11-10
B0895VZ61Z,2025-12-08
B0895VZ61Z,2026-01-05
B0895VZ61Z,2026-02-02
B0895VZ61Z,2026-03-02
B0895X1NV7,2025-04-28
B0895X1NV7,2025-05-26
B0895X1NV7,2025-06-23
B0895X1NV7,2025-07-21
B0895X1NV7,2025-08-18
B0895X1NV7,2025-09-15
B0895X1NV7,2025-10-13
B0895X1NV7,2025-11-10
B0895X1NV7,2025-12-08
B0895X1NV7,2026-01-05
B0895X1NV7,2026-02-02
B0895X1NV7,2026-03-02
B0895X34XS,2025-04-28
B0895X34XS,2025-05-26
B0895X34XS,2025-06-23
B0895X34XS,2025-07-21
B0895X34XS,2025-08-18
B0895X34XS,2025-09-15
B0895X34XS,2025-10-13
B0895X34XS,2025-11-10
B0895X34XS,2025-12-08
B0895X34XS,2026-01-05
B0895X34XS,2026-02-02
B0895X34XS,2026-03-02
B089SXHF8L,2025-04-28
B089SXHF8L,2025-05-26
B089SXHF8L,2025-06-23
B089SXHF8L,2025-07-21
B089SXHF8L,2025-08-18
B089SXHF8L,2025-09-15
B089SXHF8L,2025-10-13
B089SXHF8L,2025-11-10
B089SXHF8L,2025-12-08
B089SXHF8L,2026-01-05
B089SXHF8L,2026-02-02
B089SXHF8L,2026-03-02
B089SXV8NQ,2025-04-28
B089SXV8NQ,2025-05-26
B089SXV8NQ,2025-06-23
B089SXV8NQ,2025-07-21
B089SXV8NQ,2025-08-18
B089SXV8NQ,2025-09-15
B089SXV8NQ,2025-10-13
B089SXV8NQ,2025-11-10
B089SXV8NQ,2025-12-08
B089SXV8NQ,2026-01-05
B089SXV8NQ,2026-02-02
B089SXV8NQ,2026-03-02
B08B474TCK,2025-04-28
B08B474TCK,2025-05-26
B08B474TCK,2025-06-23
B08B474TCK,2025-07-21
B08B474TCK,2025-08-18
B08B474TCK,2025-09-15
B08B474TCK,2025-10-13
B08B474TCK,2025-11-10
B08B474TCK,2025-12-08
B08B474TCK,2026-01-05
B08B474TCK,2026-02-02
B08B474TCK,2026-03-02
B08B612D2Z,2025-04-28
B08B612D2Z,2025-05-26
B08B612D2Z,2025-06-23
B08B612D2Z,2025-07-21
B08B612D2Z,2025-08-18
B08B612D2Z,2025-09-15
B08B612D2Z,2025-10-13
B08B612D2Z,2025-11-10
B08B612D2Z,2025-12-08
B08B612D2Z,2026-01-05
B08B612D2Z,2026-02-02
B08B612D2Z,2026-03-02
B08B617THX,2025-04-28
B08B617THX,2025-05-26
B08B617THX,2025-06-23
B08B617THX,2025-07-21
B08B617THX,2025-08-18
B08B617THX,2025-09-15
B08B617THX,2025-10-13
B08B617THX,2025-11-10
B08B617THX,2025-12-08
B08B617THX,2026-01-05
B08B617THX,2026-02-02
B08B617THX,2026-03-02
B08B9GM5ZY,2025-04-28
B08B9GM5ZY,2025-05-26
B08B9GM5ZY,2025-06-23
B08B9GM5ZY,2025-07-21
B08B9GM5ZY,2025-08-18
B08B9GM5ZY,2025-09-15
B08B9GM5ZY,2025-10-13
B08B9GM5ZY,2025-11-10
B08B9GM5ZY,2025-12-08
B08B9GM5ZY,2026-01-05
B08B9GM5ZY,2026-02-02
B08B9GM5ZY,2026-03-02
B08BP7MHDD,2025-04-28
B08BP7MHDD,2025-05-26
B08BP7MHDD,2025-06-23
B08BP7MHDD,2025-07-21
B08BP7MHDD,2025-08-18
B08BP7MHDD,2025-09-15
B08BP7MHDD,2025-10-13
B08BP7MHDD,2025-11-10
B08BP7MHDD,2025-12-08
B08BP7MHDD,2026-01-05
B08BP7MHDD,2026-02-02
B08BP7MHDD,2026-03-02
B08C2MN1DN,2025-04-28
B08C2MN1DN,2025-05-26
B08C2MN1DN,2025-06-23
B08C2MN1DN,2025-07-21
B08C2MN1DN,2025-08-18
B08C2MN1DN,2025-09-15
B08C2MN1DN,2025-10-13
B08C2MN1DN,2025-11-10
B08C2MN1DN,2025-12-08
B08C2MN1DN,2026-01-05
B08C2MN1DN,2026-02-02
B08C2MN1DN,2026-03-02
B08CBYLWBH,2025-04-28
B08CBYLWBH,2025-05-26
B08CBYLWBH,2025-06-23
B08CBYLWBH,2025-07-21
B08CBYLWBH,2025-08-18
B08CBYLWBH,2025-09-15
B08CBYLWBH,2025-10-13
B08CBYLWBH,2025-11-10
B08CBYLWBH,2025-12-08
B08CBYLWBH,2026-01-05
B08CBYLWBH,2026-02-02
B08CBYLWBH,2026-03-02
B08CR5TBB4,2025-04-28
B08CR5TBB4,2025-05-26
B08CR5TBB4,2025-06-23
B08CR5TBB4,2025-07-21
B08CR5TBB4,2025-08-18
B08CR5TBB4,2025-09-15
B08CR5TBB4,2025-10-13
B08CR5TBB4,2025-11-10
B08CR5TBB4,2025-12-08
B08CR5TBB4,2026-01-05
B08CR5TBB4,2026-02-02
B08CR5TBB4,2026-03-02
B08CSJQ4P8,2025-04-28
B08CSJQ4P8,2025-05-26
B08CSJQ4P8,2025-06-23
B08CSJQ4P8,2025-07-21
B08CSJQ4P8,2025-08-18
B08CSJQ4P8,2025-09-15
B08CSJQ4P8,2025-10-13
B08CSJQ4P8,2025-11-10
B08CSJQ4P8,2025-12-08
B08CSJQ4P8,2026-01-05
B08CSJQ4P8,2026-02-02
B08CSJQ4P8,2026-03-02
B08CXGNDP5,2025-04-28
B08CXGNDP5,2025-05-26
B08CXGNDP5,2025-06-23
B08CXGNDP5,2025-07-21
B08CXGNDP5,2025-08-18
B08CXGNDP5,2025-09-15
B08CXGNDP5,2025-10-13
B08CXGNDP5,2025-11-10
B08CXGNDP5,2025-12-08
B08CXGNDP5,2026-01-05
B08CXGNDP5,2026-02-02
B08CXGNDP5,2026-03-02
B08CXKK424,2025-04-28
B08CXKK424,2025-05-26
B08CXKK424,2025-06-23
B08CXKK424,2025-07-21
B08CXKK424,2025-08-18
B08CXKK424,2025-09-15
B08CXKK424,2025-10-13
B08CXKK424,2025-11-10
B08CXKK424,2025-12-08
B08CXKK424,2026-01-05
B08CXKK424,2026-02-02
B08CXKK424,2026-03-02
B08CXX74LM,2025-04-28
B08CXX74LM,2025-05-26
B08CXX74LM,2025-06-23
B08CXX74LM,2025-07-21
B08CXX74LM,2025-08-18
B08CXX74LM,2025-09-15
B08CXX74LM,2025-10-13
B08CXX74LM,2025-11-10
B08CXX74LM,2025-12-08
B08CXX74LM,2026-01-05
B08CXX74LM,2026-02-02
B08CXX74LM,2026-03-02
B08CYCFMBQ,2025-04-28
B08CYCFMBQ,2025-05-26
B08CYCFMBQ,2025-06-23
B08CYCFMBQ,2025-07-21
B08CYCFMBQ,2025-08-18
B08CYCFMBQ,2025-09-15
B08CYCFMBQ,2025-10-13
B08CYCFMBQ,2025-11-10
B08CYCFMBQ,2025-12-08
B08CYCFMBQ,2026-01-05
B08CYCFMBQ,2026-02-02
B08CYCFMBQ,2026-03-02
B08CZNGXH8,2025-04-28
B08CZNGXH8,2025-05-26
B08CZNGXH8,2025-06-23
B08CZNGXH8,2025-07-21
B08CZNGXH8,2025-08-18
B08CZNGXH8,2025-09-15
B08CZNGXH8,2025-10-13
B08CZNGXH8,2025-11-10
B08CZNGXH8,2025-12-08
B08CZNGXH8,2026-01-05
B08CZNGXH8,2026-02-02
B08CZNGXH8,2026-03-02
B08FDF1P5G,2025-04-28
B08FDF1P5G,2025-05-26
B08FDF1P5G,2025-06-23
B08FDF1P5G,2025-07-21
B08FDF1P5G,2025-08-18
B08FDF1P5G,2025-09-15
B08FDF1P5G,2025-10-13
B08FDF1P5G,2025-11-10
B08FDF1P5G,2025-12-08
B08FDF1P5G,2026-01-05
B08FDF1P5G,2026-02-02
B08FDF1P5G,2026-03-02
B08FDF716T,2025-04-28
B08FDF716T,2025-05-26
B08FDF716T,2025-06-23
B08FDF716T,2025-07-21
B08FDF716T,2025-08-18
B08FDF716T,2025-09-15
B08FDF716T,2025-10-13
B08FDF716T,2025-11-10
B08FDF716T,2025-12-08
B08FDF716T,2026-01-05
B08FDF716T,2026-02-02
B08FDF716T,2026-03-02
B08FF3GQ2K,2025-04-28
B08FF3GQ2K,2025-05-26
B08FF3GQ2K,2025-06-23
B08FF3GQ2K,2025-07-21
B08FF3GQ2K,2025-08-18
B08FF3GQ2K,2025-09-15
B08FF3GQ2K,2025-10-13
B08FF3GQ2K,2025-11-10
B08FF3GQ2K,2025-12-08
B08FF3GQ2K,2026-01-05
B08FF3GQ2K,2026-02-02
B08FF3GQ2K,2026-03-02
B08FFFFHKH,2025-04-28
B08FFFFHKH,2025-05-26
B08FFFFHKH,2025-06-23
B08FFFFHKH,2025-07-21
B08FFFFHKH,2025-08-18
B08FFFFHKH,2025-09-15
B08FFFFHKH,2025-10-13
B08FFFFHKH,2025-11-10
B08FFFFHKH,2025-12-08
B08FFFFHKH,2026-01-05
B08FFFFHKH,2026-02-02
B08FFFFHKH,2026-03-02
B08FFGGPG9,2025-04-28
B08FFGGPG9,2025-05-26
B08FFGGPG9,2025-06-23
B08FFGGPG9,2025-07-21
B08FFGGPG9,2025-08-18
B08FFGGPG9,2025-09-15
B08FFGGPG9,2025-10-13
B08FFGGPG9,2025-11-10
B08FFGGPG9,2025-12-08
B08FFGGPG9,2026-01-05
B08FFGGPG9,2026-02-02
B08FFGGPG9,2026-03-02
B08FQS15HW,2025-04-28
B08FQS15HW,2025-05-26
B08FQS15HW,2025-06-23
B08FQS15HW,2025-07-21
B08FQS15HW,2025-08-18
B08FQS15HW,2025-09-15
B08FQS15HW,2025-10-13
B08FQS15HW,2025-11-10
B08FQS15HW,2025-12-08
B08FQS15HW,2026-01-05
B08FQS15HW,2026-02-02
B08FQS15HW,2026-03-02
B08FT6YBN6,2025-04-28
B08FT6YBN6,2025-05-26
B08FT6YBN6,2025-06-23
B08FT6YBN6,2025-07-21
B08FT6YBN6,2025-08-18
B08FT6YBN6,2025-09-15
B08FT6YBN6,2025-10-13
B08FT6YBN6,2025-11-10
B08FT6YBN6,2025-12-08
B08FT6YBN6,2026-01-05
B08FT6YBN6,2026-02-02
B08FT6YBN6,2026-03-02
B08FVFVHCK,2025-04-28
B08FVFVHCK,2025-05-26
B08FVFVHCK,2025-06-23
B08FVFVHCK,2025-07-21
B08FVFVHCK,2025-08-18
B08FVFVHCK,2025-09-15
B08FVFVHCK,2025-10-13
B08FVFVHCK,2025-11-10
B08FVFVHCK,2025-12-08
B08FVFVHCK,2026-01-05
B08FVFVHCK,2026-02-02
B08FVFVHCK,2026-03-02
B08G4PKHZN,2025-04-28
B08G4PKHZN,2025-05-26
B08G4PKHZN,2025-06-23
B08G4PKHZN,2025-07-21
B08G4PKHZN,2025-08-18
B08G4PKHZN,2025-09-15
B08G4PKHZN,2025-10-13
B08G4PKHZN,2025-11-10
B08G4PKHZN,2025-12-08
B08G4PKHZN,2026-01-05
B08G4PKHZN,2026-02-02
B08G4PKHZN,2026-03-02
B08GHZV8FR,2025-04-28
B08GHZV8FR,2025-05-26
B08GHZV8FR,2025-06-23
B08GHZV8FR,2025-07-21
B08GHZV8FR,2025-08-18
B08GHZV8FR,2025-09-15
B08GHZV8FR,2025-10-13
B08GHZV8FR,2025-11-10
B08GHZV8FR,2025-12-08
B08GHZV8FR,2026-01-05
B08GHZV8FR,2026-02-02
B08GHZV8FR,2026-03-02
B08GNTZ7NV,2025-04-28
B08GNTZ7NV,2025-05-26
B08GNTZ7NV,2025-06-23
B08GNTZ7NV,2025-07-21
B08GNTZ7NV,2025-08-18
B08GNTZ7NV,2025-09-15
B08GNTZ7NV,2025-10-13
B08GNTZ7NV,2025-11-10
B08GNTZ7NV,2025-12-08
B08GNTZ7NV,2026-01-05
B08GNTZ7NV,2026-02-02
B08GNTZ7NV,2026-03-02
B08HLTB6CT,2025-04-28
B08HLTB6CT,2025-05-26
B08HLTB6CT,2025-06-23
B08HLTB6CT,2025-07-21
B08HLTB6CT,2025-08-18
B08HLTB6CT,2025-09-15
B08HLTB6CT,2025-10-13
B08HLTB6CT,2025-11-10
B08HLTB6CT,2025-12-08
B08HLTB6CT,2026-01-05
B08HLTB6CT,2026-02-02
B08HLTB6CT,2026-03-02
B08HLV3PVN,2025-04-28
B08HLV3PVN,2025-05-26
B08HLV3PVN,2025-06-23
B08HLV3PVN,2025-07-21
B08HLV3PVN,2025-08-18
B08HLV3PVN,2025-09-15
B08HLV3PVN,2025-10-13
B08HLV3PVN,2025-11-10
B08HLV3PVN,2025-12-08
B08HLV3PVN,2026-01-05
B08HLV3PVN,2026-02-02
B08HLV3PVN,2026-03-02
B08JP7MR21,2025-04-28
B08JP7MR21,2025-05-26
B08JP7MR21,2025-06-23
B08JP7MR21,2025-07-21
B08JP7MR21,2025-08-18
B08JP7MR21,2025-09-15
B08JP7MR21,2025-10-13
B08JP7MR21,2025-11-10
B08JP7MR21,2025-12-08
B08JP7MR21,2026-01-05
B08JP7MR21,2026-02-02
B08JP7MR21,2026-03-02
B08JPX5B6L,2025-04-28
B08JPX5B6L,2025-05-26
B08JPX5B6L,2025-06-23
B08JPX5B6L,2025-07-21
B08JPX5B6L,2025-08-18
B08JPX5B6L,2025-09-15
B08JPX5B6L,2025-10-13
B08JPX5B6L,2025-11-10
B08JPX5B6L,2025-12-08
B08JPX5B6L,2026-01-05
B08JPX5B6L,2026-02-02
B08JPX5B6L,2026-03-02
B08K8DP84H,2025-04-28
B08K8DP84H,2025-05-26
B08K8DP84H,2025-06-23
B08K8DP84H,2025-07-21
B08K8DP84H,2025-08-18
B08K8DP84H,2025-09-15
B08K8DP84H,2025-10-13
B08K8DP84H,2025-11-10
B08K8DP84H,2025-12-08
B08K8DP84H,2026-01-05
B08K8DP84H,2026-02-02
B08K8DP84H,2026-03-02
B08K8FM4BS,2025-04-28
B08K8FM4BS,2025-05-26
B08K8FM4BS,2025-06-23
B08K8FM4BS,2025-07-21
B08K8FM4BS,2025-08-18
B08K8FM4BS,2025-09-15
B08K8FM4BS,2025-10-13
B08K8FM4BS,2025-11-10
B08K8FM4BS,2025-12-08
B08K8FM4BS,2026-01-05
B08K8FM4BS,2026-02-02
B08K8FM4BS,2026-03-02
B08K8HP2X5,2025-04-28
B08K8HP2X5,2025-05-26
B08K8HP2X5,2025-06-23
B08K8HP2X5,2025-07-21
B08K8HP2X5,2025-08-18
B08K8HP2X5,2025-09-15
B08K8HP2X5,2025-10-13
B08K8HP2X5,2025-11-10
B08K8HP2X5,2025-12-08
B08K8HP2X5,2026-01-05
B08K8HP2X5,2026-02-02
B08K8HP2X5,2026-03-02
B08K8TXWMH,2025-04-28
B08K8TXWMH,2025-05-26
B08K8TXWMH,2025-06-23
B08K8TXWMH,2025-07-21
B08K8TXWMH,2025-08-18
B08K8TXWMH,2025-09-15
B08K8TXWMH,2025-10-13
B08K8TXWMH,2025-11-10
B08K8TXWMH,2025-12-08
B08K8TXWMH,2026-01-05
B08K8TXWMH,2026-02-02
B08K8TXWMH,2026-03-02
B08K8VMP44,2025-04-28
B08K8VMP44,2025-05-26
B08K8VMP44,2025-06-23
B08K8VMP44,2025-07-21
B08K8VMP44,2025-08-18
B08K8VMP44,2025-09-15
B08K8VMP44,2025-10-13
B08K8VMP44,2025-11-10
B08K8VMP44,2025-12-08
B08K8VMP44,2026-01-05
B08K8VMP44,2026-02-02
B08K8VMP44,2026-03-02
B08KSHF97S,2025-04-28
B08KSHF97S,2025-05-26
B08KSHF97S,2025-06-23
B08KSHF97S,2025-07-21
B08KSHF97S,2025-08-18
B08KSHF97S,2025-09-15
B08KSHF97S,2025-10-13
B08KSHF97S,2025-11-10
B08KSHF97S,2025-12-08
B08KSHF97S,2026-01-05
B08KSHF97S,2026-02-02
B08KSHF97S,2026-03-02
B08KTQJS16,2025-04-28
B08KTQJS16,2025-05-26
B08KTQJS16,2025-06-23
B08KTQJS16,2025-07-21
B08KTQJS16,2025-08-18
B08KTQJS16,2025-09-15
B08KTQJS16,2025-10-13
B08KTQJS16,2025-11-10
B08KTQJS16,2025-12-08
B08KTQJS16,2026-01-05
B08KTQJS16,2026-02-02
B08KTQJS16,2026-03-02
B08L3G1X4T,2025-04-28
B08L3G1X4T,2025-05-26
B08L3G1X4T,2025-06-23
B08L3G1X4T,2025-07-21
B08L3G1X4T,2025-08-18
B08L3G1X4T,2025-09-15
B08L3G1X4T,2025-10-13
B08L3G1X4T,2025-11-10
B08L3G1X4T,2025-12-08
B08L3G1X4T,2026-01-05
B08L3G1X4T,2026-02-02
B08L3G1X4T,2026-03-02
B08L9JXFVX,2025-04-28
B08L9JXFVX,2025-05-26
B08L9JXFVX,2025-06-23
B08L9JXFVX,2025-07-21
B08L9JXFVX,2025-08-18
B08L9JXFVX,2025-09-15
B08L9JXFVX,2025-10-13
B08L9JXFVX,2025-11-10
B08L9JXFVX,2025-12-08
B08L9JXFVX,2026-01-05
B08L9JXFVX,2026-02-02
B08L9JXFVX,2026-03-02
B08LB4C988,2025-04-28
B08LB4C988,2025-05-26
B08LB4C988,2025-06-23
B08LB4C988,2025-07-21
B08LB4C988,2025-08-18
B08LB4C988,2025-09-15
B08LB4C988,2025-10-13
B08LB4C988,2025-11-10
B08LB4C988,2025-12-08
B08LB4C988,2026-01-05
B08LB4C988,2026-02-02
B08LB4C988,2026-03-02
B08LB4SBWX,2025-04-28
B08LB4SBWX,2025-05-26
B08LB4SBWX,2025-06-23
B08LB4SBWX,2025-07-21
B08LB4SBWX,2025-08-18
B08LB4SBWX,2025-09-15
B08LB4SBWX,2025-10-13
B08LB4SBWX,2025-11-10
B08LB4SBWX,2025-12-08
B08LB4SBWX,2026-01-05
B08LB4SBWX,2026-02-02
B08LB4SBWX,2026-03-02
B08LDJRYJG,2025-04-28
B08LDJRYJG,2025-05-26
B08LDJRYJG,2025-06-23
B08LDJRYJG,2025-07-21
B08LDJRYJG,2025-08-18
B08LDJRYJG,2025-09-15
B08LDJRYJG,2025-10-13
B08LDJRYJG,2025-11-10
B08LDJRYJG,2025-12-08
B08LDJRYJG,2026-01-05
B08LDJRYJG,2026-02-02
B08LDJRYJG,2026-03-02
B08LDKQL54,2025-04-28
B08LDKQL54,2025-05-26
B08LDKQL54,2025-06-23
B08LDKQL54,2025-07-21
B08LDKQL54,2025-08-18
B08LDKQL54,2025-09-15
B08LDKQL54,2025-10-13
B08LDKQL54,2025-11-10
B08LDKQL54,2025-12-08
B08LDKQL54,2026-01-05
B08LDKQL54,2026-02-02
B08LDKQL54,2026-03-02
B08LK4XV5B,2025-04-28
B08LK4XV5B,2025-05-26
B08LK4XV5B,2025-06-23
B08LK4XV5B,2025-07-21
B08LK4XV5B,2025-08-18
B08LK4XV5B,2025-09-15
B08LK4XV5B,2025-10-13
B08LK4XV5B,2025-11-10
B08LK4XV5B,2025-12-08
B08LK4XV5B,2026-01-05
B08LK4XV5B,2026-02-02
B08LK4XV5B,2026-03-02
B08M43PR9S,2025-04-28
B08M43PR9S,2025-05-26
B08M43PR9S,2025-06-23
B08M43PR9S,2025-07-21
B08M43PR9S,2025-08-18
B08M43PR9S,2025-09-15
B08M43PR9S,2025-10-13
B08M43PR9S,2025-11-10
B08M43PR9S,2025-12-08
B08M43PR9S,2026-01-05
B08M43PR9S,2026-02-02
B08M43PR9S,2026-03-02
B08MHQ3WCD,2025-04-28
B08MHQ3WCD,2025-05-26
B08MHQ3WCD,2025-06-23
B08MHQ3WCD,2025-07-21
B08MHQ3WCD,2025-08-18
B08MHQ3WCD,2025-09-15
B08MHQ3WCD,2025-10-13
B08MHQ3WCD,2025-11-10
B08MHQ3WCD,2025-12-08
B08MHQ3WCD,2026-01-05
B08MHQ3WCD,2026-02-02
B08MHQ3WCD,2026-03-02
B08MXQ1M18,2025-04-28
B08MXQ1M18,2025-05-26
B08MXQ1M18,2025-06-23
B08MXQ1M18,2025-07-21
B08MXQ1M18,2025-08-18
B08MXQ1M18,2025-09-15
B08MXQ1M18,2025-10-13
B08MXQ1M18,2025-11-10
B08MXQ1M18,2025-12-08
B08MXQ1M18,2026-01-05
B08MXQ1M18,2026-02-02
B08MXQ1M18,2026-03-02
B08N5G9TCP,2025-04-28
B08N5G9TCP,2025-05-26
B08N5G9TCP,2025-06-23
B08N5G9TCP,2025-07-21
B08N5G9TCP,2025-08-18
B08N5G9TCP,2025-09-15
B08N5G9TCP,2025-10-13
B08N5G9TCP,2025-11-10
B08N5G9TCP,2025-12-08
B08N5G9TCP,2026-01-05
B08N5G9TCP,2026-02-02
B08N5G9TCP,2026-03-02
B08NCSKF9V,2025-04-28
B08NCSKF9V,2025-05-26
B08NCSKF9V,2025-06-23
B08NCSKF9V,2025-07-21
B08NCSKF9V,2025-08-18
B08NCSKF9V,2025-09-15
B08NCSKF9V,2025-10-13
B08NCSKF9V,2025-11-10
B08NCSKF9V,2025-12-08
B08NCSKF9V,2026-01-05
B08NCSKF9V,2026-02-02
B08NCSKF9V,2026-03-02
B08NTL1FGM,2025-04-28
B08NTL1FGM,2025-05-26
B08NTL1FGM,2025-06-23
B08NTL1FGM,2025-07-21
B08NTL1FGM,2025-08-18
B08NTL1FGM,2025-09-15
B08NTL1FGM,2025-10-13
B08NTL1FGM,2025-11-10
B08NTL1FGM,2025-12-08
B08NTL1FGM,2026-01-05
B08NTL1FGM,2026-02-02
B08NTL1FGM,2026-03-02
B08NX376C6,2025-04-28
B08NX376C6,2025-05-26
B08NX376C6,2025-06-23
B08NX376C6,2025-07-21
B08NX376C6,2025-08-18
B08NX376C6,2025-09-15
B08NX376C6,2025-10-13
B08NX376C6,2025-11-10
B08NX376C6,2025-12-08
B08NX376C6,2026-01-05
B08NX376C6,2026-02-02
B08NX376C6,2026-03-02
B08P6N6PRZ,2025-04-28
B08P6N6PRZ,2025-05-26
B08P6N6PRZ,2025-06-23
B08P6N6PRZ,2025-07-21
B08P6N6PRZ,2025-08-18
B08P6N6PRZ,2025-09-15
B08P6N6PRZ,2025-10-13
B08P6N6PRZ,2025-11-10
B08P6N6PRZ,2025-12-08
B08P6N6PRZ,2026-01-05
B08P6N6PRZ,2026-02-02
B08P6N6PRZ,2026-03-02
B08PV6QNCM,2025-04-28
B08PV6QNCM,2025-05-26
B08PV6QNCM,2025-06-23
B08PV6QNCM,2025-07-21
B08PV6QNCM,2025-08-18
B08PV6QNCM,2025-09-15
B08PV6QNCM,2025-10-13
B08PV6QNCM,2025-11-10
B08PV6QNCM,2025-12-08
B08PV6QNCM,2026-01-05
B08PV6QNCM,2026-02-02
B08PV6QNCM,2026-03-02
B08Q38RB6D,2025-04-28
B08Q38RB6D,2025-05-26
B08Q38RB6D,2025-06-23
B08Q38RB6D,2025-07-21
B08Q38RB6D,2025-08-18
B08Q38RB6D,2025-09-15
B08Q38RB6D,2025-10-13
B08Q38RB6D,2025-11-10
B08Q38RB6D,2025-12-08
B08Q38RB6D,2026-01-05
B08Q38RB6D,2026-02-02
B08Q38RB6D,2026-03-02
B08Q3KMS99,2025-04-28
B08Q3KMS99,2025-05-26
B08Q3KMS99,2025-06-23
B08Q3KMS99,2025-07-21
B08Q3KMS99,2025-08-18
B08Q3KMS99,2025-09-15
B08Q3KMS99,2025-10-13
B08Q3KMS99,2025-11-10
B08Q3KMS99,2025-12-08
B08Q3KMS99,2026-01-05
B08Q3KMS99,2026-02-02
B08Q3KMS99,2026-03-02
B08Q3KTT8K,2025-04-28
B08Q3KTT8K,2025-05-26
B08Q3KTT8K,2025-06-23
B08Q3KTT8K,2025-07-21
B08Q3KTT8K,2025-08-18
B08Q3KTT8K,2025-09-15
B08Q3KTT8K,2025-10-13
B08Q3KTT8K,2025-11-10
B08Q3KTT8K,2025-12-08
B08Q3KTT8K,2026-01-05
B08Q3KTT8K,2026-02-02
B08Q3KTT8K,2026-03-02
B08QB2FJ1G,2025-04-28
B08QB2FJ1G,2025-05-26
B08QB2FJ1G,2025-06-23
B08QB2FJ1G,2025-07-21
B08QB2FJ1G,2025-08-18
B08QB2FJ1G,2025-09-15
B08QB2FJ1G,2025-10-13
B08QB2FJ1G,2025-11-10
B08QB2FJ1G,2025-12-08
B08QB2FJ1G,2026-01-05
B08QB2FJ1G,2026-02-02
B08QB2FJ1G,2026-03-02
B08QZ3FJQ9,2025-04-28
B08QZ3FJQ9,2025-05-26
B08QZ3FJQ9,2025-06-23
B08QZ3FJQ9,2025-07-21
B08QZ3FJQ9,2025-08-18
B08QZ3FJQ9,2025-09-15
B08QZ3FJQ9,2025-10-13
B08QZ3FJQ9,2025-11-10
B08QZ3FJQ9,2025-12-08
B08QZ3FJQ9,2026-01-05
B08QZ3FJQ9,2026-02-02
B08QZ3FJQ9,2026-03-02
B08QZ4394X,2025-04-28
B08QZ4394X,2025-05-26
B08QZ4394X,2025-06-23
B08QZ4394X,2025-07-21
B08QZ4394X,2025-08-18
B08QZ4394X,2025-09-15
B08QZ4394X,2025-10-13
B08QZ4394X,2025-11-10
B08QZ4394X,2025-12-08
B08QZ4394X,2026-01-05
B08QZ4394X,2026-02-02
B08QZ4394X,2026-03-02
B08R5VBBDX,2025-04-28
B08R5VBBDX,2025-05-26
B08R5VBBDX,2025-06-23
B08R5VBBDX,2025-07-21
B08R5VBBDX,2025-08-18
B08R5VBBDX,2025-09-15
B08R5VBBDX,2025-10-13
B08R5VBBDX,2025-11-10
B08R5VBBDX,2025-12-08
B08R5VBBDX,2026-01-05
B08R5VBBDX,2026-02-02
B08R5VBBDX,2026-03-02
B08R86TCY4,2025-04-28
B08R86TCY4,2025-05-26
B08R86TCY4,2025-06-23
B08R86TCY4,2025-07-21
B08R86TCY4,2025-08-18
B08R86TCY4,2025-09-15
B08R86TCY4,2025-10-13
B08R86TCY4,2025-11-10
B08R86TCY4,2025-12-08
B08R86TCY4,2026-01-05
B08R86TCY4,2026-02-02
B08R86TCY4,2026-03-02
B08RBJZBV8,2025-04-28
B08RBJZBV8,2025-05-26
B08RBJZBV8,2025-06-23
B08RBJZBV8,2025-07-21
B08RBJZBV8,2025-08-18
B08RBJZBV8,2025-09-15
B08RBJZBV8,2025-10-13
B08RBJZBV8,2025-11-10
B08RBJZBV8,2025-12-08
B08RBJZBV8,2026-01-05
B08RBJZBV8,2026-02-02
B08RBJZBV8,2026-03-02
B08RBLBMH7,2025-04-28
B08RBLBMH7,2025-05-26
B08RBLBMH7,2025-06-23
B08RBLBMH7,2025-07-21
B08RBLBMH7,2025-08-18
B08RBLBMH7,2025-09-15
B08RBLBMH7,2025-10-13
B08RBLBMH7,2025-11-10
B08RBLBMH7,2025-12-08
B08RBLBMH7,2026-01-05
B08RBLBMH7,2026-02-02
B08RBLBMH7,2026-03-02
B08RLCGYS5,2025-04-28
B08RLCGYS5,2025-05-26
B08RLCGYS5,2025-06-23
B08RLCGYS5,2025-07-21
B08RLCGYS5,2025-08-18
B08RLCGYS5,2025-09-15
B08RLCGYS5,2025-10-13
B08RLCGYS5,2025-11-10
B08RLCGYS5,2025-12-08
B08RLCGYS5,2026-01-05
B08RLCGYS5,2026-02-02
B08RLCGYS5,2026-03-02
B08RYP4JS4,2025-04-28
B08RYP4JS4,2025-05-26
B08RYP4JS4,2025-06-23
B08RYP4JS4,2025-07-21
B08RYP4JS4,2025-08-18
B08RYP4JS4,2025-09-15
B08RYP4JS4,2025-10-13
B08RYP4JS4,2025-11-10
B08RYP4JS4,2025-12-08
B08RYP4JS4,2026-01-05
B08RYP4JS4,2026-02-02
B08RYP4JS4,2026-03-02
B08RYQ4BHB,2025-04-28
B08RYQ4BHB,2025-05-26
B08RYQ4BHB,2025-06-23
B08RYQ4BHB,2025-07-21
B08RYQ4BHB,2025-08-18
B08RYQ4BHB,2025-09-15
B08RYQ4BHB,2025-10-13
B08RYQ4BHB,2025-11-10
B08RYQ4BHB,2025-12-08
B08RYQ4BHB,2026-01-05
B08RYQ4BHB,2026-02-02
B08RYQ4BHB,2026-03-02
B08SC943QM,2025-04-28
B08SC943QM,2025-05-26
B08SC943QM,2025-06-23
B08SC943QM,2025-07-21
B08SC943QM,2025-08-18
B08SC943QM,2025-09-15
B08SC943QM,2025-10-13
B08SC943QM,2025-11-10
B08SC943QM,2025-12-08
B08SC943QM,2026-01-05
B08SC943QM,2026-02-02
B08SC943QM,2026-03-02
B08SQLG2GJ,2025-04-28
B08SQLG2GJ,2025-05-26
B08SQLG2GJ,2025-06-23
B08SQLG2GJ,2025-07-21
B08SQLG2GJ,2025-08-18
B08SQLG2GJ,2025-09-15
B08SQLG2GJ,2025-10-13
B08SQLG2GJ,2025-11-10
B08SQLG2GJ,2025-12-08
B08SQLG2GJ,2026-01-05
B08SQLG2GJ,2026-02-02
B08SQLG2GJ,2026-03-02
B08SQQ9DXB,2025-04-28
B08SQQ9DXB,2025-05-26
B08SQQ9DXB,2025-06-23
B08SQQ9DXB,2025-07-21
B08SQQ9DXB,2025-08-18
B08SQQ9DXB,2025-09-15
B08SQQ9DXB,2025-10-13
B08SQQ9DXB,2025-11-10
B08SQQ9DXB,2025-12-08
B08SQQ9DXB,2026-01-05
B08SQQ9DXB,2026-02-02
B08SQQ9DXB,2026-03-02
B08TGQ6RVP,2025-04-28
B08TGQ6RVP,2025-05-26
B08TGQ6RVP,2025-06-23
B08TGQ6RVP,2025-07-21
B08TGQ6RVP,2025-08-18
B08TGQ6RVP,2025-09-15
B08TGQ6RVP,2025-10-13
B08TGQ6RVP,2025-11-10
B08TGQ6RVP,2025-12-08
B08TGQ6RVP,2026-01-05
B08TGQ6RVP,2026-02-02
B08TGQ6RVP,2026-03-02
B08XLBHZBC,2025-04-28
B08XLBHZBC,2025-05-26
B08XLBHZBC,2025-06-23
B08XLBHZBC,2025-07-21
B08XLBHZBC,2025-08-18
B08XLBHZBC,2025-09-15
B08XLBHZBC,2025-10-13
B08XLBHZBC,2025-11-10
B08XLBHZBC,2025-12-08
B08XLBHZBC,2026-01-05
B08XLBHZBC,2026-02-02
B08XLBHZBC,2026-03-02
B08YMWGTMH,2025-04-28
B08YMWGTMH,2025-05-26
B08YMWGTMH,2025-06-23
B08YMWGTMH,2025-07-21
B08YMWGTMH,2025-08-18
B08YMWGTMH,2025-09-15
B08YMWGTMH,2025-10-13
B08YMWGTMH,2025-11-10
B08YMWGTMH,2025-12-08
B08YMWGTMH,2026-01-05
B08YMWGTMH,2026-02-02
B08YMWGTMH,2026-03-02
B08Z73Z4N1,2025-04-28
B08Z73Z4N1,2025-05-26
B08Z73Z4N1,2025-06-23
B08Z73Z4N1,2025-07-21
B08Z73Z4N1,2025-08-18
B08Z73Z4N1,2025-09-15
B08Z73Z4N1,2025-10-13
B08Z73Z4N1,2025-11-10
B08Z73Z4N1,2025-12-08
B08Z73Z4N1,2026-01-05
B08Z73Z4N1,2026-02-02
B08Z73Z4N1,2026-03-02
B08Z7HCL4Z,2025-04-28
B08Z7HCL4Z,2025-05-26
B08Z7HCL4Z,2025-06-23
B08Z7HCL4Z,2025-07-21
B08Z7HCL4Z,2025-08-18
B08Z7HCL4Z,2025-09-15
B08Z7HCL4Z,2025-10-13
B08Z7HCL4Z,2025-11-10
B08Z7HCL4Z,2025-12-08
B08Z7HCL4Z,2026-01-05
B08Z7HCL4Z,2026-02-02
B08Z7HCL4Z,2026-03-02
B08Z7T7KFH,2025-04-28
B08Z7T7KFH,2025-05-26
B08Z7T7KFH,2025-06-23
B08Z7T7KFH,2025-07-21
B08Z7T7KFH,2025-08-18
B08Z7T7KFH,2025-09-15
B08Z7T7KFH,2025-10-13
B08Z7T7KFH,2025-11-10
B08Z7T7KFH,2025-12-08
B08Z7T7KFH,2026-01-05
B08Z7T7KFH,2026-02-02
B08Z7T7KFH,2026-03-02
B08ZC9VX93,2025-04-28
B08ZC9VX93,2025-05-26
B08ZC9VX93,2025-06-23
B08ZC9VX93,2025-07-21
B08ZC9VX93,2025-08-18
B08ZC9VX93,2025-09-15
B08ZC9VX93,2025-10-13
B08ZC9VX93,2025-11-10
B08ZC9VX93,2025-12-08
B08ZC9VX93,2026-01-05
B08ZC9VX93,2026-02-02
B08ZC9VX93,2026-03-02
B08ZHKVH6M,2025-04-28
B08ZHKVH6M,2025-05-26
B08ZHKVH6M,2025-06-23
B08ZHKVH6M,2025-07-21
B08ZHKVH6M,2025-08-18
B08ZHKVH6M,2025-09-15
B08ZHKVH6M,2025-10-13
B08ZHKVH6M,2025-11-10
B08ZHKVH6M,2025-12-08
B08ZHKVH6M,2026-01-05
B08ZHKVH6M,2026-02-02
B08ZHKVH6M,2026-03-02
B08ZHX1CXW,2025-04-28
B08ZHX1CXW,2025-05-26
B08ZHX1CXW,2025-06-23
B08ZHX1CXW,2025-07-21
B08ZHX1CXW,2025-08-18
B08ZHX1CXW,2025-09-15
B08ZHX1CXW,2025-10-13
B08ZHX1CXW,2025-11-10
B08ZHX1CXW,2025-12-08
B08ZHX1CXW,2026-01-05
B08ZHX1CXW,2026-02-02
B08ZHX1CXW,2026-03-02
B08ZKHS9KH,2025-04-28
B08ZKHS9KH,2025-05-26
B08ZKHS9KH,2025-06-23
B08ZKHS9KH,2025-07-21
B08ZKHS9KH,2025-08-18
B08ZKHS9KH,2025-09-15
B08ZKHS9KH,2025-10-13
B08ZKHS9KH,2025-11-10
B08ZKHS9KH,2025-12-08
B08ZKHS9KH,2026-01-05
B08ZKHS9KH,2026-02-02
B08ZKHS9KH,2026-03-02
B08ZLZGJ5L,2025-04-28
B08ZLZGJ5L,2025-05-26
B08ZLZGJ5L,2025-06-23
B08ZLZGJ5L,2025-07-21
B08ZLZGJ5L,2025-08-18
B08ZLZGJ5L,2025-09-15
B08ZLZGJ5L,2025-10-13
B08ZLZGJ5L,2025-11-10
B08ZLZGJ5L,2025-12-08
B08ZLZGJ5L,2026-01-05
B08ZLZGJ5L,2026-02-02
B08ZLZGJ5L,2026-03-02
B091GTM6HY,2025-04-28
B091GTM6HY,2025-05-26
B091GTM6HY,2025-06-23
B091GTM6HY,2025-07-21
B091GTM6HY,2025-08-18
B091GTM6HY,2025-09-15
B091GTM6HY,2025-10-13
B091GTM6HY,2025-11-10
B091GTM6HY,2025-12-08
B091GTM6HY,2026-01-05
B091GTM6HY,2026-02-02
B091GTM6HY,2026-03-02
B091GV9M9S,2025-04-28
B091GV9M9S,2025-05-26
B091GV9M9S,2025-06-23
B091GV9M9S,2025-07-21
B091GV9M9S,2025-08-18
B091GV9M9S,2025-09-15
B091GV9M9S,2025-10-13
B091GV9M9S,2025-11-10
B091GV9M9S,2025-12-08
B091GV9M9S,2026-01-05
B091GV9M9S,2026-02-02
B091GV9M9S,2026-03-02
B091HGXPL3,2025-04-28
B091HGXPL3,2025-05-26
B091HGXPL3,2025-06-23
B091HGXPL3,2025-07-21
B091HGXPL3,2025-08-18
B091HGXPL3,2025-09-15
B091HGXPL3,2025-10-13
B091HGXPL3,2025-11-10
B091HGXPL3,2025-12-08
B091HGXPL3,2026-01-05
B091HGXPL3,2026-02-02
B091HGXPL3,2026-03-02
B092212ZG1,2025-04-28
B092212ZG1,2025-05-26
B092212ZG1,2025-06-23
B092212ZG1,2025-07-21
B092212ZG1,2025-08-18
B092212ZG1,2025-09-15
B092212ZG1,2025-10-13
B092212ZG1,2025-11-10
B092212ZG1,2025-12-08
B092212ZG1,2026-01-05
B092212ZG1,2026-02-02
B092212ZG1,2026-03-02
B0928HP4VN,2025-04-28
B0928HP4VN,2025-05-26
B0928HP4VN,2025-06-23
B0928HP4VN,2025-07-21
B0928HP4VN,2025-08-18
B0928HP4VN,2025-09-15
B0928HP4VN,2025-10-13
B0928HP4VN,2025-11-10
B0928HP4VN,2025-12-08
B0928HP4VN,2026-01-05
B0928HP4VN,2026-02-02
B0928HP4VN,2026-03-02
B092S7ZK5F,2025-04-28
B092S7ZK5F,2025-05-26
B092S7ZK5F,2025-06-23
B092S7ZK5F,2025-07-21
B092S7ZK5F,2025-08-18
B092S7ZK5F,2025-09-15
B092S7ZK5F,2025-10-13
B092S7ZK5F,2025-11-10
B092S7ZK5F,2025-12-08
B092S7ZK5F,2026-01-05
B092S7ZK5F,2026-02-02
B092S7ZK5F,2026-03-02
B092ZPLHJ5,2025-04-28
B092ZPLHJ5,2025-05-26
B092ZPLHJ5,2025-06-23
B092ZPLHJ5,2025-07-21
B092ZPLHJ5,2025-08-18
B092ZPLHJ5,2025-09-15
B092ZPLHJ5,2025-10-13
B092ZPLHJ5,2025-11-10
B092ZPLHJ5,2025-12-08
B092ZPLHJ5,2026-01-05
B092ZPLHJ5,2026-02-02
B092ZPLHJ5,2026-03-02
B092ZRLN1C,2025-04-28
B092ZRLN1C,2025-05-26
B092ZRLN1C,2025-06-23
B092ZRLN1C,2025-07-21
B092ZRLN1C,2025-08-18
B092ZRLN1C,2025-09-15
B092ZRLN1C,2025-10-13
B092ZRLN1C,2025-11-10
B092ZRLN1C,2025-12-08
B092ZRLN1C,2026-01-05
B092ZRLN1C,2026-02-02
B092ZRLN1C,2026-03-02
B093BJFVVV,2025-04-28
B093BJFVVV,2025-05-26
B093BJFVVV,2025-06-23
B093BJFVVV,2025-07-21
B093BJFVVV,2025-08-18
B093BJFVVV,2025-09-15
B093BJFVVV,2025-10-13
B093BJFVVV,2025-11-10
B093BJFVVV,2025-12-08
B093BJFVVV,2026-01-05
B093BJFVVV,2026-02-02
B093BJFVVV,2026-03-02
B093BL13VM,2025-04-28
B093BL13VM,2025-05-26
B093BL13VM,2025-06-23
B093BL13VM,2025-07-21
B093BL13VM,2025-08-18
B093BL13VM,2025-09-15
B093BL13VM,2025-10-13
B093BL13VM,2025-11-10
B093BL13VM,2025-12-08
B093BL13VM,2026-01-05
B093BL13VM,2026-02-02
B093BL13VM,2026-03-02
B093V3G423,2025-04-28
B093V3G423,2025-05-26
B093V3G423,2025-06-23
B093V3G423,2025-07-21
B093V3G423,2025-08-18
B093V3G423,2025-09-15
B093V3G423,2025-10-13
B093V3G423,2025-11-10
B093V3G423,2025-12-08
B093V3G423,2026-01-05
B093V3G423,2026-02-02
B093V3G423,2026-03-02
B0948W5QWP,2025-04-28
B0948W5QWP,2025-05-26
B0948W5QWP,2025-06-23
B0948W5QWP,2025-07-21
B0948W5QWP,2025-08-18
B0948W5QWP,2025-09-15
B0948W5QWP,2025-10-13
B0948W5QWP,2025-11-10
B0948W5QWP,2025-12-08
B0948W5QWP,2026-01-05
B0948W5QWP,2026-02-02
B0948W5QWP,2026-03-02
B0949SR34H,2025-04-28
B0949SR34H,2025-05-26
B0949SR34H,2025-06-23
B0949SR34H,2025-07-21
B0949SR34H,2025-08-18
B0949SR34H,2025-09-15
B0949SR34H,2025-10-13
B0949SR34H,2025-11-10
B0949SR34H,2025-12-08
B0949SR34H,2026-01-05
B0949SR34H,2026-02-02
B0949SR34H,2026-03-02
B095HCKTNS,2025-04-28
B095HCKTNS,2025-05-26
B095HCKTNS,2025-06-23
B095HCKTNS,2025-07-21
B095HCKTNS,2025-08-18
B095HCKTNS,2025-09-15
B095HCKTNS,2025-10-13
B095HCKTNS,2025-11-10
B095HCKTNS,2025-12-08
B095HCKTNS,2026-01-05
B095HCKTNS,2026-02-02
B095HCKTNS,2026-03-02
B095P889WH,2025-04-28
B095P889WH,2025-05-26
B095P889WH,2025-06-23
B095P889WH,2025-07-21
B095P889WH,2025-08-18
B095P889WH,2025-09-15
B095P889WH,2025-10-13
B095P889WH,2025-11-10
B095P889WH,2025-12-08
B095P889WH,2026-01-05
B095P889WH,2026-02-02
B095P889WH,2026-03-02
B0964G6QD2,2025-04-28
B0964G6QD2,2025-05-26
B0964G6QD2,2025-06-23
B0964G6QD2,2025-07-21
B0964G6QD2,2025-08-18
B0964G6QD2,2025-09-15
B0964G6QD2,2025-10-13
B0964G6QD2,2025-11-10
B0964G6QD2,2025-12-08
B0964G6QD2,2026-01-05
B0964G6QD2,2026-02-02
B0964G6QD2,2026-03-02
B096K4CW4T,2025-04-28
B096K4CW4T,2025-05-26
B096K4CW4T,2025-06-23
B096K4CW4T,2025-07-21
B096K4CW4T,2025-08-18
B096K4CW4T,2025-09-15
B096K4CW4T,2025-10-13
B096K4CW4T,2025-11-10
B096K4CW4T,2025-12-08
B096K4CW4T,2026-01-05
B096K4CW4T,2026-02-02
B096K4CW4T,2026-03-02
B097R46B3H,2025-04-28
B097R46B3H,2025-05-26
B097R46B3H,2025-06-23
B097R46B3H,2025-07-21
B097R46B3H,2025-08-18
B097R46B3H,2025-09-15
B097R46B3H,2025-10-13
B097R46B3H,2025-11-10
B097R46B3H,2025-12-08
B097R46B3H,2026-01-05
B097R46B3H,2026-02-02
B097R46B3H,2026-03-02
B0983LWFXT,2025-04-28
B0983LWFXT,2025-05-26
B0983LWFXT,2025-06-23
B0983LWFXT,2025-07-21
B0983LWFXT,2025-08-18
B0983LWFXT,2025-09-15
B0983LWFXT,2025-10-13
B0983LWFXT,2025-11-10
B0983LWFXT,2025-12-08
B0983LWFXT,2026-01-05
B0983LWFXT,2026-02-02
B0983LWFXT,2026-03-02
B0983S1DH2,2025-04-28
B0983S1DH2,2025-05-26
B0983S1DH2,2025-06-23
B0983S1DH2,2025-07-21
B0983S1DH2,2025-08-18
B0983S1DH2,2025-09-15
B0983S1DH2,2025-10-13
B0983S1DH2,2025-11-10
B0983S1DH2,2025-12-08
B0983S1DH2,2026-01-05
B0983S1DH2,2026-02-02
B0983S1DH2,2026-03-02
B0983VFGRT,2025-04-28
B0983VFGRT,2025-05-26
B0983VFGRT,2025-06-23
B0983VFGRT,2025-07-21
B0983VFGRT,2025-08-18
B0983VFGRT,2025-09-15
B0983VFGRT,2025-10-13
B0983VFGRT,2025-11-10
B0983VFGRT,2025-12-08
B0983VFGRT,2026-01-05
B0983VFGRT,2026-02-02
B0983VFGRT,2026-03-02
B0987K56L8,2025-04-28
B0987K56L8,2025-05-26
B0987K56L8,2025-06-23
B0987K56L8,2025-07-21
B0987K56L8,2025-08-18
B0987K56L8,2025-09-15
B0987K56L8,2025-10-13
B0987K56L8,2025-11-10
B0987K56L8,2025-12-08
B0987K56L8,2026-01-05
B0987K56L8,2026-02-02
B0987K56L8,2026-03-02
B098DN77M7,2025-04-28
B098DN77M7,2025-05-26
B098DN77M7,2025-06-23
B098DN77M7,2025-07-21
B098DN77M7,2025-08-18
B098DN77M7,2025-09-15
B098DN77M7,2025-10-13
B098DN77M7,2025-11-10
B098DN77M7,2025-12-08
B098DN77M7,2026-01-05
B098DN77M7,2026-02-02
B098DN77M7,2026-03-02
B098F462JJ,2025-04-28
B098F462JJ,2025-05-26
B098F462JJ,2025-06-23
B098F462JJ,2025-07-21
B098F462JJ,2025-08-18
B098F462JJ,2025-09-15
B098F462JJ,2025-10-13
B098F462JJ,2025-11-10
B098F462JJ,2025-12-08
B098F462JJ,2026-01-05
B098F462JJ,2026-02-02
B098F462JJ,2026-03-02
B098JX6BYC,2025-04-28
B098JX6BYC,2025-05-26
B098JX6BYC,2025-06-23
B098JX6BYC,2025-07-21
B098JX6BYC,2025-08-18
B098JX6BYC,2025-09-15
B098JX6BYC,2025-10-13
B098JX6BYC,2025-11-10
B098JX6BYC,2025-12-08
B098JX6BYC,2026-01-05
B098JX6BYC,2026-02-02
B098JX6BYC,2026-03-02
B098R9DWHM,2025-04-28
B098R9DWHM,2025-05-26
B098R9DWHM,2025-06-23
B098R9DWHM,2025-07-21
B098R9DWHM,2025-08-18
B098R9DWHM,2025-09-15
B098R9DWHM,2025-10-13
B098R9DWHM,2025-11-10
B098R9DWHM,2025-12-08
B098R9DWHM,2026-01-05
B098R9DWHM,2026-02-02
B098R9DWHM,2026-03-02
B098RD76ZL,2025-04-28
B098RD76ZL,2025-05-26
B098RD76ZL,2025-06-23
B098RD76ZL,2025-07-21
B098RD76ZL,2025-08-18
B098RD76ZL,2025-09-15
B098RD76ZL,2025-10-13
B098RD76ZL,2025-11-10
B098RD76ZL,2025-12-08
B098RD76ZL,2026-01-05
B098RD76ZL,2026-02-02
B098RD76ZL,2026-03-02
B098WLSV2X,2025-04-28
B098WLSV2X,2025-05-26
B098WLSV2X,2025-06-23
B098WLSV2X,2025-07-21
B098WLSV2X,2025-08-18
B098WLSV2X,2025-09-15
B098WLSV2X,2025-10-13
B098WLSV2X,2025-11-10
B098WLSV2X,2025-12-08
B098WLSV2X,2026-01-05
B098WLSV2X,2026-02-02
B098WLSV2X,2026-03-02
B098XN2BL4,2025-04-28
B098XN2BL4,2025-05-26
B098XN2BL4,2025-06-23
B098XN2BL4,2025-07-21
B098XN2BL4,2025-08-18
B098XN2BL4,2025-09-15
B098XN2BL4,2025-10-13
B098XN2BL4,2025-11-10
B098XN2BL4,2025-12-08
B098XN2BL4,2026-01-05
B098XN2BL4,2026-02-02
B098XN2BL4,2026-03-02
B099RPRH7J,2025-04-28
B099RPRH7J,2025-05-26
B099RPRH7J,2025-06-23
B099RPRH7J,2025-07-21
B099RPRH7J,2025-08-18
B099RPRH7J,2025-09-15
B099RPRH7J,2025-10-13
B099RPRH7J,2025-11-10
B099RPRH7J,2025-12-08
B099RPRH7J,2026-01-05
B099RPRH7J,2026-02-02
B099RPRH7J,2026-03-02
B099RQ4WYW,2025-04-28
B099RQ4WYW,2025-05-26
B099RQ4WYW,2025-06-23
B099RQ4WYW,2025-07-21
B099RQ4WYW,2025-08-18
B099RQ4WYW,2025-09-15
B099RQ4WYW,2025-10-13
B099RQ4WYW,2025-11-10
B099RQ4WYW,2025-12-08
B099RQ4WYW,2026-01-05
B099RQ4WYW,2026-02-02
B099RQ4WYW,2026-03-02
B09B8NH6MG,2025-04-28
B09B8NH6MG,2025-05-26
B09B8NH6MG,2025-06-23
B09B8NH6MG,2025-07-21
B09B8NH6MG,2025-08-18
B09B8NH6MG,2025-09-15
B09B8NH6MG,2025-10-13
B09B8NH6MG,2025-11-10
B09B8NH6MG,2025-12-08
B09B8NH6MG,2026-01-05
B09B8NH6MG,2026-02-02
B09B8NH6MG,2026-03-02
B09B94T13F,2025-04-28
B09B94T13F,2025-05-26
B09B94T13F,2025-06-23
B09B94T13F,2025-07-21
B09B94T13F,2025-08-18
B09B94T13F,2025-09-15
B09B94T13F,2025-10-13
B09B94T13F,2025-11-10
B09B94T13F,2025-12-08
B09B94T13F,2026-01-05
B09B94T13F,2026-02-02
B09B94T13F,2026-03-02
B09B96L9WV,2025-04-28
B09B96L9WV,2025-05-26
B09B96L9WV,2025-06-23
B09B96L9WV,2025-07-21
B09B96L9WV,2025-08-18
B09B96L9WV,2025-09-15
B09B96L9WV,2025-10-13
B09B96L9WV,2025-11-10
B09B96L9WV,2025-12-08
B09B96L9WV,2026-01-05
B09B96L9WV,2026-02-02
B09B96L9WV,2026-03-02
B09BYWSBS5,2025-04-28
B09BYWSBS5,2025-05-26
B09BYWSBS5,2025-06-23
B09BYWSBS5,2025-07-21
B09BYWSBS5,2025-08-18
B09BYWSBS5,2025-09-15
B09BYWSBS5,2025-10-13
B09BYWSBS5,2025-11-10
B09BYWSBS5,2025-12-08
B09BYWSBS5,2026-01-05
B09BYWSBS5,2026-02-02
B09BYWSBS5,2026-03-02
B09C4LVRVH,2025-04-28
B09C4LVRVH,2025-05-26
B09C4LVRVH,2025-06-23
B09C4LVRVH,2025-07-21
B09C4LVRVH,2025-08-18
B09C4LVRVH,2025-09-15
B09C4LVRVH,2025-10-13
B09C4LVRVH,2025-11-10
B09C4LVRVH,2025-12-08
B09C4LVRVH,2026-01-05
B09C4LVRVH,2026-02-02
B09C4LVRVH,2026-03-02
B09C4M54ZH,2025-04-28
B09C4M54ZH,2025-05-26
B09C4M54ZH,2025-06-23
B09C4M54ZH,2025-07-21
B09C4M54ZH,2025-08-18
B09C4M54ZH,2025-09-15
B09C4M54ZH,2025-10-13
B09C4M54ZH,2025-11-10
B09C4M54ZH,2025-12-08
B09C4M54ZH,2026-01-05
B09C4M54ZH,2026-02-02
B09C4M54ZH,2026-03-02
B09C5DNGNW,2025-04-28
B09C5DNGNW,2025-05-26
B09C5DNGNW,2025-06-23
B09C5DNGNW,2025-07-21
B09C5DNGNW,2025-08-18
B09C5DNGNW,2025-09-15
B09C5DNGNW,2025-10-13
B09C5DNGNW,2025-11-10
B09C5DNGNW,2025-12-08
B09C5DNGNW,2026-01-05
B09C5DNGNW,2026-02-02
B09C5DNGNW,2026-03-02
B09C7LHCWL,2025-04-28
B09C7LHCWL,2025-05-26
B09C7LHCWL,2025-06-23
B09C7LHCWL,2025-07-21
B09C7LHCWL,2025-08-18
B09C7LHCWL,2025-09-15
B09C7LHCWL,2025-10-13
B09C7LHCWL,2025-11-10
B09C7LHCWL,2025-12-08
B09C7LHCWL,2026-01-05
B09C7LHCWL,2026-02-02
B09C7LHCWL,2026-03-02
B09D38WYMH,2025-04-28
B09D38WYMH,2025-05-26
B09D38WYMH,2025-06-23
B09D38WYMH,2025-07-21
B09D38WYMH,2025-08-18
B09D38WYMH,2025-09-15
B09D38WYMH,2025-10-13
B09D38WYMH,2025-11-10
B09D38WYMH,2025-12-08
B09D38WYMH,2026-01-05
B09D38WYMH,2026-02-02
B09D38WYMH,2026-03-02
B09DKTYQLF,2025-04-28
B09DKTYQLF,2025-05-26
B09DKTYQLF,2025-06-23
B09DKTYQLF,2025-07-21
B09DKTYQLF,2025-08-18
B09DKTYQLF,2025-09-15
B09DKTYQLF,2025-10-13
B09DKTYQLF,2025-11-10
B09DKTYQLF,2025-12-08
B09DKTYQLF,2026-01-05
B09DKTYQLF,2026-02-02
B09DKTYQLF,2026-03-02
B09DVFTLKG,2025-04-28
B09DVFTLKG,2025-05-26
B09DVFTLKG,2025-06-23
B09DVFTLKG,2025-07-21
B09DVFTLKG,2025-08-18
B09DVFTLKG,2025-09-15
B09DVFTLKG,2025-10-13
B09DVFTLKG,2025-11-10
B09DVFTLKG,2025-12-08
B09DVFTLKG,2026-01-05
B09DVFTLKG,2026-02-02
B09DVFTLKG,2026-03-02
B09DVGDP48,2025-04-28
B09DVGDP48,2025-05-26
B09DVGDP48,2025-06-23
B09DVGDP48,2025-07-21
B09DVGDP48,2025-08-18
B09DVGDP48,2025-09-15
B09DVGDP48,2025-10-13
B09DVGDP48,2025-11-10
B09DVGDP48,2025-12-08
B09DVGDP48,2026-01-05
B09DVGDP48,2026-02-02
B09DVGDP48,2026-03-02
B09FJXR817,2025-04-28
B09FJXR817,2025-05-26
B09FJXR817,2025-06-23
B09FJXR817,2025-07-21
B09FJXR817,2025-08-18
B09FJXR817,2025-09-15
B09FJXR817,2025-10-13
B09FJXR817,2025-11-10
B09FJXR817,2025-12-08
B09FJXR817,2026-01-05
B09FJXR817,2026-02-02
B09FJXR817,2026-03-02
B09G9Y64MT,2025-04-28
B09G9Y64MT,2025-05-26
B09G9Y64MT,2025-06-23
B09G9Y64MT,2025-07-21
B09G9Y64MT,2025-08-18
B09G9Y64MT,2025-09-15
B09G9Y64MT,2025-10-13
B09G9Y64MT,2025-11-10
B09G9Y64MT,2025-12-08
B09G9Y64MT,2026-01-05
B09G9Y64MT,2026-02-02
B09G9Y64MT,2026-03-02
B09GB1RS2F,2025-04-28
B09GB1RS2F,2025-05-26
B09GB1RS2F,2025-06-23
B09GB1RS2F,2025-07-21
B09GB1RS2F,2025-08-18
B09GB1RS2F,2025-09-15
B09GB1RS2F,2025-10-13
B09GB1RS2F,2025-11-10
B09GB1RS2F,2025-12-08
B09GB1RS2F,2026-01-05
B09GB1RS2F,2026-02-02
B09GB1RS2F,2026-03-02
B09GBFH6YT,2025-04-28
B09GBFH6YT,2025-05-26
B09GBFH6YT,2025-06-23
B09GBFH6YT,2025-07-21
B09GBFH6YT,2025-08-18
B09GBFH6YT,2025-09-15
B09GBFH6YT,2025-10-13
B09GBFH6YT,2025-11-10
B09GBFH6YT,2025-12-08
B09GBFH6YT,2026-01-05
B09GBFH6YT,2026-02-02
B09GBFH6YT,2026-03-02
B09GLLFPNY,2025-04-28
B09GLLFPNY,2025-05-26
B09GLLFPNY,2025-06-23
B09GLLFPNY,2025-07-21
B09GLLFPNY,2025-08-18
B09GLLFPNY,2025-09-15
B09GLLFPNY,2025-10-13
B09GLLFPNY,2025-11-10
B09GLLFPNY,2025-12-08
B09GLLFPNY,2026-01-05
B09GLLFPNY,2026-02-02
B09GLLFPNY,2026-03-02
B09GLLPYFD,2025-04-28
B09GLLPYFD,2025-05-26
B09GLLPYFD,2025-06-23
B09GLLPYFD,2025-07-21
B09GLLPYFD,2025-08-18
B09GLLPYFD,2025-09-15
B09GLLPYFD,2025-10-13
B09GLLPYFD,2025-11-10
B09GLLPYFD,2025-12-08
B09GLLPYFD,2026-01-05
B09GLLPYFD,2026-02-02
B09GLLPYFD,2026-03-02
B09GLM45FX,2025-04-28
B09GLM45FX,2025-05-26
B09GLM45FX,2025-06-23
B09GLM45FX,2025-07-21
B09GLM45FX,2025-08-18
B09GLM45FX,2025-09-15
B09GLM45FX,2025-10-13
B09GLM45FX,2025-11-10
B09GLM45FX,2025-12-08
B09GLM45FX,2026-01-05
B09GLM45FX,2026-02-02
B09GLM45FX,2026-03-02
B09HQM33KY,2025-04-28
B09HQM33KY,2025-05-26
B09HQM33KY,2025-06-23
B09HQM33KY,2025-07-21
B09HQM33KY,2025-08-18
B09HQM33KY,2025-09-15
B09HQM33KY,2025-10-13
B09HQM33KY,2025-11-10
B09HQM33KY,2025-12-08
B09HQM33KY,2026-01-05
B09HQM33KY,2026-02-02
B09HQM33KY,2026-03-02
B09HWT5KVV,2025-04-28
B09HWT5KVV,2025-05-26
B09HWT5KVV,2025-06-23
B09HWT5KVV,2025-07-21
B09HWT5KVV,2025-08-18
B09HWT5KVV,2025-09-15
B09HWT5KVV,2025-10-13
B09HWT5KVV,2025-11-10
B09HWT5KVV,2025-12-08
B09HWT5KVV,2026-01-05
B09HWT5KVV,2026-02-02
B09HWT5KVV,2026-03-02
B09JBWVF5Y,2025-04-28
B09JBWVF5Y,2025-05-26
B09JBWVF5Y,2025-06-23
B09JBWVF5Y,2025-07-21
B09JBWVF5Y,2025-08-18
B09JBWVF5Y,2025-09-15
B09JBWVF5Y,2025-10-13
B09JBWVF5Y,2025-11-10
B09JBWVF5Y,2025-12-08
B09JBWVF5Y,2026-01-05
B09JBWVF5Y,2026-02-02
B09JBWVF5Y,2026-03-02
B09JBZ1PYF,2025-04-28
B09JBZ1PYF,2025-05-26
B09JBZ1PYF,2025-06-23
B09JBZ1PYF,2025-07-21
B09JBZ1PYF,2025-08-18
B09JBZ1PYF,2025-09-15
B09JBZ1PYF,2025-10-13
B09JBZ1PYF,2025-11-10
B09JBZ1PYF,2025-12-08
B09JBZ1PYF,2026-01-05
B09JBZ1PYF,2026-02-02
B09JBZ1PYF,2026-03-02
B09JBZKRSY,2025-04-28
B09JBZKRSY,2025-05-26
B09JBZKRSY,2025-06-23
B09JBZKRSY,2025-07-21
B09JBZKRSY,2025-08-18
B09JBZKRSY,2025-09-15
B09JBZKRSY,2025-10-13
B09JBZKRSY,2025-11-10
B09JBZKRSY,2025-12-08
B09JBZKRSY,2026-01-05
B09JBZKRSY,2026-02-02
B09JBZKRSY,2026-03-02
B09JLPQ175,2025-04-28
B09JLPQ175,2025-05-26
B09JLPQ175,2025-06-23
B09JLPQ175,2025-07-21
B09JLPQ175,2025-08-18
B09JLPQ175,2025-09-15
B09JLPQ175,2025-10-13
B09JLPQ175,2025-11-10
B09JLPQ175,2025-12-08
B09JLPQ175,2026-01-05
B09JLPQ175,2026-02-02
B09JLPQ175,2026-03-02
B09JPJRG3B,2025-04-28
B09JPJRG3B,2025-05-26
B09JPJRG3B,2025-06-23
B09JPJRG3B,2025-07-21
B09JPJRG3B,2025-08-18
B09JPJRG3B,2025-09-15
B09JPJRG3B,2025-10-13
B09JPJRG3B,2025-11-10
B09JPJRG3B,2025-12-08
B09JPJRG3B,2026-01-05
B09JPJRG3B,2026-02-02
B09JPJRG3B,2026-03-02
B09KLKT873,2025-04-28
B09KLKT873,2025-05-26
B09KLKT873,2025-06-23
B09KLKT873,2025-07-21
B09KLKT873,2025-08-18
B09KLKT873,2025-09-15
B09KLKT873,2025-10-13
B09KLKT873,2025-11-10
B09KLKT873,2025-12-08
B09KLKT873,2026-01-05
B09KLKT873,2026-02-02
B09KLKT873,2026-03-02
B09KMPF91Y,2025-04-28
B09KMPF91Y,2025-05-26
B09KMPF91Y,2025-06-23
B09KMPF91Y,2025-07-21
B09KMPF91Y,2025-08-18
B09KMPF91Y,2025-09-15
B09KMPF91Y,2025-10-13
B09KMPF91Y,2025-11-10
B09KMPF91Y,2025-12-08
B09KMPF91Y,2026-01-05
B09KMPF91Y,2026-02-02
B09KMPF91Y,2026-03-02
B09KNBQD3G,2025-04-28
B09KNBQD3G,2025-05-26
B09KNBQD3G,2025-06-23
B09KNBQD3G,2025-07-21
B09KNBQD3G,2025-08-18
B09KNBQD3G,2025-09-15
B09KNBQD3G,2025-10-13
B09KNBQD3G,2025-11-10
B09KNBQD3G,2025-12-08
B09KNBQD3G,2026-01-05
B09KNBQD3G,2026-02-02
B09KNBQD3G,2026-03-02
B09KR8G7L3,2025-04-28
B09KR8G7L3,2025-05-26
B09KR8G7L3,2025-06-23
B09KR8G7L3,2025-07-21
B09KR8G7L3,2025-08-18
B09KR8G7L3,2025-09-15
B09KR8G7L3,2025-10-13
B09KR8G7L3,2025-11-10
B09KR8G7L3,2025-12-08
B09KR8G7L3,2026-01-05
B09KR8G7L3,2026-02-02
B09KR8G7L3,2026-03-02
B09LKC4987,2025-04-28
B09LKC4987,2025-05-26
B09LKC4987,2025-06-23
B09LKC4987,2025-07-21
B09LKC4987,2025-08-18
B09LKC4987,2025-09-15
B09LKC4987,2025-10-13
B09LKC4987,2025-11-10
B09LKC4987,2025-12-08
B09LKC4987,2026-01-05
B09LKC4987,2026-02-02
B09LKC4987,2026-03-02
B09M8JDW5S,2025-04-28
B09M8JDW5S,2025-05-26
B09M8JDW5S,2025-06-23
B09M8JDW5S,2025-07-21
B09M8JDW5S,2025-08-18
B09M8JDW5S,2025-09-15
B09M8JDW5S,2025-10-13
B09M8JDW5S,2025-11-10
B09M8JDW5S,2025-12-08
B09M8JDW5S,2026-01-05
B09M8JDW5S,2026-02-02
B09M8JDW5S,2026-03-02
B09MCSJ3F8,2025-04-28
B09MCSJ3F8,2025-05-26
B09MCSJ3F8,2025-06-23
B09MCSJ3F8,2025-07-21
B09MCSJ3F8,2025-08-18
B09MCSJ3F8,2025-09-15
B09MCSJ3F8,2025-10-13
B09MCSJ3F8,2025-11-10
B09MCSJ3F8,2025-12-08
B09MCSJ3F8,2026-01-05
B09MCSJ3F8,2026-02-02
B09MCSJ3F8,2026-03-02
B09MCV2HZF,2025-04-28
B09MCV2HZF,2025-05-26
B09MCV2HZF,2025-06-23
B09MCV2HZF,2025-07-21
B09MCV2HZF,2025-08-18
B09MCV2HZF,2025-09-15
B09MCV2HZF,2025-10-13
B09MCV2HZF,2025-11-10
B09MCV2HZF,2025-12-08
B09MCV2HZF,2026-01-05
B09MCV2HZF,2026-02-02
B09MCV2HZF,2026-03-02
B09MH4ZTMC,2025-04-28
B09MH4ZTMC,2025-05-26
B09MH4ZTMC,2025-06-23
B09MH4ZTMC,2025-07-21
B09MH4ZTMC,2025-08-18
B09MH4ZTMC,2025-09-15
B09MH4ZTMC,2025-10-13
B09MH4ZTMC,2025-11-10
B09MH4ZTMC,2025-12-08
B09MH4ZTMC,2026-01-05
B09MH4ZTMC,2026-02-02
B09MH4ZTMC,2026-03-02
B09MJRJFXW,2025-04-28
B09MJRJFXW,2025-05-26
B09MJRJFXW,2025-06-23
B09MJRJFXW,2025-07-21
B09MJRJFXW,2025-08-18
B09MJRJFXW,2025-09-15
B09MJRJFXW,2025-10-13
B09MJRJFXW,2025-11-10
B09MJRJFXW,2025-12-08
B09MJRJFXW,2026-01-05
B09MJRJFXW,2026-02-02
B09MJRJFXW,2026-03-02
B09MKBQZJR,2025-04-28
B09MKBQZJR,2025-05-26
B09MKBQZJR,2025-06-23
B09MKBQZJR,2025-07-21
B09MKBQZJR,2025-08-18
B09MKBQZJR,2025-09-15
B09MKBQZJR,2025-10-13
B09MKBQZJR,2025-11-10
B09MKBQZJR,2025-12-08
B09MKBQZJR,2026-01-05
B09MKBQZJR,2026-02-02
B09MKBQZJR,2026-03-02
B09MRH3LVZ,2025-04-28
B09MRH3LVZ,2025-05-26
B09MRH3LVZ,2025-06-23
B09MRH3LVZ,2025-07-21
B09MRH3LVZ,2025-08-18
B09MRH3LVZ,2025-09-15
B09MRH3LVZ,2025-10-13
B09MRH3LVZ,2025-11-10
B09MRH3LVZ,2025-12-08
B09MRH3LVZ,2026-01-05
B09MRH3LVZ,2026-02-02
B09MRH3LVZ,2026-03-02
B09MRJ9GMD,2025-04-28
B09MRJ9GMD,2025-05-26
B09MRJ9GMD,2025-06-23
B09MRJ9GMD,2025-07-21
B09MRJ9GMD,2025-08-18
B09MRJ9GMD,2025-09-15
B09MRJ9GMD,2025-10-13
B09MRJ9GMD,2025-11-10
B09MRJ9GMD,2025-12-08
B09MRJ9GMD,2026-01-05
B09MRJ9GMD,2026-02-02
B09MRJ9GMD,2026-03-02
B09MRJFX91,2025-04-28
B09MRJFX91,2025-05-26
B09MRJFX91,2025-06-23
B09MRJFX91,2025-07-21
B09MRJFX91,2025-08-18
B09MRJFX91,2025-09-15
B09MRJFX91,2025-10-13
B09MRJFX91,2025-11-10
B09MRJFX91,2025-12-08
B09MRJFX91,2026-01-05
B09MRJFX91,2026-02-02
B09MRJFX91,2026-03-02
B09N17TF2D,2025-04-28
B09N17TF2D,2025-05-26
B09N17TF2D,2025-06-23
B09N17TF2D,2025-07-21
B09N17TF2D,2025-08-18
B09N17TF2D,2025-09-15
B09N17TF2D,2025-10-13
B09N17TF2D,2025-11-10
B09N17TF2D,2025-12-08
B09N17TF2D,2026-01-05
B09N17TF2D,2026-02-02
B09N17TF2D,2026-03-02
B09N7NZR3S,2025-04-28
B09N7NZR3S,2025-05-26
B09N7NZR3S,2025-06-23
B09N7NZR3S,2025-07-21
B09N7NZR3S,2025-08-18
B09N7NZR3S,2025-09-15
B09N7NZR3S,2025-10-13
B09N7NZR3S,2025-11-10
B09N7NZR3S,2025-12-08
B09N7NZR3S,2026-01-05
B09N7NZR3S,2026-02-02
B09N7NZR3S,2026-03-02
B09N7P2V8V,2025-04-28
B09N7P2V8V,2025-05-26
B09N7P2V8V,2025-06-23
B09N7P2V8V,2025-07-21
B09N7P2V8V,2025-08-18
B09N7P2V8V,2025-09-15
B09N7P2V8V,2025-10-13
B09N7P2V8V,2025-11-10
B09N7P2V8V,2025-12-08
B09N7P2V8V,2026-01-05
B09N7P2V8V,2026-02-02
B09N7P2V8V,2026-03-02
B09NS1GQ6M,2025-04-28
B09NS1GQ6M,2025-05-26
B09NS1GQ6M,2025-06-23
B09NS1GQ6M,2025-07-21
B09NS1GQ6M,2025-08-18
B09NS1GQ6M,2025-09-15
B09NS1GQ6M,2025-10-13
B09NS1GQ6M,2025-11-10
B09NS1GQ6M,2025-12-08
B09NS1GQ6M,2026-01-05
B09NS1GQ6M,2026-02-02
B09NS1GQ6M,2026-03-02
B09NZY27KJ,2025-04-28
B09NZY27KJ,2025-05-26
B09NZY27KJ,2025-06-23
B09NZY27KJ,2025-07-21
B09NZY27KJ,2025-08-18
B09NZY27KJ,2025-09-15
B09NZY27KJ,2025-10-13
B09NZY27KJ,2025-11-10
B09NZY27KJ,2025-12-08
B09NZY27KJ,2026-01-05
B09NZY27KJ,2026-02-02
B09NZY27KJ,2026-03-02
B09P2ZPXTH,2025-04-28
B09P2ZPXTH,2025-05-26
B09P2ZPXTH,2025-06-23
B09P2ZPXTH,2025-07-21
B09P2ZPXTH,2025-08-18
B09P2ZPXTH,2025-09-15
B09P2ZPXTH,2025-10-13
B09P2ZPXTH,2025-11-10
B09P2ZPXTH,2025-12-08
B09P2ZPXTH,2026-01-05
B09P2ZPXTH,2026-02-02
B09P2ZPXTH,2026-03-02
B09P3K995T,2025-04-28
B09P3K995T,2025-05-26
B09P3K995T,2025-06-23
B09P3K995T,2025-07-21
B09P3K995T,2025-08-18
B09P3K995T,2025-09-15
B09P3K995T,2025-10-13
B09P3K995T,2025-11-10
B09P3K995T,2025-12-08
B09P3K995T,2026-01-05
B09P3K995T,2026-02-02
B09P3K995T,2026-03-02
B09P3KGSVP,2025-04-28
B09P3KGSVP,2025-05-26
B09P3KGSVP,2025-06-23
B09P3KGSVP,2025-07-21
B09P3KGSVP,2025-08-18
B09P3KGSVP,2025-09-15
B09P3KGSVP,2025-10-13
B09P3KGSVP,2025-11-10
B09P3KGSVP,2025-12-08
B09P3KGSVP,2026-01-05
B09P3KGSVP,2026-02-02
B09P3KGSVP,2026-03-02
B09PDC49VB,2025-04-28
B09PDC49VB,2025-05-26
B09PDC49VB,2025-06-23
B09PDC49VB,2025-07-21
B09PDC49VB,2025-08-18
B09PDC49VB,2025-09-15
B09PDC49VB,2025-10-13
B09PDC49VB,2025-11-10
B09PDC49VB,2025-12-08
B09PDC49VB,2026-01-05
B09PDC49VB,2026-02-02
B09PDC49VB,2026-03-02
B09PN736GH,2025-04-28
B09PN736GH,2025-05-26
B09PN736GH,2025-06-23
B09PN736GH,2025-07-21
B09PN736GH,2025-08-18
B09PN736GH,2025-09-15
B09PN736GH,2025-10-13
B09PN736GH,2025-11-10
B09PN736GH,2025-12-08
B09PN736GH,2026-01-05
B09PN736GH,2026-02-02
B09PN736GH,2026-03-02
B09PR3L2TD,2025-04-28
B09PR3L2TD,2025-05-26
B09PR3L2TD,2025-06-23
B09PR3L2TD,2025-07-21
B09PR3L2TD,2025-08-18
B09PR3L2TD,2025-09-15
B09PR3L2TD,2025-10-13
B09PR3L2TD,2025-11-10
B09PR3L2TD,2025-12-08
B09PR3L2TD,2026-01-05
B09PR3L2TD,2026-02-02
B09PR3L2TD,2026-03-02
B09PR67Z7Z,2025-04-28
B09PR67Z7Z,2025-05-26
B09PR67Z7Z,2025-06-23
B09PR67Z7Z,2025-07-21
B09PR67Z7Z,2025-08-18
B09PR67Z7Z,2025-09-15
B09PR67Z7Z,2025-10-13
B09PR67Z7Z,2025-11-10
B09PR67Z7Z,2025-12-08
B09PR67Z7Z,2026-01-05
B09PR67Z7Z,2026-02-02
B09PR67Z7Z,2026-03-02
B09PYJHWXJ,2025-04-28
B09PYJHWXJ,2025-05-26
B09PYJHWXJ,2025-06-23
B09PYJHWXJ,2025-07-21
B09PYJHWXJ,2025-08-18
B09PYJHWXJ,2025-09-15
B09PYJHWXJ,2025-10-13
B09PYJHWXJ,2025-11-10
B09PYJHWXJ,2025-12-08
B09PYJHWXJ,2026-01-05
B09PYJHWXJ,2026-02-02
B09PYJHWXJ,2026-03-02
B09Q84XM14,2025-04-28
B09Q84XM14,2025-05-26
B09Q84XM14,2025-06-23
B09Q84XM14,2025-07-21
B09Q84XM14,2025-08-18
B09Q84XM14,2025-09-15
B09Q84XM14,2025-10-13
B09Q84XM14,2025-11-10
B09Q84XM14,2025-12-08
B09Q84XM14,2026-01-05
B09Q84XM14,2026-02-02
B09Q84XM14,2026-03-02
B09QLHDGQJ,2025-04-28
B09QLHDGQJ,2025-05-26
B09QLHDGQJ,2025-06-23
B09QLHDGQJ,2025-07-21
B09QLHDGQJ,2025-08-18
B09QLHDGQJ,2025-09-15
B09QLHDGQJ,2025-10-13
B09QLHDGQJ,2025-11-10
B09QLHDGQJ,2025-12-08
B09QLHDGQJ,2026-01-05
B09QLHDGQJ,2026-02-02
B09QLHDGQJ,2026-03-02
B09QM9BRNZ,2025-04-28
B09QM9BRNZ,2025-05-26
B09QM9BRNZ,2025-06-23
B09QM9BRNZ,2025-07-21
B09QM9BRNZ,2025-08-18
B09QM9BRNZ,2025-09-15
B09QM9BRNZ,2025-10-13
B09QM9BRNZ,2025-11-10
B09QM9BRNZ,2025-12-08
B09QM9BRNZ,2026-01-05
B09QM9BRNZ,2026-02-02
B09QM9BRNZ,2026-03-02
B09QMBD9L6,2025-04-28
B09QMBD9L6,2025-05-26
B09QMBD9L6,2025-06-23
B09QMBD9L6,2025-07-21
B09QMBD9L6,2025-08-18
B09QMBD9L6,2025-09-15
B09QMBD9L6,2025-10-13
B09QMBD9L6,2025-11-10
B09QMBD9L6,2025-12-08
B09QMBD9L6,2026-01-05
B09QMBD9L6,2026-02-02
B09QMBD9L6,2026-03-02
B09QMBXMFH,2025-04-28
B09QMBXMFH,2025-05-26
B09QMBXMFH,2025-06-23
B09QMBXMFH,2025-07-21
B09QMBXMFH,2025-08-18
B09QMBXMFH,2025-09-15
B09QMBXMFH,2025-10-13
B09QMBXMFH,2025-11-10
B09QMBXMFH,2025-12-08
B09QMBXMFH,2026-01-05
B09QMBXMFH,2026-02-02
B09QMBXMFH,2026-03-02
B09QMCDKNK,2025-04-28
B09QMCDKNK,2025-05-26
B09QMCDKNK,2025-06-23
B09QMCDKNK,2025-07-21
B09QMCDKNK,2025-08-18
B09QMCDKNK,2025-09-15
B09QMCDKNK,2025-10-13
B09QMCDKNK,2025-11-10
B09QMCDKNK,2025-12-08
B09QMCDKNK,2026-01-05
B09QMCDKNK,2026-02-02
B09QMCDKNK,2026-03-02
B09QP1LXD7,2025-04-28
B09QP1LXD7,2025-05-26
B09QP1LXD7,2025-06-23
B09QP1LXD7,2025-07-21
B09QP1LXD7,2025-08-18
B09QP1LXD7,2025-09-15
B09QP1LXD7,2025-10-13
B09QP1LXD7,2025-11-10
B09QP1LXD7,2025-12-08
B09QP1LXD7,2026-01-05
B09QP1LXD7,2026-02-02
B09QP1LXD7,2026-03-02
B09QQ2HWFV,2025-04-28
B09QQ2HWFV,2025-05-26
B09QQ2HWFV,2025-06-23
B09QQ2HWFV,2025-07-21
B09QQ2HWFV,2025-08-18
B09QQ2HWFV,2025-09-15
B09QQ2HWFV,2025-10-13
B09QQ2HWFV,2025-11-10
B09QQ2HWFV,2025-12-08
B09QQ2HWFV,2026-01-05
B09QQ2HWFV,2026-02-02
B09QQ2HWFV,2026-03-02
B09QQDM7FL,2025-04-28
B09QQDM7FL,2025-05-26
B09QQDM7FL,2025-06-23
B09QQDM7FL,2025-07-21
B09QQDM7FL,2025-08-18
B09QQDM7FL,2025-09-15
B09QQDM7FL,2025-10-13
B09QQDM7FL,2025-11-10
B09QQDM7FL,2025-12-08
B09QQDM7FL,2026-01-05
B09QQDM7FL,2026-02-02
B09QQDM7FL,2026-03-02
B09RPM7FWH,2025-04-28
B09RPM7FWH,2025-05-26
B09RPM7FWH,2025-06-23
B09RPM7FWH,2025-07-21
B09RPM7FWH,2025-08-18
B09RPM7FWH,2025-09-15
B09RPM7FWH,2025-10-13
B09RPM7FWH,2025-11-10
B09RPM7FWH,2025-12-08
B09RPM7FWH,2026-01-05
B09RPM7FWH,2026-02-02
B09RPM7FWH,2026-03-02
B09SG8RDR5,2025-04-28
B09SG8RDR5,2025-05-26
B09SG8RDR5,2025-06-23
B09SG8RDR5,2025-07-21
B09SG8RDR5,2025-08-18
B09SG8RDR5,2025-09-15
B09SG8RDR5,2025-10-13
B09SG8RDR5,2025-11-10
B09SG8RDR5,2025-12-08
B09SG8RDR5,2026-01-05
B09SG8RDR5,2026-02-02
B09SG8RDR5,2026-03-02
B09TDR9J15,2025-04-28
B09TDR9J15,2025-05-26
B09TDR9J15,2025-06-23
B09TDR9J15,2025-07-21
B09TDR9J15,2025-08-18
B09TDR9J15,2025-09-15
B09TDR9J15,2025-10-13
B09TDR9J15,2025-11-10
B09TDR9J15,2025-12-08
B09TDR9J15,2026-01-05
B09TDR9J15,2026-02-02
B09TDR9J15,2026-03-02
B09TT2Z943,2025-04-28
B09TT2Z943,2025-05-26
B09TT2Z943,2025-06-23
B09TT2Z943,2025-07-21
B09TT2Z943,2025-08-18
B09TT2Z943,2025-09-15
B09TT2Z943,2025-10-13
B09TT2Z943,2025-11-10
B09TT2Z943,2025-12-08
B09TT2Z943,2026-01-05
B09TT2Z943,2026-02-02
B09TT2Z943,2026-03-02
B09V2R4DFW,2025-04-28
B09V2R4DFW,2025-05-26
B09V2R4DFW,2025-06-23
B09V2R4DFW,2025-07-21
B09V2R4DFW,2025-08-18
B09V2R4DFW,2025-09-15
B09V2R4DFW,2025-10-13
B09V2R4DFW,2025-11-10
B09V2R4DFW,2025-12-08
B09V2R4DFW,2026-01-05
B09V2R4DFW,2026-02-02
B09V2R4DFW,2026-03-02
B09V759HRK,2025-04-28
B09V759HRK,2025-05-26
B09V759HRK,2025-06-23
B09V759HRK,2025-07-21
B09V759HRK,2025-08-18
B09V759HRK,2025-09-15
B09V759HRK,2025-10-13
B09V759HRK,2025-11-10
B09V759HRK,2025-12-08
B09V759HRK,2026-01-05
B09V759HRK,2026-02-02
B09V759HRK,2026-03-02
B09VBHRGZK,2025-04-28
B09VBHRGZK,2025-05-26
B09VBHRGZK,2025-06-23
B09VBHRGZK,2025-07-21
B09VBHRGZK,2025-08-18
B09VBHRGZK,2025-09-15
B09VBHRGZK,2025-10-13
B09VBHRGZK,2025-11-10
B09VBHRGZK,2025-12-08
B09VBHRGZK,2026-01-05
B09VBHRGZK,2026-02-02
B09VBHRGZK,2026-03-02
B09VNYRZRT,2025-04-28
B09VNYRZRT,2025-05-26
B09VNYRZRT,2025-06-23
B09VNYRZRT,2025-07-21
B09VNYRZRT,2025-08-18
B09VNYRZRT,2025-09-15
B09VNYRZRT,2025-10-13
B09VNYRZRT,2025-11-10
B09VNYRZRT,2025-12-08
B09VNYRZRT,2026-01-05
B09VNYRZRT,2026-02-02
B09VNYRZRT,2026-03-02
B09VP6P8PP,2025-04-28
B09VP6P8PP,2025-05-26
B09VP6P8PP,2025-06-23
B09VP6P8PP,2025-07-21
B09VP6P8PP,2025-08-18
B09VP6P8PP,2025-09-15
B09VP6P8PP,2025-10-13
B09VP6P8PP,2025-11-10
B09VP6P8PP,2025-12-08
B09VP6P8PP,2026-01-05
B09VP6P8PP,2026-02-02
B09VP6P8PP,2026-03-02
B09W59Q9X4,2025-04-28
B09W59Q9X4,2025-05-26
B09W59Q9X4,2025-06-23
B09W59Q9X4,2025-07-21
B09W59Q9X4,2025-08-18
B09W59Q9X4,2025-09-15
B09W59Q9X4,2025-10-13
B09W59Q9X4,2025-11-10
B09W59Q9X4,2025-12-08
B09W59Q9X4,2026-01-05
B09W59Q9X4,2026-02-02
B09W59Q9X4,2026-03-02
B09XBTCNPL,2025-04-28
B09XBTCNPL,2025-05-26
B09XBTCNPL,2025-06-23
B09XBTCNPL,2025-07-21
B09XBTCNPL,2025-08-18
B09XBTCNPL,2025-09-15
B09XBTCNPL,2025-10-13
B09XBTCNPL,2025-11-10
B09XBTCNPL,2025-12-08
B09XBTCNPL,2026-01-05
B09XBTCNPL,2026-02-02
B09XBTCNPL,2026-03-02
B09XBTDLBX,2025-04-28
B09XBTDLBX,2025-05-26
B09XBTDLBX,2025-06-23
B09XBTDLBX,2025-07-21
B09XBTDLBX,2025-08-18
B09XBTDLBX,2025-09-15
B09XBTDLBX,2025-10-13
B09XBTDLBX,2025-11-10
B09XBTDLBX,2025-12-08
B09XBTDLBX,2026-01-05
B09XBTDLBX,2026-02-02
B09XBTDLBX,2026-03-02
B09XMTBMQS,2025-04-28
B09XMTBMQS,2025-05-26
B09XMTBMQS,2025-06-23
B09XMTBMQS,2025-07-21
B09XMTBMQS,2025-08-18
B09XMTBMQS,2025-09-15
B09XMTBMQS,2025-10-13
B09XMTBMQS,2025-11-10
B09XMTBMQS,2025-12-08
B09XMTBMQS,2026-01-05
B09XMTBMQS,2026-02-02
B09XMTBMQS,2026-03-02
B09Y4J2GFZ,2025-04-28
B09Y4J2GFZ,2025-05-26
B09Y4J2GFZ,2025-06-23
B09Y4J2GFZ,2025-07-21
B09Y4J2GFZ,2025-08-18
B09Y4J2GFZ,2025-09-15
B09Y4J2GFZ,2025-10-13
B09Y4J2GFZ,2025-11-10
B09Y4J2GFZ,2025-12-08
B09Y4J2GFZ,2026-01-05
B09Y4J2GFZ,2026-02-02
B09Y4J2GFZ,2026-03-02
B09Y8HZL1S,2025-04-28
B09Y8HZL1S,2025-05-26
B09Y8HZL1S,2025-06-23
B09Y8HZL1S,2025-07-21
B09Y8HZL1S,2025-08-18
B09Y8HZL1S,2025-09-15
B09Y8HZL1S,2025-10-13
B09Y8HZL1S,2025-11-10
B09Y8HZL1S,2025-12-08
B09Y8HZL1S,2026-01-05
B09Y8HZL1S,2026-02-02
B09Y8HZL1S,2026-03-02
B09YHHP75L,2025-04-28
B09YHHP75L,2025-05-26
B09YHHP75L,2025-06-23
B09YHHP75L,2025-07-21
B09YHHP75L,2025-08-18
B09YHHP75L,2025-09-15
B09YHHP75L,2025-10-13
B09YHHP75L,2025-11-10
B09YHHP75L,2025-12-08
B09YHHP75L,2026-01-05
B09YHHP75L,2026-02-02
B09YHHP75L,2026-03-02
B09YRP4ZKX,2025-04-28
B09YRP4ZKX,2025-05-26
B09YRP4ZKX,2025-06-23
B09YRP4ZKX,2025-07-21
B09YRP4ZKX,2025-08-18
B09YRP4ZKX,2025-09-15
B09YRP4ZKX,2025-10-13
B09YRP4ZKX,2025-11-10
B09YRP4ZKX,2025-12-08
B09YRP4ZKX,2026-01-05
B09YRP4ZKX,2026-02-02
B09YRP4ZKX,2026-03-02
B09YRPZ4SW,2025-04-28
B09YRPZ4SW,2025-05-26
B09YRPZ4SW,2025-06-23
B09YRPZ4SW,2025-07-21
B09YRPZ4SW,2025-08-18
B09YRPZ4SW,2025-09-15
B09YRPZ4SW,2025-10-13
B09YRPZ4SW,2025-11-10
B09YRPZ4SW,2025-12-08
B09YRPZ4SW,2026-01-05
B09YRPZ4SW,2026-02-02
B09YRPZ4SW,2026-03-02
B09YWKM73X,2025-04-28
B09YWKM73X,2025-05-26
B09YWKM73X,2025-06-23
B09YWKM73X,2025-07-21
B09YWKM73X,2025-08-18
B09YWKM73X,2025-09-15
B09YWKM73X,2025-10-13
B09YWKM73X,2025-11-10
B09YWKM73X,2025-12-08
B09YWKM73X,2026-01-05
B09YWKM73X,2026-02-02
B09YWKM73X,2026-03-02
B09YWTWTRY,2025-04-28
B09YWTWTRY,2025-05-26
B09YWTWTRY,2025-06-23
B09YWTWTRY,2025-07-21
B09YWTWTRY,2025-08-18
B09YWTWTRY,2025-09-15
B09YWTWTRY,2025-10-13
B09YWTWTRY,2025-11-10
B09YWTWTRY,2025-12-08
B09YWTWTRY,2026-01-05
B09YWTWTRY,2026-02-02
B09YWTWTRY,2026-03-02
B09YX6PC9H,2025-04-28
B09YX6PC9H,2025-05-26
B09YX6PC9H,2025-06-23
B09YX6PC9H,2025-07-21
B09YX6PC9H,2025-08-18
B09YX6PC9H,2025-09-15
B09YX6PC9H,2025-10-13
B09YX6PC9H,2025-11-10
B09YX6PC9H,2025-12-08
B09YX6PC9H,2026-01-05
B09YX6PC9H,2026-02-02
B09YX6PC9H,2026-03-02
B09YXFF17S,2025-04-28
B09YXFF17S,2025-05-26
B09YXFF17S,2025-06-23
B09YXFF17S,2025-07-21
B09YXFF17S,2025-08-18
B09YXFF17S,2025-09-15
B09YXFF17S,2025-10-13
B09YXFF17S,2025-11-10
B09YXFF17S,2025-12-08
B09YXFF17S,2026-01-05
B09YXFF17S,2026-02-02
B09YXFF17S,2026-03-02
B09Z1Z3Z8F,2025-04-28
B09Z1Z3Z8F,2025-05-26
B09Z1Z3Z8F,2025-06-23
B09Z1Z3Z8F,2025-07-21
B09Z1Z3Z8F,2025-08-18
B09Z1Z3Z8F,2025-09-15
B09Z1Z3Z8F,2025-10-13
B09Z1Z3Z8F,2025-11-10
B09Z1Z3Z8F,2025-12-08
B09Z1Z3Z8F,2026-01-05
B09Z1Z3Z8F,2026-02-02
B09Z1Z3Z8F,2026-03-02
B09Z21497W,2025-04-28
B09Z21497W,2025-05-26
B09Z21497W,2025-06-23
B09Z21497W,2025-07-21
B09Z21497W,2025-08-18
B09Z21497W,2025-09-15
B09Z21497W,2025-10-13
B09Z21497W,2025-11-10
B09Z21497W,2025-12-08
B09Z21497W,2026-01-05
B09Z21497W,2026-02-02
B09Z21497W,2026-03-02
B09ZDBNXF9,2025-04-28
B09ZDBNXF9,2025-05-26
B09ZDBNXF9,2025-06-23
B09ZDBNXF9,2025-07-21
B09ZDBNXF9,2025-08-18
B09ZDBNXF9,2025-09-15
B09ZDBNXF9,2025-10-13
B09ZDBNXF9,2025-11-10
B09ZDBNXF9,2025-12-08
B09ZDBNXF9,2026-01-05
B09ZDBNXF9,2026-02-02
B09ZDBNXF9,2026-03-02
B09ZJY5JRW,2025-04-28
B09ZJY5JRW,2025-05-26
B09ZJY5JRW,2025-06-23
B09ZJY5JRW,2025-07-21
B09ZJY5JRW,2025-08-18
B09ZJY5JRW,2025-09-15
B09ZJY5JRW,2025-10-13
B09ZJY5JRW,2025-11-10
B09ZJY5JRW,2025-12-08
B09ZJY5JRW,2026-01-05
B09ZJY5JRW,2026-02-02
B09ZJY5JRW,2026-03-02
B0B12TW85V,2025-04-28
B0B12TW85V,2025-05-26
B0B12TW85V,2025-06-23
B0B12TW85V,2025-07-21
B0B12TW85V,2025-08-18
B0B12TW85V,2025-09-15
B0B12TW85V,2025-10-13
B0B12TW85V,2025-11-10
B0B12TW85V,2025-12-08
B0B12TW85V,2026-01-05
B0B12TW85V,2026-02-02
B0B12TW85V,2026-03-02
B0B12WVZDJ,2025-04-28
B0B12WVZDJ,2025-05-26
B0B12WVZDJ,2025-06-23
B0B12WVZDJ,2025-07-21
B0B12WVZDJ,2025-08-18
B0B12WVZDJ,2025-09-15
B0B12WVZDJ,2025-10-13
B0B12WVZDJ,2025-11-10
B0B12WVZDJ,2025-12-08
B0B12WVZDJ,2026-01-05
B0B12WVZDJ,2026-02-02
B0B12WVZDJ,2026-03-02
B0B12X5SXP,2025-04-28
B0B12X5SXP,2025-05-26
B0B12X5SXP,2025-06-23
B0B12X5SXP,2025-07-21
B0B12X5SXP,2025-08-18
B0B12X5SXP,2025-09-15
B0B12X5SXP,2025-10-13
B0B12X5SXP,2025-11-10
B0B12X5SXP,2025-12-08
B0B12X5SXP,2026-01-05
B0B12X5SXP,2026-02-02
B0B12X5SXP,2026-03-02
B0B14HD8Y7,2025-04-28
B0B14HD8Y7,2025-05-26
B0B14HD8Y7,2025-06-23
B0B14HD8Y7,2025-07-21
B0B14HD8Y7,2025-08-18
B0B14HD8Y7,2025-09-15
B0B14HD8Y7,2025-10-13
B0B14HD8Y7,2025-11-10
B0B14HD8Y7,2025-12-08
B0B14HD8Y7,2026-01-05
B0B14HD8Y7,2026-02-02
B0B14HD8Y7,2026-03-02
B0B156WX53,2025-04-28
B0B156WX53,2025-05-26
B0B156WX53,2025-06-23
B0B156WX53,2025-07-21
B0B156WX53,2025-08-18
B0B156WX53,2025-09-15
B0B156WX53,2025-10-13
B0B156WX53,2025-11-10
B0B156WX53,2025-12-08
B0B156WX53,2026-01-05
B0B156WX53,2026-02-02
B0B156WX53,2026-03-02
B0B157GVG4,2025-04-28
B0B157GVG4,2025-05-26
B0B157GVG4,2025-06-23
B0B157GVG4,2025-07-21
B0B157GVG4,2025-08-18
B0B157GVG4,2025-09-15
B0B157GVG4,2025-10-13
B0B157GVG4,2025-11-10
B0B157GVG4,2025-12-08
B0B157GVG4,2026-01-05
B0B157GVG4,2026-02-02
B0B157GVG4,2026-03-02
B0B157MTN4,2025-04-28
B0B157MTN4,2025-05-26
B0B157MTN4,2025-06-23
B0B157MTN4,2025-07-21
B0B157MTN4,2025-08-18
B0B157MTN4,2025-09-15
B0B157MTN4,2025-10-13
B0B157MTN4,2025-11-10
B0B157MTN4,2025-12-08
B0B157MTN4,2026-01-05
B0B157MTN4,2026-02-02
B0B157MTN4,2026-03-02
B0B158V378,2025-04-28
B0B158V378,2025-05-26
B0B158V378,2025-06-23
B0B158V378,2025-07-21
B0B158V378,2025-08-18
B0B158V378,2025-09-15
B0B158V378,2025-10-13
B0B158V378,2025-11-10
B0B158V378,2025-12-08
B0B158V378,2026-01-05
B0B158V378,2026-02-02
B0B158V378,2026-03-02
B0B1F7TBHM,2025-04-28
B0B1F7TBHM,2025-05-26
B0B1F7TBHM,2025-06-23
B0B1F7TBHM,2025-07-21
B0B1F7TBHM,2025-08-18
B0B1F7TBHM,2025-09-15
B0B1F7TBHM,2025-10-13
B0B1F7TBHM,2025-11-10
B0B1F7TBHM,2025-12-08
B0B1F7TBHM,2026-01-05
B0B1F7TBHM,2026-02-02
B0B1F7TBHM,2026-03-02
B0B1Z9PH71,2025-04-28
B0B1Z9PH71,2025-05-26
B0B1Z9PH71,2025-06-23
B0B1Z9PH71,2025-07-21
B0B1Z9PH71,2025-08-18
B0B1Z9PH71,2025-09-15
B0B1Z9PH71,2025-10-13
B0B1Z9PH71,2025-11-10
B0B1Z9PH71,2025-12-08
B0B1Z9PH71,2026-01-05
B0B1Z9PH71,2026-02-02
B0B1Z9PH71,2026-03-02
B0B1ZBGMJR,2025-04-28
B0B1ZBGMJR,2025-05-26
B0B1ZBGMJR,2025-06-23
B0B1ZBGMJR,2025-07-21
B0B1ZBGMJR,2025-08-18
B0B1ZBGMJR,2025-09-15
B0B1ZBGMJR,2025-10-13
B0B1ZBGMJR,2025-11-10
B0B1ZBGMJR,2025-12-08
B0B1ZBGMJR,2026-01-05
B0B1ZBGMJR,2026-02-02
B0B1ZBGMJR,2026-03-02
B0B1ZBNSDR,2025-04-28
B0B1ZBNSDR,2025-05-26
B0B1ZBNSDR,2025-06-23
B0B1ZBNSDR,2025-07-21
B0B1ZBNSDR,2025-08-18
B0B1ZBNSDR,2025-09-15
B0B1ZBNSDR,2025-10-13
B0B1ZBNSDR,2025-11-10
B0B1ZBNSDR,2025-12-08
B0B1ZBNSDR,2026-01-05
B0B1ZBNSDR,2026-02-02
B0B1ZBNSDR,2026-03-02
B0B2J1ZMB6,2025-04-28
B0B2J1ZMB6,2025-05-26
B0B2J1ZMB6,2025-06-23
B0B2J1ZMB6,2025-07-21
B0B2J1ZMB6,2025-08-18
B0B2J1ZMB6,2025-09-15
B0B2J1ZMB6,2025-10-13
B0B2J1ZMB6,2025-11-10
B0B2J1ZMB6,2025-12-08
B0B2J1ZMB6,2026-01-05
B0B2J1ZMB6,2026-02-02
B0B2J1ZMB6,2026-03-02
B0B2LMMJC1,2025-04-28
B0B2LMMJC1,2025-05-26
B0B2LMMJC1,2025-06-23
B0B2LMMJC1,2025-07-21
B0B2LMMJC1,2025-08-18
B0B2LMMJC1,2025-09-15
B0B2LMMJC1,2025-10-13
B0B2LMMJC1,2025-11-10
B0B2LMMJC1,2025-12-08
B0B2LMMJC1,2026-01-05
B0B2LMMJC1,2026-02-02
B0B2LMMJC1,2026-03-02
B0B2NYVZTC,2025-04-28
B0B2NYVZTC,2025-05-26
B0B2NYVZTC,2025-06-23
B0B2NYVZTC,2025-07-21
B0B2NYVZTC,2025-08-18
B0B2NYVZTC,2025-09-15
B0B2NYVZTC,2025-10-13
B0B2NYVZTC,2025-11-10
B0B2NYVZTC,2025-12-08
B0B2NYVZTC,2026-01-05
B0B2NYVZTC,2026-02-02
B0B2NYVZTC,2026-03-02
B0B2P916PC,2025-04-28
B0B2P916PC,2025-05-26
B0B2P916PC,2025-06-23
B0B2P916PC,2025-07-21
B0B2P916PC,2025-08-18
B0B2P916PC,2025-09-15
B0B2P916PC,2025-10-13
B0B2P916PC,2025-11-10
B0B2P916PC,2025-12-08
B0B2P916PC,2026-01-05
B0B2P916PC,2026-02-02
B0B2P916PC,2026-03-02
B0B2W4C2V9,2025-04-28
B0B2W4C2V9,2025-05-26
B0B2W4C2V9,2025-06-23
B0B2W4C2V9,2025-07-21
B0B2W4C2V9,2025-08-18
B0B2W4C2V9,2025-09-15
B0B2W4C2V9,2025-10-13
B0B2W4C2V9,2025-11-10
B0B2W4C2V9,2025-12-08
B0B2W4C2V9,2026-01-05
B0B2W4C2V9,2026-02-02
B0B2W4C2V9,2026-03-02
B0B31LXD3W,2025-04-28
B0B31LXD3W,2025-05-26
B0B31LXD3W,2025-06-23
B0B31LXD3W,2025-07-21
B0B31LXD3W,2025-08-18
B0B31LXD3W,2025-09-15
B0B31LXD3W,2025-10-13
B0B31LXD3W,2025-11-10
B0B31LXD3W,2025-12-08
B0B31LXD3W,2026-01-05
B0B31LXD3W,2026-02-02
B0B31LXD3W,2026-03-02
B0B3QZLG5H,2025-04-28
B0B3QZLG5H,2025-05-26
B0B3QZLG5H,2025-06-23
B0B3QZLG5H,2025-07-21
B0B3QZLG5H,2025-08-18
B0B3QZLG5H,2025-09-15
B0B3QZLG5H,2025-10-13
B0B3QZLG5H,2025-11-10
B0B3QZLG5H,2025-12-08
B0B3QZLG5H,2026-01-05
B0B3QZLG5H,2026-02-02
B0B3QZLG5H,2026-03-02
B0B3T9N3NF,2025-04-28
B0B3T9N3NF,2025-05-26
B0B3T9N3NF,2025-06-23
B0B3T9N3NF,2025-07-21
B0B3T9N3NF,2025-08-18
B0B3T9N3NF,2025-09-15
B0B3T9N3NF,2025-10-13
B0B3T9N3NF,2025-11-10
B0B3T9N3NF,2025-12-08
B0B3T9N3NF,2026-01-05
B0B3T9N3NF,2026-02-02
B0B3T9N3NF,2026-03-02
B0B49RPYYX,2025-04-28
B0B49RPYYX,2025-05-26
B0B49RPYYX,2025-06-23
B0B49RPYYX,2025-07-21
B0B49RPYYX,2025-08-18
B0B49RPYYX,2025-09-15
B0B49RPYYX,2025-10-13
B0B49RPYYX,2025-11-10
B0B49RPYYX,2025-12-08
B0B49RPYYX,2026-01-05
B0B49RPYYX,2026-02-02
B0B49RPYYX,2026-03-02
B0B4MZBMGR,2025-04-28
B0B4MZBMGR,2025-05-26
B0B4MZBMGR,2025-06-23
B0B4MZBMGR,2025-07-21
B0B4MZBMGR,2025-08-18
B0B4MZBMGR,2025-09-15
B0B4MZBMGR,2025-10-13
B0B4MZBMGR,2025-11-10
B0B4MZBMGR,2025-12-08
B0B4MZBMGR,2026-01-05
B0B4MZBMGR,2026-02-02
B0B4MZBMGR,2026-03-02
B0B4N5XRX8,2025-04-28
B0B4N5XRX8,2025-05-26
B0B4N5XRX8,2025-06-23
B0B4N5XRX8,2025-07-21
B0B4N5XRX8,2025-08-18
B0B4N5XRX8,2025-09-15
B0B4N5XRX8,2025-10-13
B0B4N5XRX8,2025-11-10
B0B4N5XRX8,2025-12-08
B0B4N5XRX8,2026-01-05
B0B4N5XRX8,2026-02-02
B0B4N5XRX8,2026-03-02
B0B4W7M5PB,2025-04-28
B0B4W7M5PB,2025-05-26
B0B4W7M5PB,2025-06-23
B0B4W7M5PB,2025-07-21
B0B4W7M5PB,2025-08-18
B0B4W7M5PB,2025-09-15
B0B4W7M5PB,2025-10-13
B0B4W7M5PB,2025-11-10
B0B4W7M5PB,2025-12-08
B0B4W7M5PB,2026-01-05
B0B4W7M5PB,2026-02-02
B0B4W7M5PB,2026-03-02
B0B4XCMFKC,2025-04-28
B0B4XCMFKC,2025-05-26
B0B4XCMFKC,2025-06-23
B0B4XCMFKC,2025-07-21
B0B4XCMFKC,2025-08-18
B0B4XCMFKC,2025-09-15
B0B4XCMFKC,2025-10-13
B0B4XCMFKC,2025-11-10
B0B4XCMFKC,2025-12-08
B0B4XCMFKC,2026-01-05
B0B4XCMFKC,2026-02-02
B0B4XCMFKC,2026-03-02
B0B4XLFGQ8,2025-04-28
B0B4XLFGQ8,2025-05-26
B0B4XLFGQ8,2025-06-23
B0B4XLFGQ8,2025-07-21
B0B4XLFGQ8,2025-08-18
B0B4XLFGQ8,2025-09-15
B0B4XLFGQ8,2025-10-13
B0B4XLFGQ8,2025-11-10
B0B4XLFGQ8,2025-12-08
B0B4XLFGQ8,2026-01-05
B0B4XLFGQ8,2026-02-02
B0B4XLFGQ8,2026-03-02
B0B5M6Q5H4,2025-04-28
B0B5M6Q5H4,2025-05-26
B0B5M6Q5H4,2025-06-23
B0B5M6Q5H4,2025-07-21
B0B5M6Q5H4,2025-08-18
B0B5M6Q5H4,2025-09-15
B0B5M6Q5H4,2025-10-13
B0B5M6Q5H4,2025-11-10
B0B5M6Q5H4,2025-12-08
B0B5M6Q5H4,2026-01-05
B0B5M6Q5H4,2026-02-02
B0B5M6Q5H4,2026-03-02
B0B5N5WP76,2025-04-28
B0B5N5WP76,2025-05-26
B0B5N5WP76,2025-06-23
B0B5N5WP76,2025-07-21
B0B5N5WP76,2025-08-18
B0B5N5WP76,2025-09-15
B0B5N5WP76,2025-10-13
B0B5N5WP76,2025-11-10
B0B5N5WP76,2025-12-08
B0B5N5WP76,2026-01-05
B0B5N5WP76,2026-02-02
B0B5N5WP76,2026-03-02
B0B5N6TKZV,2025-04-28
B0B5N6TKZV,2025-05-26
B0B5N6TKZV,2025-06-23
B0B5N6TKZV,2025-07-21
B0B5N6TKZV,2025-08-18
B0B5N6TKZV,2025-09-15
B0B5N6TKZV,2025-10-13
B0B5N6TKZV,2025-11-10
B0B5N6TKZV,2025-12-08
B0B5N6TKZV,2026-01-05
B0B5N6TKZV,2026-02-02
B0B5N6TKZV,2026-03-02
B0B5N7PXM8,2025-04-28
B0B5N7PXM8,2025-05-26
B0B5N7PXM8,2025-06-23
B0B5N7PXM8,2025-07-21
B0B5N7PXM8,2025-08-18
B0B5N7PXM8,2025-09-15
B0B5N7PXM8,2025-10-13
B0B5N7PXM8,2025-11-10
B0B5N7PXM8,2025-12-08
B0B5N7PXM8,2026-01-05
B0B5N7PXM8,2026-02-02
B0B5N7PXM8,2026-03-02
B0B5YCTYTP,2025-04-28
B0B5YCTYTP,2025-05-26
B0B5YCTYTP,2025-06-23
B0B5YCTYTP,2025-07-21
B0B5YCTYTP,2025-08-18
B0B5YCTYTP,2025-09-15
B0B5YCTYTP,2025-10-13
B0B5YCTYTP,2025-11-10
B0B5YCTYTP,2025-12-08
B0B5YCTYTP,2026-01-05
B0B5YCTYTP,2026-02-02
B0B5YCTYTP,2026-03-02
B0B61WBJVY,2025-04-28
B0B61WBJVY,2025-05-26
B0B61WBJVY,2025-06-23
B0B61WBJVY,2025-07-21
B0B61WBJVY,2025-08-18
B0B61WBJVY,2025-09-15
B0B61WBJVY,2025-10-13
B0B61WBJVY,2025-11-10
B0B61WBJVY,2025-12-08
B0B61WBJVY,2026-01-05
B0B61WBJVY,2026-02-02
B0B61WBJVY,2026-03-02
B0B671BY5Q,2025-04-28
B0B671BY5Q,2025-05-26
B0B671BY5Q,2025-06-23
B0B671BY5Q,2025-07-21
B0B671BY5Q,2025-08-18
B0B671BY5Q,2025-09-15
B0B671BY5Q,2025-10-13
B0B671BY5Q,2025-11-10
B0B671BY5Q,2025-12-08
B0B671BY5Q,2026-01-05
B0B671BY5Q,2026-02-02
B0B671BY5Q,2026-03-02
B0B6C2V9BN,2025-04-28
B0B6C2V9BN,2025-05-26
B0B6C2V9BN,2025-06-23
B0B6C2V9BN,2025-07-21
B0B6C2V9BN,2025-08-18
B0B6C2V9BN,2025-09-15
B0B6C2V9BN,2025-10-13
B0B6C2V9BN,2025-11-10
B0B6C2V9BN,2025-12-08
B0B6C2V9BN,2026-01-05
B0B6C2V9BN,2026-02-02
B0B6C2V9BN,2026-03-02
B0B6JMW3J3,2025-04-28
B0B6JMW3J3,2025-05-26
B0B6JMW3J3,2025-06-23
B0B6JMW3J3,2025-07-21
B0B6JMW3J3,2025-08-18
B0B6JMW3J3,2025-09-15
B0B6JMW3J3,2025-10-13
B0B6JMW3J3,2025-11-10
B0B6JMW3J3,2025-12-08
B0B6JMW3J3,2026-01-05
B0B6JMW3J3,2026-02-02
B0B6JMW3J3,2026-03-02
B0B6PXM3W4,2025-04-28
B0B6PXM3W4,2025-05-26
B0B6PXM3W4,2025-06-23
B0B6PXM3W4,2025-07-21
B0B6PXM3W4,2025-08-18
B0B6PXM3W4,2025-09-15
B0B6PXM3W4,2025-10-13
B0B6PXM3W4,2025-11-10
B0B6PXM3W4,2025-12-08
B0B6PXM3W4,2026-01-05
B0B6PXM3W4,2026-02-02
B0B6PXM3W4,2026-03-02
B0B6VMY7YZ,2025-04-28
B0B6VMY7YZ,2025-05-26
B0B6VMY7YZ,2025-06-23
B0B6VMY7YZ,2025-07-21
B0B6VMY7YZ,2025-08-18
B0B6VMY7YZ,2025-09-15
B0B6VMY7YZ,2025-10-13
B0B6VMY7YZ,2025-11-10
B0B6VMY7YZ,2025-12-08
B0B6VMY7YZ,2026-01-05
B0B6VMY7YZ,2026-02-02
B0B6VMY7YZ,2026-03-02
B0B6VPGKRS,2025-04-28
B0B6VPGKRS,2025-05-26
B0B6VPGKRS,2025-06-23
B0B6VPGKRS,2025-07-21
B0B6VPGKRS,2025-08-18
B0B6VPGKRS,2025-09-15
B0B6VPGKRS,2025-10-13
B0B6VPGKRS,2025-11-10
B0B6VPGKRS,2025-12-08
B0B6VPGKRS,2026-01-05
B0B6VPGKRS,2026-02-02
B0B6VPGKRS,2026-03-02
B0B7CZ6YSX,2025-04-28
B0B7CZ6YSX,2025-05-26
B0B7CZ6YSX,2025-06-23
B0B7CZ6YSX,2025-07-21
B0B7CZ6YSX,2025-08-18
B0B7CZ6YSX,2025-09-15
B0B7CZ6YSX,2025-10-13
B0B7CZ6YSX,2025-11-10
B0B7CZ6YSX,2025-12-08
B0B7CZ6YSX,2026-01-05
B0B7CZ6YSX,2026-02-02
B0B7CZ6YSX,2026-03-02
B0B7JPCC41,2025-04-28
B0B7JPCC41,2025-05-26
B0B7JPCC41,2025-06-23
B0B7JPCC41,2025-07-21
B0B7JPCC41,2025-08-18
B0B7JPCC41,2025-09-15
B0B7JPCC41,2025-10-13
B0B7JPCC41,2025-11-10
B0B7JPCC41,2025-12-08
B0B7JPCC41,2026-01-05
B0B7JPCC41,2026-02-02
B0B7JPCC41,2026-03-02
B0B7JWRNYY,2025-04-28
B0B7JWRNYY,2025-05-26
B0B7JWRNYY,2025-06-23
B0B7JWRNYY,2025-07-21
B0B7JWRNYY,2025-08-18
B0B7JWRNYY,2025-09-15
B0B7JWRNYY,2025-10-13
B0B7JWRNYY,2025-11-10
B0B7JWRNYY,2025-12-08
B0B7JWRNYY,2026-01-05
B0B7JWRNYY,2026-02-02
B0B7JWRNYY,2026-03-02
B0B8BQBZ7H,2025-04-28
B0B8BQBZ7H,2025-05-26
B0B8BQBZ7H,2025-06-23
B0B8BQBZ7H,2025-07-21
B0B8BQBZ7H,2025-08-18
B0B8BQBZ7H,2025-09-15
B0B8BQBZ7H,2025-10-13
B0B8BQBZ7H,2025-11-10
B0B8BQBZ7H,2025-12-08
B0B8BQBZ7H,2026-01-05
B0B8BQBZ7H,2026-02-02
B0B8BQBZ7H,2026-03-02
B0B8BXVL2X,2025-04-28
B0B8BXVL2X,2025-05-26
B0B8BXVL2X,2025-06-23
B0B8BXVL2X,2025-07-21
B0B8BXVL2X,2025-08-18
B0B8BXVL2X,2025-09-15
B0B8BXVL2X,2025-10-13
B0B8BXVL2X,2025-11-10
B0B8BXVL2X,2025-12-08
B0B8BXVL2X,2026-01-05
B0B8BXVL2X,2026-02-02
B0B8BXVL2X,2026-03-02
B0B8C4BSNQ,2025-04-28
B0B8C4BSNQ,2025-05-26
B0B8C4BSNQ,2025-06-23
B0B8C4BSNQ,2025-07-21
B0B8C4BSNQ,2025-08-18
B0B8C4BSNQ,2025-09-15
B0B8C4BSNQ,2025-10-13
B0B8C4BSNQ,2025-11-10
B0B8C4BSNQ,2025-12-08
B0B8C4BSNQ,2026-01-05
B0B8C4BSNQ,2026-02-02
B0B8C4BSNQ,2026-03-02
B0B8ZLK6P9,2025-04-28
B0B8ZLK6P9,2025-05-26
B0B8ZLK6P9,2025-06-23
B0B8ZLK6P9,2025-07-21
B0B8ZLK6P9,2025-08-18
B0B8ZLK6P9,2025-09-15
B0B8ZLK6P9,2025-10-13
B0B8ZLK6P9,2025-11-10
B0B8ZLK6P9,2025-12-08
B0B8ZLK6P9,2026-01-05
B0B8ZLK6P9,2026-02-02
B0B8ZLK6P9,2026-03-02
B0B97DMY7V,2025-04-28
B0B97DMY7V,2025-05-26
B0B97DMY7V,2025-06-23
B0B97DMY7V,2025-07-21
B0B97DMY7V,2025-08-18
B0B97DMY7V,2025-09-15
B0B97DMY7V,2025-10-13
B0B97DMY7V,2025-11-10
B0B97DMY7V,2025-12-08
B0B97DMY7V,2026-01-05
B0B97DMY7V,2026-02-02
B0B97DMY7V,2026-03-02
B0B9NCQVZJ,2025-04-28
B0B9NCQVZJ,2025-05-26
B0B9NCQVZJ,2025-06-23
B0B9NCQVZJ,2025-07-21
B0B9NCQVZJ,2025-08-18
B0B9NCQVZJ,2025-09-15
B0B9NCQVZJ,2025-10-13
B0B9NCQVZJ,2025-11-10
B0B9NCQVZJ,2025-12-08
B0B9NCQVZJ,2026-01-05
B0B9NCQVZJ,2026-02-02
B0B9NCQVZJ,2026-03-02
B0B9QXY5WK,2025-04-28
B0B9QXY5WK,2025-05-26
B0B9QXY5WK,2025-06-23
B0B9QXY5WK,2025-07-21
B0B9QXY5WK,2025-08-18
B0B9QXY5WK,2025-09-15
B0B9QXY5WK,2025-10-13
B0B9QXY5WK,2025-11-10
B0B9QXY5WK,2025-12-08
B0B9QXY5WK,2026-01-05
B0B9QXY5WK,2026-02-02
B0B9QXY5WK,2026-03-02
B0B9R6C9KQ,2025-04-28
B0B9R6C9KQ,2025-05-26
B0B9R6C9KQ,2025-06-23
B0B9R6C9KQ,2025-07-21
B0B9R6C9KQ,2025-08-18
B0B9R6C9KQ,2025-09-15
B0B9R6C9KQ,2025-10-13
B0B9R6C9KQ,2025-11-10
B0B9R6C9KQ,2025-12-08
B0B9R6C9KQ,2026-01-05
B0B9R6C9KQ,2026-02-02
B0B9R6C9KQ,2026-03-02
B0B9RGTHPC,2025-04-28
B0B9RGTHPC,2025-05-26
B0B9RGTHPC,2025-06-23
B0B9RGTHPC,2025-07-21
B0B9RGTHPC,2025-08-18
B0B9RGTHPC,2025-09-15
B0B9RGTHPC,2025-10-13
B0B9RGTHPC,2025-11-10
B0B9RGTHPC,2025-12-08
B0B9RGTHPC,2026-01-05
B0B9RGTHPC,2026-02-02
B0B9RGTHPC,2026-03-02
B0B9SZW5BM,2025-04-28
B0B9SZW5BM,2025-05-26
B0B9SZW5BM,2025-06-23
B0B9SZW5BM,2025-07-21
B0B9SZW5BM,2025-08-18
B0B9SZW5BM,2025-09-15
B0B9SZW5BM,2025-10-13
B0B9SZW5BM,2025-11-10
B0B9SZW5BM,2025-12-08
B0B9SZW5BM,2026-01-05
B0B9SZW5BM,2026-02-02
B0B9SZW5BM,2026-03-02
B0B9WBSWJZ,2025-04-28
B0B9WBSWJZ,2025-05-26
B0B9WBSWJZ,2025-06-23
B0B9WBSWJZ,2025-07-21
B0B9WBSWJZ,2025-08-18
B0B9WBSWJZ,2025-09-15
B0B9WBSWJZ,2025-10-13
B0B9WBSWJZ,2025-11-10
B0B9WBSWJZ,2025-12-08
B0B9WBSWJZ,2026-01-05
B0B9WBSWJZ,2026-02-02
B0B9WBSWJZ,2026-03-02
B0BB2VL6MX,2025-04-28
B0BB2VL6MX,2025-05-26
B0BB2VL6MX,2025-06-23
B0BB2VL6MX,2025-07-21
B0BB2VL6MX,2025-08-18
B0BB2VL6MX,2025-09-15
B0BB2VL6MX,2025-10-13
B0BB2VL6MX,2025-11-10
B0BB2VL6MX,2025-12-08
B0BB2VL6MX,2026-01-05
B0BB2VL6MX,2026-02-02
B0BB2VL6MX,2026-03-02
B0BB71KTPP,2025-04-28
B0BB71KTPP,2025-05-26
B0BB71KTPP,2025-06-23
B0BB71KTPP,2025-07-21
B0BB71KTPP,2025-08-18
B0BB71KTPP,2025-09-15
B0BB71KTPP,2025-10-13
B0BB71KTPP,2025-11-10
B0BB71KTPP,2025-12-08
B0BB71KTPP,2026-01-05
B0BB71KTPP,2026-02-02
B0BB71KTPP,2026-03-02
B0BB73QCV6,2025-04-28
B0BB73QCV6,2025-05-26
B0BB73QCV6,2025-06-23
B0BB73QCV6,2025-07-21
B0BB73QCV6,2025-08-18
B0BB73QCV6,2025-09-15
B0BB73QCV6,2025-10-13
B0BB73QCV6,2025-11-10
B0BB73QCV6,2025-12-08
B0BB73QCV6,2026-01-05
B0BB73QCV6,2026-02-02
B0BB73QCV6,2026-03-02
B0BB77TF3G,2025-04-28
B0BB77TF3G,2025-05-26
B0BB77TF3G,2025-06-23
B0BB77TF3G,2025-07-21
B0BB77TF3G,2025-08-18
B0BB77TF3G,2025-09-15
B0BB77TF3G,2025-10-13
B0BB77TF3G,2025-11-10
B0BB77TF3G,2025-12-08
B0BB77TF3G,2026-01-05
B0BB77TF3G,2026-02-02
B0BB77TF3G,2026-03-02
B0BBG9GD5P,2025-04-28
B0BBG9GD5P,2025-05-26
B0BBG9GD5P,2025-06-23
B0BBG9GD5P,2025-07-21
B0BBG9GD5P,2025-08-18
B0BBG9GD5P,2025-09-15
B0BBG9GD5P,2025-10-13
B0BBG9GD5P,2025-11-10
B0BBG9GD5P,2025-12-08
B0BBG9GD5P,2026-01-05
B0BBG9GD5P,2026-02-02
B0BBG9GD5P,2026-03-02
B0BBR3TM7W,2025-04-28
B0BBR3TM7W,2025-05-26
B0BBR3TM7W,2025-06-23
B0BBR3TM7W,2025-07-21
B0BBR3TM7W,2025-08-18
B0BBR3TM7W,2025-09-15
B0BBR3TM7W,2025-10-13
B0BBR3TM7W,2025-11-10
B0BBR3TM7W,2025-12-08
B0BBR3TM7W,2026-01-05
B0BBR3TM7W,2026-02-02
B0BBR3TM7W,2026-03-02
B0BBSVL958,2025-04-28
B0BBSVL958,2025-05-26
B0BBSVL958,2025-06-23
B0BBSVL958,2025-07-21
B0BBSVL958,2025-08-18
B0BBSVL958,2025-09-15
B0BBSVL958,2025-10-13
B0BBSVL958,2025-11-10
B0BBSVL958,2025-12-08
B0BBSVL958,2026-01-05
B0BBSVL958,2026-02-02
B0BBSVL958,2026-03-02
B0BBSWJW6L,2025-04-28
B0BBSWJW6L,2025-05-26
B0BBSWJW6L,2025-06-23
B0BBSWJW6L,2025-07-21
B0BBSWJW6L,2025-08-18
B0BBSWJW6L,2025-09-15
B0BBSWJW6L,2025-10-13
B0BBSWJW6L,2025-11-10
B0BBSWJW6L,2025-12-08
B0BBSWJW6L,2026-01-05
B0BBSWJW6L,2026-02-02
B0BBSWJW6L,2026-03-02
B0BBSZRQH8,2025-04-28
B0BBSZRQH8,2025-05-26
B0BBSZRQH8,2025-06-23
B0BBSZRQH8,2025-07-21
B0BBSZRQH8,2025-08-18
B0BBSZRQH8,2025-09-15
B0BBSZRQH8,2025-10-13
B0BBSZRQH8,2025-11-10
B0BBSZRQH8,2025-12-08
B0BBSZRQH8,2026-01-05
B0BBSZRQH8,2026-02-02
B0BBSZRQH8,2026-03-02
B0BBZGMW34,2025-04-28
B0BBZGMW34,2025-05-26
B0BBZGMW34,2025-06-23
B0BBZGMW34,2025-07-21
B0BBZGMW34,2025-08-18
B0BBZGMW34,2025-09-15
B0BBZGMW34,2025-10-13
B0BBZGMW34,2025-11-10
B0BBZGMW34,2025-12-08
B0BBZGMW34,2026-01-05
B0BBZGMW34,2026-02-02
B0BBZGMW34,2026-03-02
B0BC1ZJ35J,2025-04-28
B0BC1ZJ35J,2025-05-26
B0BC1ZJ35J,2025-06-23
B0BC1ZJ35J,2025-07-21
B0BC1ZJ35J,2025-08-18
B0BC1ZJ35J,2025-09-15
B0BC1ZJ35J,2025-10-13
B0BC1ZJ35J,2025-11-10
B0BC1ZJ35J,2025-12-08
B0BC1ZJ35J,2026-01-05
B0BC1ZJ35J,2026-02-02
B0BC1ZJ35J,2026-03-02
B0BC242LWT,2025-04-28
B0BC242LWT,2025-05-26
B0BC242LWT,2025-06-23
B0BC242LWT,2025-07-21
B0BC242LWT,2025-08-18
B0BC242LWT,2025-09-15
B0BC242LWT,2025-10-13
B0BC242LWT,2025-11-10
B0BC242LWT,2025-12-08
B0BC242LWT,2026-01-05
B0BC242LWT,2026-02-02
B0BC242LWT,2026-03-02
B0BC7PNWXX,2025-04-28
B0BC7PNWXX,2025-05-26
B0BC7PNWXX,2025-06-23
B0BC7PNWXX,2025-07-21
B0BC7PNWXX,2025-08-18
B0BC7PNWXX,2025-09-15
B0BC7PNWXX,2025-10-13
B0BC7PNWXX,2025-11-10
B0BC7PNWXX,2025-12-08
B0BC7PNWXX,2026-01-05
B0BC7PNWXX,2026-02-02
B0BC7PNWXX,2026-03-02
B0BCFK21LY,2025-04-28
B0BCFK21LY,2025-05-26
B0BCFK21LY,2025-06-23
B0BCFK21LY,2025-07-21
B0BCFK21LY,2025-08-18
B0BCFK21LY,2025-09-15
B0BCFK21LY,2025-10-13
B0BCFK21LY,2025-11-10
B0BCFK21LY,2025-12-08
B0BCFK21LY,2026-01-05
B0BCFK21LY,2026-02-02
B0BCFK21LY,2026-03-02
B0BCR5SXCH,2025-04-28
B0BCR5SXCH,2025-05-26
B0BCR5SXCH,2025-06-23
B0BCR5SXCH,2025-07-21
B0BCR5SXCH,2025-08-18
B0BCR5SXCH,2025-09-15
B0BCR5SXCH,2025-10-13
B0BCR5SXCH,2025-11-10
B0BCR5SXCH,2025-12-08
B0BCR5SXCH,2026-01-05
B0BCR5SXCH,2026-02-02
B0BCR5SXCH,2026-03-02
B0BCTDJ91F,2025-04-28
B0BCTDJ91F,2025-05-26
B0BCTDJ91F,2025-06-23
B0BCTDJ91F,2025-07-21
B0BCTDJ91F,2025-08-18
B0BCTDJ91F,2025-09-15
B0BCTDJ91F,2025-10-13
B0BCTDJ91F,2025-11-10
B0BCTDJ91F,2025-12-08
B0BCTDJ91F,2026-01-05
B0BCTDJ91F,2026-02-02
B0BCTDJ91F,2026-03-02
B0BCV377FL,2025-04-28
B0BCV377FL,2025-05-26
B0BCV377FL,2025-06-23
B0BCV377FL,2025-07-21
B0BCV377FL,2025-08-18
B0BCV377FL,2025-09-15
B0BCV377FL,2025-10-13
B0BCV377FL,2025-11-10
B0BCV377FL,2025-12-08
B0BCV377FL,2026-01-05
B0BCV377FL,2026-02-02
B0BCV377FL,2026-03-02
B0BDX7BSDN,2025-04-28
B0BDX7BSDN,2025-05-26
B0BDX7BSDN,2025-06-23
B0BDX7BSDN,2025-07-21
B0BDX7BSDN,2025-08-18
B0BDX7BSDN,2025-09-15
B0BDX7BSDN,2025-10-13
B0BDX7BSDN,2025-11-10
B0BDX7BSDN,2025-12-08
B0BDX7BSDN,2026-01-05
B0BDX7BSDN,2026-02-02
B0BDX7BSDN,2026-03-02
B0BFD4FFW8,2025-04-28
B0BFD4FFW8,2025-05-26
B0BFD4FFW8,2025-06-23
B0BFD4FFW8,2025-07-21
B0BFD4FFW8,2025-08-18
B0BFD4FFW8,2025-09-15
B0BFD4FFW8,2025-10-13
B0BFD4FFW8,2025-11-10
B0BFD4FFW8,2025-12-08
B0BFD4FFW8,2026-01-05
B0BFD4FFW8,2026-02-02
B0BFD4FFW8,2026-03-02
B0BFGZD7XG,2025-04-28
B0BFGZD7XG,2025-05-26
B0BFGZD7XG,2025-06-23
B0BFGZD7XG,2025-07-21
B0BFGZD7XG,2025-08-18
B0BFGZD7XG,2025-09-15
B0BFGZD7XG,2025-10-13
B0BFGZD7XG,2025-11-10
B0BFGZD7XG,2025-12-08
B0BFGZD7XG,2026-01-05
B0BFGZD7XG,2026-02-02
B0BFGZD7XG,2026-03-02
B0BG77PGC1,2025-04-28
B0BG77PGC1,2025-05-26
B0BG77PGC1,2025-06-23
B0BG77PGC1,2025-07-21
B0BG77PGC1,2025-08-18
B0BG77PGC1,2025-09-15
B0BG77PGC1,2025-10-13
B0BG77PGC1,2025-11-10
B0BG77PGC1,2025-12-08
B0BG77PGC1,2026-01-05
B0BG77PGC1,2026-02-02
B0BG77PGC1,2026-03-02
B0BGWTVG8T,2025-04-28
B0BGWTVG8T,2025-05-26
B0BGWTVG8T,2025-06-23
B0BGWTVG8T,2025-07-21
B0BGWTVG8T,2025-08-18
B0BGWTVG8T,2025-09-15
B0BGWTVG8T,2025-10-13
B0BGWTVG8T,2025-11-10
B0BGWTVG8T,2025-12-08
B0BGWTVG8T,2026-01-05
B0BGWTVG8T,2026-02-02
B0BGWTVG8T,2026-03-02
B0BGX97VRK,2025-04-28
B0BGX97VRK,2025-05-26
B0BGX97VRK,2025-06-23
B0BGX97VRK,2025-07-21
B0BGX97VRK,2025-08-18
B0BGX97VRK,2025-09-15
B0BGX97VRK,2025-10-13
B0BGX97VRK,2025-11-10
B0BGX97VRK,2025-12-08
B0BGX97VRK,2026-01-05
B0BGX97VRK,2026-02-02
B0BGX97VRK,2026-03-02
B0BGXJ6G1N,2025-04-28
B0BGXJ6G1N,2025-05-26
B0BGXJ6G1N,2025-06-23
B0BGXJ6G1N,2025-07-21
B0BGXJ6G1N,2025-08-18
B0BGXJ6G1N,2025-09-15
B0BGXJ6G1N,2025-10-13
B0BGXJ6G1N,2025-11-10
B0BGXJ6G1N,2025-12-08
B0BGXJ6G1N,2026-01-05
B0BGXJ6G1N,2026-02-02
B0BGXJ6G1N,2026-03-02
B0BH8JXVQH,2025-04-28
B0BH8JXVQH,2025-05-26
B0BH8JXVQH,2025-06-23
B0BH8JXVQH,2025-07-21
B0BH8JXVQH,2025-08-18
B0BH8JXVQH,2025-09-15
B0BH8JXVQH,2025-10-13
B0BH8JXVQH,2025-11-10
B0BH8JXVQH,2025-12-08
B0BH8JXVQH,2026-01-05
B0BH8JXVQH,2026-02-02
B0BH8JXVQH,2026-03-02
B0BHVG7R4J,2025-04-28
B0BHVG7R4J,2025-05-26
B0BHVG7R4J,2025-06-23
B0BHVG7R4J,2025-07-21
B0BHVG7R4J,2025-08-18
B0BHVG7R4J,2025-09-15
B0BHVG7R4J,2025-10-13
B0BHVG7R4J,2025-11-10
B0BHVG7R4J,2025-12-08
B0BHVG7R4J,2026-01-05
B0BHVG7R4J,2026-02-02
B0BHVG7R4J,2026-03-02
B0BJ2ZC28W,2025-04-28
B0BJ2ZC28W,2025-05-26
B0BJ2ZC28W,2025-06-23
B0BJ2ZC28W,2025-07-21
B0BJ2ZC28W,2025-08-18
B0BJ2ZC28W,2025-09-15
B0BJ2ZC28W,2025-10-13
B0BJ2ZC28W,2025-11-10
B0BJ2ZC28W,2025-12-08
B0BJ2ZC28W,2026-01-05
B0BJ2ZC28W,2026-02-02
B0BJ2ZC28W,2026-03-02
B0BJ4QF734,2025-04-28
B0BJ4QF734,2025-05-26
B0BJ4QF734,2025-06-23
B0BJ4QF734,2025-07-21
B0BJ4QF734,2025-08-18
B0BJ4QF734,2025-09-15
B0BJ4QF734,2025-10-13
B0BJ4QF734,2025-11-10
B0BJ4QF734,2025-12-08
B0BJ4QF734,2026-01-05
B0BJ4QF734,2026-02-02
B0BJ4QF734,2026-03-02
B0BJ6DMYBX,2025-04-28
B0BJ6DMYBX,2025-05-26
B0BJ6DMYBX,2025-06-23
B0BJ6DMYBX,2025-07-21
B0BJ6DMYBX,2025-08-18
B0BJ6DMYBX,2025-09-15
B0BJ6DMYBX,2025-10-13
B0BJ6DMYBX,2025-11-10
B0BJ6DMYBX,2025-12-08
B0BJ6DMYBX,2026-01-05
B0BJ6DMYBX,2026-02-02
B0BJ6DMYBX,2026-03-02
B0BJKCH4JB,2025-04-28
B0BJKCH4JB,2025-05-26
B0BJKCH4JB,2025-06-23
B0BJKCH4JB,2025-07-21
B0BJKCH4JB,2025-08-18
B0BJKCH4JB,2025-09-15
B0BJKCH4JB,2025-10-13
B0BJKCH4JB,2025-11-10
B0BJKCH4JB,2025-12-08
B0BJKCH4JB,2026-01-05
B0BJKCH4JB,2026-02-02
B0BJKCH4JB,2026-03-02
B0BJLBHFG3,2025-04-28
B0BJLBHFG3,2025-05-26
B0BJLBHFG3,2025-06-23
B0BJLBHFG3,2025-07-21
B0BJLBHFG3,2025-08-18
B0BJLBHFG3,2025-09-15
B0BJLBHFG3,2025-10-13
B0BJLBHFG3,2025-11-10
B0BJLBHFG3,2025-12-08
B0BJLBHFG3,2026-01-05
B0BJLBHFG3,2026-02-02
B0BJLBHFG3,2026-03-02
B0BK4QJNC2,2025-04-28
B0BK4QJNC2,2025-05-26
B0BK4QJNC2,2025-06-23
B0BK4QJNC2,2025-07-21
B0BK4QJNC2,2025-08-18
B0BK4QJNC2,2025-09-15
B0BK4QJNC2,2025-10-13
B0BK4QJNC2,2025-11-10
B0BK4QJNC2,2025-12-08
B0BK4QJNC2,2026-01-05
B0BK4QJNC2,2026-02-02
B0BK4QJNC2,2026-03-02
B0BKKM7VQT,2025-04-28
B0BKKM7VQT,2025-05-26
B0BKKM7VQT,2025-06-23
B0BKKM7VQT,2025-07-21
B0BKKM7VQT,2025-08-18
B0BKKM7VQT,2025-09-15
B0BKKM7VQT,2025-10-13
B0BKKM7VQT,2025-11-10
B0BKKM7VQT,2025-12-08
B0BKKM7VQT,2026-01-05
B0BKKM7VQT,2026-02-02
B0BKKM7VQT,2026-03-02
B0BKZXMSTX,2025-04-28
B0BKZXMSTX,2025-05-26
B0BKZXMSTX,2025-06-23
B0BKZXMSTX,2025-07-21
B0BKZXMSTX,2025-08-18
B0BKZXMSTX,2025-09-15
B0BKZXMSTX,2025-10-13
B0BKZXMSTX,2025-11-10
B0BKZXMSTX,2025-12-08
B0BKZXMSTX,2026-01-05
B0BKZXMSTX,2026-02-02
B0BKZXMSTX,2026-03-02
B0BL7KJTK8,2025-04-28
B0BL7KJTK8,2025-05-26
B0BL7KJTK8,2025-06-23
B0BL7KJTK8,2025-07-21
B0BL7KJTK8,2025-08-18
B0BL7KJTK8,2025-09-15
B0BL7KJTK8,2025-10-13
B0BL7KJTK8,2025-11-10
B0BL7KJTK8,2025-12-08
B0BL7KJTK8,2026-01-05
B0BL7KJTK8,2026-02-02
B0BL7KJTK8,2026-03-02
B0BM95JFQP,2025-04-28
B0BM95JFQP,2025-05-26
B0BM95JFQP,2025-06-23
B0BM95JFQP,2025-07-21
B0BM95JFQP,2025-08-18
B0BM95JFQP,2025-09-15
B0BM95JFQP,2025-10-13
B0BM95JFQP,2025-11-10
B0BM95JFQP,2025-12-08
B0BM95JFQP,2026-01-05
B0BM95JFQP,2026-02-02
B0BM95JFQP,2026-03-02
B0BMM5R3DB,2025-04-28
B0BMM5R3DB,2025-05-26
B0BMM5R3DB,2025-06-23
B0BMM5R3DB,2025-07-21
B0BMM5R3DB,2025-08-18
B0BMM5R3DB,2025-09-15
B0BMM5R3DB,2025-10-13
B0BMM5R3DB,2025-11-10
B0BMM5R3DB,2025-12-08
B0BMM5R3DB,2026-01-05
B0BMM5R3DB,2026-02-02
B0BMM5R3DB,2026-03-02
B0BNJGW16M,2025-04-28
B0BNJGW16M,2025-05-26
B0BNJGW16M,2025-06-23
B0BNJGW16M,2025-07-21
B0BNJGW16M,2025-08-18
B0BNJGW16M,2025-09-15
B0BNJGW16M,2025-10-13
B0BNJGW16M,2025-11-10
B0BNJGW16M,2025-12-08
B0BNJGW16M,2026-01-05
B0BNJGW16M,2026-02-02
B0BNJGW16M,2026-03-02
B0BNLNN9HR,2025-04-28
B0BNLNN9HR,2025-05-26
B0BNLNN9HR,2025-06-23
B0BNLNN9HR,2025-07-21
B0BNLNN9HR,2025-08-18
B0BNLNN9HR,2025-09-15
B0BNLNN9HR,2025-10-13
B0BNLNN9HR,2025-11-10
B0BNLNN9HR,2025-12-08
B0BNLNN9HR,2026-01-05
B0BNLNN9HR,2026-02-02
B0BNLNN9HR,2026-03-02
B0BNW1FCQT,2025-04-28
B0BNW1FCQT,2025-05-26
B0BNW1FCQT,2025-06-23
B0BNW1FCQT,2025-07-21
B0BNW1FCQT,2025-08-18
B0BNW1FCQT,2025-09-15
B0BNW1FCQT,2025-10-13
B0BNW1FCQT,2025-11-10
B0BNW1FCQT,2025-12-08
B0BNW1FCQT,2026-01-05
B0BNW1FCQT,2026-02-02
B0BNW1FCQT,2026-03-02
B0BP24JPGB,2025-04-28
B0BP24JPGB,2025-05-26
B0BP24JPGB,2025-06-23
B0BP24JPGB,2025-07-21
B0BP24JPGB,2025-08-18
B0BP24JPGB,2025-09-15
B0BP24JPGB,2025-10-13
B0BP24JPGB,2025-11-10
B0BP24JPGB,2025-12-08
B0BP24JPGB,2026-01-05
B0BP24JPGB,2026-02-02
B0BP24JPGB,2026-03-02
B0BP24N9PW,2025-04-28
B0BP24N9PW,2025-05-26
B0BP24N9PW,2025-06-23
B0BP24N9PW,2025-07-21
B0BP24N9PW,2025-08-18
B0BP24N9PW,2025-09-15
B0BP24N9PW,2025-10-13
B0BP24N9PW,2025-11-10
B0BP24N9PW,2025-12-08
B0BP24N9PW,2026-01-05
B0BP24N9PW,2026-02-02
B0BP24N9PW,2026-03-02
B0BP24R3XP,2025-04-28
B0BP24R3XP,2025-05-26
B0BP24R3XP,2025-06-23
B0BP24R3XP,2025-07-21
B0BP24R3XP,2025-08-18
B0BP24R3XP,2025-09-15
B0BP24R3XP,2025-10-13
B0BP24R3XP,2025-11-10
B0BP24R3XP,2025-12-08
B0BP24R3XP,2026-01-05
B0BP24R3XP,2026-02-02
B0BP24R3XP,2026-03-02
B0BP2DLGPT,2025-04-28
B0BP2DLGPT,2025-05-26
B0BP2DLGPT,2025-06-23
B0BP2DLGPT,2025-07-21
B0BP2DLGPT,2025-08-18
B0BP2DLGPT,2025-09-15
B0BP2DLGPT,2025-10-13
B0BP2DLGPT,2025-11-10
B0BP2DLGPT,2025-12-08
B0BP2DLGPT,2026-01-05
B0BP2DLGPT,2026-02-02
B0BP2DLGPT,2026-03-02
B0BP2Q4F3B,2025-04-28
B0BP2Q4F3B,2025-05-26
B0BP2Q4F3B,2025-06-23
B0BP2Q4F3B,2025-07-21
B0BP2Q4F3B,2025-08-18
B0BP2Q4F3B,2025-09-15
B0BP2Q4F3B,2025-10-13
B0BP2Q4F3B,2025-11-10
B0BP2Q4F3B,2025-12-08
B0BP2Q4F3B,2026-01-05
B0BP2Q4F3B,2026-02-02
B0BP2Q4F3B,2026-03-02
B0BP2TCY23,2025-04-28
B0BP2TCY23,2025-05-26
B0BP2TCY23,2025-06-23
B0BP2TCY23,2025-07-21
B0BP2TCY23,2025-08-18
B0BP2TCY23,2025-09-15
B0BP2TCY23,2025-10-13
B0BP2TCY23,2025-11-10
B0BP2TCY23,2025-12-08
B0BP2TCY23,2026-01-05
B0BP2TCY23,2026-02-02
B0BP2TCY23,2026-03-02
B0BQJ4ZK8T,2025-04-28
B0BQJ4ZK8T,2025-05-26
B0BQJ4ZK8T,2025-06-23
B0BQJ4ZK8T,2025-07-21
B0BQJ4ZK8T,2025-08-18
B0BQJ4ZK8T,2025-09-15
B0BQJ4ZK8T,2025-10-13
B0BQJ4ZK8T,2025-11-10
B0BQJ4ZK8T,2025-12-08
B0BQJ4ZK8T,2026-01-05
B0BQJ4ZK8T,2026-02-02
B0BQJ4ZK8T,2026-03-02
B0BQJ6VF6T,2025-04-28
B0BQJ6VF6T,2025-05-26
B0BQJ6VF6T,2025-06-23
B0BQJ6VF6T,2025-07-21
B0BQJ6VF6T,2025-08-18
B0BQJ6VF6T,2025-09-15
B0BQJ6VF6T,2025-10-13
B0BQJ6VF6T,2025-11-10
B0BQJ6VF6T,2025-12-08
B0BQJ6VF6T,2026-01-05
B0BQJ6VF6T,2026-02-02
B0BQJ6VF6T,2026-03-02
B0BQNBQ75S,2025-04-28
B0BQNBQ75S,2025-05-26
B0BQNBQ75S,2025-06-23
B0BQNBQ75S,2025-07-21
B0BQNBQ75S,2025-08-18
B0BQNBQ75S,2025-09-15
B0BQNBQ75S,2025-10-13
B0BQNBQ75S,2025-11-10
B0BQNBQ75S,2025-12-08
B0BQNBQ75S,2026-01-05
B0BQNBQ75S,2026-02-02
B0BQNBQ75S,2026-03-02
B0BQQZC9CX,2025-04-28
B0BQQZC9CX,2025-05-26
B0BQQZC9CX,2025-06-23
B0BQQZC9CX,2025-07-21
B0BQQZC9CX,2025-08-18
B0BQQZC9CX,2025-09-15
B0BQQZC9CX,2025-10-13
B0BQQZC9CX,2025-11-10
B0BQQZC9CX,2025-12-08
B0BQQZC9CX,2026-01-05
B0BQQZC9CX,2026-02-02
B0BQQZC9CX,2026-03-02
B0BQR5QJYF,2025-04-28
B0BQR5QJYF,2025-05-26
B0BQR5QJYF,2025-06-23
B0BQR5QJYF,2025-07-21
B0BQR5QJYF,2025-08-18
B0BQR5QJYF,2025-09-15
B0BQR5QJYF,2025-10-13
B0BQR5QJYF,2025-11-10
B0BQR5QJYF,2025-12-08
B0BQR5QJYF,2026-01-05
B0BQR5QJYF,2026-02-02
B0BQR5QJYF,2026-03-02
B0BQR7RBSZ,2025-04-28
B0BQR7RBSZ,2025-05-26
B0BQR7RBSZ,2025-06-23
B0BQR7RBSZ,2025-07-21
B0BQR7RBSZ,2025-08-18
B0BQR7RBSZ,2025-09-15
B0BQR7RBSZ,2025-10-13
B0BQR7RBSZ,2025-11-10
B0BQR7RBSZ,2025-12-08
B0BQR7RBSZ,2026-01-05
B0BQR7RBSZ,2026-02-02
B0BQR7RBSZ,2026-03-02
B0BQRKV9JK,2025-04-28
B0BQRKV9JK,2025-05-26
B0BQRKV9JK,2025-06-23
B0BQRKV9JK,2025-07-21
B0BQRKV9JK,2025-08-18
B0BQRKV9JK,2025-09-15
B0BQRKV9JK,2025-10-13
B0BQRKV9JK,2025-11-10
B0BQRKV9JK,2025-12-08
B0BQRKV9JK,2026-01-05
B0BQRKV9JK,2026-02-02
B0BQRKV9JK,2026-03-02
B0BQSZT693,2025-04-28
B0BQSZT693,2025-05-26
B0BQSZT693,2025-06-23
B0BQSZT693,2025-07-21
B0BQSZT693,2025-08-18
B0BQSZT693,2025-09-15
B0BQSZT693,2025-10-13
B0BQSZT693,2025-11-10
B0BQSZT693,2025-12-08
B0BQSZT693,2026-01-05
B0BQSZT693,2026-02-02
B0BQSZT693,2026-03-02
B0BR8DN13Q,2025-04-28
B0BR8DN13Q,2025-05-26
B0BR8DN13Q,2025-06-23
B0BR8DN13Q,2025-07-21
B0BR8DN13Q,2025-08-18
B0BR8DN13Q,2025-09-15
B0BR8DN13Q,2025-10-13
B0BR8DN13Q,2025-11-10
B0BR8DN13Q,2025-12-08
B0BR8DN13Q,2026-01-05
B0BR8DN13Q,2026-02-02
B0BR8DN13Q,2026-03-02
B0BS1581HP,2025-04-28
B0BS1581HP,2025-05-26
B0BS1581HP,2025-06-23
B0BS1581HP,2025-07-21
B0BS1581HP,2025-08-18
B0BS1581HP,2025-09-15
B0BS1581HP,2025-10-13
B0BS1581HP,2025-11-10
B0BS1581HP,2025-12-08
B0BS1581HP,2026-01-05
B0BS1581HP,2026-02-02
B0BS1581HP,2026-03-02
B0BS15ZVMS,2025-04-28
B0BS15ZVMS,2025-05-26
B0BS15ZVMS,2025-06-23
B0BS15ZVMS,2025-07-21
B0BS15ZVMS,2025-08-18
B0BS15ZVMS,2025-09-15
B0BS15ZVMS,2025-10-13
B0BS15ZVMS,2025-11-10
B0BS15ZVMS,2025-12-08
B0BS15ZVMS,2026-01-05
B0BS15ZVMS,2026-02-02
B0BS15ZVMS,2026-03-02
B0BS1637LH,2025-04-28
B0BS1637LH,2025-05-26
B0BS1637LH,2025-06-23
B0BS1637LH,2025-07-21
B0BS1637LH,2025-08-18
B0BS1637LH,2025-09-15
B0BS1637LH,2025-10-13
B0BS1637LH,2025-11-10
B0BS1637LH,2025-12-08
B0BS1637LH,2026-01-05
B0BS1637LH,2026-02-02
B0BS1637LH,2026-03-02
B0BS3MXPLR,2025-04-28
B0BS3MXPLR,2025-05-26
B0BS3MXPLR,2025-06-23
B0BS3MXPLR,2025-07-21
B0BS3MXPLR,2025-08-18
B0BS3MXPLR,2025-09-15
B0BS3MXPLR,2025-10-13
B0BS3MXPLR,2025-11-10
B0BS3MXPLR,2025-12-08
B0BS3MXPLR,2026-01-05
B0BS3MXPLR,2026-02-02
B0BS3MXPLR,2026-03-02
B0BS3P3G1V,2025-04-28
B0BS3P3G1V,2025-05-26
B0BS3P3G1V,2025-06-23
B0BS3P3G1V,2025-07-21
B0BS3P3G1V,2025-08-18
B0BS3P3G1V,2025-09-15
B0BS3P3G1V,2025-10-13
B0BS3P3G1V,2025-11-10
B0BS3P3G1V,2025-12-08
B0BS3P3G1V,2026-01-05
B0BS3P3G1V,2026-02-02
B0BS3P3G1V,2026-03-02
B0BSRN82J7,2025-04-28
B0BSRN82J7,2025-05-26
B0BSRN82J7,2025-06-23
B0BSRN82J7,2025-07-21
B0BSRN82J7,2025-08-18
B0BSRN82J7,2025-09-15
B0BSRN82J7,2025-10-13
B0BSRN82J7,2025-11-10
B0BSRN82J7,2025-12-08
B0BSRN82J7,2026-01-05
B0BSRN82J7,2026-02-02
B0BSRN82J7,2026-03-02
B0BTD6Y4YF,2025-04-28
B0BTD6Y4YF,2025-05-26
B0BTD6Y4YF,2025-06-23
B0BTD6Y4YF,2025-07-21
B0BTD6Y4YF,2025-08-18
B0BTD6Y4YF,2025-09-15
B0BTD6Y4YF,2025-10-13
B0BTD6Y4YF,2025-11-10
B0BTD6Y4YF,2025-12-08
B0BTD6Y4YF,2026-01-05
B0BTD6Y4YF,2026-02-02
B0BTD6Y4YF,2026-03-02
B0BTD71BS6,2025-04-28
B0BTD71BS6,2025-05-26
B0BTD71BS6,2025-06-23
B0BTD71BS6,2025-07-21
B0BTD71BS6,2025-08-18
B0BTD71BS6,2025-09-15
B0BTD71BS6,2025-10-13
B0BTD71BS6,2025-11-10
B0BTD71BS6,2025-12-08
B0BTD71BS6,2026-01-05
B0BTD71BS6,2026-02-02
B0BTD71BS6,2026-03-02
B0BV3CVWYN,2025-04-28
B0BV3CVWYN,2025-05-26
B0BV3CVWYN,2025-06-23
B0BV3CVWYN,2025-07-21
B0BV3CVWYN,2025-08-18
B0BV3CVWYN,2025-09-15
B0BV3CVWYN,2025-10-13
B0BV3CVWYN,2025-11-10
B0BV3CVWYN,2025-12-08
B0BV3CVWYN,2026-01-05
B0BV3CVWYN,2026-02-02
B0BV3CVWYN,2026-03-02
B0BVQB9GCH,2025-04-28
B0BVQB9GCH,2025-05-26
B0BVQB9GCH,2025-06-23
B0BVQB9GCH,2025-07-21
B0BVQB9GCH,2025-08-18
B0BVQB9GCH,2025-09-15
B0BVQB9GCH,2025-10-13
B0BVQB9GCH,2025-11-10
B0BVQB9GCH,2025-12-08
B0BVQB9GCH,2026-01-05
B0BVQB9GCH,2026-02-02
B0BVQB9GCH,2026-03-02
B0BWMNSJG1,2025-04-28
B0BWMNSJG1,2025-05-26
B0BWMNSJG1,2025-06-23
B0BWMNSJG1,2025-07-21
B0BWMNSJG1,2025-08-18
B0BWMNSJG1,2025-09-15
B0BWMNSJG1,2025-10-13
B0BWMNSJG1,2025-11-10
B0BWMNSJG1,2025-12-08
B0BWMNSJG1,2026-01-05
B0BWMNSJG1,2026-02-02
B0BWMNSJG1,2026-03-02
B0BWMNWWWQ,2025-04-28
B0BWMNWWWQ,2025-05-26
B0BWMNWWWQ,2025-06-23
B0BWMNWWWQ,2025-07-21
B0BWMNWWWQ,2025-08-18
B0BWMNWWWQ,2025-09-15
B0BWMNWWWQ,2025-10-13
B0BWMNWWWQ,2025-11-10
B0BWMNWWWQ,2025-12-08
B0BWMNWWWQ,2026-01-05
B0BWMNWWWQ,2026-02-02
B0BWMNWWWQ,2026-03-02
B0BWNDY9FP,2025-04-28
B0BWNDY9FP,2025-05-26
B0BWNDY9FP,2025-06-23
B0BWNDY9FP,2025-07-21
B0BWNDY9FP,2025-08-18
B0BWNDY9FP,2025-09-15
B0BWNDY9FP,2025-10-13
B0BWNDY9FP,2025-11-10
B0BWNDY9FP,2025-12-08
B0BWNDY9FP,2026-01-05
B0BWNDY9FP,2026-02-02
B0BWNDY9FP,2026-03-02
B0BWNDZ7GY,2025-04-28
B0BWNDZ7GY,2025-05-26
B0BWNDZ7GY,2025-06-23
B0BWNDZ7GY,2025-07-21
B0BWNDZ7GY,2025-08-18
B0BWNDZ7GY,2025-09-15
B0BWNDZ7GY,2025-10-13
B0BWNDZ7GY,2025-11-10
B0BWNDZ7GY,2025-12-08
B0BWNDZ7GY,2026-01-05
B0BWNDZ7GY,2026-02-02
B0BWNDZ7GY,2026-03-02
B0BWSL6JLY,2025-04-28
B0BWSL6JLY,2025-05-26
B0BWSL6JLY,2025-06-23
B0BWSL6JLY,2025-07-21
B0BWSL6JLY,2025-08-18
B0BWSL6JLY,2025-09-15
B0BWSL6JLY,2025-10-13
B0BWSL6JLY,2025-11-10
B0BWSL6JLY,2025-12-08
B0BWSL6JLY,2026-01-05
B0BWSL6JLY,2026-02-02
B0BWSL6JLY,2026-03-02
B0BX4C32P3,2025-04-28
B0BX4C32P3,2025-05-26
B0BX4C32P3,2025-06-23
B0BX4C32P3,2025-07-21
B0BX4C32P3,2025-08-18
B0BX4C32P3,2025-09-15
B0BX4C32P3,2025-10-13
B0BX4C32P3,2025-11-10
B0BX4C32P3,2025-12-08
B0BX4C32P3,2026-01-05
B0BX4C32P3,2026-02-02
B0BX4C32P3,2026-03-02
B0BXFQ6DLQ,2025-04-28
B0BXFQ6DLQ,2025-05-26
B0BXFQ6DLQ,2025-06-23
B0BXFQ6DLQ,2025-07-21
B0BXFQ6DLQ,2025-08-18
B0BXFQ6DLQ,2025-09-15
B0BXFQ6DLQ,2025-10-13
B0BXFQ6DLQ,2025-11-10
B0BXFQ6DLQ,2025-12-08
B0BXFQ6DLQ,2026-01-05
B0BXFQ6DLQ,2026-02-02
B0BXFQ6DLQ,2026-03-02
B0BXFRRLHF,2025-04-28
B0BXFRRLHF,2025-05-26
B0BXFRRLHF,2025-06-23
B0BXFRRLHF,2025-07-21
B0BXFRRLHF,2025-08-18
B0BXFRRLHF,2025-09-15
B0BXFRRLHF,2025-10-13
B0BXFRRLHF,2025-11-10
B0BXFRRLHF,2025-12-08
B0BXFRRLHF,2026-01-05
B0BXFRRLHF,2026-02-02
B0BXFRRLHF,2026-03-02
B0BXGWT33R,2025-04-28
B0BXGWT33R,2025-05-26
B0BXGWT33R,2025-06-23
B0BXGWT33R,2025-07-21
B0BXGWT33R,2025-08-18
B0BXGWT33R,2025-09-15
B0BXGWT33R,2025-10-13
B0BXGWT33R,2025-11-10
B0BXGWT33R,2025-12-08
B0BXGWT33R,2026-01-05
B0BXGWT33R,2026-02-02
B0BXGWT33R,2026-03-02
B0BXGZ8DB3,2025-04-28
B0BXGZ8DB3,2025-05-26
B0BXGZ8DB3,2025-06-23
B0BXGZ8DB3,2025-07-21
B0BXGZ8DB3,2025-08-18
B0BXGZ8DB3,2025-09-15
B0BXGZ8DB3,2025-10-13
B0BXGZ8DB3,2025-11-10
B0BXGZ8DB3,2025-12-08
B0BXGZ8DB3,2026-01-05
B0BXGZ8DB3,2026-02-02
B0BXGZ8DB3,2026-03-02
B0BXH1SZQ7,2025-04-28
B0BXH1SZQ7,2025-05-26
B0BXH1SZQ7,2025-06-23
B0BXH1SZQ7,2025-07-21
B0BXH1SZQ7,2025-08-18
B0BXH1SZQ7,2025-09-15
B0BXH1SZQ7,2025-10-13
B0BXH1SZQ7,2025-11-10
B0BXH1SZQ7,2025-12-08
B0BXH1SZQ7,2026-01-05
B0BXH1SZQ7,2026-02-02
B0BXH1SZQ7,2026-03-02
B0BXJS6R3D,2025-04-28
B0BXJS6R3D,2025-05-26
B0BXJS6R3D,2025-06-23
B0BXJS6R3D,2025-07-21
B0BXJS6R3D,2025-08-18
B0BXJS6R3D,2025-09-15
B0BXJS6R3D,2025-10-13
B0BXJS6R3D,2025-11-10
B0BXJS6R3D,2025-12-08
B0BXJS6R3D,2026-01-05
B0BXJS6R3D,2026-02-02
B0BXJS6R3D,2026-03-02
B0BXXK9XN4,2025-04-28
B0BXXK9XN4,2025-05-26
B0BXXK9XN4,2025-06-23
B0BXXK9XN4,2025-07-21
B0BXXK9XN4,2025-08-18
B0BXXK9XN4,2025-09-15
B0BXXK9XN4,2025-10-13
B0BXXK9XN4,2025-11-10
B0BXXK9XN4,2025-12-08
B0BXXK9XN4,2026-01-05
B0BXXK9XN4,2026-02-02
B0BXXK9XN4,2026-03-02
B0BXXMZY8W,2025-04-28
B0BXXMZY8W,2025-05-26
B0BXXMZY8W,2025-06-23
B0BXXMZY8W,2025-07-21
B0BXXMZY8W,2025-08-18
B0BXXMZY8W,2025-09-15
B0BXXMZY8W,2025-10-13
B0BXXMZY8W,2025-11-10
B0BXXMZY8W,2025-12-08
B0BXXMZY8W,2026-01-05
B0BXXMZY8W,2026-02-02
B0BXXMZY8W,2026-03-02
B0BYB87P58,2025-04-28
B0BYB87P58,2025-05-26
B0BYB87P58,2025-06-23
B0BYB87P58,2025-07-21
B0BYB87P58,2025-08-18
B0BYB87P58,2025-09-15
B0BYB87P58,2025-10-13
B0BYB87P58,2025-11-10
B0BYB87P58,2025-12-08
B0BYB87P58,2026-01-05
B0BYB87P58,2026-02-02
B0BYB87P58,2026-03-02
B0BYB9WP1B,2025-04-28
B0BYB9WP1B,2025-05-26
B0BYB9WP1B,2025-06-23
B0BYB9WP1B,2025-07-21
B0BYB9WP1B,2025-08-18
B0BYB9WP1B,2025-09-15
B0BYB9WP1B,2025-10-13
B0BYB9WP1B,2025-11-10
B0BYB9WP1B,2025-12-08
B0BYB9WP1B,2026-01-05
B0BYB9WP1B,2026-02-02
B0BYB9WP1B,2026-03-02
B0BYCHG49J,2025-04-28
B0BYCHG49J,2025-05-26
B0BYCHG49J,2025-06-23
B0BYCHG49J,2025-07-21
B0BYCHG49J,2025-08-18
B0BYCHG49J,2025-09-15
B0BYCHG49J,2025-10-13
B0BYCHG49J,2025-11-10
B0BYCHG49J,2025-12-08
B0BYCHG49J,2026-01-05
B0BYCHG49J,2026-02-02
B0BYCHG49J,2026-03-02
B0BYDGQ9ZW,2025-04-28
B0BYDGQ9ZW,2025-05-26
B0BYDGQ9ZW,2025-06-23
B0BYDGQ9ZW,2025-07-21
B0BYDGQ9ZW,2025-08-18
B0BYDGQ9ZW,2025-09-15
B0BYDGQ9ZW,2025-10-13
B0BYDGQ9ZW,2025-11-10
B0BYDGQ9ZW,2025-12-08
B0BYDGQ9ZW,2026-01-05
B0BYDGQ9ZW,2026-02-02
B0BYDGQ9ZW,2026-03-02
B0BYJQVQPK,2025-04-28
B0BYJQVQPK,2025-05-26
B0BYJQVQPK,2025-06-23
B0BYJQVQPK,2025-07-21
B0BYJQVQPK,2025-08-18
B0BYJQVQPK,2025-09-15
B0BYJQVQPK,2025-10-13
B0BYJQVQPK,2025-11-10
B0BYJQVQPK,2025-12-08
B0BYJQVQPK,2026-01-05
B0BYJQVQPK,2026-02-02
B0BYJQVQPK,2026-03-02
B0BYZFM6YC,2025-04-28
B0BYZFM6YC,2025-05-26
B0BYZFM6YC,2025-06-23
B0BYZFM6YC,2025-07-21
B0BYZFM6YC,2025-08-18
B0BYZFM6YC,2025-09-15
B0BYZFM6YC,2025-10-13
B0BYZFM6YC,2025-11-10
B0BYZFM6YC,2025-12-08
B0BYZFM6YC,2026-01-05
B0BYZFM6YC,2026-02-02
B0BYZFM6YC,2026-03-02
B0BZC2X5KZ,2025-04-28
B0BZC2X5KZ,2025-05-26
B0BZC2X5KZ,2025-06-23
B0BZC2X5KZ,2025-07-21
B0BZC2X5KZ,2025-08-18
B0BZC2X5KZ,2025-09-15
B0BZC2X5KZ,2025-10-13
B0BZC2X5KZ,2025-11-10
B0BZC2X5KZ,2025-12-08
B0BZC2X5KZ,2026-01-05
B0BZC2X5KZ,2026-02-02
B0BZC2X5KZ,2026-03-02
B0BZC492TF,2025-04-28
B0BZC492TF,2025-05-26
B0BZC492TF,2025-06-23
B0BZC492TF,2025-07-21
B0BZC492TF,2025-08-18
B0BZC492TF,2025-09-15
B0BZC492TF,2025-10-13
B0BZC492TF,2025-11-10
B0BZC492TF,2025-12-08
B0BZC492TF,2026-01-05
B0BZC492TF,2026-02-02
B0BZC492TF,2026-03-02
B0BZDS68SK,2025-04-28
B0BZDS68SK,2025-05-26
B0BZDS68SK,2025-06-23
B0BZDS68SK,2025-07-21
B0BZDS68SK,2025-08-18
B0BZDS68SK,2025-09-15
B0BZDS68SK,2025-10-13
B0BZDS68SK,2025-11-10
B0BZDS68SK,2025-12-08
B0BZDS68SK,2026-01-05
B0BZDS68SK,2026-02-02
B0BZDS68SK,2026-03-02
B0BZDTZQCK,2025-04-28
B0BZDTZQCK,2025-05-26
B0BZDTZQCK,2025-06-23
B0BZDTZQCK,2025-07-21
B0BZDTZQCK,2025-08-18
B0BZDTZQCK,2025-09-15
B0BZDTZQCK,2025-10-13
B0BZDTZQCK,2025-11-10
B0BZDTZQCK,2025-12-08
B0BZDTZQCK,2026-01-05
B0BZDTZQCK,2026-02-02
B0BZDTZQCK,2026-03-02
B0BZSC33JC,2025-04-28
B0BZSC33JC,2025-05-26
B0BZSC33JC,2025-06-23
B0BZSC33JC,2025-07-21
B0BZSC33JC,2025-08-18
B0BZSC33JC,2025-09-15
B0BZSC33JC,2025-10-13
B0BZSC33JC,2025-11-10
B0BZSC33JC,2025-12-08
B0BZSC33JC,2026-01-05
B0BZSC33JC,2026-02-02
B0BZSC33JC,2026-03-02
B0BZZD7TT4,2025-04-28
B0BZZD7TT4,2025-05-26
B0BZZD7TT4,2025-06-23
B0BZZD7TT4,2025-07-21
B0BZZD7TT4,2025-08-18
B0BZZD7TT4,2025-09-15
B0BZZD7TT4,2025-10-13
B0BZZD7TT4,2025-11-10
B0BZZD7TT4,2025-12-08
B0BZZD7TT4,2026-01-05
B0BZZD7TT4,2026-02-02
B0BZZD7TT4,2026-03-02
B0BZZM46BN,2025-04-28
B0BZZM46BN,2025-05-26
B0BZZM46BN,2025-06-23
B0BZZM46BN,2025-07-21
B0BZZM46BN,2025-08-18
B0BZZM46BN,2025-09-15
B0BZZM46BN,2025-10-13
B0BZZM46BN,2025-11-10
B0BZZM46BN,2025-12-08
B0BZZM46BN,2026-01-05
B0BZZM46BN,2026-02-02
B0BZZM46BN,2026-03-02
B0C133GZGM,2025-04-28
B0C133GZGM,2025-05-26
B0C133GZGM,2025-06-23
B0C133GZGM,2025-07-21
B0C133GZGM,2025-08-18
B0C133GZGM,2025-09-15
B0C133GZGM,2025-10-13
B0C133GZGM,2025-11-10
B0C133GZGM,2025-12-08
B0C133GZGM,2026-01-05
B0C133GZGM,2026-02-02
B0C133GZGM,2026-03-02
B0C18QL97C,2025-04-28
B0C18QL97C,2025-05-26
B0C18QL97C,2025-06-23
B0C18QL97C,2025-07-21
B0C18QL97C,2025-08-18
B0C18QL97C,2025-09-15
B0C18QL97C,2025-10-13
B0C18QL97C,2025-11-10
B0C18QL97C,2025-12-08
B0C18QL97C,2026-01-05
B0C18QL97C,2026-02-02
B0C18QL97C,2026-03-02
B0C18RC4Y7,2025-04-28
B0C18RC4Y7,2025-05-26
B0C18RC4Y7,2025-06-23
B0C18RC4Y7,2025-07-21
B0C18RC4Y7,2025-08-18
B0C18RC4Y7,2025-09-15
B0C18RC4Y7,2025-10-13
B0C18RC4Y7,2025-11-10
B0C18RC4Y7,2025-12-08
B0C18RC4Y7,2026-01-05
B0C18RC4Y7,2026-02-02
B0C18RC4Y7,2026-03-02
B0C1JG11ZP,2025-04-28
B0C1JG11ZP,2025-05-26
B0C1JG11ZP,2025-06-23
B0C1JG11ZP,2025-07-21
B0C1JG11ZP,2025-08-18
B0C1JG11ZP,2025-09-15
B0C1JG11ZP,2025-10-13
B0C1JG11ZP,2025-11-10
B0C1JG11ZP,2025-12-08
B0C1JG11ZP,2026-01-05
B0C1JG11ZP,2026-02-02
B0C1JG11ZP,2026-03-02
B0C1NL98TP,2025-04-28
B0C1NL98TP,2025-05-26
B0C1NL98TP,2025-06-23
B0C1NL98TP,2025-07-21
B0C1NL98TP,2025-08-18
B0C1NL98TP,2025-09-15
B0C1NL98TP,2025-10-13
B0C1NL98TP,2025-11-10
B0C1NL98TP,2025-12-08
B0C1NL98TP,2026-01-05
B0C1NL98TP,2026-02-02
B0C1NL98TP,2026-03-02
B0C1TVHL2C,2025-04-28
B0C1TVHL2C,2025-05-26
B0C1TVHL2C,2025-06-23
B0C1TVHL2C,2025-07-21
B0C1TVHL2C,2025-08-18
B0C1TVHL2C,2025-09-15
B0C1TVHL2C,2025-10-13
B0C1TVHL2C,2025-11-10
B0C1TVHL2C,2025-12-08
B0C1TVHL2C,2026-01-05
B0C1TVHL2C,2026-02-02
B0C1TVHL2C,2026-03-02
B0C1V5K2XM,2025-04-28
B0C1V5K2XM,2025-05-26
B0C1V5K2XM,2025-06-23
B0C1V5K2XM,2025-07-21
B0C1V5K2XM,2025-08-18
B0C1V5K2XM,2025-09-15
B0C1V5K2XM,2025-10-13
B0C1V5K2XM,2025-11-10
B0C1V5K2XM,2025-12-08
B0C1V5K2XM,2026-01-05
B0C1V5K2XM,2026-02-02
B0C1V5K2XM,2026-03-02
B0C1Y53YV4,2025-04-28
B0C1Y53YV4,2025-05-26
B0C1Y53YV4,2025-06-23
B0C1Y53YV4,2025-07-21
B0C1Y53YV4,2025-08-18
B0C1Y53YV4,2025-09-15
B0C1Y53YV4,2025-10-13
B0C1Y53YV4,2025-11-10
B0C1Y53YV4,2025-12-08
B0C1Y53YV4,2026-01-05
B0C1Y53YV4,2026-02-02
B0C1Y53YV4,2026-03-02
B0C2HG1MQX,2025-04-28
B0C2HG1MQX,2025-05-26
B0C2HG1MQX,2025-06-23
B0C2HG1MQX,2025-07-21
B0C2HG1MQX,2025-08-18
B0C2HG1MQX,2025-09-15
B0C2HG1MQX,2025-10-13
B0C2HG1MQX,2025-11-10
B0C2HG1MQX,2025-12-08
B0C2HG1MQX,2026-01-05
B0C2HG1MQX,2026-02-02
B0C2HG1MQX,2026-03-02
B0C2N771XX,2025-04-28
B0C2N771XX,2025-05-26
B0C2N771XX,2025-06-23
B0C2N771XX,2025-07-21
B0C2N771XX,2025-08-18
B0C2N771XX,2025-09-15
B0C2N771XX,2025-10-13
B0C2N771XX,2025-11-10
B0C2N771XX,2025-12-08
B0C2N771XX,2026-01-05
B0C2N771XX,2026-02-02
B0C2N771XX,2026-03-02
B0C2P452MM,2025-04-28
B0C2P452MM,2025-05-26
B0C2P452MM,2025-06-23
B0C2P452MM,2025-07-21
B0C2P452MM,2025-08-18
B0C2P452MM,2025-09-15
B0C2P452MM,2025-10-13
B0C2P452MM,2025-11-10
B0C2P452MM,2025-12-08
B0C2P452MM,2026-01-05
B0C2P452MM,2026-02-02
B0C2P452MM,2026-03-02
B0C2SN31KP,2025-04-28
B0C2SN31KP,2025-05-26
B0C2SN31KP,2025-06-23
B0C2SN31KP,2025-07-21
B0C2SN31KP,2025-08-18
B0C2SN31KP,2025-09-15
B0C2SN31KP,2025-10-13
B0C2SN31KP,2025-11-10
B0C2SN31KP,2025-12-08
B0C2SN31KP,2026-01-05
B0C2SN31KP,2026-02-02
B0C2SN31KP,2026-03-02
B0C2SRRKX2,2025-04-28
B0C2SRRKX2,2025-05-26
B0C2SRRKX2,2025-06-23
B0C2SRRKX2,2025-07-21
B0C2SRRKX2,2025-08-18
B0C2SRRKX2,2025-09-15
B0C2SRRKX2,2025-10-13
B0C2SRRKX2,2025-11-10
B0C2SRRKX2,2025-12-08
B0C2SRRKX2,2026-01-05
B0C2SRRKX2,2026-02-02
B0C2SRRKX2,2026-03-02
B0C36Z8FPR,2025-04-28
B0C36Z8FPR,2025-05-26
B0C36Z8FPR,2025-06-23
B0C36Z8FPR,2025-07-21
B0C36Z8FPR,2025-08-18
B0C36Z8FPR,2025-09-15
B0C36Z8FPR,2025-10-13
B0C36Z8FPR,2025-11-10
B0C36Z8FPR,2025-12-08
B0C36Z8FPR,2026-01-05
B0C36Z8FPR,2026-02-02
B0C36Z8FPR,2026-03-02
B0C36ZWSVG,2025-04-28
B0C36ZWSVG,2025-05-26
B0C36ZWSVG,2025-06-23
B0C36ZWSVG,2025-07-21
B0C36ZWSVG,2025-08-18
B0C36ZWSVG,2025-09-15
B0C36ZWSVG,2025-10-13
B0C36ZWSVG,2025-11-10
B0C36ZWSVG,2025-12-08
B0C36ZWSVG,2026-01-05
B0C36ZWSVG,2026-02-02
B0C36ZWSVG,2026-03-02
B0C3T3Q415,2025-04-28
B0C3T3Q415,2025-05-26
B0C3T3Q415,2025-06-23
B0C3T3Q415,2025-07-21
B0C3T3Q415,2025-08-18
B0C3T3Q415,2025-09-15
B0C3T3Q415,2025-10-13
B0C3T3Q415,2025-11-10
B0C3T3Q415,2025-12-08
B0C3T3Q415,2026-01-05
B0C3T3Q415,2026-02-02
B0C3T3Q415,2026-03-02
B0C3YQ24M7,2025-04-28
B0C3YQ24M7,2025-05-26
B0C3YQ24M7,2025-06-23
B0C3YQ24M7,2025-07-21
B0C3YQ24M7,2025-08-18
B0C3YQ24M7,2025-09-15
B0C3YQ24M7,2025-10-13
B0C3YQ24M7,2025-11-10
B0C3YQ24M7,2025-12-08
B0C3YQ24M7,2026-01-05
B0C3YQ24M7,2026-02-02
B0C3YQ24M7,2026-03-02
B0C46N8R3H,2025-04-28
B0C46N8R3H,2025-05-26
B0C46N8R3H,2025-06-23
B0C46N8R3H,2025-07-21
B0C46N8R3H,2025-08-18
B0C46N8R3H,2025-09-15
B0C46N8R3H,2025-10-13
B0C46N8R3H,2025-11-10
B0C46N8R3H,2025-12-08
B0C46N8R3H,2026-01-05
B0C46N8R3H,2026-02-02
B0C46N8R3H,2026-03-02
B0C4TQJGPY,2025-04-28
B0C4TQJGPY,2025-05-26
B0C4TQJGPY,2025-06-23
B0C4TQJGPY,2025-07-21
B0C4TQJGPY,2025-08-18
B0C4TQJGPY,2025-09-15
B0C4TQJGPY,2025-10-13
B0C4TQJGPY,2025-11-10
B0C4TQJGPY,2025-12-08
B0C4TQJGPY,2026-01-05
B0C4TQJGPY,2026-02-02
B0C4TQJGPY,2026-03-02
B0C4TR2PVR,2025-04-28
B0C4TR2PVR,2025-05-26
B0C4TR2PVR,2025-06-23
B0C4TR2PVR,2025-07-21
B0C4TR2PVR,2025-08-18
B0C4TR2PVR,2025-09-15
B0C4TR2PVR,2025-10-13
B0C4TR2PVR,2025-11-10
B0C4TR2PVR,2025-12-08
B0C4TR2PVR,2026-01-05
B0C4TR2PVR,2026-02-02
B0C4TR2PVR,2026-03-02
B0C4TTJ54P,2025-04-28
B0C4TTJ54P,2025-05-26
B0C4TTJ54P,2025-06-23
B0C4TTJ54P,2025-07-21
B0C4TTJ54P,2025-08-18
B0C4TTJ54P,2025-09-15
B0C4TTJ54P,2025-10-13
B0C4TTJ54P,2025-11-10
B0C4TTJ54P,2025-12-08
B0C4TTJ54P,2026-01-05
B0C4TTJ54P,2026-02-02
B0C4TTJ54P,2026-03-02
B0C4YJQKBN,2025-04-28
B0C4YJQKBN,2025-05-26
B0C4YJQKBN,2025-06-23
B0C4YJQKBN,2025-07-21
B0C4YJQKBN,2025-08-18
B0C4YJQKBN,2025-09-15
B0C4YJQKBN,2025-10-13
B0C4YJQKBN,2025-11-10
B0C4YJQKBN,2025-12-08
B0C4YJQKBN,2026-01-05
B0C4YJQKBN,2026-02-02
B0C4YJQKBN,2026-03-02
B0C52ZMGLP,2025-04-28
B0C52ZMGLP,2025-05-26
B0C52ZMGLP,2025-06-23
B0C52ZMGLP,2025-07-21
B0C52ZMGLP,2025-08-18
B0C52ZMGLP,2025-09-15
B0C52ZMGLP,2025-10-13
B0C52ZMGLP,2025-11-10
B0C52ZMGLP,2025-12-08
B0C52ZMGLP,2026-01-05
B0C52ZMGLP,2026-02-02
B0C52ZMGLP,2026-03-02
B0C53Y261N,2025-04-28
B0C53Y261N,2025-05-26
B0C53Y261N,2025-06-23
B0C53Y261N,2025-07-21
B0C53Y261N,2025-08-18
B0C53Y261N,2025-09-15
B0C53Y261N,2025-10-13
B0C53Y261N,2025-11-10
B0C53Y261N,2025-12-08
B0C53Y261N,2026-01-05
B0C53Y261N,2026-02-02
B0C53Y261N,2026-03-02
B0C59DGLDT,2025-04-28
B0C59DGLDT,2025-05-26
B0C59DGLDT,2025-06-23
B0C59DGLDT,2025-07-21
B0C59DGLDT,2025-08-18
B0C59DGLDT,2025-09-15
B0C59DGLDT,2025-10-13
B0C59DGLDT,2025-11-10
B0C59DGLDT,2025-12-08
B0C59DGLDT,2026-01-05
B0C59DGLDT,2026-02-02
B0C59DGLDT,2026-03-02
B0C59K4X1H,2025-04-28
B0C59K4X1H,2025-05-26
B0C59K4X1H,2025-06-23
B0C59K4X1H,2025-07-21
B0C59K4X1H,2025-08-18
B0C59K4X1H,2025-09-15
B0C59K4X1H,2025-10-13
B0C59K4X1H,2025-11-10
B0C59K4X1H,2025-12-08
B0C59K4X1H,2026-01-05
B0C59K4X1H,2026-02-02
B0C59K4X1H,2026-03-02
B0C5HZK2FL,2025-04-28
B0C5HZK2FL,2025-05-26
B0C5HZK2FL,2025-06-23
B0C5HZK2FL,2025-07-21
B0C5HZK2FL,2025-08-18
B0C5HZK2FL,2025-09-15
B0C5HZK2FL,2025-10-13
B0C5HZK2FL,2025-11-10
B0C5HZK2FL,2025-12-08
B0C5HZK2FL,2026-01-05
B0C5HZK2FL,2026-02-02
B0C5HZK2FL,2026-03-02
B0C5RYMJDC,2025-04-28
B0C5RYMJDC,2025-05-26
B0C5RYMJDC,2025-06-23
B0C5RYMJDC,2025-07-21
B0C5RYMJDC,2025-08-18
B0C5RYMJDC,2025-09-15
B0C5RYMJDC,2025-10-13
B0C5RYMJDC,2025-11-10
B0C5RYMJDC,2025-12-08
B0C5RYMJDC,2026-01-05
B0C5RYMJDC,2026-02-02
B0C5RYMJDC,2026-03-02
B0C5TJ1RGF,2025-04-28
B0C5TJ1RGF,2025-05-26
B0C5TJ1RGF,2025-06-23
B0C5TJ1RGF,2025-07-21
B0C5TJ1RGF,2025-08-18
B0C5TJ1RGF,2025-09-15
B0C5TJ1RGF,2025-10-13
B0C5TJ1RGF,2025-11-10
B0C5TJ1RGF,2025-12-08
B0C5TJ1RGF,2026-01-05
B0C5TJ1RGF,2026-02-02
B0C5TJ1RGF,2026-03-02
B0C5WJZQ8C,2025-04-28
B0C5WJZQ8C,2025-05-26
B0C5WJZQ8C,2025-06-23
B0C5WJZQ8C,2025-07-21
B0C5WJZQ8C,2025-08-18
B0C5WJZQ8C,2025-09-15
B0C5WJZQ8C,2025-10-13
B0C5WJZQ8C,2025-11-10
B0C5WJZQ8C,2025-12-08
B0C5WJZQ8C,2026-01-05
B0C5WJZQ8C,2026-02-02
B0C5WJZQ8C,2026-03-02
B0C66GY7KZ,2025-04-28
B0C66GY7KZ,2025-05-26
B0C66GY7KZ,2025-06-23
B0C66GY7KZ,2025-07-21
B0C66GY7KZ,2025-08-18
B0C66GY7KZ,2025-09-15
B0C66GY7KZ,2025-10-13
B0C66GY7KZ,2025-11-10
B0C66GY7KZ,2025-12-08
B0C66GY7KZ,2026-01-05
B0C66GY7KZ,2026-02-02
B0C66GY7KZ,2026-03-02
B0C66KZL1X,2025-04-28
B0C66KZL1X,2025-05-26
B0C66KZL1X,2025-06-23
B0C66KZL1X,2025-07-21
B0C66KZL1X,2025-08-18
B0C66KZL1X,2025-09-15
B0C66KZL1X,2025-10-13
B0C66KZL1X,2025-11-10
B0C66KZL1X,2025-12-08
B0C66KZL1X,2026-01-05
B0C66KZL1X,2026-02-02
B0C66KZL1X,2026-03-02
B0C66S9YKS,2025-04-28
B0C66S9YKS,2025-05-26
B0C66S9YKS,2025-06-23
B0C66S9YKS,2025-07-21
B0C66S9YKS,2025-08-18
B0C66S9YKS,2025-09-15
B0C66S9YKS,2025-10-13
B0C66S9YKS,2025-11-10
B0C66S9YKS,2025-12-08
B0C66S9YKS,2026-01-05
B0C66S9YKS,2026-02-02
B0C66S9YKS,2026-03-02
B0C66XPBGB,2025-04-28
B0C66XPBGB,2025-05-26
B0C66XPBGB,2025-06-23
B0C66XPBGB,2025-07-21
B0C66XPBGB,2025-08-18
B0C66XPBGB,2025-09-15
B0C66XPBGB,2025-10-13
B0C66XPBGB,2025-11-10
B0C66XPBGB,2025-12-08
B0C66XPBGB,2026-01-05
B0C66XPBGB,2026-02-02
B0C66XPBGB,2026-03-02
B0C671N7TG,2025-04-28
B0C671N7TG,2025-05-26
B0C671N7TG,2025-06-23
B0C671N7TG,2025-07-21
B0C671N7TG,2025-08-18
B0C671N7TG,2025-09-15
B0C671N7TG,2025-10-13
B0C671N7TG,2025-11-10
B0C671N7TG,2025-12-08
B0C671N7TG,2026-01-05
B0C671N7TG,2026-02-02
B0C671N7TG,2026-03-02
B0C677KCGN,2025-04-28
B0C677KCGN,2025-05-26
B0C677KCGN,2025-06-23
B0C677KCGN,2025-07-21
B0C677KCGN,2025-08-18
B0C677KCGN,2025-09-15
B0C677KCGN,2025-10-13
B0C677KCGN,2025-11-10
B0C677KCGN,2025-12-08
B0C677KCGN,2026-01-05
B0C677KCGN,2026-02-02
B0C677KCGN,2026-03-02
B0C67F8PTH,2025-04-28
B0C67F8PTH,2025-05-26
B0C67F8PTH,2025-06-23
B0C67F8PTH,2025-07-21
B0C67F8PTH,2025-08-18
B0C67F8PTH,2025-09-15
B0C67F8PTH,2025-10-13
B0C67F8PTH,2025-11-10
B0C67F8PTH,2025-12-08
B0C67F8PTH,2026-01-05
B0C67F8PTH,2026-02-02
B0C67F8PTH,2026-03-02
B0C67J6MSR,2025-04-28
B0C67J6MSR,2025-05-26
B0C67J6MSR,2025-06-23
B0C67J6MSR,2025-07-21
B0C67J6MSR,2025-08-18
B0C67J6MSR,2025-09-15
B0C67J6MSR,2025-10-13
B0C67J6MSR,2025-11-10
B0C67J6MSR,2025-12-08
B0C67J6MSR,2026-01-05
B0C67J6MSR,2026-02-02
B0C67J6MSR,2026-03-02
B0C6JS3JSC,2025-04-28
B0C6JS3JSC,2025-05-26
B0C6JS3JSC,2025-06-23
B0C6JS3JSC,2025-07-21
B0C6JS3JSC,2025-08-18
B0C6JS3JSC,2025-09-15
B0C6JS3JSC,2025-10-13
B0C6JS3JSC,2025-11-10
B0C6JS3JSC,2025-12-08
B0C6JS3JSC,2026-01-05
B0C6JS3JSC,2026-02-02
B0C6JS3JSC,2026-03-02
B0C6KLCGLQ,2025-04-28
B0C6KLCGLQ,2025-05-26
B0C6KLCGLQ,2025-06-23
B0C6KLCGLQ,2025-07-21
B0C6KLCGLQ,2025-08-18
B0C6KLCGLQ,2025-09-15
B0C6KLCGLQ,2025-10-13
B0C6KLCGLQ,2025-11-10
B0C6KLCGLQ,2025-12-08
B0C6KLCGLQ,2026-01-05
B0C6KLCGLQ,2026-02-02
B0C6KLCGLQ,2026-03-02
B0C6LWT5P6,2025-04-28
B0C6LWT5P6,2025-05-26
B0C6LWT5P6,2025-06-23
B0C6LWT5P6,2025-07-21
B0C6LWT5P6,2025-08-18
B0C6LWT5P6,2025-09-15
B0C6LWT5P6,2025-10-13
B0C6LWT5P6,2025-11-10
B0C6LWT5P6,2025-12-08
B0C6LWT5P6,2026-01-05
B0C6LWT5P6,2026-02-02
B0C6LWT5P6,2026-03-02
B0C6MD9JF2,2025-04-28
B0C6MD9JF2,2025-05-26
B0C6MD9JF2,2025-06-23
B0C6MD9JF2,2025-07-21
B0C6MD9JF2,2025-08-18
B0C6MD9JF2,2025-09-15
B0C6MD9JF2,2025-10-13
B0C6MD9JF2,2025-11-10
B0C6MD9JF2,2025-12-08
B0C6MD9JF2,2026-01-05
B0C6MD9JF2,2026-02-02
B0C6MD9JF2,2026-03-02
B0C6QWJV7T,2025-04-28
B0C6QWJV7T,2025-05-26
B0C6QWJV7T,2025-06-23
B0C6QWJV7T,2025-07-21
B0C6QWJV7T,2025-08-18
B0C6QWJV7T,2025-09-15
B0C6QWJV7T,2025-10-13
B0C6QWJV7T,2025-11-10
B0C6QWJV7T,2025-12-08
B0C6QWJV7T,2026-01-05
B0C6QWJV7T,2026-02-02
B0C6QWJV7T,2026-03-02
B0C6QX2KM6,2025-04-28
B0C6QX2KM6,2025-05-26
B0C6QX2KM6,2025-06-23
B0C6QX2KM6,2025-07-21
B0C6QX2KM6,2025-08-18
B0C6QX2KM6,2025-09-15
B0C6QX2KM6,2025-10-13
B0C6QX2KM6,2025-11-10
B0C6QX2KM6,2025-12-08
B0C6QX2KM6,2026-01-05
B0C6QX2KM6,2026-02-02
B0C6QX2KM6,2026-03-02
B0C6R38KL8,2025-04-28
B0C6R38KL8,2025-05-26
B0C6R38KL8,2025-06-23
B0C6R38KL8,2025-07-21
B0C6R38KL8,2025-08-18
B0C6R38KL8,2025-09-15
B0C6R38KL8,2025-10-13
B0C6R38KL8,2025-11-10
B0C6R38KL8,2025-12-08
B0C6R38KL8,2026-01-05
B0C6R38KL8,2026-02-02
B0C6R38KL8,2026-03-02
B0C6R3VWSD,2025-04-28
B0C6R3VWSD,2025-05-26
B0C6R3VWSD,2025-06-23
B0C6R3VWSD,2025-07-21
B0C6R3VWSD,2025-08-18
B0C6R3VWSD,2025-09-15
B0C6R3VWSD,2025-10-13
B0C6R3VWSD,2025-11-10
B0C6R3VWSD,2025-12-08
B0C6R3VWSD,2026-01-05
B0C6R3VWSD,2026-02-02
B0C6R3VWSD,2026-03-02
B0C6R42GC9,2025-04-28
B0C6R42GC9,2025-05-26
B0C6R42GC9,2025-06-23
B0C6R42GC9,2025-07-21
B0C6R42GC9,2025-08-18
B0C6R42GC9,2025-09-15
B0C6R42GC9,2025-10-13
B0C6R42GC9,2025-11-10
B0C6R42GC9,2025-12-08
B0C6R42GC9,2026-01-05
B0C6R42GC9,2026-02-02
B0C6R42GC9,2026-03-02
B0C6T1F5P4,2025-04-28
B0C6T1F5P4,2025-05-26
B0C6T1F5P4,2025-06-23
B0C6T1F5P4,2025-07-21
B0C6T1F5P4,2025-08-18
B0C6T1F5P4,2025-09-15
B0C6T1F5P4,2025-10-13
B0C6T1F5P4,2025-11-10
B0C6T1F5P4,2025-12-08
B0C6T1F5P4,2026-01-05
B0C6T1F5P4,2026-02-02
B0C6T1F5P4,2026-03-02
B0C6XP4MT1,2025-04-28
B0C6XP4MT1,2025-05-26
B0C6XP4MT1,2025-06-23
B0C6XP4MT1,2025-07-21
B0C6XP4MT1,2025-08-18
B0C6XP4MT1,2025-09-15
B0C6XP4MT1,2025-10-13
B0C6XP4MT1,2025-11-10
B0C6XP4MT1,2025-12-08
B0C6XP4MT1,2026-01-05
B0C6XP4MT1,2026-02-02
B0C6XP4MT1,2026-03-02
B0C6Z3LZCN,2025-04-28
B0C6Z3LZCN,2025-05-26
B0C6Z3LZCN,2025-06-23
B0C6Z3LZCN,2025-07-21
B0C6Z3LZCN,2025-08-18
B0C6Z3LZCN,2025-09-15
B0C6Z3LZCN,2025-10-13
B0C6Z3LZCN,2025-11-10
B0C6Z3LZCN,2025-12-08
B0C6Z3LZCN,2026-01-05
B0C6Z3LZCN,2026-02-02
B0C6Z3LZCN,2026-03-02
B0C6Z4JBSN,2025-04-28
B0C6Z4JBSN,2025-05-26
B0C6Z4JBSN,2025-06-23
B0C6Z4JBSN,2025-07-21
B0C6Z4JBSN,2025-08-18
B0C6Z4JBSN,2025-09-15
B0C6Z4JBSN,2025-10-13
B0C6Z4JBSN,2025-11-10
B0C6Z4JBSN,2025-12-08
B0C6Z4JBSN,2026-01-05
B0C6Z4JBSN,2026-02-02
B0C6Z4JBSN,2026-03-02
B0C74L29XB,2025-04-28
B0C74L29XB,2025-05-26
B0C74L29XB,2025-06-23
B0C74L29XB,2025-07-21
B0C74L29XB,2025-08-18
B0C74L29XB,2025-09-15
B0C74L29XB,2025-10-13
B0C74L29XB,2025-11-10
B0C74L29XB,2025-12-08
B0C74L29XB,2026-01-05
B0C74L29XB,2026-02-02
B0C74L29XB,2026-03-02
B0C77G4FQY,2025-04-28
B0C77G4FQY,2025-05-26
B0C77G4FQY,2025-06-23
B0C77G4FQY,2025-07-21
B0C77G4FQY,2025-08-18
B0C77G4FQY,2025-09-15
B0C77G4FQY,2025-10-13
B0C77G4FQY,2025-11-10
B0C77G4FQY,2025-12-08
B0C77G4FQY,2026-01-05
B0C77G4FQY,2026-02-02
B0C77G4FQY,2026-03-02
B0C7GGV756,2025-04-28
B0C7GGV756,2025-05-26
B0C7GGV756,2025-06-23
B0C7GGV756,2025-07-21
B0C7GGV756,2025-08-18
B0C7GGV756,2025-09-15
B0C7GGV756,2025-10-13
B0C7GGV756,2025-11-10
B0C7GGV756,2025-12-08
B0C7GGV756,2026-01-05
B0C7GGV756,2026-02-02
B0C7GGV756,2026-03-02
B0C8ZFGV2B,2025-04-28
B0C8ZFGV2B,2025-05-26
B0C8ZFGV2B,2025-06-23
B0C8ZFGV2B,2025-07-21
B0C8ZFGV2B,2025-08-18
B0C8ZFGV2B,2025-09-15
B0C8ZFGV2B,2025-10-13
B0C8ZFGV2B,2025-11-10
B0C8ZFGV2B,2025-12-08
B0C8ZFGV2B,2026-01-05
B0C8ZFGV2B,2026-02-02
B0C8ZFGV2B,2026-03-02
B0C8ZH9WZ4,2025-04-28
B0C8ZH9WZ4,2025-05-26
B0C8ZH9WZ4,2025-06-23
B0C8ZH9WZ4,2025-07-21
B0C8ZH9WZ4,2025-08-18
B0C8ZH9WZ4,2025-09-15
B0C8ZH9WZ4,2025-10-13
B0C8ZH9WZ4,2025-11-10
B0C8ZH9WZ4,2025-12-08
B0C8ZH9WZ4,2026-01-05
B0C8ZH9WZ4,2026-02-02
B0C8ZH9WZ4,2026-03-02
B0C8ZK2SKJ,2025-04-28
B0C8ZK2SKJ,2025-05-26
B0C8ZK2SKJ,2025-06-23
B0C8ZK2SKJ,2025-07-21
B0C8ZK2SKJ,2025-08-18
B0C8ZK2SKJ,2025-09-15
B0C8ZK2SKJ,2025-10-13
B0C8ZK2SKJ,2025-11-10
B0C8ZK2SKJ,2025-12-08
B0C8ZK2SKJ,2026-01-05
B0C8ZK2SKJ,2026-02-02
B0C8ZK2SKJ,2026-03-02
B0C8ZK3TKM,2025-04-28
B0C8ZK3TKM,2025-05-26
B0C8ZK3TKM,2025-06-23
B0C8ZK3TKM,2025-07-21
B0C8ZK3TKM,2025-08-18
B0C8ZK3TKM,2025-09-15
B0C8ZK3TKM,2025-10-13
B0C8ZK3TKM,2025-11-10
B0C8ZK3TKM,2025-12-08
B0C8ZK3TKM,2026-01-05
B0C8ZK3TKM,2026-02-02
B0C8ZK3TKM,2026-03-02
B0C9C9N4K3,2025-04-28
B0C9C9N4K3,2025-05-26
B0C9C9N4K3,2025-06-23
B0C9C9N4K3,2025-07-21
B0C9C9N4K3,2025-08-18
B0C9C9N4K3,2025-09-15
B0C9C9N4K3,2025-10-13
B0C9C9N4K3,2025-11-10
B0C9C9N4K3,2025-12-08
B0C9C9N4K3,2026-01-05
B0C9C9N4K3,2026-02-02
B0C9C9N4K3,2026-03-02
B0C9HJ56SV,2025-04-28
B0C9HJ56SV,2025-05-26
B0C9HJ56SV,2025-06-23
B0C9HJ56SV,2025-07-21
B0C9HJ56SV,2025-08-18
B0C9HJ56SV,2025-09-15
B0C9HJ56SV,2025-10-13
B0C9HJ56SV,2025-11-10
B0C9HJ56SV,2025-12-08
B0C9HJ56SV,2026-01-05
B0C9HJ56SV,2026-02-02
B0C9HJ56SV,2026-03-02
B0C9PFM783,2025-04-28
B0C9PFM783,2025-05-26
B0C9PFM783,2025-06-23
B0C9PFM783,2025-07-21
B0C9PFM783,2025-08-18
B0C9PFM783,2025-09-15
B0C9PFM783,2025-10-13
B0C9PFM783,2025-11-10
B0C9PFM783,2025-12-08
B0C9PFM783,2026-01-05
B0C9PFM783,2026-02-02
B0C9PFM783,2026-03-02
B0CB9X4C9K,2025-04-28
B0CB9X4C9K,2025-05-26
B0CB9X4C9K,2025-06-23
B0CB9X4C9K,2025-07-21
B0CB9X4C9K,2025-08-18
B0CB9X4C9K,2025-09-15
B0CB9X4C9K,2025-10-13
B0CB9X4C9K,2025-11-10
B0CB9X4C9K,2025-12-08
B0CB9X4C9K,2026-01-05
B0CB9X4C9K,2026-02-02
B0CB9X4C9K,2026-03-02
B0CBPZLFQ3,2025-04-28
B0CBPZLFQ3,2025-05-26
B0CBPZLFQ3,2025-06-23
B0CBPZLFQ3,2025-07-21
B0CBPZLFQ3,2025-08-18
B0CBPZLFQ3,2025-09-15
B0CBPZLFQ3,2025-10-13
B0CBPZLFQ3,2025-11-10
B0CBPZLFQ3,2025-12-08
B0CBPZLFQ3,2026-01-05
B0CBPZLFQ3,2026-02-02
B0CBPZLFQ3,2026-03-02
B0CBX66FTV,2025-04-28
B0CBX66FTV,2025-05-26
B0CBX66FTV,2025-06-23
B0CBX66FTV,2025-07-21
B0CBX66FTV,2025-08-18
B0CBX66FTV,2025-09-15
B0CBX66FTV,2025-10-13
B0CBX66FTV,2025-11-10
B0CBX66FTV,2025-12-08
B0CBX66FTV,2026-01-05
B0CBX66FTV,2026-02-02
B0CBX66FTV,2026-03-02
B0CC2JTKHZ,2025-04-28
B0CC2JTKHZ,2025-05-26
B0CC2JTKHZ,2025-06-23
B0CC2JTKHZ,2025-07-21
B0CC2JTKHZ,2025-08-18
B0CC2JTKHZ,2025-09-15
B0CC2JTKHZ,2025-10-13
B0CC2JTKHZ,2025-11-10
B0CC2JTKHZ,2025-12-08
B0CC2JTKHZ,2026-01-05
B0CC2JTKHZ,2026-02-02
B0CC2JTKHZ,2026-03-02
B0CC2TY6MP,2025-04-28
B0CC2TY6MP,2025-05-26
B0CC2TY6MP,2025-06-23
B0CC2TY6MP,2025-07-21
B0CC2TY6MP,2025-08-18
B0CC2TY6MP,2025-09-15
B0CC2TY6MP,2025-10-13
B0CC2TY6MP,2025-11-10
B0CC2TY6MP,2025-12-08
B0CC2TY6MP,2026-01-05
B0CC2TY6MP,2026-02-02
B0CC2TY6MP,2026-03-02
B0CCD5H2RW,2025-04-28
B0CCD5H2RW,2025-05-26
B0CCD5H2RW,2025-06-23
B0CCD5H2RW,2025-07-21
B0CCD5H2RW,2025-08-18
B0CCD5H2RW,2025-09-15
B0CCD5H2RW,2025-10-13
B0CCD5H2RW,2025-11-10
B0CCD5H2RW,2025-12-08
B0CCD5H2RW,2026-01-05
B0CCD5H2RW,2026-02-02
B0CCD5H2RW,2026-03-02
B0CCDLVC9R,2025-04-28
B0CCDLVC9R,2025-05-26
B0CCDLVC9R,2025-06-23
B0CCDLVC9R,2025-07-21
B0CCDLVC9R,2025-08-18
B0CCDLVC9R,2025-09-15
B0CCDLVC9R,2025-10-13
B0CCDLVC9R,2025-11-10
B0CCDLVC9R,2025-12-08
B0CCDLVC9R,2026-01-05
B0CCDLVC9R,2026-02-02
B0CCDLVC9R,2026-03-02
B0CCJ98141,2025-04-28
B0CCJ98141,2025-05-26
B0CCJ98141,2025-06-23
B0CCJ98141,2025-07-21
B0CCJ98141,2025-08-18
B0CCJ98141,2025-09-15
B0CCJ98141,2025-10-13
B0CCJ98141,2025-11-10
B0CCJ98141,2025-12-08
B0CCJ98141,2026-01-05
B0CCJ98141,2026-02-02
B0CCJ98141,2026-03-02
B0CDQWFZ38,2025-04-28
B0CDQWFZ38,2025-05-26
B0CDQWFZ38,2025-06-23
B0CDQWFZ38,2025-07-21
B0CDQWFZ38,2025-08-18
B0CDQWFZ38,2025-09-15
B0CDQWFZ38,2025-10-13
B0CDQWFZ38,2025-11-10
B0CDQWFZ38,2025-12-08
B0CDQWFZ38,2026-01-05
B0CDQWFZ38,2026-02-02
B0CDQWFZ38,2026-03-02
B0CDQWNHY4,2025-04-28
B0CDQWNHY4,2025-05-26
B0CDQWNHY4,2025-06-23
B0CDQWNHY4,2025-07-21
B0CDQWNHY4,2025-08-18
B0CDQWNHY4,2025-09-15
B0CDQWNHY4,2025-10-13
B0CDQWNHY4,2025-11-10
B0CDQWNHY4,2025-12-08
B0CDQWNHY4,2026-01-05
B0CDQWNHY4,2026-02-02
B0CDQWNHY4,2026-03-02
B0CDQXPTCX,2025-04-28
B0CDQXPTCX,2025-05-26
B0CDQXPTCX,2025-06-23
B0CDQXPTCX,2025-07-21
B0CDQXPTCX,2025-08-18
B0CDQXPTCX,2025-09-15
B0CDQXPTCX,2025-10-13
B0CDQXPTCX,2025-11-10
B0CDQXPTCX,2025-12-08
B0CDQXPTCX,2026-01-05
B0CDQXPTCX,2026-02-02
B0CDQXPTCX,2026-03-02
B0CFL57ZPF,2025-04-28
B0CFL57ZPF,2025-05-26
B0CFL57ZPF,2025-06-23
B0CFL57ZPF,2025-07-21
B0CFL57ZPF,2025-08-18
B0CFL57ZPF,2025-09-15
B0CFL57ZPF,2025-10-13
B0CFL57ZPF,2025-11-10
B0CFL57ZPF,2025-12-08
B0CFL57ZPF,2026-01-05
B0CFL57ZPF,2026-02-02
B0CFL57ZPF,2026-03-02
B0CFNBV16N,2025-04-28
B0CFNBV16N,2025-05-26
B0CFNBV16N,2025-06-23
B0CFNBV16N,2025-07-21
B0CFNBV16N,2025-08-18
B0CFNBV16N,2025-09-15
B0CFNBV16N,2025-10-13
B0CFNBV16N,2025-11-10
B0CFNBV16N,2025-12-08
B0CFNBV16N,2026-01-05
B0CFNBV16N,2026-02-02
B0CFNBV16N,2026-03-02
B0CFP27HLX,2025-04-28
B0CFP27HLX,2025-05-26
B0CFP27HLX,2025-06-23
B0CFP27HLX,2025-07-21
B0CFP27HLX,2025-08-18
B0CFP27HLX,2025-09-15
B0CFP27HLX,2025-10-13
B0CFP27HLX,2025-11-10
B0CFP27HLX,2025-12-08
B0CFP27HLX,2026-01-05
B0CFP27HLX,2026-02-02
B0CFP27HLX,2026-03-02
B0CFP3N5K6,2025-04-28
B0CFP3N5K6,2025-05-26
B0CFP3N5K6,2025-06-23
B0CFP3N5K6,2025-07-21
B0CFP3N5K6,2025-08-18
B0CFP3N5K6,2025-09-15
B0CFP3N5K6,2025-10-13
B0CFP3N5K6,2025-11-10
B0CFP3N5K6,2025-12-08
B0CFP3N5K6,2026-01-05
B0CFP3N5K6,2026-02-02
B0CFP3N5K6,2026-03-02
B0CFR4ZLNN,2025-04-28
B0CFR4ZLNN,2025-05-26
B0CFR4ZLNN,2025-06-23
B0CFR4ZLNN,2025-07-21
B0CFR4ZLNN,2025-08-18
B0CFR4ZLNN,2025-09-15
B0CFR4ZLNN,2025-10-13
B0CFR4ZLNN,2025-11-10
B0CFR4ZLNN,2025-12-08
B0CFR4ZLNN,2026-01-05
B0CFR4ZLNN,2026-02-02
B0CFR4ZLNN,2026-03-02
B0CFRCZV4Z,2025-04-28
B0CFRCZV4Z,2025-05-26
B0CFRCZV4Z,2025-06-23
B0CFRCZV4Z,2025-07-21
B0CFRCZV4Z,2025-08-18
B0CFRCZV4Z,2025-09-15
B0CFRCZV4Z,2025-10-13
B0CFRCZV4Z,2025-11-10
B0CFRCZV4Z,2025-12-08
B0CFRCZV4Z,2026-01-05
B0CFRCZV4Z,2026-02-02
B0CFRCZV4Z,2026-03-02
B0CFRG88V9,2025-04-28
B0CFRG88V9,2025-05-26
B0CFRG88V9,2025-06-23
B0CFRG88V9,2025-07-21
B0CFRG88V9,2025-08-18
B0CFRG88V9,2025-09-15
B0CFRG88V9,2025-10-13
B0CFRG88V9,2025-11-10
B0CFRG88V9,2025-12-08
B0CFRG88V9,2026-01-05
B0CFRG88V9,2026-02-02
B0CFRG88V9,2026-03-02
B0CFYL558D,2025-04-28
B0CFYL558D,2025-05-26
B0CFYL558D,2025-06-23
B0CFYL558D,2025-07-21
B0CFYL558D,2025-08-18
B0CFYL558D,2025-09-15
B0CFYL558D,2025-10-13
B0CFYL558D,2025-11-10
B0CFYL558D,2025-12-08
B0CFYL558D,2026-01-05
B0CFYL558D,2026-02-02
B0CFYL558D,2026-03-02
B0CFYMXZHH,2025-04-28
B0CFYMXZHH,2025-05-26
B0CFYMXZHH,2025-06-23
B0CFYMXZHH,2025-07-21
B0CFYMXZHH,2025-08-18
B0CFYMXZHH,2025-09-15
B0CFYMXZHH,2025-10-13
B0CFYMXZHH,2025-11-10
B0CFYMXZHH,2025-12-08
B0CFYMXZHH,2026-01-05
B0CFYMXZHH,2026-02-02
B0CFYMXZHH,2026-03-02
B0CFYNL6FM,2025-04-28
B0CFYNL6FM,2025-05-26
B0CFYNL6FM,2025-06-23
B0CFYNL6FM,2025-07-21
B0CFYNL6FM,2025-08-18
B0CFYNL6FM,2025-09-15
B0CFYNL6FM,2025-10-13
B0CFYNL6FM,2025-11-10
B0CFYNL6FM,2025-12-08
B0CFYNL6FM,2026-01-05
B0CFYNL6FM,2026-02-02
B0CFYNL6FM,2026-03-02
B0CG2B1CM7,2025-04-28
B0CG2B1CM7,2025-05-26
B0CG2B1CM7,2025-06-23
B0CG2B1CM7,2025-07-21
B0CG2B1CM7,2025-08-18
B0CG2B1CM7,2025-09-15
B0CG2B1CM7,2025-10-13
B0CG2B1CM7,2025-11-10
B0CG2B1CM7,2025-12-08
B0CG2B1CM7,2026-01-05
B0CG2B1CM7,2026-02-02
B0CG2B1CM7,2026-03-02
B0CG2B1FV6,2025-04-28
B0CG2B1FV6,2025-05-26
B0CG2B1FV6,2025-06-23
B0CG2B1FV6,2025-07-21
B0CG2B1FV6,2025-08-18
B0CG2B1FV6,2025-09-15
B0CG2B1FV6,2025-10-13
B0CG2B1FV6,2025-11-10
B0CG2B1FV6,2025-12-08
B0CG2B1FV6,2026-01-05
B0CG2B1FV6,2026-02-02
B0CG2B1FV6,2026-03-02
B0CG2BYW2H,2025-04-28
B0CG2BYW2H,2025-05-26
B0CG2BYW2H,2025-06-23
B0CG2BYW2H,2025-07-21
B0CG2BYW2H,2025-08-18
B0CG2BYW2H,2025-09-15
B0CG2BYW2H,2025-10-13
B0CG2BYW2H,2025-11-10
B0CG2BYW2H,2025-12-08
B0CG2BYW2H,2026-01-05
B0CG2BYW2H,2026-02-02
B0CG2BYW2H,2026-03-02
B0CG2C45N9,2025-04-28
B0CG2C45N9,2025-05-26
B0CG2C45N9,2025-06-23
B0CG2C45N9,2025-07-21
B0CG2C45N9,2025-08-18
B0CG2C45N9,2025-09-15
B0CG2C45N9,2025-10-13
B0CG2C45N9,2025-11-10
B0CG2C45N9,2025-12-08
B0CG2C45N9,2026-01-05
B0CG2C45N9,2026-02-02
B0CG2C45N9,2026-03-02
B0CG2CRS9F,2025-04-28
B0CG2CRS9F,2025-05-26
B0CG2CRS9F,2025-06-23
B0CG2CRS9F,2025-07-21
B0CG2CRS9F,2025-08-18
B0CG2CRS9F,2025-09-15
B0CG2CRS9F,2025-10-13
B0CG2CRS9F,2025-11-10
B0CG2CRS9F,2025-12-08
B0CG2CRS9F,2026-01-05
B0CG2CRS9F,2026-02-02
B0CG2CRS9F,2026-03-02
B0CG2D7FGF,2025-04-28
B0CG2D7FGF,2025-05-26
B0CG2D7FGF,2025-06-23
B0CG2D7FGF,2025-07-21
B0CG2D7FGF,2025-08-18
B0CG2D7FGF,2025-09-15
B0CG2D7FGF,2025-10-13
B0CG2D7FGF,2025-11-10
B0CG2D7FGF,2025-12-08
B0CG2D7FGF,2026-01-05
B0CG2D7FGF,2026-02-02
B0CG2D7FGF,2026-03-02
B0CG2DVRC2,2025-04-28
B0CG2DVRC2,2025-05-26
B0CG2DVRC2,2025-06-23
B0CG2DVRC2,2025-07-21
B0CG2DVRC2,2025-08-18
B0CG2DVRC2,2025-09-15
B0CG2DVRC2,2025-10-13
B0CG2DVRC2,2025-11-10
B0CG2DVRC2,2025-12-08
B0CG2DVRC2,2026-01-05
B0CG2DVRC2,2026-02-02
B0CG2DVRC2,2026-03-02
B0CG2FF39W,2025-04-28
B0CG2FF39W,2025-05-26
B0CG2FF39W,2025-06-23
B0CG2FF39W,2025-07-21
B0CG2FF39W,2025-08-18
B0CG2FF39W,2025-09-15
B0CG2FF39W,2025-10-13
B0CG2FF39W,2025-11-10
B0CG2FF39W,2025-12-08
B0CG2FF39W,2026-01-05
B0CG2FF39W,2026-02-02
B0CG2FF39W,2026-03-02
B0CG2FMYHC,2025-04-28
B0CG2FMYHC,2025-05-26
B0CG2FMYHC,2025-06-23
B0CG2FMYHC,2025-07-21
B0CG2FMYHC,2025-08-18
B0CG2FMYHC,2025-09-15
B0CG2FMYHC,2025-10-13
B0CG2FMYHC,2025-11-10
B0CG2FMYHC,2025-12-08
B0CG2FMYHC,2026-01-05
B0CG2FMYHC,2026-02-02
B0CG2FMYHC,2026-03-02
B0CG2FWG3D,2025-04-28
B0CG2FWG3D,2025-05-26
B0CG2FWG3D,2025-06-23
B0CG2FWG3D,2025-07-21
B0CG2FWG3D,2025-08-18
B0CG2FWG3D,2025-09-15
B0CG2FWG3D,2025-10-13
B0CG2FWG3D,2025-11-10
B0CG2FWG3D,2025-12-08
B0CG2FWG3D,2026-01-05
B0CG2FWG3D,2026-02-02
B0CG2FWG3D,2026-03-02
B0CG8ZSK2T,2025-04-28
B0CG8ZSK2T,2025-05-26
B0CG8ZSK2T,2025-06-23
B0CG8ZSK2T,2025-07-21
B0CG8ZSK2T,2025-08-18
B0CG8ZSK2T,2025-09-15
B0CG8ZSK2T,2025-10-13
B0CG8ZSK2T,2025-11-10
B0CG8ZSK2T,2025-12-08
B0CG8ZSK2T,2026-01-05
B0CG8ZSK2T,2026-02-02
B0CG8ZSK2T,2026-03-02
B0CGB3B1S4,2025-04-28
B0CGB3B1S4,2025-05-26
B0CGB3B1S4,2025-06-23
B0CGB3B1S4,2025-07-21
B0CGB3B1S4,2025-08-18
B0CGB3B1S4,2025-09-15
B0CGB3B1S4,2025-10-13
B0CGB3B1S4,2025-11-10
B0CGB3B1S4,2025-12-08
B0CGB3B1S4,2026-01-05
B0CGB3B1S4,2026-02-02
B0CGB3B1S4,2026-03-02
B0CGDC6P6H,2025-04-28
B0CGDC6P6H,2025-05-26
B0CGDC6P6H,2025-06-23
B0CGDC6P6H,2025-07-21
B0CGDC6P6H,2025-08-18
B0CGDC6P6H,2025-09-15
B0CGDC6P6H,2025-10-13
B0CGDC6P6H,2025-11-10
B0CGDC6P6H,2025-12-08
B0CGDC6P6H,2026-01-05
B0CGDC6P6H,2026-02-02
B0CGDC6P6H,2026-03-02
B0CGL6MVM7,2025-04-28
B0CGL6MVM7,2025-05-26
B0CGL6MVM7,2025-06-23
B0CGL6MVM7,2025-07-21
B0CGL6MVM7,2025-08-18
B0CGL6MVM7,2025-09-15
B0CGL6MVM7,2025-10-13
B0CGL6MVM7,2025-11-10
B0CGL6MVM7,2025-12-08
B0CGL6MVM7,2026-01-05
B0CGL6MVM7,2026-02-02
B0CGL6MVM7,2026-03-02
B0CGXCWGN1,2025-04-28
B0CGXCWGN1,2025-05-26
B0CGXCWGN1,2025-06-23
B0CGXCWGN1,2025-07-21
B0CGXCWGN1,2025-08-18
B0CGXCWGN1,2025-09-15
B0CGXCWGN1,2025-10-13
B0CGXCWGN1,2025-11-10
B0CGXCWGN1,2025-12-08
B0CGXCWGN1,2026-01-05
B0CGXCWGN1,2026-02-02
B0CGXCWGN1,2026-03-02
B0CGXDK2B6,2025-04-28
B0CGXDK2B6,2025-05-26
B0CGXDK2B6,2025-06-23
B0CGXDK2B6,2025-07-21
B0CGXDK2B6,2025-08-18
B0CGXDK2B6,2025-09-15
B0CGXDK2B6,2025-10-13
B0CGXDK2B6,2025-11-10
B0CGXDK2B6,2025-12-08
B0CGXDK2B6,2026-01-05
B0CGXDK2B6,2026-02-02
B0CGXDK2B6,2026-03-02
B0CGXDVWB9,2025-04-28
B0CGXDVWB9,2025-05-26
B0CGXDVWB9,2025-06-23
B0CGXDVWB9,2025-07-21
B0CGXDVWB9,2025-08-18
B0CGXDVWB9,2025-09-15
B0CGXDVWB9,2025-10-13
B0CGXDVWB9,2025-11-10
B0CGXDVWB9,2025-12-08
B0CGXDVWB9,2026-01-05
B0CGXDVWB9,2026-02-02
B0CGXDVWB9,2026-03-02
B0CGXF2TQX,2025-04-28
B0CGXF2TQX,2025-05-26
B0CGXF2TQX,2025-06-23
B0CGXF2TQX,2025-07-21
B0CGXF2TQX,2025-08-18
B0CGXF2TQX,2025-09-15
B0CGXF2TQX,2025-10-13
B0CGXF2TQX,2025-11-10
B0CGXF2TQX,2025-12-08
B0CGXF2TQX,2026-01-05
B0CGXF2TQX,2026-02-02
B0CGXF2TQX,2026-03-02
B0CGXFKFKS,2025-04-28
B0CGXFKFKS,2025-05-26
B0CGXFKFKS,2025-06-23
B0CGXFKFKS,2025-07-21
B0CGXFKFKS,2025-08-18
B0CGXFKFKS,2025-09-15
B0CGXFKFKS,2025-10-13
B0CGXFKFKS,2025-11-10
B0CGXFKFKS,2025-12-08
B0CGXFKFKS,2026-01-05
B0CGXFKFKS,2026-02-02
B0CGXFKFKS,2026-03-02
B0CH3FT94W,2025-04-28
B0CH3FT94W,2025-05-26
B0CH3FT94W,2025-06-23
B0CH3FT94W,2025-07-21
B0CH3FT94W,2025-08-18
B0CH3FT94W,2025-09-15
B0CH3FT94W,2025-10-13
B0CH3FT94W,2025-11-10
B0CH3FT94W,2025-12-08
B0CH3FT94W,2026-01-05
B0CH3FT94W,2026-02-02
B0CH3FT94W,2026-03-02
B0CH3K4DXQ,2025-04-28
B0CH3K4DXQ,2025-05-26
B0CH3K4DXQ,2025-06-23
B0CH3K4DXQ,2025-07-21
B0CH3K4DXQ,2025-08-18
B0CH3K4DXQ,2025-09-15
B0CH3K4DXQ,2025-10-13
B0CH3K4DXQ,2025-11-10
B0CH3K4DXQ,2025-12-08
B0CH3K4DXQ,2026-01-05
B0CH3K4DXQ,2026-02-02
B0CH3K4DXQ,2026-03-02
B0CHPD295S,2025-04-28
B0CHPD295S,2025-05-26
B0CHPD295S,2025-06-23
B0CHPD295S,2025-07-21
B0CHPD295S,2025-08-18
B0CHPD295S,2025-09-15
B0CHPD295S,2025-10-13
B0CHPD295S,2025-11-10
B0CHPD295S,2025-12-08
B0CHPD295S,2026-01-05
B0CHPD295S,2026-02-02
B0CHPD295S,2026-03-02
B0CHPF3ZMV,2025-04-28
B0CHPF3ZMV,2025-05-26
B0CHPF3ZMV,2025-06-23
B0CHPF3ZMV,2025-07-21
B0CHPF3ZMV,2025-08-18
B0CHPF3ZMV,2025-09-15
B0CHPF3ZMV,2025-10-13
B0CHPF3ZMV,2025-11-10
B0CHPF3ZMV,2025-12-08
B0CHPF3ZMV,2026-01-05
B0CHPF3ZMV,2026-02-02
B0CHPF3ZMV,2026-03-02
B0CHYFKKN9,2025-04-28
B0CHYFKKN9,2025-05-26
B0CHYFKKN9,2025-06-23
B0CHYFKKN9,2025-07-21
B0CHYFKKN9,2025-08-18
B0CHYFKKN9,2025-09-15
B0CHYFKKN9,2025-10-13
B0CHYFKKN9,2025-11-10
B0CHYFKKN9,2025-12-08
B0CHYFKKN9,2026-01-05
B0CHYFKKN9,2026-02-02
B0CHYFKKN9,2026-03-02
B0CJ91P6YV,2025-04-28
B0CJ91P6YV,2025-05-26
B0CJ91P6YV,2025-06-23
B0CJ91P6YV,2025-07-21
B0CJ91P6YV,2025-08-18
B0CJ91P6YV,2025-09-15
B0CJ91P6YV,2025-10-13
B0CJ91P6YV,2025-11-10
B0CJ91P6YV,2025-12-08
B0CJ91P6YV,2026-01-05
B0CJ91P6YV,2026-02-02
B0CJ91P6YV,2026-03-02
B0CJC9RCMY,2025-04-28
B0CJC9RCMY,2025-05-26
B0CJC9RCMY,2025-06-23
B0CJC9RCMY,2025-07-21
B0CJC9RCMY,2025-08-18
B0CJC9RCMY,2025-09-15
B0CJC9RCMY,2025-10-13
B0CJC9RCMY,2025-11-10
B0CJC9RCMY,2025-12-08
B0CJC9RCMY,2026-01-05
B0CJC9RCMY,2026-02-02
B0CJC9RCMY,2026-03-02
B0CJCFBKD5,2025-04-28
B0CJCFBKD5,2025-05-26
B0CJCFBKD5,2025-06-23
B0CJCFBKD5,2025-07-21
B0CJCFBKD5,2025-08-18
B0CJCFBKD5,2025-09-15
B0CJCFBKD5,2025-10-13
B0CJCFBKD5,2025-11-10
B0CJCFBKD5,2025-12-08
B0CJCFBKD5,2026-01-05
B0CJCFBKD5,2026-02-02
B0CJCFBKD5,2026-03-02
B0CJCHJMNM,2025-04-28
B0CJCHJMNM,2025-05-26
B0CJCHJMNM,2025-06-23
B0CJCHJMNM,2025-07-21
B0CJCHJMNM,2025-08-18
B0CJCHJMNM,2025-09-15
B0CJCHJMNM,2025-10-13
B0CJCHJMNM,2025-11-10
B0CJCHJMNM,2025-12-08
B0CJCHJMNM,2026-01-05
B0CJCHJMNM,2026-02-02
B0CJCHJMNM,2026-03-02
B0CJCJWLS4,2025-04-28
B0CJCJWLS4,2025-05-26
B0CJCJWLS4,2025-06-23
B0CJCJWLS4,2025-07-21
B0CJCJWLS4,2025-08-18
B0CJCJWLS4,2025-09-15
B0CJCJWLS4,2025-10-13
B0CJCJWLS4,2025-11-10
B0CJCJWLS4,2025-12-08
B0CJCJWLS4,2026-01-05
B0CJCJWLS4,2026-02-02
B0CJCJWLS4,2026-03-02
B0CJCLHHQH,2025-04-28
B0CJCLHHQH,2025-05-26
B0CJCLHHQH,2025-06-23
B0CJCLHHQH,2025-07-21
B0CJCLHHQH,2025-08-18
B0CJCLHHQH,2025-09-15
B0CJCLHHQH,2025-10-13
B0CJCLHHQH,2025-11-10
B0CJCLHHQH,2025-12-08
B0CJCLHHQH,2026-01-05
B0CJCLHHQH,2026-02-02
B0CJCLHHQH,2026-03-02
B0CJHKTG25,2025-04-28
B0CJHKTG25,2025-05-26
B0CJHKTG25,2025-06-23
B0CJHKTG25,2025-07-21
B0CJHKTG25,2025-08-18
B0CJHKTG25,2025-09-15
B0CJHKTG25,2025-10-13
B0CJHKTG25,2025-11-10
B0CJHKTG25,2025-12-08
B0CJHKTG25,2026-01-05
B0CJHKTG25,2026-02-02
B0CJHKTG25,2026-03-02
B0CJN5NVYH,2025-04-28
B0CJN5NVYH,2025-05-26
B0CJN5NVYH,2025-06-23
B0CJN5NVYH,2025-07-21
B0CJN5NVYH,2025-08-18
B0CJN5NVYH,2025-09-15
B0CJN5NVYH,2025-10-13
B0CJN5NVYH,2025-11-10
B0CJN5NVYH,2025-12-08
B0CJN5NVYH,2026-01-05
B0CJN5NVYH,2026-02-02
B0CJN5NVYH,2026-03-02
B0CJNB3S78,2025-04-28
B0CJNB3S78,2025-05-26
B0CJNB3S78,2025-06-23
B0CJNB3S78,2025-07-21
B0CJNB3S78,2025-08-18
B0CJNB3S78,2025-09-15
B0CJNB3S78,2025-10-13
B0CJNB3S78,2025-11-10
B0CJNB3S78,2025-12-08
B0CJNB3S78,2026-01-05
B0CJNB3S78,2026-02-02
B0CJNB3S78,2026-03-02
B0CJND6GKK,2025-04-28
B0CJND6GKK,2025-05-26
B0CJND6GKK,2025-06-23
B0CJND6GKK,2025-07-21
B0CJND6GKK,2025-08-18
B0CJND6GKK,2025-09-15
B0CJND6GKK,2025-10-13
B0CJND6GKK,2025-11-10
B0CJND6GKK,2025-12-08
B0CJND6GKK,2026-01-05
B0CJND6GKK,2026-02-02
B0CJND6GKK,2026-03-02
B0CJNF3XHL,2025-04-28
B0CJNF3XHL,2025-05-26
B0CJNF3XHL,2025-06-23
B0CJNF3XHL,2025-07-21
B0CJNF3XHL,2025-08-18
B0CJNF3XHL,2025-09-15
B0CJNF3XHL,2025-10-13
B0CJNF3XHL,2025-11-10
B0CJNF3XHL,2025-12-08
B0CJNF3XHL,2026-01-05
B0CJNF3XHL,2026-02-02
B0CJNF3XHL,2026-03-02
B0CJX29N3D,2025-04-28
B0CJX29N3D,2025-05-26
B0CJX29N3D,2025-06-23
B0CJX29N3D,2025-07-21
B0CJX29N3D,2025-08-18
B0CJX29N3D,2025-09-15
B0CJX29N3D,2025-10-13
B0CJX29N3D,2025-11-10
B0CJX29N3D,2025-12-08
B0CJX29N3D,2026-01-05
B0CJX29N3D,2026-02-02
B0CJX29N3D,2026-03-02
B0CJX2F2D6,2025-04-28
B0CJX2F2D6,2025-05-26
B0CJX2F2D6,2025-06-23
B0CJX2F2D6,2025-07-21
B0CJX2F2D6,2025-08-18
B0CJX2F2D6,2025-09-15
B0CJX2F2D6,2025-10-13
B0CJX2F2D6,2025-11-10
B0CJX2F2D6,2025-12-08
B0CJX2F2D6,2026-01-05
B0CJX2F2D6,2026-02-02
B0CJX2F2D6,2026-03-02
B0CJXD83RY,2025-04-28
B0CJXD83RY,2025-05-26
B0CJXD83RY,2025-06-23
B0CJXD83RY,2025-07-21
B0CJXD83RY,2025-08-18
B0CJXD83RY,2025-09-15
B0CJXD83RY,2025-10-13
B0CJXD83RY,2025-11-10
B0CJXD83RY,2025-12-08
B0CJXD83RY,2026-01-05
B0CJXD83RY,2026-02-02
B0CJXD83RY,2026-03-02
B0CKBPV7R1,2025-04-28
B0CKBPV7R1,2025-05-26
B0CKBPV7R1,2025-06-23
B0CKBPV7R1,2025-07-21
B0CKBPV7R1,2025-08-18
B0CKBPV7R1,2025-09-15
B0CKBPV7R1,2025-10-13
B0CKBPV7R1,2025-11-10
B0CKBPV7R1,2025-12-08
B0CKBPV7R1,2026-01-05
B0CKBPV7R1,2026-02-02
B0CKBPV7R1,2026-03-02
B0CKJVFRQ2,2025-04-28
B0CKJVFRQ2,2025-05-26
B0CKJVFRQ2,2025-06-23
B0CKJVFRQ2,2025-07-21
B0CKJVFRQ2,2025-08-18
B0CKJVFRQ2,2025-09-15
B0CKJVFRQ2,2025-10-13
B0CKJVFRQ2,2025-11-10
B0CKJVFRQ2,2025-12-08
B0CKJVFRQ2,2026-01-05
B0CKJVFRQ2,2026-02-02
B0CKJVFRQ2,2026-03-02
B0CKJZH8W3,2025-04-28
B0CKJZH8W3,2025-05-26
B0CKJZH8W3,2025-06-23
B0CKJZH8W3,2025-07-21
B0CKJZH8W3,2025-08-18
B0CKJZH8W3,2025-09-15
B0CKJZH8W3,2025-10-13
B0CKJZH8W3,2025-11-10
B0CKJZH8W3,2025-12-08
B0CKJZH8W3,2026-01-05
B0CKJZH8W3,2026-02-02
B0CKJZH8W3,2026-03-02
B0CKMXLS8B,2025-04-28
B0CKMXLS8B,2025-05-26
B0CKMXLS8B,2025-06-23
B0CKMXLS8B,2025-07-21
B0CKMXLS8B,2025-08-18
B0CKMXLS8B,2025-09-15
B0CKMXLS8B,2025-10-13
B0CKMXLS8B,2025-11-10
B0CKMXLS8B,2025-12-08
B0CKMXLS8B,2026-01-05
B0CKMXLS8B,2026-02-02
B0CKMXLS8B,2026-03-02
B0CKPDLTTX,2025-04-28
B0CKPDLTTX,2025-05-26
B0CKPDLTTX,2025-06-23
B0CKPDLTTX,2025-07-21
B0CKPDLTTX,2025-08-18
B0CKPDLTTX,2025-09-15
B0CKPDLTTX,2025-10-13
B0CKPDLTTX,2025-11-10
B0CKPDLTTX,2025-12-08
B0CKPDLTTX,2026-01-05
B0CKPDLTTX,2026-02-02
B0CKPDLTTX,2026-03-02
B0CKZ8W5KT,2025-04-28
B0CKZ8W5KT,2025-05-26
B0CKZ8W5KT,2025-06-23
B0CKZ8W5KT,2025-07-21
B0CKZ8W5KT,2025-08-18
B0CKZ8W5KT,2025-09-15
B0CKZ8W5KT,2025-10-13
B0CKZ8W5KT,2025-11-10
B0CKZ8W5KT,2025-12-08
B0CKZ8W5KT,2026-01-05
B0CKZ8W5KT,2026-02-02
B0CKZ8W5KT,2026-03-02
B0CL3XWZ4C,2025-04-28
B0CL3XWZ4C,2025-05-26
B0CL3XWZ4C,2025-06-23
B0CL3XWZ4C,2025-07-21
B0CL3XWZ4C,2025-08-18
B0CL3XWZ4C,2025-09-15
B0CL3XWZ4C,2025-10-13
B0CL3XWZ4C,2025-11-10
B0CL3XWZ4C,2025-12-08
B0CL3XWZ4C,2026-01-05
B0CL3XWZ4C,2026-02-02
B0CL3XWZ4C,2026-03-02
B0CL7DW32D,2025-04-28
B0CL7DW32D,2025-05-26
B0CL7DW32D,2025-06-23
B0CL7DW32D,2025-07-21
B0CL7DW32D,2025-08-18
B0CL7DW32D,2025-09-15
B0CL7DW32D,2025-10-13
B0CL7DW32D,2025-11-10
B0CL7DW32D,2025-12-08
B0CL7DW32D,2026-01-05
B0CL7DW32D,2026-02-02
B0CL7DW32D,2026-03-02
B0CL7XK939,2025-04-28
B0CL7XK939,2025-05-26
B0CL7XK939,2025-06-23
B0CL7XK939,2025-07-21
B0CL7XK939,2025-08-18
B0CL7XK939,2025-09-15
B0CL7XK939,2025-10-13
B0CL7XK939,2025-11-10
B0CL7XK939,2025-12-08
B0CL7XK939,2026-01-05
B0CL7XK939,2026-02-02
B0CL7XK939,2026-03-02
B0CL83RL8Z,2025-04-28
B0CL83RL8Z,2025-05-26
B0CL83RL8Z,2025-06-23
B0CL83RL8Z,2025-07-21
B0CL83RL8Z,2025-08-18
B0CL83RL8Z,2025-09-15
B0CL83RL8Z,2025-10-13
B0CL83RL8Z,2025-11-10
B0CL83RL8Z,2025-12-08
B0CL83RL8Z,2026-01-05
B0CL83RL8Z,2026-02-02
B0CL83RL8Z,2026-03-02
B0CL9P4SP2,2025-04-28
B0CL9P4SP2,2025-05-26
B0CL9P4SP2,2025-06-23
B0CL9P4SP2,2025-07-21
B0CL9P4SP2,2025-08-18
B0CL9P4SP2,2025-09-15
B0CL9P4SP2,2025-10-13
B0CL9P4SP2,2025-11-10
B0CL9P4SP2,2025-12-08
B0CL9P4SP2,2026-01-05
B0CL9P4SP2,2026-02-02
B0CL9P4SP2,2026-03-02
B0CLD7QJCZ,2025-04-28
B0CLD7QJCZ,2025-05-26
B0CLD7QJCZ,2025-06-23
B0CLD7QJCZ,2025-07-21
B0CLD7QJCZ,2025-08-18
B0CLD7QJCZ,2025-09-15
B0CLD7QJCZ,2025-10-13
B0CLD7QJCZ,2025-11-10
B0CLD7QJCZ,2025-12-08
B0CLD7QJCZ,2026-01-05
B0CLD7QJCZ,2026-02-02
B0CLD7QJCZ,2026-03-02
B0CLL6VH54,2025-04-28
B0CLL6VH54,2025-05-26
B0CLL6VH54,2025-06-23
B0CLL6VH54,2025-07-21
B0CLL6VH54,2025-08-18
B0CLL6VH54,2025-09-15
B0CLL6VH54,2025-10-13
B0CLL6VH54,2025-11-10
B0CLL6VH54,2025-12-08
B0CLL6VH54,2026-01-05
B0CLL6VH54,2026-02-02
B0CLL6VH54,2026-03-02
B0CLNRH3RC,2025-04-28
B0CLNRH3RC,2025-05-26
B0CLNRH3RC,2025-06-23
B0CLNRH3RC,2025-07-21
B0CLNRH3RC,2025-08-18
B0CLNRH3RC,2025-09-15
B0CLNRH3RC,2025-10-13
B0CLNRH3RC,2025-11-10
B0CLNRH3RC,2025-12-08
B0CLNRH3RC,2026-01-05
B0CLNRH3RC,2026-02-02
B0CLNRH3RC,2026-03-02
B0CLXBJKLC,2025-04-28
B0CLXBJKLC,2025-05-26
B0CLXBJKLC,2025-06-23
B0CLXBJKLC,2025-07-21
B0CLXBJKLC,2025-08-18
B0CLXBJKLC,2025-09-15
B0CLXBJKLC,2025-10-13
B0CLXBJKLC,2025-11-10
B0CLXBJKLC,2025-12-08
B0CLXBJKLC,2026-01-05
B0CLXBJKLC,2026-02-02
B0CLXBJKLC,2026-03-02
B0CLXQWDHB,2025-04-28
B0CLXQWDHB,2025-05-26
B0CLXQWDHB,2025-06-23
B0CLXQWDHB,2025-07-21
B0CLXQWDHB,2025-08-18
B0CLXQWDHB,2025-09-15
B0CLXQWDHB,2025-10-13
B0CLXQWDHB,2025-11-10
B0CLXQWDHB,2025-12-08
B0CLXQWDHB,2026-01-05
B0CLXQWDHB,2026-02-02
B0CLXQWDHB,2026-03-02
B0CM3K7PQY,2025-04-28
B0CM3K7PQY,2025-05-26
B0CM3K7PQY,2025-06-23
B0CM3K7PQY,2025-07-21
B0CM3K7PQY,2025-08-18
B0CM3K7PQY,2025-09-15
B0CM3K7PQY,2025-10-13
B0CM3K7PQY,2025-11-10
B0CM3K7PQY,2025-12-08
B0CM3K7PQY,2026-01-05
B0CM3K7PQY,2026-02-02
B0CM3K7PQY,2026-03-02
B0CM3KHGV7,2025-04-28
B0CM3KHGV7,2025-05-26
B0CM3KHGV7,2025-06-23
B0CM3KHGV7,2025-07-21
B0CM3KHGV7,2025-08-18
B0CM3KHGV7,2025-09-15
B0CM3KHGV7,2025-10-13
B0CM3KHGV7,2025-11-10
B0CM3KHGV7,2025-12-08
B0CM3KHGV7,2026-01-05
B0CM3KHGV7,2026-02-02
B0CM3KHGV7,2026-03-02
B0CM7T7XK6,2025-04-28
B0CM7T7XK6,2025-05-26
B0CM7T7XK6,2025-06-23
B0CM7T7XK6,2025-07-21
B0CM7T7XK6,2025-08-18
B0CM7T7XK6,2025-09-15
B0CM7T7XK6,2025-10-13
B0CM7T7XK6,2025-11-10
B0CM7T7XK6,2025-12-08
B0CM7T7XK6,2026-01-05
B0CM7T7XK6,2026-02-02
B0CM7T7XK6,2026-03-02
B0CM83SBH9,2025-04-28
B0CM83SBH9,2025-05-26
B0CM83SBH9,2025-06-23
B0CM83SBH9,2025-07-21
B0CM83SBH9,2025-08-18
B0CM83SBH9,2025-09-15
B0CM83SBH9,2025-10-13
B0CM83SBH9,2025-11-10
B0CM83SBH9,2025-12-08
B0CM83SBH9,2026-01-05
B0CM83SBH9,2026-02-02
B0CM83SBH9,2026-03-02
B0CMB853YT,2025-04-28
B0CMB853YT,2025-05-26
B0CMB853YT,2025-06-23
B0CMB853YT,2025-07-21
B0CMB853YT,2025-08-18
B0CMB853YT,2025-09-15
B0CMB853YT,2025-10-13
B0CMB853YT,2025-11-10
B0CMB853YT,2025-12-08
B0CMB853YT,2026-01-05
B0CMB853YT,2026-02-02
B0CMB853YT,2026-03-02
B0CMV4PWG5,2025-04-28
B0CMV4PWG5,2025-05-26
B0CMV4PWG5,2025-06-23
B0CMV4PWG5,2025-07-21
B0CMV4PWG5,2025-08-18
B0CMV4PWG5,2025-09-15
B0CMV4PWG5,2025-10-13
B0CMV4PWG5,2025-11-10
B0CMV4PWG5,2025-12-08
B0CMV4PWG5,2026-01-05
B0CMV4PWG5,2026-02-02
B0CMV4PWG5,2026-03-02
B0CMV6GGQ7,2025-04-28
B0CMV6GGQ7,2025-05-26
B0CMV6GGQ7,2025-06-23
B0CMV6GGQ7,2025-07-21
B0CMV6GGQ7,2025-08-18
B0CMV6GGQ7,2025-09-15
B0CMV6GGQ7,2025-10-13
B0CMV6GGQ7,2025-11-10
B0CMV6GGQ7,2025-12-08
B0CMV6GGQ7,2026-01-05
B0CMV6GGQ7,2026-02-02
B0CMV6GGQ7,2026-03-02
B0CMV6NJS5,2025-04-28
B0CMV6NJS5,2025-05-26
B0CMV6NJS5,2025-06-23
B0CMV6NJS5,2025-07-21
B0CMV6NJS5,2025-08-18
B0CMV6NJS5,2025-09-15
B0CMV6NJS5,2025-10-13
B0CMV6NJS5,2025-11-10
B0CMV6NJS5,2025-12-08
B0CMV6NJS5,2026-01-05
B0CMV6NJS5,2026-02-02
B0CMV6NJS5,2026-03-02
B0CMV721KD,2025-04-28
B0CMV721KD,2025-05-26
B0CMV721KD,2025-06-23
B0CMV721KD,2025-07-21
B0CMV721KD,2025-08-18
B0CMV721KD,2025-09-15
B0CMV721KD,2025-10-13
B0CMV721KD,2025-11-10
B0CMV721KD,2025-12-08
B0CMV721KD,2026-01-05
B0CMV721KD,2026-02-02
B0CMV721KD,2026-03-02
B0CMXS85HM,2025-04-28
B0CMXS85HM,2025-05-26
B0CMXS85HM,2025-06-23
B0CMXS85HM,2025-07-21
B0CMXS85HM,2025-08-18
B0CMXS85HM,2025-09-15
B0CMXS85HM,2025-10-13
B0CMXS85HM,2025-11-10
B0CMXS85HM,2025-12-08
B0CMXS85HM,2026-01-05
B0CMXS85HM,2026-02-02
B0CMXS85HM,2026-03-02
B0CMXSTJJL,2025-04-28
B0CMXSTJJL,2025-05-26
B0CMXSTJJL,2025-06-23
B0CMXSTJJL,2025-07-21
B0CMXSTJJL,2025-08-18
B0CMXSTJJL,2025-09-15
B0CMXSTJJL,2025-10-13
B0CMXSTJJL,2025-11-10
B0CMXSTJJL,2025-12-08
B0CMXSTJJL,2026-01-05
B0CMXSTJJL,2026-02-02
B0CMXSTJJL,2026-03-02
B0CMXT7GP4,2025-04-28
B0CMXT7GP4,2025-05-26
B0CMXT7GP4,2025-06-23
B0CMXT7GP4,2025-07-21
B0CMXT7GP4,2025-08-18
B0CMXT7GP4,2025-09-15
B0CMXT7GP4,2025-10-13
B0CMXT7GP4,2025-11-10
B0CMXT7GP4,2025-12-08
B0CMXT7GP4,2026-01-05
B0CMXT7GP4,2026-02-02
B0CMXT7GP4,2026-03-02
B0CMXVSLN2,2025-04-28
B0CMXVSLN2,2025-05-26
B0CMXVSLN2,2025-06-23
B0CMXVSLN2,2025-07-21
B0CMXVSLN2,2025-08-18
B0CMXVSLN2,2025-09-15
B0CMXVSLN2,2025-10-13
B0CMXVSLN2,2025-11-10
B0CMXVSLN2,2025-12-08
B0CMXVSLN2,2026-01-05
B0CMXVSLN2,2026-02-02
B0CMXVSLN2,2026-03-02
B0CN23YKYS,2025-04-28
B0CN23YKYS,2025-05-26
B0CN23YKYS,2025-06-23
B0CN23YKYS,2025-07-21
B0CN23YKYS,2025-08-18
B0CN23YKYS,2025-09-15
B0CN23YKYS,2025-10-13
B0CN23YKYS,2025-11-10
B0CN23YKYS,2025-12-08
B0CN23YKYS,2026-01-05
B0CN23YKYS,2026-02-02
B0CN23YKYS,2026-03-02
B0CN342KCR,2025-04-28
B0CN342KCR,2025-05-26
B0CN342KCR,2025-06-23
B0CN342KCR,2025-07-21
B0CN342KCR,2025-08-18
B0CN342KCR,2025-09-15
B0CN342KCR,2025-10-13
B0CN342KCR,2025-11-10
B0CN342KCR,2025-12-08
B0CN342KCR,2026-01-05
B0CN342KCR,2026-02-02
B0CN342KCR,2026-03-02
B0CN34F9XG,2025-04-28
B0CN34F9XG,2025-05-26
B0CN34F9XG,2025-06-23
B0CN34F9XG,2025-07-21
B0CN34F9XG,2025-08-18
B0CN34F9XG,2025-09-15
B0CN34F9XG,2025-10-13
B0CN34F9XG,2025-11-10
B0CN34F9XG,2025-12-08
B0CN34F9XG,2026-01-05
B0CN34F9XG,2026-02-02
B0CN34F9XG,2026-03-02
B0CN36MRD4,2025-04-28
B0CN36MRD4,2025-05-26
B0CN36MRD4,2025-06-23
B0CN36MRD4,2025-07-21
B0CN36MRD4,2025-08-18
B0CN36MRD4,2025-09-15
B0CN36MRD4,2025-10-13
B0CN36MRD4,2025-11-10
B0CN36MRD4,2025-12-08
B0CN36MRD4,2026-01-05
B0CN36MRD4,2026-02-02
B0CN36MRD4,2026-03-02
B0CN6D1DW5,2025-04-28
B0CN6D1DW5,2025-05-26
B0CN6D1DW5,2025-06-23
B0CN6D1DW5,2025-07-21
B0CN6D1DW5,2025-08-18
B0CN6D1DW5,2025-09-15
B0CN6D1DW5,2025-10-13
B0CN6D1DW5,2025-11-10
B0CN6D1DW5,2025-12-08
B0CN6D1DW5,2026-01-05
B0CN6D1DW5,2026-02-02
B0CN6D1DW5,2026-03-02
B0CN7ZBBN3,2025-04-28
B0CN7ZBBN3,2025-05-26
B0CN7ZBBN3,2025-06-23
B0CN7ZBBN3,2025-07-21
B0CN7ZBBN3,2025-08-18
B0CN7ZBBN3,2025-09-15
B0CN7ZBBN3,2025-10-13
B0CN7ZBBN3,2025-11-10
B0CN7ZBBN3,2025-12-08
B0CN7ZBBN3,2026-01-05
B0CN7ZBBN3,2026-02-02
B0CN7ZBBN3,2026-03-02
B0CN825XX1,2025-04-28
B0CN825XX1,2025-05-26
B0CN825XX1,2025-06-23
B0CN825XX1,2025-07-21
B0CN825XX1,2025-08-18
B0CN825XX1,2025-09-15
B0CN825XX1,2025-10-13
B0CN825XX1,2025-11-10
B0CN825XX1,2025-12-08
B0CN825XX1,2026-01-05
B0CN825XX1,2026-02-02
B0CN825XX1,2026-03-02
B0CN83HH7T,2025-04-28
B0CN83HH7T,2025-05-26
B0CN83HH7T,2025-06-23
B0CN83HH7T,2025-07-21
B0CN83HH7T,2025-08-18
B0CN83HH7T,2025-09-15
B0CN83HH7T,2025-10-13
B0CN83HH7T,2025-11-10
B0CN83HH7T,2025-12-08
B0CN83HH7T,2026-01-05
B0CN83HH7T,2026-02-02
B0CN83HH7T,2026-03-02
B0CN83ZC8J,2025-04-28
B0CN83ZC8J,2025-05-26
B0CN83ZC8J,2025-06-23
B0CN83ZC8J,2025-07-21
B0CN83ZC8J,2025-08-18
B0CN83ZC8J,2025-09-15
B0CN83ZC8J,2025-10-13
B0CN83ZC8J,2025-11-10
B0CN83ZC8J,2025-12-08
B0CN83ZC8J,2026-01-05
B0CN83ZC8J,2026-02-02
B0CN83ZC8J,2026-03-02
B0CN87VKTS,2025-04-28
B0CN87VKTS,2025-05-26
B0CN87VKTS,2025-06-23
B0CN87VKTS,2025-07-21
B0CN87VKTS,2025-08-18
B0CN87VKTS,2025-09-15
B0CN87VKTS,2025-10-13
B0CN87VKTS,2025-11-10
B0CN87VKTS,2025-12-08
B0CN87VKTS,2026-01-05
B0CN87VKTS,2026-02-02
B0CN87VKTS,2026-03-02
B0CN895WJ1,2025-04-28
B0CN895WJ1,2025-05-26
B0CN895WJ1,2025-06-23
B0CN895WJ1,2025-07-21
B0CN895WJ1,2025-08-18
B0CN895WJ1,2025-09-15
B0CN895WJ1,2025-10-13
B0CN895WJ1,2025-11-10
B0CN895WJ1,2025-12-08
B0CN895WJ1,2026-01-05
B0CN895WJ1,2026-02-02
B0CN895WJ1,2026-03-02
B0CN953KC3,2025-04-28
B0CN953KC3,2025-05-26
B0CN953KC3,2025-06-23
B0CN953KC3,2025-07-21
B0CN953KC3,2025-08-18
B0CN953KC3,2025-09-15
B0CN953KC3,2025-10-13
B0CN953KC3,2025-11-10
B0CN953KC3,2025-12-08
B0CN953KC3,2026-01-05
B0CN953KC3,2026-02-02
B0CN953KC3,2026-03-02
B0CNGHB4RP,2025-04-28
B0CNGHB4RP,2025-05-26
B0CNGHB4RP,2025-06-23
B0CNGHB4RP,2025-07-21
B0CNGHB4RP,2025-08-18
B0CNGHB4RP,2025-09-15
B0CNGHB4RP,2025-10-13
B0CNGHB4RP,2025-11-10
B0CNGHB4RP,2025-12-08
B0CNGHB4RP,2026-01-05
B0CNGHB4RP,2026-02-02
B0CNGHB4RP,2026-03-02
B0CNGZWN1F,2025-04-28
B0CNGZWN1F,2025-05-26
B0CNGZWN1F,2025-06-23
B0CNGZWN1F,2025-07-21
B0CNGZWN1F,2025-08-18
B0CNGZWN1F,2025-09-15
B0CNGZWN1F,2025-10-13
B0CNGZWN1F,2025-11-10
B0CNGZWN1F,2025-12-08
B0CNGZWN1F,2026-01-05
B0CNGZWN1F,2026-02-02
B0CNGZWN1F,2026-03-02
B0CNHDMBXV,2025-04-28
B0CNHDMBXV,2025-05-26
B0CNHDMBXV,2025-06-23
B0CNHDMBXV,2025-07-21
B0CNHDMBXV,2025-08-18
B0CNHDMBXV,2025-09-15
B0CNHDMBXV,2025-10-13
B0CNHDMBXV,2025-11-10
B0CNHDMBXV,2025-12-08
B0CNHDMBXV,2026-01-05
B0CNHDMBXV,2026-02-02
B0CNHDMBXV,2026-03-02
B0CNHGFFKF,2025-04-28
B0CNHGFFKF,2025-05-26
B0CNHGFFKF,2025-06-23
B0CNHGFFKF,2025-07-21
B0CNHGFFKF,2025-08-18
B0CNHGFFKF,2025-09-15
B0CNHGFFKF,2025-10-13
B0CNHGFFKF,2025-11-10
B0CNHGFFKF,2025-12-08
B0CNHGFFKF,2026-01-05
B0CNHGFFKF,2026-02-02
B0CNHGFFKF,2026-03-02
B0CNJQ573X,2025-04-28
B0CNJQ573X,2025-05-26
B0CNJQ573X,2025-06-23
B0CNJQ573X,2025-07-21
B0CNJQ573X,2025-08-18
B0CNJQ573X,2025-09-15
B0CNJQ573X,2025-10-13
B0CNJQ573X,2025-11-10
B0CNJQ573X,2025-12-08
B0CNJQ573X,2026-01-05
B0CNJQ573X,2026-02-02
B0CNJQ573X,2026-03-02
B0CNKS1ZKT,2025-04-28
B0CNKS1ZKT,2025-05-26
B0CNKS1ZKT,2025-06-23
B0CNKS1ZKT,2025-07-21
B0CNKS1ZKT,2025-08-18
B0CNKS1ZKT,2025-09-15
B0CNKS1ZKT,2025-10-13
B0CNKS1ZKT,2025-11-10
B0CNKS1ZKT,2025-12-08
B0CNKS1ZKT,2026-01-05
B0CNKS1ZKT,2026-02-02
B0CNKS1ZKT,2026-03-02
B0CNKV2V99,2025-04-28
B0CNKV2V99,2025-05-26
B0CNKV2V99,2025-06-23
B0CNKV2V99,2025-07-21
B0CNKV2V99,2025-08-18
B0CNKV2V99,2025-09-15
B0CNKV2V99,2025-10-13
B0CNKV2V99,2025-11-10
B0CNKV2V99,2025-12-08
B0CNKV2V99,2026-01-05
B0CNKV2V99,2026-02-02
B0CNKV2V99,2026-03-02
B0CNPSLKVX,2025-04-28
B0CNPSLKVX,2025-05-26
B0CNPSLKVX,2025-06-23
B0CNPSLKVX,2025-07-21
B0CNPSLKVX,2025-08-18
B0CNPSLKVX,2025-09-15
B0CNPSLKVX,2025-10-13
B0CNPSLKVX,2025-11-10
B0CNPSLKVX,2025-12-08
B0CNPSLKVX,2026-01-05
B0CNPSLKVX,2026-02-02
B0CNPSLKVX,2026-03-02
B0CNPST479,2025-04-28
B0CNPST479,2025-05-26
B0CNPST479,2025-06-23
B0CNPST479,2025-07-21
B0CNPST479,2025-08-18
B0CNPST479,2025-09-15
B0CNPST479,2025-10-13
B0CNPST479,2025-11-10
B0CNPST479,2025-12-08
B0CNPST479,2026-01-05
B0CNPST479,2026-02-02
B0CNPST479,2026-03-02
B0CNSQ6X6K,2025-04-28
B0CNSQ6X6K,2025-05-26
B0CNSQ6X6K,2025-06-23
B0CNSQ6X6K,2025-07-21
B0CNSQ6X6K,2025-08-18
B0CNSQ6X6K,2025-09-15
B0CNSQ6X6K,2025-10-13
B0CNSQ6X6K,2025-11-10
B0CNSQ6X6K,2025-12-08
B0CNSQ6X6K,2026-01-05
B0CNSQ6X6K,2026-02-02
B0CNSQ6X6K,2026-03-02
B0CNTZJVDV,2025-04-28
B0CNTZJVDV,2025-05-26
B0CNTZJVDV,2025-06-23
B0CNTZJVDV,2025-07-21
B0CNTZJVDV,2025-08-18
B0CNTZJVDV,2025-09-15
B0CNTZJVDV,2025-10-13
B0CNTZJVDV,2025-11-10
B0CNTZJVDV,2025-12-08
B0CNTZJVDV,2026-01-05
B0CNTZJVDV,2026-02-02
B0CNTZJVDV,2026-03-02
B0CNZ12P48,2025-04-28
B0CNZ12P48,2025-05-26
B0CNZ12P48,2025-06-23
B0CNZ12P48,2025-07-21
B0CNZ12P48,2025-08-18
B0CNZ12P48,2025-09-15
B0CNZ12P48,2025-10-13
B0CNZ12P48,2025-11-10
B0CNZ12P48,2025-12-08
B0CNZ12P48,2026-01-05
B0CNZ12P48,2026-02-02
B0CNZ12P48,2026-03-02
B0CP743CQ4,2025-04-28
B0CP743CQ4,2025-05-26
B0CP743CQ4,2025-06-23
B0CP743CQ4,2025-07-21
B0CP743CQ4,2025-08-18
B0CP743CQ4,2025-09-15
B0CP743CQ4,2025-10-13
B0CP743CQ4,2025-11-10
B0CP743CQ4,2025-12-08
B0CP743CQ4,2026-01-05
B0CP743CQ4,2026-02-02
B0CP743CQ4,2026-03-02
B0CP7T3VV7,2025-04-28
B0CP7T3VV7,2025-05-26
B0CP7T3VV7,2025-06-23
B0CP7T3VV7,2025-07-21
B0CP7T3VV7,2025-08-18
B0CP7T3VV7,2025-09-15
B0CP7T3VV7,2025-10-13
B0CP7T3VV7,2025-11-10
B0CP7T3VV7,2025-12-08
B0CP7T3VV7,2026-01-05
B0CP7T3VV7,2026-02-02
B0CP7T3VV7,2026-03-02
B0CP8QM4WK,2025-04-28
B0CP8QM4WK,2025-05-26
B0CP8QM4WK,2025-06-23
B0CP8QM4WK,2025-07-21
B0CP8QM4WK,2025-08-18
B0CP8QM4WK,2025-09-15
B0CP8QM4WK,2025-10-13
B0CP8QM4WK,2025-11-10
B0CP8QM4WK,2025-12-08
B0CP8QM4WK,2026-01-05
B0CP8QM4WK,2026-02-02
B0CP8QM4WK,2026-03-02
B0CP92PJGR,2025-04-28
B0CP92PJGR,2025-05-26
B0CP92PJGR,2025-06-23
B0CP92PJGR,2025-07-21
B0CP92PJGR,2025-08-18
B0CP92PJGR,2025-09-15
B0CP92PJGR,2025-10-13
B0CP92PJGR,2025-11-10
B0CP92PJGR,2025-12-08
B0CP92PJGR,2026-01-05
B0CP92PJGR,2026-02-02
B0CP92PJGR,2026-03-02
B0CPDW6J7J,2025-04-28
B0CPDW6J7J,2025-05-26
B0CPDW6J7J,2025-06-23
B0CPDW6J7J,2025-07-21
B0CPDW6J7J,2025-08-18
B0CPDW6J7J,2025-09-15
B0CPDW6J7J,2025-10-13
B0CPDW6J7J,2025-11-10
B0CPDW6J7J,2025-12-08
B0CPDW6J7J,2026-01-05
B0CPDW6J7J,2026-02-02
B0CPDW6J7J,2026-03-02
B0CPF2981W,2025-04-28
B0CPF2981W,2025-05-26
B0CPF2981W,2025-06-23
B0CPF2981W,2025-07-21
B0CPF2981W,2025-08-18
B0CPF2981W,2025-09-15
B0CPF2981W,2025-10-13
B0CPF2981W,2025-11-10
B0CPF2981W,2025-12-08
B0CPF2981W,2026-01-05
B0CPF2981W,2026-02-02
B0CPF2981W,2026-03-02
B0CPJDGXT8,2025-04-28
B0CPJDGXT8,2025-05-26
B0CPJDGXT8,2025-06-23
B0CPJDGXT8,2025-07-21
B0CPJDGXT8,2025-08-18
B0CPJDGXT8,2025-09-15
B0CPJDGXT8,2025-10-13
B0CPJDGXT8,2025-11-10
B0CPJDGXT8,2025-12-08
B0CPJDGXT8,2026-01-05
B0CPJDGXT8,2026-02-02
B0CPJDGXT8,2026-03-02
B0CPJR618C,2025-04-28
B0CPJR618C,2025-05-26
B0CPJR618C,2025-06-23
B0CPJR618C,2025-07-21
B0CPJR618C,2025-08-18
B0CPJR618C,2025-09-15
B0CPJR618C,2025-10-13
B0CPJR618C,2025-11-10
B0CPJR618C,2025-12-08
B0CPJR618C,2026-01-05
B0CPJR618C,2026-02-02
B0CPJR618C,2026-03-02
B0CPLX81KY,2025-04-28
B0CPLX81KY,2025-05-26
B0CPLX81KY,2025-06-23
B0CPLX81KY,2025-07-21
B0CPLX81KY,2025-08-18
B0CPLX81KY,2025-09-15
B0CPLX81KY,2025-10-13
B0CPLX81KY,2025-11-10
B0CPLX81KY,2025-12-08
B0CPLX81KY,2026-01-05
B0CPLX81KY,2026-02-02
B0CPLX81KY,2026-03-02
B0CPNHPV9T,2025-04-28
B0CPNHPV9T,2025-05-26
B0CPNHPV9T,2025-06-23
B0CPNHPV9T,2025-07-21
B0CPNHPV9T,2025-08-18
B0CPNHPV9T,2025-09-15
B0CPNHPV9T,2025-10-13
B0CPNHPV9T,2025-11-10
B0CPNHPV9T,2025-12-08
B0CPNHPV9T,2026-01-05
B0CPNHPV9T,2026-02-02
B0CPNHPV9T,2026-03-02
B0CPP361T4,2025-04-28
B0CPP361T4,2025-05-26
B0CPP361T4,2025-06-23
B0CPP361T4,2025-07-21
B0CPP361T4,2025-08-18
B0CPP361T4,2025-09-15
B0CPP361T4,2025-10-13
B0CPP361T4,2025-11-10
B0CPP361T4,2025-12-08
B0CPP361T4,2026-01-05
B0CPP361T4,2026-02-02
B0CPP361T4,2026-03-02
B0CPP5B57S,2025-04-28
B0CPP5B57S,2025-05-26
B0CPP5B57S,2025-06-23
B0CPP5B57S,2025-07-21
B0CPP5B57S,2025-08-18
B0CPP5B57S,2025-09-15
B0CPP5B57S,2025-10-13
B0CPP5B57S,2025-11-10
B0CPP5B57S,2025-12-08
B0CPP5B57S,2026-01-05
B0CPP5B57S,2026-02-02
B0CPP5B57S,2026-03-02
B0CPP5GGY5,2025-04-28
B0CPP5GGY5,2025-05-26
B0CPP5GGY5,2025-06-23
B0CPP5GGY5,2025-07-21
B0CPP5GGY5,2025-08-18
B0CPP5GGY5,2025-09-15
B0CPP5GGY5,2025-10-13
B0CPP5GGY5,2025-11-10
B0CPP5GGY5,2025-12-08
B0CPP5GGY5,2026-01-05
B0CPP5GGY5,2026-02-02
B0CPP5GGY5,2026-03-02
B0CPP855DV,2025-04-28
B0CPP855DV,2025-05-26
B0CPP855DV,2025-06-23
B0CPP855DV,2025-07-21
B0CPP855DV,2025-08-18
B0CPP855DV,2025-09-15
B0CPP855DV,2025-10-13
B0CPP855DV,2025-11-10
B0CPP855DV,2025-12-08
B0CPP855DV,2026-01-05
B0CPP855DV,2026-02-02
B0CPP855DV,2026-03-02
B0CQ1QHT8V,2025-04-28
B0CQ1QHT8V,2025-05-26
B0CQ1QHT8V,2025-06-23
B0CQ1QHT8V,2025-07-21
B0CQ1QHT8V,2025-08-18
B0CQ1QHT8V,2025-09-15
B0CQ1QHT8V,2025-10-13
B0CQ1QHT8V,2025-11-10
B0CQ1QHT8V,2025-12-08
B0CQ1QHT8V,2026-01-05
B0CQ1QHT8V,2026-02-02
B0CQ1QHT8V,2026-03-02
B0CQ2124LR,2025-04-28
B0CQ2124LR,2025-05-26
B0CQ2124LR,2025-06-23
B0CQ2124LR,2025-07-21
B0CQ2124LR,2025-08-18
B0CQ2124LR,2025-09-15
B0CQ2124LR,2025-10-13
B0CQ2124LR,2025-11-10
B0CQ2124LR,2025-12-08
B0CQ2124LR,2026-01-05
B0CQ2124LR,2026-02-02
B0CQ2124LR,2026-03-02
B0CQ6WTSXM,2025-04-28
B0CQ6WTSXM,2025-05-26
B0CQ6WTSXM,2025-06-23
B0CQ6WTSXM,2025-07-21
B0CQ6WTSXM,2025-08-18
B0CQ6WTSXM,2025-09-15
B0CQ6WTSXM,2025-10-13
B0CQ6WTSXM,2025-11-10
B0CQ6WTSXM,2025-12-08
B0CQ6WTSXM,2026-01-05
B0CQ6WTSXM,2026-02-02
B0CQ6WTSXM,2026-03-02
B0CQ7KS7HN,2025-04-28
B0CQ7KS7HN,2025-05-26
B0CQ7KS7HN,2025-06-23
B0CQ7KS7HN,2025-07-21
B0CQ7KS7HN,2025-08-18
B0CQ7KS7HN,2025-09-15
B0CQ7KS7HN,2025-10-13
B0CQ7KS7HN,2025-11-10
B0CQ7KS7HN,2025-12-08
B0CQ7KS7HN,2026-01-05
B0CQ7KS7HN,2026-02-02
B0CQ7KS7HN,2026-03-02
B0CQF8CCQM,2025-04-28
B0CQF8CCQM,2025-05-26
B0CQF8CCQM,2025-06-23
B0CQF8CCQM,2025-07-21
B0CQF8CCQM,2025-08-18
B0CQF8CCQM,2025-09-15
B0CQF8CCQM,2025-10-13
B0CQF8CCQM,2025-11-10
B0CQF8CCQM,2025-12-08
B0CQF8CCQM,2026-01-05
B0CQF8CCQM,2026-02-02
B0CQF8CCQM,2026-03-02
B0CQK2S264,2025-04-28
B0CQK2S264,2025-05-26
B0CQK2S264,2025-06-23
B0CQK2S264,2025-07-21
B0CQK2S264,2025-08-18
B0CQK2S264,2025-09-15
B0CQK2S264,2025-10-13
B0CQK2S264,2025-11-10
B0CQK2S264,2025-12-08
B0CQK2S264,2026-01-05
B0CQK2S264,2026-02-02
B0CQK2S264,2026-03-02
B0CQMMJWZC,2025-04-28
B0CQMMJWZC,2025-05-26
B0CQMMJWZC,2025-06-23
B0CQMMJWZC,2025-07-21
B0CQMMJWZC,2025-08-18
B0CQMMJWZC,2025-09-15
B0CQMMJWZC,2025-10-13
B0CQMMJWZC,2025-11-10
B0CQMMJWZC,2025-12-08
B0CQMMJWZC,2026-01-05
B0CQMMJWZC,2026-02-02
B0CQMMJWZC,2026-03-02
B0CQMPDNFP,2025-04-28
B0CQMPDNFP,2025-05-26
B0CQMPDNFP,2025-06-23
B0CQMPDNFP,2025-07-21
B0CQMPDNFP,2025-08-18
B0CQMPDNFP,2025-09-15
B0CQMPDNFP,2025-10-13
B0CQMPDNFP,2025-11-10
B0CQMPDNFP,2025-12-08
B0CQMPDNFP,2026-01-05
B0CQMPDNFP,2026-02-02
B0CQMPDNFP,2026-03-02
B0CQMS2VWT,2025-04-28
B0CQMS2VWT,2025-05-26
B0CQMS2VWT,2025-06-23
B0CQMS2VWT,2025-07-21
B0CQMS2VWT,2025-08-18
B0CQMS2VWT,2025-09-15
B0CQMS2VWT,2025-10-13
B0CQMS2VWT,2025-11-10
B0CQMS2VWT,2025-12-08
B0CQMS2VWT,2026-01-05
B0CQMS2VWT,2026-02-02
B0CQMS2VWT,2026-03-02
B0CQN1KS65,2025-04-28
B0CQN1KS65,2025-05-26
B0CQN1KS65,2025-06-23
B0CQN1KS65,2025-07-21
B0CQN1KS65,2025-08-18
B0CQN1KS65,2025-09-15
B0CQN1KS65,2025-10-13
B0CQN1KS65,2025-11-10
B0CQN1KS65,2025-12-08
B0CQN1KS65,2026-01-05
B0CQN1KS65,2026-02-02
B0CQN1KS65,2026-03-02
B0CQQ13K4Z,2025-04-28
B0CQQ13K4Z,2025-05-26
B0CQQ13K4Z,2025-06-23
B0CQQ13K4Z,2025-07-21
B0CQQ13K4Z,2025-08-18
B0CQQ13K4Z,2025-09-15
B0CQQ13K4Z,2025-10-13
B0CQQ13K4Z,2025-11-10
B0CQQ13K4Z,2025-12-08
B0CQQ13K4Z,2026-01-05
B0CQQ13K4Z,2026-02-02
B0CQQ13K4Z,2026-03-02
B0CQSYJ6H8,2025-04-28
B0CQSYJ6H8,2025-05-26
B0CQSYJ6H8,2025-06-23
B0CQSYJ6H8,2025-07-21
B0CQSYJ6H8,2025-08-18
B0CQSYJ6H8,2025-09-15
B0CQSYJ6H8,2025-10-13
B0CQSYJ6H8,2025-11-10
B0CQSYJ6H8,2025-12-08
B0CQSYJ6H8,2026-01-05
B0CQSYJ6H8,2026-02-02
B0CQSYJ6H8,2026-03-02
B0CQSZYB1H,2025-04-28
B0CQSZYB1H,2025-05-26
B0CQSZYB1H,2025-06-23
B0CQSZYB1H,2025-07-21
B0CQSZYB1H,2025-08-18
B0CQSZYB1H,2025-09-15
B0CQSZYB1H,2025-10-13
B0CQSZYB1H,2025-11-10
B0CQSZYB1H,2025-12-08
B0CQSZYB1H,2026-01-05
B0CQSZYB1H,2026-02-02
B0CQSZYB1H,2026-03-02
B0CQVY6GXC,2025-04-28
B0CQVY6GXC,2025-05-26
B0CQVY6GXC,2025-06-23
B0CQVY6GXC,2025-07-21
B0CQVY6GXC,2025-08-18
B0CQVY6GXC,2025-09-15
B0CQVY6GXC,2025-10-13
B0CQVY6GXC,2025-11-10
B0CQVY6GXC,2025-12-08
B0CQVY6GXC,2026-01-05
B0CQVY6GXC,2026-02-02
B0CQVY6GXC,2026-03-02
B0CQW7YZ1H,2025-04-28
B0CQW7YZ1H,2025-05-26
B0CQW7YZ1H,2025-06-23
B0CQW7YZ1H,2025-07-21
B0CQW7YZ1H,2025-08-18
B0CQW7YZ1H,2025-09-15
B0CQW7YZ1H,2025-10-13
B0CQW7YZ1H,2025-11-10
B0CQW7YZ1H,2025-12-08
B0CQW7YZ1H,2026-01-05
B0CQW7YZ1H,2026-02-02
B0CQW7YZ1H,2026-03-02
B0CQYF6RKC,2025-04-28
B0CQYF6RKC,2025-05-26
B0CQYF6RKC,2025-06-23
B0CQYF6RKC,2025-07-21
B0CQYF6RKC,2025-08-18
B0CQYF6RKC,2025-09-15
B0CQYF6RKC,2025-10-13
B0CQYF6RKC,2025-11-10
B0CQYF6RKC,2025-12-08
B0CQYF6RKC,2026-01-05
B0CQYF6RKC,2026-02-02
B0CQYF6RKC,2026-03-02
B0CQYGD34B,2025-04-28
B0CQYGD34B,2025-05-26
B0CQYGD34B,2025-06-23
B0CQYGD34B,2025-07-21
B0CQYGD34B,2025-08-18
B0CQYGD34B,2025-09-15
B0CQYGD34B,2025-10-13
B0CQYGD34B,2025-11-10
B0CQYGD34B,2025-12-08
B0CQYGD34B,2026-01-05
B0CQYGD34B,2026-02-02
B0CQYGD34B,2026-03-02
B0CQZFPNNC,2025-04-28
B0CQZFPNNC,2025-05-26
B0CQZFPNNC,2025-06-23
B0CQZFPNNC,2025-07-21
B0CQZFPNNC,2025-08-18
B0CQZFPNNC,2025-09-15
B0CQZFPNNC,2025-10-13
B0CQZFPNNC,2025-11-10
B0CQZFPNNC,2025-12-08
B0CQZFPNNC,2026-01-05
B0CQZFPNNC,2026-02-02
B0CQZFPNNC,2026-03-02
B0CR193BNX,2025-04-28
B0CR193BNX,2025-05-26
B0CR193BNX,2025-06-23
B0CR193BNX,2025-07-21
B0CR193BNX,2025-08-18
B0CR193BNX,2025-09-15
B0CR193BNX,2025-10-13
B0CR193BNX,2025-11-10
B0CR193BNX,2025-12-08
B0CR193BNX,2026-01-05
B0CR193BNX,2026-02-02
B0CR193BNX,2026-03-02
B0CR1BJ98W,2025-04-28
B0CR1BJ98W,2025-05-26
B0CR1BJ98W,2025-06-23
B0CR1BJ98W,2025-07-21
B0CR1BJ98W,2025-08-18
B0CR1BJ98W,2025-09-15
B0CR1BJ98W,2025-10-13
B0CR1BJ98W,2025-11-10
B0CR1BJ98W,2025-12-08
B0CR1BJ98W,2026-01-05
B0CR1BJ98W,2026-02-02
B0CR1BJ98W,2026-03-02
B0CR2YYQGT,2025-04-28
B0CR2YYQGT,2025-05-26
B0CR2YYQGT,2025-06-23
B0CR2YYQGT,2025-07-21
B0CR2YYQGT,2025-08-18
B0CR2YYQGT,2025-09-15
B0CR2YYQGT,2025-10-13
B0CR2YYQGT,2025-11-10
B0CR2YYQGT,2025-12-08
B0CR2YYQGT,2026-01-05
B0CR2YYQGT,2026-02-02
B0CR2YYQGT,2026-03-02
B0CR3VGGRQ,2025-04-28
B0CR3VGGRQ,2025-05-26
B0CR3VGGRQ,2025-06-23
B0CR3VGGRQ,2025-07-21
B0CR3VGGRQ,2025-08-18
B0CR3VGGRQ,2025-09-15
B0CR3VGGRQ,2025-10-13
B0CR3VGGRQ,2025-11-10
B0CR3VGGRQ,2025-12-08
B0CR3VGGRQ,2026-01-05
B0CR3VGGRQ,2026-02-02
B0CR3VGGRQ,2026-03-02
B0CR3Z2JHK,2025-04-28
B0CR3Z2JHK,2025-05-26
B0CR3Z2JHK,2025-06-23
B0CR3Z2JHK,2025-07-21
B0CR3Z2JHK,2025-08-18
B0CR3Z2JHK,2025-09-15
B0CR3Z2JHK,2025-10-13
B0CR3Z2JHK,2025-11-10
B0CR3Z2JHK,2025-12-08
B0CR3Z2JHK,2026-01-05
B0CR3Z2JHK,2026-02-02
B0CR3Z2JHK,2026-03-02
B0CR411LGN,2025-04-28
B0CR411LGN,2025-05-26
B0CR411LGN,2025-06-23
B0CR411LGN,2025-07-21
B0CR411LGN,2025-08-18
B0CR411LGN,2025-09-15
B0CR411LGN,2025-10-13
B0CR411LGN,2025-11-10
B0CR411LGN,2025-12-08
B0CR411LGN,2026-01-05
B0CR411LGN,2026-02-02
B0CR411LGN,2026-03-02
B0CR6BDWPJ,2025-04-28
B0CR6BDWPJ,2025-05-26
B0CR6BDWPJ,2025-06-23
B0CR6BDWPJ,2025-07-21
B0CR6BDWPJ,2025-08-18
B0CR6BDWPJ,2025-09-15
B0CR6BDWPJ,2025-10-13
B0CR6BDWPJ,2025-11-10
B0CR6BDWPJ,2025-12-08
B0CR6BDWPJ,2026-01-05
B0CR6BDWPJ,2026-02-02
B0CR6BDWPJ,2026-03-02
B0CRJTYPDT,2025-04-28
B0CRJTYPDT,2025-05-26
B0CRJTYPDT,2025-06-23
B0CRJTYPDT,2025-07-21
B0CRJTYPDT,2025-08-18
B0CRJTYPDT,2025-09-15
B0CRJTYPDT,2025-10-13
B0CRJTYPDT,2025-11-10
B0CRJTYPDT,2025-12-08
B0CRJTYPDT,2026-01-05
B0CRJTYPDT,2026-02-02
B0CRJTYPDT,2026-03-02
B0CRLFPVG1,2025-04-28
B0CRLFPVG1,2025-05-26
B0CRLFPVG1,2025-06-23
B0CRLFPVG1,2025-07-21
B0CRLFPVG1,2025-08-18
B0CRLFPVG1,2025-09-15
B0CRLFPVG1,2025-10-13
B0CRLFPVG1,2025-11-10
B0CRLFPVG1,2025-12-08
B0CRLFPVG1,2026-01-05
B0CRLFPVG1,2026-02-02
B0CRLFPVG1,2026-03-02
B0CRLGT2K1,2025-04-28
B0CRLGT2K1,2025-05-26
B0CRLGT2K1,2025-06-23
B0CRLGT2K1,2025-07-21
B0CRLGT2K1,2025-08-18
B0CRLGT2K1,2025-09-15
B0CRLGT2K1,2025-10-13
B0CRLGT2K1,2025-11-10
B0CRLGT2K1,2025-12-08
B0CRLGT2K1,2026-01-05
B0CRLGT2K1,2026-02-02
B0CRLGT2K1,2026-03-02
B0CRR5N7S1,2025-04-28
B0CRR5N7S1,2025-05-26
B0CRR5N7S1,2025-06-23
B0CRR5N7S1,2025-07-21
B0CRR5N7S1,2025-08-18
B0CRR5N7S1,2025-09-15
B0CRR5N7S1,2025-10-13
B0CRR5N7S1,2025-11-10
B0CRR5N7S1,2025-12-08
B0CRR5N7S1,2026-01-05
B0CRR5N7S1,2026-02-02
B0CRR5N7S1,2026-03-02
B0CRVPSSP9,2025-04-28
B0CRVPSSP9,2025-05-26
B0CRVPSSP9,2025-06-23
B0CRVPSSP9,2025-07-21
B0CRVPSSP9,2025-08-18
B0CRVPSSP9,2025-09-15
B0CRVPSSP9,2025-10-13
B0CRVPSSP9,2025-11-10
B0CRVPSSP9,2025-12-08
B0CRVPSSP9,2026-01-05
B0CRVPSSP9,2026-02-02
B0CRVPSSP9,2026-03-02
B0CRYV1MXL,2025-04-28
B0CRYV1MXL,2025-05-26
B0CRYV1MXL,2025-06-23
B0CRYV1MXL,2025-07-21
B0CRYV1MXL,2025-08-18
B0CRYV1MXL,2025-09-15
B0CRYV1MXL,2025-10-13
B0CRYV1MXL,2025-11-10
B0CRYV1MXL,2025-12-08
B0CRYV1MXL,2026-01-05
B0CRYV1MXL,2026-02-02
B0CRYV1MXL,2026-03-02
B0CS6C8BLY,2025-04-28
B0CS6C8BLY,2025-05-26
B0CS6C8BLY,2025-06-23
B0CS6C8BLY,2025-07-21
B0CS6C8BLY,2025-08-18
B0CS6C8BLY,2025-09-15
B0CS6C8BLY,2025-10-13
B0CS6C8BLY,2025-11-10
B0CS6C8BLY,2025-12-08
B0CS6C8BLY,2026-01-05
B0CS6C8BLY,2026-02-02
B0CS6C8BLY,2026-03-02
B0CS6V759T,2025-04-28
B0CS6V759T,2025-05-26
B0CS6V759T,2025-06-23
B0CS6V759T,2025-07-21
B0CS6V759T,2025-08-18
B0CS6V759T,2025-09-15
B0CS6V759T,2025-10-13
B0CS6V759T,2025-11-10
B0CS6V759T,2025-12-08
B0CS6V759T,2026-01-05
B0CS6V759T,2026-02-02
B0CS6V759T,2026-03-02
B0CSF73CKL,2025-04-28
B0CSF73CKL,2025-05-26
B0CSF73CKL,2025-06-23
B0CSF73CKL,2025-07-21
B0CSF73CKL,2025-08-18
B0CSF73CKL,2025-09-15
B0CSF73CKL,2025-10-13
B0CSF73CKL,2025-11-10
B0CSF73CKL,2025-12-08
B0CSF73CKL,2026-01-05
B0CSF73CKL,2026-02-02
B0CSF73CKL,2026-03-02
B0CSKQJKJP,2025-04-28
B0CSKQJKJP,2025-05-26
B0CSKQJKJP,2025-06-23
B0CSKQJKJP,2025-07-21
B0CSKQJKJP,2025-08-18
B0CSKQJKJP,2025-09-15
B0CSKQJKJP,2025-10-13
B0CSKQJKJP,2025-11-10
B0CSKQJKJP,2025-12-08
B0CSKQJKJP,2026-01-05
B0CSKQJKJP,2026-02-02
B0CSKQJKJP,2026-03-02
B0CSM5WRDX,2025-04-28
B0CSM5WRDX,2025-05-26
B0CSM5WRDX,2025-06-23
B0CSM5WRDX,2025-07-21
B0CSM5WRDX,2025-08-18
B0CSM5WRDX,2025-09-15
B0CSM5WRDX,2025-10-13
B0CSM5WRDX,2025-11-10
B0CSM5WRDX,2025-12-08
B0CSM5WRDX,2026-01-05
B0CSM5WRDX,2026-02-02
B0CSM5WRDX,2026-03-02
B0CSMHVR2R,2025-04-28
B0CSMHVR2R,2025-05-26
B0CSMHVR2R,2025-06-23
B0CSMHVR2R,2025-07-21
B0CSMHVR2R,2025-08-18
B0CSMHVR2R,2025-09-15
B0CSMHVR2R,2025-10-13
B0CSMHVR2R,2025-11-10
B0CSMHVR2R,2025-12-08
B0CSMHVR2R,2026-01-05
B0CSMHVR2R,2026-02-02
B0CSMHVR2R,2026-03-02
B0CT2H67K4,2025-04-28
B0CT2H67K4,2025-05-26
B0CT2H67K4,2025-06-23
B0CT2H67K4,2025-07-21
B0CT2H67K4,2025-08-18
B0CT2H67K4,2025-09-15
B0CT2H67K4,2025-10-13
B0CT2H67K4,2025-11-10
B0CT2H67K4,2025-12-08
B0CT2H67K4,2026-01-05
B0CT2H67K4,2026-02-02
B0CT2H67K4,2026-03-02
B0CT2JY4TJ,2025-04-28
B0CT2JY4TJ,2025-05-26
B0CT2JY4TJ,2025-06-23
B0CT2JY4TJ,2025-07-21
B0CT2JY4TJ,2025-08-18
B0CT2JY4TJ,2025-09-15
B0CT2JY4TJ,2025-10-13
B0CT2JY4TJ,2025-11-10
B0CT2JY4TJ,2025-12-08
B0CT2JY4TJ,2026-01-05
B0CT2JY4TJ,2026-02-02
B0CT2JY4TJ,2026-03-02
B0CT582YVL,2025-04-28
B0CT582YVL,2025-05-26
B0CT582YVL,2025-06-23
B0CT582YVL,2025-07-21
B0CT582YVL,2025-08-18
B0CT582YVL,2025-09-15
B0CT582YVL,2025-10-13
B0CT582YVL,2025-11-10
B0CT582YVL,2025-12-08
B0CT582YVL,2026-01-05
B0CT582YVL,2026-02-02
B0CT582YVL,2026-03-02
B0CT5M3LKB,2025-04-28
B0CT5M3LKB,2025-05-26
B0CT5M3LKB,2025-06-23
B0CT5M3LKB,2025-07-21
B0CT5M3LKB,2025-08-18
B0CT5M3LKB,2025-09-15
B0CT5M3LKB,2025-10-13
B0CT5M3LKB,2025-11-10
B0CT5M3LKB,2025-12-08
B0CT5M3LKB,2026-01-05
B0CT5M3LKB,2026-02-02
B0CT5M3LKB,2026-03-02
B0CT9HYWJZ,2025-04-28
B0CT9HYWJZ,2025-05-26
B0CT9HYWJZ,2025-06-23
B0CT9HYWJZ,2025-07-21
B0CT9HYWJZ,2025-08-18
B0CT9HYWJZ,2025-09-15
B0CT9HYWJZ,2025-10-13
B0CT9HYWJZ,2025-11-10
B0CT9HYWJZ,2025-12-08
B0CT9HYWJZ,2026-01-05
B0CT9HYWJZ,2026-02-02
B0CT9HYWJZ,2026-03-02
B0CT9K182F,2025-04-28
B0CT9K182F,2025-05-26
B0CT9K182F,2025-06-23
B0CT9K182F,2025-07-21
B0CT9K182F,2025-08-18
B0CT9K182F,2025-09-15
B0CT9K182F,2025-10-13
B0CT9K182F,2025-11-10
B0CT9K182F,2025-12-08
B0CT9K182F,2026-01-05
B0CT9K182F,2026-02-02
B0CT9K182F,2026-03-02
B0CTB747FV,2025-04-28
B0CTB747FV,2025-05-26
B0CTB747FV,2025-06-23
B0CTB747FV,2025-07-21
B0CTB747FV,2025-08-18
B0CTB747FV,2025-09-15
B0CTB747FV,2025-10-13
B0CTB747FV,2025-11-10
B0CTB747FV,2025-12-08
B0CTB747FV,2026-01-05
B0CTB747FV,2026-02-02
B0CTB747FV,2026-03-02
B0CTB9DK1N,2025-04-28
B0CTB9DK1N,2025-05-26
B0CTB9DK1N,2025-06-23
B0CTB9DK1N,2025-07-21
B0CTB9DK1N,2025-08-18
B0CTB9DK1N,2025-09-15
B0CTB9DK1N,2025-10-13
B0CTB9DK1N,2025-11-10
B0CTB9DK1N,2025-12-08
B0CTB9DK1N,2026-01-05
B0CTB9DK1N,2026-02-02
B0CTB9DK1N,2026-03-02
B0CTBGQ8RX,2025-04-28
B0CTBGQ8RX,2025-05-26
B0CTBGQ8RX,2025-06-23
B0CTBGQ8RX,2025-07-21
B0CTBGQ8RX,2025-08-18
B0CTBGQ8RX,2025-09-15
B0CTBGQ8RX,2025-10-13
B0CTBGQ8RX,2025-11-10
B0CTBGQ8RX,2025-12-08
B0CTBGQ8RX,2026-01-05
B0CTBGQ8RX,2026-02-02
B0CTBGQ8RX,2026-03-02
B0CTBH4HXW,2025-04-28
B0CTBH4HXW,2025-05-26
B0CTBH4HXW,2025-06-23
B0CTBH4HXW,2025-07-21
B0CTBH4HXW,2025-08-18
B0CTBH4HXW,2025-09-15
B0CTBH4HXW,2025-10-13
B0CTBH4HXW,2025-11-10
B0CTBH4HXW,2025-12-08
B0CTBH4HXW,2026-01-05
B0CTBH4HXW,2026-02-02
B0CTBH4HXW,2026-03-02
B0CTFBTTGC,2025-04-28
B0CTFBTTGC,2025-05-26
B0CTFBTTGC,2025-06-23
B0CTFBTTGC,2025-07-21
B0CTFBTTGC,2025-08-18
B0CTFBTTGC,2025-09-15
B0CTFBTTGC,2025-10-13
B0CTFBTTGC,2025-11-10
B0CTFBTTGC,2025-12-08
B0CTFBTTGC,2026-01-05
B0CTFBTTGC,2026-02-02
B0CTFBTTGC,2026-03-02
B0CTLQVC7Q,2025-04-28
B0CTLQVC7Q,2025-05-26
B0CTLQVC7Q,2025-06-23
B0CTLQVC7Q,2025-07-21
B0CTLQVC7Q,2025-08-18
B0CTLQVC7Q,2025-09-15
B0CTLQVC7Q,2025-10-13
B0CTLQVC7Q,2025-11-10
B0CTLQVC7Q,2025-12-08
B0CTLQVC7Q,2026-01-05
B0CTLQVC7Q,2026-02-02
B0CTLQVC7Q,2026-03-02
B0CTR134DC,2025-04-28
B0CTR134DC,2025-05-26
B0CTR134DC,2025-06-23
B0CTR134DC,2025-07-21
B0CTR134DC,2025-08-18
B0CTR134DC,2025-09-15
B0CTR134DC,2025-10-13
B0CTR134DC,2025-11-10
B0CTR134DC,2025-12-08
B0CTR134DC,2026-01-05
B0CTR134DC,2026-02-02
B0CTR134DC,2026-03-02
B0CTR1Z4S5,2025-04-28
B0CTR1Z4S5,2025-05-26
B0CTR1Z4S5,2025-06-23
B0CTR1Z4S5,2025-07-21
B0CTR1Z4S5,2025-08-18
B0CTR1Z4S5,2025-09-15
B0CTR1Z4S5,2025-10-13
B0CTR1Z4S5,2025-11-10
B0CTR1Z4S5,2025-12-08
B0CTR1Z4S5,2026-01-05
B0CTR1Z4S5,2026-02-02
B0CTR1Z4S5,2026-03-02
B0CV1RMX1F,2025-04-28
B0CV1RMX1F,2025-05-26
B0CV1RMX1F,2025-06-23
B0CV1RMX1F,2025-07-21
B0CV1RMX1F,2025-08-18
B0CV1RMX1F,2025-09-15
B0CV1RMX1F,2025-10-13
B0CV1RMX1F,2025-11-10
B0CV1RMX1F,2025-12-08
B0CV1RMX1F,2026-01-05
B0CV1RMX1F,2026-02-02
B0CV1RMX1F,2026-03-02
B0CVXTP57P,2025-04-28
B0CVXTP57P,2025-05-26
B0CVXTP57P,2025-06-23
B0CVXTP57P,2025-07-21
B0CVXTP57P,2025-08-18
B0CVXTP57P,2025-09-15
B0CVXTP57P,2025-10-13
B0CVXTP57P,2025-11-10
B0CVXTP57P,2025-12-08
B0CVXTP57P,2026-01-05
B0CVXTP57P,2026-02-02
B0CVXTP57P,2026-03-02
B0CW3RVS6Z,2025-04-28
B0CW3RVS6Z,2025-05-26
B0CW3RVS6Z,2025-06-23
B0CW3RVS6Z,2025-07-21
B0CW3RVS6Z,2025-08-18
B0CW3RVS6Z,2025-09-15
B0CW3RVS6Z,2025-10-13
B0CW3RVS6Z,2025-11-10
B0CW3RVS6Z,2025-12-08
B0CW3RVS6Z,2026-01-05
B0CW3RVS6Z,2026-02-02
B0CW3RVS6Z,2026-03-02
B0CW8HXDQG,2025-04-28
B0CW8HXDQG,2025-05-26
B0CW8HXDQG,2025-06-23
B0CW8HXDQG,2025-07-21
B0CW8HXDQG,2025-08-18
B0CW8HXDQG,2025-09-15
B0CW8HXDQG,2025-10-13
B0CW8HXDQG,2025-11-10
B0CW8HXDQG,2025-12-08
B0CW8HXDQG,2026-01-05
B0CW8HXDQG,2026-02-02
B0CW8HXDQG,2026-03-02
B0CWFGYXKV,2025-04-28
B0CWFGYXKV,2025-05-26
B0CWFGYXKV,2025-06-23
B0CWFGYXKV,2025-07-21
B0CWFGYXKV,2025-08-18
B0CWFGYXKV,2025-09-15
B0CWFGYXKV,2025-10-13
B0CWFGYXKV,2025-11-10
B0CWFGYXKV,2025-12-08
B0CWFGYXKV,2026-01-05
B0CWFGYXKV,2026-02-02
B0CWFGYXKV,2026-03-02
B0CWSB18JK,2025-04-28
B0CWSB18JK,2025-05-26
B0CWSB18JK,2025-06-23
B0CWSB18JK,2025-07-21
B0CWSB18JK,2025-08-18
B0CWSB18JK,2025-09-15
B0CWSB18JK,2025-10-13
B0CWSB18JK,2025-11-10
B0CWSB18JK,2025-12-08
B0CWSB18JK,2026-01-05
B0CWSB18JK,2026-02-02
B0CWSB18JK,2026-03-02
B0CXJMYYSJ,2025-04-28
B0CXJMYYSJ,2025-05-26
B0CXJMYYSJ,2025-06-23
B0CXJMYYSJ,2025-07-21
B0CXJMYYSJ,2025-08-18
B0CXJMYYSJ,2025-09-15
B0CXJMYYSJ,2025-10-13
B0CXJMYYSJ,2025-11-10
B0CXJMYYSJ,2025-12-08
B0CXJMYYSJ,2026-01-05
B0CXJMYYSJ,2026-02-02
B0CXJMYYSJ,2026-03-02
B0CY84R9J3,2025-04-28
B0CY84R9J3,2025-05-26
B0CY84R9J3,2025-06-23
B0CY84R9J3,2025-07-21
B0CY84R9J3,2025-08-18
B0CY84R9J3,2025-09-15
B0CY84R9J3,2025-10-13
B0CY84R9J3,2025-11-10
B0CY84R9J3,2025-12-08
B0CY84R9J3,2026-01-05
B0CY84R9J3,2026-02-02
B0CY84R9J3,2026-03-02
B0CY863Z7T,2025-04-28
B0CY863Z7T,2025-05-26
B0CY863Z7T,2025-06-23
B0CY863Z7T,2025-07-21
B0CY863Z7T,2025-08-18
B0CY863Z7T,2025-09-15
B0CY863Z7T,2025-10-13
B0CY863Z7T,2025-11-10
B0CY863Z7T,2025-12-08
B0CY863Z7T,2026-01-05
B0CY863Z7T,2026-02-02
B0CY863Z7T,2026-03-02
B0CYL3D5JM,2025-04-28
B0CYL3D5JM,2025-05-26
B0CYL3D5JM,2025-06-23
B0CYL3D5JM,2025-07-21
B0CYL3D5JM,2025-08-18
B0CYL3D5JM,2025-09-15
B0CYL3D5JM,2025-10-13
B0CYL3D5JM,2025-11-10
B0CYL3D5JM,2025-12-08
B0CYL3D5JM,2026-01-05
B0CYL3D5JM,2026-02-02
B0CYL3D5JM,2026-03-02
B0CZ8JZLKZ,2025-04-28
B0CZ8JZLKZ,2025-05-26
B0CZ8JZLKZ,2025-06-23
B0CZ8JZLKZ,2025-07-21
B0CZ8JZLKZ,2025-08-18
B0CZ8JZLKZ,2025-09-15
B0CZ8JZLKZ,2025-10-13
B0CZ8JZLKZ,2025-11-10
B0CZ8JZLKZ,2025-12-08
B0CZ8JZLKZ,2026-01-05
B0CZ8JZLKZ,2026-02-02
B0CZ8JZLKZ,2026-03-02
B0CZD623JL,2025-04-28
B0CZD623JL,2025-05-26
B0CZD623JL,2025-06-23
B0CZD623JL,2025-07-21
B0CZD623JL,2025-08-18
B0CZD623JL,2025-09-15
B0CZD623JL,2025-10-13
B0CZD623JL,2025-11-10
B0CZD623JL,2025-12-08
B0CZD623JL,2026-01-05
B0CZD623JL,2026-02-02
B0CZD623JL,2026-03-02
B0CZDP1NPX,2025-04-28
B0CZDP1NPX,2025-05-26
B0CZDP1NPX,2025-06-23
B0CZDP1NPX,2025-07-21
B0CZDP1NPX,2025-08-18
B0CZDP1NPX,2025-09-15
B0CZDP1NPX,2025-10-13
B0CZDP1NPX,2025-11-10
B0CZDP1NPX,2025-12-08
B0CZDP1NPX,2026-01-05
B0CZDP1NPX,2026-02-02
B0CZDP1NPX,2026-03-02
B0CZHJW2C6,2025-04-28
B0CZHJW2C6,2025-05-26
B0CZHJW2C6,2025-06-23
B0CZHJW2C6,2025-07-21
B0CZHJW2C6,2025-08-18
B0CZHJW2C6,2025-09-15
B0CZHJW2C6,2025-10-13
B0CZHJW2C6,2025-11-10
B0CZHJW2C6,2025-12-08
B0CZHJW2C6,2026-01-05
B0CZHJW2C6,2026-02-02
B0CZHJW2C6,2026-03-02
B0CZHS78LV,2025-04-28
B0CZHS78LV,2025-05-26
B0CZHS78LV,2025-06-23
B0CZHS78LV,2025-07-21
B0CZHS78LV,2025-08-18
B0CZHS78LV,2025-09-15
B0CZHS78LV,2025-10-13
B0CZHS78LV,2025-11-10
B0CZHS78LV,2025-12-08
B0CZHS78LV,2026-01-05
B0CZHS78LV,2026-02-02
B0CZHS78LV,2026-03-02
B0CZJGNNCR,2025-04-28
B0CZJGNNCR,2025-05-26
B0CZJGNNCR,2025-06-23
B0CZJGNNCR,2025-07-21
B0CZJGNNCR,2025-08-18
B0CZJGNNCR,2025-09-15
B0CZJGNNCR,2025-10-13
B0CZJGNNCR,2025-11-10
B0CZJGNNCR,2025-12-08
B0CZJGNNCR,2026-01-05
B0CZJGNNCR,2026-02-02
B0CZJGNNCR,2026-03-02
B0CZJJNJMB,2025-04-28
B0CZJJNJMB,2025-05-26
B0CZJJNJMB,2025-06-23
B0CZJJNJMB,2025-07-21
B0CZJJNJMB,2025-08-18
B0CZJJNJMB,2025-09-15
B0CZJJNJMB,2025-10-13
B0CZJJNJMB,2025-11-10
B0CZJJNJMB,2025-12-08
B0CZJJNJMB,2026-01-05
B0CZJJNJMB,2026-02-02
B0CZJJNJMB,2026-03-02
B0D127CB2D,2025-04-28
B0D127CB2D,2025-05-26
B0D127CB2D,2025-06-23
B0D127CB2D,2025-07-21
B0D127CB2D,2025-08-18
B0D127CB2D,2025-09-15
B0D127CB2D,2025-10-13
B0D127CB2D,2025-11-10
B0D127CB2D,2025-12-08
B0D127CB2D,2026-01-05
B0D127CB2D,2026-02-02
B0D127CB2D,2026-03-02
B0D12GM99X,2025-04-28
B0D12GM99X,2025-05-26
B0D12GM99X,2025-06-23
B0D12GM99X,2025-07-21
B0D12GM99X,2025-08-18
B0D12GM99X,2025-09-15
B0D12GM99X,2025-10-13
B0D12GM99X,2025-11-10
B0D12GM99X,2025-12-08
B0D12GM99X,2026-01-05
B0D12GM99X,2026-02-02
B0D12GM99X,2026-03-02
B0D14R3S6B,2025-04-28
B0D14R3S6B,2025-05-26
B0D14R3S6B,2025-06-23
B0D14R3S6B,2025-07-21
B0D14R3S6B,2025-08-18
B0D14R3S6B,2025-09-15
B0D14R3S6B,2025-10-13
B0D14R3S6B,2025-11-10
B0D14R3S6B,2025-12-08
B0D14R3S6B,2026-01-05
B0D14R3S6B,2026-02-02
B0D14R3S6B,2026-03-02
B0D14SCCCD,2025-04-28
B0D14SCCCD,2025-05-26
B0D14SCCCD,2025-06-23
B0D14SCCCD,2025-07-21
B0D14SCCCD,2025-08-18
B0D14SCCCD,2025-09-15
B0D14SCCCD,2025-10-13
B0D14SCCCD,2025-11-10
B0D14SCCCD,2025-12-08
B0D14SCCCD,2026-01-05
B0D14SCCCD,2026-02-02
B0D14SCCCD,2026-03-02
B0D1BH9D4G,2025-04-28
B0D1BH9D4G,2025-05-26
B0D1BH9D4G,2025-06-23
B0D1BH9D4G,2025-07-21
B0D1BH9D4G,2025-08-18
B0D1BH9D4G,2025-09-15
B0D1BH9D4G,2025-10-13
B0D1BH9D4G,2025-11-10
B0D1BH9D4G,2025-12-08
B0D1BH9D4G,2026-01-05
B0D1BH9D4G,2026-02-02
B0D1BH9D4G,2026-03-02
B0D1BJFHQH,2025-04-28
B0D1BJFHQH,2025-05-26
B0D1BJFHQH,2025-06-23
B0D1BJFHQH,2025-07-21
B0D1BJFHQH,2025-08-18
B0D1BJFHQH,2025-09-15
B0D1BJFHQH,2025-10-13
B0D1BJFHQH,2025-11-10
B0D1BJFHQH,2025-12-08
B0D1BJFHQH,2026-01-05
B0D1BJFHQH,2026-02-02
B0D1BJFHQH,2026-03-02
B0D1BPZHDX,2025-04-28
B0D1BPZHDX,2025-05-26
B0D1BPZHDX,2025-06-23
B0D1BPZHDX,2025-07-21
B0D1BPZHDX,2025-08-18
B0D1BPZHDX,2025-09-15
B0D1BPZHDX,2025-10-13
B0D1BPZHDX,2025-11-10
B0D1BPZHDX,2025-12-08
B0D1BPZHDX,2026-01-05
B0D1BPZHDX,2026-02-02
B0D1BPZHDX,2026-03-02
B0D1BRLJGK,2025-04-28
B0D1BRLJGK,2025-05-26
B0D1BRLJGK,2025-06-23
B0D1BRLJGK,2025-07-21
B0D1BRLJGK,2025-08-18
B0D1BRLJGK,2025-09-15
B0D1BRLJGK,2025-10-13
B0D1BRLJGK,2025-11-10
B0D1BRLJGK,2025-12-08
B0D1BRLJGK,2026-01-05
B0D1BRLJGK,2026-02-02
B0D1BRLJGK,2026-03-02
B0D1BTFRPN,2025-04-28
B0D1BTFRPN,2025-05-26
B0D1BTFRPN,2025-06-23
B0D1BTFRPN,2025-07-21
B0D1BTFRPN,2025-08-18
B0D1BTFRPN,2025-09-15
B0D1BTFRPN,2025-10-13
B0D1BTFRPN,2025-11-10
B0D1BTFRPN,2025-12-08
B0D1BTFRPN,2026-01-05
B0D1BTFRPN,2026-02-02
B0D1BTFRPN,2026-03-02
B0D1C63DSR,2025-04-28
B0D1C63DSR,2025-05-26
B0D1C63DSR,2025-06-23
B0D1C63DSR,2025-07-21
B0D1C63DSR,2025-08-18
B0D1C63DSR,2025-09-15
B0D1C63DSR,2025-10-13
B0D1C63DSR,2025-11-10
B0D1C63DSR,2025-12-08
B0D1C63DSR,2026-01-05
B0D1C63DSR,2026-02-02
B0D1C63DSR,2026-03-02
B0D1C6QPD1,2025-04-28
B0D1C6QPD1,2025-05-26
B0D1C6QPD1,2025-06-23
B0D1C6QPD1,2025-07-21
B0D1C6QPD1,2025-08-18
B0D1C6QPD1,2025-09-15
B0D1C6QPD1,2025-10-13
B0D1C6QPD1,2025-11-10
B0D1C6QPD1,2025-12-08
B0D1C6QPD1,2026-01-05
B0D1C6QPD1,2026-02-02
B0D1C6QPD1,2026-03-02
B0D1CCMK87,2025-04-28
B0D1CCMK87,2025-05-26
B0D1CCMK87,2025-06-23
B0D1CCMK87,2025-07-21
B0D1CCMK87,2025-08-18
B0D1CCMK87,2025-09-15
B0D1CCMK87,2025-10-13
B0D1CCMK87,2025-11-10
B0D1CCMK87,2025-12-08
B0D1CCMK87,2026-01-05
B0D1CCMK87,2026-02-02
B0D1CCMK87,2026-03-02
B0D1CGM7CM,2025-04-28
B0D1CGM7CM,2025-05-26
B0D1CGM7CM,2025-06-23
B0D1CGM7CM,2025-07-21
B0D1CGM7CM,2025-08-18
B0D1CGM7CM,2025-09-15
B0D1CGM7CM,2025-10-13
B0D1CGM7CM,2025-11-10
B0D1CGM7CM,2025-12-08
B0D1CGM7CM,2026-01-05
B0D1CGM7CM,2026-02-02
B0D1CGM7CM,2026-03-02
B0D1V1N4LM,2025-04-28
B0D1V1N4LM,2025-05-26
B0D1V1N4LM,2025-06-23
B0D1V1N4LM,2025-07-21
B0D1V1N4LM,2025-08-18
B0D1V1N4LM,2025-09-15
B0D1V1N4LM,2025-10-13
B0D1V1N4LM,2025-11-10
B0D1V1N4LM,2025-12-08
B0D1V1N4LM,2026-01-05
B0D1V1N4LM,2026-02-02
B0D1V1N4LM,2026-03-02
B0D1YDDL3L,2025-04-28
B0D1YDDL3L,2025-05-26
B0D1YDDL3L,2025-06-23
B0D1YDDL3L,2025-07-21
B0D1YDDL3L,2025-08-18
B0D1YDDL3L,2025-09-15
B0D1YDDL3L,2025-10-13
B0D1YDDL3L,2025-11-10
B0D1YDDL3L,2025-12-08
B0D1YDDL3L,2026-01-05
B0D1YDDL3L,2026-02-02
B0D1YDDL3L,2026-03-02
B0D1YF6795,2025-04-28
B0D1YF6795,2025-05-26
B0D1YF6795,2025-06-23
B0D1YF6795,2025-07-21
B0D1YF6795,2025-08-18
B0D1YF6795,2025-09-15
B0D1YF6795,2025-10-13
B0D1YF6795,2025-11-10
B0D1YF6795,2025-12-08
B0D1YF6795,2026-01-05
B0D1YF6795,2026-02-02
B0D1YF6795,2026-03-02
B0D2548392,2025-04-28
B0D2548392,2025-05-26
B0D2548392,2025-06-23
B0D2548392,2025-07-21
B0D2548392,2025-08-18
B0D2548392,2025-09-15
B0D2548392,2025-10-13
B0D2548392,2025-11-10
B0D2548392,2025-12-08
B0D2548392,2026-01-05
B0D2548392,2026-02-02
B0D2548392,2026-03-02
B0D25G7539,2025-04-28
B0D25G7539,2025-05-26
B0D25G7539,2025-06-23
B0D25G7539,2025-07-21
B0D25G7539,2025-08-18
B0D25G7539,2025-09-15
B0D25G7539,2025-10-13
B0D25G7539,2025-11-10
B0D25G7539,2025-12-08
B0D25G7539,2026-01-05
B0D25G7539,2026-02-02
B0D25G7539,2026-03-02
B0D261GJCS,2025-04-28
B0D261GJCS,2025-05-26
B0D261GJCS,2025-06-23
B0D261GJCS,2025-07-21
B0D261GJCS,2025-08-18
B0D261GJCS,2025-09-15
B0D261GJCS,2025-10-13
B0D261GJCS,2025-11-10
B0D261GJCS,2025-12-08
B0D261GJCS,2026-01-05
B0D261GJCS,2026-02-02
B0D261GJCS,2026-03-02
B0D28P1H52,2025-04-28
B0D28P1H52,2025-05-26
B0D28P1H52,2025-06-23
B0D28P1H52,2025-07-21
B0D28P1H52,2025-08-18
B0D28P1H52,2025-09-15
B0D28P1H52,2025-10-13
B0D28P1H52,2025-11-10
B0D28P1H52,2025-12-08
B0D28P1H52,2026-01-05
B0D28P1H52,2026-02-02
B0D28P1H52,2026-03-02
B0D2DN63TX,2025-04-28
B0D2DN63TX,2025-05-26
B0D2DN63TX,2025-06-23
B0D2DN63TX,2025-07-21
B0D2DN63TX,2025-08-18
B0D2DN63TX,2025-09-15
B0D2DN63TX,2025-10-13
B0D2DN63TX,2025-11-10
B0D2DN63TX,2025-12-08
B0D2DN63TX,2026-01-05
B0D2DN63TX,2026-02-02
B0D2DN63TX,2026-03-02
B0D2HB3PQC,2025-04-28
B0D2HB3PQC,2025-05-26
B0D2HB3PQC,2025-06-23
B0D2HB3PQC,2025-07-21
B0D2HB3PQC,2025-08-18
B0D2HB3PQC,2025-09-15
B0D2HB3PQC,2025-10-13
B0D2HB3PQC,2025-11-10
B0D2HB3PQC,2025-12-08
B0D2HB3PQC,2026-01-05
B0D2HB3PQC,2026-02-02
B0D2HB3PQC,2026-03-02
B0D2HC7N6J,2025-04-28
B0D2HC7N6J,2025-05-26
B0D2HC7N6J,2025-06-23
B0D2HC7N6J,2025-07-21
B0D2HC7N6J,2025-08-18
B0D2HC7N6J,2025-09-15
B0D2HC7N6J,2025-10-13
B0D2HC7N6J,2025-11-10
B0D2HC7N6J,2025-12-08
B0D2HC7N6J,2026-01-05
B0D2HC7N6J,2026-02-02
B0D2HC7N6J,2026-03-02
B0D2HHPY34,2025-04-28
B0D2HHPY34,2025-05-26
B0D2HHPY34,2025-06-23
B0D2HHPY34,2025-07-21
B0D2HHPY34,2025-08-18
B0D2HHPY34,2025-09-15
B0D2HHPY34,2025-10-13
B0D2HHPY34,2025-11-10
B0D2HHPY34,2025-12-08
B0D2HHPY34,2026-01-05
B0D2HHPY34,2026-02-02
B0D2HHPY34,2026-03-02
B0D2HJC9LC,2025-04-28
B0D2HJC9LC,2025-05-26
B0D2HJC9LC,2025-06-23
B0D2HJC9LC,2025-07-21
B0D2HJC9LC,2025-08-18
B0D2HJC9LC,2025-09-15
B0D2HJC9LC,2025-10-13
B0D2HJC9LC,2025-11-10
B0D2HJC9LC,2025-12-08
B0D2HJC9LC,2026-01-05
B0D2HJC9LC,2026-02-02
B0D2HJC9LC,2026-03-02
B0D2HLKCXH,2025-04-28
B0D2HLKCXH,2025-05-26
B0D2HLKCXH,2025-06-23
B0D2HLKCXH,2025-07-21
B0D2HLKCXH,2025-08-18
B0D2HLKCXH,2025-09-15
B0D2HLKCXH,2025-10-13
B0D2HLKCXH,2025-11-10
B0D2HLKCXH,2025-12-08
B0D2HLKCXH,2026-01-05
B0D2HLKCXH,2026-02-02
B0D2HLKCXH,2026-03-02
B0D2HLKM95,2025-04-28
B0D2HLKM95,2025-05-26
B0D2HLKM95,2025-06-23
B0D2HLKM95,2025-07-21
B0D2HLKM95,2025-08-18
B0D2HLKM95,2025-09-15
B0D2HLKM95,2025-10-13
B0D2HLKM95,2025-11-10
B0D2HLKM95,2025-12-08
B0D2HLKM95,2026-01-05
B0D2HLKM95,2026-02-02
B0D2HLKM95,2026-03-02
B0D2HMKJSX,2025-04-28
B0D2HMKJSX,2025-05-26
B0D2HMKJSX,2025-06-23
B0D2HMKJSX,2025-07-21
B0D2HMKJSX,2025-08-18
B0D2HMKJSX,2025-09-15
B0D2HMKJSX,2025-10-13
B0D2HMKJSX,2025-11-10
B0D2HMKJSX,2025-12-08
B0D2HMKJSX,2026-01-05
B0D2HMKJSX,2026-02-02
B0D2HMKJSX,2026-03-02
B0D2HMMC5S,2025-04-28
B0D2HMMC5S,2025-05-26
B0D2HMMC5S,2025-06-23
B0D2HMMC5S,2025-07-21
B0D2HMMC5S,2025-08-18
B0D2HMMC5S,2025-09-15
B0D2HMMC5S,2025-10-13
B0D2HMMC5S,2025-11-10
B0D2HMMC5S,2025-12-08
B0D2HMMC5S,2026-01-05
B0D2HMMC5S,2026-02-02
B0D2HMMC5S,2026-03-02
B0D2Z29WD6,2025-04-28
B0D2Z29WD6,2025-05-26
B0D2Z29WD6,2025-06-23
B0D2Z29WD6,2025-07-21
B0D2Z29WD6,2025-08-18
B0D2Z29WD6,2025-09-15
B0D2Z29WD6,2025-10-13
B0D2Z29WD6,2025-11-10
B0D2Z29WD6,2025-12-08
B0D2Z29WD6,2026-01-05
B0D2Z29WD6,2026-02-02
B0D2Z29WD6,2026-03-02
B0D39LSJP6,2025-04-28
B0D39LSJP6,2025-05-26
B0D39LSJP6,2025-06-23
B0D39LSJP6,2025-07-21
B0D39LSJP6,2025-08-18
B0D39LSJP6,2025-09-15
B0D39LSJP6,2025-10-13
B0D39LSJP6,2025-11-10
B0D39LSJP6,2025-12-08
B0D39LSJP6,2026-01-05
B0D39LSJP6,2026-02-02
B0D39LSJP6,2026-03-02
B0D3BWBTTP,2025-04-28
B0D3BWBTTP,2025-05-26
B0D3BWBTTP,2025-06-23
B0D3BWBTTP,2025-07-21
B0D3BWBTTP,2025-08-18
B0D3BWBTTP,2025-09-15
B0D3BWBTTP,2025-10-13
B0D3BWBTTP,2025-11-10
B0D3BWBTTP,2025-12-08
B0D3BWBTTP,2026-01-05
B0D3BWBTTP,2026-02-02
B0D3BWBTTP,2026-03-02
B0D3HCCWJZ,2025-04-28
B0D3HCCWJZ,2025-05-26
B0D3HCCWJZ,2025-06-23
B0D3HCCWJZ,2025-07-21
B0D3HCCWJZ,2025-08-18
B0D3HCCWJZ,2025-09-15
B0D3HCCWJZ,2025-10-13
B0D3HCCWJZ,2025-11-10
B0D3HCCWJZ,2025-12-08
B0D3HCCWJZ,2026-01-05
B0D3HCCWJZ,2026-02-02
B0D3HCCWJZ,2026-03-02
B0D3MD9M6F,2025-04-28
B0D3MD9M6F,2025-05-26
B0D3MD9M6F,2025-06-23
B0D3MD9M6F,2025-07-21
B0D3MD9M6F,2025-08-18
B0D3MD9M6F,2025-09-15
B0D3MD9M6F,2025-10-13
B0D3MD9M6F,2025-11-10
B0D3MD9M6F,2025-12-08
B0D3MD9M6F,2026-01-05
B0D3MD9M6F,2026-02-02
B0D3MD9M6F,2026-03-02
B0D3TG52X3,2025-04-28
B0D3TG52X3,2025-05-26
B0D3TG52X3,2025-06-23
B0D3TG52X3,2025-07-21
B0D3TG52X3,2025-08-18
B0D3TG52X3,2025-09-15
B0D3TG52X3,2025-10-13
B0D3TG52X3,2025-11-10
B0D3TG52X3,2025-12-08
B0D3TG52X3,2026-01-05
B0D3TG52X3,2026-02-02
B0D3TG52X3,2026-03-02
B0D3XHWV9X,2025-04-28
B0D3XHWV9X,2025-05-26
B0D3XHWV9X,2025-06-23
B0D3XHWV9X,2025-07-21
B0D3XHWV9X,2025-08-18
B0D3XHWV9X,2025-09-15
B0D3XHWV9X,2025-10-13
B0D3XHWV9X,2025-11-10
B0D3XHWV9X,2025-12-08
B0D3XHWV9X,2026-01-05
B0D3XHWV9X,2026-02-02
B0D3XHWV9X,2026-03-02
B0D3XPTCX8,2025-04-28
B0D3XPTCX8,2025-05-26
B0D3XPTCX8,2025-06-23
B0D3XPTCX8,2025-07-21
B0D3XPTCX8,2025-08-18
B0D3XPTCX8,2025-09-15
B0D3XPTCX8,2025-10-13
B0D3XPTCX8,2025-11-10
B0D3XPTCX8,2025-12-08
B0D3XPTCX8,2026-01-05
B0D3XPTCX8,2026-02-02
B0D3XPTCX8,2026-03-02
B0D41GQNHJ,2025-04-28
B0D41GQNHJ,2025-05-26
B0D41GQNHJ,2025-06-23
B0D41GQNHJ,2025-07-21
B0D41GQNHJ,2025-08-18
B0D41GQNHJ,2025-09-15
B0D41GQNHJ,2025-10-13
B0D41GQNHJ,2025-11-10
B0D41GQNHJ,2025-12-08
B0D41GQNHJ,2026-01-05
B0D41GQNHJ,2026-02-02
B0D41GQNHJ,2026-03-02
B0D4676X49,2025-04-28
B0D4676X49,2025-05-26
B0D4676X49,2025-06-23
B0D4676X49,2025-07-21
B0D4676X49,2025-08-18
B0D4676X49,2025-09-15
B0D4676X49,2025-10-13
B0D4676X49,2025-11-10
B0D4676X49,2025-12-08
B0D4676X49,2026-01-05
B0D4676X49,2026-02-02
B0D4676X49,2026-03-02
B0D468HYN5,2025-04-28
B0D468HYN5,2025-05-26
B0D468HYN5,2025-06-23
B0D468HYN5,2025-07-21
B0D468HYN5,2025-08-18
B0D468HYN5,2025-09-15
B0D468HYN5,2025-10-13
B0D468HYN5,2025-11-10
B0D468HYN5,2025-12-08
B0D468HYN5,2026-01-05
B0D468HYN5,2026-02-02
B0D468HYN5,2026-03-02
B0D4JDJZ1Q,2025-04-28
B0D4JDJZ1Q,2025-05-26
B0D4JDJZ1Q,2025-06-23
B0D4JDJZ1Q,2025-07-21
B0D4JDJZ1Q,2025-08-18
B0D4JDJZ1Q,2025-09-15
B0D4JDJZ1Q,2025-10-13
B0D4JDJZ1Q,2025-11-10
B0D4JDJZ1Q,2025-12-08
B0D4JDJZ1Q,2026-01-05
B0D4JDJZ1Q,2026-02-02
B0D4JDJZ1Q,2026-03-02
B0D4TGY3J4,2025-04-28
B0D4TGY3J4,2025-05-26
B0D4TGY3J4,2025-06-23
B0D4TGY3J4,2025-07-21
B0D4TGY3J4,2025-08-18
B0D4TGY3J4,2025-09-15
B0D4TGY3J4,2025-10-13
B0D4TGY3J4,2025-11-10
B0D4TGY3J4,2025-12-08
B0D4TGY3J4,2026-01-05
B0D4TGY3J4,2026-02-02
B0D4TGY3J4,2026-03-02
B0D4TYCTQP,2025-04-28
B0D4TYCTQP,2025-05-26
B0D4TYCTQP,2025-06-23
B0D4TYCTQP,2025-07-21
B0D4TYCTQP,2025-08-18
B0D4TYCTQP,2025-09-15
B0D4TYCTQP,2025-10-13
B0D4TYCTQP,2025-11-10
B0D4TYCTQP,2025-12-08
B0D4TYCTQP,2026-01-05
B0D4TYCTQP,2026-02-02
B0D4TYCTQP,2026-03-02
B0D4YTT2DT,2025-04-28
B0D4YTT2DT,2025-05-26
B0D4YTT2DT,2025-06-23
B0D4YTT2DT,2025-07-21
B0D4YTT2DT,2025-08-18
B0D4YTT2DT,2025-09-15
B0D4YTT2DT,2025-10-13
B0D4YTT2DT,2025-11-10
B0D4YTT2DT,2025-12-08
B0D4YTT2DT,2026-01-05
B0D4YTT2DT,2026-02-02
B0D4YTT2DT,2026-03-02
B0D53TDYXD,2025-04-28
B0D53TDYXD,2025-05-26
B0D53TDYXD,2025-06-23
B0D53TDYXD,2025-07-21
B0D53TDYXD,2025-08-18
B0D53TDYXD,2025-09-15
B0D53TDYXD,2025-10-13
B0D53TDYXD,2025-11-10
B0D53TDYXD,2025-12-08
B0D53TDYXD,2026-01-05
B0D53TDYXD,2026-02-02
B0D53TDYXD,2026-03-02
B0D54QKKF6,2025-04-28
B0D54QKKF6,2025-05-26
B0D54QKKF6,2025-06-23
B0D54QKKF6,2025-07-21
B0D54QKKF6,2025-08-18
B0D54QKKF6,2025-09-15
B0D54QKKF6,2025-10-13
B0D54QKKF6,2025-11-10
B0D54QKKF6,2025-12-08
B0D54QKKF6,2026-01-05
B0D54QKKF6,2026-02-02
B0D54QKKF6,2026-03-02
B0D54QWPHT,2025-04-28
B0D54QWPHT,2025-05-26
B0D54QWPHT,2025-06-23
B0D54QWPHT,2025-07-21
B0D54QWPHT,2025-08-18
B0D54QWPHT,2025-09-15
B0D54QWPHT,2025-10-13
B0D54QWPHT,2025-11-10
B0D54QWPHT,2025-12-08
B0D54QWPHT,2026-01-05
B0D54QWPHT,2026-02-02
B0D54QWPHT,2026-03-02
B0D59666T7,2025-04-28
B0D59666T7,2025-05-26
B0D59666T7,2025-06-23
B0D59666T7,2025-07-21
B0D59666T7,2025-08-18
B0D59666T7,2025-09-15
B0D59666T7,2025-10-13
B0D59666T7,2025-11-10
B0D59666T7,2025-12-08
B0D59666T7,2026-01-05
B0D59666T7,2026-02-02
B0D59666T7,2026-03-02
B0D59SRCYB,2025-04-28
B0D59SRCYB,2025-05-26
B0D59SRCYB,2025-06-23
B0D59SRCYB,2025-07-21
B0D59SRCYB,2025-08-18
B0D59SRCYB,2025-09-15
B0D59SRCYB,2025-10-13
B0D59SRCYB,2025-11-10
B0D59SRCYB,2025-12-08
B0D59SRCYB,2026-01-05
B0D59SRCYB,2026-02-02
B0D59SRCYB,2026-03-02
B0D5CWKBPC,2025-04-28
B0D5CWKBPC,2025-05-26
B0D5CWKBPC,2025-06-23
B0D5CWKBPC,2025-07-21
B0D5CWKBPC,2025-08-18
B0D5CWKBPC,2025-09-15
B0D5CWKBPC,2025-10-13
B0D5CWKBPC,2025-11-10
B0D5CWKBPC,2025-12-08
B0D5CWKBPC,2026-01-05
B0D5CWKBPC,2026-02-02
B0D5CWKBPC,2026-03-02
B0D5KVGVS1,2025-04-28
B0D5KVGVS1,2025-05-26
B0D5KVGVS1,2025-06-23
B0D5KVGVS1,2025-07-21
B0D5KVGVS1,2025-08-18
B0D5KVGVS1,2025-09-15
B0D5KVGVS1,2025-10-13
B0D5KVGVS1,2025-11-10
B0D5KVGVS1,2025-12-08
B0D5KVGVS1,2026-01-05
B0D5KVGVS1,2026-02-02
B0D5KVGVS1,2026-03-02
B0D5RH7PZ2,2025-04-28
B0D5RH7PZ2,2025-05-26
B0D5RH7PZ2,2025-06-23
B0D5RH7PZ2,2025-07-21
B0D5RH7PZ2,2025-08-18
B0D5RH7PZ2,2025-09-15
B0D5RH7PZ2,2025-10-13
B0D5RH7PZ2,2025-11-10
B0D5RH7PZ2,2025-12-08
B0D5RH7PZ2,2026-01-05
B0D5RH7PZ2,2026-02-02
B0D5RH7PZ2,2026-03-02
B0D5RKBS5M,2025-04-28
B0D5RKBS5M,2025-05-26
B0D5RKBS5M,2025-06-23
B0D5RKBS5M,2025-07-21
B0D5RKBS5M,2025-08-18
B0D5RKBS5M,2025-09-15
B0D5RKBS5M,2025-10-13
B0D5RKBS5M,2025-11-10
B0D5RKBS5M,2025-12-08
B0D5RKBS5M,2026-01-05
B0D5RKBS5M,2026-02-02
B0D5RKBS5M,2026-03-02
B0D5RLFB7V,2025-04-28
B0D5RLFB7V,2025-05-26
B0D5RLFB7V,2025-06-23
B0D5RLFB7V,2025-07-21
B0D5RLFB7V,2025-08-18
B0D5RLFB7V,2025-09-15
B0D5RLFB7V,2025-10-13
B0D5RLFB7V,2025-11-10
B0D5RLFB7V,2025-12-08
B0D5RLFB7V,2026-01-05
B0D5RLFB7V,2026-02-02
B0D5RLFB7V,2026-03-02
B0D5RMWLPW,2025-04-28
B0D5RMWLPW,2025-05-26
B0D5RMWLPW,2025-06-23
B0D5RMWLPW,2025-07-21
B0D5RMWLPW,2025-08-18
B0D5RMWLPW,2025-09-15
B0D5RMWLPW,2025-10-13
B0D5RMWLPW,2025-11-10
B0D5RMWLPW,2025-12-08
B0D5RMWLPW,2026-01-05
B0D5RMWLPW,2026-02-02
B0D5RMWLPW,2026-03-02
B0D5XJJJQ6,2025-04-28
B0D5XJJJQ6,2025-05-26
B0D5XJJJQ6,2025-06-23
B0D5XJJJQ6,2025-07-21
B0D5XJJJQ6,2025-08-18
B0D5XJJJQ6,2025-09-15
B0D5XJJJQ6,2025-10-13
B0D5XJJJQ6,2025-11-10
B0D5XJJJQ6,2025-12-08
B0D5XJJJQ6,2026-01-05
B0D5XJJJQ6,2026-02-02
B0D5XJJJQ6,2026-03-02
B0D62742LC,2025-04-28
B0D62742LC,2025-05-26
B0D62742LC,2025-06-23
B0D62742LC,2025-07-21
B0D62742LC,2025-08-18
B0D62742LC,2025-09-15
B0D62742LC,2025-10-13
B0D62742LC,2025-11-10
B0D62742LC,2025-12-08
B0D62742LC,2026-01-05
B0D62742LC,2026-02-02
B0D62742LC,2026-03-02
B0D64H5T8H,2025-04-28
B0D64H5T8H,2025-05-26
B0D64H5T8H,2025-06-23
B0D64H5T8H,2025-07-21
B0D64H5T8H,2025-08-18
B0D64H5T8H,2025-09-15
B0D64H5T8H,2025-10-13
B0D64H5T8H,2025-11-10
B0D64H5T8H,2025-12-08
B0D64H5T8H,2026-01-05
B0D64H5T8H,2026-02-02
B0D64H5T8H,2026-03-02
B0D64LN39K,2025-04-28
B0D64LN39K,2025-05-26
B0D64LN39K,2025-06-23
B0D64LN39K,2025-07-21
B0D64LN39K,2025-08-18
B0D64LN39K,2025-09-15
B0D64LN39K,2025-10-13
B0D64LN39K,2025-11-10
B0D64LN39K,2025-12-08
B0D64LN39K,2026-01-05
B0D64LN39K,2026-02-02
B0D64LN39K,2026-03-02
B0D64NZCK1,2025-04-28
B0D64NZCK1,2025-05-26
B0D64NZCK1,2025-06-23
B0D64NZCK1,2025-07-21
B0D64NZCK1,2025-08-18
B0D64NZCK1,2025-09-15
B0D64NZCK1,2025-10-13
B0D64NZCK1,2025-11-10
B0D64NZCK1,2025-12-08
B0D64NZCK1,2026-01-05
B0D64NZCK1,2026-02-02
B0D64NZCK1,2026-03-02
B0D64PZ351,2025-04-28
B0D64PZ351,2025-05-26
B0D64PZ351,2025-06-23
B0D64PZ351,2025-07-21
B0D64PZ351,2025-08-18
B0D64PZ351,2025-09-15
B0D64PZ351,2025-10-13
B0D64PZ351,2025-11-10
B0D64PZ351,2025-12-08
B0D64PZ351,2026-01-05
B0D64PZ351,2026-02-02
B0D64PZ351,2026-03-02
B0D64SQQJD,2025-04-28
B0D64SQQJD,2025-05-26
B0D64SQQJD,2025-06-23
B0D64SQQJD,2025-07-21
B0D64SQQJD,2025-08-18
B0D64SQQJD,2025-09-15
B0D64SQQJD,2025-10-13
B0D64SQQJD,2025-11-10
B0D64SQQJD,2025-12-08
B0D64SQQJD,2026-01-05
B0D64SQQJD,2026-02-02
B0D64SQQJD,2026-03-02
B0D64ZJNRJ,2025-04-28
B0D64ZJNRJ,2025-05-26
B0D64ZJNRJ,2025-06-23
B0D64ZJNRJ,2025-07-21
B0D64ZJNRJ,2025-08-18
B0D64ZJNRJ,2025-09-15
B0D64ZJNRJ,2025-10-13
B0D64ZJNRJ,2025-11-10
B0D64ZJNRJ,2025-12-08
B0D64ZJNRJ,2026-01-05
B0D64ZJNRJ,2026-02-02
B0D64ZJNRJ,2026-03-02
B0D6515BMQ,2025-04-28
B0D6515BMQ,2025-05-26
B0D6515BMQ,2025-06-23
B0D6515BMQ,2025-07-21
B0D6515BMQ,2025-08-18
B0D6515BMQ,2025-09-15
B0D6515BMQ,2025-10-13
B0D6515BMQ,2025-11-10
B0D6515BMQ,2025-12-08
B0D6515BMQ,2026-01-05
B0D6515BMQ,2026-02-02
B0D6515BMQ,2026-03-02
B0D6546KF3,2025-04-28
B0D6546KF3,2025-05-26
B0D6546KF3,2025-06-23
B0D6546KF3,2025-07-21
B0D6546KF3,2025-08-18
B0D6546KF3,2025-09-15
B0D6546KF3,2025-10-13
B0D6546KF3,2025-11-10
B0D6546KF3,2025-12-08
B0D6546KF3,2026-01-05
B0D6546KF3,2026-02-02
B0D6546KF3,2026-03-02
B0D655JGNL,2025-04-28
B0D655JGNL,2025-05-26
B0D655JGNL,2025-06-23
B0D655JGNL,2025-07-21
B0D655JGNL,2025-08-18
B0D655JGNL,2025-09-15
B0D655JGNL,2025-10-13
B0D655JGNL,2025-11-10
B0D655JGNL,2025-12-08
B0D655JGNL,2026-01-05
B0D655JGNL,2026-02-02
B0D655JGNL,2026-03-02
B0D65BL2XB,2025-04-28
B0D65BL2XB,2025-05-26
B0D65BL2XB,2025-06-23
B0D65BL2XB,2025-07-21
B0D65BL2XB,2025-08-18
B0D65BL2XB,2025-09-15
B0D65BL2XB,2025-10-13
B0D65BL2XB,2025-11-10
B0D65BL2XB,2025-12-08
B0D65BL2XB,2026-01-05
B0D65BL2XB,2026-02-02
B0D65BL2XB,2026-03-02
B0D677DBC8,2025-04-28
B0D677DBC8,2025-05-26
B0D677DBC8,2025-06-23
B0D677DBC8,2025-07-21
B0D677DBC8,2025-08-18
B0D677DBC8,2025-09-15
B0D677DBC8,2025-10-13
B0D677DBC8,2025-11-10
B0D677DBC8,2025-12-08
B0D677DBC8,2026-01-05
B0D677DBC8,2026-02-02
B0D677DBC8,2026-03-02
B0D6WFZ3Q2,2025-04-28
B0D6WFZ3Q2,2025-05-26
B0D6WFZ3Q2,2025-06-23
B0D6WFZ3Q2,2025-07-21
B0D6WFZ3Q2,2025-08-18
B0D6WFZ3Q2,2025-09-15
B0D6WFZ3Q2,2025-10-13
B0D6WFZ3Q2,2025-11-10
B0D6WFZ3Q2,2025-12-08
B0D6WFZ3Q2,2026-01-05
B0D6WFZ3Q2,2026-02-02
B0D6WFZ3Q2,2026-03-02
B0D6WY9RGX,2025-04-28
B0D6WY9RGX,2025-05-26
B0D6WY9RGX,2025-06-23
B0D6WY9RGX,2025-07-21
B0D6WY9RGX,2025-08-18
B0D6WY9RGX,2025-09-15
B0D6WY9RGX,2025-10-13
B0D6WY9RGX,2025-11-10
B0D6WY9RGX,2025-12-08
B0D6WY9RGX,2026-01-05
B0D6WY9RGX,2026-02-02
B0D6WY9RGX,2026-03-02
B0D6YR19F3,2025-04-28
B0D6YR19F3,2025-05-26
B0D6YR19F3,2025-06-23
B0D6YR19F3,2025-07-21
B0D6YR19F3,2025-08-18
B0D6YR19F3,2025-09-15
B0D6YR19F3,2025-10-13
B0D6YR19F3,2025-11-10
B0D6YR19F3,2025-12-08
B0D6YR19F3,2026-01-05
B0D6YR19F3,2026-02-02
B0D6YR19F3,2026-03-02
B0D78K8B22,2025-04-28
B0D78K8B22,2025-05-26
B0D78K8B22,2025-06-23
B0D78K8B22,2025-07-21
B0D78K8B22,2025-08-18
B0D78K8B22,2025-09-15
B0D78K8B22,2025-10-13
B0D78K8B22,2025-11-10
B0D78K8B22,2025-12-08
B0D78K8B22,2026-01-05
B0D78K8B22,2026-02-02
B0D78K8B22,2026-03-02
B0D7DFD14N,2025-04-28
B0D7DFD14N,2025-05-26
B0D7DFD14N,2025-06-23
B0D7DFD14N,2025-07-21
B0D7DFD14N,2025-08-18
B0D7DFD14N,2025-09-15
B0D7DFD14N,2025-10-13
B0D7DFD14N,2025-11-10
B0D7DFD14N,2025-12-08
B0D7DFD14N,2026-01-05
B0D7DFD14N,2026-02-02
B0D7DFD14N,2026-03-02
B0D7DXKJBM,2025-04-28
B0D7DXKJBM,2025-05-26
B0D7DXKJBM,2025-06-23
B0D7DXKJBM,2025-07-21
B0D7DXKJBM,2025-08-18
B0D7DXKJBM,2025-09-15
B0D7DXKJBM,2025-10-13
B0D7DXKJBM,2025-11-10
B0D7DXKJBM,2025-12-08
B0D7DXKJBM,2026-01-05
B0D7DXKJBM,2026-02-02
B0D7DXKJBM,2026-03-02
B0D7HVDZG6,2025-04-28
B0D7HVDZG6,2025-05-26
B0D7HVDZG6,2025-06-23
B0D7HVDZG6,2025-07-21
B0D7HVDZG6,2025-08-18
B0D7HVDZG6,2025-09-15
B0D7HVDZG6,2025-10-13
B0D7HVDZG6,2025-11-10
B0D7HVDZG6,2025-12-08
B0D7HVDZG6,2026-01-05
B0D7HVDZG6,2026-02-02
B0D7HVDZG6,2026-03-02
B0D7K68TC7,2025-04-28
B0D7K68TC7,2025-05-26
B0D7K68TC7,2025-06-23
B0D7K68TC7,2025-07-21
B0D7K68TC7,2025-08-18
B0D7K68TC7,2025-09-15
B0D7K68TC7,2025-10-13
B0D7K68TC7,2025-11-10
B0D7K68TC7,2025-12-08
B0D7K68TC7,2026-01-05
B0D7K68TC7,2026-02-02
B0D7K68TC7,2026-03-02
B0D7NMMYC9,2025-04-28
B0D7NMMYC9,2025-05-26
B0D7NMMYC9,2025-06-23
B0D7NMMYC9,2025-07-21
B0D7NMMYC9,2025-08-18
B0D7NMMYC9,2025-09-15
B0D7NMMYC9,2025-10-13
B0D7NMMYC9,2025-11-10
B0D7NMMYC9,2025-12-08
B0D7NMMYC9,2026-01-05
B0D7NMMYC9,2026-02-02
B0D7NMMYC9,2026-03-02
B0D7NMQ9HZ,2025-04-28
B0D7NMQ9HZ,2025-05-26
B0D7NMQ9HZ,2025-06-23
B0D7NMQ9HZ,2025-07-21
B0D7NMQ9HZ,2025-08-18
B0D7NMQ9HZ,2025-09-15
B0D7NMQ9HZ,2025-10-13
B0D7NMQ9HZ,2025-11-10
B0D7NMQ9HZ,2025-12-08
B0D7NMQ9HZ,2026-01-05
B0D7NMQ9HZ,2026-02-02
B0D7NMQ9HZ,2026-03-02
B0D7NQ3H7Q,2025-04-28
B0D7NQ3H7Q,2025-05-26
B0D7NQ3H7Q,2025-06-23
B0D7NQ3H7Q,2025-07-21
B0D7NQ3H7Q,2025-08-18
B0D7NQ3H7Q,2025-09-15
B0D7NQ3H7Q,2025-10-13
B0D7NQ3H7Q,2025-11-10
B0D7NQ3H7Q,2025-12-08
B0D7NQ3H7Q,2026-01-05
B0D7NQ3H7Q,2026-02-02
B0D7NQ3H7Q,2026-03-02
B0D7NXD7J3,2025-04-28
B0D7NXD7J3,2025-05-26
B0D7NXD7J3,2025-06-23
B0D7NXD7J3,2025-07-21
B0D7NXD7J3,2025-08-18
B0D7NXD7J3,2025-09-15
B0D7NXD7J3,2025-10-13
B0D7NXD7J3,2025-11-10
B0D7NXD7J3,2025-12-08
B0D7NXD7J3,2026-01-05
B0D7NXD7J3,2026-02-02
B0D7NXD7J3,2026-03-02
B0D81YMV6M,2025-04-28
B0D81YMV6M,2025-05-26
B0D81YMV6M,2025-06-23
B0D81YMV6M,2025-07-21
B0D81YMV6M,2025-08-18
B0D81YMV6M,2025-09-15
B0D81YMV6M,2025-10-13
B0D81YMV6M,2025-11-10
B0D81YMV6M,2025-12-08
B0D81YMV6M,2026-01-05
B0D81YMV6M,2026-02-02
B0D81YMV6M,2026-03-02
B0D827PR8J,2025-04-28
B0D827PR8J,2025-05-26
B0D827PR8J,2025-06-23
B0D827PR8J,2025-07-21
B0D827PR8J,2025-08-18
B0D827PR8J,2025-09-15
B0D827PR8J,2025-10-13
B0D827PR8J,2025-11-10
B0D827PR8J,2025-12-08
B0D827PR8J,2026-01-05
B0D827PR8J,2026-02-02
B0D827PR8J,2026-03-02
B0D83J2LQ7,2025-04-28
B0D83J2LQ7,2025-05-26
B0D83J2LQ7,2025-06-23
B0D83J2LQ7,2025-07-21
B0D83J2LQ7,2025-08-18
B0D83J2LQ7,2025-09-15
B0D83J2LQ7,2025-10-13
B0D83J2LQ7,2025-11-10
B0D83J2LQ7,2025-12-08
B0D83J2LQ7,2026-01-05
B0D83J2LQ7,2026-02-02
B0D83J2LQ7,2026-03-02
B0D888V5HX,2025-04-28
B0D888V5HX,2025-05-26
B0D888V5HX,2025-06-23
B0D888V5HX,2025-07-21
B0D888V5HX,2025-08-18
B0D888V5HX,2025-09-15
B0D888V5HX,2025-10-13
B0D888V5HX,2025-11-10
B0D888V5HX,2025-12-08
B0D888V5HX,2026-01-05
B0D888V5HX,2026-02-02
B0D888V5HX,2026-03-02
B0D88RR7JK,2025-04-28
B0D88RR7JK,2025-05-26
B0D88RR7JK,2025-06-23
B0D88RR7JK,2025-07-21
B0D88RR7JK,2025-08-18
B0D88RR7JK,2025-09-15
B0D88RR7JK,2025-10-13
B0D88RR7JK,2025-11-10
B0D88RR7JK,2025-12-08
B0D88RR7JK,2026-01-05
B0D88RR7JK,2026-02-02
B0D88RR7JK,2026-03-02
B0D893QLD3,2025-04-28
B0D893QLD3,2025-05-26
B0D893QLD3,2025-06-23
B0D893QLD3,2025-07-21
B0D893QLD3,2025-08-18
B0D893QLD3,2025-09-15
B0D893QLD3,2025-10-13
B0D893QLD3,2025-11-10
B0D893QLD3,2025-12-08
B0D893QLD3,2026-01-05
B0D893QLD3,2026-02-02
B0D893QLD3,2026-03-02
B0D8K9QKYD,2025-04-28
B0D8K9QKYD,2025-05-26
B0D8K9QKYD,2025-06-23
B0D8K9QKYD,2025-07-21
B0D8K9QKYD,2025-08-18
B0D8K9QKYD,2025-09-15
B0D8K9QKYD,2025-10-13
B0D8K9QKYD,2025-11-10
B0D8K9QKYD,2025-12-08
B0D8K9QKYD,2026-01-05
B0D8K9QKYD,2026-02-02
B0D8K9QKYD,2026-03-02
B0D8P7MGCT,2025-04-28
B0D8P7MGCT,2025-05-26
B0D8P7MGCT,2025-06-23
B0D8P7MGCT,2025-07-21
B0D8P7MGCT,2025-08-18
B0D8P7MGCT,2025-09-15
B0D8P7MGCT,2025-10-13
B0D8P7MGCT,2025-11-10
B0D8P7MGCT,2025-12-08
B0D8P7MGCT,2026-01-05
B0D8P7MGCT,2026-02-02
B0D8P7MGCT,2026-03-02
B0D8PZTG28,2025-04-28
B0D8PZTG28,2025-05-26
B0D8PZTG28,2025-06-23
B0D8PZTG28,2025-07-21
B0D8PZTG28,2025-08-18
B0D8PZTG28,2025-09-15
B0D8PZTG28,2025-10-13
B0D8PZTG28,2025-11-10
B0D8PZTG28,2025-12-08
B0D8PZTG28,2026-01-05
B0D8PZTG28,2026-02-02
B0D8PZTG28,2026-03-02
B0D8VK4L17,2025-04-28
B0D8VK4L17,2025-05-26
B0D8VK4L17,2025-06-23
B0D8VK4L17,2025-07-21
B0D8VK4L17,2025-08-18
B0D8VK4L17,2025-09-15
B0D8VK4L17,2025-10-13
B0D8VK4L17,2025-11-10
B0D8VK4L17,2025-12-08
B0D8VK4L17,2026-01-05
B0D8VK4L17,2026-02-02
B0D8VK4L17,2026-03-02
B0D9399BDZ,2025-04-28
B0D9399BDZ,2025-05-26
B0D9399BDZ,2025-06-23
B0D9399BDZ,2025-07-21
B0D9399BDZ,2025-08-18
B0D9399BDZ,2025-09-15
B0D9399BDZ,2025-10-13
B0D9399BDZ,2025-11-10
B0D9399BDZ,2025-12-08
B0D9399BDZ,2026-01-05
B0D9399BDZ,2026-02-02
B0D9399BDZ,2026-03-02
B0D939Z3Z3,2025-04-28
B0D939Z3Z3,2025-05-26
B0D939Z3Z3,2025-06-23
B0D939Z3Z3,2025-07-21
B0D939Z3Z3,2025-08-18
B0D939Z3Z3,2025-09-15
B0D939Z3Z3,2025-10-13
B0D939Z3Z3,2025-11-10
B0D939Z3Z3,2025-12-08
B0D939Z3Z3,2026-01-05
B0D939Z3Z3,2026-02-02
B0D939Z3Z3,2026-03-02
B0D93DZ52M,2025-04-28
B0D93DZ52M,2025-05-26
B0D93DZ52M,2025-06-23
B0D93DZ52M,2025-07-21
B0D93DZ52M,2025-08-18
B0D93DZ52M,2025-09-15
B0D93DZ52M,2025-10-13
B0D93DZ52M,2025-11-10
B0D93DZ52M,2025-12-08
B0D93DZ52M,2026-01-05
B0D93DZ52M,2026-02-02
B0D93DZ52M,2026-03-02
B0D93QGNMY,2025-04-28
B0D93QGNMY,2025-05-26
B0D93QGNMY,2025-06-23
B0D93QGNMY,2025-07-21
B0D93QGNMY,2025-08-18
B0D93QGNMY,2025-09-15
B0D93QGNMY,2025-10-13
B0D93QGNMY,2025-11-10
B0D93QGNMY,2025-12-08
B0D93QGNMY,2026-01-05
B0D93QGNMY,2026-02-02
B0D93QGNMY,2026-03-02
B0D93SCCN5,2025-04-28
B0D93SCCN5,2025-05-26
B0D93SCCN5,2025-06-23
B0D93SCCN5,2025-07-21
B0D93SCCN5,2025-08-18
B0D93SCCN5,2025-09-15
B0D93SCCN5,2025-10-13
B0D93SCCN5,2025-11-10
B0D93SCCN5,2025-12-08
B0D93SCCN5,2026-01-05
B0D93SCCN5,2026-02-02
B0D93SCCN5,2026-03-02
B0D93SVKN8,2025-04-28
B0D93SVKN8,2025-05-26
B0D93SVKN8,2025-06-23
B0D93SVKN8,2025-07-21
B0D93SVKN8,2025-08-18
B0D93SVKN8,2025-09-15
B0D93SVKN8,2025-10-13
B0D93SVKN8,2025-11-10
B0D93SVKN8,2025-12-08
B0D93SVKN8,2026-01-05
B0D93SVKN8,2026-02-02
B0D93SVKN8,2026-03-02
B0D9488V28,2025-04-28
B0D9488V28,2025-05-26
B0D9488V28,2025-06-23
B0D9488V28,2025-07-21
B0D9488V28,2025-08-18
B0D9488V28,2025-09-15
B0D9488V28,2025-10-13
B0D9488V28,2025-11-10
B0D9488V28,2025-12-08
B0D9488V28,2026-01-05
B0D9488V28,2026-02-02
B0D9488V28,2026-03-02
B0D9525R6W,2025-04-28
B0D9525R6W,2025-05-26
B0D9525R6W,2025-06-23
B0D9525R6W,2025-07-21
B0D9525R6W,2025-08-18
B0D9525R6W,2025-09-15
B0D9525R6W,2025-10-13
B0D9525R6W,2025-11-10
B0D9525R6W,2025-12-08
B0D9525R6W,2026-01-05
B0D9525R6W,2026-02-02
B0D9525R6W,2026-03-02
B0D95HSFJK,2025-04-28
B0D95HSFJK,2025-05-26
B0D95HSFJK,2025-06-23
B0D95HSFJK,2025-07-21
B0D95HSFJK,2025-08-18
B0D95HSFJK,2025-09-15
B0D95HSFJK,2025-10-13
B0D95HSFJK,2025-11-10
B0D95HSFJK,2025-12-08
B0D95HSFJK,2026-01-05
B0D95HSFJK,2026-02-02
B0D95HSFJK,2026-03-02
B0D95NPRZH,2025-04-28
B0D95NPRZH,2025-05-26
B0D95NPRZH,2025-06-23
B0D95NPRZH,2025-07-21
B0D95NPRZH,2025-08-18
B0D95NPRZH,2025-09-15
B0D95NPRZH,2025-10-13
B0D95NPRZH,2025-11-10
B0D95NPRZH,2025-12-08
B0D95NPRZH,2026-01-05
B0D95NPRZH,2026-02-02
B0D95NPRZH,2026-03-02
B0D98KYTXC,2025-04-28
B0D98KYTXC,2025-05-26
B0D98KYTXC,2025-06-23
B0D98KYTXC,2025-07-21
B0D98KYTXC,2025-08-18
B0D98KYTXC,2025-09-15
B0D98KYTXC,2025-10-13
B0D98KYTXC,2025-11-10
B0D98KYTXC,2025-12-08
B0D98KYTXC,2026-01-05
B0D98KYTXC,2026-02-02
B0D98KYTXC,2026-03-02
B0D9K9KSFN,2025-04-28
B0D9K9KSFN,2025-05-26
B0D9K9KSFN,2025-06-23
B0D9K9KSFN,2025-07-21
B0D9K9KSFN,2025-08-18
B0D9K9KSFN,2025-09-15
B0D9K9KSFN,2025-10-13
B0D9K9KSFN,2025-11-10
B0D9K9KSFN,2025-12-08
B0D9K9KSFN,2026-01-05
B0D9K9KSFN,2026-02-02
B0D9K9KSFN,2026-03-02
B0D9KBMXK4,2025-04-28
B0D9KBMXK4,2025-05-26
B0D9KBMXK4,2025-06-23
B0D9KBMXK4,2025-07-21
B0D9KBMXK4,2025-08-18
B0D9KBMXK4,2025-09-15
B0D9KBMXK4,2025-10-13
B0D9KBMXK4,2025-11-10
B0D9KBMXK4,2025-12-08
B0D9KBMXK4,2026-01-05
B0D9KBMXK4,2026-02-02
B0D9KBMXK4,2026-03-02
B0D9KCQ9D2,2025-04-28
B0D9KCQ9D2,2025-05-26
B0D9KCQ9D2,2025-06-23
B0D9KCQ9D2,2025-07-21
B0D9KCQ9D2,2025-08-18
B0D9KCQ9D2,2025-09-15
B0D9KCQ9D2,2025-10-13
B0D9KCQ9D2,2025-11-10
B0D9KCQ9D2,2025-12-08
B0D9KCQ9D2,2026-01-05
B0D9KCQ9D2,2026-02-02
B0D9KCQ9D2,2026-03-02
B0D9KL3Y16,2025-04-28
B0D9KL3Y16,2025-05-26
B0D9KL3Y16,2025-06-23
B0D9KL3Y16,2025-07-21
B0D9KL3Y16,2025-08-18
B0D9KL3Y16,2025-09-15
B0D9KL3Y16,2025-10-13
B0D9KL3Y16,2025-11-10
B0D9KL3Y16,2025-12-08
B0D9KL3Y16,2026-01-05
B0D9KL3Y16,2026-02-02
B0D9KL3Y16,2026-03-02
B0D9PHQN6P,2025-04-28
B0D9PHQN6P,2025-05-26
B0D9PHQN6P,2025-06-23
B0D9PHQN6P,2025-07-21
B0D9PHQN6P,2025-08-18
B0D9PHQN6P,2025-09-15
B0D9PHQN6P,2025-10-13
B0D9PHQN6P,2025-11-10
B0D9PHQN6P,2025-12-08
B0D9PHQN6P,2026-01-05
B0D9PHQN6P,2026-02-02
B0D9PHQN6P,2026-03-02
B0D9TF96W6,2025-04-28
B0D9TF96W6,2025-05-26
B0D9TF96W6,2025-06-23
B0D9TF96W6,2025-07-21
B0D9TF96W6,2025-08-18
B0D9TF96W6,2025-09-15
B0D9TF96W6,2025-10-13
B0D9TF96W6,2025-11-10
B0D9TF96W6,2025-12-08
B0D9TF96W6,2026-01-05
B0D9TF96W6,2026-02-02
B0D9TF96W6,2026-03-02
B0D9W64B2M,2025-04-28
B0D9W64B2M,2025-05-26
B0D9W64B2M,2025-06-23
B0D9W64B2M,2025-07-21
B0D9W64B2M,2025-08-18
B0D9W64B2M,2025-09-15
B0D9W64B2M,2025-10-13
B0D9W64B2M,2025-11-10
B0D9W64B2M,2025-12-08
B0D9W64B2M,2026-01-05
B0D9W64B2M,2026-02-02
B0D9W64B2M,2026-03-02
B0D9WMR5SZ,2025-04-28
B0D9WMR5SZ,2025-05-26
B0D9WMR5SZ,2025-06-23
B0D9WMR5SZ,2025-07-21
B0D9WMR5SZ,2025-08-18
B0D9WMR5SZ,2025-09-15
B0D9WMR5SZ,2025-10-13
B0D9WMR5SZ,2025-11-10
B0D9WMR5SZ,2025-12-08
B0D9WMR5SZ,2026-01-05
B0D9WMR5SZ,2026-02-02
B0D9WMR5SZ,2026-03-02
B0DB8XGHRY,2025-04-28
B0DB8XGHRY,2025-05-26
B0DB8XGHRY,2025-06-23
B0DB8XGHRY,2025-07-21
B0DB8XGHRY,2025-08-18
B0DB8XGHRY,2025-09-15
B0DB8XGHRY,2025-10-13
B0DB8XGHRY,2025-11-10
B0DB8XGHRY,2025-12-08
B0DB8XGHRY,2026-01-05
B0DB8XGHRY,2026-02-02
B0DB8XGHRY,2026-03-02
B0DBM4T1HJ,2025-04-28
B0DBM4T1HJ,2025-05-26
B0DBM4T1HJ,2025-06-23
B0DBM4T1HJ,2025-07-21
B0DBM4T1HJ,2025-08-18
B0DBM4T1HJ,2025-09-15
B0DBM4T1HJ,2025-10-13
B0DBM4T1HJ,2025-11-10
B0DBM4T1HJ,2025-12-08
B0DBM4T1HJ,2026-01-05
B0DBM4T1HJ,2026-02-02
B0DBM4T1HJ,2026-03-02
B0DBTT7J8J,2025-04-28
B0DBTT7J8J,2025-05-26
B0DBTT7J8J,2025-06-23
B0DBTT7J8J,2025-07-21
B0DBTT7J8J,2025-08-18
B0DBTT7J8J,2025-09-15
B0DBTT7J8J,2025-10-13
B0DBTT7J8J,2025-11-10
B0DBTT7J8J,2025-12-08
B0DBTT7J8J,2026-01-05
B0DBTT7J8J,2026-02-02
B0DBTT7J8J,2026-03-02
B0DBTW8NZR,2025-04-28
B0DBTW8NZR,2025-05-26
B0DBTW8NZR,2025-06-23
B0DBTW8NZR,2025-07-21
B0DBTW8NZR,2025-08-18
B0DBTW8NZR,2025-09-15
B0DBTW8NZR,2025-10-13
B0DBTW8NZR,2025-11-10
B0DBTW8NZR,2025-12-08
B0DBTW8NZR,2026-01-05
B0DBTW8NZR,2026-02-02
B0DBTW8NZR,2026-03-02
B0DBZ5GMFT,2025-04-28
B0DBZ5GMFT,2025-05-26
B0DBZ5GMFT,2025-06-23
B0DBZ5GMFT,2025-07-21
B0DBZ5GMFT,2025-08-18
B0DBZ5GMFT,2025-09-15
B0DBZ5GMFT,2025-10-13
B0DBZ5GMFT,2025-11-10
B0DBZ5GMFT,2025-12-08
B0DBZ5GMFT,2026-01-05
B0DBZ5GMFT,2026-02-02
B0DBZ5GMFT,2026-03-02
B0DC1MX46H,2025-04-28
B0DC1MX46H,2025-05-26
B0DC1MX46H,2025-06-23
B0DC1MX46H,2025-07-21
B0DC1MX46H,2025-08-18
B0DC1MX46H,2025-09-15
B0DC1MX46H,2025-10-13
B0DC1MX46H,2025-11-10
B0DC1MX46H,2025-12-08
B0DC1MX46H,2026-01-05
B0DC1MX46H,2026-02-02
B0DC1MX46H,2026-03-02
B0DC61VNZ9,2025-04-28
B0DC61VNZ9,2025-05-26
B0DC61VNZ9,2025-06-23
B0DC61VNZ9,2025-07-21
B0DC61VNZ9,2025-08-18
B0DC61VNZ9,2025-09-15
B0DC61VNZ9,2025-10-13
B0DC61VNZ9,2025-11-10
B0DC61VNZ9,2025-12-08
B0DC61VNZ9,2026-01-05
B0DC61VNZ9,2026-02-02
B0DC61VNZ9,2026-03-02
B0DC626CJS,2025-04-28
B0DC626CJS,2025-05-26
B0DC626CJS,2025-06-23
B0DC626CJS,2025-07-21
B0DC626CJS,2025-08-18
B0DC626CJS,2025-09-15
B0DC626CJS,2025-10-13
B0DC626CJS,2025-11-10
B0DC626CJS,2025-12-08
B0DC626CJS,2026-01-05
B0DC626CJS,2026-02-02
B0DC626CJS,2026-03-02
B0DCBRMQ5H,2025-04-28
B0DCBRMQ5H,2025-05-26
B0DCBRMQ5H,2025-06-23
B0DCBRMQ5H,2025-07-21
B0DCBRMQ5H,2025-08-18
B0DCBRMQ5H,2025-09-15
B0DCBRMQ5H,2025-10-13
B0DCBRMQ5H,2025-11-10
B0DCBRMQ5H,2025-12-08
B0DCBRMQ5H,2026-01-05
B0DCBRMQ5H,2026-02-02
B0DCBRMQ5H,2026-03-02
B0DCK1YTBL,2025-04-28
B0DCK1YTBL,2025-05-26
B0DCK1YTBL,2025-06-23
B0DCK1YTBL,2025-07-21
B0DCK1YTBL,2025-08-18
B0DCK1YTBL,2025-09-15
B0DCK1YTBL,2025-10-13
B0DCK1YTBL,2025-11-10
B0DCK1YTBL,2025-12-08
B0DCK1YTBL,2026-01-05
B0DCK1YTBL,2026-02-02
B0DCK1YTBL,2026-03-02
B0DCL6T79T,2025-04-28
B0DCL6T79T,2025-05-26
B0DCL6T79T,2025-06-23
B0DCL6T79T,2025-07-21
B0DCL6T79T,2025-08-18
B0DCL6T79T,2025-09-15
B0DCL6T79T,2025-10-13
B0DCL6T79T,2025-11-10
B0DCL6T79T,2025-12-08
B0DCL6T79T,2026-01-05
B0DCL6T79T,2026-02-02
B0DCL6T79T,2026-03-02
B0DCPSR4H1,2025-04-28
B0DCPSR4H1,2025-05-26
B0DCPSR4H1,2025-06-23
B0DCPSR4H1,2025-07-21
B0DCPSR4H1,2025-08-18
B0DCPSR4H1,2025-09-15
B0DCPSR4H1,2025-10-13
B0DCPSR4H1,2025-11-10
B0DCPSR4H1,2025-12-08
B0DCPSR4H1,2026-01-05
B0DCPSR4H1,2026-02-02
B0DCPSR4H1,2026-03-02
B0DCW24684,2025-04-28
B0DCW24684,2025-05-26
B0DCW24684,2025-06-23
B0DCW24684,2025-07-21
B0DCW24684,2025-08-18
B0DCW24684,2025-09-15
B0DCW24684,2025-10-13
B0DCW24684,2025-11-10
B0DCW24684,2025-12-08
B0DCW24684,2026-01-05
B0DCW24684,2026-02-02
B0DCW24684,2026-03-02
B0DCW2D9PX,2025-04-28
B0DCW2D9PX,2025-05-26
B0DCW2D9PX,2025-06-23
B0DCW2D9PX,2025-07-21
B0DCW2D9PX,2025-08-18
B0DCW2D9PX,2025-09-15
B0DCW2D9PX,2025-10-13
B0DCW2D9PX,2025-11-10
B0DCW2D9PX,2025-12-08
B0DCW2D9PX,2026-01-05
B0DCW2D9PX,2026-02-02
B0DCW2D9PX,2026-03-02
B0DDCRMM8R,2025-04-28
B0DDCRMM8R,2025-05-26
B0DDCRMM8R,2025-06-23
B0DDCRMM8R,2025-07-21
B0DDCRMM8R,2025-08-18
B0DDCRMM8R,2025-09-15
B0DDCRMM8R,2025-10-13
B0DDCRMM8R,2025-11-10
B0DDCRMM8R,2025-12-08
B0DDCRMM8R,2026-01-05
B0DDCRMM8R,2026-02-02
B0DDCRMM8R,2026-03-02
B0DDPR9KGT,2025-04-28
B0DDPR9KGT,2025-05-26
B0DDPR9KGT,2025-06-23
B0DDPR9KGT,2025-07-21
B0DDPR9KGT,2025-08-18
B0DDPR9KGT,2025-09-15
B0DDPR9KGT,2025-10-13
B0DDPR9KGT,2025-11-10
B0DDPR9KGT,2025-12-08
B0DDPR9KGT,2026-01-05
B0DDPR9KGT,2026-02-02
B0DDPR9KGT,2026-03-02
B0DDPRR8X4,2025-04-28
B0DDPRR8X4,2025-05-26
B0DDPRR8X4,2025-06-23
B0DDPRR8X4,2025-07-21
B0DDPRR8X4,2025-08-18
B0DDPRR8X4,2025-09-15
B0DDPRR8X4,2025-10-13
B0DDPRR8X4,2025-11-10
B0DDPRR8X4,2025-12-08
B0DDPRR8X4,2026-01-05
B0DDPRR8X4,2026-02-02
B0DDPRR8X4,2026-03-02
B0DDTB2ZKQ,2025-04-28
B0DDTB2ZKQ,2025-05-26
B0DDTB2ZKQ,2025-06-23
B0DDTB2ZKQ,2025-07-21
B0DDTB2ZKQ,2025-08-18
B0DDTB2ZKQ,2025-09-15
B0DDTB2ZKQ,2025-10-13
B0DDTB2ZKQ,2025-11-10
B0DDTB2ZKQ,2025-12-08
B0DDTB2ZKQ,2026-01-05
B0DDTB2ZKQ,2026-02-02
B0DDTB2ZKQ,2026-03-02
B0DDTLRPYM,2025-04-28
B0DDTLRPYM,2025-05-26
B0DDTLRPYM,2025-06-23
B0DDTLRPYM,2025-07-21
B0DDTLRPYM,2025-08-18
B0DDTLRPYM,2025-09-15
B0DDTLRPYM,2025-10-13
B0DDTLRPYM,2025-11-10
B0DDTLRPYM,2025-12-08
B0DDTLRPYM,2026-01-05
B0DDTLRPYM,2026-02-02
B0DDTLRPYM,2026-03-02
B0DFDTQK45,2025-04-28
B0DFDTQK45,2025-05-26
B0DFDTQK45,2025-06-23
B0DFDTQK45,2025-07-21
B0DFDTQK45,2025-08-18
B0DFDTQK45,2025-09-15
B0DFDTQK45,2025-10-13
B0DFDTQK45,2025-11-10
B0DFDTQK45,2025-12-08
B0DFDTQK45,2026-01-05
B0DFDTQK45,2026-02-02
B0DFDTQK45,2026-03-02
B0DFGDMM4N,2025-04-28
B0DFGDMM4N,2025-05-26
B0DFGDMM4N,2025-06-23
B0DFGDMM4N,2025-07-21
B0DFGDMM4N,2025-08-18
B0DFGDMM4N,2025-09-15
B0DFGDMM4N,2025-10-13
B0DFGDMM4N,2025-11-10
B0DFGDMM4N,2025-12-08
B0DFGDMM4N,2026-01-05
B0DFGDMM4N,2026-02-02
B0DFGDMM4N,2026-03-02
B0DFGJ4F7S,2025-04-28
B0DFGJ4F7S,2025-05-26
B0DFGJ4F7S,2025-06-23
B0DFGJ4F7S,2025-07-21
B0DFGJ4F7S,2025-08-18
B0DFGJ4F7S,2025-09-15
B0DFGJ4F7S,2025-10-13
B0DFGJ4F7S,2025-11-10
B0DFGJ4F7S,2025-12-08
B0DFGJ4F7S,2026-01-05
B0DFGJ4F7S,2026-02-02
B0DFGJ4F7S,2026-03-02
B0DFGJ4F7W,2025-04-28
B0DFGJ4F7W,2025-05-26
B0DFGJ4F7W,2025-06-23
B0DFGJ4F7W,2025-07-21
B0DFGJ4F7W,2025-08-18
B0DFGJ4F7W,2025-09-15
B0DFGJ4F7W,2025-10-13
B0DFGJ4F7W,2025-11-10
B0DFGJ4F7W,2025-12-08
B0DFGJ4F7W,2026-01-05
B0DFGJ4F7W,2026-02-02
B0DFGJ4F7W,2026-03-02
B0DFGYPPX3,2025-04-28
B0DFGYPPX3,2025-05-26
B0DFGYPPX3,2025-06-23
B0DFGYPPX3,2025-07-21
B0DFGYPPX3,2025-08-18
B0DFGYPPX3,2025-09-15
B0DFGYPPX3,2025-10-13
B0DFGYPPX3,2025-11-10
B0DFGYPPX3,2025-12-08
B0DFGYPPX3,2026-01-05
B0DFGYPPX3,2026-02-02
B0DFGYPPX3,2026-03-02
B0DFLTQ2JT,2025-04-28
B0DFLTQ2JT,2025-05-26
B0DFLTQ2JT,2025-06-23
B0DFLTQ2JT,2025-07-21
B0DFLTQ2JT,2025-08-18
B0DFLTQ2JT,2025-09-15
B0DFLTQ2JT,2025-10-13
B0DFLTQ2JT,2025-11-10
B0DFLTQ2JT,2025-12-08
B0DFLTQ2JT,2026-01-05
B0DFLTQ2JT,2026-02-02
B0DFLTQ2JT,2026-03-02
B0DFPC2J34,2025-04-28
B0DFPC2J34,2025-05-26
B0DFPC2J34,2025-06-23
B0DFPC2J34,2025-07-21
B0DFPC2J34,2025-08-18
B0DFPC2J34,2025-09-15
B0DFPC2J34,2025-10-13
B0DFPC2J34,2025-11-10
B0DFPC2J34,2025-12-08
B0DFPC2J34,2026-01-05
B0DFPC2J34,2026-02-02
B0DFPC2J34,2026-03-02
B0DFPD6B35,2025-04-28
B0DFPD6B35,2025-05-26
B0DFPD6B35,2025-06-23
B0DFPD6B35,2025-07-21
B0DFPD6B35,2025-08-18
B0DFPD6B35,2025-09-15
B0DFPD6B35,2025-10-13
B0DFPD6B35,2025-11-10
B0DFPD6B35,2025-12-08
B0DFPD6B35,2026-01-05
B0DFPD6B35,2026-02-02
B0DFPD6B35,2026-03-02
B0DFPMVG3F,2025-04-28
B0DFPMVG3F,2025-05-26
B0DFPMVG3F,2025-06-23
B0DFPMVG3F,2025-07-21
B0DFPMVG3F,2025-08-18
B0DFPMVG3F,2025-09-15
B0DFPMVG3F,2025-10-13
B0DFPMVG3F,2025-11-10
B0DFPMVG3F,2025-12-08
B0DFPMVG3F,2026-01-05
B0DFPMVG3F,2026-02-02
B0DFPMVG3F,2026-03-02
B0DFPTBJZX,2025-04-28
B0DFPTBJZX,2025-05-26
B0DFPTBJZX,2025-06-23
B0DFPTBJZX,2025-07-21
B0DFPTBJZX,2025-08-18
B0DFPTBJZX,2025-09-15
B0DFPTBJZX,2025-10-13
B0DFPTBJZX,2025-11-10
B0DFPTBJZX,2025-12-08
B0DFPTBJZX,2026-01-05
B0DFPTBJZX,2026-02-02
B0DFPTBJZX,2026-03-02
B0DFPXC8PJ,2025-04-28
B0DFPXC8PJ,2025-05-26
B0DFPXC8PJ,2025-06-23
B0DFPXC8PJ,2025-07-21
B0DFPXC8PJ,2025-08-18
B0DFPXC8PJ,2025-09-15
B0DFPXC8PJ,2025-10-13
B0DFPXC8PJ,2025-11-10
B0DFPXC8PJ,2025-12-08
B0DFPXC8PJ,2026-01-05
B0DFPXC8PJ,2026-02-02
B0DFPXC8PJ,2026-03-02
B0DFPYZHL5,2025-04-28
B0DFPYZHL5,2025-05-26
B0DFPYZHL5,2025-06-23
B0DFPYZHL5,2025-07-21
B0DFPYZHL5,2025-08-18
B0DFPYZHL5,2025-09-15
B0DFPYZHL5,2025-10-13
B0DFPYZHL5,2025-11-10
B0DFPYZHL5,2025-12-08
B0DFPYZHL5,2026-01-05
B0DFPYZHL5,2026-02-02
B0DFPYZHL5,2026-03-02
B0DFQ11YV6,2025-04-28
B0DFQ11YV6,2025-05-26
B0DFQ11YV6,2025-06-23
B0DFQ11YV6,2025-07-21
B0DFQ11YV6,2025-08-18
B0DFQ11YV6,2025-09-15
B0DFQ11YV6,2025-10-13
B0DFQ11YV6,2025-11-10
B0DFQ11YV6,2025-12-08
B0DFQ11YV6,2026-01-05
B0DFQ11YV6,2026-02-02
B0DFQ11YV6,2026-03-02
B0DFWBQY63,2025-04-28
B0DFWBQY63,2025-05-26
B0DFWBQY63,2025-06-23
B0DFWBQY63,2025-07-21
B0DFWBQY63,2025-08-18
B0DFWBQY63,2025-09-15
B0DFWBQY63,2025-10-13
B0DFWBQY63,2025-11-10
B0DFWBQY63,2025-12-08
B0DFWBQY63,2026-01-05
B0DFWBQY63,2026-02-02
B0DFWBQY63,2026-03-02
B0DFWFDXF1,2025-04-28
B0DFWFDXF1,2025-05-26
B0DFWFDXF1,2025-06-23
B0DFWFDXF1,2025-07-21
B0DFWFDXF1,2025-08-18
B0DFWFDXF1,2025-09-15
B0DFWFDXF1,2025-10-13
B0DFWFDXF1,2025-11-10
B0DFWFDXF1,2025-12-08
B0DFWFDXF1,2026-01-05
B0DFWFDXF1,2026-02-02
B0DFWFDXF1,2026-03-02
B0DFWGSNFW,2025-04-28
B0DFWGSNFW,2025-05-26
B0DFWGSNFW,2025-06-23
B0DFWGSNFW,2025-07-21
B0DFWGSNFW,2025-08-18
B0DFWGSNFW,2025-09-15
B0DFWGSNFW,2025-10-13
B0DFWGSNFW,2025-11-10
B0DFWGSNFW,2025-12-08
B0DFWGSNFW,2026-01-05
B0DFWGSNFW,2026-02-02
B0DFWGSNFW,2026-03-02
B0DFWJND6V,2025-04-28
B0DFWJND6V,2025-05-26
B0DFWJND6V,2025-06-23
B0DFWJND6V,2025-07-21
B0DFWJND6V,2025-08-18
B0DFWJND6V,2025-09-15
B0DFWJND6V,2025-10-13
B0DFWJND6V,2025-11-10
B0DFWJND6V,2025-12-08
B0DFWJND6V,2026-01-05
B0DFWJND6V,2026-02-02
B0DFWJND6V,2026-03-02
B0DFY8Z9JS,2025-04-28
B0DFY8Z9JS,2025-05-26
B0DFY8Z9JS,2025-06-23
B0DFY8Z9JS,2025-07-21
B0DFY8Z9JS,2025-08-18
B0DFY8Z9JS,2025-09-15
B0DFY8Z9JS,2025-10-13
B0DFY8Z9JS,2025-11-10
B0DFY8Z9JS,2025-12-08
B0DFY8Z9JS,2026-01-05
B0DFY8Z9JS,2026-02-02
B0DFY8Z9JS,2026-03-02
B0DFY9GWBD,2025-04-28
B0DFY9GWBD,2025-05-26
B0DFY9GWBD,2025-06-23
B0DFY9GWBD,2025-07-21
B0DFY9GWBD,2025-08-18
B0DFY9GWBD,2025-09-15
B0DFY9GWBD,2025-10-13
B0DFY9GWBD,2025-11-10
B0DFY9GWBD,2025-12-08
B0DFY9GWBD,2026-01-05
B0DFY9GWBD,2026-02-02
B0DFY9GWBD,2026-03-02
B0DG7RFD5H,2025-04-28
B0DG7RFD5H,2025-05-26
B0DG7RFD5H,2025-06-23
B0DG7RFD5H,2025-07-21
B0DG7RFD5H,2025-08-18
B0DG7RFD5H,2025-09-15
B0DG7RFD5H,2025-10-13
B0DG7RFD5H,2025-11-10
B0DG7RFD5H,2025-12-08
B0DG7RFD5H,2026-01-05
B0DG7RFD5H,2026-02-02
B0DG7RFD5H,2026-03-02
B0DG8FG2Z1,2025-04-28
B0DG8FG2Z1,2025-05-26
B0DG8FG2Z1,2025-06-23
B0DG8FG2Z1,2025-07-21
B0DG8FG2Z1,2025-08-18
B0DG8FG2Z1,2025-09-15
B0DG8FG2Z1,2025-10-13
B0DG8FG2Z1,2025-11-10
B0DG8FG2Z1,2025-12-08
B0DG8FG2Z1,2026-01-05
B0DG8FG2Z1,2026-02-02
B0DG8FG2Z1,2026-03-02
B0DGFC19QW,2025-04-28
B0DGFC19QW,2025-05-26
B0DGFC19QW,2025-06-23
B0DGFC19QW,2025-07-21
B0DGFC19QW,2025-08-18
B0DGFC19QW,2025-09-15
B0DGFC19QW,2025-10-13
B0DGFC19QW,2025-11-10
B0DGFC19QW,2025-12-08
B0DGFC19QW,2026-01-05
B0DGFC19QW,2026-02-02
B0DGFC19QW,2026-03-02
B0DGGVHY2K,2025-04-28
B0DGGVHY2K,2025-05-26
B0DGGVHY2K,2025-06-23
B0DGGVHY2K,2025-07-21
B0DGGVHY2K,2025-08-18
B0DGGVHY2K,2025-09-15
B0DGGVHY2K,2025-10-13
B0DGGVHY2K,2025-11-10
B0DGGVHY2K,2025-12-08
B0DGGVHY2K,2026-01-05
B0DGGVHY2K,2026-02-02
B0DGGVHY2K,2026-03-02
B0DGQGP96T,2025-04-28
B0DGQGP96T,2025-05-26
B0DGQGP96T,2025-06-23
B0DGQGP96T,2025-07-21
B0DGQGP96T,2025-08-18
B0DGQGP96T,2025-09-15
B0DGQGP96T,2025-10-13
B0DGQGP96T,2025-11-10
B0DGQGP96T,2025-12-08
B0DGQGP96T,2026-01-05
B0DGQGP96T,2026-02-02
B0DGQGP96T,2026-03-02
B0DGQHJ2X5,2025-04-28
B0DGQHJ2X5,2025-05-26
B0DGQHJ2X5,2025-06-23
B0DGQHJ2X5,2025-07-21
B0DGQHJ2X5,2025-08-18
B0DGQHJ2X5,2025-09-15
B0DGQHJ2X5,2025-10-13
B0DGQHJ2X5,2025-11-10
B0DGQHJ2X5,2025-12-08
B0DGQHJ2X5,2026-01-05
B0DGQHJ2X5,2026-02-02
B0DGQHJ2X5,2026-03-02
B0DGXW8HLG,2025-04-28
B0DGXW8HLG,2025-05-26
B0DGXW8HLG,2025-06-23
B0DGXW8HLG,2025-07-21
B0DGXW8HLG,2025-08-18
B0DGXW8HLG,2025-09-15
B0DGXW8HLG,2025-10-13
B0DGXW8HLG,2025-11-10
B0DGXW8HLG,2025-12-08
B0DGXW8HLG,2026-01-05
B0DGXW8HLG,2026-02-02
B0DGXW8HLG,2026-03-02
B0DH2FJG3P,2025-04-28
B0DH2FJG3P,2025-05-26
B0DH2FJG3P,2025-06-23
B0DH2FJG3P,2025-07-21
B0DH2FJG3P,2025-08-18
B0DH2FJG3P,2025-09-15
B0DH2FJG3P,2025-10-13
B0DH2FJG3P,2025-11-10
B0DH2FJG3P,2025-12-08
B0DH2FJG3P,2026-01-05
B0DH2FJG3P,2026-02-02
B0DH2FJG3P,2026-03-02
B0DHLHVWHW,2025-04-28
B0DHLHVWHW,2025-05-26
B0DHLHVWHW,2025-06-23
B0DHLHVWHW,2025-07-21
B0DHLHVWHW,2025-08-18
B0DHLHVWHW,2025-09-15
B0DHLHVWHW,2025-10-13
B0DHLHVWHW,2025-11-10
B0DHLHVWHW,2025-12-08
B0DHLHVWHW,2026-01-05
B0DHLHVWHW,2026-02-02
B0DHLHVWHW,2026-03-02
B0DHSKXHZD,2025-04-28
B0DHSKXHZD,2025-05-26
B0DHSKXHZD,2025-06-23
B0DHSKXHZD,2025-07-21
B0DHSKXHZD,2025-08-18
B0DHSKXHZD,2025-09-15
B0DHSKXHZD,2025-10-13
B0DHSKXHZD,2025-11-10
B0DHSKXHZD,2025-12-08
B0DHSKXHZD,2026-01-05
B0DHSKXHZD,2026-02-02
B0DHSKXHZD,2026-03-02
B0DHW83LV7,2025-04-28
B0DHW83LV7,2025-05-26
B0DHW83LV7,2025-06-23
B0DHW83LV7,2025-07-21
B0DHW83LV7,2025-08-18
B0DHW83LV7,2025-09-15
B0DHW83LV7,2025-10-13
B0DHW83LV7,2025-11-10
B0DHW83LV7,2025-12-08
B0DHW83LV7,2026-01-05
B0DHW83LV7,2026-02-02
B0DHW83LV7,2026-03-02
B0DHWB5X3T,2025-04-28
B0DHWB5X3T,2025-05-26
B0DHWB5X3T,2025-06-23
B0DHWB5X3T,2025-07-21
B0DHWB5X3T,2025-08-18
B0DHWB5X3T,2025-09-15
B0DHWB5X3T,2025-10-13
B0DHWB5X3T,2025-11-10
B0DHWB5X3T,2025-12-08
B0DHWB5X3T,2026-01-05
B0DHWB5X3T,2026-02-02
B0DHWB5X3T,2026-03-02
B0DHXLWHRG,2025-04-28
B0DHXLWHRG,2025-05-26
B0DHXLWHRG,2025-06-23
B0DHXLWHRG,2025-07-21
B0DHXLWHRG,2025-08-18
B0DHXLWHRG,2025-09-15
B0DHXLWHRG,2025-10-13
B0DHXLWHRG,2025-11-10
B0DHXLWHRG,2025-12-08
B0DHXLWHRG,2026-01-05
B0DHXLWHRG,2026-02-02
B0DHXLWHRG,2026-03-02
B0DHZ136FZ,2025-04-28
B0DHZ136FZ,2025-05-26
B0DHZ136FZ,2025-06-23
B0DHZ136FZ,2025-07-21
B0DHZ136FZ,2025-08-18
B0DHZ136FZ,2025-09-15
B0DHZ136FZ,2025-10-13
B0DHZ136FZ,2025-11-10
B0DHZ136FZ,2025-12-08
B0DHZ136FZ,2026-01-05
B0DHZ136FZ,2026-02-02
B0DHZ136FZ,2026-03-02
B0DHZ25JM4,2025-04-28
B0DHZ25JM4,2025-05-26
B0DHZ25JM4,2025-06-23
B0DHZ25JM4,2025-07-21
B0DHZ25JM4,2025-08-18
B0DHZ25JM4,2025-09-15
B0DHZ25JM4,2025-10-13
B0DHZ25JM4,2025-11-10
B0DHZ25JM4,2025-12-08
B0DHZ25JM4,2026-01-05
B0DHZ25JM4,2026-02-02
B0DHZ25JM4,2026-03-02
B0DHZ43P42,2025-04-28
B0DHZ43P42,2025-05-26
B0DHZ43P42,2025-06-23
B0DHZ43P42,2025-07-21
B0DHZ43P42,2025-08-18
B0DHZ43P42,2025-09-15
B0DHZ43P42,2025-10-13
B0DHZ43P42,2025-11-10
B0DHZ43P42,2025-12-08
B0DHZ43P42,2026-01-05
B0DHZ43P42,2026-02-02
B0DHZ43P42,2026-03-02
B0DHZ4FX6V,2025-04-28
B0DHZ4FX6V,2025-05-26
B0DHZ4FX6V,2025-06-23
B0DHZ4FX6V,2025-07-21
B0DHZ4FX6V,2025-08-18
B0DHZ4FX6V,2025-09-15
B0DHZ4FX6V,2025-10-13
B0DHZ4FX6V,2025-11-10
B0DHZ4FX6V,2025-12-08
B0DHZ4FX6V,2026-01-05
B0DHZ4FX6V,2026-02-02
B0DHZ4FX6V,2026-03-02
B0DJ2VVVG3,2025-04-28
B0DJ2VVVG3,2025-05-26
B0DJ2VVVG3,2025-06-23
B0DJ2VVVG3,2025-07-21
B0DJ2VVVG3,2025-08-18
B0DJ2VVVG3,2025-09-15
B0DJ2VVVG3,2025-10-13
B0DJ2VVVG3,2025-11-10
B0DJ2VVVG3,2025-12-08
B0DJ2VVVG3,2026-01-05
B0DJ2VVVG3,2026-02-02
B0DJ2VVVG3,2026-03-02
B0DJ2X47DF,2025-04-28
B0DJ2X47DF,2025-05-26
B0DJ2X47DF,2025-06-23
B0DJ2X47DF,2025-07-21
B0DJ2X47DF,2025-08-18
B0DJ2X47DF,2025-09-15
B0DJ2X47DF,2025-10-13
B0DJ2X47DF,2025-11-10
B0DJ2X47DF,2025-12-08
B0DJ2X47DF,2026-01-05
B0DJ2X47DF,2026-02-02
B0DJ2X47DF,2026-03-02
B0DJ2XSZ48,2025-04-28
B0DJ2XSZ48,2025-05-26
B0DJ2XSZ48,2025-06-23
B0DJ2XSZ48,2025-07-21
B0DJ2XSZ48,2025-08-18
B0DJ2XSZ48,2025-09-15
B0DJ2XSZ48,2025-10-13
B0DJ2XSZ48,2025-11-10
B0DJ2XSZ48,2025-12-08
B0DJ2XSZ48,2026-01-05
B0DJ2XSZ48,2026-02-02
B0DJ2XSZ48,2026-03-02
B0DJ86N6F6,2025-04-28
B0DJ86N6F6,2025-05-26
B0DJ86N6F6,2025-06-23
B0DJ86N6F6,2025-07-21
B0DJ86N6F6,2025-08-18
B0DJ86N6F6,2025-09-15
B0DJ86N6F6,2025-10-13
B0DJ86N6F6,2025-11-10
B0DJ86N6F6,2025-12-08
B0DJ86N6F6,2026-01-05
B0DJ86N6F6,2026-02-02
B0DJ86N6F6,2026-03-02
B0DJ87S2ZH,2025-04-28
B0DJ87S2ZH,2025-05-26
B0DJ87S2ZH,2025-06-23
B0DJ87S2ZH,2025-07-21
B0DJ87S2ZH,2025-08-18
B0DJ87S2ZH,2025-09-15
B0DJ87S2ZH,2025-10-13
B0DJ87S2ZH,2025-11-10
B0DJ87S2ZH,2025-12-08
B0DJ87S2ZH,2026-01-05
B0DJ87S2ZH,2026-02-02
B0DJ87S2ZH,2026-03-02
B0DJ8XW4DH,2025-04-28
B0DJ8XW4DH,2025-05-26
B0DJ8XW4DH,2025-06-23
B0DJ8XW4DH,2025-07-21
B0DJ8XW4DH,2025-08-18
B0DJ8XW4DH,2025-09-15
B0DJ8XW4DH,2025-10-13
B0DJ8XW4DH,2025-11-10
B0DJ8XW4DH,2025-12-08
B0DJ8XW4DH,2026-01-05
B0DJ8XW4DH,2026-02-02
B0DJ8XW4DH,2026-03-02
B0DJG9S1QV,2025-04-28
B0DJG9S1QV,2025-05-26
B0DJG9S1QV,2025-06-23
B0DJG9S1QV,2025-07-21
B0DJG9S1QV,2025-08-18
B0DJG9S1QV,2025-09-15
B0DJG9S1QV,2025-10-13
B0DJG9S1QV,2025-11-10
B0DJG9S1QV,2025-12-08
B0DJG9S1QV,2026-01-05
B0DJG9S1QV,2026-02-02
B0DJG9S1QV,2026-03-02
B0DJGBRBJR,2025-04-28
B0DJGBRBJR,2025-05-26
B0DJGBRBJR,2025-06-23
B0DJGBRBJR,2025-07-21
B0DJGBRBJR,2025-08-18
B0DJGBRBJR,2025-09-15
B0DJGBRBJR,2025-10-13
B0DJGBRBJR,2025-11-10
B0DJGBRBJR,2025-12-08
B0DJGBRBJR,2026-01-05
B0DJGBRBJR,2026-02-02
B0DJGBRBJR,2026-03-02
B0DJQXCXQF,2025-04-28
B0DJQXCXQF,2025-05-26
B0DJQXCXQF,2025-06-23
B0DJQXCXQF,2025-07-21
B0DJQXCXQF,2025-08-18
B0DJQXCXQF,2025-09-15
B0DJQXCXQF,2025-10-13
B0DJQXCXQF,2025-11-10
B0DJQXCXQF,2025-12-08
B0DJQXCXQF,2026-01-05
B0DJQXCXQF,2026-02-02
B0DJQXCXQF,2026-03-02
B0DJS9TFRR,2025-04-28
B0DJS9TFRR,2025-05-26
B0DJS9TFRR,2025-06-23
B0DJS9TFRR,2025-07-21
B0DJS9TFRR,2025-08-18
B0DJS9TFRR,2025-09-15
B0DJS9TFRR,2025-10-13
B0DJS9TFRR,2025-11-10
B0DJS9TFRR,2025-12-08
B0DJS9TFRR,2026-01-05
B0DJS9TFRR,2026-02-02
B0DJS9TFRR,2026-03-02
B0DJST325Q,2025-04-28
B0DJST325Q,2025-05-26
B0DJST325Q,2025-06-23
B0DJST325Q,2025-07-21
B0DJST325Q,2025-08-18
B0DJST325Q,2025-09-15
B0DJST325Q,2025-10-13
B0DJST325Q,2025-11-10
B0DJST325Q,2025-12-08
B0DJST325Q,2026-01-05
B0DJST325Q,2026-02-02
B0DJST325Q,2026-03-02
B0DJVV272G,2025-04-28
B0DJVV272G,2025-05-26
B0DJVV272G,2025-06-23
B0DJVV272G,2025-07-21
B0DJVV272G,2025-08-18
B0DJVV272G,2025-09-15
B0DJVV272G,2025-10-13
B0DJVV272G,2025-11-10
B0DJVV272G,2025-12-08
B0DJVV272G,2026-01-05
B0DJVV272G,2026-02-02
B0DJVV272G,2026-03-02
B0DK1DT3B2,2025-04-28
B0DK1DT3B2,2025-05-26
B0DK1DT3B2,2025-06-23
B0DK1DT3B2,2025-07-21
B0DK1DT3B2,2025-08-18
B0DK1DT3B2,2025-09-15
B0DK1DT3B2,2025-10-13
B0DK1DT3B2,2025-11-10
B0DK1DT3B2,2025-12-08
B0DK1DT3B2,2026-01-05
B0DK1DT3B2,2026-02-02
B0DK1DT3B2,2026-03-02
B0DK2J7G95,2025-04-28
B0DK2J7G95,2025-05-26
B0DK2J7G95,2025-06-23
B0DK2J7G95,2025-07-21
B0DK2J7G95,2025-08-18
B0DK2J7G95,2025-09-15
B0DK2J7G95,2025-10-13
B0DK2J7G95,2025-11-10
B0DK2J7G95,2025-12-08
B0DK2J7G95,2026-01-05
B0DK2J7G95,2026-02-02
B0DK2J7G95,2026-03-02
B0DKF5DJJ4,2025-04-28
B0DKF5DJJ4,2025-05-26
B0DKF5DJJ4,2025-06-23
B0DKF5DJJ4,2025-07-21
B0DKF5DJJ4,2025-08-18
B0DKF5DJJ4,2025-09-15
B0DKF5DJJ4,2025-10-13
B0DKF5DJJ4,2025-11-10
B0DKF5DJJ4,2025-12-08
B0DKF5DJJ4,2026-01-05
B0DKF5DJJ4,2026-02-02
B0DKF5DJJ4,2026-03-02
B0DKF6MF9D,2025-04-28
B0DKF6MF9D,2025-05-26
B0DKF6MF9D,2025-06-23
B0DKF6MF9D,2025-07-21
B0DKF6MF9D,2025-08-18
B0DKF6MF9D,2025-09-15
B0DKF6MF9D,2025-10-13
B0DKF6MF9D,2025-11-10
B0DKF6MF9D,2025-12-08
B0DKF6MF9D,2026-01-05
B0DKF6MF9D,2026-02-02
B0DKF6MF9D,2026-03-02
B0DKH4LHRN,2025-04-28
B0DKH4LHRN,2025-05-26
B0DKH4LHRN,2025-06-23
B0DKH4LHRN,2025-07-21
B0DKH4LHRN,2025-08-18
B0DKH4LHRN,2025-09-15
B0DKH4LHRN,2025-10-13
B0DKH4LHRN,2025-11-10
B0DKH4LHRN,2025-12-08
B0DKH4LHRN,2026-01-05
B0DKH4LHRN,2026-02-02
B0DKH4LHRN,2026-03-02
B0DL2FMBW5,2025-04-28
B0DL2FMBW5,2025-05-26
B0DL2FMBW5,2025-06-23
B0DL2FMBW5,2025-07-21
B0DL2FMBW5,2025-08-18
B0DL2FMBW5,2025-09-15
B0DL2FMBW5,2025-10-13
B0DL2FMBW5,2025-11-10
B0DL2FMBW5,2025-12-08
B0DL2FMBW5,2026-01-05
B0DL2FMBW5,2026-02-02
B0DL2FMBW5,2026-03-02
B0DL5GVZSR,2025-04-28
B0DL5GVZSR,2025-05-26
B0DL5GVZSR,2025-06-23
B0DL5GVZSR,2025-07-21
B0DL5GVZSR,2025-08-18
B0DL5GVZSR,2025-09-15
B0DL5GVZSR,2025-10-13
B0DL5GVZSR,2025-11-10
B0DL5GVZSR,2025-12-08
B0DL5GVZSR,2026-01-05
B0DL5GVZSR,2026-02-02
B0DL5GVZSR,2026-03-02
B0DLB8BMFP,2025-04-28
B0DLB8BMFP,2025-05-26
B0DLB8BMFP,2025-06-23
B0DLB8BMFP,2025-07-21
B0DLB8BMFP,2025-08-18
B0DLB8BMFP,2025-09-15
B0DLB8BMFP,2025-10-13
B0DLB8BMFP,2025-11-10
B0DLB8BMFP,2025-12-08
B0DLB8BMFP,2026-01-05
B0DLB8BMFP,2026-02-02
B0DLB8BMFP,2026-03-02
B0DLBC5Y7F,2025-04-28
B0DLBC5Y7F,2025-05-26
B0DLBC5Y7F,2025-06-23
B0DLBC5Y7F,2025-07-21
B0DLBC5Y7F,2025-08-18
B0DLBC5Y7F,2025-09-15
B0DLBC5Y7F,2025-10-13
B0DLBC5Y7F,2025-11-10
B0DLBC5Y7F,2025-12-08
B0DLBC5Y7F,2026-01-05
B0DLBC5Y7F,2026-02-02
B0DLBC5Y7F,2026-03-02
B0DLDJYF7V,2025-04-28
B0DLDJYF7V,2025-05-26
B0DLDJYF7V,2025-06-23
B0DLDJYF7V,2025-07-21
B0DLDJYF7V,2025-08-18
B0DLDJYF7V,2025-09-15
B0DLDJYF7V,2025-10-13
B0DLDJYF7V,2025-11-10
B0DLDJYF7V,2025-12-08
B0DLDJYF7V,2026-01-05
B0DLDJYF7V,2026-02-02
B0DLDJYF7V,2026-03-02
B0DLGD6B2D,2025-04-28
B0DLGD6B2D,2025-05-26
B0DLGD6B2D,2025-06-23
B0DLGD6B2D,2025-07-21
B0DLGD6B2D,2025-08-18
B0DLGD6B2D,2025-09-15
B0DLGD6B2D,2025-10-13
B0DLGD6B2D,2025-11-10
B0DLGD6B2D,2025-12-08
B0DLGD6B2D,2026-01-05
B0DLGD6B2D,2026-02-02
B0DLGD6B2D,2026-03-02
B0DLH2B5DN,2025-04-28
B0DLH2B5DN,2025-05-26
B0DLH2B5DN,2025-06-23
B0DLH2B5DN,2025-07-21
B0DLH2B5DN,2025-08-18
B0DLH2B5DN,2025-09-15
B0DLH2B5DN,2025-10-13
B0DLH2B5DN,2025-11-10
B0DLH2B5DN,2025-12-08
B0DLH2B5DN,2026-01-05
B0DLH2B5DN,2026-02-02
B0DLH2B5DN,2026-03-02
B0DLH3P5DC,2025-04-28
B0DLH3P5DC,2025-05-26
B0DLH3P5DC,2025-06-23
B0DLH3P5DC,2025-07-21
B0DLH3P5DC,2025-08-18
B0DLH3P5DC,2025-09-15
B0DLH3P5DC,2025-10-13
B0DLH3P5DC,2025-11-10
B0DLH3P5DC,2025-12-08
B0DLH3P5DC,2026-01-05
B0DLH3P5DC,2026-02-02
B0DLH3P5DC,2026-03-02
B0DLH58WLT,2025-04-28
B0DLH58WLT,2025-05-26
B0DLH58WLT,2025-06-23
B0DLH58WLT,2025-07-21
B0DLH58WLT,2025-08-18
B0DLH58WLT,2025-09-15
B0DLH58WLT,2025-10-13
B0DLH58WLT,2025-11-10
B0DLH58WLT,2025-12-08
B0DLH58WLT,2026-01-05
B0DLH58WLT,2026-02-02
B0DLH58WLT,2026-03-02
B0DM5W11LD,2025-04-28
B0DM5W11LD,2025-05-26
B0DM5W11LD,2025-06-23
B0DM5W11LD,2025-07-21
B0DM5W11LD,2025-08-18
B0DM5W11LD,2025-09-15
B0DM5W11LD,2025-10-13
B0DM5W11LD,2025-11-10
B0DM5W11LD,2025-12-08
B0DM5W11LD,2026-01-05
B0DM5W11LD,2026-02-02
B0DM5W11LD,2026-03-02
B0DMNJSG3Z,2025-04-28
B0DMNJSG3Z,2025-05-26
B0DMNJSG3Z,2025-06-23
B0DMNJSG3Z,2025-07-21
B0DMNJSG3Z,2025-08-18
B0DMNJSG3Z,2025-09-15
B0DMNJSG3Z,2025-10-13
B0DMNJSG3Z,2025-11-10
B0DMNJSG3Z,2025-12-08
B0DMNJSG3Z,2026-01-05
B0DMNJSG3Z,2026-02-02
B0DMNJSG3Z,2026-03-02
B0DNKB1JWV,2025-04-28
B0DNKB1JWV,2025-05-26
B0DNKB1JWV,2025-06-23
B0DNKB1JWV,2025-07-21
B0DNKB1JWV,2025-08-18
B0DNKB1JWV,2025-09-15
B0DNKB1JWV,2025-10-13
B0DNKB1JWV,2025-11-10
B0DNKB1JWV,2025-12-08
B0DNKB1JWV,2026-01-05
B0DNKB1JWV,2026-02-02
B0DNKB1JWV,2026-03-02
B0DNKBQJY2,2025-04-28
B0DNKBQJY2,2025-05-26
B0DNKBQJY2,2025-06-23
B0DNKBQJY2,2025-07-21
B0DNKBQJY2,2025-08-18
B0DNKBQJY2,2025-09-15
B0DNKBQJY2,2025-10-13
B0DNKBQJY2,2025-11-10
B0DNKBQJY2,2025-12-08
B0DNKBQJY2,2026-01-05
B0DNKBQJY2,2026-02-02
B0DNKBQJY2,2026-03-02
B0DP23LJ4P,2025-04-28
B0DP23LJ4P,2025-05-26
B0DP23LJ4P,2025-06-23
B0DP23LJ4P,2025-07-21
B0DP23LJ4P,2025-08-18
B0DP23LJ4P,2025-09-15
B0DP23LJ4P,2025-10-13
B0DP23LJ4P,2025-11-10
B0DP23LJ4P,2025-12-08
B0DP23LJ4P,2026-01-05
B0DP23LJ4P,2026-02-02
B0DP23LJ4P,2026-03-02
B0DP9M7JM5,2025-04-28
B0DP9M7JM5,2025-05-26
B0DP9M7JM5,2025-06-23
B0DP9M7JM5,2025-07-21
B0DP9M7JM5,2025-08-18
B0DP9M7JM5,2025-09-15
B0DP9M7JM5,2025-10-13
B0DP9M7JM5,2025-11-10
B0DP9M7JM5,2025-12-08
B0DP9M7JM5,2026-01-05
B0DP9M7JM5,2026-02-02
B0DP9M7JM5,2026-03-02
B0DPQ42MN5,2025-04-28
B0DPQ42MN5,2025-05-26
B0DPQ42MN5,2025-06-23
B0DPQ42MN5,2025-07-21
B0DPQ42MN5,2025-08-18
B0DPQ42MN5,2025-09-15
B0DPQ42MN5,2025-10-13
B0DPQ42MN5,2025-11-10
B0DPQ42MN5,2025-12-08
B0DPQ42MN5,2026-01-05
B0DPQ42MN5,2026-02-02
B0DPQ42MN5,2026-03-02
B0DPZS3QQP,2025-04-28
B0DPZS3QQP,2025-05-26
B0DPZS3QQP,2025-06-23
B0DPZS3QQP,2025-07-21
B0DPZS3QQP,2025-08-18
B0DPZS3QQP,2025-09-15
B0DPZS3QQP,2025-10-13
B0DPZS3QQP,2025-11-10
B0DPZS3QQP,2025-12-08
B0DPZS3QQP,2026-01-05
B0DPZS3QQP,2026-02-02
B0DPZS3QQP,2026-03-02
B0DQS4S97Q,2025-04-28
B0DQS4S97Q,2025-05-26
B0DQS4S97Q,2025-06-23
B0DQS4S97Q,2025-07-21
B0DQS4S97Q,2025-08-18
B0DQS4S97Q,2025-09-15
B0DQS4S97Q,2025-10-13
B0DQS4S97Q,2025-11-10
B0DQS4S97Q,2025-12-08
B0DQS4S97Q,2026-01-05
B0DQS4S97Q,2026-02-02
B0DQS4S97Q,2026-03-02
B0DQTNSY4J,2025-04-28
B0DQTNSY4J,2025-05-26
B0DQTNSY4J,2025-06-23
B0DQTNSY4J,2025-07-21
B0DQTNSY4J,2025-08-18
B0DQTNSY4J,2025-09-15
B0DQTNSY4J,2025-10-13
B0DQTNSY4J,2025-11-10
B0DQTNSY4J,2025-12-08
B0DQTNSY4J,2026-01-05
B0DQTNSY4J,2026-02-02
B0DQTNSY4J,2026-03-02
