ASIN,date
B00B9VZJ1Y,2025-04-28
B00B9VZJ1Y,2025-05-26
B00B9VZJ1Y,2025-06-23
B00B9VZJ1Y,2025-07-21
B00B9VZJ1Y,2025-08-18
B00B9VZJ1Y,2025-09-15
B00B9VZJ1Y,2025-10-13
B00B9VZJ1Y,2025-11-10
B00B9VZJ1Y,2025-12-08
B00B9VZJ1Y,2026-01-05
B00B9VZJ1Y,2026-02-02
B00B9VZJ1Y,2026-03-02
B016E4SGJM,2025-04-28
B016E4SGJM,2025-05-26
B016E4SGJM,2025-06-23
B016E4SGJM,2025-07-21
B016E4SGJM,2025-08-18
B016E4SGJM,2025-09-15
B016E4SGJM,2025-10-13
B016E4SGJM,2025-11-10
B016E4SGJM,2025-12-08
B016E4SGJM,2026-01-05
B016E4SGJM,2026-02-02
B016E4SGJM,2026-03-02
B016E4SGRE,2025-04-28
B016E4SGRE,2025-05-26
B016E4SGRE,2025-06-23
B016E4SGRE,2025-07-21
B016E4SGRE,2025-08-18
B016E4SGRE,2025-09-15
B016E4SGRE,2025-10-13
B016E4SGRE,2025-11-10
B016E4SGRE,2025-12-08
B016E4SGRE,2026-01-05
B016E4SGRE,2026-02-02
B016E4SGRE,2026-03-02
B016E4TMLI,2025-04-28
B016E4TMLI,2025-05-26
B016E4TMLI,2025-06-23
B016E4TMLI,2025-07-21
B016E4TMLI,2025-08-18
B016E4TMLI,2025-09-15
B016E4TMLI,2025-10-13
B016E4TMLI,2025-11-10
B016E4TMLI,2025-12-08
B016E4TMLI,2026-01-05
B016E4TMLI,2026-02-02
B016E4TMLI,2026-03-02
B016E4U1KY,2025-04-28
B016E4U1KY,2025-05-26
B016E4U1KY,2025-06-23
B016E4U1KY,2025-07-21
B016E4U1KY,2025-08-18
B016E4U1KY,2025-09-15
B016E4U1KY,2025-10-13
B016E4U1KY,2025-11-10
B016E4U1KY,2025-12-08
B016E4U1KY,2026-01-05
B016E4U1KY,2026-02-02
B016E4U1KY,2026-03-02
B016E4UW8A,2025-04-28
B016E4UW8A,2025-05-26
B016E4UW8A,2025-06-23
B016E4UW8A,2025-07-21
B016E4UW8A,2025-08-18
B016E4UW8A,2025-09-15
B016E4UW8A,2025-10-13
B016E4UW8A,2025-11-10
B016E4UW8A,2025-12-08
B016E4UW8A,2026-01-05
B016E4UW8A,2026-02-02
B016E4UW8A,2026-03-02
B01EF5W7HO,2025-04-28
B01EF5W7HO,2025-05-26
B01EF5W7HO,2025-06-23
B01EF5W7HO,2025-07-21
B01EF5W7HO,2025-08-18
B01EF5W7HO,2025-09-15
B01EF5W7HO,2025-10-13
B01EF5W7HO,2025-11-10
B01EF5W7HO,2025-12-08
B01EF5W7HO,2026-01-05
B01EF5W7HO,2026-02-02
B01EF5W7HO,2026-03-02
B01JQZRT4E,2025-04-28
B01JQZRT4E,2025-05-26
B01JQZRT4E,2025-06-23
B01JQZRT4E,2025-07-21
B01JQZRT4E,2025-08-18
B01JQZRT4E,2025-09-15
B01JQZRT4E,2025-10-13
B01JQZRT4E,2025-11-10
B01JQZRT4E,2025-12-08
B01JQZRT4E,2026-01-05
B01JQZRT4E,2026-02-02
B01JQZRT4E,2026-03-02
B01LT94W18,2025-04-28
B01LT94W18,2025-05-26
B01LT94W18,2025-06-23
B01LT94W18,2025-07-21
B01LT94W18,2025-08-18
B01LT94W18,2025-09-15
B01LT94W18,2025-10-13
B01LT94W18,2025-11-10
B01LT94W18,2025-12-08
B01LT94W18,2026-01-05
B01LT94W18,2026-02-02
B01LT94W18,2026-03-02
B01LT96A18,2025-04-28
B01LT96A18,2025-05-26
B01LT96A18,2025-06-23
B01LT96A18,2025-07-21
B01LT96A18,2025-08-18
B01LT96A18,2025-09-15
B01LT96A18,2025-10-13
B01LT96A18,2025-11-10
B01LT96A18,2025-12-08
B01LT96A18,2026-01-05
B01LT96A18,2026-02-02
B01LT96A18,2026-03-02
B01LT97E90,2025-04-28
B01LT97E90,2025-05-26
B01LT97E90,2025-06-23
B01LT97E90,2025-07-21
B01LT97E90,2025-08-18
B01LT97E90,2025-09-15
B01LT97E90,2025-10-13
B01LT97E90,2025-11-10
B01LT97E90,2025-12-08
B01LT97E90,2026-01-05
B01LT97E90,2026-02-02
B01LT97E90,2026-03-02
B01LT97IPA,2025-04-28
B01LT97IPA,2025-05-26
B01LT97IPA,2025-06-23
B01LT97IPA,2025-07-21
B01LT97IPA,2025-08-18
B01LT97IPA,2025-09-15
B01LT97IPA,2025-10-13
B01LT97IPA,2025-11-10
B01LT97IPA,2025-12-08
B01LT97IPA,2026-01-05
B01LT97IPA,2026-02-02
B01LT97IPA,2026-03-02
B01LT98S4U,2025-04-28
B01LT98S4U,2025-05-26
B01LT98S4U,2025-06-23
B01LT98S4U,2025-07-21
B01LT98S4U,2025-08-18
B01LT98S4U,2025-09-15
B01LT98S4U,2025-10-13
B01LT98S4U,2025-11-10
B01LT98S4U,2025-12-08
B01LT98S4U,2026-01-05
B01LT98S4U,2026-02-02
B01LT98S4U,2026-03-02
B01LW8SRQL,2025-04-28
B01LW8SRQL,2025-05-26
B01LW8SRQL,2025-06-23
B01LW8SRQL,2025-07-21
B01LW8SRQL,2025-08-18
B01LW8SRQL,2025-09-15
B01LW8SRQL,2025-10-13
B01LW8SRQL,2025-11-10
B01LW8SRQL,2025-12-08
B01LW8SRQL,2026-01-05
B01LW8SRQL,2026-02-02
B01LW8SRQL,2026-03-02
B01MSQQIPJ,2025-04-28
B01MSQQIPJ,2025-05-26
B01MSQQIPJ,2025-06-23
B01MSQQIPJ,2025-07-21
B01MSQQIPJ,2025-08-18
B01MSQQIPJ,2025-09-15
B01MSQQIPJ,2025-10-13
B01MSQQIPJ,2025-11-10
B01MSQQIPJ,2025-12-08
B01MSQQIPJ,2026-01-05
B01MSQQIPJ,2026-02-02
B01MSQQIPJ,2026-03-02
B01N45KBML,2025-04-28
B01N45KBML,2025-05-26
B01N45KBML,2025-06-23
B01N45KBML,2025-07-21
B01N45KBML,2025-08-18
B01N45KBML,2025-09-15
B01N45KBML,2025-10-13
B01N45KBML,2025-11-10
B01N45KBML,2025-12-08
B01N45KBML,2026-01-05
B01N45KBML,2026-02-02
B01N45KBML,2026-03-02
B06XD9Q3L8,2025-04-28
B06XD9Q3L8,2025-05-26
B06XD9Q3L8,2025-06-23
B06XD9Q3L8,2025-07-21
B06XD9Q3L8,2025-08-18
B06XD9Q3L8,2025-09-15
B06XD9Q3L8,2025-10-13
B06XD9Q3L8,2025-11-10
B06XD9Q3L8,2025-12-08
B06XD9Q3L8,2026-01-05
B06XD9Q3L8,2026-02-02
B06XD9Q3L8,2026-03-02
B06XJ9D3KG,2025-04-28
B06XJ9D3KG,2025-05-26
B06XJ9D3KG,2025-06-23
B06XJ9D3KG,2025-07-21
B06XJ9D3KG,2025-08-18
B06XJ9D3KG,2025-09-15
B06XJ9D3KG,2025-10-13
B06XJ9D3KG,2025-11-10
B06XJ9D3KG,2025-12-08
B06XJ9D3KG,2026-01-05
B06XJ9D3KG,2026-02-02
B06XJ9D3KG,2026-03-02
B06XJCT9QB,2025-04-28
B06XJCT9QB,2025-05-26
B06XJCT9QB,2025-06-23
B06XJCT9QB,2025-07-21
B06XJCT9QB,2025-08-18
B06XJCT9QB,2025-09-15
B06XJCT9QB,2025-10-13
B06XJCT9QB,2025-11-10
B06XJCT9QB,2025-12-08
B06XJCT9QB,2026-01-05
B06XJCT9QB,2026-02-02
B06XJCT9QB,2026-03-02
B06XJCZ37M,2025-04-28
B06XJCZ37M,2025-05-26
B06XJCZ37M,2025-06-23
B06XJCZ37M,2025-07-21
B06XJCZ37M,2025-08-18
B06XJCZ37M,2025-09-15
B06XJCZ37M,2025-10-13
B06XJCZ37M,2025-11-10
B06XJCZ37M,2025-12-08
B06XJCZ37M,2026-01-05
B06XJCZ37M,2026-02-02
B06XJCZ37M,2026-03-02
B06XJF7FBM,2025-04-28
B06XJF7FBM,2025-05-26
B06XJF7FBM,2025-06-23
B06XJF7FBM,2025-07-21
B06XJF7FBM,2025-08-18
B06XJF7FBM,2025-09-15
B06XJF7FBM,2025-10-13
B06XJF7FBM,2025-11-10
B06XJF7FBM,2025-12-08
B06XJF7FBM,2026-01-05
B06XJF7FBM,2026-02-02
B06XJF7FBM,2026-03-02
B06XJGSTHP,2025-04-28
B06XJGSTHP,2025-05-26
B06XJGSTHP,2025-06-23
B06XJGSTHP,2025-07-21
B06XJGSTHP,2025-08-18
B06XJGSTHP,2025-09-15
B06XJGSTHP,2025-10-13
B06XJGSTHP,2025-11-10
B06XJGSTHP,2025-12-08
B06XJGSTHP,2026-01-05
B06XJGSTHP,2026-02-02
B06XJGSTHP,2026-03-02
B06ZY5YC1Y,2025-04-28
B06ZY5YC1Y,2025-05-26
B06ZY5YC1Y,2025-06-23
B06ZY5YC1Y,2025-07-21
B06ZY5YC1Y,2025-08-18
B06ZY5YC1Y,2025-09-15
B06ZY5YC1Y,2025-10-13
B06ZY5YC1Y,2025-11-10
B06ZY5YC1Y,2025-12-08
B06ZY5YC1Y,2026-01-05
B06ZY5YC1Y,2026-02-02
B06ZY5YC1Y,2026-03-02
B06ZY6ND2R,2025-04-28
B06ZY6ND2R,2025-05-26
B06ZY6ND2R,2025-06-23
B06ZY6ND2R,2025-07-21
B06ZY6ND2R,2025-08-18
B06ZY6ND2R,2025-09-15
B06ZY6ND2R,2025-10-13
B06ZY6ND2R,2025-11-10
B06ZY6ND2R,2025-12-08
B06ZY6ND2R,2026-01-05
B06ZY6ND2R,2026-02-02
B06ZY6ND2R,2026-03-02
B06ZYGLY6Z,2025-04-28
B06ZYGLY6Z,2025-05-26
B06ZYGLY6Z,2025-06-23
B06ZYGLY6Z,2025-07-21
B06ZYGLY6Z,2025-08-18
B06ZYGLY6Z,2025-09-15
B06ZYGLY6Z,2025-10-13
B06ZYGLY6Z,2025-11-10
B06ZYGLY6Z,2025-12-08
B06ZYGLY6Z,2026-01-05
B06ZYGLY6Z,2026-02-02
B06ZYGLY6Z,2026-03-02
B06ZYH78FM,2025-04-28
B06ZYH78FM,2025-05-26
B06ZYH78FM,2025-06-23
B06ZYH78FM,2025-07-21
B06ZYH78FM,2025-08-18
B06ZYH78FM,2025-09-15
B06ZYH78FM,2025-10-13
B06ZYH78FM,2025-11-10
B06ZYH78FM,2025-12-08
B06ZYH78FM,2026-01-05
B06ZYH78FM,2026-02-02
B06ZYH78FM,2026-03-02
B06ZYRX9F6,2025-04-28
B06ZYRX9F6,2025-05-26
B06ZYRX9F6,2025-06-23
B06ZYRX9F6,2025-07-21
B06ZYRX9F6,2025-08-18
B06ZYRX9F6,2025-09-15
B06ZYRX9F6,2025-10-13
B06ZYRX9F6,2025-11-10
B06ZYRX9F6,2025-12-08
B06ZYRX9F6,2026-01-05
B06ZYRX9F6,2026-02-02
B06ZYRX9F6,2026-03-02
B06ZZ24TM3,2025-04-28
B06ZZ24TM3,2025-05-26
B06ZZ24TM3,2025-06-23
B06ZZ24TM3,2025-07-21
B06ZZ24TM3,2025-08-18
B06ZZ24TM3,2025-09-15
B06ZZ24TM3,2025-10-13
B06ZZ24TM3,2025-11-10
B06ZZ24TM3,2025-12-08
B06ZZ24TM3,2026-01-05
B06ZZ24TM3,2026-02-02
B06ZZ24TM3,2026-03-02
B06ZZ2QVHL,2025-04-28
B06ZZ2QVHL,2025-05-26
B06ZZ2QVHL,2025-06-23
B06ZZ2QVHL,2025-07-21
B06ZZ2QVHL,2025-08-18
B06ZZ2QVHL,2025-09-15
B06ZZ2QVHL,2025-10-13
B06ZZ2QVHL,2025-11-10
B06ZZ2QVHL,2025-12-08
B06ZZ2QVHL,2026-01-05
B06ZZ2QVHL,2026-02-02
B06ZZ2QVHL,2026-03-02
B06ZZBGXTH,2025-04-28
B06ZZBGXTH,2025-05-26
B06ZZBGXTH,2025-06-23
B06ZZBGXTH,2025-07-21
B06ZZBGXTH,2025-08-18
B06ZZBGXTH,2025-09-15
B06ZZBGXTH,2025-10-13
B06ZZBGXTH,2025-11-10
B06ZZBGXTH,2025-12-08
B06ZZBGXTH,2026-01-05
B06ZZBGXTH,2026-02-02
B06ZZBGXTH,2026-03-02
B06ZZMQXHQ,2025-04-28
B06ZZMQXHQ,2025-05-26
B06ZZMQXHQ,2025-06-23
B06ZZMQXHQ,2025-07-21
B06ZZMQXHQ,2025-08-18
B06ZZMQXHQ,2025-09-15
B06ZZMQXHQ,2025-10-13
B06ZZMQXHQ,2025-11-10
B06ZZMQXHQ,2025-12-08
B06ZZMQXHQ,2026-01-05
B06ZZMQXHQ,2026-02-02
B06ZZMQXHQ,2026-03-02
B071CV9XNC,2025-04-28
B071CV9XNC,2025-05-26
B071CV9XNC,2025-06-23
B071CV9XNC,2025-07-21
B071CV9XNC,2025-08-18
B071CV9XNC,2025-09-15
B071CV9XNC,2025-10-13
B071CV9XNC,2025-11-10
B071CV9XNC,2025-12-08
B071CV9XNC,2026-01-05
B071CV9XNC,2026-02-02
B071CV9XNC,2026-03-02
B071CVB5JK,2025-04-28
B071CVB5JK,2025-05-26
B071CVB5JK,2025-06-23
B071CVB5JK,2025-07-21
B071CVB5JK,2025-08-18
B071CVB5JK,2025-09-15
B071CVB5JK,2025-10-13
B071CVB5JK,2025-11-10
B071CVB5JK,2025-12-08
B071CVB5JK,2026-01-05
B071CVB5JK,2026-02-02
B071CVB5JK,2026-03-02
B071DDRYQD,2025-04-28
B071DDRYQD,2025-05-26
B071DDRYQD,2025-06-23
B071DDRYQD,2025-07-21
B071DDRYQD,2025-08-18
B071DDRYQD,2025-09-15
B071DDRYQD,2025-10-13
B071DDRYQD,2025-11-10
B071DDRYQD,2025-12-08
B071DDRYQD,2026-01-05
B071DDRYQD,2026-02-02
B071DDRYQD,2026-03-02
B071GZN5MT,2025-04-28
B071GZN5MT,2025-05-26
B071GZN5MT,2025-06-23
B071GZN5MT,2025-07-21
B071GZN5MT,2025-08-18
B071GZN5MT,2025-09-15
B071GZN5MT,2025-10-13
B071GZN5MT,2025-11-10
B071GZN5MT,2025-12-08
B071GZN5MT,2026-01-05
B071GZN5MT,2026-02-02
B071GZN5MT,2026-03-02
B071GZP74Q,2025-04-28
B071GZP74Q,2025-05-26
B071GZP74Q,2025-06-23
B071GZP74Q,2025-07-21
B071GZP74Q,2025-08-18
B071GZP74Q,2025-09-15
B071GZP74Q,2025-10-13
B071GZP74Q,2025-11-10
B071GZP74Q,2025-12-08
B071GZP74Q,2026-01-05
B071GZP74Q,2026-02-02
B071GZP74Q,2026-03-02
B071GZST2Y,2025-04-28
B071GZST2Y,2025-05-26
B071GZST2Y,2025-06-23
B071GZST2Y,2025-07-21
B071GZST2Y,2025-08-18
B071GZST2Y,2025-09-15
B071GZST2Y,2025-10-13
B071GZST2Y,2025-11-10
B071GZST2Y,2025-12-08
B071GZST2Y,2026-01-05
B071GZST2Y,2026-02-02
B071GZST2Y,2026-03-02
B071KLP6B8,2025-04-28
B071KLP6B8,2025-05-26
B071KLP6B8,2025-06-23
B071KLP6B8,2025-07-21
B071KLP6B8,2025-08-18
B071KLP6B8,2025-09-15
B071KLP6B8,2025-10-13
B071KLP6B8,2025-11-10
B071KLP6B8,2025-12-08
B071KLP6B8,2026-01-05
B071KLP6B8,2026-02-02
B071KLP6B8,2026-03-02
B071R28CH5,2025-04-28
B071R28CH5,2025-05-26
B071R28CH5,2025-06-23
B071R28CH5,2025-07-21
B071R28CH5,2025-08-18
B071R28CH5,2025-09-15
B071R28CH5,2025-10-13
B071R28CH5,2025-11-10
B071R28CH5,2025-12-08
B071R28CH5,2026-01-05
B071R28CH5,2026-02-02
B071R28CH5,2026-03-02
B071R2YQZJ,2025-04-28
B071R2YQZJ,2025-05-26
B071R2YQZJ,2025-06-23
B071R2YQZJ,2025-07-21
B071R2YQZJ,2025-08-18
B071R2YQZJ,2025-09-15
B071R2YQZJ,2025-10-13
B071R2YQZJ,2025-11-10
B071R2YQZJ,2025-12-08
B071R2YQZJ,2026-01-05
B071R2YQZJ,2026-02-02
B071R2YQZJ,2026-03-02
B071XJNLM1,2025-04-28
B071XJNLM1,2025-05-26
B071XJNLM1,2025-06-23
B071XJNLM1,2025-07-21
B071XJNLM1,2025-08-18
B071XJNLM1,2025-09-15
B071XJNLM1,2025-10-13
B071XJNLM1,2025-11-10
B071XJNLM1,2025-12-08
B071XJNLM1,2026-01-05
B071XJNLM1,2026-02-02
B071XJNLM1,2026-03-02
B071XTPLZP,2025-04-28
B071XTPLZP,2025-05-26
B071XTPLZP,2025-06-23
B071XTPLZP,2025-07-21
B071XTPLZP,2025-08-18
B071XTPLZP,2025-09-15
B071XTPLZP,2025-10-13
B071XTPLZP,2025-11-10
B071XTPLZP,2025-12-08
B071XTPLZP,2026-01-05
B071XTPLZP,2026-02-02
B071XTPLZP,2026-03-02
B071YCK1FB,2025-04-28
B071YCK1FB,2025-05-26
B071YCK1FB,2025-06-23
B071YCK1FB,2025-07-21
B071YCK1FB,2025-08-18
B071YCK1FB,2025-09-15
B071YCK1FB,2025-10-13
B071YCK1FB,2025-11-10
B071YCK1FB,2025-12-08
B071YCK1FB,2026-01-05
B071YCK1FB,2026-02-02
B071YCK1FB,2026-03-02
B071YDHS1D,2025-04-28
B071YDHS1D,2025-05-26
B071YDHS1D,2025-06-23
B071YDHS1D,2025-07-21
B071YDHS1D,2025-08-18
B071YDHS1D,2025-09-15
B071YDHS1D,2025-10-13
B071YDHS1D,2025-11-10
B071YDHS1D,2025-12-08
B071YDHS1D,2026-01-05
B071YDHS1D,2026-02-02
B071YDHS1D,2026-03-02
B07226PMZN,2025-04-28
B07226PMZN,2025-05-26
B07226PMZN,2025-06-23
B07226PMZN,2025-07-21
B07226PMZN,2025-08-18
B07226PMZN,2025-09-15
B07226PMZN,2025-10-13
B07226PMZN,2025-11-10
B07226PMZN,2025-12-08
B07226PMZN,2026-01-05
B07226PMZN,2026-02-02
B07226PMZN,2026-03-02
B072KT4375,2025-04-28
B072KT4375,2025-05-26
B072KT4375,2025-06-23
B072KT4375,2025-07-21
B072KT4375,2025-08-18
B072KT4375,2025-09-15
B072KT4375,2025-10-13
B072KT4375,2025-11-10
B072KT4375,2025-12-08
B072KT4375,2026-01-05
B072KT4375,2026-02-02
B072KT4375,2026-03-02
B072KT65GV,2025-04-28
B072KT65GV,2025-05-26
B072KT65GV,2025-06-23
B072KT65GV,2025-07-21
B072KT65GV,2025-08-18
B072KT65GV,2025-09-15
B072KT65GV,2025-10-13
B072KT65GV,2025-11-10
B072KT65GV,2025-12-08
B072KT65GV,2026-01-05
B072KT65GV,2026-02-02
B072KT65GV,2026-03-02
B072NDK39Y,2025-04-28
B072NDK39Y,2025-05-26
B072NDK39Y,2025-06-23
B072NDK39Y,2025-07-21
B072NDK39Y,2025-08-18
B072NDK39Y,2025-09-15
B072NDK39Y,2025-10-13
B072NDK39Y,2025-11-10
B072NDK39Y,2025-12-08
B072NDK39Y,2026-01-05
B072NDK39Y,2026-02-02
B072NDK39Y,2026-03-02
B072NDPRXD,2025-04-28
B072NDPRXD,2025-05-26
B072NDPRXD,2025-06-23
B072NDPRXD,2025-07-21
B072NDPRXD,2025-08-18
B072NDPRXD,2025-09-15
B072NDPRXD,2025-10-13
B072NDPRXD,2025-11-10
B072NDPRXD,2025-12-08
B072NDPRXD,2026-01-05
B072NDPRXD,2026-02-02
B072NDPRXD,2026-03-02
B0743H37QR,2025-04-28
B0743H37QR,2025-05-26
B0743H37QR,2025-06-23
B0743H37QR,2025-07-21
B0743H37QR,2025-08-18
B0743H37QR,2025-09-15
B0743H37QR,2025-10-13
B0743H37QR,2025-11-10
B0743H37QR,2025-12-08
B0743H37QR,2026-01-05
B0743H37QR,2026-02-02
B0743H37QR,2026-03-02
B0743H79VG,2025-04-28
B0743H79VG,2025-05-26
B0743H79VG,2025-06-23
B0743H79VG,2025-07-21
B0743H79VG,2025-08-18
B0743H79VG,2025-09-15
B0743H79VG,2025-10-13
B0743H79VG,2025-11-10
B0743H79VG,2025-12-08
B0743H79VG,2026-01-05
B0743H79VG,2026-02-02
B0743H79VG,2026-03-02
B077XLHB5C,2025-04-28
B077XLHB5C,2025-05-26
B077XLHB5C,2025-06-23
B077XLHB5C,2025-07-21
B077XLHB5C,2025-08-18
B077XLHB5C,2025-09-15
B077XLHB5C,2025-10-13
B077XLHB5C,2025-11-10
B077XLHB5C,2025-12-08
B077XLHB5C,2026-01-05
B077XLHB5C,2026-02-02
B077XLHB5C,2026-03-02
B077XN3HT8,2025-04-28
B077XN3HT8,2025-05-26
B077XN3HT8,2025-06-23
B077XN3HT8,2025-07-21
B077XN3HT8,2025-08-18
B077XN3HT8,2025-09-15
B077XN3HT8,2025-10-13
B077XN3HT8,2025-11-10
B077XN3HT8,2025-12-08
B077XN3HT8,2026-01-05
B077XN3HT8,2026-02-02
B077XN3HT8,2026-03-02
B077XNMYF1,2025-04-28
B077XNMYF1,2025-05-26
B077XNMYF1,2025-06-23
B077XNMYF1,2025-07-21
B077XNMYF1,2025-08-18
B077XNMYF1,2025-09-15
B077XNMYF1,2025-10-13
B077XNMYF1,2025-11-10
B077XNMYF1,2025-12-08
B077XNMYF1,2026-01-05
B077XNMYF1,2026-02-02
B077XNMYF1,2026-03-02
B077XQRM47,2025-04-28
B077XQRM47,2025-05-26
B077XQRM47,2025-06-23
B077XQRM47,2025-07-21
B077XQRM47,2025-08-18
B077XQRM47,2025-09-15
B077XQRM47,2025-10-13
B077XQRM47,2025-11-10
B077XQRM47,2025-12-08
B077XQRM47,2026-01-05
B077XQRM47,2026-02-02
B077XQRM47,2026-03-02
B077XR6ZMC,2025-04-28
B077XR6ZMC,2025-05-26
B077XR6ZMC,2025-06-23
B077XR6ZMC,2025-07-21
B077XR6ZMC,2025-08-18
B077XR6ZMC,2025-09-15
B077XR6ZMC,2025-10-13
B077XR6ZMC,2025-11-10
B077XR6ZMC,2025-12-08
B077XR6ZMC,2026-01-05
B077XR6ZMC,2026-02-02
B077XR6ZMC,2026-03-02
B077XR7496,2025-04-28
B077XR7496,2025-05-26
B077XR7496,2025-06-23
B077XR7496,2025-07-21
B077XR7496,2025-08-18
B077XR7496,2025-09-15
B077XR7496,2025-10-13
B077XR7496,2025-11-10
B077XR7496,2025-12-08
B077XR7496,2026-01-05
B077XR7496,2026-02-02
B077XR7496,2026-03-02
B077XS5NPL,2025-04-28
B077XS5NPL,2025-05-26
B077XS5NPL,2025-06-23
B077XS5NPL,2025-07-21
B077XS5NPL,2025-08-18
B077XS5NPL,2025-09-15
B077XS5NPL,2025-10-13
B077XS5NPL,2025-11-10
B077XS5NPL,2025-12-08
B077XS5NPL,2026-01-05
B077XS5NPL,2026-02-02
B077XS5NPL,2026-03-02
B077XSLYJH,2025-04-28
B077XSLYJH,2025-05-26
B077XSLYJH,2025-06-23
B077XSLYJH,2025-07-21
B077XSLYJH,2025-08-18
B077XSLYJH,2025-09-15
B077XSLYJH,2025-10-13
B077XSLYJH,2025-11-10
B077XSLYJH,2025-12-08
B077XSLYJH,2026-01-05
B077XSLYJH,2026-02-02
B077XSLYJH,2026-03-02
B077XSLZRR,2025-04-28
B077XSLZRR,2025-05-26
B077XSLZRR,2025-06-23
B077XSLZRR,2025-07-21
B077XSLZRR,2025-08-18
B077XSLZRR,2025-09-15
B077XSLZRR,2025-10-13
B077XSLZRR,2025-11-10
B077XSLZRR,2025-12-08
B077XSLZRR,2026-01-05
B077XSLZRR,2026-02-02
B077XSLZRR,2026-03-02
B079CFZCW1,2025-04-28
B079CFZCW1,2025-05-26
B079CFZCW1,2025-06-23
B079CFZCW1,2025-07-21
B079CFZCW1,2025-08-18
B079CFZCW1,2025-09-15
B079CFZCW1,2025-10-13
B079CFZCW1,2025-11-10
B079CFZCW1,2025-12-08
B079CFZCW1,2026-01-05
B079CFZCW1,2026-02-02
B079CFZCW1,2026-03-02
B079CGLT6Z,2025-04-28
B079CGLT6Z,2025-05-26
B079CGLT6Z,2025-06-23
B079CGLT6Z,2025-07-21
B079CGLT6Z,2025-08-18
B079CGLT6Z,2025-09-15
B079CGLT6Z,2025-10-13
B079CGLT6Z,2025-11-10
B079CGLT6Z,2025-12-08
B079CGLT6Z,2026-01-05
B079CGLT6Z,2026-02-02
B079CGLT6Z,2026-03-02
B079DNRST3,2025-04-28
B079DNRST3,2025-05-26
B079DNRST3,2025-06-23
B079DNRST3,2025-07-21
B079DNRST3,2025-08-18
B079DNRST3,2025-09-15
B079DNRST3,2025-10-13
B079DNRST3,2025-11-10
B079DNRST3,2025-12-08
B079DNRST3,2026-01-05
B079DNRST3,2026-02-02
B079DNRST3,2026-03-02
B07BBN69JB,2025-04-28
B07BBN69JB,2025-05-26
B07BBN69JB,2025-06-23
B07BBN69JB,2025-07-21
B07BBN69JB,2025-08-18
B07BBN69JB,2025-09-15
B07BBN69JB,2025-10-13
B07BBN69JB,2025-11-10
B07BBN69JB,2025-12-08
B07BBN69JB,2026-01-05
B07BBN69JB,2026-02-02
B07BBN69JB,2026-03-02
B07BBS555L,2025-04-28
B07BBS555L,2025-05-26
B07BBS555L,2025-06-23
B07BBS555L,2025-07-21
B07BBS555L,2025-08-18
B07BBS555L,2025-09-15
B07BBS555L,2025-10-13
B07BBS555L,2025-11-10
B07BBS555L,2025-12-08
B07BBS555L,2026-01-05
B07BBS555L,2026-02-02
B07BBS555L,2026-03-02
B07BKPDF9M,2025-04-28
B07BKPDF9M,2025-05-26
B07BKPDF9M,2025-06-23
B07BKPDF9M,2025-07-21
B07BKPDF9M,2025-08-18
B07BKPDF9M,2025-09-15
B07BKPDF9M,2025-10-13
B07BKPDF9M,2025-11-10
B07BKPDF9M,2025-12-08
B07BKPDF9M,2026-01-05
B07BKPDF9M,2026-02-02
B07BKPDF9M,2026-03-02
B07BKQ1Z1Z,2025-04-28
B07BKQ1Z1Z,2025-05-26
B07BKQ1Z1Z,2025-06-23
B07BKQ1Z1Z,2025-07-21
B07BKQ1Z1Z,2025-08-18
B07BKQ1Z1Z,2025-09-15
B07BKQ1Z1Z,2025-10-13
B07BKQ1Z1Z,2025-11-10
B07BKQ1Z1Z,2025-12-08
B07BKQ1Z1Z,2026-01-05
B07BKQ1Z1Z,2026-02-02
B07BKQ1Z1Z,2026-03-02
B07BKRMYVV,2025-04-28
B07BKRMYVV,2025-05-26
B07BKRMYVV,2025-06-23
B07BKRMYVV,2025-07-21
B07BKRMYVV,2025-08-18
B07BKRMYVV,2025-09-15
B07BKRMYVV,2025-10-13
B07BKRMYVV,2025-11-10
B07BKRMYVV,2025-12-08
B07BKRMYVV,2026-01-05
B07BKRMYVV,2026-02-02
B07BKRMYVV,2026-03-02
B07BKRRSZD,2025-04-28
B07BKRRSZD,2025-05-26
B07BKRRSZD,2025-06-23
B07BKRRSZD,2025-07-21
B07BKRRSZD,2025-08-18
B07BKRRSZD,2025-09-15
B07BKRRSZD,2025-10-13
B07BKRRSZD,2025-11-10
B07BKRRSZD,2025-12-08
B07BKRRSZD,2026-01-05
B07BKRRSZD,2026-02-02
B07BKRRSZD,2026-03-02
B07BKSNRSD,2025-04-28
B07BKSNRSD,2025-05-26
B07BKSNRSD,2025-06-23
B07BKSNRSD,2025-07-21
B07BKSNRSD,2025-08-18
B07BKSNRSD,2025-09-15
B07BKSNRSD,2025-10-13
B07BKSNRSD,2025-11-10
B07BKSNRSD,2025-12-08
B07BKSNRSD,2026-01-05
B07BKSNRSD,2026-02-02
B07BKSNRSD,2026-03-02
B07BKTKNF4,2025-04-28
B07BKTKNF4,2025-05-26
B07BKTKNF4,2025-06-23
B07BKTKNF4,2025-07-21
B07BKTKNF4,2025-08-18
B07BKTKNF4,2025-09-15
B07BKTKNF4,2025-10-13
B07BKTKNF4,2025-11-10
B07BKTKNF4,2025-12-08
B07BKTKNF4,2026-01-05
B07BKTKNF4,2026-02-02
B07BKTKNF4,2026-03-02
B07BW7RQ7D,2025-04-28
B07BW7RQ7D,2025-05-26
B07BW7RQ7D,2025-06-23
B07BW7RQ7D,2025-07-21
B07BW7RQ7D,2025-08-18
B07BW7RQ7D,2025-09-15
B07BW7RQ7D,2025-10-13
B07BW7RQ7D,2025-11-10
B07BW7RQ7D,2025-12-08
B07BW7RQ7D,2026-01-05
B07BW7RQ7D,2026-02-02
B07BW7RQ7D,2026-03-02
B07CVG7KVG,2025-04-28
B07CVG7KVG,2025-05-26
B07CVG7KVG,2025-06-23
B07CVG7KVG,2025-07-21
B07CVG7KVG,2025-08-18
B07CVG7KVG,2025-09-15
B07CVG7KVG,2025-10-13
B07CVG7KVG,2025-11-10
B07CVG7KVG,2025-12-08
B07CVG7KVG,2026-01-05
B07CVG7KVG,2026-02-02
B07CVG7KVG,2026-03-02
B07CVRGKX9,2025-04-28
B07CVRGKX9,2025-05-26
B07CVRGKX9,2025-06-23
B07CVRGKX9,2025-07-21
B07CVRGKX9,2025-08-18
B07CVRGKX9,2025-09-15
B07CVRGKX9,2025-10-13
B07CVRGKX9,2025-11-10
B07CVRGKX9,2025-12-08
B07CVRGKX9,2026-01-05
B07CVRGKX9,2026-02-02
B07CVRGKX9,2026-03-02
B07CVS72YQ,2025-04-28
B07CVS72YQ,2025-05-26
B07CVS72YQ,2025-06-23
B07CVS72YQ,2025-07-21
B07CVS72YQ,2025-08-18
B07CVS72YQ,2025-09-15
B07CVS72YQ,2025-10-13
B07CVS72YQ,2025-11-10
B07CVS72YQ,2025-12-08
B07CVS72YQ,2026-01-05
B07CVS72YQ,2026-02-02
B07CVS72YQ,2026-03-02
B07CVS9JZ7,2025-04-28
B07CVS9JZ7,2025-05-26
B07CVS9JZ7,2025-06-23
B07CVS9JZ7,2025-07-21
B07CVS9JZ7,2025-08-18
B07CVS9JZ7,2025-09-15
B07CVS9JZ7,2025-10-13
B07CVS9JZ7,2025-11-10
B07CVS9JZ7,2025-12-08
B07CVS9JZ7,2026-01-05
B07CVS9JZ7,2026-02-02
B07CVS9JZ7,2026-03-02
B07CVSTY4R,2025-04-28
B07CVSTY4R,2025-05-26
B07CVSTY4R,2025-06-23
B07CVSTY4R,2025-07-21
B07CVSTY4R,2025-08-18
B07CVSTY4R,2025-09-15
B07CVSTY4R,2025-10-13
B07CVSTY4R,2025-11-10
B07CVSTY4R,2025-12-08
B07CVSTY4R,2026-01-05
B07CVSTY4R,2026-02-02
B07CVSTY4R,2026-03-02
B07D7S16GC,2025-04-28
B07D7S16GC,2025-05-26
B07D7S16GC,2025-06-23
B07D7S16GC,2025-07-21
B07D7S16GC,2025-08-18
B07D7S16GC,2025-09-15
B07D7S16GC,2025-10-13
B07D7S16GC,2025-11-10
B07D7S16GC,2025-12-08
B07D7S16GC,2026-01-05
B07D7S16GC,2026-02-02
B07D7S16GC,2026-03-02
B07DNLZ6CY,2025-04-28
B07DNLZ6CY,2025-05-26
B07DNLZ6CY,2025-06-23
B07DNLZ6CY,2025-07-21
B07DNLZ6CY,2025-08-18
B07DNLZ6CY,2025-09-15
B07DNLZ6CY,2025-10-13
B07DNLZ6CY,2025-11-10
B07DNLZ6CY,2025-12-08
B07DNLZ6CY,2026-01-05
B07DNLZ6CY,2026-02-02
B07DNLZ6CY,2026-03-02
B07DPF9LW5,2025-04-28
B07DPF9LW5,2025-05-26
B07DPF9LW5,2025-06-23
B07DPF9LW5,2025-07-21
B07DPF9LW5,2025-08-18
B07DPF9LW5,2025-09-15
B07DPF9LW5,2025-10-13
B07DPF9LW5,2025-11-10
B07DPF9LW5,2025-12-08
B07DPF9LW5,2026-01-05
B07DPF9LW5,2026-02-02
B07DPF9LW5,2026-03-02
B07GBTNZRV,2025-04-28
B07GBTNZRV,2025-05-26
B07GBTNZRV,2025-06-23
B07GBTNZRV,2025-07-21
B07GBTNZRV,2025-08-18
B07GBTNZRV,2025-09-15
B07GBTNZRV,2025-10-13
B07GBTNZRV,2025-11-10
B07GBTNZRV,2025-12-08
B07GBTNZRV,2026-01-05
B07GBTNZRV,2026-02-02
B07GBTNZRV,2026-03-02
B07GBVJ9D8,2025-04-28
B07GBVJ9D8,2025-05-26
B07GBVJ9D8,2025-06-23
B07GBVJ9D8,2025-07-21
B07GBVJ9D8,2025-08-18
B07GBVJ9D8,2025-09-15
B07GBVJ9D8,2025-10-13
B07GBVJ9D8,2025-11-10
B07GBVJ9D8,2025-12-08
B07GBVJ9D8,2026-01-05
B07GBVJ9D8,2026-02-02
B07GBVJ9D8,2026-03-02
B07GBY265M,2025-04-28
B07GBY265M,2025-05-26
B07GBY265M,2025-06-23
B07GBY265M,2025-07-21
B07GBY265M,2025-08-18
B07GBY265M,2025-09-15
B07GBY265M,2025-10-13
B07GBY265M,2025-11-10
B07GBY265M,2025-12-08
B07GBY265M,2026-01-05
B07GBY265M,2026-02-02
B07GBY265M,2026-03-02
B07GBYPPCB,2025-04-28
B07GBYPPCB,2025-05-26
B07GBYPPCB,2025-06-23
B07GBYPPCB,2025-07-21
B07GBYPPCB,2025-08-18
B07GBYPPCB,2025-09-15
B07GBYPPCB,2025-10-13
B07GBYPPCB,2025-11-10
B07GBYPPCB,2025-12-08
B07GBYPPCB,2026-01-05
B07GBYPPCB,2026-02-02
B07GBYPPCB,2026-03-02
B07HQKVQ5H,2025-04-28
B07HQKVQ5H,2025-05-26
B07HQKVQ5H,2025-06-23
B07HQKVQ5H,2025-07-21
B07HQKVQ5H,2025-08-18
B07HQKVQ5H,2025-09-15
B07HQKVQ5H,2025-10-13
B07HQKVQ5H,2025-11-10
B07HQKVQ5H,2025-12-08
B07HQKVQ5H,2026-01-05
B07HQKVQ5H,2026-02-02
B07HQKVQ5H,2026-03-02
B07K7G1VJ6,2025-04-28
B07K7G1VJ6,2025-05-26
B07K7G1VJ6,2025-06-23
B07K7G1VJ6,2025-07-21
B07K7G1VJ6,2025-08-18
B07K7G1VJ6,2025-09-15
B07K7G1VJ6,2025-10-13
B07K7G1VJ6,2025-11-10
B07K7G1VJ6,2025-12-08
B07K7G1VJ6,2026-01-05
B07K7G1VJ6,2026-02-02
B07K7G1VJ6,2026-03-02
B07K8F1DH8,2025-04-28
B07K8F1DH8,2025-05-26
B07K8F1DH8,2025-06-23
B07K8F1DH8,2025-07-21
B07K8F1DH8,2025-08-18
B07K8F1DH8,2025-09-15
B07K8F1DH8,2025-10-13
B07K8F1DH8,2025-11-10
B07K8F1DH8,2025-12-08
B07K8F1DH8,2026-01-05
B07K8F1DH8,2026-02-02
B07K8F1DH8,2026-03-02
B07KPY4Z3R,2025-04-28
B07KPY4Z3R,2025-05-26
B07KPY4Z3R,2025-06-23
B07KPY4Z3R,2025-07-21
B07KPY4Z3R,2025-08-18
B07KPY4Z3R,2025-09-15
B07KPY4Z3R,2025-10-13
B07KPY4Z3R,2025-11-10
B07KPY4Z3R,2025-12-08
B07KPY4Z3R,2026-01-05
B07KPY4Z3R,2026-02-02
B07KPY4Z3R,2026-03-02
B07KPYMWJT,2025-04-28
B07KPYMWJT,2025-05-26
B07KPYMWJT,2025-06-23
B07KPYMWJT,2025-07-21
B07KPYMWJT,2025-08-18
B07KPYMWJT,2025-09-15
B07KPYMWJT,2025-10-13
B07KPYMWJT,2025-11-10
B07KPYMWJT,2025-12-08
B07KPYMWJT,2026-01-05
B07KPYMWJT,2026-02-02
B07KPYMWJT,2026-03-02
B07MDVWWS5,2025-04-28
B07MDVWWS5,2025-05-26
B07MDVWWS5,2025-06-23
B07MDVWWS5,2025-07-21
B07MDVWWS5,2025-08-18
B07MDVWWS5,2025-09-15
B07MDVWWS5,2025-10-13
B07MDVWWS5,2025-11-10
B07MDVWWS5,2025-12-08
B07MDVWWS5,2026-01-05
B07MDVWWS5,2026-02-02
B07MDVWWS5,2026-03-02
B07MZLSNYK,2025-04-28
B07MZLSNYK,2025-05-26
B07MZLSNYK,2025-06-23
B07MZLSNYK,2025-07-21
B07MZLSNYK,2025-08-18
B07MZLSNYK,2025-09-15
B07MZLSNYK,2025-10-13
B07MZLSNYK,2025-11-10
B07MZLSNYK,2025-12-08
B07MZLSNYK,2026-01-05
B07MZLSNYK,2026-02-02
B07MZLSNYK,2026-03-02
B07MZM1ZWB,2025-04-28
B07MZM1ZWB,2025-05-26
B07MZM1ZWB,2025-06-23
B07MZM1ZWB,2025-07-21
B07MZM1ZWB,2025-08-18
B07MZM1ZWB,2025-09-15
B07MZM1ZWB,2025-10-13
B07MZM1ZWB,2025-11-10
B07MZM1ZWB,2025-12-08
B07MZM1ZWB,2026-01-05
B07MZM1ZWB,2026-02-02
B07MZM1ZWB,2026-03-02
B07NK88XYQ,2025-04-28
B07NK88XYQ,2025-05-26
B07NK88XYQ,2025-06-23
B07NK88XYQ,2025-07-21
B07NK88XYQ,2025-08-18
B07NK88XYQ,2025-09-15
B07NK88XYQ,2025-10-13
B07NK88XYQ,2025-11-10
B07NK88XYQ,2025-12-08
B07NK88XYQ,2026-01-05
B07NK88XYQ,2026-02-02
B07NK88XYQ,2026-03-02
B07PV5XV16,2025-04-28
B07PV5XV16,2025-05-26
B07PV5XV16,2025-06-23
B07PV5XV16,2025-07-21
B07PV5XV16,2025-08-18
B07PV5XV16,2025-09-15
B07PV5XV16,2025-10-13
B07PV5XV16,2025-11-10
B07PV5XV16,2025-12-08
B07PV5XV16,2026-01-05
B07PV5XV16,2026-02-02
B07PV5XV16,2026-03-02
B07PV5Y452,2025-04-28
B07PV5Y452,2025-05-26
B07PV5Y452,2025-06-23
B07PV5Y452,2025-07-21
B07PV5Y452,2025-08-18
B07PV5Y452,2025-09-15
B07PV5Y452,2025-10-13
B07PV5Y452,2025-11-10
B07PV5Y452,2025-12-08
B07PV5Y452,2026-01-05
B07PV5Y452,2026-02-02
B07PV5Y452,2026-03-02
B07PX2FJ4Y,2025-04-28
B07PX2FJ4Y,2025-05-26
B07PX2FJ4Y,2025-06-23
B07PX2FJ4Y,2025-07-21
B07PX2FJ4Y,2025-08-18
B07PX2FJ4Y,2025-09-15
B07PX2FJ4Y,2025-10-13
B07PX2FJ4Y,2025-11-10
B07PX2FJ4Y,2025-12-08
B07PX2FJ4Y,2026-01-05
B07PX2FJ4Y,2026-02-02
B07PX2FJ4Y,2026-03-02
B07PXCC563,2025-04-28
B07PXCC563,2025-05-26
B07PXCC563,2025-06-23
B07PXCC563,2025-07-21
B07PXCC563,2025-08-18
B07PXCC563,2025-09-15
B07PXCC563,2025-10-13
B07PXCC563,2025-11-10
B07PXCC563,2025-12-08
B07PXCC563,2026-01-05
B07PXCC563,2026-02-02
B07PXCC563,2026-03-02
B07PY7Y41H,2025-04-28
B07PY7Y41H,2025-05-26
B07PY7Y41H,2025-06-23
B07PY7Y41H,2025-07-21
B07PY7Y41H,2025-08-18
B07PY7Y41H,2025-09-15
B07PY7Y41H,2025-10-13
B07PY7Y41H,2025-11-10
B07PY7Y41H,2025-12-08
B07PY7Y41H,2026-01-05
B07PY7Y41H,2026-02-02
B07PY7Y41H,2026-03-02
B07Q1GNMM1,2025-04-28
B07Q1GNMM1,2025-05-26
B07Q1GNMM1,2025-06-23
B07Q1GNMM1,2025-07-21
B07Q1GNMM1,2025-08-18
B07Q1GNMM1,2025-09-15
B07Q1GNMM1,2025-10-13
B07Q1GNMM1,2025-11-10
B07Q1GNMM1,2025-12-08
B07Q1GNMM1,2026-01-05
B07Q1GNMM1,2026-02-02
B07Q1GNMM1,2026-03-02
B07Q2BMM37,2025-04-28
B07Q2BMM37,2025-05-26
B07Q2BMM37,2025-06-23
B07Q2BMM37,2025-07-21
B07Q2BMM37,2025-08-18
B07Q2BMM37,2025-09-15
B07Q2BMM37,2025-10-13
B07Q2BMM37,2025-11-10
B07Q2BMM37,2025-12-08
B07Q2BMM37,2026-01-05
B07Q2BMM37,2026-02-02
B07Q2BMM37,2026-03-02
B07Q2S4JJG,2025-04-28
B07Q2S4JJG,2025-05-26
B07Q2S4JJG,2025-06-23
B07Q2S4JJG,2025-07-21
B07Q2S4JJG,2025-08-18
B07Q2S4JJG,2025-09-15
B07Q2S4JJG,2025-10-13
B07Q2S4JJG,2025-11-10
B07Q2S4JJG,2025-12-08
B07Q2S4JJG,2026-01-05
B07Q2S4JJG,2026-02-02
B07Q2S4JJG,2026-03-02
B07Q8V2J3Y,2025-04-28
B07Q8V2J3Y,2025-05-26
B07Q8V2J3Y,2025-06-23
B07Q8V2J3Y,2025-07-21
B07Q8V2J3Y,2025-08-18
B07Q8V2J3Y,2025-09-15
B07Q8V2J3Y,2025-10-13
B07Q8V2J3Y,2025-11-10
B07Q8V2J3Y,2025-12-08
B07Q8V2J3Y,2026-01-05
B07Q8V2J3Y,2026-02-02
B07Q8V2J3Y,2026-03-02
B07QLH7LSH,2025-04-28
B07QLH7LSH,2025-05-26
B07QLH7LSH,2025-06-23
B07QLH7LSH,2025-07-21
B07QLH7LSH,2025-08-18
B07QLH7LSH,2025-09-15
B07QLH7LSH,2025-10-13
B07QLH7LSH,2025-11-10
B07QLH7LSH,2025-12-08
B07QLH7LSH,2026-01-05
B07QLH7LSH,2026-02-02
B07QLH7LSH,2026-03-02
B07RBLLSN6,2025-04-28
B07RBLLSN6,2025-05-26
B07RBLLSN6,2025-06-23
B07RBLLSN6,2025-07-21
B07RBLLSN6,2025-08-18
B07RBLLSN6,2025-09-15
B07RBLLSN6,2025-10-13
B07RBLLSN6,2025-11-10
B07RBLLSN6,2025-12-08
B07RBLLSN6,2026-01-05
B07RBLLSN6,2026-02-02
B07RBLLSN6,2026-03-02
B07RTLP7HC,2025-04-28
B07RTLP7HC,2025-05-26
B07RTLP7HC,2025-06-23
B07RTLP7HC,2025-07-21
B07RTLP7HC,2025-08-18
B07RTLP7HC,2025-09-15
B07RTLP7HC,2025-10-13
B07RTLP7HC,2025-11-10
B07RTLP7HC,2025-12-08
B07RTLP7HC,2026-01-05
B07RTLP7HC,2026-02-02
B07RTLP7HC,2026-03-02
B07T1R5Z53,2025-04-28
B07T1R5Z53,2025-05-26
B07T1R5Z53,2025-06-23
B07T1R5Z53,2025-07-21
B07T1R5Z53,2025-08-18
B07T1R5Z53,2025-09-15
B07T1R5Z53,2025-10-13
B07T1R5Z53,2025-11-10
B07T1R5Z53,2025-12-08
B07T1R5Z53,2026-01-05
B07T1R5Z53,2026-02-02
B07T1R5Z53,2026-03-02
B07T6721C3,2025-04-28
B07T6721C3,2025-05-26
B07T6721C3,2025-06-23
B07T6721C3,2025-07-21
B07T6721C3,2025-08-18
B07T6721C3,2025-09-15
B07T6721C3,2025-10-13
B07T6721C3,2025-11-10
B07T6721C3,2025-12-08
B07T6721C3,2026-01-05
B07T6721C3,2026-02-02
B07T6721C3,2026-03-02
B07TGB8GGJ,2025-04-28
B07TGB8GGJ,2025-05-26
B07TGB8GGJ,2025-06-23
B07TGB8GGJ,2025-07-21
B07TGB8GGJ,2025-08-18
B07TGB8GGJ,2025-09-15
B07TGB8GGJ,2025-10-13
B07TGB8GGJ,2025-11-10
B07TGB8GGJ,2025-12-08
B07TGB8GGJ,2026-01-05
B07TGB8GGJ,2026-02-02
B07TGB8GGJ,2026-03-02
B07V2KNCH6,2025-04-28
B07V2KNCH6,2025-05-26
B07V2KNCH6,2025-06-23
B07V2KNCH6,2025-07-21
B07V2KNCH6,2025-08-18
B07V2KNCH6,2025-09-15
B07V2KNCH6,2025-10-13
B07V2KNCH6,2025-11-10
B07V2KNCH6,2025-12-08
B07V2KNCH6,2026-01-05
B07V2KNCH6,2026-02-02
B07V2KNCH6,2026-03-02
B07V5S8W4S,2025-04-28
B07V5S8W4S,2025-05-26
B07V5S8W4S,2025-06-23
B07V5S8W4S,2025-07-21
B07V5S8W4S,2025-08-18
B07V5S8W4S,2025-09-15
B07V5S8W4S,2025-10-13
B07V5S8W4S,2025-11-10
B07V5S8W4S,2025-12-08
B07V5S8W4S,2026-01-05
B07V5S8W4S,2026-02-02
B07V5S8W4S,2026-03-02
B07W4CDN9Q,2025-04-28
B07W4CDN9Q,2025-05-26
B07W4CDN9Q,2025-06-23
B07W4CDN9Q,2025-07-21
B07W4CDN9Q,2025-08-18
B07W4CDN9Q,2025-09-15
B07W4CDN9Q,2025-10-13
B07W4CDN9Q,2025-11-10
B07W4CDN9Q,2025-12-08
B07W4CDN9Q,2026-01-05
B07W4CDN9Q,2026-02-02
B07W4CDN9Q,2026-03-02
B07W8FSJC7,2025-04-28
B07W8FSJC7,2025-05-26
B07W8FSJC7,2025-06-23
B07W8FSJC7,2025-07-21
B07W8FSJC7,2025-08-18
B07W8FSJC7,2025-09-15
B07W8FSJC7,2025-10-13
B07W8FSJC7,2025-11-10
B07W8FSJC7,2025-12-08
B07W8FSJC7,2026-01-05
B07W8FSJC7,2026-02-02
B07W8FSJC7,2026-03-02
B07W9K24JH,2025-04-28
B07W9K24JH,2025-05-26
B07W9K24JH,2025-06-23
B07W9K24JH,2025-07-21
B07W9K24JH,2025-08-18
B07W9K24JH,2025-09-15
B07W9K24JH,2025-10-13
B07W9K24JH,2025-11-10
B07W9K24JH,2025-12-08
B07W9K24JH,2026-01-05
B07W9K24JH,2026-02-02
B07W9K24JH,2026-03-02
B07WG6DXS8,2025-04-28
B07WG6DXS8,2025-05-26
B07WG6DXS8,2025-06-23
B07WG6DXS8,2025-07-21
B07WG6DXS8,2025-08-18
B07WG6DXS8,2025-09-15
B07WG6DXS8,2025-10-13
B07WG6DXS8,2025-11-10
B07WG6DXS8,2025-12-08
B07WG6DXS8,2026-01-05
B07WG6DXS8,2026-02-02
B07WG6DXS8,2026-03-02
B07WJZBK4N,2025-04-28
B07WJZBK4N,2025-05-26
B07WJZBK4N,2025-06-23
B07WJZBK4N,2025-07-21
B07WJZBK4N,2025-08-18
B07WJZBK4N,2025-09-15
B07WJZBK4N,2025-10-13
B07WJZBK4N,2025-11-10
B07WJZBK4N,2025-12-08
B07WJZBK4N,2026-01-05
B07WJZBK4N,2026-02-02
B07WJZBK4N,2026-03-02
B07WZLY68G,2025-04-28
B07WZLY68G,2025-05-26
B07WZLY68G,2025-06-23
B07WZLY68G,2025-07-21
B07WZLY68G,2025-08-18
B07WZLY68G,2025-09-15
B07WZLY68G,2025-10-13
B07WZLY68G,2025-11-10
B07WZLY68G,2025-12-08
B07WZLY68G,2026-01-05
B07WZLY68G,2026-02-02
B07WZLY68G,2026-03-02
B07X5R1FK7,2025-04-28
B07X5R1FK7,2025-05-26
B07X5R1FK7,2025-06-23
B07X5R1FK7,2025-07-21
B07X5R1FK7,2025-08-18
B07X5R1FK7,2025-09-15
B07X5R1FK7,2025-10-13
B07X5R1FK7,2025-11-10
B07X5R1FK7,2025-12-08
B07X5R1FK7,2026-01-05
B07X5R1FK7,2026-02-02
B07X5R1FK7,2026-03-02
B07X5S984H,2025-04-28
B07X5S984H,2025-05-26
B07X5S984H,2025-06-23
B07X5S984H,2025-07-21
B07X5S984H,2025-08-18
B07X5S984H,2025-09-15
B07X5S984H,2025-10-13
B07X5S984H,2025-11-10
B07X5S984H,2025-12-08
B07X5S984H,2026-01-05
B07X5S984H,2026-02-02
B07X5S984H,2026-03-02
B07XBJSNBP,2025-04-28
B07XBJSNBP,2025-05-26
B07XBJSNBP,2025-06-23
B07XBJSNBP,2025-07-21
B07XBJSNBP,2025-08-18
B07XBJSNBP,2025-09-15
B07XBJSNBP,2025-10-13
B07XBJSNBP,2025-11-10
B07XBJSNBP,2025-12-08
B07XBJSNBP,2026-01-05
B07XBJSNBP,2026-02-02
B07XBJSNBP,2026-03-02
B07XCHC32G,2025-04-28
B07XCHC32G,2025-05-26
B07XCHC32G,2025-06-23
B07XCHC32G,2025-07-21
B07XCHC32G,2025-08-18
B07XCHC32G,2025-09-15
B07XCHC32G,2025-10-13
B07XCHC32G,2025-11-10
B07XCHC32G,2025-12-08
B07XCHC32G,2026-01-05
B07XCHC32G,2026-02-02
B07XCHC32G,2026-03-02
B07Y6YQFKC,2025-04-28
B07Y6YQFKC,2025-05-26
B07Y6YQFKC,2025-06-23
B07Y6YQFKC,2025-07-21
B07Y6YQFKC,2025-08-18
B07Y6YQFKC,2025-09-15
B07Y6YQFKC,2025-10-13
B07Y6YQFKC,2025-11-10
B07Y6YQFKC,2025-12-08
B07Y6YQFKC,2026-01-05
B07Y6YQFKC,2026-02-02
B07Y6YQFKC,2026-03-02
B07YC7Q2Z6,2025-04-28
B07YC7Q2Z6,2025-05-26
B07YC7Q2Z6,2025-06-23
B07YC7Q2Z6,2025-07-21
B07YC7Q2Z6,2025-08-18
B07YC7Q2Z6,2025-09-15
B07YC7Q2Z6,2025-10-13
B07YC7Q2Z6,2025-11-10
B07YC7Q2Z6,2025-12-08
B07YC7Q2Z6,2026-01-05
B07YC7Q2Z6,2026-02-02
B07YC7Q2Z6,2026-03-02
B07YZ9HM7Z,2025-04-28
B07YZ9HM7Z,2025-05-26
B07YZ9HM7Z,2025-06-23
B07YZ9HM7Z,2025-07-21
B07YZ9HM7Z,2025-08-18
B07YZ9HM7Z,2025-09-15
B07YZ9HM7Z,2025-10-13
B07YZ9HM7Z,2025-11-10
B07YZ9HM7Z,2025-12-08
B07YZ9HM7Z,2026-01-05
B07YZ9HM7Z,2026-02-02
B07YZ9HM7Z,2026-03-02
B07ZGJB6LW,2025-04-28
B07ZGJB6LW,2025-05-26
B07ZGJB6LW,2025-06-23
B07ZGJB6LW,2025-07-21
B07ZGJB6LW,2025-08-18
B07ZGJB6LW,2025-09-15
B07ZGJB6LW,2025-10-13
B07ZGJB6LW,2025-11-10
B07ZGJB6LW,2025-12-08
B07ZGJB6LW,2026-01-05
B07ZGJB6LW,2026-02-02
B07ZGJB6LW,2026-03-02
B0828LYJ8S,2025-04-28
B0828LYJ8S,2025-05-26
B0828LYJ8S,2025-06-23
B0828LYJ8S,2025-07-21
B0828LYJ8S,2025-08-18
B0828LYJ8S,2025-09-15
B0828LYJ8S,2025-10-13
B0828LYJ8S,2025-11-10
B0828LYJ8S,2025-12-08
B0828LYJ8S,2026-01-05
B0828LYJ8S,2026-02-02
B0828LYJ8S,2026-03-02
B0828MHXF3,2025-04-28
B0828MHXF3,2025-05-26
B0828MHXF3,2025-06-23
B0828MHXF3,2025-07-21
B0828MHXF3,2025-08-18
B0828MHXF3,2025-09-15
B0828MHXF3,2025-10-13
B0828MHXF3,2025-11-10
B0828MHXF3,2025-12-08
B0828MHXF3,2026-01-05
B0828MHXF3,2026-02-02
B0828MHXF3,2026-03-02
B0828MRYR5,2025-04-28
B0828MRYR5,2025-05-26
B0828MRYR5,2025-06-23
B0828MRYR5,2025-07-21
B0828MRYR5,2025-08-18
B0828MRYR5,2025-09-15
B0828MRYR5,2025-10-13
B0828MRYR5,2025-11-10
B0828MRYR5,2025-12-08
B0828MRYR5,2026-01-05
B0828MRYR5,2026-02-02
B0828MRYR5,2026-03-02
B08292V9NQ,2025-04-28
B08292V9NQ,2025-05-26
B08292V9NQ,2025-06-23
B08292V9NQ,2025-07-21
B08292V9NQ,2025-08-18
B08292V9NQ,2025-09-15
B08292V9NQ,2025-10-13
B08292V9NQ,2025-11-10
B08292V9NQ,2025-12-08
B08292V9NQ,2026-01-05
B08292V9NQ,2026-02-02
B08292V9NQ,2026-03-02
B0829WSMPB,2025-04-28
B0829WSMPB,2025-05-26
B0829WSMPB,2025-06-23
B0829WSMPB,2025-07-21
B0829WSMPB,2025-08-18
B0829WSMPB,2025-09-15
B0829WSMPB,2025-10-13
B0829WSMPB,2025-11-10
B0829WSMPB,2025-12-08
B0829WSMPB,2026-01-05
B0829WSMPB,2026-02-02
B0829WSMPB,2026-03-02
B082B1LDG7,2025-04-28
B082B1LDG7,2025-05-26
B082B1LDG7,2025-06-23
B082B1LDG7,2025-07-21
B082B1LDG7,2025-08-18
B082B1LDG7,2025-09-15
B082B1LDG7,2025-10-13
B082B1LDG7,2025-11-10
B082B1LDG7,2025-12-08
B082B1LDG7,2026-01-05
B082B1LDG7,2026-02-02
B082B1LDG7,2026-03-02
B082B2NRYB,2025-04-28
B082B2NRYB,2025-05-26
B082B2NRYB,2025-06-23
B082B2NRYB,2025-07-21
B082B2NRYB,2025-08-18
B082B2NRYB,2025-09-15
B082B2NRYB,2025-10-13
B082B2NRYB,2025-11-10
B082B2NRYB,2025-12-08
B082B2NRYB,2026-01-05
B082B2NRYB,2026-02-02
B082B2NRYB,2026-03-02
B082PXSFVR,2025-04-28
B082PXSFVR,2025-05-26
B082PXSFVR,2025-06-23
B082PXSFVR,2025-07-21
B082PXSFVR,2025-08-18
B082PXSFVR,2025-09-15
B082PXSFVR,2025-10-13
B082PXSFVR,2025-11-10
B082PXSFVR,2025-12-08
B082PXSFVR,2026-01-05
B082PXSFVR,2026-02-02
B082PXSFVR,2026-03-02
B082V3Q82X,2025-04-28
B082V3Q82X,2025-05-26
B082V3Q82X,2025-06-23
B082V3Q82X,2025-07-21
B082V3Q82X,2025-08-18
B082V3Q82X,2025-09-15
B082V3Q82X,2025-10-13
B082V3Q82X,2025-11-10
B082V3Q82X,2025-12-08
B082V3Q82X,2026-01-05
B082V3Q82X,2026-02-02
B082V3Q82X,2026-03-02
B082W8RZCH,2025-04-28
B082W8RZCH,2025-05-26
B082W8RZCH,2025-06-23
B082W8RZCH,2025-07-21
B082W8RZCH,2025-08-18
B082W8RZCH,2025-09-15
B082W8RZCH,2025-10-13
B082W8RZCH,2025-11-10
B082W8RZCH,2025-12-08
B082W8RZCH,2026-01-05
B082W8RZCH,2026-02-02
B082W8RZCH,2026-03-02
B082Y2VZMH,2025-04-28
B082Y2VZMH,2025-05-26
B082Y2VZMH,2025-06-23
B082Y2VZMH,2025-07-21
B082Y2VZMH,2025-08-18
B082Y2VZMH,2025-09-15
B082Y2VZMH,2025-10-13
B082Y2VZMH,2025-11-10
B082Y2VZMH,2025-12-08
B082Y2VZMH,2026-01-05
B082Y2VZMH,2026-02-02
B082Y2VZMH,2026-03-02
B085Y6RJVF,2025-04-28
B085Y6RJVF,2025-05-26
B085Y6RJVF,2025-06-23
B085Y6RJVF,2025-07-21
B085Y6RJVF,2025-08-18
B085Y6RJVF,2025-09-15
B085Y6RJVF,2025-10-13
B085Y6RJVF,2025-11-10
B085Y6RJVF,2025-12-08
B085Y6RJVF,2026-01-05
B085Y6RJVF,2026-02-02
B085Y6RJVF,2026-03-02
B087D163KZ,2025-04-28
B087D163KZ,2025-05-26
B087D163KZ,2025-06-23
B087D163KZ,2025-07-21
B087D163KZ,2025-08-18
B087D163KZ,2025-09-15
B087D163KZ,2025-10-13
B087D163KZ,2025-11-10
B087D163KZ,2025-12-08
B087D163KZ,2026-01-05
B087D163KZ,2026-02-02
B087D163KZ,2026-03-02
B089VM4L4P,2025-04-28
B089VM4L4P,2025-05-26
B089VM4L4P,2025-06-23
B089VM4L4P,2025-07-21
B089VM4L4P,2025-08-18
B089VM4L4P,2025-09-15
B089VM4L4P,2025-10-13
B089VM4L4P,2025-11-10
B089VM4L4P,2025-12-08
B089VM4L4P,2026-01-05
B089VM4L4P,2026-02-02
B089VM4L4P,2026-03-02
B08BZ3H857,2025-04-28
B08BZ3H857,2025-05-26
B08BZ3H857,2025-06-23
B08BZ3H857,2025-07-21
B08BZ3H857,2025-08-18
B08BZ3H857,2025-09-15
B08BZ3H857,2025-10-13
B08BZ3H857,2025-11-10
B08BZ3H857,2025-12-08
B08BZ3H857,2026-01-05
B08BZ3H857,2026-02-02
B08BZ3H857,2026-03-02
B08CRM6J84,2025-04-28
B08CRM6J84,2025-05-26
B08CRM6J84,2025-06-23
B08CRM6J84,2025-07-21
B08CRM6J84,2025-08-18
B08CRM6J84,2025-09-15
B08CRM6J84,2025-10-13
B08CRM6J84,2025-11-10
B08CRM6J84,2025-12-08
B08CRM6J84,2026-01-05
B08CRM6J84,2026-02-02
B08CRM6J84,2026-03-02
B08G1F6MCC,2025-04-28
B08G1F6MCC,2025-05-26
B08G1F6MCC,2025-06-23
B08G1F6MCC,2025-07-21
B08G1F6MCC,2025-08-18
B08G1F6MCC,2025-09-15
B08G1F6MCC,2025-10-13
B08G1F6MCC,2025-11-10
B08G1F6MCC,2025-12-08
B08G1F6MCC,2026-01-05
B08G1F6MCC,2026-02-02
B08G1F6MCC,2026-03-02
B08G1F74LV,2025-04-28
B08G1F74LV,2025-05-26
B08G1F74LV,2025-06-23
B08G1F74LV,2025-07-21
B08G1F74LV,2025-08-18
B08G1F74LV,2025-09-15
B08G1F74LV,2025-10-13
B08G1F74LV,2025-11-10
B08G1F74LV,2025-12-08
B08G1F74LV,2026-01-05
B08G1F74LV,2026-02-02
B08G1F74LV,2026-03-02
B08G1FST5S,2025-04-28
B08G1FST5S,2025-05-26
B08G1FST5S,2025-06-23
B08G1FST5S,2025-07-21
B08G1FST5S,2025-08-18
B08G1FST5S,2025-09-15
B08G1FST5S,2025-10-13
B08G1FST5S,2025-11-10
B08G1FST5S,2025-12-08
B08G1FST5S,2026-01-05
B08G1FST5S,2026-02-02
B08G1FST5S,2026-03-02
B08GKR33X7,2025-04-28
B08GKR33X7,2025-05-26
B08GKR33X7,2025-06-23
B08GKR33X7,2025-07-21
B08GKR33X7,2025-08-18
B08GKR33X7,2025-09-15
B08GKR33X7,2025-10-13
B08GKR33X7,2025-11-10
B08GKR33X7,2025-12-08
B08GKR33X7,2026-01-05
B08GKR33X7,2026-02-02
B08GKR33X7,2026-03-02
B08HMJZ78Z,2025-04-28
B08HMJZ78Z,2025-05-26
B08HMJZ78Z,2025-06-23
B08HMJZ78Z,2025-07-21
B08HMJZ78Z,2025-08-18
B08HMJZ78Z,2025-09-15
B08HMJZ78Z,2025-10-13
B08HMJZ78Z,2025-11-10
B08HMJZ78Z,2025-12-08
B08HMJZ78Z,2026-01-05
B08HMJZ78Z,2026-02-02
B08HMJZ78Z,2026-03-02
B08HRTPMYN,2025-04-28
B08HRTPMYN,2025-05-26
B08HRTPMYN,2025-06-23
B08HRTPMYN,2025-07-21
B08HRTPMYN,2025-08-18
B08HRTPMYN,2025-09-15
B08HRTPMYN,2025-10-13
B08HRTPMYN,2025-11-10
B08HRTPMYN,2025-12-08
B08HRTPMYN,2026-01-05
B08HRTPMYN,2026-02-02
B08HRTPMYN,2026-03-02
B08HRTWS2M,2025-04-28
B08HRTWS2M,2025-05-26
B08HRTWS2M,2025-06-23
B08HRTWS2M,2025-07-21
B08HRTWS2M,2025-08-18
B08HRTWS2M,2025-09-15
B08HRTWS2M,2025-10-13
B08HRTWS2M,2025-11-10
B08HRTWS2M,2025-12-08
B08HRTWS2M,2026-01-05
B08HRTWS2M,2026-02-02
B08HRTWS2M,2026-03-02
B08HVB6J2M,2025-04-28
B08HVB6J2M,2025-05-26
B08HVB6J2M,2025-06-23
B08HVB6J2M,2025-07-21
B08HVB6J2M,2025-08-18
B08HVB6J2M,2025-09-15
B08HVB6J2M,2025-10-13
B08HVB6J2M,2025-11-10
B08HVB6J2M,2025-12-08
B08HVB6J2M,2026-01-05
B08HVB6J2M,2026-02-02
B08HVB6J2M,2026-03-02
B08HVC31BQ,2025-04-28
B08HVC31BQ,2025-05-26
B08HVC31BQ,2025-06-23
B08HVC31BQ,2025-07-21
B08HVC31BQ,2025-08-18
B08HVC31BQ,2025-09-15
B08HVC31BQ,2025-10-13
B08HVC31BQ,2025-11-10
B08HVC31BQ,2025-12-08
B08HVC31BQ,2026-01-05
B08HVC31BQ,2026-02-02
B08HVC31BQ,2026-03-02
B08HVHHWNG,2025-04-28
B08HVHHWNG,2025-05-26
B08HVHHWNG,2025-06-23
B08HVHHWNG,2025-07-21
B08HVHHWNG,2025-08-18
B08HVHHWNG,2025-09-15
B08HVHHWNG,2025-10-13
B08HVHHWNG,2025-11-10
B08HVHHWNG,2025-12-08
B08HVHHWNG,2026-01-05
B08HVHHWNG,2026-02-02
B08HVHHWNG,2026-03-02
B08KLGF6CQ,2025-04-28
B08KLGF6CQ,2025-05-26
B08KLGF6CQ,2025-06-23
B08KLGF6CQ,2025-07-21
B08KLGF6CQ,2025-08-18
B08KLGF6CQ,2025-09-15
B08KLGF6CQ,2025-10-13
B08KLGF6CQ,2025-11-10
B08KLGF6CQ,2025-12-08
B08KLGF6CQ,2026-01-05
B08KLGF6CQ,2026-02-02
B08KLGF6CQ,2026-03-02
B08MFGHVYN,2025-04-28
B08MFGHVYN,2025-05-26
B08MFGHVYN,2025-06-23
B08MFGHVYN,2025-07-21
B08MFGHVYN,2025-08-18
B08MFGHVYN,2025-09-15
B08MFGHVYN,2025-10-13
B08MFGHVYN,2025-11-10
B08MFGHVYN,2025-12-08
B08MFGHVYN,2026-01-05
B08MFGHVYN,2026-02-02
B08MFGHVYN,2026-03-02
B08MVYCRBR,2025-04-28
B08MVYCRBR,2025-05-26
B08MVYCRBR,2025-06-23
B08MVYCRBR,2025-07-21
B08MVYCRBR,2025-08-18
B08MVYCRBR,2025-09-15
B08MVYCRBR,2025-10-13
B08MVYCRBR,2025-11-10
B08MVYCRBR,2025-12-08
B08MVYCRBR,2026-01-05
B08MVYCRBR,2026-02-02
B08MVYCRBR,2026-03-02
B08N5RZ53Z,2025-04-28
B08N5RZ53Z,2025-05-26
B08N5RZ53Z,2025-06-23
B08N5RZ53Z,2025-07-21
B08N5RZ53Z,2025-08-18
B08N5RZ53Z,2025-09-15
B08N5RZ53Z,2025-10-13
B08N5RZ53Z,2025-11-10
B08N5RZ53Z,2025-12-08
B08N5RZ53Z,2026-01-05
B08N5RZ53Z,2026-02-02
B08N5RZ53Z,2026-03-02
B08N5SGW62,2025-04-28
B08N5SGW62,2025-05-26
B08N5SGW62,2025-06-23
B08N5SGW62,2025-07-21
B08N5SGW62,2025-08-18
B08N5SGW62,2025-09-15
B08N5SGW62,2025-10-13
B08N5SGW62,2025-11-10
B08N5SGW62,2025-12-08
B08N5SGW62,2026-01-05
B08N5SGW62,2026-02-02
B08N5SGW62,2026-03-02
B08N5VFNVV,2025-04-28
B08N5VFNVV,2025-05-26
B08N5VFNVV,2025-06-23
B08N5VFNVV,2025-07-21
B08N5VFNVV,2025-08-18
B08N5VFNVV,2025-09-15
B08N5VFNVV,2025-10-13
B08N5VFNVV,2025-11-10
B08N5VFNVV,2025-12-08
B08N5VFNVV,2026-01-05
B08N5VFNVV,2026-02-02
B08N5VFNVV,2026-03-02
B08N5W5HYM,2025-04-28
B08N5W5HYM,2025-05-26
B08N5W5HYM,2025-06-23
B08N5W5HYM,2025-07-21
B08N5W5HYM,2025-08-18
B08N5W5HYM,2025-09-15
B08N5W5HYM,2025-10-13
B08N5W5HYM,2025-11-10
B08N5W5HYM,2025-12-08
B08N5W5HYM,2026-01-05
B08N5W5HYM,2026-02-02
B08N5W5HYM,2026-03-02
B08P4BV2YN,2025-04-28
B08P4BV2YN,2025-05-26
B08P4BV2YN,2025-06-23
B08P4BV2YN,2025-07-21
B08P4BV2YN,2025-08-18
B08P4BV2YN,2025-09-15
B08P4BV2YN,2025-10-13
B08P4BV2YN,2025-11-10
B08P4BV2YN,2025-12-08
B08P4BV2YN,2026-01-05
B08P4BV2YN,2026-02-02
B08P4BV2YN,2026-03-02
B08PYMKCMV,2025-04-28
B08PYMKCMV,2025-05-26
B08PYMKCMV,2025-06-23
B08PYMKCMV,2025-07-21
B08PYMKCMV,2025-08-18
B08PYMKCMV,2025-09-15
B08PYMKCMV,2025-10-13
B08PYMKCMV,2025-11-10
B08PYMKCMV,2025-12-08
B08PYMKCMV,2026-01-05
B08PYMKCMV,2026-02-02
B08PYMKCMV,2026-03-02
B08QZ1FYYV,2025-04-28
B08QZ1FYYV,2025-05-26
B08QZ1FYYV,2025-06-23
B08QZ1FYYV,2025-07-21
B08QZ1FYYV,2025-08-18
B08QZ1FYYV,2025-09-15
B08QZ1FYYV,2025-10-13
B08QZ1FYYV,2025-11-10
B08QZ1FYYV,2025-12-08
B08QZ1FYYV,2026-01-05
B08QZ1FYYV,2026-02-02
B08QZ1FYYV,2026-03-02
B08QZ8JTDN,2025-04-28
B08QZ8JTDN,2025-05-26
B08QZ8JTDN,2025-06-23
B08QZ8JTDN,2025-07-21
B08QZ8JTDN,2025-08-18
B08QZ8JTDN,2025-09-15
B08QZ8JTDN,2025-10-13
B08QZ8JTDN,2025-11-10
B08QZ8JTDN,2025-12-08
B08QZ8JTDN,2026-01-05
B08QZ8JTDN,2026-02-02
B08QZ8JTDN,2026-03-02
B08SM3CYTH,2025-04-28
B08SM3CYTH,2025-05-26
B08SM3CYTH,2025-06-23
B08SM3CYTH,2025-07-21
B08SM3CYTH,2025-08-18
B08SM3CYTH,2025-09-15
B08SM3CYTH,2025-10-13
B08SM3CYTH,2025-11-10
B08SM3CYTH,2025-12-08
B08SM3CYTH,2026-01-05
B08SM3CYTH,2026-02-02
B08SM3CYTH,2026-03-02
B08VJKM4GB,2025-04-28
B08VJKM4GB,2025-05-26
B08VJKM4GB,2025-06-23
B08VJKM4GB,2025-07-21
B08VJKM4GB,2025-08-18
B08VJKM4GB,2025-09-15
B08VJKM4GB,2025-10-13
B08VJKM4GB,2025-11-10
B08VJKM4GB,2025-12-08
B08VJKM4GB,2026-01-05
B08VJKM4GB,2026-02-02
B08VJKM4GB,2026-03-02
B08XLDQZRL,2025-04-28
B08XLDQZRL,2025-05-26
B08XLDQZRL,2025-06-23
B08XLDQZRL,2025-07-21
B08XLDQZRL,2025-08-18
B08XLDQZRL,2025-09-15
B08XLDQZRL,2025-10-13
B08XLDQZRL,2025-11-10
B08XLDQZRL,2025-12-08
B08XLDQZRL,2026-01-05
B08XLDQZRL,2026-02-02
B08XLDQZRL,2026-03-02
B091DM6VV6,2025-04-28
B091DM6VV6,2025-05-26
B091DM6VV6,2025-06-23
B091DM6VV6,2025-07-21
B091DM6VV6,2025-08-18
B091DM6VV6,2025-09-15
B091DM6VV6,2025-10-13
B091DM6VV6,2025-11-10
B091DM6VV6,2025-12-08
B091DM6VV6,2026-01-05
B091DM6VV6,2026-02-02
B091DM6VV6,2026-03-02
B091DVPFLT,2025-04-28
B091DVPFLT,2025-05-26
B091DVPFLT,2025-06-23
B091DVPFLT,2025-07-21
B091DVPFLT,2025-08-18
B091DVPFLT,2025-09-15
B091DVPFLT,2025-10-13
B091DVPFLT,2025-11-10
B091DVPFLT,2025-12-08
B091DVPFLT,2026-01-05
B091DVPFLT,2026-02-02
B091DVPFLT,2026-03-02
B092M5MM4W,2025-04-28
B092M5MM4W,2025-05-26
B092M5MM4W,2025-06-23
B092M5MM4W,2025-07-21
B092M5MM4W,2025-08-18
B092M5MM4W,2025-09-15
B092M5MM4W,2025-10-13
B092M5MM4W,2025-11-10
B092M5MM4W,2025-12-08
B092M5MM4W,2026-01-05
B092M5MM4W,2026-02-02
B092M5MM4W,2026-03-02
B092QGXN8C,2025-04-28
B092QGXN8C,2025-05-26
B092QGXN8C,2025-06-23
B092QGXN8C,2025-07-21
B092QGXN8C,2025-08-18
B092QGXN8C,2025-09-15
B092QGXN8C,2025-10-13
B092QGXN8C,2025-11-10
B092QGXN8C,2025-12-08
B092QGXN8C,2026-01-05
B092QGXN8C,2026-02-02
B092QGXN8C,2026-03-02
B092QLGY7W,2025-04-28
B092QLGY7W,2025-05-26
B092QLGY7W,2025-06-23
B092QLGY7W,2025-07-21
B092QLGY7W,2025-08-18
B092QLGY7W,2025-09-15
B092QLGY7W,2025-10-13
B092QLGY7W,2025-11-10
B092QLGY7W,2025-12-08
B092QLGY7W,2026-01-05
B092QLGY7W,2026-02-02
B092QLGY7W,2026-03-02
B092QWYHXN,2025-04-28
B092QWYHXN,2025-05-26
B092QWYHXN,2025-06-23
B092QWYHXN,2025-07-21
B092QWYHXN,2025-08-18
B092QWYHXN,2025-09-15
B092QWYHXN,2025-10-13
B092QWYHXN,2025-11-10
B092QWYHXN,2025-12-08
B092QWYHXN,2026-01-05
B092QWYHXN,2026-02-02
B092QWYHXN,2026-03-02
B092QY3YHW,2025-04-28
B092QY3YHW,2025-05-26
B092QY3YHW,2025-06-23
B092QY3YHW,2025-07-21
B092QY3YHW,2025-08-18
B092QY3YHW,2025-09-15
B092QY3YHW,2025-10-13
B092QY3YHW,2025-11-10
B092QY3YHW,2025-12-08
B092QY3YHW,2026-01-05
B092QY3YHW,2026-02-02
B092QY3YHW,2026-03-02
B09432PL6V,2025-04-28
B09432PL6V,2025-05-26
B09432PL6V,2025-06-23
B09432PL6V,2025-07-21
B09432PL6V,2025-08-18
B09432PL6V,2025-09-15
B09432PL6V,2025-10-13
B09432PL6V,2025-11-10
B09432PL6V,2025-12-08
B09432PL6V,2026-01-05
B09432PL6V,2026-02-02
B09432PL6V,2026-03-02
B094CXSW46,2025-04-28
B094CXSW46,2025-05-26
B094CXSW46,2025-06-23
B094CXSW46,2025-07-21
B094CXSW46,2025-08-18
B094CXSW46,2025-09-15
B094CXSW46,2025-10-13
B094CXSW46,2025-11-10
B094CXSW46,2025-12-08
B094CXSW46,2026-01-05
B094CXSW46,2026-02-02
B094CXSW46,2026-03-02
B097PBSN9B,2025-04-28
B097PBSN9B,2025-05-26
B097PBSN9B,2025-06-23
B097PBSN9B,2025-07-21
B097PBSN9B,2025-08-18
B097PBSN9B,2025-09-15
B097PBSN9B,2025-10-13
B097PBSN9B,2025-11-10
B097PBSN9B,2025-12-08
B097PBSN9B,2026-01-05
B097PBSN9B,2026-02-02
B097PBSN9B,2026-03-02
B099WKN11C,2025-04-28
B099WKN11C,2025-05-26
B099WKN11C,2025-06-23
B099WKN11C,2025-07-21
B099WKN11C,2025-08-18
B099WKN11C,2025-09-15
B099WKN11C,2025-10-13
B099WKN11C,2025-11-10
B099WKN11C,2025-12-08
B099WKN11C,2026-01-05
B099WKN11C,2026-02-02
B099WKN11C,2026-03-02
B09C61YWBT,2025-04-28
B09C61YWBT,2025-05-26
B09C61YWBT,2025-06-23
B09C61YWBT,2025-07-21
B09C61YWBT,2025-08-18
B09C61YWBT,2025-09-15
B09C61YWBT,2025-10-13
B09C61YWBT,2025-11-10
B09C61YWBT,2025-12-08
B09C61YWBT,2026-01-05
B09C61YWBT,2026-02-02
B09C61YWBT,2026-03-02
B09C62DGW9,2025-04-28
B09C62DGW9,2025-05-26
B09C62DGW9,2025-06-23
B09C62DGW9,2025-07-21
B09C62DGW9,2025-08-18
B09C62DGW9,2025-09-15
B09C62DGW9,2025-10-13
B09C62DGW9,2025-11-10
B09C62DGW9,2025-12-08
B09C62DGW9,2026-01-05
B09C62DGW9,2026-02-02
B09C62DGW9,2026-03-02
B09DYFFPML,2025-04-28
B09DYFFPML,2025-05-26
B09DYFFPML,2025-06-23
B09DYFFPML,2025-07-21
B09DYFFPML,2025-08-18
B09DYFFPML,2025-09-15
B09DYFFPML,2025-10-13
B09DYFFPML,2025-11-10
B09DYFFPML,2025-12-08
B09DYFFPML,2026-01-05
B09DYFFPML,2026-02-02
B09DYFFPML,2026-03-02
B09DYG2V47,2025-04-28
B09DYG2V47,2025-05-26
B09DYG2V47,2025-06-23
B09DYG2V47,2025-07-21
B09DYG2V47,2025-08-18
B09DYG2V47,2025-09-15
B09DYG2V47,2025-10-13
B09DYG2V47,2025-11-10
B09DYG2V47,2025-12-08
B09DYG2V47,2026-01-05
B09DYG2V47,2026-02-02
B09DYG2V47,2026-03-02
B09GB489RB,2025-04-28
B09GB489RB,2025-05-26
B09GB489RB,2025-06-23
B09GB489RB,2025-07-21
B09GB489RB,2025-08-18
B09GB489RB,2025-09-15
B09GB489RB,2025-10-13
B09GB489RB,2025-11-10
B09GB489RB,2025-12-08
B09GB489RB,2026-01-05
B09GB489RB,2026-02-02
B09GB489RB,2026-03-02
B09HK7YSBW,2025-04-28
B09HK7YSBW,2025-05-26
B09HK7YSBW,2025-06-23
B09HK7YSBW,2025-07-21
B09HK7YSBW,2025-08-18
B09HK7YSBW,2025-09-15
B09HK7YSBW,2025-10-13
B09HK7YSBW,2025-11-10
B09HK7YSBW,2025-12-08
B09HK7YSBW,2026-01-05
B09HK7YSBW,2026-02-02
B09HK7YSBW,2026-03-02
B09JCFYTY7,2025-04-28
B09JCFYTY7,2025-05-26
B09JCFYTY7,2025-06-23
B09JCFYTY7,2025-07-21
B09JCFYTY7,2025-08-18
B09JCFYTY7,2025-09-15
B09JCFYTY7,2025-10-13
B09JCFYTY7,2025-11-10
B09JCFYTY7,2025-12-08
B09JCFYTY7,2026-01-05
B09JCFYTY7,2026-02-02
B09JCFYTY7,2026-03-02
B09JW526HN,2025-04-28
B09JW526HN,2025-05-26
B09JW526HN,2025-06-23
B09JW526HN,2025-07-21
B09JW526HN,2025-08-18
B09JW526HN,2025-09-15
B09JW526HN,2025-10-13
B09JW526HN,2025-11-10
B09JW526HN,2025-12-08
B09JW526HN,2026-01-05
B09JW526HN,2026-02-02
B09JW526HN,2026-03-02
B09KG1DDT7,2025-04-28
B09KG1DDT7,2025-05-26
B09KG1DDT7,2025-06-23
B09KG1DDT7,2025-07-21
B09KG1DDT7,2025-08-18
B09KG1DDT7,2025-09-15
B09KG1DDT7,2025-10-13
B09KG1DDT7,2025-11-10
B09KG1DDT7,2025-12-08
B09KG1DDT7,2026-01-05
B09KG1DDT7,2026-02-02
B09KG1DDT7,2026-03-02
B09KGF289X,2025-04-28
B09KGF289X,2025-05-26
B09KGF289X,2025-06-23
B09KGF289X,2025-07-21
B09KGF289X,2025-08-18
B09KGF289X,2025-09-15
B09KGF289X,2025-10-13
B09KGF289X,2025-11-10
B09KGF289X,2025-12-08
B09KGF289X,2026-01-05
B09KGF289X,2026-02-02
B09KGF289X,2026-03-02
B09KLRZBX9,2025-04-28
B09KLRZBX9,2025-05-26
B09KLRZBX9,2025-06-23
B09KLRZBX9,2025-07-21
B09KLRZBX9,2025-08-18
B09KLRZBX9,2025-09-15
B09KLRZBX9,2025-10-13
B09KLRZBX9,2025-11-10
B09KLRZBX9,2025-12-08
B09KLRZBX9,2026-01-05
B09KLRZBX9,2026-02-02
B09KLRZBX9,2026-03-02
B09L4STP95,2025-04-28
B09L4STP95,2025-05-26
B09L4STP95,2025-06-23
B09L4STP95,2025-07-21
B09L4STP95,2025-08-18
B09L4STP95,2025-09-15
B09L4STP95,2025-10-13
B09L4STP95,2025-11-10
B09L4STP95,2025-12-08
B09L4STP95,2026-01-05
B09L4STP95,2026-02-02
B09L4STP95,2026-03-02
B09M417SZ5,2025-04-28
B09M417SZ5,2025-05-26
B09M417SZ5,2025-06-23
B09M417SZ5,2025-07-21
B09M417SZ5,2025-08-18
B09M417SZ5,2025-09-15
B09M417SZ5,2025-10-13
B09M417SZ5,2025-11-10
B09M417SZ5,2025-12-08
B09M417SZ5,2026-01-05
B09M417SZ5,2026-02-02
B09M417SZ5,2026-03-02
B09MJW1T67,2025-04-28
B09MJW1T67,2025-05-26
B09MJW1T67,2025-06-23
B09MJW1T67,2025-07-21
B09MJW1T67,2025-08-18
B09MJW1T67,2025-09-15
B09MJW1T67,2025-10-13
B09MJW1T67,2025-11-10
B09MJW1T67,2025-12-08
B09MJW1T67,2026-01-05
B09MJW1T67,2026-02-02
B09MJW1T67,2026-03-02
B09MJW82ZX,2025-04-28
B09MJW82ZX,2025-05-26
B09MJW82ZX,2025-06-23
B09MJW82ZX,2025-07-21
B09MJW82ZX,2025-08-18
B09MJW82ZX,2025-09-15
B09MJW82ZX,2025-10-13
B09MJW82ZX,2025-11-10
B09MJW82ZX,2025-12-08
B09MJW82ZX,2026-01-05
B09MJW82ZX,2026-02-02
B09MJW82ZX,2026-03-02
B09MLF5ZFQ,2025-04-28
B09MLF5ZFQ,2025-05-26
B09MLF5ZFQ,2025-06-23
B09MLF5ZFQ,2025-07-21
B09MLF5ZFQ,2025-08-18
B09MLF5ZFQ,2025-09-15
B09MLF5ZFQ,2025-10-13
B09MLF5ZFQ,2025-11-10
B09MLF5ZFQ,2025-12-08
B09MLF5ZFQ,2026-01-05
B09MLF5ZFQ,2026-02-02
B09MLF5ZFQ,2026-03-02
B09MQ2T2HQ,2025-04-28
B09MQ2T2HQ,2025-05-26
B09MQ2T2HQ,2025-06-23
B09MQ2T2HQ,2025-07-21
B09MQ2T2HQ,2025-08-18
B09MQ2T2HQ,2025-09-15
B09MQ2T2HQ,2025-10-13
B09MQ2T2HQ,2025-11-10
B09MQ2T2HQ,2025-12-08
B09MQ2T2HQ,2026-01-05
B09MQ2T2HQ,2026-02-02
B09MQ2T2HQ,2026-03-02
B09MQ3SKP4,2025-04-28
B09MQ3SKP4,2025-05-26
B09MQ3SKP4,2025-06-23
B09MQ3SKP4,2025-07-21
B09MQ3SKP4,2025-08-18
B09MQ3SKP4,2025-09-15
B09MQ3SKP4,2025-10-13
B09MQ3SKP4,2025-11-10
B09MQ3SKP4,2025-12-08
B09MQ3SKP4,2026-01-05
B09MQ3SKP4,2026-02-02
B09MQ3SKP4,2026-03-02
B09MTHWQJ9,2025-04-28
B09MTHWQJ9,2025-05-26
B09MTHWQJ9,2025-06-23
B09MTHWQJ9,2025-07-21
B09MTHWQJ9,2025-08-18
B09MTHWQJ9,2025-09-15
B09MTHWQJ9,2025-10-13
B09MTHWQJ9,2025-11-10
B09MTHWQJ9,2025-12-08
B09MTHWQJ9,2026-01-05
B09MTHWQJ9,2026-02-02
B09MTHWQJ9,2026-03-02
B09PM8MXDN,2025-04-28
B09PM8MXDN,2025-05-26
B09PM8MXDN,2025-06-23
B09PM8MXDN,2025-07-21
B09PM8MXDN,2025-08-18
B09PM8MXDN,2025-09-15
B09PM8MXDN,2025-10-13
B09PM8MXDN,2025-11-10
B09PM8MXDN,2025-12-08
B09PM8MXDN,2026-01-05
B09PM8MXDN,2026-02-02
B09PM8MXDN,2026-03-02
B09PMDHYXS,2025-04-28
B09PMDHYXS,2025-05-26
B09PMDHYXS,2025-06-23
B09PMDHYXS,2025-07-21
B09PMDHYXS,2025-08-18
B09PMDHYXS,2025-09-15
B09PMDHYXS,2025-10-13
B09PMDHYXS,2025-11-10
B09PMDHYXS,2025-12-08
B09PMDHYXS,2026-01-05
B09PMDHYXS,2026-02-02
B09PMDHYXS,2026-03-02
B09QPQDJM2,2025-04-28
B09QPQDJM2,2025-05-26
B09QPQDJM2,2025-06-23
B09QPQDJM2,2025-07-21
B09QPQDJM2,2025-08-18
B09QPQDJM2,2025-09-15
B09QPQDJM2,2025-10-13
B09QPQDJM2,2025-11-10
B09QPQDJM2,2025-12-08
B09QPQDJM2,2026-01-05
B09QPQDJM2,2026-02-02
B09QPQDJM2,2026-03-02
B09SCQSB3K,2025-04-28
B09SCQSB3K,2025-05-26
B09SCQSB3K,2025-06-23
B09SCQSB3K,2025-07-21
B09SCQSB3K,2025-08-18
B09SCQSB3K,2025-09-15
B09SCQSB3K,2025-10-13
B09SCQSB3K,2025-11-10
B09SCQSB3K,2025-12-08
B09SCQSB3K,2026-01-05
B09SCQSB3K,2026-02-02
B09SCQSB3K,2026-03-02
B09SCZMRH4,2025-04-28
B09SCZMRH4,2025-05-26
B09SCZMRH4,2025-06-23
B09SCZMRH4,2025-07-21
B09SCZMRH4,2025-08-18
B09SCZMRH4,2025-09-15
B09SCZMRH4,2025-10-13
B09SCZMRH4,2025-11-10
B09SCZMRH4,2025-12-08
B09SCZMRH4,2026-01-05
B09SCZMRH4,2026-02-02
B09SCZMRH4,2026-03-02
B09TDM1CD5,2025-04-28
B09TDM1CD5,2025-05-26
B09TDM1CD5,2025-06-23
B09TDM1CD5,2025-07-21
B09TDM1CD5,2025-08-18
B09TDM1CD5,2025-09-15
B09TDM1CD5,2025-10-13
B09TDM1CD5,2025-11-10
B09TDM1CD5,2025-12-08
B09TDM1CD5,2026-01-05
B09TDM1CD5,2026-02-02
B09TDM1CD5,2026-03-02
B09VPG56G1,2025-04-28
B09VPG56G1,2025-05-26
B09VPG56G1,2025-06-23
B09VPG56G1,2025-07-21
B09VPG56G1,2025-08-18
B09VPG56G1,2025-09-15
B09VPG56G1,2025-10-13
B09VPG56G1,2025-11-10
B09VPG56G1,2025-12-08
B09VPG56G1,2026-01-05
B09VPG56G1,2026-02-02
B09VPG56G1,2026-03-02
B09VRSNS8J,2025-04-28
B09VRSNS8J,2025-05-26
B09VRSNS8J,2025-06-23
B09VRSNS8J,2025-07-21
B09VRSNS8J,2025-08-18
B09VRSNS8J,2025-09-15
B09VRSNS8J,2025-10-13
B09VRSNS8J,2025-11-10
B09VRSNS8J,2025-12-08
B09VRSNS8J,2026-01-05
B09VRSNS8J,2026-02-02
B09VRSNS8J,2026-03-02
B09W2MBFQD,2025-04-28
B09W2MBFQD,2025-05-26
B09W2MBFQD,2025-06-23
B09W2MBFQD,2025-07-21
B09W2MBFQD,2025-08-18
B09W2MBFQD,2025-09-15
B09W2MBFQD,2025-10-13
B09W2MBFQD,2025-11-10
B09W2MBFQD,2025-12-08
B09W2MBFQD,2026-01-05
B09W2MBFQD,2026-02-02
B09W2MBFQD,2026-03-02
B09W2P43PG,2025-04-28
B09W2P43PG,2025-05-26
B09W2P43PG,2025-06-23
B09W2P43PG,2025-07-21
B09W2P43PG,2025-08-18
B09W2P43PG,2025-09-15
B09W2P43PG,2025-10-13
B09W2P43PG,2025-11-10
B09W2P43PG,2025-12-08
B09W2P43PG,2026-01-05
B09W2P43PG,2026-02-02
B09W2P43PG,2026-03-02
B09W2QSBJS,2025-04-28
B09W2QSBJS,2025-05-26
B09W2QSBJS,2025-06-23
B09W2QSBJS,2025-07-21
B09W2QSBJS,2025-08-18
B09W2QSBJS,2025-09-15
B09W2QSBJS,2025-10-13
B09W2QSBJS,2025-11-10
B09W2QSBJS,2025-12-08
B09W2QSBJS,2026-01-05
B09W2QSBJS,2026-02-02
B09W2QSBJS,2026-03-02
B09W9NBF68,2025-04-28
B09W9NBF68,2025-05-26
B09W9NBF68,2025-06-23
B09W9NBF68,2025-07-21
B09W9NBF68,2025-08-18
B09W9NBF68,2025-09-15
B09W9NBF68,2025-10-13
B09W9NBF68,2025-11-10
B09W9NBF68,2025-12-08
B09W9NBF68,2026-01-05
B09W9NBF68,2026-02-02
B09W9NBF68,2026-03-02
B09WGRSZLQ,2025-04-28
B09WGRSZLQ,2025-05-26
B09WGRSZLQ,2025-06-23
B09WGRSZLQ,2025-07-21
B09WGRSZLQ,2025-08-18
B09WGRSZLQ,2025-09-15
B09WGRSZLQ,2025-10-13
B09WGRSZLQ,2025-11-10
B09WGRSZLQ,2025-12-08
B09WGRSZLQ,2026-01-05
B09WGRSZLQ,2026-02-02
B09WGRSZLQ,2026-03-02
B09WGTJH98,2025-04-28
B09WGTJH98,2025-05-26
B09WGTJH98,2025-06-23
B09WGTJH98,2025-07-21
B09WGTJH98,2025-08-18
B09WGTJH98,2025-09-15
B09WGTJH98,2025-10-13
B09WGTJH98,2025-11-10
B09WGTJH98,2025-12-08
B09WGTJH98,2026-01-05
B09WGTJH98,2026-02-02
B09WGTJH98,2026-03-02
B09WHT4D9R,2025-04-28
B09WHT4D9R,2025-05-26
B09WHT4D9R,2025-06-23
B09WHT4D9R,2025-07-21
B09WHT4D9R,2025-08-18
B09WHT4D9R,2025-09-15
B09WHT4D9R,2025-10-13
B09WHT4D9R,2025-11-10
B09WHT4D9R,2025-12-08
B09WHT4D9R,2026-01-05
B09WHT4D9R,2026-02-02
B09WHT4D9R,2026-03-02
B09X9TDSW1,2025-04-28
B09X9TDSW1,2025-05-26
B09X9TDSW1,2025-06-23
B09X9TDSW1,2025-07-21
B09X9TDSW1,2025-08-18
B09X9TDSW1,2025-09-15
B09X9TDSW1,2025-10-13
B09X9TDSW1,2025-11-10
B09X9TDSW1,2025-12-08
B09X9TDSW1,2026-01-05
B09X9TDSW1,2026-02-02
B09X9TDSW1,2026-03-02
B09X9V253S,2025-04-28
B09X9V253S,2025-05-26
B09X9V253S,2025-06-23
B09X9V253S,2025-07-21
B09X9V253S,2025-08-18
B09X9V253S,2025-09-15
B09X9V253S,2025-10-13
B09X9V253S,2025-11-10
B09X9V253S,2025-12-08
B09X9V253S,2026-01-05
B09X9V253S,2026-02-02
B09X9V253S,2026-03-02
B09X9VWJQR,2025-04-28
B09X9VWJQR,2025-05-26
B09X9VWJQR,2025-06-23
B09X9VWJQR,2025-07-21
B09X9VWJQR,2025-08-18
B09X9VWJQR,2025-09-15
B09X9VWJQR,2025-10-13
B09X9VWJQR,2025-11-10
B09X9VWJQR,2025-12-08
B09X9VWJQR,2026-01-05
B09X9VWJQR,2026-02-02
B09X9VWJQR,2026-03-02
B09XLJKRY2,2025-04-28
B09XLJKRY2,2025-05-26
B09XLJKRY2,2025-06-23
B09XLJKRY2,2025-07-21
B09XLJKRY2,2025-08-18
B09XLJKRY2,2025-09-15
B09XLJKRY2,2025-10-13
B09XLJKRY2,2025-11-10
B09XLJKRY2,2025-12-08
B09XLJKRY2,2026-01-05
B09XLJKRY2,2026-02-02
B09XLJKRY2,2026-03-02
B09XQ75JF2,2025-04-28
B09XQ75JF2,2025-05-26
B09XQ75JF2,2025-06-23
B09XQ75JF2,2025-07-21
B09XQ75JF2,2025-08-18
B09XQ75JF2,2025-09-15
B09XQ75JF2,2025-10-13
B09XQ75JF2,2025-11-10
B09XQ75JF2,2025-12-08
B09XQ75JF2,2026-01-05
B09XQ75JF2,2026-02-02
B09XQ75JF2,2026-03-02
B09Y1R2J4L,2025-04-28
B09Y1R2J4L,2025-05-26
B09Y1R2J4L,2025-06-23
B09Y1R2J4L,2025-07-21
B09Y1R2J4L,2025-08-18
B09Y1R2J4L,2025-09-15
B09Y1R2J4L,2025-10-13
B09Y1R2J4L,2025-11-10
B09Y1R2J4L,2025-12-08
B09Y1R2J4L,2026-01-05
B09Y1R2J4L,2026-02-02
B09Y1R2J4L,2026-03-02
B09Y1X3DCW,2025-04-28
B09Y1X3DCW,2025-05-26
B09Y1X3DCW,2025-06-23
B09Y1X3DCW,2025-07-21
B09Y1X3DCW,2025-08-18
B09Y1X3DCW,2025-09-15
B09Y1X3DCW,2025-10-13
B09Y1X3DCW,2025-11-10
B09Y1X3DCW,2025-12-08
B09Y1X3DCW,2026-01-05
B09Y1X3DCW,2026-02-02
B09Y1X3DCW,2026-03-02
B09Y1XWZWJ,2025-04-28
B09Y1XWZWJ,2025-05-26
B09Y1XWZWJ,2025-06-23
B09Y1XWZWJ,2025-07-21
B09Y1XWZWJ,2025-08-18
B09Y1XWZWJ,2025-09-15
B09Y1XWZWJ,2025-10-13
B09Y1XWZWJ,2025-11-10
B09Y1XWZWJ,2025-12-08
B09Y1XWZWJ,2026-01-05
B09Y1XWZWJ,2026-02-02
B09Y1XWZWJ,2026-03-02
B09YGWBZ23,2025-04-28
B09YGWBZ23,2025-05-26
B09YGWBZ23,2025-06-23
B09YGWBZ23,2025-07-21
B09YGWBZ23,2025-08-18
B09YGWBZ23,2025-09-15
B09YGWBZ23,2025-10-13
B09YGWBZ23,2025-11-10
B09YGWBZ23,2025-12-08
B09YGWBZ23,2026-01-05
B09YGWBZ23,2026-02-02
B09YGWBZ23,2026-03-02
B09YH4FMRZ,2025-04-28
B09YH4FMRZ,2025-05-26
B09YH4FMRZ,2025-06-23
B09YH4FMRZ,2025-07-21
B09YH4FMRZ,2025-08-18
B09YH4FMRZ,2025-09-15
B09YH4FMRZ,2025-10-13
B09YH4FMRZ,2025-11-10
B09YH4FMRZ,2025-12-08
B09YH4FMRZ,2026-01-05
B09YH4FMRZ,2026-02-02
B09YH4FMRZ,2026-03-02
B09YHKPNCH,2025-04-28
B09YHKPNCH,2025-05-26
B09YHKPNCH,2025-06-23
B09YHKPNCH,2025-07-21
B09YHKPNCH,2025-08-18
B09YHKPNCH,2025-09-15
B09YHKPNCH,2025-10-13
B09YHKPNCH,2025-11-10
B09YHKPNCH,2025-12-08
B09YHKPNCH,2026-01-05
B09YHKPNCH,2026-02-02
B09YHKPNCH,2026-03-02
B09YHL2XKW,2025-04-28
B09YHL2XKW,2025-05-26
B09YHL2XKW,2025-06-23
B09YHL2XKW,2025-07-21
B09YHL2XKW,2025-08-18
B09YHL2XKW,2025-09-15
B09YHL2XKW,2025-10-13
B09YHL2XKW,2025-11-10
B09YHL2XKW,2025-12-08
B09YHL2XKW,2026-01-05
B09YHL2XKW,2026-02-02
B09YHL2XKW,2026-03-02
B09YHPNXH6,2025-04-28
B09YHPNXH6,2025-05-26
B09YHPNXH6,2025-06-23
B09YHPNXH6,2025-07-21
B09YHPNXH6,2025-08-18
B09YHPNXH6,2025-09-15
B09YHPNXH6,2025-10-13
B09YHPNXH6,2025-11-10
B09YHPNXH6,2025-12-08
B09YHPNXH6,2026-01-05
B09YHPNXH6,2026-02-02
B09YHPNXH6,2026-03-02
B09YHQZ419,2025-04-28
B09YHQZ419,2025-05-26
B09YHQZ419,2025-06-23
B09YHQZ419,2025-07-21
B09YHQZ419,2025-08-18
B09YHQZ419,2025-09-15
B09YHQZ419,2025-10-13
B09YHQZ419,2025-11-10
B09YHQZ419,2025-12-08
B09YHQZ419,2026-01-05
B09YHQZ419,2026-02-02
B09YHQZ419,2026-03-02
B09YHRDW43,2025-04-28
B09YHRDW43,2025-05-26
B09YHRDW43,2025-06-23
B09YHRDW43,2025-07-21
B09YHRDW43,2025-08-18
B09YHRDW43,2025-09-15
B09YHRDW43,2025-10-13
B09YHRDW43,2025-11-10
B09YHRDW43,2025-12-08
B09YHRDW43,2026-01-05
B09YHRDW43,2026-02-02
B09YHRDW43,2026-03-02
B09YHTNYTH,2025-04-28
B09YHTNYTH,2025-05-26
B09YHTNYTH,2025-06-23
B09YHTNYTH,2025-07-21
B09YHTNYTH,2025-08-18
B09YHTNYTH,2025-09-15
B09YHTNYTH,2025-10-13
B09YHTNYTH,2025-11-10
B09YHTNYTH,2025-12-08
B09YHTNYTH,2026-01-05
B09YHTNYTH,2026-02-02
B09YHTNYTH,2026-03-02
B09YY4KYTG,2025-04-28
B09YY4KYTG,2025-05-26
B09YY4KYTG,2025-06-23
B09YY4KYTG,2025-07-21
B09YY4KYTG,2025-08-18
B09YY4KYTG,2025-09-15
B09YY4KYTG,2025-10-13
B09YY4KYTG,2025-11-10
B09YY4KYTG,2025-12-08
B09YY4KYTG,2026-01-05
B09YY4KYTG,2026-02-02
B09YY4KYTG,2026-03-02
B09ZYHY8H5,2025-04-28
B09ZYHY8H5,2025-05-26
B09ZYHY8H5,2025-06-23
B09ZYHY8H5,2025-07-21
B09ZYHY8H5,2025-08-18
B09ZYHY8H5,2025-09-15
B09ZYHY8H5,2025-10-13
B09ZYHY8H5,2025-11-10
B09ZYHY8H5,2025-12-08
B09ZYHY8H5,2026-01-05
B09ZYHY8H5,2026-02-02
B09ZYHY8H5,2026-03-02
B0B1HTF7KM,2025-04-28
B0B1HTF7KM,2025-05-26
B0B1HTF7KM,2025-06-23
B0B1HTF7KM,2025-07-21
B0B1HTF7KM,2025-08-18
B0B1HTF7KM,2025-09-15
B0B1HTF7KM,2025-10-13
B0B1HTF7KM,2025-11-10
B0B1HTF7KM,2025-12-08
B0B1HTF7KM,2026-01-05
B0B1HTF7KM,2026-02-02
B0B1HTF7KM,2026-03-02
B0B1HW5BPB,2025-04-28
B0B1HW5BPB,2025-05-26
B0B1HW5BPB,2025-06-23
B0B1HW5BPB,2025-07-21
B0B1HW5BPB,2025-08-18
B0B1HW5BPB,2025-09-15
B0B1HW5BPB,2025-10-13
B0B1HW5BPB,2025-11-10
B0B1HW5BPB,2025-12-08
B0B1HW5BPB,2026-01-05
B0B1HW5BPB,2026-02-02
B0B1HW5BPB,2026-03-02
B0B1ZBMR1Z,2025-04-28
B0B1ZBMR1Z,2025-05-26
B0B1ZBMR1Z,2025-06-23
B0B1ZBMR1Z,2025-07-21
B0B1ZBMR1Z,2025-08-18
B0B1ZBMR1Z,2025-09-15
B0B1ZBMR1Z,2025-10-13
B0B1ZBMR1Z,2025-11-10
B0B1ZBMR1Z,2025-12-08
B0B1ZBMR1Z,2026-01-05
B0B1ZBMR1Z,2026-02-02
B0B1ZBMR1Z,2026-03-02
B0B1ZCKW5B,2025-04-28
B0B1ZCKW5B,2025-05-26
B0B1ZCKW5B,2025-06-23
B0B1ZCKW5B,2025-07-21
B0B1ZCKW5B,2025-08-18
B0B1ZCKW5B,2025-09-15
B0B1ZCKW5B,2025-10-13
B0B1ZCKW5B,2025-11-10
B0B1ZCKW5B,2025-12-08
B0B1ZCKW5B,2026-01-05
B0B1ZCKW5B,2026-02-02
B0B1ZCKW5B,2026-03-02
B0B1ZCMZSM,2025-04-28
B0B1ZCMZSM,2025-05-26
B0B1ZCMZSM,2025-06-23
B0B1ZCMZSM,2025-07-21
B0B1ZCMZSM,2025-08-18
B0B1ZCMZSM,2025-09-15
B0B1ZCMZSM,2025-10-13
B0B1ZCMZSM,2025-11-10
B0B1ZCMZSM,2025-12-08
B0B1ZCMZSM,2026-01-05
B0B1ZCMZSM,2026-02-02
B0B1ZCMZSM,2026-03-02
B0B1ZD8LT4,2025-04-28
B0B1ZD8LT4,2025-05-26
B0B1ZD8LT4,2025-06-23
B0B1ZD8LT4,2025-07-21
B0B1ZD8LT4,2025-08-18
B0B1ZD8LT4,2025-09-15
B0B1ZD8LT4,2025-10-13
B0B1ZD8LT4,2025-11-10
B0B1ZD8LT4,2025-12-08
B0B1ZD8LT4,2026-01-05
B0B1ZD8LT4,2026-02-02
B0B1ZD8LT4,2026-03-02
B0B1ZSSN4J,2025-04-28
B0B1ZSSN4J,2025-05-26
B0B1ZSSN4J,2025-06-23
B0B1ZSSN4J,2025-07-21
B0B1ZSSN4J,2025-08-18
B0B1ZSSN4J,2025-09-15
B0B1ZSSN4J,2025-10-13
B0B1ZSSN4J,2025-11-10
B0B1ZSSN4J,2025-12-08
B0B1ZSSN4J,2026-01-05
B0B1ZSSN4J,2026-02-02
B0B1ZSSN4J,2026-03-02
B0B1ZV2VBJ,2025-04-28
B0B1ZV2VBJ,2025-05-26
B0B1ZV2VBJ,2025-06-23
B0B1ZV2VBJ,2025-07-21
B0B1ZV2VBJ,2025-08-18
B0B1ZV2VBJ,2025-09-15
B0B1ZV2VBJ,2025-10-13
B0B1ZV2VBJ,2025-11-10
B0B1ZV2VBJ,2025-12-08
B0B1ZV2VBJ,2026-01-05
B0B1ZV2VBJ,2026-02-02
B0B1ZV2VBJ,2026-03-02
B0B27JC8K6,2025-04-28
B0B27JC8K6,2025-05-26
B0B27JC8K6,2025-06-23
B0B27JC8K6,2025-07-21
B0B27JC8K6,2025-08-18
B0B27JC8K6,2025-09-15
B0B27JC8K6,2025-10-13
B0B27JC8K6,2025-11-10
B0B27JC8K6,2025-12-08
B0B27JC8K6,2026-01-05
B0B27JC8K6,2026-02-02
B0B27JC8K6,2026-03-02
B0B282GM9N,2025-04-28
B0B282GM9N,2025-05-26
B0B282GM9N,2025-06-23
B0B282GM9N,2025-07-21
B0B282GM9N,2025-08-18
B0B282GM9N,2025-09-15
B0B282GM9N,2025-10-13
B0B282GM9N,2025-11-10
B0B282GM9N,2025-12-08
B0B282GM9N,2026-01-05
B0B282GM9N,2026-02-02
B0B282GM9N,2026-03-02
B0B2VHKB63,2025-04-28
B0B2VHKB63,2025-05-26
B0B2VHKB63,2025-06-23
B0B2VHKB63,2025-07-21
B0B2VHKB63,2025-08-18
B0B2VHKB63,2025-09-15
B0B2VHKB63,2025-10-13
B0B2VHKB63,2025-11-10
B0B2VHKB63,2025-12-08
B0B2VHKB63,2026-01-05
B0B2VHKB63,2026-02-02
B0B2VHKB63,2026-03-02
B0B2VXSGMZ,2025-04-28
B0B2VXSGMZ,2025-05-26
B0B2VXSGMZ,2025-06-23
B0B2VXSGMZ,2025-07-21
B0B2VXSGMZ,2025-08-18
B0B2VXSGMZ,2025-09-15
B0B2VXSGMZ,2025-10-13
B0B2VXSGMZ,2025-11-10
B0B2VXSGMZ,2025-12-08
B0B2VXSGMZ,2026-01-05
B0B2VXSGMZ,2026-02-02
B0B2VXSGMZ,2026-03-02
B0B4D9GT3G,2025-04-28
B0B4D9GT3G,2025-05-26
B0B4D9GT3G,2025-06-23
B0B4D9GT3G,2025-07-21
B0B4D9GT3G,2025-08-18
B0B4D9GT3G,2025-09-15
B0B4D9GT3G,2025-10-13
B0B4D9GT3G,2025-11-10
B0B4D9GT3G,2025-12-08
B0B4D9GT3G,2026-01-05
B0B4D9GT3G,2026-02-02
B0B4D9GT3G,2026-03-02
B0B58ZJW7D,2025-04-28
B0B58ZJW7D,2025-05-26
B0B58ZJW7D,2025-06-23
B0B58ZJW7D,2025-07-21
B0B58ZJW7D,2025-08-18
B0B58ZJW7D,2025-09-15
B0B58ZJW7D,2025-10-13
B0B58ZJW7D,2025-11-10
B0B58ZJW7D,2025-12-08
B0B58ZJW7D,2026-01-05
B0B58ZJW7D,2026-02-02
B0B58ZJW7D,2026-03-02
B0B5913784,2025-04-28
B0B5913784,2025-05-26
B0B5913784,2025-06-23
B0B5913784,2025-07-21
B0B5913784,2025-08-18
B0B5913784,2025-09-15
B0B5913784,2025-10-13
B0B5913784,2025-11-10
B0B5913784,2025-12-08
B0B5913784,2026-01-05
B0B5913784,2026-02-02
B0B5913784,2026-03-02
B0B5CHQX78,2025-04-28
B0B5CHQX78,2025-05-26
B0B5CHQX78,2025-06-23
B0B5CHQX78,2025-07-21
B0B5CHQX78,2025-08-18
B0B5CHQX78,2025-09-15
B0B5CHQX78,2025-10-13
B0B5CHQX78,2025-11-10
B0B5CHQX78,2025-12-08
B0B5CHQX78,2026-01-05
B0B5CHQX78,2026-02-02
B0B5CHQX78,2026-03-02
B0B5LLTCST,2025-04-28
B0B5LLTCST,2025-05-26
B0B5LLTCST,2025-06-23
B0B5LLTCST,2025-07-21
B0B5LLTCST,2025-08-18
B0B5LLTCST,2025-09-15
B0B5LLTCST,2025-10-13
B0B5LLTCST,2025-11-10
B0B5LLTCST,2025-12-08
B0B5LLTCST,2026-01-05
B0B5LLTCST,2026-02-02
B0B5LLTCST,2026-03-02
B0B5LMZJBC,2025-04-28
B0B5LMZJBC,2025-05-26
B0B5LMZJBC,2025-06-23
B0B5LMZJBC,2025-07-21
B0B5LMZJBC,2025-08-18
B0B5LMZJBC,2025-09-15
B0B5LMZJBC,2025-10-13
B0B5LMZJBC,2025-11-10
B0B5LMZJBC,2025-12-08
B0B5LMZJBC,2026-01-05
B0B5LMZJBC,2026-02-02
B0B5LMZJBC,2026-03-02
B0B5LR7FTF,2025-04-28
B0B5LR7FTF,2025-05-26
B0B5LR7FTF,2025-06-23
B0B5LR7FTF,2025-07-21
B0B5LR7FTF,2025-08-18
B0B5LR7FTF,2025-09-15
B0B5LR7FTF,2025-10-13
B0B5LR7FTF,2025-11-10
B0B5LR7FTF,2025-12-08
B0B5LR7FTF,2026-01-05
B0B5LR7FTF,2026-02-02
B0B5LR7FTF,2026-03-02
B0B5LRKFPP,2025-04-28
B0B5LRKFPP,2025-05-26
B0B5LRKFPP,2025-06-23
B0B5LRKFPP,2025-07-21
B0B5LRKFPP,2025-08-18
B0B5LRKFPP,2025-09-15
B0B5LRKFPP,2025-10-13
B0B5LRKFPP,2025-11-10
B0B5LRKFPP,2025-12-08
B0B5LRKFPP,2026-01-05
B0B5LRKFPP,2026-02-02
B0B5LRKFPP,2026-03-02
B0B6G2XCJ7,2025-04-28
B0B6G2XCJ7,2025-05-26
B0B6G2XCJ7,2025-06-23
B0B6G2XCJ7,2025-07-21
B0B6G2XCJ7,2025-08-18
B0B6G2XCJ7,2025-09-15
B0B6G2XCJ7,2025-10-13
B0B6G2XCJ7,2025-11-10
B0B6G2XCJ7,2025-12-08
B0B6G2XCJ7,2026-01-05
B0B6G2XCJ7,2026-02-02
B0B6G2XCJ7,2026-03-02
B0B7HKYHM3,2025-04-28
B0B7HKYHM3,2025-05-26
B0B7HKYHM3,2025-06-23
B0B7HKYHM3,2025-07-21
B0B7HKYHM3,2025-08-18
B0B7HKYHM3,2025-09-15
B0B7HKYHM3,2025-10-13
B0B7HKYHM3,2025-11-10
B0B7HKYHM3,2025-12-08
B0B7HKYHM3,2026-01-05
B0B7HKYHM3,2026-02-02
B0B7HKYHM3,2026-03-02
B0B7HM5228,2025-04-28
B0B7HM5228,2025-05-26
B0B7HM5228,2025-06-23
B0B7HM5228,2025-07-21
B0B7HM5228,2025-08-18
B0B7HM5228,2025-09-15
B0B7HM5228,2025-10-13
B0B7HM5228,2025-11-10
B0B7HM5228,2025-12-08
B0B7HM5228,2026-01-05
B0B7HM5228,2026-02-02
B0B7HM5228,2026-03-02
B0B7HMJ2S8,2025-04-28
B0B7HMJ2S8,2025-05-26
B0B7HMJ2S8,2025-06-23
B0B7HMJ2S8,2025-07-21
B0B7HMJ2S8,2025-08-18
B0B7HMJ2S8,2025-09-15
B0B7HMJ2S8,2025-10-13
B0B7HMJ2S8,2025-11-10
B0B7HMJ2S8,2025-12-08
B0B7HMJ2S8,2026-01-05
B0B7HMJ2S8,2026-02-02
B0B7HMJ2S8,2026-03-02
B0B7HMPMW5,2025-04-28
B0B7HMPMW5,2025-05-26
B0B7HMPMW5,2025-06-23
B0B7HMPMW5,2025-07-21
B0B7HMPMW5,2025-08-18
B0B7HMPMW5,2025-09-15
B0B7HMPMW5,2025-10-13
B0B7HMPMW5,2025-11-10
B0B7HMPMW5,2025-12-08
B0B7HMPMW5,2026-01-05
B0B7HMPMW5,2026-02-02
B0B7HMPMW5,2026-03-02
B0B8HCR9CZ,2025-04-28
B0B8HCR9CZ,2025-05-26
B0B8HCR9CZ,2025-06-23
B0B8HCR9CZ,2025-07-21
B0B8HCR9CZ,2025-08-18
B0B8HCR9CZ,2025-09-15
B0B8HCR9CZ,2025-10-13
B0B8HCR9CZ,2025-11-10
B0B8HCR9CZ,2025-12-08
B0B8HCR9CZ,2026-01-05
B0B8HCR9CZ,2026-02-02
B0B8HCR9CZ,2026-03-02
B0B8HCXSRG,2025-04-28
B0B8HCXSRG,2025-05-26
B0B8HCXSRG,2025-06-23
B0B8HCXSRG,2025-07-21
B0B8HCXSRG,2025-08-18
B0B8HCXSRG,2025-09-15
B0B8HCXSRG,2025-10-13
B0B8HCXSRG,2025-11-10
B0B8HCXSRG,2025-12-08
B0B8HCXSRG,2026-01-05
B0B8HCXSRG,2026-02-02
B0B8HCXSRG,2026-03-02
B0B8HDM79J,2025-04-28
B0B8HDM79J,2025-05-26
B0B8HDM79J,2025-06-23
B0B8HDM79J,2025-07-21
B0B8HDM79J,2025-08-18
B0B8HDM79J,2025-09-15
B0B8HDM79J,2025-10-13
B0B8HDM79J,2025-11-10
B0B8HDM79J,2025-12-08
B0B8HDM79J,2026-01-05
B0B8HDM79J,2026-02-02
B0B8HDM79J,2026-03-02
B0B8HFVXFJ,2025-04-28
B0B8HFVXFJ,2025-05-26
B0B8HFVXFJ,2025-06-23
B0B8HFVXFJ,2025-07-21
B0B8HFVXFJ,2025-08-18
B0B8HFVXFJ,2025-09-15
B0B8HFVXFJ,2025-10-13
B0B8HFVXFJ,2025-11-10
B0B8HFVXFJ,2025-12-08
B0B8HFVXFJ,2026-01-05
B0B8HFVXFJ,2026-02-02
B0B8HFVXFJ,2026-03-02
B0B8HFZV9Z,2025-04-28
B0B8HFZV9Z,2025-05-26
B0B8HFZV9Z,2025-06-23
B0B8HFZV9Z,2025-07-21
B0B8HFZV9Z,2025-08-18
B0B8HFZV9Z,2025-09-15
B0B8HFZV9Z,2025-10-13
B0B8HFZV9Z,2025-11-10
B0B8HFZV9Z,2025-12-08
B0B8HFZV9Z,2026-01-05
B0B8HFZV9Z,2026-02-02
B0B8HFZV9Z,2026-03-02
B0B8HH1TDN,2025-04-28
B0B8HH1TDN,2025-05-26
B0B8HH1TDN,2025-06-23
B0B8HH1TDN,2025-07-21
B0B8HH1TDN,2025-08-18
B0B8HH1TDN,2025-09-15
B0B8HH1TDN,2025-10-13
B0B8HH1TDN,2025-11-10
B0B8HH1TDN,2025-12-08
B0B8HH1TDN,2026-01-05
B0B8HH1TDN,2026-02-02
B0B8HH1TDN,2026-03-02
B0B8HJCQ7C,2025-04-28
B0B8HJCQ7C,2025-05-26
B0B8HJCQ7C,2025-06-23
B0B8HJCQ7C,2025-07-21
B0B8HJCQ7C,2025-08-18
B0B8HJCQ7C,2025-09-15
B0B8HJCQ7C,2025-10-13
B0B8HJCQ7C,2025-11-10
B0B8HJCQ7C,2025-12-08
B0B8HJCQ7C,2026-01-05
B0B8HJCQ7C,2026-02-02
B0B8HJCQ7C,2026-03-02
B0BBM8CWRM,2025-04-28
B0BBM8CWRM,2025-05-26
B0BBM8CWRM,2025-06-23
B0BBM8CWRM,2025-07-21
B0BBM8CWRM,2025-08-18
B0BBM8CWRM,2025-09-15
B0BBM8CWRM,2025-10-13
B0BBM8CWRM,2025-11-10
B0BBM8CWRM,2025-12-08
B0BBM8CWRM,2026-01-05
B0BBM8CWRM,2026-02-02
B0BBM8CWRM,2026-03-02
B0BBMBV34P,2025-04-28
B0BBMBV34P,2025-05-26
B0BBMBV34P,2025-06-23
B0BBMBV34P,2025-07-21
B0BBMBV34P,2025-08-18
B0BBMBV34P,2025-09-15
B0BBMBV34P,2025-10-13
B0BBMBV34P,2025-11-10
B0BBMBV34P,2025-12-08
B0BBMBV34P,2026-01-05
B0BBMBV34P,2026-02-02
B0BBMBV34P,2026-03-02
B0BCFSSCB4,2025-04-28
B0BCFSSCB4,2025-05-26
B0BCFSSCB4,2025-06-23
B0BCFSSCB4,2025-07-21
B0BCFSSCB4,2025-08-18
B0BCFSSCB4,2025-09-15
B0BCFSSCB4,2025-10-13
B0BCFSSCB4,2025-11-10
B0BCFSSCB4,2025-12-08
B0BCFSSCB4,2026-01-05
B0BCFSSCB4,2026-02-02
B0BCFSSCB4,2026-03-02
B0BCNGSVHX,2025-04-28
B0BCNGSVHX,2025-05-26
B0BCNGSVHX,2025-06-23
B0BCNGSVHX,2025-07-21
B0BCNGSVHX,2025-08-18
B0BCNGSVHX,2025-09-15
B0BCNGSVHX,2025-10-13
B0BCNGSVHX,2025-11-10
B0BCNGSVHX,2025-12-08
B0BCNGSVHX,2026-01-05
B0BCNGSVHX,2026-02-02
B0BCNGSVHX,2026-03-02
B0BDDCBDZM,2025-04-28
B0BDDCBDZM,2025-05-26
B0BDDCBDZM,2025-06-23
B0BDDCBDZM,2025-07-21
B0BDDCBDZM,2025-08-18
B0BDDCBDZM,2025-09-15
B0BDDCBDZM,2025-10-13
B0BDDCBDZM,2025-11-10
B0BDDCBDZM,2025-12-08
B0BDDCBDZM,2026-01-05
B0BDDCBDZM,2026-02-02
B0BDDCBDZM,2026-03-02
B0BDKBCFJD,2025-04-28
B0BDKBCFJD,2025-05-26
B0BDKBCFJD,2025-06-23
B0BDKBCFJD,2025-07-21
B0BDKBCFJD,2025-08-18
B0BDKBCFJD,2025-09-15
B0BDKBCFJD,2025-10-13
B0BDKBCFJD,2025-11-10
B0BDKBCFJD,2025-12-08
B0BDKBCFJD,2026-01-05
B0BDKBCFJD,2026-02-02
B0BDKBCFJD,2026-03-02
B0BF4MBNS5,2025-04-28
B0BF4MBNS5,2025-05-26
B0BF4MBNS5,2025-06-23
B0BF4MBNS5,2025-07-21
B0BF4MBNS5,2025-08-18
B0BF4MBNS5,2025-09-15
B0BF4MBNS5,2025-10-13
B0BF4MBNS5,2025-11-10
B0BF4MBNS5,2025-12-08
B0BF4MBNS5,2026-01-05
B0BF4MBNS5,2026-02-02
B0BF4MBNS5,2026-03-02
B0BHT5NW23,2025-04-28
B0BHT5NW23,2025-05-26
B0BHT5NW23,2025-06-23
B0BHT5NW23,2025-07-21
B0BHT5NW23,2025-08-18
B0BHT5NW23,2025-09-15
B0BHT5NW23,2025-10-13
B0BHT5NW23,2025-11-10
B0BHT5NW23,2025-12-08
B0BHT5NW23,2026-01-05
B0BHT5NW23,2026-02-02
B0BHT5NW23,2026-03-02
B0BHYXD4HF,2025-04-28
B0BHYXD4HF,2025-05-26
B0BHYXD4HF,2025-06-23
B0BHYXD4HF,2025-07-21
B0BHYXD4HF,2025-08-18
B0BHYXD4HF,2025-09-15
B0BHYXD4HF,2025-10-13
B0BHYXD4HF,2025-11-10
B0BHYXD4HF,2025-12-08
B0BHYXD4HF,2026-01-05
B0BHYXD4HF,2026-02-02
B0BHYXD4HF,2026-03-02
B0BJ21B416,2025-04-28
B0BJ21B416,2025-05-26
B0BJ21B416,2025-06-23
B0BJ21B416,2025-07-21
B0BJ21B416,2025-08-18
B0BJ21B416,2025-09-15
B0BJ21B416,2025-10-13
B0BJ21B416,2025-11-10
B0BJ21B416,2025-12-08
B0BJ21B416,2026-01-05
B0BJ21B416,2026-02-02
B0BJ21B416,2026-03-02
B0BJ23GYN7,2025-04-28
B0BJ23GYN7,2025-05-26
B0BJ23GYN7,2025-06-23
B0BJ23GYN7,2025-07-21
B0BJ23GYN7,2025-08-18
B0BJ23GYN7,2025-09-15
B0BJ23GYN7,2025-10-13
B0BJ23GYN7,2025-11-10
B0BJ23GYN7,2025-12-08
B0BJ23GYN7,2026-01-05
B0BJ23GYN7,2026-02-02
B0BJ23GYN7,2026-03-02
B0BJ2R2CHW,2025-04-28
B0BJ2R2CHW,2025-05-26
B0BJ2R2CHW,2025-06-23
B0BJ2R2CHW,2025-07-21
B0BJ2R2CHW,2025-08-18
B0BJ2R2CHW,2025-09-15
B0BJ2R2CHW,2025-10-13
B0BJ2R2CHW,2025-11-10
B0BJ2R2CHW,2025-12-08
B0BJ2R2CHW,2026-01-05
B0BJ2R2CHW,2026-02-02
B0BJ2R2CHW,2026-03-02
B0BJ8BB92J,2025-04-28
B0BJ8BB92J,2025-05-26
B0BJ8BB92J,2025-06-23
B0BJ8BB92J,2025-07-21
B0BJ8BB92J,2025-08-18
B0BJ8BB92J,2025-09-15
B0BJ8BB92J,2025-10-13
B0BJ8BB92J,2025-11-10
B0BJ8BB92J,2025-12-08
B0BJ8BB92J,2026-01-05
B0BJ8BB92J,2026-02-02
B0BJ8BB92J,2026-03-02
B0BJ8BM3CG,2025-04-28
B0BJ8BM3CG,2025-05-26
B0BJ8BM3CG,2025-06-23
B0BJ8BM3CG,2025-07-21
B0BJ8BM3CG,2025-08-18
B0BJ8BM3CG,2025-09-15
B0BJ8BM3CG,2025-10-13
B0BJ8BM3CG,2025-11-10
B0BJ8BM3CG,2025-12-08
B0BJ8BM3CG,2026-01-05
B0BJ8BM3CG,2026-02-02
B0BJ8BM3CG,2026-03-02
B0BJDSW59N,2025-04-28
B0BJDSW59N,2025-05-26
B0BJDSW59N,2025-06-23
B0BJDSW59N,2025-07-21
B0BJDSW59N,2025-08-18
B0BJDSW59N,2025-09-15
B0BJDSW59N,2025-10-13
B0BJDSW59N,2025-11-10
B0BJDSW59N,2025-12-08
B0BJDSW59N,2026-01-05
B0BJDSW59N,2026-02-02
B0BJDSW59N,2026-03-02
B0BJKBJ6YG,2025-04-28
B0BJKBJ6YG,2025-05-26
B0BJKBJ6YG,2025-06-23
B0BJKBJ6YG,2025-07-21
B0BJKBJ6YG,2025-08-18
B0BJKBJ6YG,2025-09-15
B0BJKBJ6YG,2025-10-13
B0BJKBJ6YG,2025-11-10
B0BJKBJ6YG,2025-12-08
B0BJKBJ6YG,2026-01-05
B0BJKBJ6YG,2026-02-02
B0BJKBJ6YG,2026-03-02
B0BJKCWJG7,2025-04-28
B0BJKCWJG7,2025-05-26
B0BJKCWJG7,2025-06-23
B0BJKCWJG7,2025-07-21
B0BJKCWJG7,2025-08-18
B0BJKCWJG7,2025-09-15
B0BJKCWJG7,2025-10-13
B0BJKCWJG7,2025-11-10
B0BJKCWJG7,2025-12-08
B0BJKCWJG7,2026-01-05
B0BJKCWJG7,2026-02-02
B0BJKCWJG7,2026-03-02
B0BJKFZ8T4,2025-04-28
B0BJKFZ8T4,2025-05-26
B0BJKFZ8T4,2025-06-23
B0BJKFZ8T4,2025-07-21
B0BJKFZ8T4,2025-08-18
B0BJKFZ8T4,2025-09-15
B0BJKFZ8T4,2025-10-13
B0BJKFZ8T4,2025-11-10
B0BJKFZ8T4,2025-12-08
B0BJKFZ8T4,2026-01-05
B0BJKFZ8T4,2026-02-02
B0BJKFZ8T4,2026-03-02
B0BJPPC5RV,2025-04-28
B0BJPPC5RV,2025-05-26
B0BJPPC5RV,2025-06-23
B0BJPPC5RV,2025-07-21
B0BJPPC5RV,2025-08-18
B0BJPPC5RV,2025-09-15
B0BJPPC5RV,2025-10-13
B0BJPPC5RV,2025-11-10
B0BJPPC5RV,2025-12-08
B0BJPPC5RV,2026-01-05
B0BJPPC5RV,2026-02-02
B0BJPPC5RV,2026-03-02
B0BJTP4F2C,2025-04-28
B0BJTP4F2C,2025-05-26
B0BJTP4F2C,2025-06-23
B0BJTP4F2C,2025-07-21
B0BJTP4F2C,2025-08-18
B0BJTP4F2C,2025-09-15
B0BJTP4F2C,2025-10-13
B0BJTP4F2C,2025-11-10
B0BJTP4F2C,2025-12-08
B0BJTP4F2C,2026-01-05
B0BJTP4F2C,2026-02-02
B0BJTP4F2C,2026-03-02
B0BJV2QQ4S,2025-04-28
B0BJV2QQ4S,2025-05-26
B0BJV2QQ4S,2025-06-23
B0BJV2QQ4S,2025-07-21
B0BJV2QQ4S,2025-08-18
B0BJV2QQ4S,2025-09-15
B0BJV2QQ4S,2025-10-13
B0BJV2QQ4S,2025-11-10
B0BJV2QQ4S,2025-12-08
B0BJV2QQ4S,2026-01-05
B0BJV2QQ4S,2026-02-02
B0BJV2QQ4S,2026-03-02
B0BK83FNGN,2025-04-28
B0BK83FNGN,2025-05-26
B0BK83FNGN,2025-06-23
B0BK83FNGN,2025-07-21
B0BK83FNGN,2025-08-18
B0BK83FNGN,2025-09-15
B0BK83FNGN,2025-10-13
B0BK83FNGN,2025-11-10
B0BK83FNGN,2025-12-08
B0BK83FNGN,2026-01-05
B0BK83FNGN,2026-02-02
B0BK83FNGN,2026-03-02
B0BK847T1V,2025-04-28
B0BK847T1V,2025-05-26
B0BK847T1V,2025-06-23
B0BK847T1V,2025-07-21
B0BK847T1V,2025-08-18
B0BK847T1V,2025-09-15
B0BK847T1V,2025-10-13
B0BK847T1V,2025-11-10
B0BK847T1V,2025-12-08
B0BK847T1V,2026-01-05
B0BK847T1V,2026-02-02
B0BK847T1V,2026-03-02
B0BK95HT41,2025-04-28
B0BK95HT41,2025-05-26
B0BK95HT41,2025-06-23
B0BK95HT41,2025-07-21
B0BK95HT41,2025-08-18
B0BK95HT41,2025-09-15
B0BK95HT41,2025-10-13
B0BK95HT41,2025-11-10
B0BK95HT41,2025-12-08
B0BK95HT41,2026-01-05
B0BK95HT41,2026-02-02
B0BK95HT41,2026-03-02
B0BKZZS65K,2025-04-28
B0BKZZS65K,2025-05-26
B0BKZZS65K,2025-06-23
B0BKZZS65K,2025-07-21
B0BKZZS65K,2025-08-18
B0BKZZS65K,2025-09-15
B0BKZZS65K,2025-10-13
B0BKZZS65K,2025-11-10
B0BKZZS65K,2025-12-08
B0BKZZS65K,2026-01-05
B0BKZZS65K,2026-02-02
B0BKZZS65K,2026-03-02
B0BL2JF8DK,2025-04-28
B0BL2JF8DK,2025-05-26
B0BL2JF8DK,2025-06-23
B0BL2JF8DK,2025-07-21
B0BL2JF8DK,2025-08-18
B0BL2JF8DK,2025-09-15
B0BL2JF8DK,2025-10-13
B0BL2JF8DK,2025-11-10
B0BL2JF8DK,2025-12-08
B0BL2JF8DK,2026-01-05
B0BL2JF8DK,2026-02-02
B0BL2JF8DK,2026-03-02
B0BL68P9H1,2025-04-28
B0BL68P9H1,2025-05-26
B0BL68P9H1,2025-06-23
B0BL68P9H1,2025-07-21
B0BL68P9H1,2025-08-18
B0BL68P9H1,2025-09-15
B0BL68P9H1,2025-10-13
B0BL68P9H1,2025-11-10
B0BL68P9H1,2025-12-08
B0BL68P9H1,2026-01-05
B0BL68P9H1,2026-02-02
B0BL68P9H1,2026-03-02
B0BL6VB98Z,2025-04-28
B0BL6VB98Z,2025-05-26
B0BL6VB98Z,2025-06-23
B0BL6VB98Z,2025-07-21
B0BL6VB98Z,2025-08-18
B0BL6VB98Z,2025-09-15
B0BL6VB98Z,2025-10-13
B0BL6VB98Z,2025-11-10
B0BL6VB98Z,2025-12-08
B0BL6VB98Z,2026-01-05
B0BL6VB98Z,2026-02-02
B0BL6VB98Z,2026-03-02
B0BLK22DNZ,2025-04-28
B0BLK22DNZ,2025-05-26
B0BLK22DNZ,2025-06-23
B0BLK22DNZ,2025-07-21
B0BLK22DNZ,2025-08-18
B0BLK22DNZ,2025-09-15
B0BLK22DNZ,2025-10-13
B0BLK22DNZ,2025-11-10
B0BLK22DNZ,2025-12-08
B0BLK22DNZ,2026-01-05
B0BLK22DNZ,2026-02-02
B0BLK22DNZ,2026-03-02
B0BLK23WWB,2025-04-28
B0BLK23WWB,2025-05-26
B0BLK23WWB,2025-06-23
B0BLK23WWB,2025-07-21
B0BLK23WWB,2025-08-18
B0BLK23WWB,2025-09-15
B0BLK23WWB,2025-10-13
B0BLK23WWB,2025-11-10
B0BLK23WWB,2025-12-08
B0BLK23WWB,2026-01-05
B0BLK23WWB,2026-02-02
B0BLK23WWB,2026-03-02
B0BM9X9CKZ,2025-04-28
B0BM9X9CKZ,2025-05-26
B0BM9X9CKZ,2025-06-23
B0BM9X9CKZ,2025-07-21
B0BM9X9CKZ,2025-08-18
B0BM9X9CKZ,2025-09-15
B0BM9X9CKZ,2025-10-13
B0BM9X9CKZ,2025-11-10
B0BM9X9CKZ,2025-12-08
B0BM9X9CKZ,2026-01-05
B0BM9X9CKZ,2026-02-02
B0BM9X9CKZ,2026-03-02
B0BM9XD7D3,2025-04-28
B0BM9XD7D3,2025-05-26
B0BM9XD7D3,2025-06-23
B0BM9XD7D3,2025-07-21
B0BM9XD7D3,2025-08-18
B0BM9XD7D3,2025-09-15
B0BM9XD7D3,2025-10-13
B0BM9XD7D3,2025-11-10
B0BM9XD7D3,2025-12-08
B0BM9XD7D3,2026-01-05
B0BM9XD7D3,2026-02-02
B0BM9XD7D3,2026-03-02
B0BMKHPZFK,2025-04-28
B0BMKHPZFK,2025-05-26
B0BMKHPZFK,2025-06-23
B0BMKHPZFK,2025-07-21
B0BMKHPZFK,2025-08-18
B0BMKHPZFK,2025-09-15
B0BMKHPZFK,2025-10-13
B0BMKHPZFK,2025-11-10
B0BMKHPZFK,2025-12-08
B0BMKHPZFK,2026-01-05
B0BMKHPZFK,2026-02-02
B0BMKHPZFK,2026-03-02
B0BMKLJV52,2025-04-28
B0BMKLJV52,2025-05-26
B0BMKLJV52,2025-06-23
B0BMKLJV52,2025-07-21
B0BMKLJV52,2025-08-18
B0BMKLJV52,2025-09-15
B0BMKLJV52,2025-10-13
B0BMKLJV52,2025-11-10
B0BMKLJV52,2025-12-08
B0BMKLJV52,2026-01-05
B0BMKLJV52,2026-02-02
B0BMKLJV52,2026-03-02
B0BMKR17NL,2025-04-28
B0BMKR17NL,2025-05-26
B0BMKR17NL,2025-06-23
B0BMKR17NL,2025-07-21
B0BMKR17NL,2025-08-18
B0BMKR17NL,2025-09-15
B0BMKR17NL,2025-10-13
B0BMKR17NL,2025-11-10
B0BMKR17NL,2025-12-08
B0BMKR17NL,2026-01-05
B0BMKR17NL,2026-02-02
B0BMKR17NL,2026-03-02
B0BMNZJHBB,2025-04-28
B0BMNZJHBB,2025-05-26
B0BMNZJHBB,2025-06-23
B0BMNZJHBB,2025-07-21
B0BMNZJHBB,2025-08-18
B0BMNZJHBB,2025-09-15
B0BMNZJHBB,2025-10-13
B0BMNZJHBB,2025-11-10
B0BMNZJHBB,2025-12-08
B0BMNZJHBB,2026-01-05
B0BMNZJHBB,2026-02-02
B0BMNZJHBB,2026-03-02
B0BMPKFVTX,2025-04-28
B0BMPKFVTX,2025-05-26
B0BMPKFVTX,2025-06-23
B0BMPKFVTX,2025-07-21
B0BMPKFVTX,2025-08-18
B0BMPKFVTX,2025-09-15
B0BMPKFVTX,2025-10-13
B0BMPKFVTX,2025-11-10
B0BMPKFVTX,2025-12-08
B0BMPKFVTX,2026-01-05
B0BMPKFVTX,2026-02-02
B0BMPKFVTX,2026-03-02
B0BMPPXJ1R,2025-04-28
B0BMPPXJ1R,2025-05-26
B0BMPPXJ1R,2025-06-23
B0BMPPXJ1R,2025-07-21
B0BMPPXJ1R,2025-08-18
B0BMPPXJ1R,2025-09-15
B0BMPPXJ1R,2025-10-13
B0BMPPXJ1R,2025-11-10
B0BMPPXJ1R,2025-12-08
B0BMPPXJ1R,2026-01-05
B0BMPPXJ1R,2026-02-02
B0BMPPXJ1R,2026-03-02
B0BMPWSQ4F,2025-04-28
B0BMPWSQ4F,2025-05-26
B0BMPWSQ4F,2025-06-23
B0BMPWSQ4F,2025-07-21
B0BMPWSQ4F,2025-08-18
B0BMPWSQ4F,2025-09-15
B0BMPWSQ4F,2025-10-13
B0BMPWSQ4F,2025-11-10
B0BMPWSQ4F,2025-12-08
B0BMPWSQ4F,2026-01-05
B0BMPWSQ4F,2026-02-02
B0BMPWSQ4F,2026-03-02
B0BNJ84YNN,2025-04-28
B0BNJ84YNN,2025-05-26
B0BNJ84YNN,2025-06-23
B0BNJ84YNN,2025-07-21
B0BNJ84YNN,2025-08-18
B0BNJ84YNN,2025-09-15
B0BNJ84YNN,2025-10-13
B0BNJ84YNN,2025-11-10
B0BNJ84YNN,2025-12-08
B0BNJ84YNN,2026-01-05
B0BNJ84YNN,2026-02-02
B0BNJ84YNN,2026-03-02
B0BP1F2KCT,2025-04-28
B0BP1F2KCT,2025-05-26
B0BP1F2KCT,2025-06-23
B0BP1F2KCT,2025-07-21
B0BP1F2KCT,2025-08-18
B0BP1F2KCT,2025-09-15
B0BP1F2KCT,2025-10-13
B0BP1F2KCT,2025-11-10
B0BP1F2KCT,2025-12-08
B0BP1F2KCT,2026-01-05
B0BP1F2KCT,2026-02-02
B0BP1F2KCT,2026-03-02
B0BP265197,2025-04-28
B0BP265197,2025-05-26
B0BP265197,2025-06-23
B0BP265197,2025-07-21
B0BP265197,2025-08-18
B0BP265197,2025-09-15
B0BP265197,2025-10-13
B0BP265197,2025-11-10
B0BP265197,2025-12-08
B0BP265197,2026-01-05
B0BP265197,2026-02-02
B0BP265197,2026-03-02
B0BQ2Y1SQL,2025-04-28
B0BQ2Y1SQL,2025-05-26
B0BQ2Y1SQL,2025-06-23
B0BQ2Y1SQL,2025-07-21
B0BQ2Y1SQL,2025-08-18
B0BQ2Y1SQL,2025-09-15
B0BQ2Y1SQL,2025-10-13
B0BQ2Y1SQL,2025-11-10
B0BQ2Y1SQL,2025-12-08
B0BQ2Y1SQL,2026-01-05
B0BQ2Y1SQL,2026-02-02
B0BQ2Y1SQL,2026-03-02
B0BQBRMW24,2025-04-28
B0BQBRMW24,2025-05-26
B0BQBRMW24,2025-06-23
B0BQBRMW24,2025-07-21
B0BQBRMW24,2025-08-18
B0BQBRMW24,2025-09-15
B0BQBRMW24,2025-10-13
B0BQBRMW24,2025-11-10
B0BQBRMW24,2025-12-08
B0BQBRMW24,2026-01-05
B0BQBRMW24,2026-02-02
B0BQBRMW24,2026-03-02
B0BQBX76ZT,2025-04-28
B0BQBX76ZT,2025-05-26
B0BQBX76ZT,2025-06-23
B0BQBX76ZT,2025-07-21
B0BQBX76ZT,2025-08-18
B0BQBX76ZT,2025-09-15
B0BQBX76ZT,2025-10-13
B0BQBX76ZT,2025-11-10
B0BQBX76ZT,2025-12-08
B0BQBX76ZT,2026-01-05
B0BQBX76ZT,2026-02-02
B0BQBX76ZT,2026-03-02
B0BQQTVBRM,2025-04-28
B0BQQTVBRM,2025-05-26
B0BQQTVBRM,2025-06-23
B0BQQTVBRM,2025-07-21
B0BQQTVBRM,2025-08-18
B0BQQTVBRM,2025-09-15
B0BQQTVBRM,2025-10-13
B0BQQTVBRM,2025-11-10
B0BQQTVBRM,2025-12-08
B0BQQTVBRM,2026-01-05
B0BQQTVBRM,2026-02-02
B0BQQTVBRM,2026-03-02
B0BQR8HBR8,2025-04-28
B0BQR8HBR8,2025-05-26
B0BQR8HBR8,2025-06-23
B0BQR8HBR8,2025-07-21
B0BQR8HBR8,2025-08-18
B0BQR8HBR8,2025-09-15
B0BQR8HBR8,2025-10-13
B0BQR8HBR8,2025-11-10
B0BQR8HBR8,2025-12-08
B0BQR8HBR8,2026-01-05
B0BQR8HBR8,2026-02-02
B0BQR8HBR8,2026-03-02
B0BQV5JZ8F,2025-04-28
B0BQV5JZ8F,2025-05-26
B0BQV5JZ8F,2025-06-23
B0BQV5JZ8F,2025-07-21
B0BQV5JZ8F,2025-08-18
B0BQV5JZ8F,2025-09-15
B0BQV5JZ8F,2025-10-13
B0BQV5JZ8F,2025-11-10
B0BQV5JZ8F,2025-12-08
B0BQV5JZ8F,2026-01-05
B0BQV5JZ8F,2026-02-02
B0BQV5JZ8F,2026-03-02
B0BRK37VKD,2025-04-28
B0BRK37VKD,2025-05-26
B0BRK37VKD,2025-06-23
B0BRK37VKD,2025-07-21
B0BRK37VKD,2025-08-18
B0BRK37VKD,2025-09-15
B0BRK37VKD,2025-10-13
B0BRK37VKD,2025-11-10
B0BRK37VKD,2025-12-08
B0BRK37VKD,2026-01-05
B0BRK37VKD,2026-02-02
B0BRK37VKD,2026-03-02
B0BRPPX2H4,2025-04-28
B0BRPPX2H4,2025-05-26
B0BRPPX2H4,2025-06-23
B0BRPPX2H4,2025-07-21
B0BRPPX2H4,2025-08-18
B0BRPPX2H4,2025-09-15
B0BRPPX2H4,2025-10-13
B0BRPPX2H4,2025-11-10
B0BRPPX2H4,2025-12-08
B0BRPPX2H4,2026-01-05
B0BRPPX2H4,2026-02-02
B0BRPPX2H4,2026-03-02
B0BRR5ZP3V,2025-04-28
B0BRR5ZP3V,2025-05-26
B0BRR5ZP3V,2025-06-23
B0BRR5ZP3V,2025-07-21
B0BRR5ZP3V,2025-08-18
B0BRR5ZP3V,2025-09-15
B0BRR5ZP3V,2025-10-13
B0BRR5ZP3V,2025-11-10
B0BRR5ZP3V,2025-12-08
B0BRR5ZP3V,2026-01-05
B0BRR5ZP3V,2026-02-02
B0BRR5ZP3V,2026-03-02
B0BRR6HS2T,2025-04-28
B0BRR6HS2T,2025-05-26
B0BRR6HS2T,2025-06-23
B0BRR6HS2T,2025-07-21
B0BRR6HS2T,2025-08-18
B0BRR6HS2T,2025-09-15
B0BRR6HS2T,2025-10-13
B0BRR6HS2T,2025-11-10
B0BRR6HS2T,2025-12-08
B0BRR6HS2T,2026-01-05
B0BRR6HS2T,2026-02-02
B0BRR6HS2T,2026-03-02
B0BW5XMNDW,2025-04-28
B0BW5XMNDW,2025-05-26
B0BW5XMNDW,2025-06-23
B0BW5XMNDW,2025-07-21
B0BW5XMNDW,2025-08-18
B0BW5XMNDW,2025-09-15
B0BW5XMNDW,2025-10-13
B0BW5XMNDW,2025-11-10
B0BW5XMNDW,2025-12-08
B0BW5XMNDW,2026-01-05
B0BW5XMNDW,2026-02-02
B0BW5XMNDW,2026-03-02
B0BWYGLKS3,2025-04-28
B0BWYGLKS3,2025-05-26
B0BWYGLKS3,2025-06-23
B0BWYGLKS3,2025-07-21
B0BWYGLKS3,2025-08-18
B0BWYGLKS3,2025-09-15
B0BWYGLKS3,2025-10-13
B0BWYGLKS3,2025-11-10
B0BWYGLKS3,2025-12-08
B0BWYGLKS3,2026-01-05
B0BWYGLKS3,2026-02-02
B0BWYGLKS3,2026-03-02
B0BXCHF9ZN,2025-04-28
B0BXCHF9ZN,2025-05-26
B0BXCHF9ZN,2025-06-23
B0BXCHF9ZN,2025-07-21
B0BXCHF9ZN,2025-08-18
B0BXCHF9ZN,2025-09-15
B0BXCHF9ZN,2025-10-13
B0BXCHF9ZN,2025-11-10
B0BXCHF9ZN,2025-12-08
B0BXCHF9ZN,2026-01-05
B0BXCHF9ZN,2026-02-02
B0BXCHF9ZN,2026-03-02
B0BYDSN3T6,2025-04-28
B0BYDSN3T6,2025-05-26
B0BYDSN3T6,2025-06-23
B0BYDSN3T6,2025-07-21
B0BYDSN3T6,2025-08-18
B0BYDSN3T6,2025-09-15
B0BYDSN3T6,2025-10-13
B0BYDSN3T6,2025-11-10
B0BYDSN3T6,2025-12-08
B0BYDSN3T6,2026-01-05
B0BYDSN3T6,2026-02-02
B0BYDSN3T6,2026-03-02
B0BYSN5WZW,2025-04-28
B0BYSN5WZW,2025-05-26
B0BYSN5WZW,2025-06-23
B0BYSN5WZW,2025-07-21
B0BYSN5WZW,2025-08-18
B0BYSN5WZW,2025-09-15
B0BYSN5WZW,2025-10-13
B0BYSN5WZW,2025-11-10
B0BYSN5WZW,2025-12-08
B0BYSN5WZW,2026-01-05
B0BYSN5WZW,2026-02-02
B0BYSN5WZW,2026-03-02
B0BZ7Z5P9L,2025-04-28
B0BZ7Z5P9L,2025-05-26
B0BZ7Z5P9L,2025-06-23
B0BZ7Z5P9L,2025-07-21
B0BZ7Z5P9L,2025-08-18
B0BZ7Z5P9L,2025-09-15
B0BZ7Z5P9L,2025-10-13
B0BZ7Z5P9L,2025-11-10
B0BZ7Z5P9L,2025-12-08
B0BZ7Z5P9L,2026-01-05
B0BZ7Z5P9L,2026-02-02
B0BZ7Z5P9L,2026-03-02
B0BZSBT77B,2025-04-28
B0BZSBT77B,2025-05-26
B0BZSBT77B,2025-06-23
B0BZSBT77B,2025-07-21
B0BZSBT77B,2025-08-18
B0BZSBT77B,2025-09-15
B0BZSBT77B,2025-10-13
B0BZSBT77B,2025-11-10
B0BZSBT77B,2025-12-08
B0BZSBT77B,2026-01-05
B0BZSBT77B,2026-02-02
B0BZSBT77B,2026-03-02
B0BZSF2ZB5,2025-04-28
B0BZSF2ZB5,2025-05-26
B0BZSF2ZB5,2025-06-23
B0BZSF2ZB5,2025-07-21
B0BZSF2ZB5,2025-08-18
B0BZSF2ZB5,2025-09-15
B0BZSF2ZB5,2025-10-13
B0BZSF2ZB5,2025-11-10
B0BZSF2ZB5,2025-12-08
B0BZSF2ZB5,2026-01-05
B0BZSF2ZB5,2026-02-02
B0BZSF2ZB5,2026-03-02
B0C1FRWW6B,2025-04-28
B0C1FRWW6B,2025-05-26
B0C1FRWW6B,2025-06-23
B0C1FRWW6B,2025-07-21
B0C1FRWW6B,2025-08-18
B0C1FRWW6B,2025-09-15
B0C1FRWW6B,2025-10-13
B0C1FRWW6B,2025-11-10
B0C1FRWW6B,2025-12-08
B0C1FRWW6B,2026-01-05
B0C1FRWW6B,2026-02-02
B0C1FRWW6B,2026-03-02
B0C1GQGLD1,2025-04-28
B0C1GQGLD1,2025-05-26
B0C1GQGLD1,2025-06-23
B0C1GQGLD1,2025-07-21
B0C1GQGLD1,2025-08-18
B0C1GQGLD1,2025-09-15
B0C1GQGLD1,2025-10-13
B0C1GQGLD1,2025-11-10
B0C1GQGLD1,2025-12-08
B0C1GQGLD1,2026-01-05
B0C1GQGLD1,2026-02-02
B0C1GQGLD1,2026-03-02
B0C1GQMTPM,2025-04-28
B0C1GQMTPM,2025-05-26
B0C1GQMTPM,2025-06-23
B0C1GQMTPM,2025-07-21
B0C1GQMTPM,2025-08-18
B0C1GQMTPM,2025-09-15
B0C1GQMTPM,2025-10-13
B0C1GQMTPM,2025-11-10
B0C1GQMTPM,2025-12-08
B0C1GQMTPM,2026-01-05
B0C1GQMTPM,2026-02-02
B0C1GQMTPM,2026-03-02
B0C1MXGGXX,2025-04-28
B0C1MXGGXX,2025-05-26
B0C1MXGGXX,2025-06-23
B0C1MXGGXX,2025-07-21
B0C1MXGGXX,2025-08-18
B0C1MXGGXX,2025-09-15
B0C1MXGGXX,2025-10-13
B0C1MXGGXX,2025-11-10
B0C1MXGGXX,2025-12-08
B0C1MXGGXX,2026-01-05
B0C1MXGGXX,2026-02-02
B0C1MXGGXX,2026-03-02
B0C1MZRNMJ,2025-04-28
B0C1MZRNMJ,2025-05-26
B0C1MZRNMJ,2025-06-23
B0C1MZRNMJ,2025-07-21
B0C1MZRNMJ,2025-08-18
B0C1MZRNMJ,2025-09-15
B0C1MZRNMJ,2025-10-13
B0C1MZRNMJ,2025-11-10
B0C1MZRNMJ,2025-12-08
B0C1MZRNMJ,2026-01-05
B0C1MZRNMJ,2026-02-02
B0C1MZRNMJ,2026-03-02
B0C1Z7N2CN,2025-04-28
B0C1Z7N2CN,2025-05-26
B0C1Z7N2CN,2025-06-23
B0C1Z7N2CN,2025-07-21
B0C1Z7N2CN,2025-08-18
B0C1Z7N2CN,2025-09-15
B0C1Z7N2CN,2025-10-13
B0C1Z7N2CN,2025-11-10
B0C1Z7N2CN,2025-12-08
B0C1Z7N2CN,2026-01-05
B0C1Z7N2CN,2026-02-02
B0C1Z7N2CN,2026-03-02
B0C27FRWBS,2025-04-28
B0C27FRWBS,2025-05-26
B0C27FRWBS,2025-06-23
B0C27FRWBS,2025-07-21
B0C27FRWBS,2025-08-18
B0C27FRWBS,2025-09-15
B0C27FRWBS,2025-10-13
B0C27FRWBS,2025-11-10
B0C27FRWBS,2025-12-08
B0C27FRWBS,2026-01-05
B0C27FRWBS,2026-02-02
B0C27FRWBS,2026-03-02
B0C2VKVWY9,2025-04-28
B0C2VKVWY9,2025-05-26
B0C2VKVWY9,2025-06-23
B0C2VKVWY9,2025-07-21
B0C2VKVWY9,2025-08-18
B0C2VKVWY9,2025-09-15
B0C2VKVWY9,2025-10-13
B0C2VKVWY9,2025-11-10
B0C2VKVWY9,2025-12-08
B0C2VKVWY9,2026-01-05
B0C2VKVWY9,2026-02-02
B0C2VKVWY9,2026-03-02
B0C3GNLY6D,2025-04-28
B0C3GNLY6D,2025-05-26
B0C3GNLY6D,2025-06-23
B0C3GNLY6D,2025-07-21
B0C3GNLY6D,2025-08-18
B0C3GNLY6D,2025-09-15
B0C3GNLY6D,2025-10-13
B0C3GNLY6D,2025-11-10
B0C3GNLY6D,2025-12-08
B0C3GNLY6D,2026-01-05
B0C3GNLY6D,2026-02-02
B0C3GNLY6D,2026-03-02
B0C3KSJ75T,2025-04-28
B0C3KSJ75T,2025-05-26
B0C3KSJ75T,2025-06-23
B0C3KSJ75T,2025-07-21
B0C3KSJ75T,2025-08-18
B0C3KSJ75T,2025-09-15
B0C3KSJ75T,2025-10-13
B0C3KSJ75T,2025-11-10
B0C3KSJ75T,2025-12-08
B0C3KSJ75T,2026-01-05
B0C3KSJ75T,2026-02-02
B0C3KSJ75T,2026-03-02
B0C3KVQFFL,2025-04-28
B0C3KVQFFL,2025-05-26
B0C3KVQFFL,2025-06-23
B0C3KVQFFL,2025-07-21
B0C3KVQFFL,2025-08-18
B0C3KVQFFL,2025-09-15
B0C3KVQFFL,2025-10-13
B0C3KVQFFL,2025-11-10
B0C3KVQFFL,2025-12-08
B0C3KVQFFL,2026-01-05
B0C3KVQFFL,2026-02-02
B0C3KVQFFL,2026-03-02
B0C3KWSG6W,2025-04-28
B0C3KWSG6W,2025-05-26
B0C3KWSG6W,2025-06-23
B0C3KWSG6W,2025-07-21
B0C3KWSG6W,2025-08-18
B0C3KWSG6W,2025-09-15
B0C3KWSG6W,2025-10-13
B0C3KWSG6W,2025-11-10
B0C3KWSG6W,2025-12-08
B0C3KWSG6W,2026-01-05
B0C3KWSG6W,2026-02-02
B0C3KWSG6W,2026-03-02
B0C3KWXYLS,2025-04-28
B0C3KWXYLS,2025-05-26
B0C3KWXYLS,2025-06-23
B0C3KWXYLS,2025-07-21
B0C3KWXYLS,2025-08-18
B0C3KWXYLS,2025-09-15
B0C3KWXYLS,2025-10-13
B0C3KWXYLS,2025-11-10
B0C3KWXYLS,2025-12-08
B0C3KWXYLS,2026-01-05
B0C3KWXYLS,2026-02-02
B0C3KWXYLS,2026-03-02
B0C3L69QRN,2025-04-28
B0C3L69QRN,2025-05-26
B0C3L69QRN,2025-06-23
B0C3L69QRN,2025-07-21
B0C3L69QRN,2025-08-18
B0C3L69QRN,2025-09-15
B0C3L69QRN,2025-10-13
B0C3L69QRN,2025-11-10
B0C3L69QRN,2025-12-08
B0C3L69QRN,2026-01-05
B0C3L69QRN,2026-02-02
B0C3L69QRN,2026-03-02
B0C3MGKNJH,2025-04-28
B0C3MGKNJH,2025-05-26
B0C3MGKNJH,2025-06-23
B0C3MGKNJH,2025-07-21
B0C3MGKNJH,2025-08-18
B0C3MGKNJH,2025-09-15
B0C3MGKNJH,2025-10-13
B0C3MGKNJH,2025-11-10
B0C3MGKNJH,2025-12-08
B0C3MGKNJH,2026-01-05
B0C3MGKNJH,2026-02-02
B0C3MGKNJH,2026-03-02
B0C3MHDKNK,2025-04-28
B0C3MHDKNK,2025-05-26
B0C3MHDKNK,2025-06-23
B0C3MHDKNK,2025-07-21
B0C3MHDKNK,2025-08-18
B0C3MHDKNK,2025-09-15
B0C3MHDKNK,2025-10-13
B0C3MHDKNK,2025-11-10
B0C3MHDKNK,2025-12-08
B0C3MHDKNK,2026-01-05
B0C3MHDKNK,2026-02-02
B0C3MHDKNK,2026-03-02
B0C3MKNWJQ,2025-04-28
B0C3MKNWJQ,2025-05-26
B0C3MKNWJQ,2025-06-23
B0C3MKNWJQ,2025-07-21
B0C3MKNWJQ,2025-08-18
B0C3MKNWJQ,2025-09-15
B0C3MKNWJQ,2025-10-13
B0C3MKNWJQ,2025-11-10
B0C3MKNWJQ,2025-12-08
B0C3MKNWJQ,2026-01-05
B0C3MKNWJQ,2026-02-02
B0C3MKNWJQ,2026-03-02
B0C3PV6NYM,2025-04-28
B0C3PV6NYM,2025-05-26
B0C3PV6NYM,2025-06-23
B0C3PV6NYM,2025-07-21
B0C3PV6NYM,2025-08-18
B0C3PV6NYM,2025-09-15
B0C3PV6NYM,2025-10-13
B0C3PV6NYM,2025-11-10
B0C3PV6NYM,2025-12-08
B0C3PV6NYM,2026-01-05
B0C3PV6NYM,2026-02-02
B0C3PV6NYM,2026-03-02
B0C3R4KD27,2025-04-28
B0C3R4KD27,2025-05-26
B0C3R4KD27,2025-06-23
B0C3R4KD27,2025-07-21
B0C3R4KD27,2025-08-18
B0C3R4KD27,2025-09-15
B0C3R4KD27,2025-10-13
B0C3R4KD27,2025-11-10
B0C3R4KD27,2025-12-08
B0C3R4KD27,2026-01-05
B0C3R4KD27,2026-02-02
B0C3R4KD27,2026-03-02
B0C3VNQN4N,2025-04-28
B0C3VNQN4N,2025-05-26
B0C3VNQN4N,2025-06-23
B0C3VNQN4N,2025-07-21
B0C3VNQN4N,2025-08-18
B0C3VNQN4N,2025-09-15
B0C3VNQN4N,2025-10-13
B0C3VNQN4N,2025-11-10
B0C3VNQN4N,2025-12-08
B0C3VNQN4N,2026-01-05
B0C3VNQN4N,2026-02-02
B0C3VNQN4N,2026-03-02
B0C4NV9FLW,2025-04-28
B0C4NV9FLW,2025-05-26
B0C4NV9FLW,2025-06-23
B0C4NV9FLW,2025-07-21
B0C4NV9FLW,2025-08-18
B0C4NV9FLW,2025-09-15
B0C4NV9FLW,2025-10-13
B0C4NV9FLW,2025-11-10
B0C4NV9FLW,2025-12-08
B0C4NV9FLW,2026-01-05
B0C4NV9FLW,2026-02-02
B0C4NV9FLW,2026-03-02
B0C4NXVPBJ,2025-04-28
B0C4NXVPBJ,2025-05-26
B0C4NXVPBJ,2025-06-23
B0C4NXVPBJ,2025-07-21
B0C4NXVPBJ,2025-08-18
B0C4NXVPBJ,2025-09-15
B0C4NXVPBJ,2025-10-13
B0C4NXVPBJ,2025-11-10
B0C4NXVPBJ,2025-12-08
B0C4NXVPBJ,2026-01-05
B0C4NXVPBJ,2026-02-02
B0C4NXVPBJ,2026-03-02
B0C4NY6MPB,2025-04-28
B0C4NY6MPB,2025-05-26
B0C4NY6MPB,2025-06-23
B0C4NY6MPB,2025-07-21
B0C4NY6MPB,2025-08-18
B0C4NY6MPB,2025-09-15
B0C4NY6MPB,2025-10-13
B0C4NY6MPB,2025-11-10
B0C4NY6MPB,2025-12-08
B0C4NY6MPB,2026-01-05
B0C4NY6MPB,2026-02-02
B0C4NY6MPB,2026-03-02
B0C4PFS2M9,2025-04-28
B0C4PFS2M9,2025-05-26
B0C4PFS2M9,2025-06-23
B0C4PFS2M9,2025-07-21
B0C4PFS2M9,2025-08-18
B0C4PFS2M9,2025-09-15
B0C4PFS2M9,2025-10-13
B0C4PFS2M9,2025-11-10
B0C4PFS2M9,2025-12-08
B0C4PFS2M9,2026-01-05
B0C4PFS2M9,2026-02-02
B0C4PFS2M9,2026-03-02
B0C4PMW9PS,2025-04-28
B0C4PMW9PS,2025-05-26
B0C4PMW9PS,2025-06-23
B0C4PMW9PS,2025-07-21
B0C4PMW9PS,2025-08-18
B0C4PMW9PS,2025-09-15
B0C4PMW9PS,2025-10-13
B0C4PMW9PS,2025-11-10
B0C4PMW9PS,2025-12-08
B0C4PMW9PS,2026-01-05
B0C4PMW9PS,2026-02-02
B0C4PMW9PS,2026-03-02
B0C4PXH8K4,2025-04-28
B0C4PXH8K4,2025-05-26
B0C4PXH8K4,2025-06-23
B0C4PXH8K4,2025-07-21
B0C4PXH8K4,2025-08-18
B0C4PXH8K4,2025-09-15
B0C4PXH8K4,2025-10-13
B0C4PXH8K4,2025-11-10
B0C4PXH8K4,2025-12-08
B0C4PXH8K4,2026-01-05
B0C4PXH8K4,2026-02-02
B0C4PXH8K4,2026-03-02
B0C4Y2NP4S,2025-04-28
B0C4Y2NP4S,2025-05-26
B0C4Y2NP4S,2025-06-23
B0C4Y2NP4S,2025-07-21
B0C4Y2NP4S,2025-08-18
B0C4Y2NP4S,2025-09-15
B0C4Y2NP4S,2025-10-13
B0C4Y2NP4S,2025-11-10
B0C4Y2NP4S,2025-12-08
B0C4Y2NP4S,2026-01-05
B0C4Y2NP4S,2026-02-02
B0C4Y2NP4S,2026-03-02
B0C4Y3XZ4Z,2025-04-28
B0C4Y3XZ4Z,2025-05-26
B0C4Y3XZ4Z,2025-06-23
B0C4Y3XZ4Z,2025-07-21
B0C4Y3XZ4Z,2025-08-18
B0C4Y3XZ4Z,2025-09-15
B0C4Y3XZ4Z,2025-10-13
B0C4Y3XZ4Z,2025-11-10
B0C4Y3XZ4Z,2025-12-08
B0C4Y3XZ4Z,2026-01-05
B0C4Y3XZ4Z,2026-02-02
B0C4Y3XZ4Z,2026-03-02
B0C4Y434W2,2025-04-28
B0C4Y434W2,2025-05-26
B0C4Y434W2,2025-06-23
B0C4Y434W2,2025-07-21
B0C4Y434W2,2025-08-18
B0C4Y434W2,2025-09-15
B0C4Y434W2,2025-10-13
B0C4Y434W2,2025-11-10
B0C4Y434W2,2025-12-08
B0C4Y434W2,2026-01-05
B0C4Y434W2,2026-02-02
B0C4Y434W2,2026-03-02
B0C557WRD6,2025-04-28
B0C557WRD6,2025-05-26
B0C557WRD6,2025-06-23
B0C557WRD6,2025-07-21
B0C557WRD6,2025-08-18
B0C557WRD6,2025-09-15
B0C557WRD6,2025-10-13
B0C557WRD6,2025-11-10
B0C557WRD6,2025-12-08
B0C557WRD6,2026-01-05
B0C557WRD6,2026-02-02
B0C557WRD6,2026-03-02
B0C559795M,2025-04-28
B0C559795M,2025-05-26
B0C559795M,2025-06-23
B0C559795M,2025-07-21
B0C559795M,2025-08-18
B0C559795M,2025-09-15
B0C559795M,2025-10-13
B0C559795M,2025-11-10
B0C559795M,2025-12-08
B0C559795M,2026-01-05
B0C559795M,2026-02-02
B0C559795M,2026-03-02
B0C559JFHV,2025-04-28
B0C559JFHV,2025-05-26
B0C559JFHV,2025-06-23
B0C559JFHV,2025-07-21
B0C559JFHV,2025-08-18
B0C559JFHV,2025-09-15
B0C559JFHV,2025-10-13
B0C559JFHV,2025-11-10
B0C559JFHV,2025-12-08
B0C559JFHV,2026-01-05
B0C559JFHV,2026-02-02
B0C559JFHV,2026-03-02
B0C55BHHM3,2025-04-28
B0C55BHHM3,2025-05-26
B0C55BHHM3,2025-06-23
B0C55BHHM3,2025-07-21
B0C55BHHM3,2025-08-18
B0C55BHHM3,2025-09-15
B0C55BHHM3,2025-10-13
B0C55BHHM3,2025-11-10
B0C55BHHM3,2025-12-08
B0C55BHHM3,2026-01-05
B0C55BHHM3,2026-02-02
B0C55BHHM3,2026-03-02
B0C5J6HNWF,2025-04-28
B0C5J6HNWF,2025-05-26
B0C5J6HNWF,2025-06-23
B0C5J6HNWF,2025-07-21
B0C5J6HNWF,2025-08-18
B0C5J6HNWF,2025-09-15
B0C5J6HNWF,2025-10-13
B0C5J6HNWF,2025-11-10
B0C5J6HNWF,2025-12-08
B0C5J6HNWF,2026-01-05
B0C5J6HNWF,2026-02-02
B0C5J6HNWF,2026-03-02
B0C5J8KH86,2025-04-28
B0C5J8KH86,2025-05-26
B0C5J8KH86,2025-06-23
B0C5J8KH86,2025-07-21
B0C5J8KH86,2025-08-18
B0C5J8KH86,2025-09-15
B0C5J8KH86,2025-10-13
B0C5J8KH86,2025-11-10
B0C5J8KH86,2025-12-08
B0C5J8KH86,2026-01-05
B0C5J8KH86,2026-02-02
B0C5J8KH86,2026-03-02
B0C5R59ZWG,2025-04-28
B0C5R59ZWG,2025-05-26
B0C5R59ZWG,2025-06-23
B0C5R59ZWG,2025-07-21
B0C5R59ZWG,2025-08-18
B0C5R59ZWG,2025-09-15
B0C5R59ZWG,2025-10-13
B0C5R59ZWG,2025-11-10
B0C5R59ZWG,2025-12-08
B0C5R59ZWG,2026-01-05
B0C5R59ZWG,2026-02-02
B0C5R59ZWG,2026-03-02
B0C6574WRV,2025-04-28
B0C6574WRV,2025-05-26
B0C6574WRV,2025-06-23
B0C6574WRV,2025-07-21
B0C6574WRV,2025-08-18
B0C6574WRV,2025-09-15
B0C6574WRV,2025-10-13
B0C6574WRV,2025-11-10
B0C6574WRV,2025-12-08
B0C6574WRV,2026-01-05
B0C6574WRV,2026-02-02
B0C6574WRV,2026-03-02
B0C657VCTT,2025-04-28
B0C657VCTT,2025-05-26
B0C657VCTT,2025-06-23
B0C657VCTT,2025-07-21
B0C657VCTT,2025-08-18
B0C657VCTT,2025-09-15
B0C657VCTT,2025-10-13
B0C657VCTT,2025-11-10
B0C657VCTT,2025-12-08
B0C657VCTT,2026-01-05
B0C657VCTT,2026-02-02
B0C657VCTT,2026-03-02
B0C659KFT3,2025-04-28
B0C659KFT3,2025-05-26
B0C659KFT3,2025-06-23
B0C659KFT3,2025-07-21
B0C659KFT3,2025-08-18
B0C659KFT3,2025-09-15
B0C659KFT3,2025-10-13
B0C659KFT3,2025-11-10
B0C659KFT3,2025-12-08
B0C659KFT3,2026-01-05
B0C659KFT3,2026-02-02
B0C659KFT3,2026-03-02
B0C65BXGHJ,2025-04-28
B0C65BXGHJ,2025-05-26
B0C65BXGHJ,2025-06-23
B0C65BXGHJ,2025-07-21
B0C65BXGHJ,2025-08-18
B0C65BXGHJ,2025-09-15
B0C65BXGHJ,2025-10-13
B0C65BXGHJ,2025-11-10
B0C65BXGHJ,2025-12-08
B0C65BXGHJ,2026-01-05
B0C65BXGHJ,2026-02-02
B0C65BXGHJ,2026-03-02
B0C6QQ781F,2025-04-28
B0C6QQ781F,2025-05-26
B0C6QQ781F,2025-06-23
B0C6QQ781F,2025-07-21
B0C6QQ781F,2025-08-18
B0C6QQ781F,2025-09-15
B0C6QQ781F,2025-10-13
B0C6QQ781F,2025-11-10
B0C6QQ781F,2025-12-08
B0C6QQ781F,2026-01-05
B0C6QQ781F,2026-02-02
B0C6QQ781F,2026-03-02
B0C6QSZWLK,2025-04-28
B0C6QSZWLK,2025-05-26
B0C6QSZWLK,2025-06-23
B0C6QSZWLK,2025-07-21
B0C6QSZWLK,2025-08-18
B0C6QSZWLK,2025-09-15
B0C6QSZWLK,2025-10-13
B0C6QSZWLK,2025-11-10
B0C6QSZWLK,2025-12-08
B0C6QSZWLK,2026-01-05
B0C6QSZWLK,2026-02-02
B0C6QSZWLK,2026-03-02
B0C73Z12XC,2025-04-28
B0C73Z12XC,2025-05-26
B0C73Z12XC,2025-06-23
B0C73Z12XC,2025-07-21
B0C73Z12XC,2025-08-18
B0C73Z12XC,2025-09-15
B0C73Z12XC,2025-10-13
B0C73Z12XC,2025-11-10
B0C73Z12XC,2025-12-08
B0C73Z12XC,2026-01-05
B0C73Z12XC,2026-02-02
B0C73Z12XC,2026-03-02
B0C786VCNK,2025-04-28
B0C786VCNK,2025-05-26
B0C786VCNK,2025-06-23
B0C786VCNK,2025-07-21
B0C786VCNK,2025-08-18
B0C786VCNK,2025-09-15
B0C786VCNK,2025-10-13
B0C786VCNK,2025-11-10
B0C786VCNK,2025-12-08
B0C786VCNK,2026-01-05
B0C786VCNK,2026-02-02
B0C786VCNK,2026-03-02
B0C787SBLX,2025-04-28
B0C787SBLX,2025-05-26
B0C787SBLX,2025-06-23
B0C787SBLX,2025-07-21
B0C787SBLX,2025-08-18
B0C787SBLX,2025-09-15
B0C787SBLX,2025-10-13
B0C787SBLX,2025-11-10
B0C787SBLX,2025-12-08
B0C787SBLX,2026-01-05
B0C787SBLX,2026-02-02
B0C787SBLX,2026-03-02
B0C7CFQ2RF,2025-04-28
B0C7CFQ2RF,2025-05-26
B0C7CFQ2RF,2025-06-23
B0C7CFQ2RF,2025-07-21
B0C7CFQ2RF,2025-08-18
B0C7CFQ2RF,2025-09-15
B0C7CFQ2RF,2025-10-13
B0C7CFQ2RF,2025-11-10
B0C7CFQ2RF,2025-12-08
B0C7CFQ2RF,2026-01-05
B0C7CFQ2RF,2026-02-02
B0C7CFQ2RF,2026-03-02
B0C7CJ6S4L,2025-04-28
B0C7CJ6S4L,2025-05-26
B0C7CJ6S4L,2025-06-23
B0C7CJ6S4L,2025-07-21
B0C7CJ6S4L,2025-08-18
B0C7CJ6S4L,2025-09-15
B0C7CJ6S4L,2025-10-13
B0C7CJ6S4L,2025-11-10
B0C7CJ6S4L,2025-12-08
B0C7CJ6S4L,2026-01-05
B0C7CJ6S4L,2026-02-02
B0C7CJ6S4L,2026-03-02
B0C7JZYJJ5,2025-04-28
B0C7JZYJJ5,2025-05-26
B0C7JZYJJ5,2025-06-23
B0C7JZYJJ5,2025-07-21
B0C7JZYJJ5,2025-08-18
B0C7JZYJJ5,2025-09-15
B0C7JZYJJ5,2025-10-13
B0C7JZYJJ5,2025-11-10
B0C7JZYJJ5,2025-12-08
B0C7JZYJJ5,2026-01-05
B0C7JZYJJ5,2026-02-02
B0C7JZYJJ5,2026-03-02
B0C7PY8JT7,2025-04-28
B0C7PY8JT7,2025-05-26
B0C7PY8JT7,2025-06-23
B0C7PY8JT7,2025-07-21
B0C7PY8JT7,2025-08-18
B0C7PY8JT7,2025-09-15
B0C7PY8JT7,2025-10-13
B0C7PY8JT7,2025-11-10
B0C7PY8JT7,2025-12-08
B0C7PY8JT7,2026-01-05
B0C7PY8JT7,2026-02-02
B0C7PY8JT7,2026-03-02
B0C7Z6BSMX,2025-04-28
B0C7Z6BSMX,2025-05-26
B0C7Z6BSMX,2025-06-23
B0C7Z6BSMX,2025-07-21
B0C7Z6BSMX,2025-08-18
B0C7Z6BSMX,2025-09-15
B0C7Z6BSMX,2025-10-13
B0C7Z6BSMX,2025-11-10
B0C7Z6BSMX,2025-12-08
B0C7Z6BSMX,2026-01-05
B0C7Z6BSMX,2026-02-02
B0C7Z6BSMX,2026-03-02
B0C8HB7NQM,2025-04-28
B0C8HB7NQM,2025-05-26
B0C8HB7NQM,2025-06-23
B0C8HB7NQM,2025-07-21
B0C8HB7NQM,2025-08-18
B0C8HB7NQM,2025-09-15
B0C8HB7NQM,2025-10-13
B0C8HB7NQM,2025-11-10
B0C8HB7NQM,2025-12-08
B0C8HB7NQM,2026-01-05
B0C8HB7NQM,2026-02-02
B0C8HB7NQM,2026-03-02
B0C8MQTTLJ,2025-04-28
B0C8MQTTLJ,2025-05-26
B0C8MQTTLJ,2025-06-23
B0C8MQTTLJ,2025-07-21
B0C8MQTTLJ,2025-08-18
B0C8MQTTLJ,2025-09-15
B0C8MQTTLJ,2025-10-13
B0C8MQTTLJ,2025-11-10
B0C8MQTTLJ,2025-12-08
B0C8MQTTLJ,2026-01-05
B0C8MQTTLJ,2026-02-02
B0C8MQTTLJ,2026-03-02
B0C8MZVJR9,2025-04-28
B0C8MZVJR9,2025-05-26
B0C8MZVJR9,2025-06-23
B0C8MZVJR9,2025-07-21
B0C8MZVJR9,2025-08-18
B0C8MZVJR9,2025-09-15
B0C8MZVJR9,2025-10-13
B0C8MZVJR9,2025-11-10
B0C8MZVJR9,2025-12-08
B0C8MZVJR9,2026-01-05
B0C8MZVJR9,2026-02-02
B0C8MZVJR9,2026-03-02
B0C8N2MGLZ,2025-04-28
B0C8N2MGLZ,2025-05-26
B0C8N2MGLZ,2025-06-23
B0C8N2MGLZ,2025-07-21
B0C8N2MGLZ,2025-08-18
B0C8N2MGLZ,2025-09-15
B0C8N2MGLZ,2025-10-13
B0C8N2MGLZ,2025-11-10
B0C8N2MGLZ,2025-12-08
B0C8N2MGLZ,2026-01-05
B0C8N2MGLZ,2026-02-02
B0C8N2MGLZ,2026-03-02
B0C8N3J3P8,2025-04-28
B0C8N3J3P8,2025-05-26
B0C8N3J3P8,2025-06-23
B0C8N3J3P8,2025-07-21
B0C8N3J3P8,2025-08-18
B0C8N3J3P8,2025-09-15
B0C8N3J3P8,2025-10-13
B0C8N3J3P8,2025-11-10
B0C8N3J3P8,2025-12-08
B0C8N3J3P8,2026-01-05
B0C8N3J3P8,2026-02-02
B0C8N3J3P8,2026-03-02
B0C8N5SDZL,2025-04-28
B0C8N5SDZL,2025-05-26
B0C8N5SDZL,2025-06-23
B0C8N5SDZL,2025-07-21
B0C8N5SDZL,2025-08-18
B0C8N5SDZL,2025-09-15
B0C8N5SDZL,2025-10-13
B0C8N5SDZL,2025-11-10
B0C8N5SDZL,2025-12-08
B0C8N5SDZL,2026-01-05
B0C8N5SDZL,2026-02-02
B0C8N5SDZL,2026-03-02
B0C9DDD7FW,2025-04-28
B0C9DDD7FW,2025-05-26
B0C9DDD7FW,2025-06-23
B0C9DDD7FW,2025-07-21
B0C9DDD7FW,2025-08-18
B0C9DDD7FW,2025-09-15
B0C9DDD7FW,2025-10-13
B0C9DDD7FW,2025-11-10
B0C9DDD7FW,2025-12-08
B0C9DDD7FW,2026-01-05
B0C9DDD7FW,2026-02-02
B0C9DDD7FW,2026-03-02
B0CBX9R8N1,2025-04-28
B0CBX9R8N1,2025-05-26
B0CBX9R8N1,2025-06-23
B0CBX9R8N1,2025-07-21
B0CBX9R8N1,2025-08-18
B0CBX9R8N1,2025-09-15
B0CBX9R8N1,2025-10-13
B0CBX9R8N1,2025-11-10
B0CBX9R8N1,2025-12-08
B0CBX9R8N1,2026-01-05
B0CBX9R8N1,2026-02-02
B0CBX9R8N1,2026-03-02
B0CBXCST5X,2025-04-28
B0CBXCST5X,2025-05-26
B0CBXCST5X,2025-06-23
B0CBXCST5X,2025-07-21
B0CBXCST5X,2025-08-18
B0CBXCST5X,2025-09-15
B0CBXCST5X,2025-10-13
B0CBXCST5X,2025-11-10
B0CBXCST5X,2025-12-08
B0CBXCST5X,2026-01-05
B0CBXCST5X,2026-02-02
B0CBXCST5X,2026-03-02
B0CC25BF9B,2025-04-28
B0CC25BF9B,2025-05-26
B0CC25BF9B,2025-06-23
B0CC25BF9B,2025-07-21
B0CC25BF9B,2025-08-18
B0CC25BF9B,2025-09-15
B0CC25BF9B,2025-10-13
B0CC25BF9B,2025-11-10
B0CC25BF9B,2025-12-08
B0CC25BF9B,2026-01-05
B0CC25BF9B,2026-02-02
B0CC25BF9B,2026-03-02
B0CC2JFDJL,2025-04-28
B0CC2JFDJL,2025-05-26
B0CC2JFDJL,2025-06-23
B0CC2JFDJL,2025-07-21
B0CC2JFDJL,2025-08-18
B0CC2JFDJL,2025-09-15
B0CC2JFDJL,2025-10-13
B0CC2JFDJL,2025-11-10
B0CC2JFDJL,2025-12-08
B0CC2JFDJL,2026-01-05
B0CC2JFDJL,2026-02-02
B0CC2JFDJL,2026-03-02
B0CC4M77HV,2025-04-28
B0CC4M77HV,2025-05-26
B0CC4M77HV,2025-06-23
B0CC4M77HV,2025-07-21
B0CC4M77HV,2025-08-18
B0CC4M77HV,2025-09-15
B0CC4M77HV,2025-10-13
B0CC4M77HV,2025-11-10
B0CC4M77HV,2025-12-08
B0CC4M77HV,2026-01-05
B0CC4M77HV,2026-02-02
B0CC4M77HV,2026-03-02
B0CCCY65VF,2025-04-28
B0CCCY65VF,2025-05-26
B0CCCY65VF,2025-06-23
B0CCCY65VF,2025-07-21
B0CCCY65VF,2025-08-18
B0CCCY65VF,2025-09-15
B0CCCY65VF,2025-10-13
B0CCCY65VF,2025-11-10
B0CCCY65VF,2025-12-08
B0CCCY65VF,2026-01-05
B0CCCY65VF,2026-02-02
B0CCCY65VF,2026-03-02
B0CF4487FN,2025-04-28
B0CF4487FN,2025-05-26
B0CF4487FN,2025-06-23
B0CF4487FN,2025-07-21
B0CF4487FN,2025-08-18
B0CF4487FN,2025-09-15
B0CF4487FN,2025-10-13
B0CF4487FN,2025-11-10
B0CF4487FN,2025-12-08
B0CF4487FN,2026-01-05
B0CF4487FN,2026-02-02
B0CF4487FN,2026-03-02
B0CFR1NS4R,2025-04-28
B0CFR1NS4R,2025-05-26
B0CFR1NS4R,2025-06-23
B0CFR1NS4R,2025-07-21
B0CFR1NS4R,2025-08-18
B0CFR1NS4R,2025-09-15
B0CFR1NS4R,2025-10-13
B0CFR1NS4R,2025-11-10
B0CFR1NS4R,2025-12-08
B0CFR1NS4R,2026-01-05
B0CFR1NS4R,2026-02-02
B0CFR1NS4R,2026-03-02
B0CFZVD9TY,2025-04-28
B0CFZVD9TY,2025-05-26
B0CFZVD9TY,2025-06-23
B0CFZVD9TY,2025-07-21
B0CFZVD9TY,2025-08-18
B0CFZVD9TY,2025-09-15
B0CFZVD9TY,2025-10-13
B0CFZVD9TY,2025-11-10
B0CFZVD9TY,2025-12-08
B0CFZVD9TY,2026-01-05
B0CFZVD9TY,2026-02-02
B0CFZVD9TY,2026-03-02
B0CFZXC1DM,2025-04-28
B0CFZXC1DM,2025-05-26
B0CFZXC1DM,2025-06-23
B0CFZXC1DM,2025-07-21
B0CFZXC1DM,2025-08-18
B0CFZXC1DM,2025-09-15
B0CFZXC1DM,2025-10-13
B0CFZXC1DM,2025-11-10
B0CFZXC1DM,2025-12-08
B0CFZXC1DM,2026-01-05
B0CFZXC1DM,2026-02-02
B0CFZXC1DM,2026-03-02
B0CFZYTYH5,2025-04-28
B0CFZYTYH5,2025-05-26
B0CFZYTYH5,2025-06-23
B0CFZYTYH5,2025-07-21
B0CFZYTYH5,2025-08-18
B0CFZYTYH5,2025-09-15
B0CFZYTYH5,2025-10-13
B0CFZYTYH5,2025-11-10
B0CFZYTYH5,2025-12-08
B0CFZYTYH5,2026-01-05
B0CFZYTYH5,2026-02-02
B0CFZYTYH5,2026-03-02
B0CGZDLF4L,2025-04-28
B0CGZDLF4L,2025-05-26
B0CGZDLF4L,2025-06-23
B0CGZDLF4L,2025-07-21
B0CGZDLF4L,2025-08-18
B0CGZDLF4L,2025-09-15
B0CGZDLF4L,2025-10-13
B0CGZDLF4L,2025-11-10
B0CGZDLF4L,2025-12-08
B0CGZDLF4L,2026-01-05
B0CGZDLF4L,2026-02-02
B0CGZDLF4L,2026-03-02
B0CH3C5KWV,2025-04-28
B0CH3C5KWV,2025-05-26
B0CH3C5KWV,2025-06-23
B0CH3C5KWV,2025-07-21
B0CH3C5KWV,2025-08-18
B0CH3C5KWV,2025-09-15
B0CH3C5KWV,2025-10-13
B0CH3C5KWV,2025-11-10
B0CH3C5KWV,2025-12-08
B0CH3C5KWV,2026-01-05
B0CH3C5KWV,2026-02-02
B0CH3C5KWV,2026-03-02
B0CH9YQWGB,2025-04-28
B0CH9YQWGB,2025-05-26
B0CH9YQWGB,2025-06-23
B0CH9YQWGB,2025-07-21
B0CH9YQWGB,2025-08-18
B0CH9YQWGB,2025-09-15
B0CH9YQWGB,2025-10-13
B0CH9YQWGB,2025-11-10
B0CH9YQWGB,2025-12-08
B0CH9YQWGB,2026-01-05
B0CH9YQWGB,2026-02-02
B0CH9YQWGB,2026-03-02
B0CHF9C67D,2025-04-28
B0CHF9C67D,2025-05-26
B0CHF9C67D,2025-06-23
B0CHF9C67D,2025-07-21
B0CHF9C67D,2025-08-18
B0CHF9C67D,2025-09-15
B0CHF9C67D,2025-10-13
B0CHF9C67D,2025-11-10
B0CHF9C67D,2025-12-08
B0CHF9C67D,2026-01-05
B0CHF9C67D,2026-02-02
B0CHF9C67D,2026-03-02
B0CHF9QYKZ,2025-04-28
B0CHF9QYKZ,2025-05-26
B0CHF9QYKZ,2025-06-23
B0CHF9QYKZ,2025-07-21
B0CHF9QYKZ,2025-08-18
B0CHF9QYKZ,2025-09-15
B0CHF9QYKZ,2025-10-13
B0CHF9QYKZ,2025-11-10
B0CHF9QYKZ,2025-12-08
B0CHF9QYKZ,2026-01-05
B0CHF9QYKZ,2026-02-02
B0CHF9QYKZ,2026-03-02
B0CHVSMH5M,2025-04-28
B0CHVSMH5M,2025-05-26
B0CHVSMH5M,2025-06-23
B0CHVSMH5M,2025-07-21
B0CHVSMH5M,2025-08-18
B0CHVSMH5M,2025-09-15
B0CHVSMH5M,2025-10-13
B0CHVSMH5M,2025-11-10
B0CHVSMH5M,2025-12-08
B0CHVSMH5M,2026-01-05
B0CHVSMH5M,2026-02-02
B0CHVSMH5M,2026-03-02
B0CK1HM6J8,2025-04-28
B0CK1HM6J8,2025-05-26
B0CK1HM6J8,2025-06-23
B0CK1HM6J8,2025-07-21
B0CK1HM6J8,2025-08-18
B0CK1HM6J8,2025-09-15
B0CK1HM6J8,2025-10-13
B0CK1HM6J8,2025-11-10
B0CK1HM6J8,2025-12-08
B0CK1HM6J8,2026-01-05
B0CK1HM6J8,2026-02-02
B0CK1HM6J8,2026-03-02
B0CKR9SQGR,2025-04-28
B0CKR9SQGR,2025-05-26
B0CKR9SQGR,2025-06-23
B0CKR9SQGR,2025-07-21
B0CKR9SQGR,2025-08-18
B0CKR9SQGR,2025-09-15
B0CKR9SQGR,2025-10-13
B0CKR9SQGR,2025-11-10
B0CKR9SQGR,2025-12-08
B0CKR9SQGR,2026-01-05
B0CKR9SQGR,2026-02-02
B0CKR9SQGR,2026-03-02
B0CKRB7JW8,2025-04-28
B0CKRB7JW8,2025-05-26
B0CKRB7JW8,2025-06-23
B0CKRB7JW8,2025-07-21
B0CKRB7JW8,2025-08-18
B0CKRB7JW8,2025-09-15
B0CKRB7JW8,2025-10-13
B0CKRB7JW8,2025-11-10
B0CKRB7JW8,2025-12-08
B0CKRB7JW8,2026-01-05
B0CKRB7JW8,2026-02-02
B0CKRB7JW8,2026-03-02
B0CKWXNRVB,2025-04-28
B0CKWXNRVB,2025-05-26
B0CKWXNRVB,2025-06-23
B0CKWXNRVB,2025-07-21
B0CKWXNRVB,2025-08-18
B0CKWXNRVB,2025-09-15
B0CKWXNRVB,2025-10-13
B0CKWXNRVB,2025-11-10
B0CKWXNRVB,2025-12-08
B0CKWXNRVB,2026-01-05
B0CKWXNRVB,2026-02-02
B0CKWXNRVB,2026-03-02
B0CKYJMM5F,2025-04-28
B0CKYJMM5F,2025-05-26
B0CKYJMM5F,2025-06-23
B0CKYJMM5F,2025-07-21
B0CKYJMM5F,2025-08-18
B0CKYJMM5F,2025-09-15
B0CKYJMM5F,2025-10-13
B0CKYJMM5F,2025-11-10
B0CKYJMM5F,2025-12-08
B0CKYJMM5F,2026-01-05
B0CKYJMM5F,2026-02-02
B0CKYJMM5F,2026-03-02
B0CLDZZ1MD,2025-04-28
B0CLDZZ1MD,2025-05-26
B0CLDZZ1MD,2025-06-23
B0CLDZZ1MD,2025-07-21
B0CLDZZ1MD,2025-08-18
B0CLDZZ1MD,2025-09-15
B0CLDZZ1MD,2025-10-13
B0CLDZZ1MD,2025-11-10
B0CLDZZ1MD,2025-12-08
B0CLDZZ1MD,2026-01-05
B0CLDZZ1MD,2026-02-02
B0CLDZZ1MD,2026-03-02
B0CLF2X6JB,2025-04-28
B0CLF2X6JB,2025-05-26
B0CLF2X6JB,2025-06-23
B0CLF2X6JB,2025-07-21
B0CLF2X6JB,2025-08-18
B0CLF2X6JB,2025-09-15
B0CLF2X6JB,2025-10-13
B0CLF2X6JB,2025-11-10
B0CLF2X6JB,2025-12-08
B0CLF2X6JB,2026-01-05
B0CLF2X6JB,2026-02-02
B0CLF2X6JB,2026-03-02
B0CLXWJWQD,2025-04-28
B0CLXWJWQD,2025-05-26
B0CLXWJWQD,2025-06-23
B0CLXWJWQD,2025-07-21
B0CLXWJWQD,2025-08-18
B0CLXWJWQD,2025-09-15
B0CLXWJWQD,2025-10-13
B0CLXWJWQD,2025-11-10
B0CLXWJWQD,2025-12-08
B0CLXWJWQD,2026-01-05
B0CLXWJWQD,2026-02-02
B0CLXWJWQD,2026-03-02
B0CLXWT84G,2025-04-28
B0CLXWT84G,2025-05-26
B0CLXWT84G,2025-06-23
B0CLXWT84G,2025-07-21
B0CLXWT84G,2025-08-18
B0CLXWT84G,2025-09-15
B0CLXWT84G,2025-10-13
B0CLXWT84G,2025-11-10
B0CLXWT84G,2025-12-08
B0CLXWT84G,2026-01-05
B0CLXWT84G,2026-02-02
B0CLXWT84G,2026-03-02
B0CMQV4JXT,2025-04-28
B0CMQV4JXT,2025-05-26
B0CMQV4JXT,2025-06-23
B0CMQV4JXT,2025-07-21
B0CMQV4JXT,2025-08-18
B0CMQV4JXT,2025-09-15
B0CMQV4JXT,2025-10-13
B0CMQV4JXT,2025-11-10
B0CMQV4JXT,2025-12-08
B0CMQV4JXT,2026-01-05
B0CMQV4JXT,2026-02-02
B0CMQV4JXT,2026-03-02
B0CMXBLQR9,2025-04-28
B0CMXBLQR9,2025-05-26
B0CMXBLQR9,2025-06-23
B0CMXBLQR9,2025-07-21
B0CMXBLQR9,2025-08-18
B0CMXBLQR9,2025-09-15
B0CMXBLQR9,2025-10-13
B0CMXBLQR9,2025-11-10
B0CMXBLQR9,2025-12-08
B0CMXBLQR9,2026-01-05
B0CMXBLQR9,2026-02-02
B0CMXBLQR9,2026-03-02
B0CMZ74Z73,2025-04-28
B0CMZ74Z73,2025-05-26
B0CMZ74Z73,2025-06-23
B0CMZ74Z73,2025-07-21
B0CMZ74Z73,2025-08-18
B0CMZ74Z73,2025-09-15
B0CMZ74Z73,2025-10-13
B0CMZ74Z73,2025-11-10
B0CMZ74Z73,2025-12-08
B0CMZ74Z73,2026-01-05
B0CMZ74Z73,2026-02-02
B0CMZ74Z73,2026-03-02
B0CN6KTP1H,2025-04-28
B0CN6KTP1H,2025-05-26
B0CN6KTP1H,2025-06-23
B0CN6KTP1H,2025-07-21
B0CN6KTP1H,2025-08-18
B0CN6KTP1H,2025-09-15
B0CN6KTP1H,2025-10-13
B0CN6KTP1H,2025-11-10
B0CN6KTP1H,2025-12-08
B0CN6KTP1H,2026-01-05
B0CN6KTP1H,2026-02-02
B0CN6KTP1H,2026-03-02
B0CN6M8V5Q,2025-04-28
B0CN6M8V5Q,2025-05-26
B0CN6M8V5Q,2025-06-23
B0CN6M8V5Q,2025-07-21
B0CN6M8V5Q,2025-08-18
B0CN6M8V5Q,2025-09-15
B0CN6M8V5Q,2025-10-13
B0CN6M8V5Q,2025-11-10
B0CN6M8V5Q,2025-12-08
B0CN6M8V5Q,2026-01-05
B0CN6M8V5Q,2026-02-02
B0CN6M8V5Q,2026-03-02
B0CN9BQCFY,2025-04-28
B0CN9BQCFY,2025-05-26
B0CN9BQCFY,2025-06-23
B0CN9BQCFY,2025-07-21
B0CN9BQCFY,2025-08-18
B0CN9BQCFY,2025-09-15
B0CN9BQCFY,2025-10-13
B0CN9BQCFY,2025-11-10
B0CN9BQCFY,2025-12-08
B0CN9BQCFY,2026-01-05
B0CN9BQCFY,2026-02-02
B0CN9BQCFY,2026-03-02
B0CN9CHBTH,2025-04-28
B0CN9CHBTH,2025-05-26
B0CN9CHBTH,2025-06-23
B0CN9CHBTH,2025-07-21
B0CN9CHBTH,2025-08-18
B0CN9CHBTH,2025-09-15
B0CN9CHBTH,2025-10-13
B0CN9CHBTH,2025-11-10
B0CN9CHBTH,2025-12-08
B0CN9CHBTH,2026-01-05
B0CN9CHBTH,2026-02-02
B0CN9CHBTH,2026-03-02
B0CN9DV91W,2025-04-28
B0CN9DV91W,2025-05-26
B0CN9DV91W,2025-06-23
B0CN9DV91W,2025-07-21
B0CN9DV91W,2025-08-18
B0CN9DV91W,2025-09-15
B0CN9DV91W,2025-10-13
B0CN9DV91W,2025-11-10
B0CN9DV91W,2025-12-08
B0CN9DV91W,2026-01-05
B0CN9DV91W,2026-02-02
B0CN9DV91W,2026-03-02
B0CNCLFD5B,2025-04-28
B0CNCLFD5B,2025-05-26
B0CNCLFD5B,2025-06-23
B0CNCLFD5B,2025-07-21
B0CNCLFD5B,2025-08-18
B0CNCLFD5B,2025-09-15
B0CNCLFD5B,2025-10-13
B0CNCLFD5B,2025-11-10
B0CNCLFD5B,2025-12-08
B0CNCLFD5B,2026-01-05
B0CNCLFD5B,2026-02-02
B0CNCLFD5B,2026-03-02
B0CNGR2VJ5,2025-04-28
B0CNGR2VJ5,2025-05-26
B0CNGR2VJ5,2025-06-23
B0CNGR2VJ5,2025-07-21
B0CNGR2VJ5,2025-08-18
B0CNGR2VJ5,2025-09-15
B0CNGR2VJ5,2025-10-13
B0CNGR2VJ5,2025-11-10
B0CNGR2VJ5,2025-12-08
B0CNGR2VJ5,2026-01-05
B0CNGR2VJ5,2026-02-02
B0CNGR2VJ5,2026-03-02
B0CNVJFDHS,2025-04-28
B0CNVJFDHS,2025-05-26
B0CNVJFDHS,2025-06-23
B0CNVJFDHS,2025-07-21
B0CNVJFDHS,2025-08-18
B0CNVJFDHS,2025-09-15
B0CNVJFDHS,2025-10-13
B0CNVJFDHS,2025-11-10
B0CNVJFDHS,2025-12-08
B0CNVJFDHS,2026-01-05
B0CNVJFDHS,2026-02-02
B0CNVJFDHS,2026-03-02
B0CP32P1YT,2025-04-28
B0CP32P1YT,2025-05-26
B0CP32P1YT,2025-06-23
B0CP32P1YT,2025-07-21
B0CP32P1YT,2025-08-18
B0CP32P1YT,2025-09-15
B0CP32P1YT,2025-10-13
B0CP32P1YT,2025-11-10
B0CP32P1YT,2025-12-08
B0CP32P1YT,2026-01-05
B0CP32P1YT,2026-02-02
B0CP32P1YT,2026-03-02
B0CP3BZL41,2025-04-28
B0CP3BZL41,2025-05-26
B0CP3BZL41,2025-06-23
B0CP3BZL41,2025-07-21
B0CP3BZL41,2025-08-18
B0CP3BZL41,2025-09-15
B0CP3BZL41,2025-10-13
B0CP3BZL41,2025-11-10
B0CP3BZL41,2025-12-08
B0CP3BZL41,2026-01-05
B0CP3BZL41,2026-02-02
B0CP3BZL41,2026-03-02
B0CP3CDYV6,2025-04-28
B0CP3CDYV6,2025-05-26
B0CP3CDYV6,2025-06-23
B0CP3CDYV6,2025-07-21
B0CP3CDYV6,2025-08-18
B0CP3CDYV6,2025-09-15
B0CP3CDYV6,2025-10-13
B0CP3CDYV6,2025-11-10
B0CP3CDYV6,2025-12-08
B0CP3CDYV6,2026-01-05
B0CP3CDYV6,2026-02-02
B0CP3CDYV6,2026-03-02
B0CP3S3RF3,2025-04-28
B0CP3S3RF3,2025-05-26
B0CP3S3RF3,2025-06-23
B0CP3S3RF3,2025-07-21
B0CP3S3RF3,2025-08-18
B0CP3S3RF3,2025-09-15
B0CP3S3RF3,2025-10-13
B0CP3S3RF3,2025-11-10
B0CP3S3RF3,2025-12-08
B0CP3S3RF3,2026-01-05
B0CP3S3RF3,2026-02-02
B0CP3S3RF3,2026-03-02
B0CP3S698H,2025-04-28
B0CP3S698H,2025-05-26
B0CP3S698H,2025-06-23
B0CP3S698H,2025-07-21
B0CP3S698H,2025-08-18
B0CP3S698H,2025-09-15
B0CP3S698H,2025-10-13
B0CP3S698H,2025-11-10
B0CP3S698H,2025-12-08
B0CP3S698H,2026-01-05
B0CP3S698H,2026-02-02
B0CP3S698H,2026-03-02
B0CP3TMT5J,2025-04-28
B0CP3TMT5J,2025-05-26
B0CP3TMT5J,2025-06-23
B0CP3TMT5J,2025-07-21
B0CP3TMT5J,2025-08-18
B0CP3TMT5J,2025-09-15
B0CP3TMT5J,2025-10-13
B0CP3TMT5J,2025-11-10
B0CP3TMT5J,2025-12-08
B0CP3TMT5J,2026-01-05
B0CP3TMT5J,2026-02-02
B0CP3TMT5J,2026-03-02
B0CPHW94N1,2025-04-28
B0CPHW94N1,2025-05-26
B0CPHW94N1,2025-06-23
B0CPHW94N1,2025-07-21
B0CPHW94N1,2025-08-18
B0CPHW94N1,2025-09-15
B0CPHW94N1,2025-10-13
B0CPHW94N1,2025-11-10
B0CPHW94N1,2025-12-08
B0CPHW94N1,2026-01-05
B0CPHW94N1,2026-02-02
B0CPHW94N1,2026-03-02
B0CPLK3NCW,2025-04-28
B0CPLK3NCW,2025-05-26
B0CPLK3NCW,2025-06-23
B0CPLK3NCW,2025-07-21
B0CPLK3NCW,2025-08-18
B0CPLK3NCW,2025-09-15
B0CPLK3NCW,2025-10-13
B0CPLK3NCW,2025-11-10
B0CPLK3NCW,2025-12-08
B0CPLK3NCW,2026-01-05
B0CPLK3NCW,2026-02-02
B0CPLK3NCW,2026-03-02
B0CPLLWMRP,2025-04-28
B0CPLLWMRP,2025-05-26
B0CPLLWMRP,2025-06-23
B0CPLLWMRP,2025-07-21
B0CPLLWMRP,2025-08-18
B0CPLLWMRP,2025-09-15
B0CPLLWMRP,2025-10-13
B0CPLLWMRP,2025-11-10
B0CPLLWMRP,2025-12-08
B0CPLLWMRP,2026-01-05
B0CPLLWMRP,2026-02-02
B0CPLLWMRP,2026-03-02
B0CPNZSG8J,2025-04-28
B0CPNZSG8J,2025-05-26
B0CPNZSG8J,2025-06-23
B0CPNZSG8J,2025-07-21
B0CPNZSG8J,2025-08-18
B0CPNZSG8J,2025-09-15
B0CPNZSG8J,2025-10-13
B0CPNZSG8J,2025-11-10
B0CPNZSG8J,2025-12-08
B0CPNZSG8J,2026-01-05
B0CPNZSG8J,2026-02-02
B0CPNZSG8J,2026-03-02
B0CPP76GX4,2025-04-28
B0CPP76GX4,2025-05-26
B0CPP76GX4,2025-06-23
B0CPP76GX4,2025-07-21
B0CPP76GX4,2025-08-18
B0CPP76GX4,2025-09-15
B0CPP76GX4,2025-10-13
B0CPP76GX4,2025-11-10
B0CPP76GX4,2025-12-08
B0CPP76GX4,2026-01-05
B0CPP76GX4,2026-02-02
B0CPP76GX4,2026-03-02
B0CPP9MN32,2025-04-28
B0CPP9MN32,2025-05-26
B0CPP9MN32,2025-06-23
B0CPP9MN32,2025-07-21
B0CPP9MN32,2025-08-18
B0CPP9MN32,2025-09-15
B0CPP9MN32,2025-10-13
B0CPP9MN32,2025-11-10
B0CPP9MN32,2025-12-08
B0CPP9MN32,2026-01-05
B0CPP9MN32,2026-02-02
B0CPP9MN32,2026-03-02
B0CQ2QC6XZ,2025-04-28
B0CQ2QC6XZ,2025-05-26
B0CQ2QC6XZ,2025-06-23
B0CQ2QC6XZ,2025-07-21
B0CQ2QC6XZ,2025-08-18
B0CQ2QC6XZ,2025-09-15
B0CQ2QC6XZ,2025-10-13
B0CQ2QC6XZ,2025-11-10
B0CQ2QC6XZ,2025-12-08
B0CQ2QC6XZ,2026-01-05
B0CQ2QC6XZ,2026-02-02
B0CQ2QC6XZ,2026-03-02
B0CQ2TXS26,2025-04-28
B0CQ2TXS26,2025-05-26
B0CQ2TXS26,2025-06-23
B0CQ2TXS26,2025-07-21
B0CQ2TXS26,2025-08-18
B0CQ2TXS26,2025-09-15
B0CQ2TXS26,2025-10-13
B0CQ2TXS26,2025-11-10
B0CQ2TXS26,2025-12-08
B0CQ2TXS26,2026-01-05
B0CQ2TXS26,2026-02-02
B0CQ2TXS26,2026-03-02
B0CQ4YLNN3,2025-04-28
B0CQ4YLNN3,2025-05-26
B0CQ4YLNN3,2025-06-23
B0CQ4YLNN3,2025-07-21
B0CQ4YLNN3,2025-08-18
B0CQ4YLNN3,2025-09-15
B0CQ4YLNN3,2025-10-13
B0CQ4YLNN3,2025-11-10
B0CQ4YLNN3,2025-12-08
B0CQ4YLNN3,2026-01-05
B0CQ4YLNN3,2026-02-02
B0CQ4YLNN3,2026-03-02
B0CQ4ZQG86,2025-04-28
B0CQ4ZQG86,2025-05-26
B0CQ4ZQG86,2025-06-23
B0CQ4ZQG86,2025-07-21
B0CQ4ZQG86,2025-08-18
B0CQ4ZQG86,2025-09-15
B0CQ4ZQG86,2025-10-13
B0CQ4ZQG86,2025-11-10
B0CQ4ZQG86,2025-12-08
B0CQ4ZQG86,2026-01-05
B0CQ4ZQG86,2026-02-02
B0CQ4ZQG86,2026-03-02
B0CQ4ZT51R,2025-04-28
B0CQ4ZT51R,2025-05-26
B0CQ4ZT51R,2025-06-23
B0CQ4ZT51R,2025-07-21
B0CQ4ZT51R,2025-08-18
B0CQ4ZT51R,2025-09-15
B0CQ4ZT51R,2025-10-13
B0CQ4ZT51R,2025-11-10
B0CQ4ZT51R,2025-12-08
B0CQ4ZT51R,2026-01-05
B0CQ4ZT51R,2026-02-02
B0CQ4ZT51R,2026-03-02
B0CQJF4XZV,2025-04-28
B0CQJF4XZV,2025-05-26
B0CQJF4XZV,2025-06-23
B0CQJF4XZV,2025-07-21
B0CQJF4XZV,2025-08-18
B0CQJF4XZV,2025-09-15
B0CQJF4XZV,2025-10-13
B0CQJF4XZV,2025-11-10
B0CQJF4XZV,2025-12-08
B0CQJF4XZV,2026-01-05
B0CQJF4XZV,2026-02-02
B0CQJF4XZV,2026-03-02
B0CQJH3923,2025-04-28
B0CQJH3923,2025-05-26
B0CQJH3923,2025-06-23
B0CQJH3923,2025-07-21
B0CQJH3923,2025-08-18
B0CQJH3923,2025-09-15
B0CQJH3923,2025-10-13
B0CQJH3923,2025-11-10
B0CQJH3923,2025-12-08
B0CQJH3923,2026-01-05
B0CQJH3923,2026-02-02
B0CQJH3923,2026-03-02
B0CQJQD5L6,2025-04-28
B0CQJQD5L6,2025-05-26
B0CQJQD5L6,2025-06-23
B0CQJQD5L6,2025-07-21
B0CQJQD5L6,2025-08-18
B0CQJQD5L6,2025-09-15
B0CQJQD5L6,2025-10-13
B0CQJQD5L6,2025-11-10
B0CQJQD5L6,2025-12-08
B0CQJQD5L6,2026-01-05
B0CQJQD5L6,2026-02-02
B0CQJQD5L6,2026-03-02
B0CQMXXG8R,2025-04-28
B0CQMXXG8R,2025-05-26
B0CQMXXG8R,2025-06-23
B0CQMXXG8R,2025-07-21
B0CQMXXG8R,2025-08-18
B0CQMXXG8R,2025-09-15
B0CQMXXG8R,2025-10-13
B0CQMXXG8R,2025-11-10
B0CQMXXG8R,2025-12-08
B0CQMXXG8R,2026-01-05
B0CQMXXG8R,2026-02-02
B0CQMXXG8R,2026-03-02
B0CQT7HW9Z,2025-04-28
B0CQT7HW9Z,2025-05-26
B0CQT7HW9Z,2025-06-23
B0CQT7HW9Z,2025-07-21
B0CQT7HW9Z,2025-08-18
B0CQT7HW9Z,2025-09-15
B0CQT7HW9Z,2025-10-13
B0CQT7HW9Z,2025-11-10
B0CQT7HW9Z,2025-12-08
B0CQT7HW9Z,2026-01-05
B0CQT7HW9Z,2026-02-02
B0CQT7HW9Z,2026-03-02
B0CQTCR59T,2025-04-28
B0CQTCR59T,2025-05-26
B0CQTCR59T,2025-06-23
B0CQTCR59T,2025-07-21
B0CQTCR59T,2025-08-18
B0CQTCR59T,2025-09-15
B0CQTCR59T,2025-10-13
B0CQTCR59T,2025-11-10
B0CQTCR59T,2025-12-08
B0CQTCR59T,2026-01-05
B0CQTCR59T,2026-02-02
B0CQTCR59T,2026-03-02
B0CQX93BVJ,2025-04-28
B0CQX93BVJ,2025-05-26
B0CQX93BVJ,2025-06-23
B0CQX93BVJ,2025-07-21
B0CQX93BVJ,2025-08-18
B0CQX93BVJ,2025-09-15
B0CQX93BVJ,2025-10-13
B0CQX93BVJ,2025-11-10
B0CQX93BVJ,2025-12-08
B0CQX93BVJ,2026-01-05
B0CQX93BVJ,2026-02-02
B0CQX93BVJ,2026-03-02
B0CR1F8KX3,2025-04-28
B0CR1F8KX3,2025-05-26
B0CR1F8KX3,2025-06-23
B0CR1F8KX3,2025-07-21
B0CR1F8KX3,2025-08-18
B0CR1F8KX3,2025-09-15
B0CR1F8KX3,2025-10-13
B0CR1F8KX3,2025-11-10
B0CR1F8KX3,2025-12-08
B0CR1F8KX3,2026-01-05
B0CR1F8KX3,2026-02-02
B0CR1F8KX3,2026-03-02
B0CR5P818B,2025-04-28
B0CR5P818B,2025-05-26
B0CR5P818B,2025-06-23
B0CR5P818B,2025-07-21
B0CR5P818B,2025-08-18
B0CR5P818B,2025-09-15
B0CR5P818B,2025-10-13
B0CR5P818B,2025-11-10
B0CR5P818B,2025-12-08
B0CR5P818B,2026-01-05
B0CR5P818B,2026-02-02
B0CR5P818B,2026-03-02
B0CRDGSPWN,2025-04-28
B0CRDGSPWN,2025-05-26
B0CRDGSPWN,2025-06-23
B0CRDGSPWN,2025-07-21
B0CRDGSPWN,2025-08-18
B0CRDGSPWN,2025-09-15
B0CRDGSPWN,2025-10-13
B0CRDGSPWN,2025-11-10
B0CRDGSPWN,2025-12-08
B0CRDGSPWN,2026-01-05
B0CRDGSPWN,2026-02-02
B0CRDGSPWN,2026-03-02
B0CS2R6NWM,2025-04-28
B0CS2R6NWM,2025-05-26
B0CS2R6NWM,2025-06-23
B0CS2R6NWM,2025-07-21
B0CS2R6NWM,2025-08-18
B0CS2R6NWM,2025-09-15
B0CS2R6NWM,2025-10-13
B0CS2R6NWM,2025-11-10
B0CS2R6NWM,2025-12-08
B0CS2R6NWM,2026-01-05
B0CS2R6NWM,2026-02-02
B0CS2R6NWM,2026-03-02
B0CSD17M82,2025-04-28
B0CSD17M82,2025-05-26
B0CSD17M82,2025-06-23
B0CSD17M82,2025-07-21
B0CSD17M82,2025-08-18
B0CSD17M82,2025-09-15
B0CSD17M82,2025-10-13
B0CSD17M82,2025-11-10
B0CSD17M82,2025-12-08
B0CSD17M82,2026-01-05
B0CSD17M82,2026-02-02
B0CSD17M82,2026-03-02
B0CSD8CHV8,2025-04-28
B0CSD8CHV8,2025-05-26
B0CSD8CHV8,2025-06-23
B0CSD8CHV8,2025-07-21
B0CSD8CHV8,2025-08-18
B0CSD8CHV8,2025-09-15
B0CSD8CHV8,2025-10-13
B0CSD8CHV8,2025-11-10
B0CSD8CHV8,2025-12-08
B0CSD8CHV8,2026-01-05
B0CSD8CHV8,2026-02-02
B0CSD8CHV8,2026-03-02
B0CSFR9S1G,2025-04-28
B0CSFR9S1G,2025-05-26
B0CSFR9S1G,2025-06-23
B0CSFR9S1G,2025-07-21
B0CSFR9S1G,2025-08-18
B0CSFR9S1G,2025-09-15
B0CSFR9S1G,2025-10-13
B0CSFR9S1G,2025-11-10
B0CSFR9S1G,2025-12-08
B0CSFR9S1G,2026-01-05
B0CSFR9S1G,2026-02-02
B0CSFR9S1G,2026-03-02
B0CSFRVMRG,2025-04-28
B0CSFRVMRG,2025-05-26
B0CSFRVMRG,2025-06-23
B0CSFRVMRG,2025-07-21
B0CSFRVMRG,2025-08-18
B0CSFRVMRG,2025-09-15
B0CSFRVMRG,2025-10-13
B0CSFRVMRG,2025-11-10
B0CSFRVMRG,2025-12-08
B0CSFRVMRG,2026-01-05
B0CSFRVMRG,2026-02-02
B0CSFRVMRG,2026-03-02
B0CSFSGSHD,2025-04-28
B0CSFSGSHD,2025-05-26
B0CSFSGSHD,2025-06-23
B0CSFSGSHD,2025-07-21
B0CSFSGSHD,2025-08-18
B0CSFSGSHD,2025-09-15
B0CSFSGSHD,2025-10-13
B0CSFSGSHD,2025-11-10
B0CSFSGSHD,2025-12-08
B0CSFSGSHD,2026-01-05
B0CSFSGSHD,2026-02-02
B0CSFSGSHD,2026-03-02
B0CSFSJTPX,2025-04-28
B0CSFSJTPX,2025-05-26
B0CSFSJTPX,2025-06-23
B0CSFSJTPX,2025-07-21
B0CSFSJTPX,2025-08-18
B0CSFSJTPX,2025-09-15
B0CSFSJTPX,2025-10-13
B0CSFSJTPX,2025-11-10
B0CSFSJTPX,2025-12-08
B0CSFSJTPX,2026-01-05
B0CSFSJTPX,2026-02-02
B0CSFSJTPX,2026-03-02
B0CSFSLLWV,2025-04-28
B0CSFSLLWV,2025-05-26
B0CSFSLLWV,2025-06-23
B0CSFSLLWV,2025-07-21
B0CSFSLLWV,2025-08-18
B0CSFSLLWV,2025-09-15
B0CSFSLLWV,2025-10-13
B0CSFSLLWV,2025-11-10
B0CSFSLLWV,2025-12-08
B0CSFSLLWV,2026-01-05
B0CSFSLLWV,2026-02-02
B0CSFSLLWV,2026-03-02
B0CSFSTXGN,2025-04-28
B0CSFSTXGN,2025-05-26
B0CSFSTXGN,2025-06-23
B0CSFSTXGN,2025-07-21
B0CSFSTXGN,2025-08-18
B0CSFSTXGN,2025-09-15
B0CSFSTXGN,2025-10-13
B0CSFSTXGN,2025-11-10
B0CSFSTXGN,2025-12-08
B0CSFSTXGN,2026-01-05
B0CSFSTXGN,2026-02-02
B0CSFSTXGN,2026-03-02
B0CSNCFCNZ,2025-04-28
B0CSNCFCNZ,2025-05-26
B0CSNCFCNZ,2025-06-23
B0CSNCFCNZ,2025-07-21
B0CSNCFCNZ,2025-08-18
B0CSNCFCNZ,2025-09-15
B0CSNCFCNZ,2025-10-13
B0CSNCFCNZ,2025-11-10
B0CSNCFCNZ,2025-12-08
B0CSNCFCNZ,2026-01-05
B0CSNCFCNZ,2026-02-02
B0CSNCFCNZ,2026-03-02
B0CSYPTL7S,2025-04-28
B0CSYPTL7S,2025-05-26
B0CSYPTL7S,2025-06-23
B0CSYPTL7S,2025-07-21
B0CSYPTL7S,2025-08-18
B0CSYPTL7S,2025-09-15
B0CSYPTL7S,2025-10-13
B0CSYPTL7S,2025-11-10
B0CSYPTL7S,2025-12-08
B0CSYPTL7S,2026-01-05
B0CSYPTL7S,2026-02-02
B0CSYPTL7S,2026-03-02
B0CTXHP9YR,2025-04-28
B0CTXHP9YR,2025-05-26
B0CTXHP9YR,2025-06-23
B0CTXHP9YR,2025-07-21
B0CTXHP9YR,2025-08-18
B0CTXHP9YR,2025-09-15
B0CTXHP9YR,2025-10-13
B0CTXHP9YR,2025-11-10
B0CTXHP9YR,2025-12-08
B0CTXHP9YR,2026-01-05
B0CTXHP9YR,2026-02-02
B0CTXHP9YR,2026-03-02
B0CTY6RMJT,2025-04-28
B0CTY6RMJT,2025-05-26
B0CTY6RMJT,2025-06-23
B0CTY6RMJT,2025-07-21
B0CTY6RMJT,2025-08-18
B0CTY6RMJT,2025-09-15
B0CTY6RMJT,2025-10-13
B0CTY6RMJT,2025-11-10
B0CTY6RMJT,2025-12-08
B0CTY6RMJT,2026-01-05
B0CTY6RMJT,2026-02-02
B0CTY6RMJT,2026-03-02
B0CW5M2J4R,2025-04-28
B0CW5M2J4R,2025-05-26
B0CW5M2J4R,2025-06-23
B0CW5M2J4R,2025-07-21
B0CW5M2J4R,2025-08-18
B0CW5M2J4R,2025-09-15
B0CW5M2J4R,2025-10-13
B0CW5M2J4R,2025-11-10
B0CW5M2J4R,2025-12-08
B0CW5M2J4R,2026-01-05
B0CW5M2J4R,2026-02-02
B0CW5M2J4R,2026-03-02
B0CW688CPZ,2025-04-28
B0CW688CPZ,2025-05-26
B0CW688CPZ,2025-06-23
B0CW688CPZ,2025-07-21
B0CW688CPZ,2025-08-18
B0CW688CPZ,2025-09-15
B0CW688CPZ,2025-10-13
B0CW688CPZ,2025-11-10
B0CW688CPZ,2025-12-08
B0CW688CPZ,2026-01-05
B0CW688CPZ,2026-02-02
B0CW688CPZ,2026-03-02
B0CWF1R819,2025-04-28
B0CWF1R819,2025-05-26
B0CWF1R819,2025-06-23
B0CWF1R819,2025-07-21
B0CWF1R819,2025-08-18
B0CWF1R819,2025-09-15
B0CWF1R819,2025-10-13
B0CWF1R819,2025-11-10
B0CWF1R819,2025-12-08
B0CWF1R819,2026-01-05
B0CWF1R819,2026-02-02
B0CWF1R819,2026-03-02
B0CWF1Z73C,2025-04-28
B0CWF1Z73C,2025-05-26
B0CWF1Z73C,2025-06-23
B0CWF1Z73C,2025-07-21
B0CWF1Z73C,2025-08-18
B0CWF1Z73C,2025-09-15
B0CWF1Z73C,2025-10-13
B0CWF1Z73C,2025-11-10
B0CWF1Z73C,2025-12-08
B0CWF1Z73C,2026-01-05
B0CWF1Z73C,2026-02-02
B0CWF1Z73C,2026-03-02
B0CWF2KTPK,2025-04-28
B0CWF2KTPK,2025-05-26
B0CWF2KTPK,2025-06-23
B0CWF2KTPK,2025-07-21
B0CWF2KTPK,2025-08-18
B0CWF2KTPK,2025-09-15
B0CWF2KTPK,2025-10-13
B0CWF2KTPK,2025-11-10
B0CWF2KTPK,2025-12-08
B0CWF2KTPK,2026-01-05
B0CWF2KTPK,2026-02-02
B0CWF2KTPK,2026-03-02
B0CWF2S6SF,2025-04-28
B0CWF2S6SF,2025-05-26
B0CWF2S6SF,2025-06-23
B0CWF2S6SF,2025-07-21
B0CWF2S6SF,2025-08-18
B0CWF2S6SF,2025-09-15
B0CWF2S6SF,2025-10-13
B0CWF2S6SF,2025-11-10
B0CWF2S6SF,2025-12-08
B0CWF2S6SF,2026-01-05
B0CWF2S6SF,2026-02-02
B0CWF2S6SF,2026-03-02
B0CX8H3CC4,2025-04-28
B0CX8H3CC4,2025-05-26
B0CX8H3CC4,2025-06-23
B0CX8H3CC4,2025-07-21
B0CX8H3CC4,2025-08-18
B0CX8H3CC4,2025-09-15
B0CX8H3CC4,2025-10-13
B0CX8H3CC4,2025-11-10
B0CX8H3CC4,2025-12-08
B0CX8H3CC4,2026-01-05
B0CX8H3CC4,2026-02-02
B0CX8H3CC4,2026-03-02
B0CXP7RP2C,2025-04-28
B0CXP7RP2C,2025-05-26
B0CXP7RP2C,2025-06-23
B0CXP7RP2C,2025-07-21
B0CXP7RP2C,2025-08-18
B0CXP7RP2C,2025-09-15
B0CXP7RP2C,2025-10-13
B0CXP7RP2C,2025-11-10
B0CXP7RP2C,2025-12-08
B0CXP7RP2C,2026-01-05
B0CXP7RP2C,2026-02-02
B0CXP7RP2C,2026-03-02
B0CY3ZSBBG,2025-04-28
B0CY3ZSBBG,2025-05-26
B0CY3ZSBBG,2025-06-23
B0CY3ZSBBG,2025-07-21
B0CY3ZSBBG,2025-08-18
B0CY3ZSBBG,2025-09-15
B0CY3ZSBBG,2025-10-13
B0CY3ZSBBG,2025-11-10
B0CY3ZSBBG,2025-12-08
B0CY3ZSBBG,2026-01-05
B0CY3ZSBBG,2026-02-02
B0CY3ZSBBG,2026-03-02
B0CY4ZYT63,2025-04-28
B0CY4ZYT63,2025-05-26
B0CY4ZYT63,2025-06-23
B0CY4ZYT63,2025-07-21
B0CY4ZYT63,2025-08-18
B0CY4ZYT63,2025-09-15
B0CY4ZYT63,2025-10-13
B0CY4ZYT63,2025-11-10
B0CY4ZYT63,2025-12-08
B0CY4ZYT63,2026-01-05
B0CY4ZYT63,2026-02-02
B0CY4ZYT63,2026-03-02
B0CYBJ9B1J,2025-04-28
B0CYBJ9B1J,2025-05-26
B0CYBJ9B1J,2025-06-23
B0CYBJ9B1J,2025-07-21
B0CYBJ9B1J,2025-08-18
B0CYBJ9B1J,2025-09-15
B0CYBJ9B1J,2025-10-13
B0CYBJ9B1J,2025-11-10
B0CYBJ9B1J,2025-12-08
B0CYBJ9B1J,2026-01-05
B0CYBJ9B1J,2026-02-02
B0CYBJ9B1J,2026-03-02
B0CYC3QZG8,2025-04-28
B0CYC3QZG8,2025-05-26
B0CYC3QZG8,2025-06-23
B0CYC3QZG8,2025-07-21
B0CYC3QZG8,2025-08-18
B0CYC3QZG8,2025-09-15
B0CYC3QZG8,2025-10-13
B0CYC3QZG8,2025-11-10
B0CYC3QZG8,2025-12-08
B0CYC3QZG8,2026-01-05
B0CYC3QZG8,2026-02-02
B0CYC3QZG8,2026-03-02
B0CYH1PGDT,2025-04-28
B0CYH1PGDT,2025-05-26
B0CYH1PGDT,2025-06-23
B0CYH1PGDT,2025-07-21
B0CYH1PGDT,2025-08-18
B0CYH1PGDT,2025-09-15
B0CYH1PGDT,2025-10-13
B0CYH1PGDT,2025-11-10
B0CYH1PGDT,2025-12-08
B0CYH1PGDT,2026-01-05
B0CYH1PGDT,2026-02-02
B0CYH1PGDT,2026-03-02
B0CYS95XXK,2025-04-28
B0CYS95XXK,2025-05-26
B0CYS95XXK,2025-06-23
B0CYS95XXK,2025-07-21
B0CYS95XXK,2025-08-18
B0CYS95XXK,2025-09-15
B0CYS95XXK,2025-10-13
B0CYS95XXK,2025-11-10
B0CYS95XXK,2025-12-08
B0CYS95XXK,2026-01-05
B0CYS95XXK,2026-02-02
B0CYS95XXK,2026-03-02
B0CZ6L7TR5,2025-04-28
B0CZ6L7TR5,2025-05-26
B0CZ6L7TR5,2025-06-23
B0CZ6L7TR5,2025-07-21
B0CZ6L7TR5,2025-08-18
B0CZ6L7TR5,2025-09-15
B0CZ6L7TR5,2025-10-13
B0CZ6L7TR5,2025-11-10
B0CZ6L7TR5,2025-12-08
B0CZ6L7TR5,2026-01-05
B0CZ6L7TR5,2026-02-02
B0CZ6L7TR5,2026-03-02
B0CZ71P5NB,2025-04-28
B0CZ71P5NB,2025-05-26
B0CZ71P5NB,2025-06-23
B0CZ71P5NB,2025-07-21
B0CZ71P5NB,2025-08-18
B0CZ71P5NB,2025-09-15
B0CZ71P5NB,2025-10-13
B0CZ71P5NB,2025-11-10
B0CZ71P5NB,2025-12-08
B0CZ71P5NB,2026-01-05
B0CZ71P5NB,2026-02-02
B0CZ71P5NB,2026-03-02
B0CZ74JZGT,2025-04-28
B0CZ74JZGT,2025-05-26
B0CZ74JZGT,2025-06-23
B0CZ74JZGT,2025-07-21
B0CZ74JZGT,2025-08-18
B0CZ74JZGT,2025-09-15
B0CZ74JZGT,2025-10-13
B0CZ74JZGT,2025-11-10
B0CZ74JZGT,2025-12-08
B0CZ74JZGT,2026-01-05
B0CZ74JZGT,2026-02-02
B0CZ74JZGT,2026-03-02
B0CZ77RN81,2025-04-28
B0CZ77RN81,2025-05-26
B0CZ77RN81,2025-06-23
B0CZ77RN81,2025-07-21
B0CZ77RN81,2025-08-18
B0CZ77RN81,2025-09-15
B0CZ77RN81,2025-10-13
B0CZ77RN81,2025-11-10
B0CZ77RN81,2025-12-08
B0CZ77RN81,2026-01-05
B0CZ77RN81,2026-02-02
B0CZ77RN81,2026-03-02
B0CZDB9926,2025-04-28
B0CZDB9926,2025-05-26
B0CZDB9926,2025-06-23
B0CZDB9926,2025-07-21
B0CZDB9926,2025-08-18
B0CZDB9926,2025-09-15
B0CZDB9926,2025-10-13
B0CZDB9926,2025-11-10
B0CZDB9926,2025-12-08
B0CZDB9926,2026-01-05
B0CZDB9926,2026-02-02
B0CZDB9926,2026-03-02
B0CZDS9TG5,2025-04-28
B0CZDS9TG5,2025-05-26
B0CZDS9TG5,2025-06-23
B0CZDS9TG5,2025-07-21
B0CZDS9TG5,2025-08-18
B0CZDS9TG5,2025-09-15
B0CZDS9TG5,2025-10-13
B0CZDS9TG5,2025-11-10
B0CZDS9TG5,2025-12-08
B0CZDS9TG5,2026-01-05
B0CZDS9TG5,2026-02-02
B0CZDS9TG5,2026-03-02
B0CZMYK29W,2025-04-28
B0CZMYK29W,2025-05-26
B0CZMYK29W,2025-06-23
B0CZMYK29W,2025-07-21
B0CZMYK29W,2025-08-18
B0CZMYK29W,2025-09-15
B0CZMYK29W,2025-10-13
B0CZMYK29W,2025-11-10
B0CZMYK29W,2025-12-08
B0CZMYK29W,2026-01-05
B0CZMYK29W,2026-02-02
B0CZMYK29W,2026-03-02
B0CZNR5GDT,2025-04-28
B0CZNR5GDT,2025-05-26
B0CZNR5GDT,2025-06-23
B0CZNR5GDT,2025-07-21
B0CZNR5GDT,2025-08-18
B0CZNR5GDT,2025-09-15
B0CZNR5GDT,2025-10-13
B0CZNR5GDT,2025-11-10
B0CZNR5GDT,2025-12-08
B0CZNR5GDT,2026-01-05
B0CZNR5GDT,2026-02-02
B0CZNR5GDT,2026-03-02
B0D116KXFZ,2025-04-28
B0D116KXFZ,2025-05-26
B0D116KXFZ,2025-06-23
B0D116KXFZ,2025-07-21
B0D116KXFZ,2025-08-18
B0D116KXFZ,2025-09-15
B0D116KXFZ,2025-10-13
B0D116KXFZ,2025-11-10
B0D116KXFZ,2025-12-08
B0D116KXFZ,2026-01-05
B0D116KXFZ,2026-02-02
B0D116KXFZ,2026-03-02
B0D11BG9HG,2025-04-28
B0D11BG9HG,2025-05-26
B0D11BG9HG,2025-06-23
B0D11BG9HG,2025-07-21
B0D11BG9HG,2025-08-18
B0D11BG9HG,2025-09-15
B0D11BG9HG,2025-10-13
B0D11BG9HG,2025-11-10
B0D11BG9HG,2025-12-08
B0D11BG9HG,2026-01-05
B0D11BG9HG,2026-02-02
B0D11BG9HG,2026-03-02
B0D12MZSYD,2025-04-28
B0D12MZSYD,2025-05-26
B0D12MZSYD,2025-06-23
B0D12MZSYD,2025-07-21
B0D12MZSYD,2025-08-18
B0D12MZSYD,2025-09-15
B0D12MZSYD,2025-10-13
B0D12MZSYD,2025-11-10
B0D12MZSYD,2025-12-08
B0D12MZSYD,2026-01-05
B0D12MZSYD,2026-02-02
B0D12MZSYD,2026-03-02
B0D12R449S,2025-04-28
B0D12R449S,2025-05-26
B0D12R449S,2025-06-23
B0D12R449S,2025-07-21
B0D12R449S,2025-08-18
B0D12R449S,2025-09-15
B0D12R449S,2025-10-13
B0D12R449S,2025-11-10
B0D12R449S,2025-12-08
B0D12R449S,2026-01-05
B0D12R449S,2026-02-02
B0D12R449S,2026-03-02
B0D12RKLP3,2025-04-28
B0D12RKLP3,2025-05-26
B0D12RKLP3,2025-06-23
B0D12RKLP3,2025-07-21
B0D12RKLP3,2025-08-18
B0D12RKLP3,2025-09-15
B0D12RKLP3,2025-10-13
B0D12RKLP3,2025-11-10
B0D12RKLP3,2025-12-08
B0D12RKLP3,2026-01-05
B0D12RKLP3,2026-02-02
B0D12RKLP3,2026-03-02
B0D12VPLG3,2025-04-28
B0D12VPLG3,2025-05-26
B0D12VPLG3,2025-06-23
B0D12VPLG3,2025-07-21
B0D12VPLG3,2025-08-18
B0D12VPLG3,2025-09-15
B0D12VPLG3,2025-10-13
B0D12VPLG3,2025-11-10
B0D12VPLG3,2025-12-08
B0D12VPLG3,2026-01-05
B0D12VPLG3,2026-02-02
B0D12VPLG3,2026-03-02
B0D12VRSC1,2025-04-28
B0D12VRSC1,2025-05-26
B0D12VRSC1,2025-06-23
B0D12VRSC1,2025-07-21
B0D12VRSC1,2025-08-18
B0D12VRSC1,2025-09-15
B0D12VRSC1,2025-10-13
B0D12VRSC1,2025-11-10
B0D12VRSC1,2025-12-08
B0D12VRSC1,2026-01-05
B0D12VRSC1,2026-02-02
B0D12VRSC1,2026-03-02
B0D12WGLP1,2025-04-28
B0D12WGLP1,2025-05-26
B0D12WGLP1,2025-06-23
B0D12WGLP1,2025-07-21
B0D12WGLP1,2025-08-18
B0D12WGLP1,2025-09-15
B0D12WGLP1,2025-10-13
B0D12WGLP1,2025-11-10
B0D12WGLP1,2025-12-08
B0D12WGLP1,2026-01-05
B0D12WGLP1,2026-02-02
B0D12WGLP1,2026-03-02
B0D13VVGDL,2025-04-28
B0D13VVGDL,2025-05-26
B0D13VVGDL,2025-06-23
B0D13VVGDL,2025-07-21
B0D13VVGDL,2025-08-18
B0D13VVGDL,2025-09-15
B0D13VVGDL,2025-10-13
B0D13VVGDL,2025-11-10
B0D13VVGDL,2025-12-08
B0D13VVGDL,2026-01-05
B0D13VVGDL,2026-02-02
B0D13VVGDL,2026-03-02
B0D14QV48Q,2025-04-28
B0D14QV48Q,2025-05-26
B0D14QV48Q,2025-06-23
B0D14QV48Q,2025-07-21
B0D14QV48Q,2025-08-18
B0D14QV48Q,2025-09-15
B0D14QV48Q,2025-10-13
B0D14QV48Q,2025-11-10
B0D14QV48Q,2025-12-08
B0D14QV48Q,2026-01-05
B0D14QV48Q,2026-02-02
B0D14QV48Q,2026-03-02
B0D17ZH1VQ,2025-04-28
B0D17ZH1VQ,2025-05-26
B0D17ZH1VQ,2025-06-23
B0D17ZH1VQ,2025-07-21
B0D17ZH1VQ,2025-08-18
B0D17ZH1VQ,2025-09-15
B0D17ZH1VQ,2025-10-13
B0D17ZH1VQ,2025-11-10
B0D17ZH1VQ,2025-12-08
B0D17ZH1VQ,2026-01-05
B0D17ZH1VQ,2026-02-02
B0D17ZH1VQ,2026-03-02
B0D1NX5194,2025-04-28
B0D1NX5194,2025-05-26
B0D1NX5194,2025-06-23
B0D1NX5194,2025-07-21
B0D1NX5194,2025-08-18
B0D1NX5194,2025-09-15
B0D1NX5194,2025-10-13
B0D1NX5194,2025-11-10
B0D1NX5194,2025-12-08
B0D1NX5194,2026-01-05
B0D1NX5194,2026-02-02
B0D1NX5194,2026-03-02
B0D2D8W398,2025-04-28
B0D2D8W398,2025-05-26
B0D2D8W398,2025-06-23
B0D2D8W398,2025-07-21
B0D2D8W398,2025-08-18
B0D2D8W398,2025-09-15
B0D2D8W398,2025-10-13
B0D2D8W398,2025-11-10
B0D2D8W398,2025-12-08
B0D2D8W398,2026-01-05
B0D2D8W398,2026-02-02
B0D2D8W398,2026-03-02
B0D2D97CN6,2025-04-28
B0D2D97CN6,2025-05-26
B0D2D97CN6,2025-06-23
B0D2D97CN6,2025-07-21
B0D2D97CN6,2025-08-18
B0D2D97CN6,2025-09-15
B0D2D97CN6,2025-10-13
B0D2D97CN6,2025-11-10
B0D2D97CN6,2025-12-08
B0D2D97CN6,2026-01-05
B0D2D97CN6,2026-02-02
B0D2D97CN6,2026-03-02
B0D2DBZZVF,2025-04-28
B0D2DBZZVF,2025-05-26
B0D2DBZZVF,2025-06-23
B0D2DBZZVF,2025-07-21
B0D2DBZZVF,2025-08-18
B0D2DBZZVF,2025-09-15
B0D2DBZZVF,2025-10-13
B0D2DBZZVF,2025-11-10
B0D2DBZZVF,2025-12-08
B0D2DBZZVF,2026-01-05
B0D2DBZZVF,2026-02-02
B0D2DBZZVF,2026-03-02
B0D2HFVP9P,2025-04-28
B0D2HFVP9P,2025-05-26
B0D2HFVP9P,2025-06-23
B0D2HFVP9P,2025-07-21
B0D2HFVP9P,2025-08-18
B0D2HFVP9P,2025-09-15
B0D2HFVP9P,2025-10-13
B0D2HFVP9P,2025-11-10
B0D2HFVP9P,2025-12-08
B0D2HFVP9P,2026-01-05
B0D2HFVP9P,2026-02-02
B0D2HFVP9P,2026-03-02
B0D2KZ2XRH,2025-04-28
B0D2KZ2XRH,2025-05-26
B0D2KZ2XRH,2025-06-23
B0D2KZ2XRH,2025-07-21
B0D2KZ2XRH,2025-08-18
B0D2KZ2XRH,2025-09-15
B0D2KZ2XRH,2025-10-13
B0D2KZ2XRH,2025-11-10
B0D2KZ2XRH,2025-12-08
B0D2KZ2XRH,2026-01-05
B0D2KZ2XRH,2026-02-02
B0D2KZ2XRH,2026-03-02
B0D2L17V86,2025-04-28
B0D2L17V86,2025-05-26
B0D2L17V86,2025-06-23
B0D2L17V86,2025-07-21
B0D2L17V86,2025-08-18
B0D2L17V86,2025-09-15
B0D2L17V86,2025-10-13
B0D2L17V86,2025-11-10
B0D2L17V86,2025-12-08
B0D2L17V86,2026-01-05
B0D2L17V86,2026-02-02
B0D2L17V86,2026-03-02
B0D2L1NZHB,2025-04-28
B0D2L1NZHB,2025-05-26
B0D2L1NZHB,2025-06-23
B0D2L1NZHB,2025-07-21
B0D2L1NZHB,2025-08-18
B0D2L1NZHB,2025-09-15
B0D2L1NZHB,2025-10-13
B0D2L1NZHB,2025-11-10
B0D2L1NZHB,2025-12-08
B0D2L1NZHB,2026-01-05
B0D2L1NZHB,2026-02-02
B0D2L1NZHB,2026-03-02
B0D2L24MC7,2025-04-28
B0D2L24MC7,2025-05-26
B0D2L24MC7,2025-06-23
B0D2L24MC7,2025-07-21
B0D2L24MC7,2025-08-18
B0D2L24MC7,2025-09-15
B0D2L24MC7,2025-10-13
B0D2L24MC7,2025-11-10
B0D2L24MC7,2025-12-08
B0D2L24MC7,2026-01-05
B0D2L24MC7,2026-02-02
B0D2L24MC7,2026-03-02
B0D2NXJD16,2025-04-28
B0D2NXJD16,2025-05-26
B0D2NXJD16,2025-06-23
B0D2NXJD16,2025-07-21
B0D2NXJD16,2025-08-18
B0D2NXJD16,2025-09-15
B0D2NXJD16,2025-10-13
B0D2NXJD16,2025-11-10
B0D2NXJD16,2025-12-08
B0D2NXJD16,2026-01-05
B0D2NXJD16,2026-02-02
B0D2NXJD16,2026-03-02
B0D2VYSJSF,2025-04-28
B0D2VYSJSF,2025-05-26
B0D2VYSJSF,2025-06-23
B0D2VYSJSF,2025-07-21
B0D2VYSJSF,2025-08-18
B0D2VYSJSF,2025-09-15
B0D2VYSJSF,2025-10-13
B0D2VYSJSF,2025-11-10
B0D2VYSJSF,2025-12-08
B0D2VYSJSF,2026-01-05
B0D2VYSJSF,2026-02-02
B0D2VYSJSF,2026-03-02
B0D2W776QW,2025-04-28
B0D2W776QW,2025-05-26
B0D2W776QW,2025-06-23
B0D2W776QW,2025-07-21
B0D2W776QW,2025-08-18
B0D2W776QW,2025-09-15
B0D2W776QW,2025-10-13
B0D2W776QW,2025-11-10
B0D2W776QW,2025-12-08
B0D2W776QW,2026-01-05
B0D2W776QW,2026-02-02
B0D2W776QW,2026-03-02
B0D2Y4LRFW,2025-04-28
B0D2Y4LRFW,2025-05-26
B0D2Y4LRFW,2025-06-23
B0D2Y4LRFW,2025-07-21
B0D2Y4LRFW,2025-08-18
B0D2Y4LRFW,2025-09-15
B0D2Y4LRFW,2025-10-13
B0D2Y4LRFW,2025-11-10
B0D2Y4LRFW,2025-12-08
B0D2Y4LRFW,2026-01-05
B0D2Y4LRFW,2026-02-02
B0D2Y4LRFW,2026-03-02
B0D2Y5C91N,2025-04-28
B0D2Y5C91N,2025-05-26
B0D2Y5C91N,2025-06-23
B0D2Y5C91N,2025-07-21
B0D2Y5C91N,2025-08-18
B0D2Y5C91N,2025-09-15
B0D2Y5C91N,2025-10-13
B0D2Y5C91N,2025-11-10
B0D2Y5C91N,2025-12-08
B0D2Y5C91N,2026-01-05
B0D2Y5C91N,2026-02-02
B0D2Y5C91N,2026-03-02
B0D33YHZBJ,2025-04-28
B0D33YHZBJ,2025-05-26
B0D33YHZBJ,2025-06-23
B0D33YHZBJ,2025-07-21
B0D33YHZBJ,2025-08-18
B0D33YHZBJ,2025-09-15
B0D33YHZBJ,2025-10-13
B0D33YHZBJ,2025-11-10
B0D33YHZBJ,2025-12-08
B0D33YHZBJ,2026-01-05
B0D33YHZBJ,2026-02-02
B0D33YHZBJ,2026-03-02
B0D33ZYFKJ,2025-04-28
B0D33ZYFKJ,2025-05-26
B0D33ZYFKJ,2025-06-23
B0D33ZYFKJ,2025-07-21
B0D33ZYFKJ,2025-08-18
B0D33ZYFKJ,2025-09-15
B0D33ZYFKJ,2025-10-13
B0D33ZYFKJ,2025-11-10
B0D33ZYFKJ,2025-12-08
B0D33ZYFKJ,2026-01-05
B0D33ZYFKJ,2026-02-02
B0D33ZYFKJ,2026-03-02
B0D3DCNR5D,2025-04-28
B0D3DCNR5D,2025-05-26
B0D3DCNR5D,2025-06-23
B0D3DCNR5D,2025-07-21
B0D3DCNR5D,2025-08-18
B0D3DCNR5D,2025-09-15
B0D3DCNR5D,2025-10-13
B0D3DCNR5D,2025-11-10
B0D3DCNR5D,2025-12-08
B0D3DCNR5D,2026-01-05
B0D3DCNR5D,2026-02-02
B0D3DCNR5D,2026-03-02
B0D3DCXC7K,2025-04-28
B0D3DCXC7K,2025-05-26
B0D3DCXC7K,2025-06-23
B0D3DCXC7K,2025-07-21
B0D3DCXC7K,2025-08-18
B0D3DCXC7K,2025-09-15
B0D3DCXC7K,2025-10-13
B0D3DCXC7K,2025-11-10
B0D3DCXC7K,2025-12-08
B0D3DCXC7K,2026-01-05
B0D3DCXC7K,2026-02-02
B0D3DCXC7K,2026-03-02
B0D3GD3R8Z,2025-04-28
B0D3GD3R8Z,2025-05-26
B0D3GD3R8Z,2025-06-23
B0D3GD3R8Z,2025-07-21
B0D3GD3R8Z,2025-08-18
B0D3GD3R8Z,2025-09-15
B0D3GD3R8Z,2025-10-13
B0D3GD3R8Z,2025-11-10
B0D3GD3R8Z,2025-12-08
B0D3GD3R8Z,2026-01-05
B0D3GD3R8Z,2026-02-02
B0D3GD3R8Z,2026-03-02
B0D3LZ13BN,2025-04-28
B0D3LZ13BN,2025-05-26
B0D3LZ13BN,2025-06-23
B0D3LZ13BN,2025-07-21
B0D3LZ13BN,2025-08-18
B0D3LZ13BN,2025-09-15
B0D3LZ13BN,2025-10-13
B0D3LZ13BN,2025-11-10
B0D3LZ13BN,2025-12-08
B0D3LZ13BN,2026-01-05
B0D3LZ13BN,2026-02-02
B0D3LZ13BN,2026-03-02
B0D3WRPS5L,2025-04-28
B0D3WRPS5L,2025-05-26
B0D3WRPS5L,2025-06-23
B0D3WRPS5L,2025-07-21
B0D3WRPS5L,2025-08-18
B0D3WRPS5L,2025-09-15
B0D3WRPS5L,2025-10-13
B0D3WRPS5L,2025-11-10
B0D3WRPS5L,2025-12-08
B0D3WRPS5L,2026-01-05
B0D3WRPS5L,2026-02-02
B0D3WRPS5L,2026-03-02
B0D41RG77D,2025-04-28
B0D41RG77D,2025-05-26
B0D41RG77D,2025-06-23
B0D41RG77D,2025-07-21
B0D41RG77D,2025-08-18
B0D41RG77D,2025-09-15
B0D41RG77D,2025-10-13
B0D41RG77D,2025-11-10
B0D41RG77D,2025-12-08
B0D41RG77D,2026-01-05
B0D41RG77D,2026-02-02
B0D41RG77D,2026-03-02
B0D41SJ78J,2025-04-28
B0D41SJ78J,2025-05-26
B0D41SJ78J,2025-06-23
B0D41SJ78J,2025-07-21
B0D41SJ78J,2025-08-18
B0D41SJ78J,2025-09-15
B0D41SJ78J,2025-10-13
B0D41SJ78J,2025-11-10
B0D41SJ78J,2025-12-08
B0D41SJ78J,2026-01-05
B0D41SJ78J,2026-02-02
B0D41SJ78J,2026-03-02
B0D44YXH7S,2025-04-28
B0D44YXH7S,2025-05-26
B0D44YXH7S,2025-06-23
B0D44YXH7S,2025-07-21
B0D44YXH7S,2025-08-18
B0D44YXH7S,2025-09-15
B0D44YXH7S,2025-10-13
B0D44YXH7S,2025-11-10
B0D44YXH7S,2025-12-08
B0D44YXH7S,2026-01-05
B0D44YXH7S,2026-02-02
B0D44YXH7S,2026-03-02
B0D4D8G3RH,2025-04-28
B0D4D8G3RH,2025-05-26
B0D4D8G3RH,2025-06-23
B0D4D8G3RH,2025-07-21
B0D4D8G3RH,2025-08-18
B0D4D8G3RH,2025-09-15
B0D4D8G3RH,2025-10-13
B0D4D8G3RH,2025-11-10
B0D4D8G3RH,2025-12-08
B0D4D8G3RH,2026-01-05
B0D4D8G3RH,2026-02-02
B0D4D8G3RH,2026-03-02
B0D4DMKLGS,2025-04-28
B0D4DMKLGS,2025-05-26
B0D4DMKLGS,2025-06-23
B0D4DMKLGS,2025-07-21
B0D4DMKLGS,2025-08-18
B0D4DMKLGS,2025-09-15
B0D4DMKLGS,2025-10-13
B0D4DMKLGS,2025-11-10
B0D4DMKLGS,2025-12-08
B0D4DMKLGS,2026-01-05
B0D4DMKLGS,2026-02-02
B0D4DMKLGS,2026-03-02
B0D4DQTHVZ,2025-04-28
B0D4DQTHVZ,2025-05-26
B0D4DQTHVZ,2025-06-23
B0D4DQTHVZ,2025-07-21
B0D4DQTHVZ,2025-08-18
B0D4DQTHVZ,2025-09-15
B0D4DQTHVZ,2025-10-13
B0D4DQTHVZ,2025-11-10
B0D4DQTHVZ,2025-12-08
B0D4DQTHVZ,2026-01-05
B0D4DQTHVZ,2026-02-02
B0D4DQTHVZ,2026-03-02
B0D4PZX3RY,2025-04-28
B0D4PZX3RY,2025-05-26
B0D4PZX3RY,2025-06-23
B0D4PZX3RY,2025-07-21
B0D4PZX3RY,2025-08-18
B0D4PZX3RY,2025-09-15
B0D4PZX3RY,2025-10-13
B0D4PZX3RY,2025-11-10
B0D4PZX3RY,2025-12-08
B0D4PZX3RY,2026-01-05
B0D4PZX3RY,2026-02-02
B0D4PZX3RY,2026-03-02
B0D4VCV2GM,2025-04-28
B0D4VCV2GM,2025-05-26
B0D4VCV2GM,2025-06-23
B0D4VCV2GM,2025-07-21
B0D4VCV2GM,2025-08-18
B0D4VCV2GM,2025-09-15
B0D4VCV2GM,2025-10-13
B0D4VCV2GM,2025-11-10
B0D4VCV2GM,2025-12-08
B0D4VCV2GM,2026-01-05
B0D4VCV2GM,2026-02-02
B0D4VCV2GM,2026-03-02
B0D4VDF17W,2025-04-28
B0D4VDF17W,2025-05-26
B0D4VDF17W,2025-06-23
B0D4VDF17W,2025-07-21
B0D4VDF17W,2025-08-18
B0D4VDF17W,2025-09-15
B0D4VDF17W,2025-10-13
B0D4VDF17W,2025-11-10
B0D4VDF17W,2025-12-08
B0D4VDF17W,2026-01-05
B0D4VDF17W,2026-02-02
B0D4VDF17W,2026-03-02
B0D4YB3982,2025-04-28
B0D4YB3982,2025-05-26
B0D4YB3982,2025-06-23
B0D4YB3982,2025-07-21
B0D4YB3982,2025-08-18
B0D4YB3982,2025-09-15
B0D4YB3982,2025-10-13
B0D4YB3982,2025-11-10
B0D4YB3982,2025-12-08
B0D4YB3982,2026-01-05
B0D4YB3982,2026-02-02
B0D4YB3982,2026-03-02
B0D537GGQ4,2025-04-28
B0D537GGQ4,2025-05-26
B0D537GGQ4,2025-06-23
B0D537GGQ4,2025-07-21
B0D537GGQ4,2025-08-18
B0D537GGQ4,2025-09-15
B0D537GGQ4,2025-10-13
B0D537GGQ4,2025-11-10
B0D537GGQ4,2025-12-08
B0D537GGQ4,2026-01-05
B0D537GGQ4,2026-02-02
B0D537GGQ4,2026-03-02
B0D53BGJ6S,2025-04-28
B0D53BGJ6S,2025-05-26
B0D53BGJ6S,2025-06-23
B0D53BGJ6S,2025-07-21
B0D53BGJ6S,2025-08-18
B0D53BGJ6S,2025-09-15
B0D53BGJ6S,2025-10-13
B0D53BGJ6S,2025-11-10
B0D53BGJ6S,2025-12-08
B0D53BGJ6S,2026-01-05
B0D53BGJ6S,2026-02-02
B0D53BGJ6S,2026-03-02
B0D5B7ZJS9,2025-04-28
B0D5B7ZJS9,2025-05-26
B0D5B7ZJS9,2025-06-23
B0D5B7ZJS9,2025-07-21
B0D5B7ZJS9,2025-08-18
B0D5B7ZJS9,2025-09-15
B0D5B7ZJS9,2025-10-13
B0D5B7ZJS9,2025-11-10
B0D5B7ZJS9,2025-12-08
B0D5B7ZJS9,2026-01-05
B0D5B7ZJS9,2026-02-02
B0D5B7ZJS9,2026-03-02
B0D5BCPTV4,2025-04-28
B0D5BCPTV4,2025-05-26
B0D5BCPTV4,2025-06-23
B0D5BCPTV4,2025-07-21
B0D5BCPTV4,2025-08-18
B0D5BCPTV4,2025-09-15
B0D5BCPTV4,2025-10-13
B0D5BCPTV4,2025-11-10
B0D5BCPTV4,2025-12-08
B0D5BCPTV4,2026-01-05
B0D5BCPTV4,2026-02-02
B0D5BCPTV4,2026-03-02
B0D5CVNYJR,2025-04-28
B0D5CVNYJR,2025-05-26
B0D5CVNYJR,2025-06-23
B0D5CVNYJR,2025-07-21
B0D5CVNYJR,2025-08-18
B0D5CVNYJR,2025-09-15
B0D5CVNYJR,2025-10-13
B0D5CVNYJR,2025-11-10
B0D5CVNYJR,2025-12-08
B0D5CVNYJR,2026-01-05
B0D5CVNYJR,2026-02-02
B0D5CVNYJR,2026-03-02
B0D5CWGTWY,2025-04-28
B0D5CWGTWY,2025-05-26
B0D5CWGTWY,2025-06-23
B0D5CWGTWY,2025-07-21
B0D5CWGTWY,2025-08-18
B0D5CWGTWY,2025-09-15
B0D5CWGTWY,2025-10-13
B0D5CWGTWY,2025-11-10
B0D5CWGTWY,2025-12-08
B0D5CWGTWY,2026-01-05
B0D5CWGTWY,2026-02-02
B0D5CWGTWY,2026-03-02
B0D5CYW1GM,2025-04-28
B0D5CYW1GM,2025-05-26
B0D5CYW1GM,2025-06-23
B0D5CYW1GM,2025-07-21
B0D5CYW1GM,2025-08-18
B0D5CYW1GM,2025-09-15
B0D5CYW1GM,2025-10-13
B0D5CYW1GM,2025-11-10
B0D5CYW1GM,2025-12-08
B0D5CYW1GM,2026-01-05
B0D5CYW1GM,2026-02-02
B0D5CYW1GM,2026-03-02
B0D5QRRM2Q,2025-04-28
B0D5QRRM2Q,2025-05-26
B0D5QRRM2Q,2025-06-23
B0D5QRRM2Q,2025-07-21
B0D5QRRM2Q,2025-08-18
B0D5QRRM2Q,2025-09-15
B0D5QRRM2Q,2025-10-13
B0D5QRRM2Q,2025-11-10
B0D5QRRM2Q,2025-12-08
B0D5QRRM2Q,2026-01-05
B0D5QRRM2Q,2026-02-02
B0D5QRRM2Q,2026-03-02
B0D62PRC2P,2025-04-28
B0D62PRC2P,2025-05-26
B0D62PRC2P,2025-06-23
B0D62PRC2P,2025-07-21
B0D62PRC2P,2025-08-18
B0D62PRC2P,2025-09-15
B0D62PRC2P,2025-10-13
B0D62PRC2P,2025-11-10
B0D62PRC2P,2025-12-08
B0D62PRC2P,2026-01-05
B0D62PRC2P,2026-02-02
B0D62PRC2P,2026-03-02
B0D62RCL6R,2025-04-28
B0D62RCL6R,2025-05-26
B0D62RCL6R,2025-06-23
B0D62RCL6R,2025-07-21
B0D62RCL6R,2025-08-18
B0D62RCL6R,2025-09-15
B0D62RCL6R,2025-10-13
B0D62RCL6R,2025-11-10
B0D62RCL6R,2025-12-08
B0D62RCL6R,2026-01-05
B0D62RCL6R,2026-02-02
B0D62RCL6R,2026-03-02
B0D62WHTFY,2025-04-28
B0D62WHTFY,2025-05-26
B0D62WHTFY,2025-06-23
B0D62WHTFY,2025-07-21
B0D62WHTFY,2025-08-18
B0D62WHTFY,2025-09-15
B0D62WHTFY,2025-10-13
B0D62WHTFY,2025-11-10
B0D62WHTFY,2025-12-08
B0D62WHTFY,2026-01-05
B0D62WHTFY,2026-02-02
B0D62WHTFY,2026-03-02
B0D722CGR2,2025-04-28
B0D722CGR2,2025-05-26
B0D722CGR2,2025-06-23
B0D722CGR2,2025-07-21
B0D722CGR2,2025-08-18
B0D722CGR2,2025-09-15
B0D722CGR2,2025-10-13
B0D722CGR2,2025-11-10
B0D722CGR2,2025-12-08
B0D722CGR2,2026-01-05
B0D722CGR2,2026-02-02
B0D722CGR2,2026-03-02
B0D726KPHN,2025-04-28
B0D726KPHN,2025-05-26
B0D726KPHN,2025-06-23
B0D726KPHN,2025-07-21
B0D726KPHN,2025-08-18
B0D726KPHN,2025-09-15
B0D726KPHN,2025-10-13
B0D726KPHN,2025-11-10
B0D726KPHN,2025-12-08
B0D726KPHN,2026-01-05
B0D726KPHN,2026-02-02
B0D726KPHN,2026-03-02
B0D7HD2H4Q,2025-04-28
B0D7HD2H4Q,2025-05-26
B0D7HD2H4Q,2025-06-23
B0D7HD2H4Q,2025-07-21
B0D7HD2H4Q,2025-08-18
B0D7HD2H4Q,2025-09-15
B0D7HD2H4Q,2025-10-13
B0D7HD2H4Q,2025-11-10
B0D7HD2H4Q,2025-12-08
B0D7HD2H4Q,2026-01-05
B0D7HD2H4Q,2026-02-02
B0D7HD2H4Q,2026-03-02
B0D7HG9KRS,2025-04-28
B0D7HG9KRS,2025-05-26
B0D7HG9KRS,2025-06-23
B0D7HG9KRS,2025-07-21
B0D7HG9KRS,2025-08-18
B0D7HG9KRS,2025-09-15
B0D7HG9KRS,2025-10-13
B0D7HG9KRS,2025-11-10
B0D7HG9KRS,2025-12-08
B0D7HG9KRS,2026-01-05
B0D7HG9KRS,2026-02-02
B0D7HG9KRS,2026-03-02
B0D7M6639G,2025-04-28
B0D7M6639G,2025-05-26
B0D7M6639G,2025-06-23
B0D7M6639G,2025-07-21
B0D7M6639G,2025-08-18
B0D7M6639G,2025-09-15
B0D7M6639G,2025-10-13
B0D7M6639G,2025-11-10
B0D7M6639G,2025-12-08
B0D7M6639G,2026-01-05
B0D7M6639G,2026-02-02
B0D7M6639G,2026-03-02
B0D7M6K7NY,2025-04-28
B0D7M6K7NY,2025-05-26
B0D7M6K7NY,2025-06-23
B0D7M6K7NY,2025-07-21
B0D7M6K7NY,2025-08-18
B0D7M6K7NY,2025-09-15
B0D7M6K7NY,2025-10-13
B0D7M6K7NY,2025-11-10
B0D7M6K7NY,2025-12-08
B0D7M6K7NY,2026-01-05
B0D7M6K7NY,2026-02-02
B0D7M6K7NY,2026-03-02
B0D7M7V859,2025-04-28
B0D7M7V859,2025-05-26
B0D7M7V859,2025-06-23
B0D7M7V859,2025-07-21
B0D7M7V859,2025-08-18
B0D7M7V859,2025-09-15
B0D7M7V859,2025-10-13
B0D7M7V859,2025-11-10
B0D7M7V859,2025-12-08
B0D7M7V859,2026-01-05
B0D7M7V859,2026-02-02
B0D7M7V859,2026-03-02
B0D7P7YQRM,2025-04-28
B0D7P7YQRM,2025-05-26
B0D7P7YQRM,2025-06-23
B0D7P7YQRM,2025-07-21
B0D7P7YQRM,2025-08-18
B0D7P7YQRM,2025-09-15
B0D7P7YQRM,2025-10-13
B0D7P7YQRM,2025-11-10
B0D7P7YQRM,2025-12-08
B0D7P7YQRM,2026-01-05
B0D7P7YQRM,2026-02-02
B0D7P7YQRM,2026-03-02
B0D8358P37,2025-04-28
B0D8358P37,2025-05-26
B0D8358P37,2025-06-23
B0D8358P37,2025-07-21
B0D8358P37,2025-08-18
B0D8358P37,2025-09-15
B0D8358P37,2025-10-13
B0D8358P37,2025-11-10
B0D8358P37,2025-12-08
B0D8358P37,2026-01-05
B0D8358P37,2026-02-02
B0D8358P37,2026-03-02
B0D8HW5VV2,2025-04-28
B0D8HW5VV2,2025-05-26
B0D8HW5VV2,2025-06-23
B0D8HW5VV2,2025-07-21
B0D8HW5VV2,2025-08-18
B0D8HW5VV2,2025-09-15
B0D8HW5VV2,2025-10-13
B0D8HW5VV2,2025-11-10
B0D8HW5VV2,2025-12-08
B0D8HW5VV2,2026-01-05
B0D8HW5VV2,2026-02-02
B0D8HW5VV2,2026-03-02
B0D8PRNWW6,2025-04-28
B0D8PRNWW6,2025-05-26
B0D8PRNWW6,2025-06-23
B0D8PRNWW6,2025-07-21
B0D8PRNWW6,2025-08-18
B0D8PRNWW6,2025-09-15
B0D8PRNWW6,2025-10-13
B0D8PRNWW6,2025-11-10
B0D8PRNWW6,2025-12-08
B0D8PRNWW6,2026-01-05
B0D8PRNWW6,2026-02-02
B0D8PRNWW6,2026-03-02
B0D8PRYRX5,2025-04-28
B0D8PRYRX5,2025-05-26
B0D8PRYRX5,2025-06-23
B0D8PRYRX5,2025-07-21
B0D8PRYRX5,2025-08-18
B0D8PRYRX5,2025-09-15
B0D8PRYRX5,2025-10-13
B0D8PRYRX5,2025-11-10
B0D8PRYRX5,2025-12-08
B0D8PRYRX5,2026-01-05
B0D8PRYRX5,2026-02-02
B0D8PRYRX5,2026-03-02
B0D8Q4GXDD,2025-04-28
B0D8Q4GXDD,2025-05-26
B0D8Q4GXDD,2025-06-23
B0D8Q4GXDD,2025-07-21
B0D8Q4GXDD,2025-08-18
B0D8Q4GXDD,2025-09-15
B0D8Q4GXDD,2025-10-13
B0D8Q4GXDD,2025-11-10
B0D8Q4GXDD,2025-12-08
B0D8Q4GXDD,2026-01-05
B0D8Q4GXDD,2026-02-02
B0D8Q4GXDD,2026-03-02
B0D8Q4KPT7,2025-04-28
B0D8Q4KPT7,2025-05-26
B0D8Q4KPT7,2025-06-23
B0D8Q4KPT7,2025-07-21
B0D8Q4KPT7,2025-08-18
B0D8Q4KPT7,2025-09-15
B0D8Q4KPT7,2025-10-13
B0D8Q4KPT7,2025-11-10
B0D8Q4KPT7,2025-12-08
B0D8Q4KPT7,2026-01-05
B0D8Q4KPT7,2026-02-02
B0D8Q4KPT7,2026-03-02
B0D8Q7RLQY,2025-04-28
B0D8Q7RLQY,2025-05-26
B0D8Q7RLQY,2025-06-23
B0D8Q7RLQY,2025-07-21
B0D8Q7RLQY,2025-08-18
B0D8Q7RLQY,2025-09-15
B0D8Q7RLQY,2025-10-13
B0D8Q7RLQY,2025-11-10
B0D8Q7RLQY,2025-12-08
B0D8Q7RLQY,2026-01-05
B0D8Q7RLQY,2026-02-02
B0D8Q7RLQY,2026-03-02
B0D93BVXR5,2025-04-28
B0D93BVXR5,2025-05-26
B0D93BVXR5,2025-06-23
B0D93BVXR5,2025-07-21
B0D93BVXR5,2025-08-18
B0D93BVXR5,2025-09-15
B0D93BVXR5,2025-10-13
B0D93BVXR5,2025-11-10
B0D93BVXR5,2025-12-08
B0D93BVXR5,2026-01-05
B0D93BVXR5,2026-02-02
B0D93BVXR5,2026-03-02
B0D93C4N3W,2025-04-28
B0D93C4N3W,2025-05-26
B0D93C4N3W,2025-06-23
B0D93C4N3W,2025-07-21
B0D93C4N3W,2025-08-18
B0D93C4N3W,2025-09-15
B0D93C4N3W,2025-10-13
B0D93C4N3W,2025-11-10
B0D93C4N3W,2025-12-08
B0D93C4N3W,2026-01-05
B0D93C4N3W,2026-02-02
B0D93C4N3W,2026-03-02
B0D93CCCR7,2025-04-28
B0D93CCCR7,2025-05-26
B0D93CCCR7,2025-06-23
B0D93CCCR7,2025-07-21
B0D93CCCR7,2025-08-18
B0D93CCCR7,2025-09-15
B0D93CCCR7,2025-10-13
B0D93CCCR7,2025-11-10
B0D93CCCR7,2025-12-08
B0D93CCCR7,2026-01-05
B0D93CCCR7,2026-02-02
B0D93CCCR7,2026-03-02
B0D97YPV9Q,2025-04-28
B0D97YPV9Q,2025-05-26
B0D97YPV9Q,2025-06-23
B0D97YPV9Q,2025-07-21
B0D97YPV9Q,2025-08-18
B0D97YPV9Q,2025-09-15
B0D97YPV9Q,2025-10-13
B0D97YPV9Q,2025-11-10
B0D97YPV9Q,2025-12-08
B0D97YPV9Q,2026-01-05
B0D97YPV9Q,2026-02-02
B0D97YPV9Q,2026-03-02
B0D97ZS8HK,2025-04-28
B0D97ZS8HK,2025-05-26
B0D97ZS8HK,2025-06-23
B0D97ZS8HK,2025-07-21
B0D97ZS8HK,2025-08-18
B0D97ZS8HK,2025-09-15
B0D97ZS8HK,2025-10-13
B0D97ZS8HK,2025-11-10
B0D97ZS8HK,2025-12-08
B0D97ZS8HK,2026-01-05
B0D97ZS8HK,2026-02-02
B0D97ZS8HK,2026-03-02
B0D9815M5B,2025-04-28
B0D9815M5B,2025-05-26
B0D9815M5B,2025-06-23
B0D9815M5B,2025-07-21
B0D9815M5B,2025-08-18
B0D9815M5B,2025-09-15
B0D9815M5B,2025-10-13
B0D9815M5B,2025-11-10
B0D9815M5B,2025-12-08
B0D9815M5B,2026-01-05
B0D9815M5B,2026-02-02
B0D9815M5B,2026-03-02
B0D9G7B6KB,2025-04-28
B0D9G7B6KB,2025-05-26
B0D9G7B6KB,2025-06-23
B0D9G7B6KB,2025-07-21
B0D9G7B6KB,2025-08-18
B0D9G7B6KB,2025-09-15
B0D9G7B6KB,2025-10-13
B0D9G7B6KB,2025-11-10
B0D9G7B6KB,2025-12-08
B0D9G7B6KB,2026-01-05
B0D9G7B6KB,2026-02-02
B0D9G7B6KB,2026-03-02
B0D9G8BZ5X,2025-04-28
B0D9G8BZ5X,2025-05-26
B0D9G8BZ5X,2025-06-23
B0D9G8BZ5X,2025-07-21
B0D9G8BZ5X,2025-08-18
B0D9G8BZ5X,2025-09-15
B0D9G8BZ5X,2025-10-13
B0D9G8BZ5X,2025-11-10
B0D9G8BZ5X,2025-12-08
B0D9G8BZ5X,2026-01-05
B0D9G8BZ5X,2026-02-02
B0D9G8BZ5X,2026-03-02
B0D9G8J5JZ,2025-04-28
B0D9G8J5JZ,2025-05-26
B0D9G8J5JZ,2025-06-23
B0D9G8J5JZ,2025-07-21
B0D9G8J5JZ,2025-08-18
B0D9G8J5JZ,2025-09-15
B0D9G8J5JZ,2025-10-13
B0D9G8J5JZ,2025-11-10
B0D9G8J5JZ,2025-12-08
B0D9G8J5JZ,2026-01-05
B0D9G8J5JZ,2026-02-02
B0D9G8J5JZ,2026-03-02
B0D9GZHVSR,2025-04-28
B0D9GZHVSR,2025-05-26
B0D9GZHVSR,2025-06-23
B0D9GZHVSR,2025-07-21
B0D9GZHVSR,2025-08-18
B0D9GZHVSR,2025-09-15
B0D9GZHVSR,2025-10-13
B0D9GZHVSR,2025-11-10
B0D9GZHVSR,2025-12-08
B0D9GZHVSR,2026-01-05
B0D9GZHVSR,2026-02-02
B0D9GZHVSR,2026-03-02
B0D9MKGWVB,2025-04-28
B0D9MKGWVB,2025-05-26
B0D9MKGWVB,2025-06-23
B0D9MKGWVB,2025-07-21
B0D9MKGWVB,2025-08-18
B0D9MKGWVB,2025-09-15
B0D9MKGWVB,2025-10-13
B0D9MKGWVB,2025-11-10
B0D9MKGWVB,2025-12-08
B0D9MKGWVB,2026-01-05
B0D9MKGWVB,2026-02-02
B0D9MKGWVB,2026-03-02
B0D9NRMBHD,2025-04-28
B0D9NRMBHD,2025-05-26
B0D9NRMBHD,2025-06-23
B0D9NRMBHD,2025-07-21
B0D9NRMBHD,2025-08-18
B0D9NRMBHD,2025-09-15
B0D9NRMBHD,2025-10-13
B0D9NRMBHD,2025-11-10
B0D9NRMBHD,2025-12-08
B0D9NRMBHD,2026-01-05
B0D9NRMBHD,2026-02-02
B0D9NRMBHD,2026-03-02
B0D9NSRWHF,2025-04-28
B0D9NSRWHF,2025-05-26
B0D9NSRWHF,2025-06-23
B0D9NSRWHF,2025-07-21
B0D9NSRWHF,2025-08-18
B0D9NSRWHF,2025-09-15
B0D9NSRWHF,2025-10-13
B0D9NSRWHF,2025-11-10
B0D9NSRWHF,2025-12-08
B0D9NSRWHF,2026-01-05
B0D9NSRWHF,2026-02-02
B0D9NSRWHF,2026-03-02
B0D9NSW6SF,2025-04-28
B0D9NSW6SF,2025-05-26
B0D9NSW6SF,2025-06-23
B0D9NSW6SF,2025-07-21
B0D9NSW6SF,2025-08-18
B0D9NSW6SF,2025-09-15
B0D9NSW6SF,2025-10-13
B0D9NSW6SF,2025-11-10
B0D9NSW6SF,2025-12-08
B0D9NSW6SF,2026-01-05
B0D9NSW6SF,2026-02-02
B0D9NSW6SF,2026-03-02
B0D9NXN9HM,2025-04-28
B0D9NXN9HM,2025-05-26
B0D9NXN9HM,2025-06-23
B0D9NXN9HM,2025-07-21
B0D9NXN9HM,2025-08-18
B0D9NXN9HM,2025-09-15
B0D9NXN9HM,2025-10-13
B0D9NXN9HM,2025-11-10
B0D9NXN9HM,2025-12-08
B0D9NXN9HM,2026-01-05
B0D9NXN9HM,2026-02-02
B0D9NXN9HM,2026-03-02
B0D9NYTT5G,2025-04-28
B0D9NYTT5G,2025-05-26
B0D9NYTT5G,2025-06-23
B0D9NYTT5G,2025-07-21
B0D9NYTT5G,2025-08-18
B0D9NYTT5G,2025-09-15
B0D9NYTT5G,2025-10-13
B0D9NYTT5G,2025-11-10
B0D9NYTT5G,2025-12-08
B0D9NYTT5G,2026-01-05
B0D9NYTT5G,2026-02-02
B0D9NYTT5G,2026-03-02
B0DB5PXP96,2025-04-28
B0DB5PXP96,2025-05-26
B0DB5PXP96,2025-06-23
B0DB5PXP96,2025-07-21
B0DB5PXP96,2025-08-18
B0DB5PXP96,2025-09-15
B0DB5PXP96,2025-10-13
B0DB5PXP96,2025-11-10
B0DB5PXP96,2025-12-08
B0DB5PXP96,2026-01-05
B0DB5PXP96,2026-02-02
B0DB5PXP96,2026-03-02
B0DBD8QHHN,2025-04-28
B0DBD8QHHN,2025-05-26
B0DBD8QHHN,2025-06-23
B0DBD8QHHN,2025-07-21
B0DBD8QHHN,2025-08-18
B0DBD8QHHN,2025-09-15
B0DBD8QHHN,2025-10-13
B0DBD8QHHN,2025-11-10
B0DBD8QHHN,2025-12-08
B0DBD8QHHN,2026-01-05
B0DBD8QHHN,2026-02-02
B0DBD8QHHN,2026-03-02
B0DBHH166P,2025-04-28
B0DBHH166P,2025-05-26
B0DBHH166P,2025-06-23
B0DBHH166P,2025-07-21
B0DBHH166P,2025-08-18
B0DBHH166P,2025-09-15
B0DBHH166P,2025-10-13
B0DBHH166P,2025-11-10
B0DBHH166P,2025-12-08
B0DBHH166P,2026-01-05
B0DBHH166P,2026-02-02
B0DBHH166P,2026-03-02
B0DBHVQ5M8,2025-04-28
B0DBHVQ5M8,2025-05-26
B0DBHVQ5M8,2025-06-23
B0DBHVQ5M8,2025-07-21
B0DBHVQ5M8,2025-08-18
B0DBHVQ5M8,2025-09-15
B0DBHVQ5M8,2025-10-13
B0DBHVQ5M8,2025-11-10
B0DBHVQ5M8,2025-12-08
B0DBHVQ5M8,2026-01-05
B0DBHVQ5M8,2026-02-02
B0DBHVQ5M8,2026-03-02
B0DBLC9BNJ,2025-04-28
B0DBLC9BNJ,2025-05-26
B0DBLC9BNJ,2025-06-23
B0DBLC9BNJ,2025-07-21
B0DBLC9BNJ,2025-08-18
B0DBLC9BNJ,2025-09-15
B0DBLC9BNJ,2025-10-13
B0DBLC9BNJ,2025-11-10
B0DBLC9BNJ,2025-12-08
B0DBLC9BNJ,2026-01-05
B0DBLC9BNJ,2026-02-02
B0DBLC9BNJ,2026-03-02
B0DBLGWCGS,2025-04-28
B0DBLGWCGS,2025-05-26
B0DBLGWCGS,2025-06-23
B0DBLGWCGS,2025-07-21
B0DBLGWCGS,2025-08-18
B0DBLGWCGS,2025-09-15
B0DBLGWCGS,2025-10-13
B0DBLGWCGS,2025-11-10
B0DBLGWCGS,2025-12-08
B0DBLGWCGS,2026-01-05
B0DBLGWCGS,2026-02-02
B0DBLGWCGS,2026-03-02
B0DBYVM56M,2025-04-28
B0DBYVM56M,2025-05-26
B0DBYVM56M,2025-06-23
B0DBYVM56M,2025-07-21
B0DBYVM56M,2025-08-18
B0DBYVM56M,2025-09-15
B0DBYVM56M,2025-10-13
B0DBYVM56M,2025-11-10
B0DBYVM56M,2025-12-08
B0DBYVM56M,2026-01-05
B0DBYVM56M,2026-02-02
B0DBYVM56M,2026-03-02
B0DBYVVM29,2025-04-28
B0DBYVVM29,2025-05-26
B0DBYVVM29,2025-06-23
B0DBYVVM29,2025-07-21
B0DBYVVM29,2025-08-18
B0DBYVVM29,2025-09-15
B0DBYVVM29,2025-10-13
B0DBYVVM29,2025-11-10
B0DBYVVM29,2025-12-08
B0DBYVVM29,2026-01-05
B0DBYVVM29,2026-02-02
B0DBYVVM29,2026-03-02
B0DBZ1LFZC,2025-04-28
B0DBZ1LFZC,2025-05-26
B0DBZ1LFZC,2025-06-23
B0DBZ1LFZC,2025-07-21
B0DBZ1LFZC,2025-08-18
B0DBZ1LFZC,2025-09-15
B0DBZ1LFZC,2025-10-13
B0DBZ1LFZC,2025-11-10
B0DBZ1LFZC,2025-12-08
B0DBZ1LFZC,2026-01-05
B0DBZ1LFZC,2026-02-02
B0DBZ1LFZC,2026-03-02
B0DBZ8HSZX,2025-04-28
B0DBZ8HSZX,2025-05-26
B0DBZ8HSZX,2025-06-23
B0DBZ8HSZX,2025-07-21
B0DBZ8HSZX,2025-08-18
B0DBZ8HSZX,2025-09-15
B0DBZ8HSZX,2025-10-13
B0DBZ8HSZX,2025-11-10
B0DBZ8HSZX,2025-12-08
B0DBZ8HSZX,2026-01-05
B0DBZ8HSZX,2026-02-02
B0DBZ8HSZX,2026-03-02
B0DC51MSMF,2025-04-28
B0DC51MSMF,2025-05-26
B0DC51MSMF,2025-06-23
B0DC51MSMF,2025-07-21
B0DC51MSMF,2025-08-18
B0DC51MSMF,2025-09-15
B0DC51MSMF,2025-10-13
B0DC51MSMF,2025-11-10
B0DC51MSMF,2025-12-08
B0DC51MSMF,2026-01-05
B0DC51MSMF,2026-02-02
B0DC51MSMF,2026-03-02
B0DC51PF8S,2025-04-28
B0DC51PF8S,2025-05-26
B0DC51PF8S,2025-06-23
B0DC51PF8S,2025-07-21
B0DC51PF8S,2025-08-18
B0DC51PF8S,2025-09-15
B0DC51PF8S,2025-10-13
B0DC51PF8S,2025-11-10
B0DC51PF8S,2025-12-08
B0DC51PF8S,2026-01-05
B0DC51PF8S,2026-02-02
B0DC51PF8S,2026-03-02
B0DCVX3KC7,2025-04-28
B0DCVX3KC7,2025-05-26
B0DCVX3KC7,2025-06-23
B0DCVX3KC7,2025-07-21
B0DCVX3KC7,2025-08-18
B0DCVX3KC7,2025-09-15
B0DCVX3KC7,2025-10-13
B0DCVX3KC7,2025-11-10
B0DCVX3KC7,2025-12-08
B0DCVX3KC7,2026-01-05
B0DCVX3KC7,2026-02-02
B0DCVX3KC7,2026-03-02
B0DD2VT4P5,2025-04-28
B0DD2VT4P5,2025-05-26
B0DD2VT4P5,2025-06-23
B0DD2VT4P5,2025-07-21
B0DD2VT4P5,2025-08-18
B0DD2VT4P5,2025-09-15
B0DD2VT4P5,2025-10-13
B0DD2VT4P5,2025-11-10
B0DD2VT4P5,2025-12-08
B0DD2VT4P5,2026-01-05
B0DD2VT4P5,2026-02-02
B0DD2VT4P5,2026-03-02
B0DD6L84T5,2025-04-28
B0DD6L84T5,2025-05-26
B0DD6L84T5,2025-06-23
B0DD6L84T5,2025-07-21
B0DD6L84T5,2025-08-18
B0DD6L84T5,2025-09-15
B0DD6L84T5,2025-10-13
B0DD6L84T5,2025-11-10
B0DD6L84T5,2025-12-08
B0DD6L84T5,2026-01-05
B0DD6L84T5,2026-02-02
B0DD6L84T5,2026-03-02
B0DD738BM9,2025-04-28
B0DD738BM9,2025-05-26
B0DD738BM9,2025-06-23
B0DD738BM9,2025-07-21
B0DD738BM9,2025-08-18
B0DD738BM9,2025-09-15
B0DD738BM9,2025-10-13
B0DD738BM9,2025-11-10
B0DD738BM9,2025-12-08
B0DD738BM9,2026-01-05
B0DD738BM9,2026-02-02
B0DD738BM9,2026-03-02
B0DDC9XCMF,2025-04-28
B0DDC9XCMF,2025-05-26
B0DDC9XCMF,2025-06-23
B0DDC9XCMF,2025-07-21
B0DDC9XCMF,2025-08-18
B0DDC9XCMF,2025-09-15
B0DDC9XCMF,2025-10-13
B0DDC9XCMF,2025-11-10
B0DDC9XCMF,2025-12-08
B0DDC9XCMF,2026-01-05
B0DDC9XCMF,2026-02-02
B0DDC9XCMF,2026-03-02
B0DDPHFM36,2025-04-28
B0DDPHFM36,2025-05-26
B0DDPHFM36,2025-06-23
B0DDPHFM36,2025-07-21
B0DDPHFM36,2025-08-18
B0DDPHFM36,2025-09-15
B0DDPHFM36,2025-10-13
B0DDPHFM36,2025-11-10
B0DDPHFM36,2025-12-08
B0DDPHFM36,2026-01-05
B0DDPHFM36,2026-02-02
B0DDPHFM36,2026-03-02
B0DFLS15JR,2025-04-28
B0DFLS15JR,2025-05-26
B0DFLS15JR,2025-06-23
B0DFLS15JR,2025-07-21
B0DFLS15JR,2025-08-18
B0DFLS15JR,2025-09-15
B0DFLS15JR,2025-10-13
B0DFLS15JR,2025-11-10
B0DFLS15JR,2025-12-08
B0DFLS15JR,2026-01-05
B0DFLS15JR,2026-02-02
B0DFLS15JR,2026-03-02
B0DFWCCQW1,2025-04-28
B0DFWCCQW1,2025-05-26
B0DFWCCQW1,2025-06-23
B0DFWCCQW1,2025-07-21
B0DFWCCQW1,2025-08-18
B0DFWCCQW1,2025-09-15
B0DFWCCQW1,2025-10-13
B0DFWCCQW1,2025-11-10
B0DFWCCQW1,2025-12-08
B0DFWCCQW1,2026-01-05
B0DFWCCQW1,2026-02-02
B0DFWCCQW1,2026-03-02
B0DFYKHHLY,2025-04-28
B0DFYKHHLY,2025-05-26
B0DFYKHHLY,2025-06-23
B0DFYKHHLY,2025-07-21
B0DFYKHHLY,2025-08-18
B0DFYKHHLY,2025-09-15
B0DFYKHHLY,2025-10-13
B0DFYKHHLY,2025-11-10
B0DFYKHHLY,2025-12-08
B0DFYKHHLY,2026-01-05
B0DFYKHHLY,2026-02-02
B0DFYKHHLY,2026-03-02
B0DFYLZ3QV,2025-04-28
B0DFYLZ3QV,2025-05-26
B0DFYLZ3QV,2025-06-23
B0DFYLZ3QV,2025-07-21
B0DFYLZ3QV,2025-08-18
B0DFYLZ3QV,2025-09-15
B0DFYLZ3QV,2025-10-13
B0DFYLZ3QV,2025-11-10
B0DFYLZ3QV,2025-12-08
B0DFYLZ3QV,2026-01-05
B0DFYLZ3QV,2026-02-02
B0DFYLZ3QV,2026-03-02
B0DG4RP697,2025-04-28
B0DG4RP697,2025-05-26
B0DG4RP697,2025-06-23
B0DG4RP697,2025-07-21
B0DG4RP697,2025-08-18
B0DG4RP697,2025-09-15
B0DG4RP697,2025-10-13
B0DG4RP697,2025-11-10
B0DG4RP697,2025-12-08
B0DG4RP697,2026-01-05
B0DG4RP697,2026-02-02
B0DG4RP697,2026-03-02
B0DG4T3Y9Y,2025-04-28
B0DG4T3Y9Y,2025-05-26
B0DG4T3Y9Y,2025-06-23
B0DG4T3Y9Y,2025-07-21
B0DG4T3Y9Y,2025-08-18
B0DG4T3Y9Y,2025-09-15
B0DG4T3Y9Y,2025-10-13
B0DG4T3Y9Y,2025-11-10
B0DG4T3Y9Y,2025-12-08
B0DG4T3Y9Y,2026-01-05
B0DG4T3Y9Y,2026-02-02
B0DG4T3Y9Y,2026-03-02
B0DG4VK9JZ,2025-04-28
B0DG4VK9JZ,2025-05-26
B0DG4VK9JZ,2025-06-23
B0DG4VK9JZ,2025-07-21
B0DG4VK9JZ,2025-08-18
B0DG4VK9JZ,2025-09-15
B0DG4VK9JZ,2025-10-13
B0DG4VK9JZ,2025-11-10
B0DG4VK9JZ,2025-12-08
B0DG4VK9JZ,2026-01-05
B0DG4VK9JZ,2026-02-02
B0DG4VK9JZ,2026-03-02
B0DG4VWZ3J,2025-04-28
B0DG4VWZ3J,2025-05-26
B0DG4VWZ3J,2025-06-23
B0DG4VWZ3J,2025-07-21
B0DG4VWZ3J,2025-08-18
B0DG4VWZ3J,2025-09-15
B0DG4VWZ3J,2025-10-13
B0DG4VWZ3J,2025-11-10
B0DG4VWZ3J,2025-12-08
B0DG4VWZ3J,2026-01-05
B0DG4VWZ3J,2026-02-02
B0DG4VWZ3J,2026-03-02
B0DGG6Z8S5,2025-04-28
B0DGG6Z8S5,2025-05-26
B0DGG6Z8S5,2025-06-23
B0DGG6Z8S5,2025-07-21
B0DGG6Z8S5,2025-08-18
B0DGG6Z8S5,2025-09-15
B0DGG6Z8S5,2025-10-13
B0DGG6Z8S5,2025-11-10
B0DGG6Z8S5,2025-12-08
B0DGG6Z8S5,2026-01-05
B0DGG6Z8S5,2026-02-02
B0DGG6Z8S5,2026-03-02
B0DGPY4SNN,2025-04-28
B0DGPY4SNN,2025-05-26
B0DGPY4SNN,2025-06-23
B0DGPY4SNN,2025-07-21
B0DGPY4SNN,2025-08-18
B0DGPY4SNN,2025-09-15
B0DGPY4SNN,2025-10-13
B0DGPY4SNN,2025-11-10
B0DGPY4SNN,2025-12-08
B0DGPY4SNN,2026-01-05
B0DGPY4SNN,2026-02-02
B0DGPY4SNN,2026-03-02
B0DH28CDYK,2025-04-28
B0DH28CDYK,2025-05-26
B0DH28CDYK,2025-06-23
B0DH28CDYK,2025-07-21
B0DH28CDYK,2025-08-18
B0DH28CDYK,2025-09-15
B0DH28CDYK,2025-10-13
B0DH28CDYK,2025-11-10
B0DH28CDYK,2025-12-08
B0DH28CDYK,2026-01-05
B0DH28CDYK,2026-02-02
B0DH28CDYK,2026-03-02
B0DH28F24Q,2025-04-28
B0DH28F24Q,2025-05-26
B0DH28F24Q,2025-06-23
B0DH28F24Q,2025-07-21
B0DH28F24Q,2025-08-18
B0DH28F24Q,2025-09-15
B0DH28F24Q,2025-10-13
B0DH28F24Q,2025-11-10
B0DH28F24Q,2025-12-08
B0DH28F24Q,2026-01-05
B0DH28F24Q,2026-02-02
B0DH28F24Q,2026-03-02
B0DH292F5D,2025-04-28
B0DH292F5D,2025-05-26
B0DH292F5D,2025-06-23
B0DH292F5D,2025-07-21
B0DH292F5D,2025-08-18
B0DH292F5D,2025-09-15
B0DH292F5D,2025-10-13
B0DH292F5D,2025-11-10
B0DH292F5D,2025-12-08
B0DH292F5D,2026-01-05
B0DH292F5D,2026-02-02
B0DH292F5D,2026-03-02
B0DH29S976,2025-04-28
B0DH29S976,2025-05-26
B0DH29S976,2025-06-23
B0DH29S976,2025-07-21
B0DH29S976,2025-08-18
B0DH29S976,2025-09-15
B0DH29S976,2025-10-13
B0DH29S976,2025-11-10
B0DH29S976,2025-12-08
B0DH29S976,2026-01-05
B0DH29S976,2026-02-02
B0DH29S976,2026-03-02
B0DHCPTBJR,2025-04-28
B0DHCPTBJR,2025-05-26
B0DHCPTBJR,2025-06-23
B0DHCPTBJR,2025-07-21
B0DHCPTBJR,2025-08-18
B0DHCPTBJR,2025-09-15
B0DHCPTBJR,2025-10-13
B0DHCPTBJR,2025-11-10
B0DHCPTBJR,2025-12-08
B0DHCPTBJR,2026-01-05
B0DHCPTBJR,2026-02-02
B0DHCPTBJR,2026-03-02
B0DHCRB2PQ,2025-04-28
B0DHCRB2PQ,2025-05-26
B0DHCRB2PQ,2025-06-23
B0DHCRB2PQ,2025-07-21
B0DHCRB2PQ,2025-08-18
B0DHCRB2PQ,2025-09-15
B0DHCRB2PQ,2025-10-13
B0DHCRB2PQ,2025-11-10
B0DHCRB2PQ,2025-12-08
B0DHCRB2PQ,2026-01-05
B0DHCRB2PQ,2026-02-02
B0DHCRB2PQ,2026-03-02
B0DHK36LG3,2025-04-28
B0DHK36LG3,2025-05-26
B0DHK36LG3,2025-06-23
B0DHK36LG3,2025-07-21
B0DHK36LG3,2025-08-18
B0DHK36LG3,2025-09-15
B0DHK36LG3,2025-10-13
B0DHK36LG3,2025-11-10
B0DHK36LG3,2025-12-08
B0DHK36LG3,2026-01-05
B0DHK36LG3,2026-02-02
B0DHK36LG3,2026-03-02
B0DHVJW771,2025-04-28
B0DHVJW771,2025-05-26
B0DHVJW771,2025-06-23
B0DHVJW771,2025-07-21
B0DHVJW771,2025-08-18
B0DHVJW771,2025-09-15
B0DHVJW771,2025-10-13
B0DHVJW771,2025-11-10
B0DHVJW771,2025-12-08
B0DHVJW771,2026-01-05
B0DHVJW771,2026-02-02
B0DHVJW771,2026-03-02
B0DHY3TS54,2025-04-28
B0DHY3TS54,2025-05-26
B0DHY3TS54,2025-06-23
B0DHY3TS54,2025-07-21
B0DHY3TS54,2025-08-18
B0DHY3TS54,2025-09-15
B0DHY3TS54,2025-10-13
B0DHY3TS54,2025-11-10
B0DHY3TS54,2025-12-08
B0DHY3TS54,2026-01-05
B0DHY3TS54,2026-02-02
B0DHY3TS54,2026-03-02
B0DJM7NLL8,2025-04-28
B0DJM7NLL8,2025-05-26
B0DJM7NLL8,2025-06-23
B0DJM7NLL8,2025-07-21
B0DJM7NLL8,2025-08-18
B0DJM7NLL8,2025-09-15
B0DJM7NLL8,2025-10-13
B0DJM7NLL8,2025-11-10
B0DJM7NLL8,2025-12-08
B0DJM7NLL8,2026-01-05
B0DJM7NLL8,2026-02-02
B0DJM7NLL8,2026-03-02
B0DJPCHW87,2025-04-28
B0DJPCHW87,2025-05-26
B0DJPCHW87,2025-06-23
B0DJPCHW87,2025-07-21
B0DJPCHW87,2025-08-18
B0DJPCHW87,2025-09-15
B0DJPCHW87,2025-10-13
B0DJPCHW87,2025-11-10
B0DJPCHW87,2025-12-08
B0DJPCHW87,2026-01-05
B0DJPCHW87,2026-02-02
B0DJPCHW87,2026-03-02
B0DJQG4QT2,2025-04-28
B0DJQG4QT2,2025-05-26
B0DJQG4QT2,2025-06-23
B0DJQG4QT2,2025-07-21
B0DJQG4QT2,2025-08-18
B0DJQG4QT2,2025-09-15
B0DJQG4QT2,2025-10-13
B0DJQG4QT2,2025-11-10
B0DJQG4QT2,2025-12-08
B0DJQG4QT2,2026-01-05
B0DJQG4QT2,2026-02-02
B0DJQG4QT2,2026-03-02
B0DJR916MP,2025-04-28
B0DJR916MP,2025-05-26
B0DJR916MP,2025-06-23
B0DJR916MP,2025-07-21
B0DJR916MP,2025-08-18
B0DJR916MP,2025-09-15
B0DJR916MP,2025-10-13
B0DJR916MP,2025-11-10
B0DJR916MP,2025-12-08
B0DJR916MP,2026-01-05
B0DJR916MP,2026-02-02
B0DJR916MP,2026-03-02
B0DJSTWXZ3,2025-04-28
B0DJSTWXZ3,2025-05-26
B0DJSTWXZ3,2025-06-23
B0DJSTWXZ3,2025-07-21
B0DJSTWXZ3,2025-08-18
B0DJSTWXZ3,2025-09-15
B0DJSTWXZ3,2025-10-13
B0DJSTWXZ3,2025-11-10
B0DJSTWXZ3,2025-12-08
B0DJSTWXZ3,2026-01-05
B0DJSTWXZ3,2026-02-02
B0DJSTWXZ3,2026-03-02
B0DJVRQQH7,2025-04-28
B0DJVRQQH7,2025-05-26
B0DJVRQQH7,2025-06-23
B0DJVRQQH7,2025-07-21
B0DJVRQQH7,2025-08-18
B0DJVRQQH7,2025-09-15
B0DJVRQQH7,2025-10-13
B0DJVRQQH7,2025-11-10
B0DJVRQQH7,2025-12-08
B0DJVRQQH7,2026-01-05
B0DJVRQQH7,2026-02-02
B0DJVRQQH7,2026-03-02
B0DK1GZXPZ,2025-04-28
B0DK1GZXPZ,2025-05-26
B0DK1GZXPZ,2025-06-23
B0DK1GZXPZ,2025-07-21
B0DK1GZXPZ,2025-08-18
B0DK1GZXPZ,2025-09-15
B0DK1GZXPZ,2025-10-13
B0DK1GZXPZ,2025-11-10
B0DK1GZXPZ,2025-12-08
B0DK1GZXPZ,2026-01-05
B0DK1GZXPZ,2026-02-02
B0DK1GZXPZ,2026-03-02
B0DK1VDS22,2025-04-28
B0DK1VDS22,2025-05-26
B0DK1VDS22,2025-06-23
B0DK1VDS22,2025-07-21
B0DK1VDS22,2025-08-18
B0DK1VDS22,2025-09-15
B0DK1VDS22,2025-10-13
B0DK1VDS22,2025-11-10
B0DK1VDS22,2025-12-08
B0DK1VDS22,2026-01-05
B0DK1VDS22,2026-02-02
B0DK1VDS22,2026-03-02
B0DK4WDK9H,2025-04-28
B0DK4WDK9H,2025-05-26
B0DK4WDK9H,2025-06-23
B0DK4WDK9H,2025-07-21
B0DK4WDK9H,2025-08-18
B0DK4WDK9H,2025-09-15
B0DK4WDK9H,2025-10-13
B0DK4WDK9H,2025-11-10
B0DK4WDK9H,2025-12-08
B0DK4WDK9H,2026-01-05
B0DK4WDK9H,2026-02-02
B0DK4WDK9H,2026-03-02
B0DK4YLRJC,2025-04-28
B0DK4YLRJC,2025-05-26
B0DK4YLRJC,2025-06-23
B0DK4YLRJC,2025-07-21
B0DK4YLRJC,2025-08-18
B0DK4YLRJC,2025-09-15
B0DK4YLRJC,2025-10-13
B0DK4YLRJC,2025-11-10
B0DK4YLRJC,2025-12-08
B0DK4YLRJC,2026-01-05
B0DK4YLRJC,2026-02-02
B0DK4YLRJC,2026-03-02
B0DK6PH21V,2025-04-28
B0DK6PH21V,2025-05-26
B0DK6PH21V,2025-06-23
B0DK6PH21V,2025-07-21
B0DK6PH21V,2025-08-18
B0DK6PH21V,2025-09-15
B0DK6PH21V,2025-10-13
B0DK6PH21V,2025-11-10
B0DK6PH21V,2025-12-08
B0DK6PH21V,2026-01-05
B0DK6PH21V,2026-02-02
B0DK6PH21V,2026-03-02
B0DKF8L44Z,2025-04-28
B0DKF8L44Z,2025-05-26
B0DKF8L44Z,2025-06-23
B0DKF8L44Z,2025-07-21
B0DKF8L44Z,2025-08-18
B0DKF8L44Z,2025-09-15
B0DKF8L44Z,2025-10-13
B0DKF8L44Z,2025-11-10
B0DKF8L44Z,2025-12-08
B0DKF8L44Z,2026-01-05
B0DKF8L44Z,2026-02-02
B0DKF8L44Z,2026-03-02
B0DL9ZQJLZ,2025-04-28
B0DL9ZQJLZ,2025-05-26
B0DL9ZQJLZ,2025-06-23
B0DL9ZQJLZ,2025-07-21
B0DL9ZQJLZ,2025-08-18
B0DL9ZQJLZ,2025-09-15
B0DL9ZQJLZ,2025-10-13
B0DL9ZQJLZ,2025-11-10
B0DL9ZQJLZ,2025-12-08
B0DL9ZQJLZ,2026-01-05
B0DL9ZQJLZ,2026-02-02
B0DL9ZQJLZ,2026-03-02
B0DLB76RCK,2025-04-28
B0DLB76RCK,2025-05-26
B0DLB76RCK,2025-06-23
B0DLB76RCK,2025-07-21
B0DLB76RCK,2025-08-18
B0DLB76RCK,2025-09-15
B0DLB76RCK,2025-10-13
B0DLB76RCK,2025-11-10
B0DLB76RCK,2025-12-08
B0DLB76RCK,2026-01-05
B0DLB76RCK,2026-02-02
B0DLB76RCK,2026-03-02
B0DLKJ9RL6,2025-04-28
B0DLKJ9RL6,2025-05-26
B0DLKJ9RL6,2025-06-23
B0DLKJ9RL6,2025-07-21
B0DLKJ9RL6,2025-08-18
B0DLKJ9RL6,2025-09-15
B0DLKJ9RL6,2025-10-13
B0DLKJ9RL6,2025-11-10
B0DLKJ9RL6,2025-12-08
B0DLKJ9RL6,2026-01-05
B0DLKJ9RL6,2026-02-02
B0DLKJ9RL6,2026-03-02
B0DLKMXKDK,2025-04-28
B0DLKMXKDK,2025-05-26
B0DLKMXKDK,2025-06-23
B0DLKMXKDK,2025-07-21
B0DLKMXKDK,2025-08-18
B0DLKMXKDK,2025-09-15
B0DLKMXKDK,2025-10-13
B0DLKMXKDK,2025-11-10
B0DLKMXKDK,2025-12-08
B0DLKMXKDK,2026-01-05
B0DLKMXKDK,2026-02-02
B0DLKMXKDK,2026-03-02
B0DLKNL6RS,2025-04-28
B0DLKNL6RS,2025-05-26
B0DLKNL6RS,2025-06-23
B0DLKNL6RS,2025-07-21
B0DLKNL6RS,2025-08-18
B0DLKNL6RS,2025-09-15
B0DLKNL6RS,2025-10-13
B0DLKNL6RS,2025-11-10
B0DLKNL6RS,2025-12-08
B0DLKNL6RS,2026-01-05
B0DLKNL6RS,2026-02-02
B0DLKNL6RS,2026-03-02
B0DLKTMNWQ,2025-04-28
B0DLKTMNWQ,2025-05-26
B0DLKTMNWQ,2025-06-23
B0DLKTMNWQ,2025-07-21
B0DLKTMNWQ,2025-08-18
B0DLKTMNWQ,2025-09-15
B0DLKTMNWQ,2025-10-13
B0DLKTMNWQ,2025-11-10
B0DLKTMNWQ,2025-12-08
B0DLKTMNWQ,2026-01-05
B0DLKTMNWQ,2026-02-02
B0DLKTMNWQ,2026-03-02
B0DLWLP4YD,2025-04-28
B0DLWLP4YD,2025-05-26
B0DLWLP4YD,2025-06-23
B0DLWLP4YD,2025-07-21
B0DLWLP4YD,2025-08-18
B0DLWLP4YD,2025-09-15
B0DLWLP4YD,2025-10-13
B0DLWLP4YD,2025-11-10
B0DLWLP4YD,2025-12-08
B0DLWLP4YD,2026-01-05
B0DLWLP4YD,2026-02-02
B0DLWLP4YD,2026-03-02
B0DLWMJRLS,2025-04-28
B0DLWMJRLS,2025-05-26
B0DLWMJRLS,2025-06-23
B0DLWMJRLS,2025-07-21
B0DLWMJRLS,2025-08-18
B0DLWMJRLS,2025-09-15
B0DLWMJRLS,2025-10-13
B0DLWMJRLS,2025-11-10
B0DLWMJRLS,2025-12-08
B0DLWMJRLS,2026-01-05
B0DLWMJRLS,2026-02-02
B0DLWMJRLS,2026-03-02
B0DM23CKR3,2025-04-28
B0DM23CKR3,2025-05-26
B0DM23CKR3,2025-06-23
B0DM23CKR3,2025-07-21
B0DM23CKR3,2025-08-18
B0DM23CKR3,2025-09-15
B0DM23CKR3,2025-10-13
B0DM23CKR3,2025-11-10
B0DM23CKR3,2025-12-08
B0DM23CKR3,2026-01-05
B0DM23CKR3,2026-02-02
B0DM23CKR3,2026-03-02
B0DM25SZ6H,2025-04-28
B0DM25SZ6H,2025-05-26
B0DM25SZ6H,2025-06-23
B0DM25SZ6H,2025-07-21
B0DM25SZ6H,2025-08-18
B0DM25SZ6H,2025-09-15
B0DM25SZ6H,2025-10-13
B0DM25SZ6H,2025-11-10
B0DM25SZ6H,2025-12-08
B0DM25SZ6H,2026-01-05
B0DM25SZ6H,2026-02-02
B0DM25SZ6H,2026-03-02
B0DM4C1W6P,2025-04-28
B0DM4C1W6P,2025-05-26
B0DM4C1W6P,2025-06-23
B0DM4C1W6P,2025-07-21
B0DM4C1W6P,2025-08-18
B0DM4C1W6P,2025-09-15
B0DM4C1W6P,2025-10-13
B0DM4C1W6P,2025-11-10
B0DM4C1W6P,2025-12-08
B0DM4C1W6P,2026-01-05
B0DM4C1W6P,2026-02-02
B0DM4C1W6P,2026-03-02
B0DMNQW9M2,2025-04-28
B0DMNQW9M2,2025-05-26
B0DMNQW9M2,2025-06-23
B0DMNQW9M2,2025-07-21
B0DMNQW9M2,2025-08-18
B0DMNQW9M2,2025-09-15
B0DMNQW9M2,2025-10-13
B0DMNQW9M2,2025-11-10
B0DMNQW9M2,2025-12-08
B0DMNQW9M2,2026-01-05
B0DMNQW9M2,2026-02-02
B0DMNQW9M2,2026-03-02
B0DNDRWJMW,2025-04-28
B0DNDRWJMW,2025-05-26
B0DNDRWJMW,2025-06-23
B0DNDRWJMW,2025-07-21
B0DNDRWJMW,2025-08-18
B0DNDRWJMW,2025-09-15
B0DNDRWJMW,2025-10-13
B0DNDRWJMW,2025-11-10
B0DNDRWJMW,2025-12-08
B0DNDRWJMW,2026-01-05
B0DNDRWJMW,2026-02-02
B0DNDRWJMW,2026-03-02
B0DP4TCMZP,2025-04-28
B0DP4TCMZP,2025-05-26
B0DP4TCMZP,2025-06-23
B0DP4TCMZP,2025-07-21
B0DP4TCMZP,2025-08-18
B0DP4TCMZP,2025-09-15
B0DP4TCMZP,2025-10-13
B0DP4TCMZP,2025-11-10
B0DP4TCMZP,2025-12-08
B0DP4TCMZP,2026-01-05
B0DP4TCMZP,2026-02-02
B0DP4TCMZP,2026-03-02
B0DPJVFD13,2025-04-28
B0DPJVFD13,2025-05-26
B0DPJVFD13,2025-06-23
B0DPJVFD13,2025-07-21
B0DPJVFD13,2025-08-18
B0DPJVFD13,2025-09-15
B0DPJVFD13,2025-10-13
B0DPJVFD13,2025-11-10
B0DPJVFD13,2025-12-08
B0DPJVFD13,2026-01-05
B0DPJVFD13,2026-02-02
B0DPJVFD13,2026-03-02
B0DQXRZS7F,2025-04-28
B0DQXRZS7F,2025-05-26
B0DQXRZS7F,2025-06-23
B0DQXRZS7F,2025-07-21
B0DQXRZS7F,2025-08-18
B0DQXRZS7F,2025-09-15
B0DQXRZS7F,2025-10-13
B0DQXRZS7F,2025-11-10
B0DQXRZS7F,2025-12-08
B0DQXRZS7F,2026-01-05
B0DQXRZS7F,2026-02-02
B0DQXRZS7F,2026-03-02
B0DRJH8Y8G,2025-04-28
B0DRJH8Y8G,2025-05-26
B0DRJH8Y8G,2025-06-23
B0DRJH8Y8G,2025-07-21
B0DRJH8Y8G,2025-08-18
B0DRJH8Y8G,2025-09-15
B0DRJH8Y8G,2025-10-13
B0DRJH8Y8G,2025-11-10
B0DRJH8Y8G,2025-12-08
B0DRJH8Y8G,2026-01-05
B0DRJH8Y8G,2026-02-02
B0DRJH8Y8G,2026-03-02
B0DRJL8K26,2025-04-28
B0DRJL8K26,2025-05-26
B0DRJL8K26,2025-06-23
B0DRJL8K26,2025-07-21
B0DRJL8K26,2025-08-18
B0DRJL8K26,2025-09-15
B0DRJL8K26,2025-10-13
B0DRJL8K26,2025-11-10
B0DRJL8K26,2025-12-08
B0DRJL8K26,2026-01-05
B0DRJL8K26,2026-02-02
B0DRJL8K26,2026-03-02
