ASIN,date
B0007TQ9OK,2025-03-03
B0007TQ9OK,2025-03-10
B0007TQ9OK,2025-03-17
B0007TQ9OK,2025-03-24
B0007TQ9OK,2025-03-31
B0007TQ9OK,2025-04-07
B0007TQ9OK,2025-04-14
B0007TQ9OK,2025-04-21
B0007TQ9OK,2025-04-28
B0007TQ9OK,2025-05-05
B0007TQ9OK,2025-05-12
B0007TQ9OK,2025-05-19
B0007TQ9OK,2025-05-26
B0007TQ9OK,2025-06-02
B0007TQ9OK,2025-06-09
B0007TQ9OK,2025-06-16
B0007TQ9OK,2025-06-23
B0007TQ9OK,2025-06-30
B0007TQ9OK,2025-07-07
B0007TQ9OK,2025-07-14
B0007TQ9OK,2025-07-21
B0007TQ9OK,2025-07-28
B0007TQ9OK,2025-08-04
B0007TQ9OK,2025-08-11
B0007TQ9OK,2025-08-18
B0007TQ9OK,2025-08-25
B0007TQ9OK,2025-09-01
B0007TQ9OK,2025-09-08
B0007TQ9OK,2025-09-15
B0007TQ9OK,2025-09-22
B0007TQ9OK,2025-09-29
B0007TQ9OK,2025-10-06
B0007TQ9OK,2025-10-13
B0007TQ9OK,2025-10-20
B0007TQ9OK,2025-10-27
B0007TQ9OK,2025-11-03
B0007TQ9OK,2025-11-10
B0007TQ9OK,2025-11-17
B0007TQ9OK,2025-11-24
B0007TQ9OK,2025-12-01
B0007TQ9OK,2025-12-08
B0007TQ9OK,2025-12-15
B0007TQ9OK,2025-12-22
B0007TQ9OK,2025-12-29
B0007TQ9OK,2026-01-05
B0007TQ9OK,2026-01-12
B0007TQ9OK,2026-01-19
B0007TQ9OK,2026-01-26
B0007TQ9OK,2026-02-02
B0007TQ9OK,2026-02-09
B0007TQ9OK,2026-02-16
B0007TQ9OK,2026-02-23
B0007TQ9OK,2026-03-02
B0007TQ9OK,2026-03-09
B0007TQ9OK,2026-03-16
B0007TQ9OK,2026-03-23
B0007TQ9OK,2026-03-30
B0007TQ9OK,2025-03-03
B0007TQ9OK,2025-03-10
B0007TQ9OK,2025-03-17
B0007TQ9OK,2025-03-24
B0007TQ9OK,2025-03-31
B0007TQ9OK,2025-04-07
B0007TQ9OK,2025-04-14
B0007TQ9OK,2025-04-21
B0007TQ9OK,2025-04-28
B0007TQ9OK,2025-05-05
B0007TQ9OK,2025-05-12
B0007TQ9OK,2025-05-19
B0007TQ9OK,2025-05-26
B0007TQ9OK,2025-06-02
B0007TQ9OK,2025-06-09
B0007TQ9OK,2025-06-16
B0007TQ9OK,2025-06-23
B0007TQ9OK,2025-06-30
B0007TQ9OK,2025-07-07
B0007TQ9OK,2025-07-14
B0007TQ9OK,2025-07-21
B0007TQ9OK,2025-07-28
B0007TQ9OK,2025-08-04
B0007TQ9OK,2025-08-11
B0007TQ9OK,2025-08-18
B0007TQ9OK,2025-08-25
B0007TQ9OK,2025-09-01
B0007TQ9OK,2025-09-08
B0007TQ9OK,2025-09-15
B0007TQ9OK,2025-09-22
B0007TQ9OK,2025-09-29
B0007TQ9OK,2025-10-06
B0007TQ9OK,2025-10-13
B0007TQ9OK,2025-10-20
B0007TQ9OK,2025-10-27
B0007TQ9OK,2025-11-03
B0007TQ9OK,2025-11-10
B0007TQ9OK,2025-11-17
B0007TQ9OK,2025-11-24
B0007TQ9OK,2025-12-01
B0007TQ9OK,2025-12-08
B0007TQ9OK,2025-12-15
B0007TQ9OK,2025-12-22
B0007TQ9OK,2025-12-29
B0007TQ9OK,2026-01-05
B0007TQ9OK,2026-01-12
B0007TQ9OK,2026-01-19
B0007TQ9OK,2026-01-26
B0007TQ9OK,2026-02-02
B0007TQ9OK,2026-02-09
B0007TQ9OK,2026-02-16
B0007TQ9OK,2026-02-23
B0007TQ9OK,2026-03-02
B0007TQ9OK,2026-03-09
B0007TQ9OK,2026-03-16
B0007TQ9OK,2026-03-23
B0007TQ9OK,2026-03-30
B0007TROJO,2025-03-03
B0007TROJO,2025-03-10
B0007TROJO,2025-03-17
B0007TROJO,2025-03-24
B0007TROJO,2025-03-31
B0007TROJO,2025-04-07
B0007TROJO,2025-04-14
B0007TROJO,2025-04-21
B0007TROJO,2025-04-28
B0007TROJO,2025-05-05
B0007TROJO,2025-05-12
B0007TROJO,2025-05-19
B0007TROJO,2025-05-26
B0007TROJO,2025-06-02
B0007TROJO,2025-06-09
B0007TROJO,2025-06-16
B0007TROJO,2025-06-23
B0007TROJO,2025-06-30
B0007TROJO,2025-07-07
B0007TROJO,2025-07-14
B0007TROJO,2025-07-21
B0007TROJO,2025-07-28
B0007TROJO,2025-08-04
B0007TROJO,2025-08-11
B0007TROJO,2025-08-18
B0007TROJO,2025-08-25
B0007TROJO,2025-09-01
B0007TROJO,2025-09-08
B0007TROJO,2025-09-15
B0007TROJO,2025-09-22
B0007TROJO,2025-09-29
B0007TROJO,2025-10-06
B0007TROJO,2025-10-13
B0007TROJO,2025-10-20
B0007TROJO,2025-10-27
B0007TROJO,2025-11-03
B0007TROJO,2025-11-10
B0007TROJO,2025-11-17
B0007TROJO,2025-11-24
B0007TROJO,2025-12-01
B0007TROJO,2025-12-08
B0007TROJO,2025-12-15
B0007TROJO,2025-12-22
B0007TROJO,2025-12-29
B0007TROJO,2026-01-05
B0007TROJO,2026-01-12
B0007TROJO,2026-01-19
B0007TROJO,2026-01-26
B0007TROJO,2026-02-02
B0007TROJO,2026-02-09
B0007TROJO,2026-02-16
B0007TROJO,2026-02-23
B0007TROJO,2026-03-02
B0007TROJO,2026-03-09
B0007TROJO,2026-03-16
B0007TROJO,2026-03-23
B0007TROJO,2026-03-30
B0007TROJO,2025-03-03
B0007TROJO,2025-03-10
B0007TROJO,2025-03-17
B0007TROJO,2025-03-24
B0007TROJO,2025-03-31
B0007TROJO,2025-04-07
B0007TROJO,2025-04-14
B0007TROJO,2025-04-21
B0007TROJO,2025-04-28
B0007TROJO,2025-05-05
B0007TROJO,2025-05-12
B0007TROJO,2025-05-19
B0007TROJO,2025-05-26
B0007TROJO,2025-06-02
B0007TROJO,2025-06-09
B0007TROJO,2025-06-16
B0007TROJO,2025-06-23
B0007TROJO,2025-06-30
B0007TROJO,2025-07-07
B0007TROJO,2025-07-14
B0007TROJO,2025-07-21
B0007TROJO,2025-07-28
B0007TROJO,2025-08-04
B0007TROJO,2025-08-11
B0007TROJO,2025-08-18
B0007TROJO,2025-08-25
B0007TROJO,2025-09-01
B0007TROJO,2025-09-08
B0007TROJO,2025-09-15
B0007TROJO,2025-09-22
B0007TROJO,2025-09-29
B0007TROJO,2025-10-06
B0007TROJO,2025-10-13
B0007TROJO,2025-10-20
B0007TROJO,2025-10-27
B0007TROJO,2025-11-03
B0007TROJO,2025-11-10
B0007TROJO,2025-11-17
B0007TROJO,2025-11-24
B0007TROJO,2025-12-01
B0007TROJO,2025-12-08
B0007TROJO,2025-12-15
B0007TROJO,2025-12-22
B0007TROJO,2025-12-29
B0007TROJO,2026-01-05
B0007TROJO,2026-01-12
B0007TROJO,2026-01-19
B0007TROJO,2026-01-26
B0007TROJO,2026-02-02
B0007TROJO,2026-02-09
B0007TROJO,2026-02-16
B0007TROJO,2026-02-23
B0007TROJO,2026-03-02
B0007TROJO,2026-03-09
B0007TROJO,2026-03-16
B0007TROJO,2026-03-23
B0007TROJO,2026-03-30
B0030MIIM2,2025-03-03
B0030MIIM2,2025-03-10
B0030MIIM2,2025-03-17
B0030MIIM2,2025-03-24
B0030MIIM2,2025-03-31
B0030MIIM2,2025-04-07
B0030MIIM2,2025-04-14
B0030MIIM2,2025-04-21
B0030MIIM2,2025-04-28
B0030MIIM2,2025-05-05
B0030MIIM2,2025-05-12
B0030MIIM2,2025-05-19
B0030MIIM2,2025-05-26
B0030MIIM2,2025-06-02
B0030MIIM2,2025-06-09
B0030MIIM2,2025-06-16
B0030MIIM2,2025-06-23
B0030MIIM2,2025-06-30
B0030MIIM2,2025-07-07
B0030MIIM2,2025-07-14
B0030MIIM2,2025-07-21
B0030MIIM2,2025-07-28
B0030MIIM2,2025-08-04
B0030MIIM2,2025-08-11
B0030MIIM2,2025-08-18
B0030MIIM2,2025-08-25
B0030MIIM2,2025-09-01
B0030MIIM2,2025-09-08
B0030MIIM2,2025-09-15
B0030MIIM2,2025-09-22
B0030MIIM2,2025-09-29
B0030MIIM2,2025-10-06
B0030MIIM2,2025-10-13
B0030MIIM2,2025-10-20
B0030MIIM2,2025-10-27
B0030MIIM2,2025-11-03
B0030MIIM2,2025-11-10
B0030MIIM2,2025-11-17
B0030MIIM2,2025-11-24
B0030MIIM2,2025-12-01
B0030MIIM2,2025-12-08
B0030MIIM2,2025-12-15
B0030MIIM2,2025-12-22
B0030MIIM2,2025-12-29
B0030MIIM2,2026-01-05
B0030MIIM2,2026-01-12
B0030MIIM2,2026-01-19
B0030MIIM2,2026-01-26
B0030MIIM2,2026-02-02
B0030MIIM2,2026-02-09
B0030MIIM2,2026-02-16
B0030MIIM2,2026-02-23
B0030MIIM2,2026-03-02
B0030MIIM2,2026-03-09
B0030MIIM2,2026-03-16
B0030MIIM2,2026-03-23
B0030MIIM2,2026-03-30
B0030MIIM2,2025-03-03
B0030MIIM2,2025-03-10
B0030MIIM2,2025-03-17
B0030MIIM2,2025-03-24
B0030MIIM2,2025-03-31
B0030MIIM2,2025-04-07
B0030MIIM2,2025-04-14
B0030MIIM2,2025-04-21
B0030MIIM2,2025-04-28
B0030MIIM2,2025-05-05
B0030MIIM2,2025-05-12
B0030MIIM2,2025-05-19
B0030MIIM2,2025-05-26
B0030MIIM2,2025-06-02
B0030MIIM2,2025-06-09
B0030MIIM2,2025-06-16
B0030MIIM2,2025-06-23
B0030MIIM2,2025-06-30
B0030MIIM2,2025-07-07
B0030MIIM2,2025-07-14
B0030MIIM2,2025-07-21
B0030MIIM2,2025-07-28
B0030MIIM2,2025-08-04
B0030MIIM2,2025-08-11
B0030MIIM2,2025-08-18
B0030MIIM2,2025-08-25
B0030MIIM2,2025-09-01
B0030MIIM2,2025-09-08
B0030MIIM2,2025-09-15
B0030MIIM2,2025-09-22
B0030MIIM2,2025-09-29
B0030MIIM2,2025-10-06
B0030MIIM2,2025-10-13
B0030MIIM2,2025-10-20
B0030MIIM2,2025-10-27
B0030MIIM2,2025-11-03
B0030MIIM2,2025-11-10
B0030MIIM2,2025-11-17
B0030MIIM2,2025-11-24
B0030MIIM2,2025-12-01
B0030MIIM2,2025-12-08
B0030MIIM2,2025-12-15
B0030MIIM2,2025-12-22
B0030MIIM2,2025-12-29
B0030MIIM2,2026-01-05
B0030MIIM2,2026-01-12
B0030MIIM2,2026-01-19
B0030MIIM2,2026-01-26
B0030MIIM2,2026-02-02
B0030MIIM2,2026-02-09
B0030MIIM2,2026-02-16
B0030MIIM2,2026-02-23
B0030MIIM2,2026-03-02
B0030MIIM2,2026-03-09
B0030MIIM2,2026-03-16
B0030MIIM2,2026-03-23
B0030MIIM2,2026-03-30
B00SX5KUJA,2025-03-03
B00SX5KUJA,2025-03-10
B00SX5KUJA,2025-03-17
B00SX5KUJA,2025-03-24
B00SX5KUJA,2025-03-31
B00SX5KUJA,2025-04-07
B00SX5KUJA,2025-04-14
B00SX5KUJA,2025-04-21
B00SX5KUJA,2025-04-28
B00SX5KUJA,2025-05-05
B00SX5KUJA,2025-05-12
B00SX5KUJA,2025-05-19
B00SX5KUJA,2025-05-26
B00SX5KUJA,2025-06-02
B00SX5KUJA,2025-06-09
B00SX5KUJA,2025-06-16
B00SX5KUJA,2025-06-23
B00SX5KUJA,2025-06-30
B00SX5KUJA,2025-07-07
B00SX5KUJA,2025-07-14
B00SX5KUJA,2025-07-21
B00SX5KUJA,2025-07-28
B00SX5KUJA,2025-08-04
B00SX5KUJA,2025-08-11
B00SX5KUJA,2025-08-18
B00SX5KUJA,2025-08-25
B00SX5KUJA,2025-09-01
B00SX5KUJA,2025-09-08
B00SX5KUJA,2025-09-15
B00SX5KUJA,2025-09-22
B00SX5KUJA,2025-09-29
B00SX5KUJA,2025-10-06
B00SX5KUJA,2025-10-13
B00SX5KUJA,2025-10-20
B00SX5KUJA,2025-10-27
B00SX5KUJA,2025-11-03
B00SX5KUJA,2025-11-10
B00SX5KUJA,2025-11-17
B00SX5KUJA,2025-11-24
B00SX5KUJA,2025-12-01
B00SX5KUJA,2025-12-08
B00SX5KUJA,2025-12-15
B00SX5KUJA,2025-12-22
B00SX5KUJA,2025-12-29
B00SX5KUJA,2026-01-05
B00SX5KUJA,2026-01-12
B00SX5KUJA,2026-01-19
B00SX5KUJA,2026-01-26
B00SX5KUJA,2026-02-02
B00SX5KUJA,2026-02-09
B00SX5KUJA,2026-02-16
B00SX5KUJA,2026-02-23
B00SX5KUJA,2026-03-02
B00SX5KUJA,2026-03-09
B00SX5KUJA,2026-03-16
B00SX5KUJA,2026-03-23
B00SX5KUJA,2026-03-30
B00SX5KUJA,2025-03-03
B00SX5KUJA,2025-03-10
B00SX5KUJA,2025-03-17
B00SX5KUJA,2025-03-24
B00SX5KUJA,2025-03-31
B00SX5KUJA,2025-04-07
B00SX5KUJA,2025-04-14
B00SX5KUJA,2025-04-21
B00SX5KUJA,2025-04-28
B00SX5KUJA,2025-05-05
B00SX5KUJA,2025-05-12
B00SX5KUJA,2025-05-19
B00SX5KUJA,2025-05-26
B00SX5KUJA,2025-06-02
B00SX5KUJA,2025-06-09
B00SX5KUJA,2025-06-16
B00SX5KUJA,2025-06-23
B00SX5KUJA,2025-06-30
B00SX5KUJA,2025-07-07
B00SX5KUJA,2025-07-14
B00SX5KUJA,2025-07-21
B00SX5KUJA,2025-07-28
B00SX5KUJA,2025-08-04
B00SX5KUJA,2025-08-11
B00SX5KUJA,2025-08-18
B00SX5KUJA,2025-08-25
B00SX5KUJA,2025-09-01
B00SX5KUJA,2025-09-08
B00SX5KUJA,2025-09-15
B00SX5KUJA,2025-09-22
B00SX5KUJA,2025-09-29
B00SX5KUJA,2025-10-06
B00SX5KUJA,2025-10-13
B00SX5KUJA,2025-10-20
B00SX5KUJA,2025-10-27
B00SX5KUJA,2025-11-03
B00SX5KUJA,2025-11-10
B00SX5KUJA,2025-11-17
B00SX5KUJA,2025-11-24
B00SX5KUJA,2025-12-01
B00SX5KUJA,2025-12-08
B00SX5KUJA,2025-12-15
B00SX5KUJA,2025-12-22
B00SX5KUJA,2025-12-29
B00SX5KUJA,2026-01-05
B00SX5KUJA,2026-01-12
B00SX5KUJA,2026-01-19
B00SX5KUJA,2026-01-26
B00SX5KUJA,2026-02-02
B00SX5KUJA,2026-02-09
B00SX5KUJA,2026-02-16
B00SX5KUJA,2026-02-23
B00SX5KUJA,2026-03-02
B00SX5KUJA,2026-03-09
B00SX5KUJA,2026-03-16
B00SX5KUJA,2026-03-23
B00SX5KUJA,2026-03-30
B010TZ01KY,2025-03-03
B010TZ01KY,2025-03-10
B010TZ01KY,2025-03-17
B010TZ01KY,2025-03-24
B010TZ01KY,2025-03-31
B010TZ01KY,2025-04-07
B010TZ01KY,2025-04-14
B010TZ01KY,2025-04-21
B010TZ01KY,2025-04-28
B010TZ01KY,2025-05-05
B010TZ01KY,2025-05-12
B010TZ01KY,2025-05-19
B010TZ01KY,2025-05-26
B010TZ01KY,2025-06-02
B010TZ01KY,2025-06-09
B010TZ01KY,2025-06-16
B010TZ01KY,2025-06-23
B010TZ01KY,2025-06-30
B010TZ01KY,2025-07-07
B010TZ01KY,2025-07-14
B010TZ01KY,2025-07-21
B010TZ01KY,2025-07-28
B010TZ01KY,2025-08-04
B010TZ01KY,2025-08-11
B010TZ01KY,2025-08-18
B010TZ01KY,2025-08-25
B010TZ01KY,2025-09-01
B010TZ01KY,2025-09-08
B010TZ01KY,2025-09-15
B010TZ01KY,2025-09-22
B010TZ01KY,2025-09-29
B010TZ01KY,2025-10-06
B010TZ01KY,2025-10-13
B010TZ01KY,2025-10-20
B010TZ01KY,2025-10-27
B010TZ01KY,2025-11-03
B010TZ01KY,2025-11-10
B010TZ01KY,2025-11-17
B010TZ01KY,2025-11-24
B010TZ01KY,2025-12-01
B010TZ01KY,2025-12-08
B010TZ01KY,2025-12-15
B010TZ01KY,2025-12-22
B010TZ01KY,2025-12-29
B010TZ01KY,2026-01-05
B010TZ01KY,2026-01-12
B010TZ01KY,2026-01-19
B010TZ01KY,2026-01-26
B010TZ01KY,2026-02-02
B010TZ01KY,2026-02-09
B010TZ01KY,2026-02-16
B010TZ01KY,2026-02-23
B010TZ01KY,2026-03-02
B010TZ01KY,2026-03-09
B010TZ01KY,2026-03-16
B010TZ01KY,2026-03-23
B010TZ01KY,2026-03-30
B010TZ01KY,2025-03-03
B010TZ01KY,2025-03-10
B010TZ01KY,2025-03-17
B010TZ01KY,2025-03-24
B010TZ01KY,2025-03-31
B010TZ01KY,2025-04-07
B010TZ01KY,2025-04-14
B010TZ01KY,2025-04-21
B010TZ01KY,2025-04-28
B010TZ01KY,2025-05-05
B010TZ01KY,2025-05-12
B010TZ01KY,2025-05-19
B010TZ01KY,2025-05-26
B010TZ01KY,2025-06-02
B010TZ01KY,2025-06-09
B010TZ01KY,2025-06-16
B010TZ01KY,2025-06-23
B010TZ01KY,2025-06-30
B010TZ01KY,2025-07-07
B010TZ01KY,2025-07-14
B010TZ01KY,2025-07-21
B010TZ01KY,2025-07-28
B010TZ01KY,2025-08-04
B010TZ01KY,2025-08-11
B010TZ01KY,2025-08-18
B010TZ01KY,2025-08-25
B010TZ01KY,2025-09-01
B010TZ01KY,2025-09-08
B010TZ01KY,2025-09-15
B010TZ01KY,2025-09-22
B010TZ01KY,2025-09-29
B010TZ01KY,2025-10-06
B010TZ01KY,2025-10-13
B010TZ01KY,2025-10-20
B010TZ01KY,2025-10-27
B010TZ01KY,2025-11-03
B010TZ01KY,2025-11-10
B010TZ01KY,2025-11-17
B010TZ01KY,2025-11-24
B010TZ01KY,2025-12-01
B010TZ01KY,2025-12-08
B010TZ01KY,2025-12-15
B010TZ01KY,2025-12-22
B010TZ01KY,2025-12-29
B010TZ01KY,2026-01-05
B010TZ01KY,2026-01-12
B010TZ01KY,2026-01-19
B010TZ01KY,2026-01-26
B010TZ01KY,2026-02-02
B010TZ01KY,2026-02-09
B010TZ01KY,2026-02-16
B010TZ01KY,2026-02-23
B010TZ01KY,2026-03-02
B010TZ01KY,2026-03-09
B010TZ01KY,2026-03-16
B010TZ01KY,2026-03-23
B010TZ01KY,2026-03-30
B012EGDAEA,2025-03-03
B012EGDAEA,2025-03-10
B012EGDAEA,2025-03-17
B012EGDAEA,2025-03-24
B012EGDAEA,2025-03-31
B012EGDAEA,2025-04-07
B012EGDAEA,2025-04-14
B012EGDAEA,2025-04-21
B012EGDAEA,2025-04-28
B012EGDAEA,2025-05-05
B012EGDAEA,2025-05-12
B012EGDAEA,2025-05-19
B012EGDAEA,2025-05-26
B012EGDAEA,2025-06-02
B012EGDAEA,2025-06-09
B012EGDAEA,2025-06-16
B012EGDAEA,2025-06-23
B012EGDAEA,2025-06-30
B012EGDAEA,2025-07-07
B012EGDAEA,2025-07-14
B012EGDAEA,2025-07-21
B012EGDAEA,2025-07-28
B012EGDAEA,2025-08-04
B012EGDAEA,2025-08-11
B012EGDAEA,2025-08-18
B012EGDAEA,2025-08-25
B012EGDAEA,2025-09-01
B012EGDAEA,2025-09-08
B012EGDAEA,2025-09-15
B012EGDAEA,2025-09-22
B012EGDAEA,2025-09-29
B012EGDAEA,2025-10-06
B012EGDAEA,2025-10-13
B012EGDAEA,2025-10-20
B012EGDAEA,2025-10-27
B012EGDAEA,2025-11-03
B012EGDAEA,2025-11-10
B012EGDAEA,2025-11-17
B012EGDAEA,2025-11-24
B012EGDAEA,2025-12-01
B012EGDAEA,2025-12-08
B012EGDAEA,2025-12-15
B012EGDAEA,2025-12-22
B012EGDAEA,2025-12-29
B012EGDAEA,2026-01-05
B012EGDAEA,2026-01-12
B012EGDAEA,2026-01-19
B012EGDAEA,2026-01-26
B012EGDAEA,2026-02-02
B012EGDAEA,2026-02-09
B012EGDAEA,2026-02-16
B012EGDAEA,2026-02-23
B012EGDAEA,2026-03-02
B012EGDAEA,2026-03-09
B012EGDAEA,2026-03-16
B012EGDAEA,2026-03-23
B012EGDAEA,2026-03-30
B012EGDAEA,2025-03-03
B012EGDAEA,2025-03-10
B012EGDAEA,2025-03-17
B012EGDAEA,2025-03-24
B012EGDAEA,2025-03-31
B012EGDAEA,2025-04-07
B012EGDAEA,2025-04-14
B012EGDAEA,2025-04-21
B012EGDAEA,2025-04-28
B012EGDAEA,2025-05-05
B012EGDAEA,2025-05-12
B012EGDAEA,2025-05-19
B012EGDAEA,2025-05-26
B012EGDAEA,2025-06-02
B012EGDAEA,2025-06-09
B012EGDAEA,2025-06-16
B012EGDAEA,2025-06-23
B012EGDAEA,2025-06-30
B012EGDAEA,2025-07-07
B012EGDAEA,2025-07-14
B012EGDAEA,2025-07-21
B012EGDAEA,2025-07-28
B012EGDAEA,2025-08-04
B012EGDAEA,2025-08-11
B012EGDAEA,2025-08-18
B012EGDAEA,2025-08-25
B012EGDAEA,2025-09-01
B012EGDAEA,2025-09-08
B012EGDAEA,2025-09-15
B012EGDAEA,2025-09-22
B012EGDAEA,2025-09-29
B012EGDAEA,2025-10-06
B012EGDAEA,2025-10-13
B012EGDAEA,2025-10-20
B012EGDAEA,2025-10-27
B012EGDAEA,2025-11-03
B012EGDAEA,2025-11-10
B012EGDAEA,2025-11-17
B012EGDAEA,2025-11-24
B012EGDAEA,2025-12-01
B012EGDAEA,2025-12-08
B012EGDAEA,2025-12-15
B012EGDAEA,2025-12-22
B012EGDAEA,2025-12-29
B012EGDAEA,2026-01-05
B012EGDAEA,2026-01-12
B012EGDAEA,2026-01-19
B012EGDAEA,2026-01-26
B012EGDAEA,2026-02-02
B012EGDAEA,2026-02-09
B012EGDAEA,2026-02-16
B012EGDAEA,2026-02-23
B012EGDAEA,2026-03-02
B012EGDAEA,2026-03-09
B012EGDAEA,2026-03-16
B012EGDAEA,2026-03-23
B012EGDAEA,2026-03-30
B01FYCP7VU,2025-03-03
B01FYCP7VU,2025-03-10
B01FYCP7VU,2025-03-17
B01FYCP7VU,2025-03-24
B01FYCP7VU,2025-03-31
B01FYCP7VU,2025-04-07
B01FYCP7VU,2025-04-14
B01FYCP7VU,2025-04-21
B01FYCP7VU,2025-04-28
B01FYCP7VU,2025-05-05
B01FYCP7VU,2025-05-12
B01FYCP7VU,2025-05-19
B01FYCP7VU,2025-05-26
B01FYCP7VU,2025-06-02
B01FYCP7VU,2025-06-09
B01FYCP7VU,2025-06-16
B01FYCP7VU,2025-06-23
B01FYCP7VU,2025-06-30
B01FYCP7VU,2025-07-07
B01FYCP7VU,2025-07-14
B01FYCP7VU,2025-07-21
B01FYCP7VU,2025-07-28
B01FYCP7VU,2025-08-04
B01FYCP7VU,2025-08-11
B01FYCP7VU,2025-08-18
B01FYCP7VU,2025-08-25
B01FYCP7VU,2025-09-01
B01FYCP7VU,2025-09-08
B01FYCP7VU,2025-09-15
B01FYCP7VU,2025-09-22
B01FYCP7VU,2025-09-29
B01FYCP7VU,2025-10-06
B01FYCP7VU,2025-10-13
B01FYCP7VU,2025-10-20
B01FYCP7VU,2025-10-27
B01FYCP7VU,2025-11-03
B01FYCP7VU,2025-11-10
B01FYCP7VU,2025-11-17
B01FYCP7VU,2025-11-24
B01FYCP7VU,2025-12-01
B01FYCP7VU,2025-12-08
B01FYCP7VU,2025-12-15
B01FYCP7VU,2025-12-22
B01FYCP7VU,2025-12-29
B01FYCP7VU,2026-01-05
B01FYCP7VU,2026-01-12
B01FYCP7VU,2026-01-19
B01FYCP7VU,2026-01-26
B01FYCP7VU,2026-02-02
B01FYCP7VU,2026-02-09
B01FYCP7VU,2026-02-16
B01FYCP7VU,2026-02-23
B01FYCP7VU,2026-03-02
B01FYCP7VU,2026-03-09
B01FYCP7VU,2026-03-16
B01FYCP7VU,2026-03-23
B01FYCP7VU,2026-03-30
B01FYCP7VU,2025-03-03
B01FYCP7VU,2025-03-10
B01FYCP7VU,2025-03-17
B01FYCP7VU,2025-03-24
B01FYCP7VU,2025-03-31
B01FYCP7VU,2025-04-07
B01FYCP7VU,2025-04-14
B01FYCP7VU,2025-04-21
B01FYCP7VU,2025-04-28
B01FYCP7VU,2025-05-05
B01FYCP7VU,2025-05-12
B01FYCP7VU,2025-05-19
B01FYCP7VU,2025-05-26
B01FYCP7VU,2025-06-02
B01FYCP7VU,2025-06-09
B01FYCP7VU,2025-06-16
B01FYCP7VU,2025-06-23
B01FYCP7VU,2025-06-30
B01FYCP7VU,2025-07-07
B01FYCP7VU,2025-07-14
B01FYCP7VU,2025-07-21
B01FYCP7VU,2025-07-28
B01FYCP7VU,2025-08-04
B01FYCP7VU,2025-08-11
B01FYCP7VU,2025-08-18
B01FYCP7VU,2025-08-25
B01FYCP7VU,2025-09-01
B01FYCP7VU,2025-09-08
B01FYCP7VU,2025-09-15
B01FYCP7VU,2025-09-22
B01FYCP7VU,2025-09-29
B01FYCP7VU,2025-10-06
B01FYCP7VU,2025-10-13
B01FYCP7VU,2025-10-20
B01FYCP7VU,2025-10-27
B01FYCP7VU,2025-11-03
B01FYCP7VU,2025-11-10
B01FYCP7VU,2025-11-17
B01FYCP7VU,2025-11-24
B01FYCP7VU,2025-12-01
B01FYCP7VU,2025-12-08
B01FYCP7VU,2025-12-15
B01FYCP7VU,2025-12-22
B01FYCP7VU,2025-12-29
B01FYCP7VU,2026-01-05
B01FYCP7VU,2026-01-12
B01FYCP7VU,2026-01-19
B01FYCP7VU,2026-01-26
B01FYCP7VU,2026-02-02
B01FYCP7VU,2026-02-09
B01FYCP7VU,2026-02-16
B01FYCP7VU,2026-02-23
B01FYCP7VU,2026-03-02
B01FYCP7VU,2026-03-09
B01FYCP7VU,2026-03-16
B01FYCP7VU,2026-03-23
B01FYCP7VU,2026-03-30
B01FYE0PN8,2025-03-03
B01FYE0PN8,2025-03-10
B01FYE0PN8,2025-03-17
B01FYE0PN8,2025-03-24
B01FYE0PN8,2025-03-31
B01FYE0PN8,2025-04-07
B01FYE0PN8,2025-04-14
B01FYE0PN8,2025-04-21
B01FYE0PN8,2025-04-28
B01FYE0PN8,2025-05-05
B01FYE0PN8,2025-05-12
B01FYE0PN8,2025-05-19
B01FYE0PN8,2025-05-26
B01FYE0PN8,2025-06-02
B01FYE0PN8,2025-06-09
B01FYE0PN8,2025-06-16
B01FYE0PN8,2025-06-23
B01FYE0PN8,2025-06-30
B01FYE0PN8,2025-07-07
B01FYE0PN8,2025-07-14
B01FYE0PN8,2025-07-21
B01FYE0PN8,2025-07-28
B01FYE0PN8,2025-08-04
B01FYE0PN8,2025-08-11
B01FYE0PN8,2025-08-18
B01FYE0PN8,2025-08-25
B01FYE0PN8,2025-09-01
B01FYE0PN8,2025-09-08
B01FYE0PN8,2025-09-15
B01FYE0PN8,2025-09-22
B01FYE0PN8,2025-09-29
B01FYE0PN8,2025-10-06
B01FYE0PN8,2025-10-13
B01FYE0PN8,2025-10-20
B01FYE0PN8,2025-10-27
B01FYE0PN8,2025-11-03
B01FYE0PN8,2025-11-10
B01FYE0PN8,2025-11-17
B01FYE0PN8,2025-11-24
B01FYE0PN8,2025-12-01
B01FYE0PN8,2025-12-08
B01FYE0PN8,2025-12-15
B01FYE0PN8,2025-12-22
B01FYE0PN8,2025-12-29
B01FYE0PN8,2026-01-05
B01FYE0PN8,2026-01-12
B01FYE0PN8,2026-01-19
B01FYE0PN8,2026-01-26
B01FYE0PN8,2026-02-02
B01FYE0PN8,2026-02-09
B01FYE0PN8,2026-02-16
B01FYE0PN8,2026-02-23
B01FYE0PN8,2026-03-02
B01FYE0PN8,2026-03-09
B01FYE0PN8,2026-03-16
B01FYE0PN8,2026-03-23
B01FYE0PN8,2026-03-30
B01FYE0PN8,2025-03-03
B01FYE0PN8,2025-03-10
B01FYE0PN8,2025-03-17
B01FYE0PN8,2025-03-24
B01FYE0PN8,2025-03-31
B01FYE0PN8,2025-04-07
B01FYE0PN8,2025-04-14
B01FYE0PN8,2025-04-21
B01FYE0PN8,2025-04-28
B01FYE0PN8,2025-05-05
B01FYE0PN8,2025-05-12
B01FYE0PN8,2025-05-19
B01FYE0PN8,2025-05-26
B01FYE0PN8,2025-06-02
B01FYE0PN8,2025-06-09
B01FYE0PN8,2025-06-16
B01FYE0PN8,2025-06-23
B01FYE0PN8,2025-06-30
B01FYE0PN8,2025-07-07
B01FYE0PN8,2025-07-14
B01FYE0PN8,2025-07-21
B01FYE0PN8,2025-07-28
B01FYE0PN8,2025-08-04
B01FYE0PN8,2025-08-11
B01FYE0PN8,2025-08-18
B01FYE0PN8,2025-08-25
B01FYE0PN8,2025-09-01
B01FYE0PN8,2025-09-08
B01FYE0PN8,2025-09-15
B01FYE0PN8,2025-09-22
B01FYE0PN8,2025-09-29
B01FYE0PN8,2025-10-06
B01FYE0PN8,2025-10-13
B01FYE0PN8,2025-10-20
B01FYE0PN8,2025-10-27
B01FYE0PN8,2025-11-03
B01FYE0PN8,2025-11-10
B01FYE0PN8,2025-11-17
B01FYE0PN8,2025-11-24
B01FYE0PN8,2025-12-01
B01FYE0PN8,2025-12-08
B01FYE0PN8,2025-12-15
B01FYE0PN8,2025-12-22
B01FYE0PN8,2025-12-29
B01FYE0PN8,2026-01-05
B01FYE0PN8,2026-01-12
B01FYE0PN8,2026-01-19
B01FYE0PN8,2026-01-26
B01FYE0PN8,2026-02-02
B01FYE0PN8,2026-02-09
B01FYE0PN8,2026-02-16
B01FYE0PN8,2026-02-23
B01FYE0PN8,2026-03-02
B01FYE0PN8,2026-03-09
B01FYE0PN8,2026-03-16
B01FYE0PN8,2026-03-23
B01FYE0PN8,2026-03-30
B01FYEYK2A,2025-03-03
B01FYEYK2A,2025-03-10
B01FYEYK2A,2025-03-17
B01FYEYK2A,2025-03-24
B01FYEYK2A,2025-03-31
B01FYEYK2A,2025-04-07
B01FYEYK2A,2025-04-14
B01FYEYK2A,2025-04-21
B01FYEYK2A,2025-04-28
B01FYEYK2A,2025-05-05
B01FYEYK2A,2025-05-12
B01FYEYK2A,2025-05-19
B01FYEYK2A,2025-05-26
B01FYEYK2A,2025-06-02
B01FYEYK2A,2025-06-09
B01FYEYK2A,2025-06-16
B01FYEYK2A,2025-06-23
B01FYEYK2A,2025-06-30
B01FYEYK2A,2025-07-07
B01FYEYK2A,2025-07-14
B01FYEYK2A,2025-07-21
B01FYEYK2A,2025-07-28
B01FYEYK2A,2025-08-04
B01FYEYK2A,2025-08-11
B01FYEYK2A,2025-08-18
B01FYEYK2A,2025-08-25
B01FYEYK2A,2025-09-01
B01FYEYK2A,2025-09-08
B01FYEYK2A,2025-09-15
B01FYEYK2A,2025-09-22
B01FYEYK2A,2025-09-29
B01FYEYK2A,2025-10-06
B01FYEYK2A,2025-10-13
B01FYEYK2A,2025-10-20
B01FYEYK2A,2025-10-27
B01FYEYK2A,2025-11-03
B01FYEYK2A,2025-11-10
B01FYEYK2A,2025-11-17
B01FYEYK2A,2025-11-24
B01FYEYK2A,2025-12-01
B01FYEYK2A,2025-12-08
B01FYEYK2A,2025-12-15
B01FYEYK2A,2025-12-22
B01FYEYK2A,2025-12-29
B01FYEYK2A,2026-01-05
B01FYEYK2A,2026-01-12
B01FYEYK2A,2026-01-19
B01FYEYK2A,2026-01-26
B01FYEYK2A,2026-02-02
B01FYEYK2A,2026-02-09
B01FYEYK2A,2026-02-16
B01FYEYK2A,2026-02-23
B01FYEYK2A,2026-03-02
B01FYEYK2A,2026-03-09
B01FYEYK2A,2026-03-16
B01FYEYK2A,2026-03-23
B01FYEYK2A,2026-03-30
B01FYEYK2A,2025-03-03
B01FYEYK2A,2025-03-10
B01FYEYK2A,2025-03-17
B01FYEYK2A,2025-03-24
B01FYEYK2A,2025-03-31
B01FYEYK2A,2025-04-07
B01FYEYK2A,2025-04-14
B01FYEYK2A,2025-04-21
B01FYEYK2A,2025-04-28
B01FYEYK2A,2025-05-05
B01FYEYK2A,2025-05-12
B01FYEYK2A,2025-05-19
B01FYEYK2A,2025-05-26
B01FYEYK2A,2025-06-02
B01FYEYK2A,2025-06-09
B01FYEYK2A,2025-06-16
B01FYEYK2A,2025-06-23
B01FYEYK2A,2025-06-30
B01FYEYK2A,2025-07-07
B01FYEYK2A,2025-07-14
B01FYEYK2A,2025-07-21
B01FYEYK2A,2025-07-28
B01FYEYK2A,2025-08-04
B01FYEYK2A,2025-08-11
B01FYEYK2A,2025-08-18
B01FYEYK2A,2025-08-25
B01FYEYK2A,2025-09-01
B01FYEYK2A,2025-09-08
B01FYEYK2A,2025-09-15
B01FYEYK2A,2025-09-22
B01FYEYK2A,2025-09-29
B01FYEYK2A,2025-10-06
B01FYEYK2A,2025-10-13
B01FYEYK2A,2025-10-20
B01FYEYK2A,2025-10-27
B01FYEYK2A,2025-11-03
B01FYEYK2A,2025-11-10
B01FYEYK2A,2025-11-17
B01FYEYK2A,2025-11-24
B01FYEYK2A,2025-12-01
B01FYEYK2A,2025-12-08
B01FYEYK2A,2025-12-15
B01FYEYK2A,2025-12-22
B01FYEYK2A,2025-12-29
B01FYEYK2A,2026-01-05
B01FYEYK2A,2026-01-12
B01FYEYK2A,2026-01-19
B01FYEYK2A,2026-01-26
B01FYEYK2A,2026-02-02
B01FYEYK2A,2026-02-09
B01FYEYK2A,2026-02-16
B01FYEYK2A,2026-02-23
B01FYEYK2A,2026-03-02
B01FYEYK2A,2026-03-09
B01FYEYK2A,2026-03-16
B01FYEYK2A,2026-03-23
B01FYEYK2A,2026-03-30
B01KATZXQQ,2025-03-03
B01KATZXQQ,2025-03-10
B01KATZXQQ,2025-03-17
B01KATZXQQ,2025-03-24
B01KATZXQQ,2025-03-31
B01KATZXQQ,2025-04-07
B01KATZXQQ,2025-04-14
B01KATZXQQ,2025-04-21
B01KATZXQQ,2025-04-28
B01KATZXQQ,2025-05-05
B01KATZXQQ,2025-05-12
B01KATZXQQ,2025-05-19
B01KATZXQQ,2025-05-26
B01KATZXQQ,2025-06-02
B01KATZXQQ,2025-06-09
B01KATZXQQ,2025-06-16
B01KATZXQQ,2025-06-23
B01KATZXQQ,2025-06-30
B01KATZXQQ,2025-07-07
B01KATZXQQ,2025-07-14
B01KATZXQQ,2025-07-21
B01KATZXQQ,2025-07-28
B01KATZXQQ,2025-08-04
B01KATZXQQ,2025-08-11
B01KATZXQQ,2025-08-18
B01KATZXQQ,2025-08-25
B01KATZXQQ,2025-09-01
B01KATZXQQ,2025-09-08
B01KATZXQQ,2025-09-15
B01KATZXQQ,2025-09-22
B01KATZXQQ,2025-09-29
B01KATZXQQ,2025-10-06
B01KATZXQQ,2025-10-13
B01KATZXQQ,2025-10-20
B01KATZXQQ,2025-10-27
B01KATZXQQ,2025-11-03
B01KATZXQQ,2025-11-10
B01KATZXQQ,2025-11-17
B01KATZXQQ,2025-11-24
B01KATZXQQ,2025-12-01
B01KATZXQQ,2025-12-08
B01KATZXQQ,2025-12-15
B01KATZXQQ,2025-12-22
B01KATZXQQ,2025-12-29
B01KATZXQQ,2026-01-05
B01KATZXQQ,2026-01-12
B01KATZXQQ,2026-01-19
B01KATZXQQ,2026-01-26
B01KATZXQQ,2026-02-02
B01KATZXQQ,2026-02-09
B01KATZXQQ,2026-02-16
B01KATZXQQ,2026-02-23
B01KATZXQQ,2026-03-02
B01KATZXQQ,2026-03-09
B01KATZXQQ,2026-03-16
B01KATZXQQ,2026-03-23
B01KATZXQQ,2026-03-30
B01KATZXQQ,2025-03-03
B01KATZXQQ,2025-03-10
B01KATZXQQ,2025-03-17
B01KATZXQQ,2025-03-24
B01KATZXQQ,2025-03-31
B01KATZXQQ,2025-04-07
B01KATZXQQ,2025-04-14
B01KATZXQQ,2025-04-21
B01KATZXQQ,2025-04-28
B01KATZXQQ,2025-05-05
B01KATZXQQ,2025-05-12
B01KATZXQQ,2025-05-19
B01KATZXQQ,2025-05-26
B01KATZXQQ,2025-06-02
B01KATZXQQ,2025-06-09
B01KATZXQQ,2025-06-16
B01KATZXQQ,2025-06-23
B01KATZXQQ,2025-06-30
B01KATZXQQ,2025-07-07
B01KATZXQQ,2025-07-14
B01KATZXQQ,2025-07-21
B01KATZXQQ,2025-07-28
B01KATZXQQ,2025-08-04
B01KATZXQQ,2025-08-11
B01KATZXQQ,2025-08-18
B01KATZXQQ,2025-08-25
B01KATZXQQ,2025-09-01
B01KATZXQQ,2025-09-08
B01KATZXQQ,2025-09-15
B01KATZXQQ,2025-09-22
B01KATZXQQ,2025-09-29
B01KATZXQQ,2025-10-06
B01KATZXQQ,2025-10-13
B01KATZXQQ,2025-10-20
B01KATZXQQ,2025-10-27
B01KATZXQQ,2025-11-03
B01KATZXQQ,2025-11-10
B01KATZXQQ,2025-11-17
B01KATZXQQ,2025-11-24
B01KATZXQQ,2025-12-01
B01KATZXQQ,2025-12-08
B01KATZXQQ,2025-12-15
B01KATZXQQ,2025-12-22
B01KATZXQQ,2025-12-29
B01KATZXQQ,2026-01-05
B01KATZXQQ,2026-01-12
B01KATZXQQ,2026-01-19
B01KATZXQQ,2026-01-26
B01KATZXQQ,2026-02-02
B01KATZXQQ,2026-02-09
B01KATZXQQ,2026-02-16
B01KATZXQQ,2026-02-23
B01KATZXQQ,2026-03-02
B01KATZXQQ,2026-03-09
B01KATZXQQ,2026-03-16
B01KATZXQQ,2026-03-23
B01KATZXQQ,2026-03-30
B01N8YFC9S,2025-03-03
B01N8YFC9S,2025-03-10
B01N8YFC9S,2025-03-17
B01N8YFC9S,2025-03-24
B01N8YFC9S,2025-03-31
B01N8YFC9S,2025-04-07
B01N8YFC9S,2025-04-14
B01N8YFC9S,2025-04-21
B01N8YFC9S,2025-04-28
B01N8YFC9S,2025-05-05
B01N8YFC9S,2025-05-12
B01N8YFC9S,2025-05-19
B01N8YFC9S,2025-05-26
B01N8YFC9S,2025-06-02
B01N8YFC9S,2025-06-09
B01N8YFC9S,2025-06-16
B01N8YFC9S,2025-06-23
B01N8YFC9S,2025-06-30
B01N8YFC9S,2025-07-07
B01N8YFC9S,2025-07-14
B01N8YFC9S,2025-07-21
B01N8YFC9S,2025-07-28
B01N8YFC9S,2025-08-04
B01N8YFC9S,2025-08-11
B01N8YFC9S,2025-08-18
B01N8YFC9S,2025-08-25
B01N8YFC9S,2025-09-01
B01N8YFC9S,2025-09-08
B01N8YFC9S,2025-09-15
B01N8YFC9S,2025-09-22
B01N8YFC9S,2025-09-29
B01N8YFC9S,2025-10-06
B01N8YFC9S,2025-10-13
B01N8YFC9S,2025-10-20
B01N8YFC9S,2025-10-27
B01N8YFC9S,2025-11-03
B01N8YFC9S,2025-11-10
B01N8YFC9S,2025-11-17
B01N8YFC9S,2025-11-24
B01N8YFC9S,2025-12-01
B01N8YFC9S,2025-12-08
B01N8YFC9S,2025-12-15
B01N8YFC9S,2025-12-22
B01N8YFC9S,2025-12-29
B01N8YFC9S,2026-01-05
B01N8YFC9S,2026-01-12
B01N8YFC9S,2026-01-19
B01N8YFC9S,2026-01-26
B01N8YFC9S,2026-02-02
B01N8YFC9S,2026-02-09
B01N8YFC9S,2026-02-16
B01N8YFC9S,2026-02-23
B01N8YFC9S,2026-03-02
B01N8YFC9S,2026-03-09
B01N8YFC9S,2026-03-16
B01N8YFC9S,2026-03-23
B01N8YFC9S,2026-03-30
B01N8YFC9S,2025-03-03
B01N8YFC9S,2025-03-10
B01N8YFC9S,2025-03-17
B01N8YFC9S,2025-03-24
B01N8YFC9S,2025-03-31
B01N8YFC9S,2025-04-07
B01N8YFC9S,2025-04-14
B01N8YFC9S,2025-04-21
B01N8YFC9S,2025-04-28
B01N8YFC9S,2025-05-05
B01N8YFC9S,2025-05-12
B01N8YFC9S,2025-05-19
B01N8YFC9S,2025-05-26
B01N8YFC9S,2025-06-02
B01N8YFC9S,2025-06-09
B01N8YFC9S,2025-06-16
B01N8YFC9S,2025-06-23
B01N8YFC9S,2025-06-30
B01N8YFC9S,2025-07-07
B01N8YFC9S,2025-07-14
B01N8YFC9S,2025-07-21
B01N8YFC9S,2025-07-28
B01N8YFC9S,2025-08-04
B01N8YFC9S,2025-08-11
B01N8YFC9S,2025-08-18
B01N8YFC9S,2025-08-25
B01N8YFC9S,2025-09-01
B01N8YFC9S,2025-09-08
B01N8YFC9S,2025-09-15
B01N8YFC9S,2025-09-22
B01N8YFC9S,2025-09-29
B01N8YFC9S,2025-10-06
B01N8YFC9S,2025-10-13
B01N8YFC9S,2025-10-20
B01N8YFC9S,2025-10-27
B01N8YFC9S,2025-11-03
B01N8YFC9S,2025-11-10
B01N8YFC9S,2025-11-17
B01N8YFC9S,2025-11-24
B01N8YFC9S,2025-12-01
B01N8YFC9S,2025-12-08
B01N8YFC9S,2025-12-15
B01N8YFC9S,2025-12-22
B01N8YFC9S,2025-12-29
B01N8YFC9S,2026-01-05
B01N8YFC9S,2026-01-12
B01N8YFC9S,2026-01-19
B01N8YFC9S,2026-01-26
B01N8YFC9S,2026-02-02
B01N8YFC9S,2026-02-09
B01N8YFC9S,2026-02-16
B01N8YFC9S,2026-02-23
B01N8YFC9S,2026-03-02
B01N8YFC9S,2026-03-09
B01N8YFC9S,2026-03-16
B01N8YFC9S,2026-03-23
B01N8YFC9S,2026-03-30
B06XC1S62W,2025-03-03
B06XC1S62W,2025-03-10
B06XC1S62W,2025-03-17
B06XC1S62W,2025-03-24
B06XC1S62W,2025-03-31
B06XC1S62W,2025-04-07
B06XC1S62W,2025-04-14
B06XC1S62W,2025-04-21
B06XC1S62W,2025-04-28
B06XC1S62W,2025-05-05
B06XC1S62W,2025-05-12
B06XC1S62W,2025-05-19
B06XC1S62W,2025-05-26
B06XC1S62W,2025-06-02
B06XC1S62W,2025-06-09
B06XC1S62W,2025-06-16
B06XC1S62W,2025-06-23
B06XC1S62W,2025-06-30
B06XC1S62W,2025-07-07
B06XC1S62W,2025-07-14
B06XC1S62W,2025-07-21
B06XC1S62W,2025-07-28
B06XC1S62W,2025-08-04
B06XC1S62W,2025-08-11
B06XC1S62W,2025-08-18
B06XC1S62W,2025-08-25
B06XC1S62W,2025-09-01
B06XC1S62W,2025-09-08
B06XC1S62W,2025-09-15
B06XC1S62W,2025-09-22
B06XC1S62W,2025-09-29
B06XC1S62W,2025-10-06
B06XC1S62W,2025-10-13
B06XC1S62W,2025-10-20
B06XC1S62W,2025-10-27
B06XC1S62W,2025-11-03
B06XC1S62W,2025-11-10
B06XC1S62W,2025-11-17
B06XC1S62W,2025-11-24
B06XC1S62W,2025-12-01
B06XC1S62W,2025-12-08
B06XC1S62W,2025-12-15
B06XC1S62W,2025-12-22
B06XC1S62W,2025-12-29
B06XC1S62W,2026-01-05
B06XC1S62W,2026-01-12
B06XC1S62W,2026-01-19
B06XC1S62W,2026-01-26
B06XC1S62W,2026-02-02
B06XC1S62W,2026-02-09
B06XC1S62W,2026-02-16
B06XC1S62W,2026-02-23
B06XC1S62W,2026-03-02
B06XC1S62W,2026-03-09
B06XC1S62W,2026-03-16
B06XC1S62W,2026-03-23
B06XC1S62W,2026-03-30
B06XC1S62W,2025-03-03
B06XC1S62W,2025-03-10
B06XC1S62W,2025-03-17
B06XC1S62W,2025-03-24
B06XC1S62W,2025-03-31
B06XC1S62W,2025-04-07
B06XC1S62W,2025-04-14
B06XC1S62W,2025-04-21
B06XC1S62W,2025-04-28
B06XC1S62W,2025-05-05
B06XC1S62W,2025-05-12
B06XC1S62W,2025-05-19
B06XC1S62W,2025-05-26
B06XC1S62W,2025-06-02
B06XC1S62W,2025-06-09
B06XC1S62W,2025-06-16
B06XC1S62W,2025-06-23
B06XC1S62W,2025-06-30
B06XC1S62W,2025-07-07
B06XC1S62W,2025-07-14
B06XC1S62W,2025-07-21
B06XC1S62W,2025-07-28
B06XC1S62W,2025-08-04
B06XC1S62W,2025-08-11
B06XC1S62W,2025-08-18
B06XC1S62W,2025-08-25
B06XC1S62W,2025-09-01
B06XC1S62W,2025-09-08
B06XC1S62W,2025-09-15
B06XC1S62W,2025-09-22
B06XC1S62W,2025-09-29
B06XC1S62W,2025-10-06
B06XC1S62W,2025-10-13
B06XC1S62W,2025-10-20
B06XC1S62W,2025-10-27
B06XC1S62W,2025-11-03
B06XC1S62W,2025-11-10
B06XC1S62W,2025-11-17
B06XC1S62W,2025-11-24
B06XC1S62W,2025-12-01
B06XC1S62W,2025-12-08
B06XC1S62W,2025-12-15
B06XC1S62W,2025-12-22
B06XC1S62W,2025-12-29
B06XC1S62W,2026-01-05
B06XC1S62W,2026-01-12
B06XC1S62W,2026-01-19
B06XC1S62W,2026-01-26
B06XC1S62W,2026-02-02
B06XC1S62W,2026-02-09
B06XC1S62W,2026-02-16
B06XC1S62W,2026-02-23
B06XC1S62W,2026-03-02
B06XC1S62W,2026-03-09
B06XC1S62W,2026-03-16
B06XC1S62W,2026-03-23
B06XC1S62W,2026-03-30
B074MBX514,2025-03-03
B074MBX514,2025-03-10
B074MBX514,2025-03-17
B074MBX514,2025-03-24
B074MBX514,2025-03-31
B074MBX514,2025-04-07
B074MBX514,2025-04-14
B074MBX514,2025-04-21
B074MBX514,2025-04-28
B074MBX514,2025-05-05
B074MBX514,2025-05-12
B074MBX514,2025-05-19
B074MBX514,2025-05-26
B074MBX514,2025-06-02
B074MBX514,2025-06-09
B074MBX514,2025-06-16
B074MBX514,2025-06-23
B074MBX514,2025-06-30
B074MBX514,2025-07-07
B074MBX514,2025-07-14
B074MBX514,2025-07-21
B074MBX514,2025-07-28
B074MBX514,2025-08-04
B074MBX514,2025-08-11
B074MBX514,2025-08-18
B074MBX514,2025-08-25
B074MBX514,2025-09-01
B074MBX514,2025-09-08
B074MBX514,2025-09-15
B074MBX514,2025-09-22
B074MBX514,2025-09-29
B074MBX514,2025-10-06
B074MBX514,2025-10-13
B074MBX514,2025-10-20
B074MBX514,2025-10-27
B074MBX514,2025-11-03
B074MBX514,2025-11-10
B074MBX514,2025-11-17
B074MBX514,2025-11-24
B074MBX514,2025-12-01
B074MBX514,2025-12-08
B074MBX514,2025-12-15
B074MBX514,2025-12-22
B074MBX514,2025-12-29
B074MBX514,2026-01-05
B074MBX514,2026-01-12
B074MBX514,2026-01-19
B074MBX514,2026-01-26
B074MBX514,2026-02-02
B074MBX514,2026-02-09
B074MBX514,2026-02-16
B074MBX514,2026-02-23
B074MBX514,2026-03-02
B074MBX514,2026-03-09
B074MBX514,2026-03-16
B074MBX514,2026-03-23
B074MBX514,2026-03-30
B074MBX514,2025-03-03
B074MBX514,2025-03-10
B074MBX514,2025-03-17
B074MBX514,2025-03-24
B074MBX514,2025-03-31
B074MBX514,2025-04-07
B074MBX514,2025-04-14
B074MBX514,2025-04-21
B074MBX514,2025-04-28
B074MBX514,2025-05-05
B074MBX514,2025-05-12
B074MBX514,2025-05-19
B074MBX514,2025-05-26
B074MBX514,2025-06-02
B074MBX514,2025-06-09
B074MBX514,2025-06-16
B074MBX514,2025-06-23
B074MBX514,2025-06-30
B074MBX514,2025-07-07
B074MBX514,2025-07-14
B074MBX514,2025-07-21
B074MBX514,2025-07-28
B074MBX514,2025-08-04
B074MBX514,2025-08-11
B074MBX514,2025-08-18
B074MBX514,2025-08-25
B074MBX514,2025-09-01
B074MBX514,2025-09-08
B074MBX514,2025-09-15
B074MBX514,2025-09-22
B074MBX514,2025-09-29
B074MBX514,2025-10-06
B074MBX514,2025-10-13
B074MBX514,2025-10-20
B074MBX514,2025-10-27
B074MBX514,2025-11-03
B074MBX514,2025-11-10
B074MBX514,2025-11-17
B074MBX514,2025-11-24
B074MBX514,2025-12-01
B074MBX514,2025-12-08
B074MBX514,2025-12-15
B074MBX514,2025-12-22
B074MBX514,2025-12-29
B074MBX514,2026-01-05
B074MBX514,2026-01-12
B074MBX514,2026-01-19
B074MBX514,2026-01-26
B074MBX514,2026-02-02
B074MBX514,2026-02-09
B074MBX514,2026-02-16
B074MBX514,2026-02-23
B074MBX514,2026-03-02
B074MBX514,2026-03-09
B074MBX514,2026-03-16
B074MBX514,2026-03-23
B074MBX514,2026-03-30
B074NWWVNM,2025-03-03
B074NWWVNM,2025-03-10
B074NWWVNM,2025-03-17
B074NWWVNM,2025-03-24
B074NWWVNM,2025-03-31
B074NWWVNM,2025-04-07
B074NWWVNM,2025-04-14
B074NWWVNM,2025-04-21
B074NWWVNM,2025-04-28
B074NWWVNM,2025-05-05
B074NWWVNM,2025-05-12
B074NWWVNM,2025-05-19
B074NWWVNM,2025-05-26
B074NWWVNM,2025-06-02
B074NWWVNM,2025-06-09
B074NWWVNM,2025-06-16
B074NWWVNM,2025-06-23
B074NWWVNM,2025-06-30
B074NWWVNM,2025-07-07
B074NWWVNM,2025-07-14
B074NWWVNM,2025-07-21
B074NWWVNM,2025-07-28
B074NWWVNM,2025-08-04
B074NWWVNM,2025-08-11
B074NWWVNM,2025-08-18
B074NWWVNM,2025-08-25
B074NWWVNM,2025-09-01
B074NWWVNM,2025-09-08
B074NWWVNM,2025-09-15
B074NWWVNM,2025-09-22
B074NWWVNM,2025-09-29
B074NWWVNM,2025-10-06
B074NWWVNM,2025-10-13
B074NWWVNM,2025-10-20
B074NWWVNM,2025-10-27
B074NWWVNM,2025-11-03
B074NWWVNM,2025-11-10
B074NWWVNM,2025-11-17
B074NWWVNM,2025-11-24
B074NWWVNM,2025-12-01
B074NWWVNM,2025-12-08
B074NWWVNM,2025-12-15
B074NWWVNM,2025-12-22
B074NWWVNM,2025-12-29
B074NWWVNM,2026-01-05
B074NWWVNM,2026-01-12
B074NWWVNM,2026-01-19
B074NWWVNM,2026-01-26
B074NWWVNM,2026-02-02
B074NWWVNM,2026-02-09
B074NWWVNM,2026-02-16
B074NWWVNM,2026-02-23
B074NWWVNM,2026-03-02
B074NWWVNM,2026-03-09
B074NWWVNM,2026-03-16
B074NWWVNM,2026-03-23
B074NWWVNM,2026-03-30
B074NWWVNM,2025-03-03
B074NWWVNM,2025-03-10
B074NWWVNM,2025-03-17
B074NWWVNM,2025-03-24
B074NWWVNM,2025-03-31
B074NWWVNM,2025-04-07
B074NWWVNM,2025-04-14
B074NWWVNM,2025-04-21
B074NWWVNM,2025-04-28
B074NWWVNM,2025-05-05
B074NWWVNM,2025-05-12
B074NWWVNM,2025-05-19
B074NWWVNM,2025-05-26
B074NWWVNM,2025-06-02
B074NWWVNM,2025-06-09
B074NWWVNM,2025-06-16
B074NWWVNM,2025-06-23
B074NWWVNM,2025-06-30
B074NWWVNM,2025-07-07
B074NWWVNM,2025-07-14
B074NWWVNM,2025-07-21
B074NWWVNM,2025-07-28
B074NWWVNM,2025-08-04
B074NWWVNM,2025-08-11
B074NWWVNM,2025-08-18
B074NWWVNM,2025-08-25
B074NWWVNM,2025-09-01
B074NWWVNM,2025-09-08
B074NWWVNM,2025-09-15
B074NWWVNM,2025-09-22
B074NWWVNM,2025-09-29
B074NWWVNM,2025-10-06
B074NWWVNM,2025-10-13
B074NWWVNM,2025-10-20
B074NWWVNM,2025-10-27
B074NWWVNM,2025-11-03
B074NWWVNM,2025-11-10
B074NWWVNM,2025-11-17
B074NWWVNM,2025-11-24
B074NWWVNM,2025-12-01
B074NWWVNM,2025-12-08
B074NWWVNM,2025-12-15
B074NWWVNM,2025-12-22
B074NWWVNM,2025-12-29
B074NWWVNM,2026-01-05
B074NWWVNM,2026-01-12
B074NWWVNM,2026-01-19
B074NWWVNM,2026-01-26
B074NWWVNM,2026-02-02
B074NWWVNM,2026-02-09
B074NWWVNM,2026-02-16
B074NWWVNM,2026-02-23
B074NWWVNM,2026-03-02
B074NWWVNM,2026-03-09
B074NWWVNM,2026-03-16
B074NWWVNM,2026-03-23
B074NWWVNM,2026-03-30
B074NZZ6C8,2025-03-03
B074NZZ6C8,2025-03-10
B074NZZ6C8,2025-03-17
B074NZZ6C8,2025-03-24
B074NZZ6C8,2025-03-31
B074NZZ6C8,2025-04-07
B074NZZ6C8,2025-04-14
B074NZZ6C8,2025-04-21
B074NZZ6C8,2025-04-28
B074NZZ6C8,2025-05-05
B074NZZ6C8,2025-05-12
B074NZZ6C8,2025-05-19
B074NZZ6C8,2025-05-26
B074NZZ6C8,2025-06-02
B074NZZ6C8,2025-06-09
B074NZZ6C8,2025-06-16
B074NZZ6C8,2025-06-23
B074NZZ6C8,2025-06-30
B074NZZ6C8,2025-07-07
B074NZZ6C8,2025-07-14
B074NZZ6C8,2025-07-21
B074NZZ6C8,2025-07-28
B074NZZ6C8,2025-08-04
B074NZZ6C8,2025-08-11
B074NZZ6C8,2025-08-18
B074NZZ6C8,2025-08-25
B074NZZ6C8,2025-09-01
B074NZZ6C8,2025-09-08
B074NZZ6C8,2025-09-15
B074NZZ6C8,2025-09-22
B074NZZ6C8,2025-09-29
B074NZZ6C8,2025-10-06
B074NZZ6C8,2025-10-13
B074NZZ6C8,2025-10-20
B074NZZ6C8,2025-10-27
B074NZZ6C8,2025-11-03
B074NZZ6C8,2025-11-10
B074NZZ6C8,2025-11-17
B074NZZ6C8,2025-11-24
B074NZZ6C8,2025-12-01
B074NZZ6C8,2025-12-08
B074NZZ6C8,2025-12-15
B074NZZ6C8,2025-12-22
B074NZZ6C8,2025-12-29
B074NZZ6C8,2026-01-05
B074NZZ6C8,2026-01-12
B074NZZ6C8,2026-01-19
B074NZZ6C8,2026-01-26
B074NZZ6C8,2026-02-02
B074NZZ6C8,2026-02-09
B074NZZ6C8,2026-02-16
B074NZZ6C8,2026-02-23
B074NZZ6C8,2026-03-02
B074NZZ6C8,2026-03-09
B074NZZ6C8,2026-03-16
B074NZZ6C8,2026-03-23
B074NZZ6C8,2026-03-30
B074NZZ6C8,2025-03-03
B074NZZ6C8,2025-03-10
B074NZZ6C8,2025-03-17
B074NZZ6C8,2025-03-24
B074NZZ6C8,2025-03-31
B074NZZ6C8,2025-04-07
B074NZZ6C8,2025-04-14
B074NZZ6C8,2025-04-21
B074NZZ6C8,2025-04-28
B074NZZ6C8,2025-05-05
B074NZZ6C8,2025-05-12
B074NZZ6C8,2025-05-19
B074NZZ6C8,2025-05-26
B074NZZ6C8,2025-06-02
B074NZZ6C8,2025-06-09
B074NZZ6C8,2025-06-16
B074NZZ6C8,2025-06-23
B074NZZ6C8,2025-06-30
B074NZZ6C8,2025-07-07
B074NZZ6C8,2025-07-14
B074NZZ6C8,2025-07-21
B074NZZ6C8,2025-07-28
B074NZZ6C8,2025-08-04
B074NZZ6C8,2025-08-11
B074NZZ6C8,2025-08-18
B074NZZ6C8,2025-08-25
B074NZZ6C8,2025-09-01
B074NZZ6C8,2025-09-08
B074NZZ6C8,2025-09-15
B074NZZ6C8,2025-09-22
B074NZZ6C8,2025-09-29
B074NZZ6C8,2025-10-06
B074NZZ6C8,2025-10-13
B074NZZ6C8,2025-10-20
B074NZZ6C8,2025-10-27
B074NZZ6C8,2025-11-03
B074NZZ6C8,2025-11-10
B074NZZ6C8,2025-11-17
B074NZZ6C8,2025-11-24
B074NZZ6C8,2025-12-01
B074NZZ6C8,2025-12-08
B074NZZ6C8,2025-12-15
B074NZZ6C8,2025-12-22
B074NZZ6C8,2025-12-29
B074NZZ6C8,2026-01-05
B074NZZ6C8,2026-01-12
B074NZZ6C8,2026-01-19
B074NZZ6C8,2026-01-26
B074NZZ6C8,2026-02-02
B074NZZ6C8,2026-02-09
B074NZZ6C8,2026-02-16
B074NZZ6C8,2026-02-23
B074NZZ6C8,2026-03-02
B074NZZ6C8,2026-03-09
B074NZZ6C8,2026-03-16
B074NZZ6C8,2026-03-23
B074NZZ6C8,2026-03-30
B074P2BSHY,2025-03-03
B074P2BSHY,2025-03-10
B074P2BSHY,2025-03-17
B074P2BSHY,2025-03-24
B074P2BSHY,2025-03-31
B074P2BSHY,2025-04-07
B074P2BSHY,2025-04-14
B074P2BSHY,2025-04-21
B074P2BSHY,2025-04-28
B074P2BSHY,2025-05-05
B074P2BSHY,2025-05-12
B074P2BSHY,2025-05-19
B074P2BSHY,2025-05-26
B074P2BSHY,2025-06-02
B074P2BSHY,2025-06-09
B074P2BSHY,2025-06-16
B074P2BSHY,2025-06-23
B074P2BSHY,2025-06-30
B074P2BSHY,2025-07-07
B074P2BSHY,2025-07-14
B074P2BSHY,2025-07-21
B074P2BSHY,2025-07-28
B074P2BSHY,2025-08-04
B074P2BSHY,2025-08-11
B074P2BSHY,2025-08-18
B074P2BSHY,2025-08-25
B074P2BSHY,2025-09-01
B074P2BSHY,2025-09-08
B074P2BSHY,2025-09-15
B074P2BSHY,2025-09-22
B074P2BSHY,2025-09-29
B074P2BSHY,2025-10-06
B074P2BSHY,2025-10-13
B074P2BSHY,2025-10-20
B074P2BSHY,2025-10-27
B074P2BSHY,2025-11-03
B074P2BSHY,2025-11-10
B074P2BSHY,2025-11-17
B074P2BSHY,2025-11-24
B074P2BSHY,2025-12-01
B074P2BSHY,2025-12-08
B074P2BSHY,2025-12-15
B074P2BSHY,2025-12-22
B074P2BSHY,2025-12-29
B074P2BSHY,2026-01-05
B074P2BSHY,2026-01-12
B074P2BSHY,2026-01-19
B074P2BSHY,2026-01-26
B074P2BSHY,2026-02-02
B074P2BSHY,2026-02-09
B074P2BSHY,2026-02-16
B074P2BSHY,2026-02-23
B074P2BSHY,2026-03-02
B074P2BSHY,2026-03-09
B074P2BSHY,2026-03-16
B074P2BSHY,2026-03-23
B074P2BSHY,2026-03-30
B074P2BSHY,2025-03-03
B074P2BSHY,2025-03-10
B074P2BSHY,2025-03-17
B074P2BSHY,2025-03-24
B074P2BSHY,2025-03-31
B074P2BSHY,2025-04-07
B074P2BSHY,2025-04-14
B074P2BSHY,2025-04-21
B074P2BSHY,2025-04-28
B074P2BSHY,2025-05-05
B074P2BSHY,2025-05-12
B074P2BSHY,2025-05-19
B074P2BSHY,2025-05-26
B074P2BSHY,2025-06-02
B074P2BSHY,2025-06-09
B074P2BSHY,2025-06-16
B074P2BSHY,2025-06-23
B074P2BSHY,2025-06-30
B074P2BSHY,2025-07-07
B074P2BSHY,2025-07-14
B074P2BSHY,2025-07-21
B074P2BSHY,2025-07-28
B074P2BSHY,2025-08-04
B074P2BSHY,2025-08-11
B074P2BSHY,2025-08-18
B074P2BSHY,2025-08-25
B074P2BSHY,2025-09-01
B074P2BSHY,2025-09-08
B074P2BSHY,2025-09-15
B074P2BSHY,2025-09-22
B074P2BSHY,2025-09-29
B074P2BSHY,2025-10-06
B074P2BSHY,2025-10-13
B074P2BSHY,2025-10-20
B074P2BSHY,2025-10-27
B074P2BSHY,2025-11-03
B074P2BSHY,2025-11-10
B074P2BSHY,2025-11-17
B074P2BSHY,2025-11-24
B074P2BSHY,2025-12-01
B074P2BSHY,2025-12-08
B074P2BSHY,2025-12-15
B074P2BSHY,2025-12-22
B074P2BSHY,2025-12-29
B074P2BSHY,2026-01-05
B074P2BSHY,2026-01-12
B074P2BSHY,2026-01-19
B074P2BSHY,2026-01-26
B074P2BSHY,2026-02-02
B074P2BSHY,2026-02-09
B074P2BSHY,2026-02-16
B074P2BSHY,2026-02-23
B074P2BSHY,2026-03-02
B074P2BSHY,2026-03-09
B074P2BSHY,2026-03-16
B074P2BSHY,2026-03-23
B074P2BSHY,2026-03-30
B079D795LG,2025-03-03
B079D795LG,2025-03-10
B079D795LG,2025-03-17
B079D795LG,2025-03-24
B079D795LG,2025-03-31
B079D795LG,2025-04-07
B079D795LG,2025-04-14
B079D795LG,2025-04-21
B079D795LG,2025-04-28
B079D795LG,2025-05-05
B079D795LG,2025-05-12
B079D795LG,2025-05-19
B079D795LG,2025-05-26
B079D795LG,2025-06-02
B079D795LG,2025-06-09
B079D795LG,2025-06-16
B079D795LG,2025-06-23
B079D795LG,2025-06-30
B079D795LG,2025-07-07
B079D795LG,2025-07-14
B079D795LG,2025-07-21
B079D795LG,2025-07-28
B079D795LG,2025-08-04
B079D795LG,2025-08-11
B079D795LG,2025-08-18
B079D795LG,2025-08-25
B079D795LG,2025-09-01
B079D795LG,2025-09-08
B079D795LG,2025-09-15
B079D795LG,2025-09-22
B079D795LG,2025-09-29
B079D795LG,2025-10-06
B079D795LG,2025-10-13
B079D795LG,2025-10-20
B079D795LG,2025-10-27
B079D795LG,2025-11-03
B079D795LG,2025-11-10
B079D795LG,2025-11-17
B079D795LG,2025-11-24
B079D795LG,2025-12-01
B079D795LG,2025-12-08
B079D795LG,2025-12-15
B079D795LG,2025-12-22
B079D795LG,2025-12-29
B079D795LG,2026-01-05
B079D795LG,2026-01-12
B079D795LG,2026-01-19
B079D795LG,2026-01-26
B079D795LG,2026-02-02
B079D795LG,2026-02-09
B079D795LG,2026-02-16
B079D795LG,2026-02-23
B079D795LG,2026-03-02
B079D795LG,2026-03-09
B079D795LG,2026-03-16
B079D795LG,2026-03-23
B079D795LG,2026-03-30
B079D795LG,2025-03-03
B079D795LG,2025-03-10
B079D795LG,2025-03-17
B079D795LG,2025-03-24
B079D795LG,2025-03-31
B079D795LG,2025-04-07
B079D795LG,2025-04-14
B079D795LG,2025-04-21
B079D795LG,2025-04-28
B079D795LG,2025-05-05
B079D795LG,2025-05-12
B079D795LG,2025-05-19
B079D795LG,2025-05-26
B079D795LG,2025-06-02
B079D795LG,2025-06-09
B079D795LG,2025-06-16
B079D795LG,2025-06-23
B079D795LG,2025-06-30
B079D795LG,2025-07-07
B079D795LG,2025-07-14
B079D795LG,2025-07-21
B079D795LG,2025-07-28
B079D795LG,2025-08-04
B079D795LG,2025-08-11
B079D795LG,2025-08-18
B079D795LG,2025-08-25
B079D795LG,2025-09-01
B079D795LG,2025-09-08
B079D795LG,2025-09-15
B079D795LG,2025-09-22
B079D795LG,2025-09-29
B079D795LG,2025-10-06
B079D795LG,2025-10-13
B079D795LG,2025-10-20
B079D795LG,2025-10-27
B079D795LG,2025-11-03
B079D795LG,2025-11-10
B079D795LG,2025-11-17
B079D795LG,2025-11-24
B079D795LG,2025-12-01
B079D795LG,2025-12-08
B079D795LG,2025-12-15
B079D795LG,2025-12-22
B079D795LG,2025-12-29
B079D795LG,2026-01-05
B079D795LG,2026-01-12
B079D795LG,2026-01-19
B079D795LG,2026-01-26
B079D795LG,2026-02-02
B079D795LG,2026-02-09
B079D795LG,2026-02-16
B079D795LG,2026-02-23
B079D795LG,2026-03-02
B079D795LG,2026-03-09
B079D795LG,2026-03-16
B079D795LG,2026-03-23
B079D795LG,2026-03-30
B079DDBZCW,2025-03-03
B079DDBZCW,2025-03-10
B079DDBZCW,2025-03-17
B079DDBZCW,2025-03-24
B079DDBZCW,2025-03-31
B079DDBZCW,2025-04-07
B079DDBZCW,2025-04-14
B079DDBZCW,2025-04-21
B079DDBZCW,2025-04-28
B079DDBZCW,2025-05-05
B079DDBZCW,2025-05-12
B079DDBZCW,2025-05-19
B079DDBZCW,2025-05-26
B079DDBZCW,2025-06-02
B079DDBZCW,2025-06-09
B079DDBZCW,2025-06-16
B079DDBZCW,2025-06-23
B079DDBZCW,2025-06-30
B079DDBZCW,2025-07-07
B079DDBZCW,2025-07-14
B079DDBZCW,2025-07-21
B079DDBZCW,2025-07-28
B079DDBZCW,2025-08-04
B079DDBZCW,2025-08-11
B079DDBZCW,2025-08-18
B079DDBZCW,2025-08-25
B079DDBZCW,2025-09-01
B079DDBZCW,2025-09-08
B079DDBZCW,2025-09-15
B079DDBZCW,2025-09-22
B079DDBZCW,2025-09-29
B079DDBZCW,2025-10-06
B079DDBZCW,2025-10-13
B079DDBZCW,2025-10-20
B079DDBZCW,2025-10-27
B079DDBZCW,2025-11-03
B079DDBZCW,2025-11-10
B079DDBZCW,2025-11-17
B079DDBZCW,2025-11-24
B079DDBZCW,2025-12-01
B079DDBZCW,2025-12-08
B079DDBZCW,2025-12-15
B079DDBZCW,2025-12-22
B079DDBZCW,2025-12-29
B079DDBZCW,2026-01-05
B079DDBZCW,2026-01-12
B079DDBZCW,2026-01-19
B079DDBZCW,2026-01-26
B079DDBZCW,2026-02-02
B079DDBZCW,2026-02-09
B079DDBZCW,2026-02-16
B079DDBZCW,2026-02-23
B079DDBZCW,2026-03-02
B079DDBZCW,2026-03-09
B079DDBZCW,2026-03-16
B079DDBZCW,2026-03-23
B079DDBZCW,2026-03-30
B079DDBZCW,2025-03-03
B079DDBZCW,2025-03-10
B079DDBZCW,2025-03-17
B079DDBZCW,2025-03-24
B079DDBZCW,2025-03-31
B079DDBZCW,2025-04-07
B079DDBZCW,2025-04-14
B079DDBZCW,2025-04-21
B079DDBZCW,2025-04-28
B079DDBZCW,2025-05-05
B079DDBZCW,2025-05-12
B079DDBZCW,2025-05-19
B079DDBZCW,2025-05-26
B079DDBZCW,2025-06-02
B079DDBZCW,2025-06-09
B079DDBZCW,2025-06-16
B079DDBZCW,2025-06-23
B079DDBZCW,2025-06-30
B079DDBZCW,2025-07-07
B079DDBZCW,2025-07-14
B079DDBZCW,2025-07-21
B079DDBZCW,2025-07-28
B079DDBZCW,2025-08-04
B079DDBZCW,2025-08-11
B079DDBZCW,2025-08-18
B079DDBZCW,2025-08-25
B079DDBZCW,2025-09-01
B079DDBZCW,2025-09-08
B079DDBZCW,2025-09-15
B079DDBZCW,2025-09-22
B079DDBZCW,2025-09-29
B079DDBZCW,2025-10-06
B079DDBZCW,2025-10-13
B079DDBZCW,2025-10-20
B079DDBZCW,2025-10-27
B079DDBZCW,2025-11-03
B079DDBZCW,2025-11-10
B079DDBZCW,2025-11-17
B079DDBZCW,2025-11-24
B079DDBZCW,2025-12-01
B079DDBZCW,2025-12-08
B079DDBZCW,2025-12-15
B079DDBZCW,2025-12-22
B079DDBZCW,2025-12-29
B079DDBZCW,2026-01-05
B079DDBZCW,2026-01-12
B079DDBZCW,2026-01-19
B079DDBZCW,2026-01-26
B079DDBZCW,2026-02-02
B079DDBZCW,2026-02-09
B079DDBZCW,2026-02-16
B079DDBZCW,2026-02-23
B079DDBZCW,2026-03-02
B079DDBZCW,2026-03-09
B079DDBZCW,2026-03-16
B079DDBZCW,2026-03-23
B079DDBZCW,2026-03-30
B07B9HWC2C,2025-03-03
B07B9HWC2C,2025-03-10
B07B9HWC2C,2025-03-17
B07B9HWC2C,2025-03-24
B07B9HWC2C,2025-03-31
B07B9HWC2C,2025-04-07
B07B9HWC2C,2025-04-14
B07B9HWC2C,2025-04-21
B07B9HWC2C,2025-04-28
B07B9HWC2C,2025-05-05
B07B9HWC2C,2025-05-12
B07B9HWC2C,2025-05-19
B07B9HWC2C,2025-05-26
B07B9HWC2C,2025-06-02
B07B9HWC2C,2025-06-09
B07B9HWC2C,2025-06-16
B07B9HWC2C,2025-06-23
B07B9HWC2C,2025-06-30
B07B9HWC2C,2025-07-07
B07B9HWC2C,2025-07-14
B07B9HWC2C,2025-07-21
B07B9HWC2C,2025-07-28
B07B9HWC2C,2025-08-04
B07B9HWC2C,2025-08-11
B07B9HWC2C,2025-08-18
B07B9HWC2C,2025-08-25
B07B9HWC2C,2025-09-01
B07B9HWC2C,2025-09-08
B07B9HWC2C,2025-09-15
B07B9HWC2C,2025-09-22
B07B9HWC2C,2025-09-29
B07B9HWC2C,2025-10-06
B07B9HWC2C,2025-10-13
B07B9HWC2C,2025-10-20
B07B9HWC2C,2025-10-27
B07B9HWC2C,2025-11-03
B07B9HWC2C,2025-11-10
B07B9HWC2C,2025-11-17
B07B9HWC2C,2025-11-24
B07B9HWC2C,2025-12-01
B07B9HWC2C,2025-12-08
B07B9HWC2C,2025-12-15
B07B9HWC2C,2025-12-22
B07B9HWC2C,2025-12-29
B07B9HWC2C,2026-01-05
B07B9HWC2C,2026-01-12
B07B9HWC2C,2026-01-19
B07B9HWC2C,2026-01-26
B07B9HWC2C,2026-02-02
B07B9HWC2C,2026-02-09
B07B9HWC2C,2026-02-16
B07B9HWC2C,2026-02-23
B07B9HWC2C,2026-03-02
B07B9HWC2C,2026-03-09
B07B9HWC2C,2026-03-16
B07B9HWC2C,2026-03-23
B07B9HWC2C,2026-03-30
B07B9HWC2C,2025-03-03
B07B9HWC2C,2025-03-10
B07B9HWC2C,2025-03-17
B07B9HWC2C,2025-03-24
B07B9HWC2C,2025-03-31
B07B9HWC2C,2025-04-07
B07B9HWC2C,2025-04-14
B07B9HWC2C,2025-04-21
B07B9HWC2C,2025-04-28
B07B9HWC2C,2025-05-05
B07B9HWC2C,2025-05-12
B07B9HWC2C,2025-05-19
B07B9HWC2C,2025-05-26
B07B9HWC2C,2025-06-02
B07B9HWC2C,2025-06-09
B07B9HWC2C,2025-06-16
B07B9HWC2C,2025-06-23
B07B9HWC2C,2025-06-30
B07B9HWC2C,2025-07-07
B07B9HWC2C,2025-07-14
B07B9HWC2C,2025-07-21
B07B9HWC2C,2025-07-28
B07B9HWC2C,2025-08-04
B07B9HWC2C,2025-08-11
B07B9HWC2C,2025-08-18
B07B9HWC2C,2025-08-25
B07B9HWC2C,2025-09-01
B07B9HWC2C,2025-09-08
B07B9HWC2C,2025-09-15
B07B9HWC2C,2025-09-22
B07B9HWC2C,2025-09-29
B07B9HWC2C,2025-10-06
B07B9HWC2C,2025-10-13
B07B9HWC2C,2025-10-20
B07B9HWC2C,2025-10-27
B07B9HWC2C,2025-11-03
B07B9HWC2C,2025-11-10
B07B9HWC2C,2025-11-17
B07B9HWC2C,2025-11-24
B07B9HWC2C,2025-12-01
B07B9HWC2C,2025-12-08
B07B9HWC2C,2025-12-15
B07B9HWC2C,2025-12-22
B07B9HWC2C,2025-12-29
B07B9HWC2C,2026-01-05
B07B9HWC2C,2026-01-12
B07B9HWC2C,2026-01-19
B07B9HWC2C,2026-01-26
B07B9HWC2C,2026-02-02
B07B9HWC2C,2026-02-09
B07B9HWC2C,2026-02-16
B07B9HWC2C,2026-02-23
B07B9HWC2C,2026-03-02
B07B9HWC2C,2026-03-09
B07B9HWC2C,2026-03-16
B07B9HWC2C,2026-03-23
B07B9HWC2C,2026-03-30
B07DQC1JQP,2025-03-03
B07DQC1JQP,2025-03-10
B07DQC1JQP,2025-03-17
B07DQC1JQP,2025-03-24
B07DQC1JQP,2025-03-31
B07DQC1JQP,2025-04-07
B07DQC1JQP,2025-04-14
B07DQC1JQP,2025-04-21
B07DQC1JQP,2025-04-28
B07DQC1JQP,2025-05-05
B07DQC1JQP,2025-05-12
B07DQC1JQP,2025-05-19
B07DQC1JQP,2025-05-26
B07DQC1JQP,2025-06-02
B07DQC1JQP,2025-06-09
B07DQC1JQP,2025-06-16
B07DQC1JQP,2025-06-23
B07DQC1JQP,2025-06-30
B07DQC1JQP,2025-07-07
B07DQC1JQP,2025-07-14
B07DQC1JQP,2025-07-21
B07DQC1JQP,2025-07-28
B07DQC1JQP,2025-08-04
B07DQC1JQP,2025-08-11
B07DQC1JQP,2025-08-18
B07DQC1JQP,2025-08-25
B07DQC1JQP,2025-09-01
B07DQC1JQP,2025-09-08
B07DQC1JQP,2025-09-15
B07DQC1JQP,2025-09-22
B07DQC1JQP,2025-09-29
B07DQC1JQP,2025-10-06
B07DQC1JQP,2025-10-13
B07DQC1JQP,2025-10-20
B07DQC1JQP,2025-10-27
B07DQC1JQP,2025-11-03
B07DQC1JQP,2025-11-10
B07DQC1JQP,2025-11-17
B07DQC1JQP,2025-11-24
B07DQC1JQP,2025-12-01
B07DQC1JQP,2025-12-08
B07DQC1JQP,2025-12-15
B07DQC1JQP,2025-12-22
B07DQC1JQP,2025-12-29
B07DQC1JQP,2026-01-05
B07DQC1JQP,2026-01-12
B07DQC1JQP,2026-01-19
B07DQC1JQP,2026-01-26
B07DQC1JQP,2026-02-02
B07DQC1JQP,2026-02-09
B07DQC1JQP,2026-02-16
B07DQC1JQP,2026-02-23
B07DQC1JQP,2026-03-02
B07DQC1JQP,2026-03-09
B07DQC1JQP,2026-03-16
B07DQC1JQP,2026-03-23
B07DQC1JQP,2026-03-30
B07DQC1JQP,2025-03-03
B07DQC1JQP,2025-03-10
B07DQC1JQP,2025-03-17
B07DQC1JQP,2025-03-24
B07DQC1JQP,2025-03-31
B07DQC1JQP,2025-04-07
B07DQC1JQP,2025-04-14
B07DQC1JQP,2025-04-21
B07DQC1JQP,2025-04-28
B07DQC1JQP,2025-05-05
B07DQC1JQP,2025-05-12
B07DQC1JQP,2025-05-19
B07DQC1JQP,2025-05-26
B07DQC1JQP,2025-06-02
B07DQC1JQP,2025-06-09
B07DQC1JQP,2025-06-16
B07DQC1JQP,2025-06-23
B07DQC1JQP,2025-06-30
B07DQC1JQP,2025-07-07
B07DQC1JQP,2025-07-14
B07DQC1JQP,2025-07-21
B07DQC1JQP,2025-07-28
B07DQC1JQP,2025-08-04
B07DQC1JQP,2025-08-11
B07DQC1JQP,2025-08-18
B07DQC1JQP,2025-08-25
B07DQC1JQP,2025-09-01
B07DQC1JQP,2025-09-08
B07DQC1JQP,2025-09-15
B07DQC1JQP,2025-09-22
B07DQC1JQP,2025-09-29
B07DQC1JQP,2025-10-06
B07DQC1JQP,2025-10-13
B07DQC1JQP,2025-10-20
B07DQC1JQP,2025-10-27
B07DQC1JQP,2025-11-03
B07DQC1JQP,2025-11-10
B07DQC1JQP,2025-11-17
B07DQC1JQP,2025-11-24
B07DQC1JQP,2025-12-01
B07DQC1JQP,2025-12-08
B07DQC1JQP,2025-12-15
B07DQC1JQP,2025-12-22
B07DQC1JQP,2025-12-29
B07DQC1JQP,2026-01-05
B07DQC1JQP,2026-01-12
B07DQC1JQP,2026-01-19
B07DQC1JQP,2026-01-26
B07DQC1JQP,2026-02-02
B07DQC1JQP,2026-02-09
B07DQC1JQP,2026-02-16
B07DQC1JQP,2026-02-23
B07DQC1JQP,2026-03-02
B07DQC1JQP,2026-03-09
B07DQC1JQP,2026-03-16
B07DQC1JQP,2026-03-23
B07DQC1JQP,2026-03-30
B07FD2YR1Y,2025-03-03
B07FD2YR1Y,2025-03-10
B07FD2YR1Y,2025-03-17
B07FD2YR1Y,2025-03-24
B07FD2YR1Y,2025-03-31
B07FD2YR1Y,2025-04-07
B07FD2YR1Y,2025-04-14
B07FD2YR1Y,2025-04-21
B07FD2YR1Y,2025-04-28
B07FD2YR1Y,2025-05-05
B07FD2YR1Y,2025-05-12
B07FD2YR1Y,2025-05-19
B07FD2YR1Y,2025-05-26
B07FD2YR1Y,2025-06-02
B07FD2YR1Y,2025-06-09
B07FD2YR1Y,2025-06-16
B07FD2YR1Y,2025-06-23
B07FD2YR1Y,2025-06-30
B07FD2YR1Y,2025-07-07
B07FD2YR1Y,2025-07-14
B07FD2YR1Y,2025-07-21
B07FD2YR1Y,2025-07-28
B07FD2YR1Y,2025-08-04
B07FD2YR1Y,2025-08-11
B07FD2YR1Y,2025-08-18
B07FD2YR1Y,2025-08-25
B07FD2YR1Y,2025-09-01
B07FD2YR1Y,2025-09-08
B07FD2YR1Y,2025-09-15
B07FD2YR1Y,2025-09-22
B07FD2YR1Y,2025-09-29
B07FD2YR1Y,2025-10-06
B07FD2YR1Y,2025-10-13
B07FD2YR1Y,2025-10-20
B07FD2YR1Y,2025-10-27
B07FD2YR1Y,2025-11-03
B07FD2YR1Y,2025-11-10
B07FD2YR1Y,2025-11-17
B07FD2YR1Y,2025-11-24
B07FD2YR1Y,2025-12-01
B07FD2YR1Y,2025-12-08
B07FD2YR1Y,2025-12-15
B07FD2YR1Y,2025-12-22
B07FD2YR1Y,2025-12-29
B07FD2YR1Y,2026-01-05
B07FD2YR1Y,2026-01-12
B07FD2YR1Y,2026-01-19
B07FD2YR1Y,2026-01-26
B07FD2YR1Y,2026-02-02
B07FD2YR1Y,2026-02-09
B07FD2YR1Y,2026-02-16
B07FD2YR1Y,2026-02-23
B07FD2YR1Y,2026-03-02
B07FD2YR1Y,2026-03-09
B07FD2YR1Y,2026-03-16
B07FD2YR1Y,2026-03-23
B07FD2YR1Y,2026-03-30
B07FD2YR1Y,2025-03-03
B07FD2YR1Y,2025-03-10
B07FD2YR1Y,2025-03-17
B07FD2YR1Y,2025-03-24
B07FD2YR1Y,2025-03-31
B07FD2YR1Y,2025-04-07
B07FD2YR1Y,2025-04-14
B07FD2YR1Y,2025-04-21
B07FD2YR1Y,2025-04-28
B07FD2YR1Y,2025-05-05
B07FD2YR1Y,2025-05-12
B07FD2YR1Y,2025-05-19
B07FD2YR1Y,2025-05-26
B07FD2YR1Y,2025-06-02
B07FD2YR1Y,2025-06-09
B07FD2YR1Y,2025-06-16
B07FD2YR1Y,2025-06-23
B07FD2YR1Y,2025-06-30
B07FD2YR1Y,2025-07-07
B07FD2YR1Y,2025-07-14
B07FD2YR1Y,2025-07-21
B07FD2YR1Y,2025-07-28
B07FD2YR1Y,2025-08-04
B07FD2YR1Y,2025-08-11
B07FD2YR1Y,2025-08-18
B07FD2YR1Y,2025-08-25
B07FD2YR1Y,2025-09-01
B07FD2YR1Y,2025-09-08
B07FD2YR1Y,2025-09-15
B07FD2YR1Y,2025-09-22
B07FD2YR1Y,2025-09-29
B07FD2YR1Y,2025-10-06
B07FD2YR1Y,2025-10-13
B07FD2YR1Y,2025-10-20
B07FD2YR1Y,2025-10-27
B07FD2YR1Y,2025-11-03
B07FD2YR1Y,2025-11-10
B07FD2YR1Y,2025-11-17
B07FD2YR1Y,2025-11-24
B07FD2YR1Y,2025-12-01
B07FD2YR1Y,2025-12-08
B07FD2YR1Y,2025-12-15
B07FD2YR1Y,2025-12-22
B07FD2YR1Y,2025-12-29
B07FD2YR1Y,2026-01-05
B07FD2YR1Y,2026-01-12
B07FD2YR1Y,2026-01-19
B07FD2YR1Y,2026-01-26
B07FD2YR1Y,2026-02-02
B07FD2YR1Y,2026-02-09
B07FD2YR1Y,2026-02-16
B07FD2YR1Y,2026-02-23
B07FD2YR1Y,2026-03-02
B07FD2YR1Y,2026-03-09
B07FD2YR1Y,2026-03-16
B07FD2YR1Y,2026-03-23
B07FD2YR1Y,2026-03-30
B07FNKN3V6,2025-03-03
B07FNKN3V6,2025-03-10
B07FNKN3V6,2025-03-17
B07FNKN3V6,2025-03-24
B07FNKN3V6,2025-03-31
B07FNKN3V6,2025-04-07
B07FNKN3V6,2025-04-14
B07FNKN3V6,2025-04-21
B07FNKN3V6,2025-04-28
B07FNKN3V6,2025-05-05
B07FNKN3V6,2025-05-12
B07FNKN3V6,2025-05-19
B07FNKN3V6,2025-05-26
B07FNKN3V6,2025-06-02
B07FNKN3V6,2025-06-09
B07FNKN3V6,2025-06-16
B07FNKN3V6,2025-06-23
B07FNKN3V6,2025-06-30
B07FNKN3V6,2025-07-07
B07FNKN3V6,2025-07-14
B07FNKN3V6,2025-07-21
B07FNKN3V6,2025-07-28
B07FNKN3V6,2025-08-04
B07FNKN3V6,2025-08-11
B07FNKN3V6,2025-08-18
B07FNKN3V6,2025-08-25
B07FNKN3V6,2025-09-01
B07FNKN3V6,2025-09-08
B07FNKN3V6,2025-09-15
B07FNKN3V6,2025-09-22
B07FNKN3V6,2025-09-29
B07FNKN3V6,2025-10-06
B07FNKN3V6,2025-10-13
B07FNKN3V6,2025-10-20
B07FNKN3V6,2025-10-27
B07FNKN3V6,2025-11-03
B07FNKN3V6,2025-11-10
B07FNKN3V6,2025-11-17
B07FNKN3V6,2025-11-24
B07FNKN3V6,2025-12-01
B07FNKN3V6,2025-12-08
B07FNKN3V6,2025-12-15
B07FNKN3V6,2025-12-22
B07FNKN3V6,2025-12-29
B07FNKN3V6,2026-01-05
B07FNKN3V6,2026-01-12
B07FNKN3V6,2026-01-19
B07FNKN3V6,2026-01-26
B07FNKN3V6,2026-02-02
B07FNKN3V6,2026-02-09
B07FNKN3V6,2026-02-16
B07FNKN3V6,2026-02-23
B07FNKN3V6,2026-03-02
B07FNKN3V6,2026-03-09
B07FNKN3V6,2026-03-16
B07FNKN3V6,2026-03-23
B07FNKN3V6,2026-03-30
B07FNKN3V6,2025-03-03
B07FNKN3V6,2025-03-10
B07FNKN3V6,2025-03-17
B07FNKN3V6,2025-03-24
B07FNKN3V6,2025-03-31
B07FNKN3V6,2025-04-07
B07FNKN3V6,2025-04-14
B07FNKN3V6,2025-04-21
B07FNKN3V6,2025-04-28
B07FNKN3V6,2025-05-05
B07FNKN3V6,2025-05-12
B07FNKN3V6,2025-05-19
B07FNKN3V6,2025-05-26
B07FNKN3V6,2025-06-02
B07FNKN3V6,2025-06-09
B07FNKN3V6,2025-06-16
B07FNKN3V6,2025-06-23
B07FNKN3V6,2025-06-30
B07FNKN3V6,2025-07-07
B07FNKN3V6,2025-07-14
B07FNKN3V6,2025-07-21
B07FNKN3V6,2025-07-28
B07FNKN3V6,2025-08-04
B07FNKN3V6,2025-08-11
B07FNKN3V6,2025-08-18
B07FNKN3V6,2025-08-25
B07FNKN3V6,2025-09-01
B07FNKN3V6,2025-09-08
B07FNKN3V6,2025-09-15
B07FNKN3V6,2025-09-22
B07FNKN3V6,2025-09-29
B07FNKN3V6,2025-10-06
B07FNKN3V6,2025-10-13
B07FNKN3V6,2025-10-20
B07FNKN3V6,2025-10-27
B07FNKN3V6,2025-11-03
B07FNKN3V6,2025-11-10
B07FNKN3V6,2025-11-17
B07FNKN3V6,2025-11-24
B07FNKN3V6,2025-12-01
B07FNKN3V6,2025-12-08
B07FNKN3V6,2025-12-15
B07FNKN3V6,2025-12-22
B07FNKN3V6,2025-12-29
B07FNKN3V6,2026-01-05
B07FNKN3V6,2026-01-12
B07FNKN3V6,2026-01-19
B07FNKN3V6,2026-01-26
B07FNKN3V6,2026-02-02
B07FNKN3V6,2026-02-09
B07FNKN3V6,2026-02-16
B07FNKN3V6,2026-02-23
B07FNKN3V6,2026-03-02
B07FNKN3V6,2026-03-09
B07FNKN3V6,2026-03-16
B07FNKN3V6,2026-03-23
B07FNKN3V6,2026-03-30
B07JHD6VHM,2025-03-03
B07JHD6VHM,2025-03-10
B07JHD6VHM,2025-03-17
B07JHD6VHM,2025-03-24
B07JHD6VHM,2025-03-31
B07JHD6VHM,2025-04-07
B07JHD6VHM,2025-04-14
B07JHD6VHM,2025-04-21
B07JHD6VHM,2025-04-28
B07JHD6VHM,2025-05-05
B07JHD6VHM,2025-05-12
B07JHD6VHM,2025-05-19
B07JHD6VHM,2025-05-26
B07JHD6VHM,2025-06-02
B07JHD6VHM,2025-06-09
B07JHD6VHM,2025-06-16
B07JHD6VHM,2025-06-23
B07JHD6VHM,2025-06-30
B07JHD6VHM,2025-07-07
B07JHD6VHM,2025-07-14
B07JHD6VHM,2025-07-21
B07JHD6VHM,2025-07-28
B07JHD6VHM,2025-08-04
B07JHD6VHM,2025-08-11
B07JHD6VHM,2025-08-18
B07JHD6VHM,2025-08-25
B07JHD6VHM,2025-09-01
B07JHD6VHM,2025-09-08
B07JHD6VHM,2025-09-15
B07JHD6VHM,2025-09-22
B07JHD6VHM,2025-09-29
B07JHD6VHM,2025-10-06
B07JHD6VHM,2025-10-13
B07JHD6VHM,2025-10-20
B07JHD6VHM,2025-10-27
B07JHD6VHM,2025-11-03
B07JHD6VHM,2025-11-10
B07JHD6VHM,2025-11-17
B07JHD6VHM,2025-11-24
B07JHD6VHM,2025-12-01
B07JHD6VHM,2025-12-08
B07JHD6VHM,2025-12-15
B07JHD6VHM,2025-12-22
B07JHD6VHM,2025-12-29
B07JHD6VHM,2026-01-05
B07JHD6VHM,2026-01-12
B07JHD6VHM,2026-01-19
B07JHD6VHM,2026-01-26
B07JHD6VHM,2026-02-02
B07JHD6VHM,2026-02-09
B07JHD6VHM,2026-02-16
B07JHD6VHM,2026-02-23
B07JHD6VHM,2026-03-02
B07JHD6VHM,2026-03-09
B07JHD6VHM,2026-03-16
B07JHD6VHM,2026-03-23
B07JHD6VHM,2026-03-30
B07JHD6VHM,2025-03-03
B07JHD6VHM,2025-03-10
B07JHD6VHM,2025-03-17
B07JHD6VHM,2025-03-24
B07JHD6VHM,2025-03-31
B07JHD6VHM,2025-04-07
B07JHD6VHM,2025-04-14
B07JHD6VHM,2025-04-21
B07JHD6VHM,2025-04-28
B07JHD6VHM,2025-05-05
B07JHD6VHM,2025-05-12
B07JHD6VHM,2025-05-19
B07JHD6VHM,2025-05-26
B07JHD6VHM,2025-06-02
B07JHD6VHM,2025-06-09
B07JHD6VHM,2025-06-16
B07JHD6VHM,2025-06-23
B07JHD6VHM,2025-06-30
B07JHD6VHM,2025-07-07
B07JHD6VHM,2025-07-14
B07JHD6VHM,2025-07-21
B07JHD6VHM,2025-07-28
B07JHD6VHM,2025-08-04
B07JHD6VHM,2025-08-11
B07JHD6VHM,2025-08-18
B07JHD6VHM,2025-08-25
B07JHD6VHM,2025-09-01
B07JHD6VHM,2025-09-08
B07JHD6VHM,2025-09-15
B07JHD6VHM,2025-09-22
B07JHD6VHM,2025-09-29
B07JHD6VHM,2025-10-06
B07JHD6VHM,2025-10-13
B07JHD6VHM,2025-10-20
B07JHD6VHM,2025-10-27
B07JHD6VHM,2025-11-03
B07JHD6VHM,2025-11-10
B07JHD6VHM,2025-11-17
B07JHD6VHM,2025-11-24
B07JHD6VHM,2025-12-01
B07JHD6VHM,2025-12-08
B07JHD6VHM,2025-12-15
B07JHD6VHM,2025-12-22
B07JHD6VHM,2025-12-29
B07JHD6VHM,2026-01-05
B07JHD6VHM,2026-01-12
B07JHD6VHM,2026-01-19
B07JHD6VHM,2026-01-26
B07JHD6VHM,2026-02-02
B07JHD6VHM,2026-02-09
B07JHD6VHM,2026-02-16
B07JHD6VHM,2026-02-23
B07JHD6VHM,2026-03-02
B07JHD6VHM,2026-03-09
B07JHD6VHM,2026-03-16
B07JHD6VHM,2026-03-23
B07JHD6VHM,2026-03-30
B07RG966P5,2025-03-03
B07RG966P5,2025-03-10
B07RG966P5,2025-03-17
B07RG966P5,2025-03-24
B07RG966P5,2025-03-31
B07RG966P5,2025-04-07
B07RG966P5,2025-04-14
B07RG966P5,2025-04-21
B07RG966P5,2025-04-28
B07RG966P5,2025-05-05
B07RG966P5,2025-05-12
B07RG966P5,2025-05-19
B07RG966P5,2025-05-26
B07RG966P5,2025-06-02
B07RG966P5,2025-06-09
B07RG966P5,2025-06-16
B07RG966P5,2025-06-23
B07RG966P5,2025-06-30
B07RG966P5,2025-07-07
B07RG966P5,2025-07-14
B07RG966P5,2025-07-21
B07RG966P5,2025-07-28
B07RG966P5,2025-08-04
B07RG966P5,2025-08-11
B07RG966P5,2025-08-18
B07RG966P5,2025-08-25
B07RG966P5,2025-09-01
B07RG966P5,2025-09-08
B07RG966P5,2025-09-15
B07RG966P5,2025-09-22
B07RG966P5,2025-09-29
B07RG966P5,2025-10-06
B07RG966P5,2025-10-13
B07RG966P5,2025-10-20
B07RG966P5,2025-10-27
B07RG966P5,2025-11-03
B07RG966P5,2025-11-10
B07RG966P5,2025-11-17
B07RG966P5,2025-11-24
B07RG966P5,2025-12-01
B07RG966P5,2025-12-08
B07RG966P5,2025-12-15
B07RG966P5,2025-12-22
B07RG966P5,2025-12-29
B07RG966P5,2026-01-05
B07RG966P5,2026-01-12
B07RG966P5,2026-01-19
B07RG966P5,2026-01-26
B07RG966P5,2026-02-02
B07RG966P5,2026-02-09
B07RG966P5,2026-02-16
B07RG966P5,2026-02-23
B07RG966P5,2026-03-02
B07RG966P5,2026-03-09
B07RG966P5,2026-03-16
B07RG966P5,2026-03-23
B07RG966P5,2026-03-30
B07RG966P5,2025-03-03
B07RG966P5,2025-03-10
B07RG966P5,2025-03-17
B07RG966P5,2025-03-24
B07RG966P5,2025-03-31
B07RG966P5,2025-04-07
B07RG966P5,2025-04-14
B07RG966P5,2025-04-21
B07RG966P5,2025-04-28
B07RG966P5,2025-05-05
B07RG966P5,2025-05-12
B07RG966P5,2025-05-19
B07RG966P5,2025-05-26
B07RG966P5,2025-06-02
B07RG966P5,2025-06-09
B07RG966P5,2025-06-16
B07RG966P5,2025-06-23
B07RG966P5,2025-06-30
B07RG966P5,2025-07-07
B07RG966P5,2025-07-14
B07RG966P5,2025-07-21
B07RG966P5,2025-07-28
B07RG966P5,2025-08-04
B07RG966P5,2025-08-11
B07RG966P5,2025-08-18
B07RG966P5,2025-08-25
B07RG966P5,2025-09-01
B07RG966P5,2025-09-08
B07RG966P5,2025-09-15
B07RG966P5,2025-09-22
B07RG966P5,2025-09-29
B07RG966P5,2025-10-06
B07RG966P5,2025-10-13
B07RG966P5,2025-10-20
B07RG966P5,2025-10-27
B07RG966P5,2025-11-03
B07RG966P5,2025-11-10
B07RG966P5,2025-11-17
B07RG966P5,2025-11-24
B07RG966P5,2025-12-01
B07RG966P5,2025-12-08
B07RG966P5,2025-12-15
B07RG966P5,2025-12-22
B07RG966P5,2025-12-29
B07RG966P5,2026-01-05
B07RG966P5,2026-01-12
B07RG966P5,2026-01-19
B07RG966P5,2026-01-26
B07RG966P5,2026-02-02
B07RG966P5,2026-02-09
B07RG966P5,2026-02-16
B07RG966P5,2026-02-23
B07RG966P5,2026-03-02
B07RG966P5,2026-03-09
B07RG966P5,2026-03-16
B07RG966P5,2026-03-23
B07RG966P5,2026-03-30
B07RHDCVSY,2025-03-03
B07RHDCVSY,2025-03-10
B07RHDCVSY,2025-03-17
B07RHDCVSY,2025-03-24
B07RHDCVSY,2025-03-31
B07RHDCVSY,2025-04-07
B07RHDCVSY,2025-04-14
B07RHDCVSY,2025-04-21
B07RHDCVSY,2025-04-28
B07RHDCVSY,2025-05-05
B07RHDCVSY,2025-05-12
B07RHDCVSY,2025-05-19
B07RHDCVSY,2025-05-26
B07RHDCVSY,2025-06-02
B07RHDCVSY,2025-06-09
B07RHDCVSY,2025-06-16
B07RHDCVSY,2025-06-23
B07RHDCVSY,2025-06-30
B07RHDCVSY,2025-07-07
B07RHDCVSY,2025-07-14
B07RHDCVSY,2025-07-21
B07RHDCVSY,2025-07-28
B07RHDCVSY,2025-08-04
B07RHDCVSY,2025-08-11
B07RHDCVSY,2025-08-18
B07RHDCVSY,2025-08-25
B07RHDCVSY,2025-09-01
B07RHDCVSY,2025-09-08
B07RHDCVSY,2025-09-15
B07RHDCVSY,2025-09-22
B07RHDCVSY,2025-09-29
B07RHDCVSY,2025-10-06
B07RHDCVSY,2025-10-13
B07RHDCVSY,2025-10-20
B07RHDCVSY,2025-10-27
B07RHDCVSY,2025-11-03
B07RHDCVSY,2025-11-10
B07RHDCVSY,2025-11-17
B07RHDCVSY,2025-11-24
B07RHDCVSY,2025-12-01
B07RHDCVSY,2025-12-08
B07RHDCVSY,2025-12-15
B07RHDCVSY,2025-12-22
B07RHDCVSY,2025-12-29
B07RHDCVSY,2026-01-05
B07RHDCVSY,2026-01-12
B07RHDCVSY,2026-01-19
B07RHDCVSY,2026-01-26
B07RHDCVSY,2026-02-02
B07RHDCVSY,2026-02-09
B07RHDCVSY,2026-02-16
B07RHDCVSY,2026-02-23
B07RHDCVSY,2026-03-02
B07RHDCVSY,2026-03-09
B07RHDCVSY,2026-03-16
B07RHDCVSY,2026-03-23
B07RHDCVSY,2026-03-30
B07RHDCVSY,2025-03-03
B07RHDCVSY,2025-03-10
B07RHDCVSY,2025-03-17
B07RHDCVSY,2025-03-24
B07RHDCVSY,2025-03-31
B07RHDCVSY,2025-04-07
B07RHDCVSY,2025-04-14
B07RHDCVSY,2025-04-21
B07RHDCVSY,2025-04-28
B07RHDCVSY,2025-05-05
B07RHDCVSY,2025-05-12
B07RHDCVSY,2025-05-19
B07RHDCVSY,2025-05-26
B07RHDCVSY,2025-06-02
B07RHDCVSY,2025-06-09
B07RHDCVSY,2025-06-16
B07RHDCVSY,2025-06-23
B07RHDCVSY,2025-06-30
B07RHDCVSY,2025-07-07
B07RHDCVSY,2025-07-14
B07RHDCVSY,2025-07-21
B07RHDCVSY,2025-07-28
B07RHDCVSY,2025-08-04
B07RHDCVSY,2025-08-11
B07RHDCVSY,2025-08-18
B07RHDCVSY,2025-08-25
B07RHDCVSY,2025-09-01
B07RHDCVSY,2025-09-08
B07RHDCVSY,2025-09-15
B07RHDCVSY,2025-09-22
B07RHDCVSY,2025-09-29
B07RHDCVSY,2025-10-06
B07RHDCVSY,2025-10-13
B07RHDCVSY,2025-10-20
B07RHDCVSY,2025-10-27
B07RHDCVSY,2025-11-03
B07RHDCVSY,2025-11-10
B07RHDCVSY,2025-11-17
B07RHDCVSY,2025-11-24
B07RHDCVSY,2025-12-01
B07RHDCVSY,2025-12-08
B07RHDCVSY,2025-12-15
B07RHDCVSY,2025-12-22
B07RHDCVSY,2025-12-29
B07RHDCVSY,2026-01-05
B07RHDCVSY,2026-01-12
B07RHDCVSY,2026-01-19
B07RHDCVSY,2026-01-26
B07RHDCVSY,2026-02-02
B07RHDCVSY,2026-02-09
B07RHDCVSY,2026-02-16
B07RHDCVSY,2026-02-23
B07RHDCVSY,2026-03-02
B07RHDCVSY,2026-03-09
B07RHDCVSY,2026-03-16
B07RHDCVSY,2026-03-23
B07RHDCVSY,2026-03-30
B07S7P8QZL,2025-03-03
B07S7P8QZL,2025-03-10
B07S7P8QZL,2025-03-17
B07S7P8QZL,2025-03-24
B07S7P8QZL,2025-03-31
B07S7P8QZL,2025-04-07
B07S7P8QZL,2025-04-14
B07S7P8QZL,2025-04-21
B07S7P8QZL,2025-04-28
B07S7P8QZL,2025-05-05
B07S7P8QZL,2025-05-12
B07S7P8QZL,2025-05-19
B07S7P8QZL,2025-05-26
B07S7P8QZL,2025-06-02
B07S7P8QZL,2025-06-09
B07S7P8QZL,2025-06-16
B07S7P8QZL,2025-06-23
B07S7P8QZL,2025-06-30
B07S7P8QZL,2025-07-07
B07S7P8QZL,2025-07-14
B07S7P8QZL,2025-07-21
B07S7P8QZL,2025-07-28
B07S7P8QZL,2025-08-04
B07S7P8QZL,2025-08-11
B07S7P8QZL,2025-08-18
B07S7P8QZL,2025-08-25
B07S7P8QZL,2025-09-01
B07S7P8QZL,2025-09-08
B07S7P8QZL,2025-09-15
B07S7P8QZL,2025-09-22
B07S7P8QZL,2025-09-29
B07S7P8QZL,2025-10-06
B07S7P8QZL,2025-10-13
B07S7P8QZL,2025-10-20
B07S7P8QZL,2025-10-27
B07S7P8QZL,2025-11-03
B07S7P8QZL,2025-11-10
B07S7P8QZL,2025-11-17
B07S7P8QZL,2025-11-24
B07S7P8QZL,2025-12-01
B07S7P8QZL,2025-12-08
B07S7P8QZL,2025-12-15
B07S7P8QZL,2025-12-22
B07S7P8QZL,2025-12-29
B07S7P8QZL,2026-01-05
B07S7P8QZL,2026-01-12
B07S7P8QZL,2026-01-19
B07S7P8QZL,2026-01-26
B07S7P8QZL,2026-02-02
B07S7P8QZL,2026-02-09
B07S7P8QZL,2026-02-16
B07S7P8QZL,2026-02-23
B07S7P8QZL,2026-03-02
B07S7P8QZL,2026-03-09
B07S7P8QZL,2026-03-16
B07S7P8QZL,2026-03-23
B07S7P8QZL,2026-03-30
B07S7P8QZL,2025-03-03
B07S7P8QZL,2025-03-10
B07S7P8QZL,2025-03-17
B07S7P8QZL,2025-03-24
B07S7P8QZL,2025-03-31
B07S7P8QZL,2025-04-07
B07S7P8QZL,2025-04-14
B07S7P8QZL,2025-04-21
B07S7P8QZL,2025-04-28
B07S7P8QZL,2025-05-05
B07S7P8QZL,2025-05-12
B07S7P8QZL,2025-05-19
B07S7P8QZL,2025-05-26
B07S7P8QZL,2025-06-02
B07S7P8QZL,2025-06-09
B07S7P8QZL,2025-06-16
B07S7P8QZL,2025-06-23
B07S7P8QZL,2025-06-30
B07S7P8QZL,2025-07-07
B07S7P8QZL,2025-07-14
B07S7P8QZL,2025-07-21
B07S7P8QZL,2025-07-28
B07S7P8QZL,2025-08-04
B07S7P8QZL,2025-08-11
B07S7P8QZL,2025-08-18
B07S7P8QZL,2025-08-25
B07S7P8QZL,2025-09-01
B07S7P8QZL,2025-09-08
B07S7P8QZL,2025-09-15
B07S7P8QZL,2025-09-22
B07S7P8QZL,2025-09-29
B07S7P8QZL,2025-10-06
B07S7P8QZL,2025-10-13
B07S7P8QZL,2025-10-20
B07S7P8QZL,2025-10-27
B07S7P8QZL,2025-11-03
B07S7P8QZL,2025-11-10
B07S7P8QZL,2025-11-17
B07S7P8QZL,2025-11-24
B07S7P8QZL,2025-12-01
B07S7P8QZL,2025-12-08
B07S7P8QZL,2025-12-15
B07S7P8QZL,2025-12-22
B07S7P8QZL,2025-12-29
B07S7P8QZL,2026-01-05
B07S7P8QZL,2026-01-12
B07S7P8QZL,2026-01-19
B07S7P8QZL,2026-01-26
B07S7P8QZL,2026-02-02
B07S7P8QZL,2026-02-09
B07S7P8QZL,2026-02-16
B07S7P8QZL,2026-02-23
B07S7P8QZL,2026-03-02
B07S7P8QZL,2026-03-09
B07S7P8QZL,2026-03-16
B07S7P8QZL,2026-03-23
B07S7P8QZL,2026-03-30
B07S8PZKNG,2025-03-03
B07S8PZKNG,2025-03-10
B07S8PZKNG,2025-03-17
B07S8PZKNG,2025-03-24
B07S8PZKNG,2025-03-31
B07S8PZKNG,2025-04-07
B07S8PZKNG,2025-04-14
B07S8PZKNG,2025-04-21
B07S8PZKNG,2025-04-28
B07S8PZKNG,2025-05-05
B07S8PZKNG,2025-05-12
B07S8PZKNG,2025-05-19
B07S8PZKNG,2025-05-26
B07S8PZKNG,2025-06-02
B07S8PZKNG,2025-06-09
B07S8PZKNG,2025-06-16
B07S8PZKNG,2025-06-23
B07S8PZKNG,2025-06-30
B07S8PZKNG,2025-07-07
B07S8PZKNG,2025-07-14
B07S8PZKNG,2025-07-21
B07S8PZKNG,2025-07-28
B07S8PZKNG,2025-08-04
B07S8PZKNG,2025-08-11
B07S8PZKNG,2025-08-18
B07S8PZKNG,2025-08-25
B07S8PZKNG,2025-09-01
B07S8PZKNG,2025-09-08
B07S8PZKNG,2025-09-15
B07S8PZKNG,2025-09-22
B07S8PZKNG,2025-09-29
B07S8PZKNG,2025-10-06
B07S8PZKNG,2025-10-13
B07S8PZKNG,2025-10-20
B07S8PZKNG,2025-10-27
B07S8PZKNG,2025-11-03
B07S8PZKNG,2025-11-10
B07S8PZKNG,2025-11-17
B07S8PZKNG,2025-11-24
B07S8PZKNG,2025-12-01
B07S8PZKNG,2025-12-08
B07S8PZKNG,2025-12-15
B07S8PZKNG,2025-12-22
B07S8PZKNG,2025-12-29
B07S8PZKNG,2026-01-05
B07S8PZKNG,2026-01-12
B07S8PZKNG,2026-01-19
B07S8PZKNG,2026-01-26
B07S8PZKNG,2026-02-02
B07S8PZKNG,2026-02-09
B07S8PZKNG,2026-02-16
B07S8PZKNG,2026-02-23
B07S8PZKNG,2026-03-02
B07S8PZKNG,2026-03-09
B07S8PZKNG,2026-03-16
B07S8PZKNG,2026-03-23
B07S8PZKNG,2026-03-30
B07S8PZKNG,2025-03-03
B07S8PZKNG,2025-03-10
B07S8PZKNG,2025-03-17
B07S8PZKNG,2025-03-24
B07S8PZKNG,2025-03-31
B07S8PZKNG,2025-04-07
B07S8PZKNG,2025-04-14
B07S8PZKNG,2025-04-21
B07S8PZKNG,2025-04-28
B07S8PZKNG,2025-05-05
B07S8PZKNG,2025-05-12
B07S8PZKNG,2025-05-19
B07S8PZKNG,2025-05-26
B07S8PZKNG,2025-06-02
B07S8PZKNG,2025-06-09
B07S8PZKNG,2025-06-16
B07S8PZKNG,2025-06-23
B07S8PZKNG,2025-06-30
B07S8PZKNG,2025-07-07
B07S8PZKNG,2025-07-14
B07S8PZKNG,2025-07-21
B07S8PZKNG,2025-07-28
B07S8PZKNG,2025-08-04
B07S8PZKNG,2025-08-11
B07S8PZKNG,2025-08-18
B07S8PZKNG,2025-08-25
B07S8PZKNG,2025-09-01
B07S8PZKNG,2025-09-08
B07S8PZKNG,2025-09-15
B07S8PZKNG,2025-09-22
B07S8PZKNG,2025-09-29
B07S8PZKNG,2025-10-06
B07S8PZKNG,2025-10-13
B07S8PZKNG,2025-10-20
B07S8PZKNG,2025-10-27
B07S8PZKNG,2025-11-03
B07S8PZKNG,2025-11-10
B07S8PZKNG,2025-11-17
B07S8PZKNG,2025-11-24
B07S8PZKNG,2025-12-01
B07S8PZKNG,2025-12-08
B07S8PZKNG,2025-12-15
B07S8PZKNG,2025-12-22
B07S8PZKNG,2025-12-29
B07S8PZKNG,2026-01-05
B07S8PZKNG,2026-01-12
B07S8PZKNG,2026-01-19
B07S8PZKNG,2026-01-26
B07S8PZKNG,2026-02-02
B07S8PZKNG,2026-02-09
B07S8PZKNG,2026-02-16
B07S8PZKNG,2026-02-23
B07S8PZKNG,2026-03-02
B07S8PZKNG,2026-03-09
B07S8PZKNG,2026-03-16
B07S8PZKNG,2026-03-23
B07S8PZKNG,2026-03-30
B07S9QLGP5,2025-03-03
B07S9QLGP5,2025-03-10
B07S9QLGP5,2025-03-17
B07S9QLGP5,2025-03-24
B07S9QLGP5,2025-03-31
B07S9QLGP5,2025-04-07
B07S9QLGP5,2025-04-14
B07S9QLGP5,2025-04-21
B07S9QLGP5,2025-04-28
B07S9QLGP5,2025-05-05
B07S9QLGP5,2025-05-12
B07S9QLGP5,2025-05-19
B07S9QLGP5,2025-05-26
B07S9QLGP5,2025-06-02
B07S9QLGP5,2025-06-09
B07S9QLGP5,2025-06-16
B07S9QLGP5,2025-06-23
B07S9QLGP5,2025-06-30
B07S9QLGP5,2025-07-07
B07S9QLGP5,2025-07-14
B07S9QLGP5,2025-07-21
B07S9QLGP5,2025-07-28
B07S9QLGP5,2025-08-04
B07S9QLGP5,2025-08-11
B07S9QLGP5,2025-08-18
B07S9QLGP5,2025-08-25
B07S9QLGP5,2025-09-01
B07S9QLGP5,2025-09-08
B07S9QLGP5,2025-09-15
B07S9QLGP5,2025-09-22
B07S9QLGP5,2025-09-29
B07S9QLGP5,2025-10-06
B07S9QLGP5,2025-10-13
B07S9QLGP5,2025-10-20
B07S9QLGP5,2025-10-27
B07S9QLGP5,2025-11-03
B07S9QLGP5,2025-11-10
B07S9QLGP5,2025-11-17
B07S9QLGP5,2025-11-24
B07S9QLGP5,2025-12-01
B07S9QLGP5,2025-12-08
B07S9QLGP5,2025-12-15
B07S9QLGP5,2025-12-22
B07S9QLGP5,2025-12-29
B07S9QLGP5,2026-01-05
B07S9QLGP5,2026-01-12
B07S9QLGP5,2026-01-19
B07S9QLGP5,2026-01-26
B07S9QLGP5,2026-02-02
B07S9QLGP5,2026-02-09
B07S9QLGP5,2026-02-16
B07S9QLGP5,2026-02-23
B07S9QLGP5,2026-03-02
B07S9QLGP5,2026-03-09
B07S9QLGP5,2026-03-16
B07S9QLGP5,2026-03-23
B07S9QLGP5,2026-03-30
B07S9QLGP5,2025-03-03
B07S9QLGP5,2025-03-10
B07S9QLGP5,2025-03-17
B07S9QLGP5,2025-03-24
B07S9QLGP5,2025-03-31
B07S9QLGP5,2025-04-07
B07S9QLGP5,2025-04-14
B07S9QLGP5,2025-04-21
B07S9QLGP5,2025-04-28
B07S9QLGP5,2025-05-05
B07S9QLGP5,2025-05-12
B07S9QLGP5,2025-05-19
B07S9QLGP5,2025-05-26
B07S9QLGP5,2025-06-02
B07S9QLGP5,2025-06-09
B07S9QLGP5,2025-06-16
B07S9QLGP5,2025-06-23
B07S9QLGP5,2025-06-30
B07S9QLGP5,2025-07-07
B07S9QLGP5,2025-07-14
B07S9QLGP5,2025-07-21
B07S9QLGP5,2025-07-28
B07S9QLGP5,2025-08-04
B07S9QLGP5,2025-08-11
B07S9QLGP5,2025-08-18
B07S9QLGP5,2025-08-25
B07S9QLGP5,2025-09-01
B07S9QLGP5,2025-09-08
B07S9QLGP5,2025-09-15
B07S9QLGP5,2025-09-22
B07S9QLGP5,2025-09-29
B07S9QLGP5,2025-10-06
B07S9QLGP5,2025-10-13
B07S9QLGP5,2025-10-20
B07S9QLGP5,2025-10-27
B07S9QLGP5,2025-11-03
B07S9QLGP5,2025-11-10
B07S9QLGP5,2025-11-17
B07S9QLGP5,2025-11-24
B07S9QLGP5,2025-12-01
B07S9QLGP5,2025-12-08
B07S9QLGP5,2025-12-15
B07S9QLGP5,2025-12-22
B07S9QLGP5,2025-12-29
B07S9QLGP5,2026-01-05
B07S9QLGP5,2026-01-12
B07S9QLGP5,2026-01-19
B07S9QLGP5,2026-01-26
B07S9QLGP5,2026-02-02
B07S9QLGP5,2026-02-09
B07S9QLGP5,2026-02-16
B07S9QLGP5,2026-02-23
B07S9QLGP5,2026-03-02
B07S9QLGP5,2026-03-09
B07S9QLGP5,2026-03-16
B07S9QLGP5,2026-03-23
B07S9QLGP5,2026-03-30
B07S9SDXC3,2025-03-03
B07S9SDXC3,2025-03-10
B07S9SDXC3,2025-03-17
B07S9SDXC3,2025-03-24
B07S9SDXC3,2025-03-31
B07S9SDXC3,2025-04-07
B07S9SDXC3,2025-04-14
B07S9SDXC3,2025-04-21
B07S9SDXC3,2025-04-28
B07S9SDXC3,2025-05-05
B07S9SDXC3,2025-05-12
B07S9SDXC3,2025-05-19
B07S9SDXC3,2025-05-26
B07S9SDXC3,2025-06-02
B07S9SDXC3,2025-06-09
B07S9SDXC3,2025-06-16
B07S9SDXC3,2025-06-23
B07S9SDXC3,2025-06-30
B07S9SDXC3,2025-07-07
B07S9SDXC3,2025-07-14
B07S9SDXC3,2025-07-21
B07S9SDXC3,2025-07-28
B07S9SDXC3,2025-08-04
B07S9SDXC3,2025-08-11
B07S9SDXC3,2025-08-18
B07S9SDXC3,2025-08-25
B07S9SDXC3,2025-09-01
B07S9SDXC3,2025-09-08
B07S9SDXC3,2025-09-15
B07S9SDXC3,2025-09-22
B07S9SDXC3,2025-09-29
B07S9SDXC3,2025-10-06
B07S9SDXC3,2025-10-13
B07S9SDXC3,2025-10-20
B07S9SDXC3,2025-10-27
B07S9SDXC3,2025-11-03
B07S9SDXC3,2025-11-10
B07S9SDXC3,2025-11-17
B07S9SDXC3,2025-11-24
B07S9SDXC3,2025-12-01
B07S9SDXC3,2025-12-08
B07S9SDXC3,2025-12-15
B07S9SDXC3,2025-12-22
B07S9SDXC3,2025-12-29
B07S9SDXC3,2026-01-05
B07S9SDXC3,2026-01-12
B07S9SDXC3,2026-01-19
B07S9SDXC3,2026-01-26
B07S9SDXC3,2026-02-02
B07S9SDXC3,2026-02-09
B07S9SDXC3,2026-02-16
B07S9SDXC3,2026-02-23
B07S9SDXC3,2026-03-02
B07S9SDXC3,2026-03-09
B07S9SDXC3,2026-03-16
B07S9SDXC3,2026-03-23
B07S9SDXC3,2026-03-30
B07S9SDXC3,2025-03-03
B07S9SDXC3,2025-03-10
B07S9SDXC3,2025-03-17
B07S9SDXC3,2025-03-24
B07S9SDXC3,2025-03-31
B07S9SDXC3,2025-04-07
B07S9SDXC3,2025-04-14
B07S9SDXC3,2025-04-21
B07S9SDXC3,2025-04-28
B07S9SDXC3,2025-05-05
B07S9SDXC3,2025-05-12
B07S9SDXC3,2025-05-19
B07S9SDXC3,2025-05-26
B07S9SDXC3,2025-06-02
B07S9SDXC3,2025-06-09
B07S9SDXC3,2025-06-16
B07S9SDXC3,2025-06-23
B07S9SDXC3,2025-06-30
B07S9SDXC3,2025-07-07
B07S9SDXC3,2025-07-14
B07S9SDXC3,2025-07-21
B07S9SDXC3,2025-07-28
B07S9SDXC3,2025-08-04
B07S9SDXC3,2025-08-11
B07S9SDXC3,2025-08-18
B07S9SDXC3,2025-08-25
B07S9SDXC3,2025-09-01
B07S9SDXC3,2025-09-08
B07S9SDXC3,2025-09-15
B07S9SDXC3,2025-09-22
B07S9SDXC3,2025-09-29
B07S9SDXC3,2025-10-06
B07S9SDXC3,2025-10-13
B07S9SDXC3,2025-10-20
B07S9SDXC3,2025-10-27
B07S9SDXC3,2025-11-03
B07S9SDXC3,2025-11-10
B07S9SDXC3,2025-11-17
B07S9SDXC3,2025-11-24
B07S9SDXC3,2025-12-01
B07S9SDXC3,2025-12-08
B07S9SDXC3,2025-12-15
B07S9SDXC3,2025-12-22
B07S9SDXC3,2025-12-29
B07S9SDXC3,2026-01-05
B07S9SDXC3,2026-01-12
B07S9SDXC3,2026-01-19
B07S9SDXC3,2026-01-26
B07S9SDXC3,2026-02-02
B07S9SDXC3,2026-02-09
B07S9SDXC3,2026-02-16
B07S9SDXC3,2026-02-23
B07S9SDXC3,2026-03-02
B07S9SDXC3,2026-03-09
B07S9SDXC3,2026-03-16
B07S9SDXC3,2026-03-23
B07S9SDXC3,2026-03-30
B07SBT7BFX,2025-03-03
B07SBT7BFX,2025-03-10
B07SBT7BFX,2025-03-17
B07SBT7BFX,2025-03-24
B07SBT7BFX,2025-03-31
B07SBT7BFX,2025-04-07
B07SBT7BFX,2025-04-14
B07SBT7BFX,2025-04-21
B07SBT7BFX,2025-04-28
B07SBT7BFX,2025-05-05
B07SBT7BFX,2025-05-12
B07SBT7BFX,2025-05-19
B07SBT7BFX,2025-05-26
B07SBT7BFX,2025-06-02
B07SBT7BFX,2025-06-09
B07SBT7BFX,2025-06-16
B07SBT7BFX,2025-06-23
B07SBT7BFX,2025-06-30
B07SBT7BFX,2025-07-07
B07SBT7BFX,2025-07-14
B07SBT7BFX,2025-07-21
B07SBT7BFX,2025-07-28
B07SBT7BFX,2025-08-04
B07SBT7BFX,2025-08-11
B07SBT7BFX,2025-08-18
B07SBT7BFX,2025-08-25
B07SBT7BFX,2025-09-01
B07SBT7BFX,2025-09-08
B07SBT7BFX,2025-09-15
B07SBT7BFX,2025-09-22
B07SBT7BFX,2025-09-29
B07SBT7BFX,2025-10-06
B07SBT7BFX,2025-10-13
B07SBT7BFX,2025-10-20
B07SBT7BFX,2025-10-27
B07SBT7BFX,2025-11-03
B07SBT7BFX,2025-11-10
B07SBT7BFX,2025-11-17
B07SBT7BFX,2025-11-24
B07SBT7BFX,2025-12-01
B07SBT7BFX,2025-12-08
B07SBT7BFX,2025-12-15
B07SBT7BFX,2025-12-22
B07SBT7BFX,2025-12-29
B07SBT7BFX,2026-01-05
B07SBT7BFX,2026-01-12
B07SBT7BFX,2026-01-19
B07SBT7BFX,2026-01-26
B07SBT7BFX,2026-02-02
B07SBT7BFX,2026-02-09
B07SBT7BFX,2026-02-16
B07SBT7BFX,2026-02-23
B07SBT7BFX,2026-03-02
B07SBT7BFX,2026-03-09
B07SBT7BFX,2026-03-16
B07SBT7BFX,2026-03-23
B07SBT7BFX,2026-03-30
B07SBT7BFX,2025-03-03
B07SBT7BFX,2025-03-10
B07SBT7BFX,2025-03-17
B07SBT7BFX,2025-03-24
B07SBT7BFX,2025-03-31
B07SBT7BFX,2025-04-07
B07SBT7BFX,2025-04-14
B07SBT7BFX,2025-04-21
B07SBT7BFX,2025-04-28
B07SBT7BFX,2025-05-05
B07SBT7BFX,2025-05-12
B07SBT7BFX,2025-05-19
B07SBT7BFX,2025-05-26
B07SBT7BFX,2025-06-02
B07SBT7BFX,2025-06-09
B07SBT7BFX,2025-06-16
B07SBT7BFX,2025-06-23
B07SBT7BFX,2025-06-30
B07SBT7BFX,2025-07-07
B07SBT7BFX,2025-07-14
B07SBT7BFX,2025-07-21
B07SBT7BFX,2025-07-28
B07SBT7BFX,2025-08-04
B07SBT7BFX,2025-08-11
B07SBT7BFX,2025-08-18
B07SBT7BFX,2025-08-25
B07SBT7BFX,2025-09-01
B07SBT7BFX,2025-09-08
B07SBT7BFX,2025-09-15
B07SBT7BFX,2025-09-22
B07SBT7BFX,2025-09-29
B07SBT7BFX,2025-10-06
B07SBT7BFX,2025-10-13
B07SBT7BFX,2025-10-20
B07SBT7BFX,2025-10-27
B07SBT7BFX,2025-11-03
B07SBT7BFX,2025-11-10
B07SBT7BFX,2025-11-17
B07SBT7BFX,2025-11-24
B07SBT7BFX,2025-12-01
B07SBT7BFX,2025-12-08
B07SBT7BFX,2025-12-15
B07SBT7BFX,2025-12-22
B07SBT7BFX,2025-12-29
B07SBT7BFX,2026-01-05
B07SBT7BFX,2026-01-12
B07SBT7BFX,2026-01-19
B07SBT7BFX,2026-01-26
B07SBT7BFX,2026-02-02
B07SBT7BFX,2026-02-09
B07SBT7BFX,2026-02-16
B07SBT7BFX,2026-02-23
B07SBT7BFX,2026-03-02
B07SBT7BFX,2026-03-09
B07SBT7BFX,2026-03-16
B07SBT7BFX,2026-03-23
B07SBT7BFX,2026-03-30
B07SBVHDRX,2025-03-03
B07SBVHDRX,2025-03-10
B07SBVHDRX,2025-03-17
B07SBVHDRX,2025-03-24
B07SBVHDRX,2025-03-31
B07SBVHDRX,2025-04-07
B07SBVHDRX,2025-04-14
B07SBVHDRX,2025-04-21
B07SBVHDRX,2025-04-28
B07SBVHDRX,2025-05-05
B07SBVHDRX,2025-05-12
B07SBVHDRX,2025-05-19
B07SBVHDRX,2025-05-26
B07SBVHDRX,2025-06-02
B07SBVHDRX,2025-06-09
B07SBVHDRX,2025-06-16
B07SBVHDRX,2025-06-23
B07SBVHDRX,2025-06-30
B07SBVHDRX,2025-07-07
B07SBVHDRX,2025-07-14
B07SBVHDRX,2025-07-21
B07SBVHDRX,2025-07-28
B07SBVHDRX,2025-08-04
B07SBVHDRX,2025-08-11
B07SBVHDRX,2025-08-18
B07SBVHDRX,2025-08-25
B07SBVHDRX,2025-09-01
B07SBVHDRX,2025-09-08
B07SBVHDRX,2025-09-15
B07SBVHDRX,2025-09-22
B07SBVHDRX,2025-09-29
B07SBVHDRX,2025-10-06
B07SBVHDRX,2025-10-13
B07SBVHDRX,2025-10-20
B07SBVHDRX,2025-10-27
B07SBVHDRX,2025-11-03
B07SBVHDRX,2025-11-10
B07SBVHDRX,2025-11-17
B07SBVHDRX,2025-11-24
B07SBVHDRX,2025-12-01
B07SBVHDRX,2025-12-08
B07SBVHDRX,2025-12-15
B07SBVHDRX,2025-12-22
B07SBVHDRX,2025-12-29
B07SBVHDRX,2026-01-05
B07SBVHDRX,2026-01-12
B07SBVHDRX,2026-01-19
B07SBVHDRX,2026-01-26
B07SBVHDRX,2026-02-02
B07SBVHDRX,2026-02-09
B07SBVHDRX,2026-02-16
B07SBVHDRX,2026-02-23
B07SBVHDRX,2026-03-02
B07SBVHDRX,2026-03-09
B07SBVHDRX,2026-03-16
B07SBVHDRX,2026-03-23
B07SBVHDRX,2026-03-30
B07SBVHDRX,2025-03-03
B07SBVHDRX,2025-03-10
B07SBVHDRX,2025-03-17
B07SBVHDRX,2025-03-24
B07SBVHDRX,2025-03-31
B07SBVHDRX,2025-04-07
B07SBVHDRX,2025-04-14
B07SBVHDRX,2025-04-21
B07SBVHDRX,2025-04-28
B07SBVHDRX,2025-05-05
B07SBVHDRX,2025-05-12
B07SBVHDRX,2025-05-19
B07SBVHDRX,2025-05-26
B07SBVHDRX,2025-06-02
B07SBVHDRX,2025-06-09
B07SBVHDRX,2025-06-16
B07SBVHDRX,2025-06-23
B07SBVHDRX,2025-06-30
B07SBVHDRX,2025-07-07
B07SBVHDRX,2025-07-14
B07SBVHDRX,2025-07-21
B07SBVHDRX,2025-07-28
B07SBVHDRX,2025-08-04
B07SBVHDRX,2025-08-11
B07SBVHDRX,2025-08-18
B07SBVHDRX,2025-08-25
B07SBVHDRX,2025-09-01
B07SBVHDRX,2025-09-08
B07SBVHDRX,2025-09-15
B07SBVHDRX,2025-09-22
B07SBVHDRX,2025-09-29
B07SBVHDRX,2025-10-06
B07SBVHDRX,2025-10-13
B07SBVHDRX,2025-10-20
B07SBVHDRX,2025-10-27
B07SBVHDRX,2025-11-03
B07SBVHDRX,2025-11-10
B07SBVHDRX,2025-11-17
B07SBVHDRX,2025-11-24
B07SBVHDRX,2025-12-01
B07SBVHDRX,2025-12-08
B07SBVHDRX,2025-12-15
B07SBVHDRX,2025-12-22
B07SBVHDRX,2025-12-29
B07SBVHDRX,2026-01-05
B07SBVHDRX,2026-01-12
B07SBVHDRX,2026-01-19
B07SBVHDRX,2026-01-26
B07SBVHDRX,2026-02-02
B07SBVHDRX,2026-02-09
B07SBVHDRX,2026-02-16
B07SBVHDRX,2026-02-23
B07SBVHDRX,2026-03-02
B07SBVHDRX,2026-03-09
B07SBVHDRX,2026-03-16
B07SBVHDRX,2026-03-23
B07SBVHDRX,2026-03-30
B07SBW7BMN,2025-03-03
B07SBW7BMN,2025-03-10
B07SBW7BMN,2025-03-17
B07SBW7BMN,2025-03-24
B07SBW7BMN,2025-03-31
B07SBW7BMN,2025-04-07
B07SBW7BMN,2025-04-14
B07SBW7BMN,2025-04-21
B07SBW7BMN,2025-04-28
B07SBW7BMN,2025-05-05
B07SBW7BMN,2025-05-12
B07SBW7BMN,2025-05-19
B07SBW7BMN,2025-05-26
B07SBW7BMN,2025-06-02
B07SBW7BMN,2025-06-09
B07SBW7BMN,2025-06-16
B07SBW7BMN,2025-06-23
B07SBW7BMN,2025-06-30
B07SBW7BMN,2025-07-07
B07SBW7BMN,2025-07-14
B07SBW7BMN,2025-07-21
B07SBW7BMN,2025-07-28
B07SBW7BMN,2025-08-04
B07SBW7BMN,2025-08-11
B07SBW7BMN,2025-08-18
B07SBW7BMN,2025-08-25
B07SBW7BMN,2025-09-01
B07SBW7BMN,2025-09-08
B07SBW7BMN,2025-09-15
B07SBW7BMN,2025-09-22
B07SBW7BMN,2025-09-29
B07SBW7BMN,2025-10-06
B07SBW7BMN,2025-10-13
B07SBW7BMN,2025-10-20
B07SBW7BMN,2025-10-27
B07SBW7BMN,2025-11-03
B07SBW7BMN,2025-11-10
B07SBW7BMN,2025-11-17
B07SBW7BMN,2025-11-24
B07SBW7BMN,2025-12-01
B07SBW7BMN,2025-12-08
B07SBW7BMN,2025-12-15
B07SBW7BMN,2025-12-22
B07SBW7BMN,2025-12-29
B07SBW7BMN,2026-01-05
B07SBW7BMN,2026-01-12
B07SBW7BMN,2026-01-19
B07SBW7BMN,2026-01-26
B07SBW7BMN,2026-02-02
B07SBW7BMN,2026-02-09
B07SBW7BMN,2026-02-16
B07SBW7BMN,2026-02-23
B07SBW7BMN,2026-03-02
B07SBW7BMN,2026-03-09
B07SBW7BMN,2026-03-16
B07SBW7BMN,2026-03-23
B07SBW7BMN,2026-03-30
B07SBW7BMN,2025-03-03
B07SBW7BMN,2025-03-10
B07SBW7BMN,2025-03-17
B07SBW7BMN,2025-03-24
B07SBW7BMN,2025-03-31
B07SBW7BMN,2025-04-07
B07SBW7BMN,2025-04-14
B07SBW7BMN,2025-04-21
B07SBW7BMN,2025-04-28
B07SBW7BMN,2025-05-05
B07SBW7BMN,2025-05-12
B07SBW7BMN,2025-05-19
B07SBW7BMN,2025-05-26
B07SBW7BMN,2025-06-02
B07SBW7BMN,2025-06-09
B07SBW7BMN,2025-06-16
B07SBW7BMN,2025-06-23
B07SBW7BMN,2025-06-30
B07SBW7BMN,2025-07-07
B07SBW7BMN,2025-07-14
B07SBW7BMN,2025-07-21
B07SBW7BMN,2025-07-28
B07SBW7BMN,2025-08-04
B07SBW7BMN,2025-08-11
B07SBW7BMN,2025-08-18
B07SBW7BMN,2025-08-25
B07SBW7BMN,2025-09-01
B07SBW7BMN,2025-09-08
B07SBW7BMN,2025-09-15
B07SBW7BMN,2025-09-22
B07SBW7BMN,2025-09-29
B07SBW7BMN,2025-10-06
B07SBW7BMN,2025-10-13
B07SBW7BMN,2025-10-20
B07SBW7BMN,2025-10-27
B07SBW7BMN,2025-11-03
B07SBW7BMN,2025-11-10
B07SBW7BMN,2025-11-17
B07SBW7BMN,2025-11-24
B07SBW7BMN,2025-12-01
B07SBW7BMN,2025-12-08
B07SBW7BMN,2025-12-15
B07SBW7BMN,2025-12-22
B07SBW7BMN,2025-12-29
B07SBW7BMN,2026-01-05
B07SBW7BMN,2026-01-12
B07SBW7BMN,2026-01-19
B07SBW7BMN,2026-01-26
B07SBW7BMN,2026-02-02
B07SBW7BMN,2026-02-09
B07SBW7BMN,2026-02-16
B07SBW7BMN,2026-02-23
B07SBW7BMN,2026-03-02
B07SBW7BMN,2026-03-09
B07SBW7BMN,2026-03-16
B07SBW7BMN,2026-03-23
B07SBW7BMN,2026-03-30
B07TS4S578,2025-03-03
B07TS4S578,2025-03-10
B07TS4S578,2025-03-17
B07TS4S578,2025-03-24
B07TS4S578,2025-03-31
B07TS4S578,2025-04-07
B07TS4S578,2025-04-14
B07TS4S578,2025-04-21
B07TS4S578,2025-04-28
B07TS4S578,2025-05-05
B07TS4S578,2025-05-12
B07TS4S578,2025-05-19
B07TS4S578,2025-05-26
B07TS4S578,2025-06-02
B07TS4S578,2025-06-09
B07TS4S578,2025-06-16
B07TS4S578,2025-06-23
B07TS4S578,2025-06-30
B07TS4S578,2025-07-07
B07TS4S578,2025-07-14
B07TS4S578,2025-07-21
B07TS4S578,2025-07-28
B07TS4S578,2025-08-04
B07TS4S578,2025-08-11
B07TS4S578,2025-08-18
B07TS4S578,2025-08-25
B07TS4S578,2025-09-01
B07TS4S578,2025-09-08
B07TS4S578,2025-09-15
B07TS4S578,2025-09-22
B07TS4S578,2025-09-29
B07TS4S578,2025-10-06
B07TS4S578,2025-10-13
B07TS4S578,2025-10-20
B07TS4S578,2025-10-27
B07TS4S578,2025-11-03
B07TS4S578,2025-11-10
B07TS4S578,2025-11-17
B07TS4S578,2025-11-24
B07TS4S578,2025-12-01
B07TS4S578,2025-12-08
B07TS4S578,2025-12-15
B07TS4S578,2025-12-22
B07TS4S578,2025-12-29
B07TS4S578,2026-01-05
B07TS4S578,2026-01-12
B07TS4S578,2026-01-19
B07TS4S578,2026-01-26
B07TS4S578,2026-02-02
B07TS4S578,2026-02-09
B07TS4S578,2026-02-16
B07TS4S578,2026-02-23
B07TS4S578,2026-03-02
B07TS4S578,2026-03-09
B07TS4S578,2026-03-16
B07TS4S578,2026-03-23
B07TS4S578,2026-03-30
B07TS4S578,2025-03-03
B07TS4S578,2025-03-10
B07TS4S578,2025-03-17
B07TS4S578,2025-03-24
B07TS4S578,2025-03-31
B07TS4S578,2025-04-07
B07TS4S578,2025-04-14
B07TS4S578,2025-04-21
B07TS4S578,2025-04-28
B07TS4S578,2025-05-05
B07TS4S578,2025-05-12
B07TS4S578,2025-05-19
B07TS4S578,2025-05-26
B07TS4S578,2025-06-02
B07TS4S578,2025-06-09
B07TS4S578,2025-06-16
B07TS4S578,2025-06-23
B07TS4S578,2025-06-30
B07TS4S578,2025-07-07
B07TS4S578,2025-07-14
B07TS4S578,2025-07-21
B07TS4S578,2025-07-28
B07TS4S578,2025-08-04
B07TS4S578,2025-08-11
B07TS4S578,2025-08-18
B07TS4S578,2025-08-25
B07TS4S578,2025-09-01
B07TS4S578,2025-09-08
B07TS4S578,2025-09-15
B07TS4S578,2025-09-22
B07TS4S578,2025-09-29
B07TS4S578,2025-10-06
B07TS4S578,2025-10-13
B07TS4S578,2025-10-20
B07TS4S578,2025-10-27
B07TS4S578,2025-11-03
B07TS4S578,2025-11-10
B07TS4S578,2025-11-17
B07TS4S578,2025-11-24
B07TS4S578,2025-12-01
B07TS4S578,2025-12-08
B07TS4S578,2025-12-15
B07TS4S578,2025-12-22
B07TS4S578,2025-12-29
B07TS4S578,2026-01-05
B07TS4S578,2026-01-12
B07TS4S578,2026-01-19
B07TS4S578,2026-01-26
B07TS4S578,2026-02-02
B07TS4S578,2026-02-09
B07TS4S578,2026-02-16
B07TS4S578,2026-02-23
B07TS4S578,2026-03-02
B07TS4S578,2026-03-09
B07TS4S578,2026-03-16
B07TS4S578,2026-03-23
B07TS4S578,2026-03-30
B07VBKNJVN,2025-03-03
B07VBKNJVN,2025-03-10
B07VBKNJVN,2025-03-17
B07VBKNJVN,2025-03-24
B07VBKNJVN,2025-03-31
B07VBKNJVN,2025-04-07
B07VBKNJVN,2025-04-14
B07VBKNJVN,2025-04-21
B07VBKNJVN,2025-04-28
B07VBKNJVN,2025-05-05
B07VBKNJVN,2025-05-12
B07VBKNJVN,2025-05-19
B07VBKNJVN,2025-05-26
B07VBKNJVN,2025-06-02
B07VBKNJVN,2025-06-09
B07VBKNJVN,2025-06-16
B07VBKNJVN,2025-06-23
B07VBKNJVN,2025-06-30
B07VBKNJVN,2025-07-07
B07VBKNJVN,2025-07-14
B07VBKNJVN,2025-07-21
B07VBKNJVN,2025-07-28
B07VBKNJVN,2025-08-04
B07VBKNJVN,2025-08-11
B07VBKNJVN,2025-08-18
B07VBKNJVN,2025-08-25
B07VBKNJVN,2025-09-01
B07VBKNJVN,2025-09-08
B07VBKNJVN,2025-09-15
B07VBKNJVN,2025-09-22
B07VBKNJVN,2025-09-29
B07VBKNJVN,2025-10-06
B07VBKNJVN,2025-10-13
B07VBKNJVN,2025-10-20
B07VBKNJVN,2025-10-27
B07VBKNJVN,2025-11-03
B07VBKNJVN,2025-11-10
B07VBKNJVN,2025-11-17
B07VBKNJVN,2025-11-24
B07VBKNJVN,2025-12-01
B07VBKNJVN,2025-12-08
B07VBKNJVN,2025-12-15
B07VBKNJVN,2025-12-22
B07VBKNJVN,2025-12-29
B07VBKNJVN,2026-01-05
B07VBKNJVN,2026-01-12
B07VBKNJVN,2026-01-19
B07VBKNJVN,2026-01-26
B07VBKNJVN,2026-02-02
B07VBKNJVN,2026-02-09
B07VBKNJVN,2026-02-16
B07VBKNJVN,2026-02-23
B07VBKNJVN,2026-03-02
B07VBKNJVN,2026-03-09
B07VBKNJVN,2026-03-16
B07VBKNJVN,2026-03-23
B07VBKNJVN,2026-03-30
B07VBKNJVN,2025-03-03
B07VBKNJVN,2025-03-10
B07VBKNJVN,2025-03-17
B07VBKNJVN,2025-03-24
B07VBKNJVN,2025-03-31
B07VBKNJVN,2025-04-07
B07VBKNJVN,2025-04-14
B07VBKNJVN,2025-04-21
B07VBKNJVN,2025-04-28
B07VBKNJVN,2025-05-05
B07VBKNJVN,2025-05-12
B07VBKNJVN,2025-05-19
B07VBKNJVN,2025-05-26
B07VBKNJVN,2025-06-02
B07VBKNJVN,2025-06-09
B07VBKNJVN,2025-06-16
B07VBKNJVN,2025-06-23
B07VBKNJVN,2025-06-30
B07VBKNJVN,2025-07-07
B07VBKNJVN,2025-07-14
B07VBKNJVN,2025-07-21
B07VBKNJVN,2025-07-28
B07VBKNJVN,2025-08-04
B07VBKNJVN,2025-08-11
B07VBKNJVN,2025-08-18
B07VBKNJVN,2025-08-25
B07VBKNJVN,2025-09-01
B07VBKNJVN,2025-09-08
B07VBKNJVN,2025-09-15
B07VBKNJVN,2025-09-22
B07VBKNJVN,2025-09-29
B07VBKNJVN,2025-10-06
B07VBKNJVN,2025-10-13
B07VBKNJVN,2025-10-20
B07VBKNJVN,2025-10-27
B07VBKNJVN,2025-11-03
B07VBKNJVN,2025-11-10
B07VBKNJVN,2025-11-17
B07VBKNJVN,2025-11-24
B07VBKNJVN,2025-12-01
B07VBKNJVN,2025-12-08
B07VBKNJVN,2025-12-15
B07VBKNJVN,2025-12-22
B07VBKNJVN,2025-12-29
B07VBKNJVN,2026-01-05
B07VBKNJVN,2026-01-12
B07VBKNJVN,2026-01-19
B07VBKNJVN,2026-01-26
B07VBKNJVN,2026-02-02
B07VBKNJVN,2026-02-09
B07VBKNJVN,2026-02-16
B07VBKNJVN,2026-02-23
B07VBKNJVN,2026-03-02
B07VBKNJVN,2026-03-09
B07VBKNJVN,2026-03-16
B07VBKNJVN,2026-03-23
B07VBKNJVN,2026-03-30
B07VJYC7LW,2025-03-03
B07VJYC7LW,2025-03-10
B07VJYC7LW,2025-03-17
B07VJYC7LW,2025-03-24
B07VJYC7LW,2025-03-31
B07VJYC7LW,2025-04-07
B07VJYC7LW,2025-04-14
B07VJYC7LW,2025-04-21
B07VJYC7LW,2025-04-28
B07VJYC7LW,2025-05-05
B07VJYC7LW,2025-05-12
B07VJYC7LW,2025-05-19
B07VJYC7LW,2025-05-26
B07VJYC7LW,2025-06-02
B07VJYC7LW,2025-06-09
B07VJYC7LW,2025-06-16
B07VJYC7LW,2025-06-23
B07VJYC7LW,2025-06-30
B07VJYC7LW,2025-07-07
B07VJYC7LW,2025-07-14
B07VJYC7LW,2025-07-21
B07VJYC7LW,2025-07-28
B07VJYC7LW,2025-08-04
B07VJYC7LW,2025-08-11
B07VJYC7LW,2025-08-18
B07VJYC7LW,2025-08-25
B07VJYC7LW,2025-09-01
B07VJYC7LW,2025-09-08
B07VJYC7LW,2025-09-15
B07VJYC7LW,2025-09-22
B07VJYC7LW,2025-09-29
B07VJYC7LW,2025-10-06
B07VJYC7LW,2025-10-13
B07VJYC7LW,2025-10-20
B07VJYC7LW,2025-10-27
B07VJYC7LW,2025-11-03
B07VJYC7LW,2025-11-10
B07VJYC7LW,2025-11-17
B07VJYC7LW,2025-11-24
B07VJYC7LW,2025-12-01
B07VJYC7LW,2025-12-08
B07VJYC7LW,2025-12-15
B07VJYC7LW,2025-12-22
B07VJYC7LW,2025-12-29
B07VJYC7LW,2026-01-05
B07VJYC7LW,2026-01-12
B07VJYC7LW,2026-01-19
B07VJYC7LW,2026-01-26
B07VJYC7LW,2026-02-02
B07VJYC7LW,2026-02-09
B07VJYC7LW,2026-02-16
B07VJYC7LW,2026-02-23
B07VJYC7LW,2026-03-02
B07VJYC7LW,2026-03-09
B07VJYC7LW,2026-03-16
B07VJYC7LW,2026-03-23
B07VJYC7LW,2026-03-30
B07VJYC7LW,2025-03-03
B07VJYC7LW,2025-03-10
B07VJYC7LW,2025-03-17
B07VJYC7LW,2025-03-24
B07VJYC7LW,2025-03-31
B07VJYC7LW,2025-04-07
B07VJYC7LW,2025-04-14
B07VJYC7LW,2025-04-21
B07VJYC7LW,2025-04-28
B07VJYC7LW,2025-05-05
B07VJYC7LW,2025-05-12
B07VJYC7LW,2025-05-19
B07VJYC7LW,2025-05-26
B07VJYC7LW,2025-06-02
B07VJYC7LW,2025-06-09
B07VJYC7LW,2025-06-16
B07VJYC7LW,2025-06-23
B07VJYC7LW,2025-06-30
B07VJYC7LW,2025-07-07
B07VJYC7LW,2025-07-14
B07VJYC7LW,2025-07-21
B07VJYC7LW,2025-07-28
B07VJYC7LW,2025-08-04
B07VJYC7LW,2025-08-11
B07VJYC7LW,2025-08-18
B07VJYC7LW,2025-08-25
B07VJYC7LW,2025-09-01
B07VJYC7LW,2025-09-08
B07VJYC7LW,2025-09-15
B07VJYC7LW,2025-09-22
B07VJYC7LW,2025-09-29
B07VJYC7LW,2025-10-06
B07VJYC7LW,2025-10-13
B07VJYC7LW,2025-10-20
B07VJYC7LW,2025-10-27
B07VJYC7LW,2025-11-03
B07VJYC7LW,2025-11-10
B07VJYC7LW,2025-11-17
B07VJYC7LW,2025-11-24
B07VJYC7LW,2025-12-01
B07VJYC7LW,2025-12-08
B07VJYC7LW,2025-12-15
B07VJYC7LW,2025-12-22
B07VJYC7LW,2025-12-29
B07VJYC7LW,2026-01-05
B07VJYC7LW,2026-01-12
B07VJYC7LW,2026-01-19
B07VJYC7LW,2026-01-26
B07VJYC7LW,2026-02-02
B07VJYC7LW,2026-02-09
B07VJYC7LW,2026-02-16
B07VJYC7LW,2026-02-23
B07VJYC7LW,2026-03-02
B07VJYC7LW,2026-03-09
B07VJYC7LW,2026-03-16
B07VJYC7LW,2026-03-23
B07VJYC7LW,2026-03-30
B07VLMTDMJ,2025-03-03
B07VLMTDMJ,2025-03-10
B07VLMTDMJ,2025-03-17
B07VLMTDMJ,2025-03-24
B07VLMTDMJ,2025-03-31
B07VLMTDMJ,2025-04-07
B07VLMTDMJ,2025-04-14
B07VLMTDMJ,2025-04-21
B07VLMTDMJ,2025-04-28
B07VLMTDMJ,2025-05-05
B07VLMTDMJ,2025-05-12
B07VLMTDMJ,2025-05-19
B07VLMTDMJ,2025-05-26
B07VLMTDMJ,2025-06-02
B07VLMTDMJ,2025-06-09
B07VLMTDMJ,2025-06-16
B07VLMTDMJ,2025-06-23
B07VLMTDMJ,2025-06-30
B07VLMTDMJ,2025-07-07
B07VLMTDMJ,2025-07-14
B07VLMTDMJ,2025-07-21
B07VLMTDMJ,2025-07-28
B07VLMTDMJ,2025-08-04
B07VLMTDMJ,2025-08-11
B07VLMTDMJ,2025-08-18
B07VLMTDMJ,2025-08-25
B07VLMTDMJ,2025-09-01
B07VLMTDMJ,2025-09-08
B07VLMTDMJ,2025-09-15
B07VLMTDMJ,2025-09-22
B07VLMTDMJ,2025-09-29
B07VLMTDMJ,2025-10-06
B07VLMTDMJ,2025-10-13
B07VLMTDMJ,2025-10-20
B07VLMTDMJ,2025-10-27
B07VLMTDMJ,2025-11-03
B07VLMTDMJ,2025-11-10
B07VLMTDMJ,2025-11-17
B07VLMTDMJ,2025-11-24
B07VLMTDMJ,2025-12-01
B07VLMTDMJ,2025-12-08
B07VLMTDMJ,2025-12-15
B07VLMTDMJ,2025-12-22
B07VLMTDMJ,2025-12-29
B07VLMTDMJ,2026-01-05
B07VLMTDMJ,2026-01-12
B07VLMTDMJ,2026-01-19
B07VLMTDMJ,2026-01-26
B07VLMTDMJ,2026-02-02
B07VLMTDMJ,2026-02-09
B07VLMTDMJ,2026-02-16
B07VLMTDMJ,2026-02-23
B07VLMTDMJ,2026-03-02
B07VLMTDMJ,2026-03-09
B07VLMTDMJ,2026-03-16
B07VLMTDMJ,2026-03-23
B07VLMTDMJ,2026-03-30
B07VLMTDMJ,2025-03-03
B07VLMTDMJ,2025-03-10
B07VLMTDMJ,2025-03-17
B07VLMTDMJ,2025-03-24
B07VLMTDMJ,2025-03-31
B07VLMTDMJ,2025-04-07
B07VLMTDMJ,2025-04-14
B07VLMTDMJ,2025-04-21
B07VLMTDMJ,2025-04-28
B07VLMTDMJ,2025-05-05
B07VLMTDMJ,2025-05-12
B07VLMTDMJ,2025-05-19
B07VLMTDMJ,2025-05-26
B07VLMTDMJ,2025-06-02
B07VLMTDMJ,2025-06-09
B07VLMTDMJ,2025-06-16
B07VLMTDMJ,2025-06-23
B07VLMTDMJ,2025-06-30
B07VLMTDMJ,2025-07-07
B07VLMTDMJ,2025-07-14
B07VLMTDMJ,2025-07-21
B07VLMTDMJ,2025-07-28
B07VLMTDMJ,2025-08-04
B07VLMTDMJ,2025-08-11
B07VLMTDMJ,2025-08-18
B07VLMTDMJ,2025-08-25
B07VLMTDMJ,2025-09-01
B07VLMTDMJ,2025-09-08
B07VLMTDMJ,2025-09-15
B07VLMTDMJ,2025-09-22
B07VLMTDMJ,2025-09-29
B07VLMTDMJ,2025-10-06
B07VLMTDMJ,2025-10-13
B07VLMTDMJ,2025-10-20
B07VLMTDMJ,2025-10-27
B07VLMTDMJ,2025-11-03
B07VLMTDMJ,2025-11-10
B07VLMTDMJ,2025-11-17
B07VLMTDMJ,2025-11-24
B07VLMTDMJ,2025-12-01
B07VLMTDMJ,2025-12-08
B07VLMTDMJ,2025-12-15
B07VLMTDMJ,2025-12-22
B07VLMTDMJ,2025-12-29
B07VLMTDMJ,2026-01-05
B07VLMTDMJ,2026-01-12
B07VLMTDMJ,2026-01-19
B07VLMTDMJ,2026-01-26
B07VLMTDMJ,2026-02-02
B07VLMTDMJ,2026-02-09
B07VLMTDMJ,2026-02-16
B07VLMTDMJ,2026-02-23
B07VLMTDMJ,2026-03-02
B07VLMTDMJ,2026-03-09
B07VLMTDMJ,2026-03-16
B07VLMTDMJ,2026-03-23
B07VLMTDMJ,2026-03-30
B07VS59Q25,2025-03-03
B07VS59Q25,2025-03-10
B07VS59Q25,2025-03-17
B07VS59Q25,2025-03-24
B07VS59Q25,2025-03-31
B07VS59Q25,2025-04-07
B07VS59Q25,2025-04-14
B07VS59Q25,2025-04-21
B07VS59Q25,2025-04-28
B07VS59Q25,2025-05-05
B07VS59Q25,2025-05-12
B07VS59Q25,2025-05-19
B07VS59Q25,2025-05-26
B07VS59Q25,2025-06-02
B07VS59Q25,2025-06-09
B07VS59Q25,2025-06-16
B07VS59Q25,2025-06-23
B07VS59Q25,2025-06-30
B07VS59Q25,2025-07-07
B07VS59Q25,2025-07-14
B07VS59Q25,2025-07-21
B07VS59Q25,2025-07-28
B07VS59Q25,2025-08-04
B07VS59Q25,2025-08-11
B07VS59Q25,2025-08-18
B07VS59Q25,2025-08-25
B07VS59Q25,2025-09-01
B07VS59Q25,2025-09-08
B07VS59Q25,2025-09-15
B07VS59Q25,2025-09-22
B07VS59Q25,2025-09-29
B07VS59Q25,2025-10-06
B07VS59Q25,2025-10-13
B07VS59Q25,2025-10-20
B07VS59Q25,2025-10-27
B07VS59Q25,2025-11-03
B07VS59Q25,2025-11-10
B07VS59Q25,2025-11-17
B07VS59Q25,2025-11-24
B07VS59Q25,2025-12-01
B07VS59Q25,2025-12-08
B07VS59Q25,2025-12-15
B07VS59Q25,2025-12-22
B07VS59Q25,2025-12-29
B07VS59Q25,2026-01-05
B07VS59Q25,2026-01-12
B07VS59Q25,2026-01-19
B07VS59Q25,2026-01-26
B07VS59Q25,2026-02-02
B07VS59Q25,2026-02-09
B07VS59Q25,2026-02-16
B07VS59Q25,2026-02-23
B07VS59Q25,2026-03-02
B07VS59Q25,2026-03-09
B07VS59Q25,2026-03-16
B07VS59Q25,2026-03-23
B07VS59Q25,2026-03-30
B07VS59Q25,2025-03-03
B07VS59Q25,2025-03-10
B07VS59Q25,2025-03-17
B07VS59Q25,2025-03-24
B07VS59Q25,2025-03-31
B07VS59Q25,2025-04-07
B07VS59Q25,2025-04-14
B07VS59Q25,2025-04-21
B07VS59Q25,2025-04-28
B07VS59Q25,2025-05-05
B07VS59Q25,2025-05-12
B07VS59Q25,2025-05-19
B07VS59Q25,2025-05-26
B07VS59Q25,2025-06-02
B07VS59Q25,2025-06-09
B07VS59Q25,2025-06-16
B07VS59Q25,2025-06-23
B07VS59Q25,2025-06-30
B07VS59Q25,2025-07-07
B07VS59Q25,2025-07-14
B07VS59Q25,2025-07-21
B07VS59Q25,2025-07-28
B07VS59Q25,2025-08-04
B07VS59Q25,2025-08-11
B07VS59Q25,2025-08-18
B07VS59Q25,2025-08-25
B07VS59Q25,2025-09-01
B07VS59Q25,2025-09-08
B07VS59Q25,2025-09-15
B07VS59Q25,2025-09-22
B07VS59Q25,2025-09-29
B07VS59Q25,2025-10-06
B07VS59Q25,2025-10-13
B07VS59Q25,2025-10-20
B07VS59Q25,2025-10-27
B07VS59Q25,2025-11-03
B07VS59Q25,2025-11-10
B07VS59Q25,2025-11-17
B07VS59Q25,2025-11-24
B07VS59Q25,2025-12-01
B07VS59Q25,2025-12-08
B07VS59Q25,2025-12-15
B07VS59Q25,2025-12-22
B07VS59Q25,2025-12-29
B07VS59Q25,2026-01-05
B07VS59Q25,2026-01-12
B07VS59Q25,2026-01-19
B07VS59Q25,2026-01-26
B07VS59Q25,2026-02-02
B07VS59Q25,2026-02-09
B07VS59Q25,2026-02-16
B07VS59Q25,2026-02-23
B07VS59Q25,2026-03-02
B07VS59Q25,2026-03-09
B07VS59Q25,2026-03-16
B07VS59Q25,2026-03-23
B07VS59Q25,2026-03-30
B07VSTW8SN,2025-03-03
B07VSTW8SN,2025-03-10
B07VSTW8SN,2025-03-17
B07VSTW8SN,2025-03-24
B07VSTW8SN,2025-03-31
B07VSTW8SN,2025-04-07
B07VSTW8SN,2025-04-14
B07VSTW8SN,2025-04-21
B07VSTW8SN,2025-04-28
B07VSTW8SN,2025-05-05
B07VSTW8SN,2025-05-12
B07VSTW8SN,2025-05-19
B07VSTW8SN,2025-05-26
B07VSTW8SN,2025-06-02
B07VSTW8SN,2025-06-09
B07VSTW8SN,2025-06-16
B07VSTW8SN,2025-06-23
B07VSTW8SN,2025-06-30
B07VSTW8SN,2025-07-07
B07VSTW8SN,2025-07-14
B07VSTW8SN,2025-07-21
B07VSTW8SN,2025-07-28
B07VSTW8SN,2025-08-04
B07VSTW8SN,2025-08-11
B07VSTW8SN,2025-08-18
B07VSTW8SN,2025-08-25
B07VSTW8SN,2025-09-01
B07VSTW8SN,2025-09-08
B07VSTW8SN,2025-09-15
B07VSTW8SN,2025-09-22
B07VSTW8SN,2025-09-29
B07VSTW8SN,2025-10-06
B07VSTW8SN,2025-10-13
B07VSTW8SN,2025-10-20
B07VSTW8SN,2025-10-27
B07VSTW8SN,2025-11-03
B07VSTW8SN,2025-11-10
B07VSTW8SN,2025-11-17
B07VSTW8SN,2025-11-24
B07VSTW8SN,2025-12-01
B07VSTW8SN,2025-12-08
B07VSTW8SN,2025-12-15
B07VSTW8SN,2025-12-22
B07VSTW8SN,2025-12-29
B07VSTW8SN,2026-01-05
B07VSTW8SN,2026-01-12
B07VSTW8SN,2026-01-19
B07VSTW8SN,2026-01-26
B07VSTW8SN,2026-02-02
B07VSTW8SN,2026-02-09
B07VSTW8SN,2026-02-16
B07VSTW8SN,2026-02-23
B07VSTW8SN,2026-03-02
B07VSTW8SN,2026-03-09
B07VSTW8SN,2026-03-16
B07VSTW8SN,2026-03-23
B07VSTW8SN,2026-03-30
B07VSTW8SN,2025-03-03
B07VSTW8SN,2025-03-10
B07VSTW8SN,2025-03-17
B07VSTW8SN,2025-03-24
B07VSTW8SN,2025-03-31
B07VSTW8SN,2025-04-07
B07VSTW8SN,2025-04-14
B07VSTW8SN,2025-04-21
B07VSTW8SN,2025-04-28
B07VSTW8SN,2025-05-05
B07VSTW8SN,2025-05-12
B07VSTW8SN,2025-05-19
B07VSTW8SN,2025-05-26
B07VSTW8SN,2025-06-02
B07VSTW8SN,2025-06-09
B07VSTW8SN,2025-06-16
B07VSTW8SN,2025-06-23
B07VSTW8SN,2025-06-30
B07VSTW8SN,2025-07-07
B07VSTW8SN,2025-07-14
B07VSTW8SN,2025-07-21
B07VSTW8SN,2025-07-28
B07VSTW8SN,2025-08-04
B07VSTW8SN,2025-08-11
B07VSTW8SN,2025-08-18
B07VSTW8SN,2025-08-25
B07VSTW8SN,2025-09-01
B07VSTW8SN,2025-09-08
B07VSTW8SN,2025-09-15
B07VSTW8SN,2025-09-22
B07VSTW8SN,2025-09-29
B07VSTW8SN,2025-10-06
B07VSTW8SN,2025-10-13
B07VSTW8SN,2025-10-20
B07VSTW8SN,2025-10-27
B07VSTW8SN,2025-11-03
B07VSTW8SN,2025-11-10
B07VSTW8SN,2025-11-17
B07VSTW8SN,2025-11-24
B07VSTW8SN,2025-12-01
B07VSTW8SN,2025-12-08
B07VSTW8SN,2025-12-15
B07VSTW8SN,2025-12-22
B07VSTW8SN,2025-12-29
B07VSTW8SN,2026-01-05
B07VSTW8SN,2026-01-12
B07VSTW8SN,2026-01-19
B07VSTW8SN,2026-01-26
B07VSTW8SN,2026-02-02
B07VSTW8SN,2026-02-09
B07VSTW8SN,2026-02-16
B07VSTW8SN,2026-02-23
B07VSTW8SN,2026-03-02
B07VSTW8SN,2026-03-09
B07VSTW8SN,2026-03-16
B07VSTW8SN,2026-03-23
B07VSTW8SN,2026-03-30
B07Y22KK8G,2025-03-03
B07Y22KK8G,2025-03-10
B07Y22KK8G,2025-03-17
B07Y22KK8G,2025-03-24
B07Y22KK8G,2025-03-31
B07Y22KK8G,2025-04-07
B07Y22KK8G,2025-04-14
B07Y22KK8G,2025-04-21
B07Y22KK8G,2025-04-28
B07Y22KK8G,2025-05-05
B07Y22KK8G,2025-05-12
B07Y22KK8G,2025-05-19
B07Y22KK8G,2025-05-26
B07Y22KK8G,2025-06-02
B07Y22KK8G,2025-06-09
B07Y22KK8G,2025-06-16
B07Y22KK8G,2025-06-23
B07Y22KK8G,2025-06-30
B07Y22KK8G,2025-07-07
B07Y22KK8G,2025-07-14
B07Y22KK8G,2025-07-21
B07Y22KK8G,2025-07-28
B07Y22KK8G,2025-08-04
B07Y22KK8G,2025-08-11
B07Y22KK8G,2025-08-18
B07Y22KK8G,2025-08-25
B07Y22KK8G,2025-09-01
B07Y22KK8G,2025-09-08
B07Y22KK8G,2025-09-15
B07Y22KK8G,2025-09-22
B07Y22KK8G,2025-09-29
B07Y22KK8G,2025-10-06
B07Y22KK8G,2025-10-13
B07Y22KK8G,2025-10-20
B07Y22KK8G,2025-10-27
B07Y22KK8G,2025-11-03
B07Y22KK8G,2025-11-10
B07Y22KK8G,2025-11-17
B07Y22KK8G,2025-11-24
B07Y22KK8G,2025-12-01
B07Y22KK8G,2025-12-08
B07Y22KK8G,2025-12-15
B07Y22KK8G,2025-12-22
B07Y22KK8G,2025-12-29
B07Y22KK8G,2026-01-05
B07Y22KK8G,2026-01-12
B07Y22KK8G,2026-01-19
B07Y22KK8G,2026-01-26
B07Y22KK8G,2026-02-02
B07Y22KK8G,2026-02-09
B07Y22KK8G,2026-02-16
B07Y22KK8G,2026-02-23
B07Y22KK8G,2026-03-02
B07Y22KK8G,2026-03-09
B07Y22KK8G,2026-03-16
B07Y22KK8G,2026-03-23
B07Y22KK8G,2026-03-30
B07Y22KK8G,2025-03-03
B07Y22KK8G,2025-03-10
B07Y22KK8G,2025-03-17
B07Y22KK8G,2025-03-24
B07Y22KK8G,2025-03-31
B07Y22KK8G,2025-04-07
B07Y22KK8G,2025-04-14
B07Y22KK8G,2025-04-21
B07Y22KK8G,2025-04-28
B07Y22KK8G,2025-05-05
B07Y22KK8G,2025-05-12
B07Y22KK8G,2025-05-19
B07Y22KK8G,2025-05-26
B07Y22KK8G,2025-06-02
B07Y22KK8G,2025-06-09
B07Y22KK8G,2025-06-16
B07Y22KK8G,2025-06-23
B07Y22KK8G,2025-06-30
B07Y22KK8G,2025-07-07
B07Y22KK8G,2025-07-14
B07Y22KK8G,2025-07-21
B07Y22KK8G,2025-07-28
B07Y22KK8G,2025-08-04
B07Y22KK8G,2025-08-11
B07Y22KK8G,2025-08-18
B07Y22KK8G,2025-08-25
B07Y22KK8G,2025-09-01
B07Y22KK8G,2025-09-08
B07Y22KK8G,2025-09-15
B07Y22KK8G,2025-09-22
B07Y22KK8G,2025-09-29
B07Y22KK8G,2025-10-06
B07Y22KK8G,2025-10-13
B07Y22KK8G,2025-10-20
B07Y22KK8G,2025-10-27
B07Y22KK8G,2025-11-03
B07Y22KK8G,2025-11-10
B07Y22KK8G,2025-11-17
B07Y22KK8G,2025-11-24
B07Y22KK8G,2025-12-01
B07Y22KK8G,2025-12-08
B07Y22KK8G,2025-12-15
B07Y22KK8G,2025-12-22
B07Y22KK8G,2025-12-29
B07Y22KK8G,2026-01-05
B07Y22KK8G,2026-01-12
B07Y22KK8G,2026-01-19
B07Y22KK8G,2026-01-26
B07Y22KK8G,2026-02-02
B07Y22KK8G,2026-02-09
B07Y22KK8G,2026-02-16
B07Y22KK8G,2026-02-23
B07Y22KK8G,2026-03-02
B07Y22KK8G,2026-03-09
B07Y22KK8G,2026-03-16
B07Y22KK8G,2026-03-23
B07Y22KK8G,2026-03-30
B0836JZN5Q,2025-03-03
B0836JZN5Q,2025-03-10
B0836JZN5Q,2025-03-17
B0836JZN5Q,2025-03-24
B0836JZN5Q,2025-03-31
B0836JZN5Q,2025-04-07
B0836JZN5Q,2025-04-14
B0836JZN5Q,2025-04-21
B0836JZN5Q,2025-04-28
B0836JZN5Q,2025-05-05
B0836JZN5Q,2025-05-12
B0836JZN5Q,2025-05-19
B0836JZN5Q,2025-05-26
B0836JZN5Q,2025-06-02
B0836JZN5Q,2025-06-09
B0836JZN5Q,2025-06-16
B0836JZN5Q,2025-06-23
B0836JZN5Q,2025-06-30
B0836JZN5Q,2025-07-07
B0836JZN5Q,2025-07-14
B0836JZN5Q,2025-07-21
B0836JZN5Q,2025-07-28
B0836JZN5Q,2025-08-04
B0836JZN5Q,2025-08-11
B0836JZN5Q,2025-08-18
B0836JZN5Q,2025-08-25
B0836JZN5Q,2025-09-01
B0836JZN5Q,2025-09-08
B0836JZN5Q,2025-09-15
B0836JZN5Q,2025-09-22
B0836JZN5Q,2025-09-29
B0836JZN5Q,2025-10-06
B0836JZN5Q,2025-10-13
B0836JZN5Q,2025-10-20
B0836JZN5Q,2025-10-27
B0836JZN5Q,2025-11-03
B0836JZN5Q,2025-11-10
B0836JZN5Q,2025-11-17
B0836JZN5Q,2025-11-24
B0836JZN5Q,2025-12-01
B0836JZN5Q,2025-12-08
B0836JZN5Q,2025-12-15
B0836JZN5Q,2025-12-22
B0836JZN5Q,2025-12-29
B0836JZN5Q,2026-01-05
B0836JZN5Q,2026-01-12
B0836JZN5Q,2026-01-19
B0836JZN5Q,2026-01-26
B0836JZN5Q,2026-02-02
B0836JZN5Q,2026-02-09
B0836JZN5Q,2026-02-16
B0836JZN5Q,2026-02-23
B0836JZN5Q,2026-03-02
B0836JZN5Q,2026-03-09
B0836JZN5Q,2026-03-16
B0836JZN5Q,2026-03-23
B0836JZN5Q,2026-03-30
B0836JZN5Q,2025-03-03
B0836JZN5Q,2025-03-10
B0836JZN5Q,2025-03-17
B0836JZN5Q,2025-03-24
B0836JZN5Q,2025-03-31
B0836JZN5Q,2025-04-07
B0836JZN5Q,2025-04-14
B0836JZN5Q,2025-04-21
B0836JZN5Q,2025-04-28
B0836JZN5Q,2025-05-05
B0836JZN5Q,2025-05-12
B0836JZN5Q,2025-05-19
B0836JZN5Q,2025-05-26
B0836JZN5Q,2025-06-02
B0836JZN5Q,2025-06-09
B0836JZN5Q,2025-06-16
B0836JZN5Q,2025-06-23
B0836JZN5Q,2025-06-30
B0836JZN5Q,2025-07-07
B0836JZN5Q,2025-07-14
B0836JZN5Q,2025-07-21
B0836JZN5Q,2025-07-28
B0836JZN5Q,2025-08-04
B0836JZN5Q,2025-08-11
B0836JZN5Q,2025-08-18
B0836JZN5Q,2025-08-25
B0836JZN5Q,2025-09-01
B0836JZN5Q,2025-09-08
B0836JZN5Q,2025-09-15
B0836JZN5Q,2025-09-22
B0836JZN5Q,2025-09-29
B0836JZN5Q,2025-10-06
B0836JZN5Q,2025-10-13
B0836JZN5Q,2025-10-20
B0836JZN5Q,2025-10-27
B0836JZN5Q,2025-11-03
B0836JZN5Q,2025-11-10
B0836JZN5Q,2025-11-17
B0836JZN5Q,2025-11-24
B0836JZN5Q,2025-12-01
B0836JZN5Q,2025-12-08
B0836JZN5Q,2025-12-15
B0836JZN5Q,2025-12-22
B0836JZN5Q,2025-12-29
B0836JZN5Q,2026-01-05
B0836JZN5Q,2026-01-12
B0836JZN5Q,2026-01-19
B0836JZN5Q,2026-01-26
B0836JZN5Q,2026-02-02
B0836JZN5Q,2026-02-09
B0836JZN5Q,2026-02-16
B0836JZN5Q,2026-02-23
B0836JZN5Q,2026-03-02
B0836JZN5Q,2026-03-09
B0836JZN5Q,2026-03-16
B0836JZN5Q,2026-03-23
B0836JZN5Q,2026-03-30
B0836KBGKR,2025-03-03
B0836KBGKR,2025-03-10
B0836KBGKR,2025-03-17
B0836KBGKR,2025-03-24
B0836KBGKR,2025-03-31
B0836KBGKR,2025-04-07
B0836KBGKR,2025-04-14
B0836KBGKR,2025-04-21
B0836KBGKR,2025-04-28
B0836KBGKR,2025-05-05
B0836KBGKR,2025-05-12
B0836KBGKR,2025-05-19
B0836KBGKR,2025-05-26
B0836KBGKR,2025-06-02
B0836KBGKR,2025-06-09
B0836KBGKR,2025-06-16
B0836KBGKR,2025-06-23
B0836KBGKR,2025-06-30
B0836KBGKR,2025-07-07
B0836KBGKR,2025-07-14
B0836KBGKR,2025-07-21
B0836KBGKR,2025-07-28
B0836KBGKR,2025-08-04
B0836KBGKR,2025-08-11
B0836KBGKR,2025-08-18
B0836KBGKR,2025-08-25
B0836KBGKR,2025-09-01
B0836KBGKR,2025-09-08
B0836KBGKR,2025-09-15
B0836KBGKR,2025-09-22
B0836KBGKR,2025-09-29
B0836KBGKR,2025-10-06
B0836KBGKR,2025-10-13
B0836KBGKR,2025-10-20
B0836KBGKR,2025-10-27
B0836KBGKR,2025-11-03
B0836KBGKR,2025-11-10
B0836KBGKR,2025-11-17
B0836KBGKR,2025-11-24
B0836KBGKR,2025-12-01
B0836KBGKR,2025-12-08
B0836KBGKR,2025-12-15
B0836KBGKR,2025-12-22
B0836KBGKR,2025-12-29
B0836KBGKR,2026-01-05
B0836KBGKR,2026-01-12
B0836KBGKR,2026-01-19
B0836KBGKR,2026-01-26
B0836KBGKR,2026-02-02
B0836KBGKR,2026-02-09
B0836KBGKR,2026-02-16
B0836KBGKR,2026-02-23
B0836KBGKR,2026-03-02
B0836KBGKR,2026-03-09
B0836KBGKR,2026-03-16
B0836KBGKR,2026-03-23
B0836KBGKR,2026-03-30
B0836KBGKR,2025-03-03
B0836KBGKR,2025-03-10
B0836KBGKR,2025-03-17
B0836KBGKR,2025-03-24
B0836KBGKR,2025-03-31
B0836KBGKR,2025-04-07
B0836KBGKR,2025-04-14
B0836KBGKR,2025-04-21
B0836KBGKR,2025-04-28
B0836KBGKR,2025-05-05
B0836KBGKR,2025-05-12
B0836KBGKR,2025-05-19
B0836KBGKR,2025-05-26
B0836KBGKR,2025-06-02
B0836KBGKR,2025-06-09
B0836KBGKR,2025-06-16
B0836KBGKR,2025-06-23
B0836KBGKR,2025-06-30
B0836KBGKR,2025-07-07
B0836KBGKR,2025-07-14
B0836KBGKR,2025-07-21
B0836KBGKR,2025-07-28
B0836KBGKR,2025-08-04
B0836KBGKR,2025-08-11
B0836KBGKR,2025-08-18
B0836KBGKR,2025-08-25
B0836KBGKR,2025-09-01
B0836KBGKR,2025-09-08
B0836KBGKR,2025-09-15
B0836KBGKR,2025-09-22
B0836KBGKR,2025-09-29
B0836KBGKR,2025-10-06
B0836KBGKR,2025-10-13
B0836KBGKR,2025-10-20
B0836KBGKR,2025-10-27
B0836KBGKR,2025-11-03
B0836KBGKR,2025-11-10
B0836KBGKR,2025-11-17
B0836KBGKR,2025-11-24
B0836KBGKR,2025-12-01
B0836KBGKR,2025-12-08
B0836KBGKR,2025-12-15
B0836KBGKR,2025-12-22
B0836KBGKR,2025-12-29
B0836KBGKR,2026-01-05
B0836KBGKR,2026-01-12
B0836KBGKR,2026-01-19
B0836KBGKR,2026-01-26
B0836KBGKR,2026-02-02
B0836KBGKR,2026-02-09
B0836KBGKR,2026-02-16
B0836KBGKR,2026-02-23
B0836KBGKR,2026-03-02
B0836KBGKR,2026-03-09
B0836KBGKR,2026-03-16
B0836KBGKR,2026-03-23
B0836KBGKR,2026-03-30
B0836KLMG8,2025-03-03
B0836KLMG8,2025-03-10
B0836KLMG8,2025-03-17
B0836KLMG8,2025-03-24
B0836KLMG8,2025-03-31
B0836KLMG8,2025-04-07
B0836KLMG8,2025-04-14
B0836KLMG8,2025-04-21
B0836KLMG8,2025-04-28
B0836KLMG8,2025-05-05
B0836KLMG8,2025-05-12
B0836KLMG8,2025-05-19
B0836KLMG8,2025-05-26
B0836KLMG8,2025-06-02
B0836KLMG8,2025-06-09
B0836KLMG8,2025-06-16
B0836KLMG8,2025-06-23
B0836KLMG8,2025-06-30
B0836KLMG8,2025-07-07
B0836KLMG8,2025-07-14
B0836KLMG8,2025-07-21
B0836KLMG8,2025-07-28
B0836KLMG8,2025-08-04
B0836KLMG8,2025-08-11
B0836KLMG8,2025-08-18
B0836KLMG8,2025-08-25
B0836KLMG8,2025-09-01
B0836KLMG8,2025-09-08
B0836KLMG8,2025-09-15
B0836KLMG8,2025-09-22
B0836KLMG8,2025-09-29
B0836KLMG8,2025-10-06
B0836KLMG8,2025-10-13
B0836KLMG8,2025-10-20
B0836KLMG8,2025-10-27
B0836KLMG8,2025-11-03
B0836KLMG8,2025-11-10
B0836KLMG8,2025-11-17
B0836KLMG8,2025-11-24
B0836KLMG8,2025-12-01
B0836KLMG8,2025-12-08
B0836KLMG8,2025-12-15
B0836KLMG8,2025-12-22
B0836KLMG8,2025-12-29
B0836KLMG8,2026-01-05
B0836KLMG8,2026-01-12
B0836KLMG8,2026-01-19
B0836KLMG8,2026-01-26
B0836KLMG8,2026-02-02
B0836KLMG8,2026-02-09
B0836KLMG8,2026-02-16
B0836KLMG8,2026-02-23
B0836KLMG8,2026-03-02
B0836KLMG8,2026-03-09
B0836KLMG8,2026-03-16
B0836KLMG8,2026-03-23
B0836KLMG8,2026-03-30
B0836KLMG8,2025-03-03
B0836KLMG8,2025-03-10
B0836KLMG8,2025-03-17
B0836KLMG8,2025-03-24
B0836KLMG8,2025-03-31
B0836KLMG8,2025-04-07
B0836KLMG8,2025-04-14
B0836KLMG8,2025-04-21
B0836KLMG8,2025-04-28
B0836KLMG8,2025-05-05
B0836KLMG8,2025-05-12
B0836KLMG8,2025-05-19
B0836KLMG8,2025-05-26
B0836KLMG8,2025-06-02
B0836KLMG8,2025-06-09
B0836KLMG8,2025-06-16
B0836KLMG8,2025-06-23
B0836KLMG8,2025-06-30
B0836KLMG8,2025-07-07
B0836KLMG8,2025-07-14
B0836KLMG8,2025-07-21
B0836KLMG8,2025-07-28
B0836KLMG8,2025-08-04
B0836KLMG8,2025-08-11
B0836KLMG8,2025-08-18
B0836KLMG8,2025-08-25
B0836KLMG8,2025-09-01
B0836KLMG8,2025-09-08
B0836KLMG8,2025-09-15
B0836KLMG8,2025-09-22
B0836KLMG8,2025-09-29
B0836KLMG8,2025-10-06
B0836KLMG8,2025-10-13
B0836KLMG8,2025-10-20
B0836KLMG8,2025-10-27
B0836KLMG8,2025-11-03
B0836KLMG8,2025-11-10
B0836KLMG8,2025-11-17
B0836KLMG8,2025-11-24
B0836KLMG8,2025-12-01
B0836KLMG8,2025-12-08
B0836KLMG8,2025-12-15
B0836KLMG8,2025-12-22
B0836KLMG8,2025-12-29
B0836KLMG8,2026-01-05
B0836KLMG8,2026-01-12
B0836KLMG8,2026-01-19
B0836KLMG8,2026-01-26
B0836KLMG8,2026-02-02
B0836KLMG8,2026-02-09
B0836KLMG8,2026-02-16
B0836KLMG8,2026-02-23
B0836KLMG8,2026-03-02
B0836KLMG8,2026-03-09
B0836KLMG8,2026-03-16
B0836KLMG8,2026-03-23
B0836KLMG8,2026-03-30
B08CBYLWBH,2025-03-03
B08CBYLWBH,2025-03-10
B08CBYLWBH,2025-03-17
B08CBYLWBH,2025-03-24
B08CBYLWBH,2025-03-31
B08CBYLWBH,2025-04-07
B08CBYLWBH,2025-04-14
B08CBYLWBH,2025-04-21
B08CBYLWBH,2025-04-28
B08CBYLWBH,2025-05-05
B08CBYLWBH,2025-05-12
B08CBYLWBH,2025-05-19
B08CBYLWBH,2025-05-26
B08CBYLWBH,2025-06-02
B08CBYLWBH,2025-06-09
B08CBYLWBH,2025-06-16
B08CBYLWBH,2025-06-23
B08CBYLWBH,2025-06-30
B08CBYLWBH,2025-07-07
B08CBYLWBH,2025-07-14
B08CBYLWBH,2025-07-21
B08CBYLWBH,2025-07-28
B08CBYLWBH,2025-08-04
B08CBYLWBH,2025-08-11
B08CBYLWBH,2025-08-18
B08CBYLWBH,2025-08-25
B08CBYLWBH,2025-09-01
B08CBYLWBH,2025-09-08
B08CBYLWBH,2025-09-15
B08CBYLWBH,2025-09-22
B08CBYLWBH,2025-09-29
B08CBYLWBH,2025-10-06
B08CBYLWBH,2025-10-13
B08CBYLWBH,2025-10-20
B08CBYLWBH,2025-10-27
B08CBYLWBH,2025-11-03
B08CBYLWBH,2025-11-10
B08CBYLWBH,2025-11-17
B08CBYLWBH,2025-11-24
B08CBYLWBH,2025-12-01
B08CBYLWBH,2025-12-08
B08CBYLWBH,2025-12-15
B08CBYLWBH,2025-12-22
B08CBYLWBH,2025-12-29
B08CBYLWBH,2026-01-05
B08CBYLWBH,2026-01-12
B08CBYLWBH,2026-01-19
B08CBYLWBH,2026-01-26
B08CBYLWBH,2026-02-02
B08CBYLWBH,2026-02-09
B08CBYLWBH,2026-02-16
B08CBYLWBH,2026-02-23
B08CBYLWBH,2026-03-02
B08CBYLWBH,2026-03-09
B08CBYLWBH,2026-03-16
B08CBYLWBH,2026-03-23
B08CBYLWBH,2026-03-30
B08CBYLWBH,2025-03-03
B08CBYLWBH,2025-03-10
B08CBYLWBH,2025-03-17
B08CBYLWBH,2025-03-24
B08CBYLWBH,2025-03-31
B08CBYLWBH,2025-04-07
B08CBYLWBH,2025-04-14
B08CBYLWBH,2025-04-21
B08CBYLWBH,2025-04-28
B08CBYLWBH,2025-05-05
B08CBYLWBH,2025-05-12
B08CBYLWBH,2025-05-19
B08CBYLWBH,2025-05-26
B08CBYLWBH,2025-06-02
B08CBYLWBH,2025-06-09
B08CBYLWBH,2025-06-16
B08CBYLWBH,2025-06-23
B08CBYLWBH,2025-06-30
B08CBYLWBH,2025-07-07
B08CBYLWBH,2025-07-14
B08CBYLWBH,2025-07-21
B08CBYLWBH,2025-07-28
B08CBYLWBH,2025-08-04
B08CBYLWBH,2025-08-11
B08CBYLWBH,2025-08-18
B08CBYLWBH,2025-08-25
B08CBYLWBH,2025-09-01
B08CBYLWBH,2025-09-08
B08CBYLWBH,2025-09-15
B08CBYLWBH,2025-09-22
B08CBYLWBH,2025-09-29
B08CBYLWBH,2025-10-06
B08CBYLWBH,2025-10-13
B08CBYLWBH,2025-10-20
B08CBYLWBH,2025-10-27
B08CBYLWBH,2025-11-03
B08CBYLWBH,2025-11-10
B08CBYLWBH,2025-11-17
B08CBYLWBH,2025-11-24
B08CBYLWBH,2025-12-01
B08CBYLWBH,2025-12-08
B08CBYLWBH,2025-12-15
B08CBYLWBH,2025-12-22
B08CBYLWBH,2025-12-29
B08CBYLWBH,2026-01-05
B08CBYLWBH,2026-01-12
B08CBYLWBH,2026-01-19
B08CBYLWBH,2026-01-26
B08CBYLWBH,2026-02-02
B08CBYLWBH,2026-02-09
B08CBYLWBH,2026-02-16
B08CBYLWBH,2026-02-23
B08CBYLWBH,2026-03-02
B08CBYLWBH,2026-03-09
B08CBYLWBH,2026-03-16
B08CBYLWBH,2026-03-23
B08CBYLWBH,2026-03-30
B08GHZV8FR,2025-03-03
B08GHZV8FR,2025-03-10
B08GHZV8FR,2025-03-17
B08GHZV8FR,2025-03-24
B08GHZV8FR,2025-03-31
B08GHZV8FR,2025-04-07
B08GHZV8FR,2025-04-14
B08GHZV8FR,2025-04-21
B08GHZV8FR,2025-04-28
B08GHZV8FR,2025-05-05
B08GHZV8FR,2025-05-12
B08GHZV8FR,2025-05-19
B08GHZV8FR,2025-05-26
B08GHZV8FR,2025-06-02
B08GHZV8FR,2025-06-09
B08GHZV8FR,2025-06-16
B08GHZV8FR,2025-06-23
B08GHZV8FR,2025-06-30
B08GHZV8FR,2025-07-07
B08GHZV8FR,2025-07-14
B08GHZV8FR,2025-07-21
B08GHZV8FR,2025-07-28
B08GHZV8FR,2025-08-04
B08GHZV8FR,2025-08-11
B08GHZV8FR,2025-08-18
B08GHZV8FR,2025-08-25
B08GHZV8FR,2025-09-01
B08GHZV8FR,2025-09-08
B08GHZV8FR,2025-09-15
B08GHZV8FR,2025-09-22
B08GHZV8FR,2025-09-29
B08GHZV8FR,2025-10-06
B08GHZV8FR,2025-10-13
B08GHZV8FR,2025-10-20
B08GHZV8FR,2025-10-27
B08GHZV8FR,2025-11-03
B08GHZV8FR,2025-11-10
B08GHZV8FR,2025-11-17
B08GHZV8FR,2025-11-24
B08GHZV8FR,2025-12-01
B08GHZV8FR,2025-12-08
B08GHZV8FR,2025-12-15
B08GHZV8FR,2025-12-22
B08GHZV8FR,2025-12-29
B08GHZV8FR,2026-01-05
B08GHZV8FR,2026-01-12
B08GHZV8FR,2026-01-19
B08GHZV8FR,2026-01-26
B08GHZV8FR,2026-02-02
B08GHZV8FR,2026-02-09
B08GHZV8FR,2026-02-16
B08GHZV8FR,2026-02-23
B08GHZV8FR,2026-03-02
B08GHZV8FR,2026-03-09
B08GHZV8FR,2026-03-16
B08GHZV8FR,2026-03-23
B08GHZV8FR,2026-03-30
B08GHZV8FR,2025-03-03
B08GHZV8FR,2025-03-10
B08GHZV8FR,2025-03-17
B08GHZV8FR,2025-03-24
B08GHZV8FR,2025-03-31
B08GHZV8FR,2025-04-07
B08GHZV8FR,2025-04-14
B08GHZV8FR,2025-04-21
B08GHZV8FR,2025-04-28
B08GHZV8FR,2025-05-05
B08GHZV8FR,2025-05-12
B08GHZV8FR,2025-05-19
B08GHZV8FR,2025-05-26
B08GHZV8FR,2025-06-02
B08GHZV8FR,2025-06-09
B08GHZV8FR,2025-06-16
B08GHZV8FR,2025-06-23
B08GHZV8FR,2025-06-30
B08GHZV8FR,2025-07-07
B08GHZV8FR,2025-07-14
B08GHZV8FR,2025-07-21
B08GHZV8FR,2025-07-28
B08GHZV8FR,2025-08-04
B08GHZV8FR,2025-08-11
B08GHZV8FR,2025-08-18
B08GHZV8FR,2025-08-25
B08GHZV8FR,2025-09-01
B08GHZV8FR,2025-09-08
B08GHZV8FR,2025-09-15
B08GHZV8FR,2025-09-22
B08GHZV8FR,2025-09-29
B08GHZV8FR,2025-10-06
B08GHZV8FR,2025-10-13
B08GHZV8FR,2025-10-20
B08GHZV8FR,2025-10-27
B08GHZV8FR,2025-11-03
B08GHZV8FR,2025-11-10
B08GHZV8FR,2025-11-17
B08GHZV8FR,2025-11-24
B08GHZV8FR,2025-12-01
B08GHZV8FR,2025-12-08
B08GHZV8FR,2025-12-15
B08GHZV8FR,2025-12-22
B08GHZV8FR,2025-12-29
B08GHZV8FR,2026-01-05
B08GHZV8FR,2026-01-12
B08GHZV8FR,2026-01-19
B08GHZV8FR,2026-01-26
B08GHZV8FR,2026-02-02
B08GHZV8FR,2026-02-09
B08GHZV8FR,2026-02-16
B08GHZV8FR,2026-02-23
B08GHZV8FR,2026-03-02
B08GHZV8FR,2026-03-09
B08GHZV8FR,2026-03-16
B08GHZV8FR,2026-03-23
B08GHZV8FR,2026-03-30
B08ZHX1CXW,2025-03-03
B08ZHX1CXW,2025-03-10
B08ZHX1CXW,2025-03-17
B08ZHX1CXW,2025-03-24
B08ZHX1CXW,2025-03-31
B08ZHX1CXW,2025-04-07
B08ZHX1CXW,2025-04-14
B08ZHX1CXW,2025-04-21
B08ZHX1CXW,2025-04-28
B08ZHX1CXW,2025-05-05
B08ZHX1CXW,2025-05-12
B08ZHX1CXW,2025-05-19
B08ZHX1CXW,2025-05-26
B08ZHX1CXW,2025-06-02
B08ZHX1CXW,2025-06-09
B08ZHX1CXW,2025-06-16
B08ZHX1CXW,2025-06-23
B08ZHX1CXW,2025-06-30
B08ZHX1CXW,2025-07-07
B08ZHX1CXW,2025-07-14
B08ZHX1CXW,2025-07-21
B08ZHX1CXW,2025-07-28
B08ZHX1CXW,2025-08-04
B08ZHX1CXW,2025-08-11
B08ZHX1CXW,2025-08-18
B08ZHX1CXW,2025-08-25
B08ZHX1CXW,2025-09-01
B08ZHX1CXW,2025-09-08
B08ZHX1CXW,2025-09-15
B08ZHX1CXW,2025-09-22
B08ZHX1CXW,2025-09-29
B08ZHX1CXW,2025-10-06
B08ZHX1CXW,2025-10-13
B08ZHX1CXW,2025-10-20
B08ZHX1CXW,2025-10-27
B08ZHX1CXW,2025-11-03
B08ZHX1CXW,2025-11-10
B08ZHX1CXW,2025-11-17
B08ZHX1CXW,2025-11-24
B08ZHX1CXW,2025-12-01
B08ZHX1CXW,2025-12-08
B08ZHX1CXW,2025-12-15
B08ZHX1CXW,2025-12-22
B08ZHX1CXW,2025-12-29
B08ZHX1CXW,2026-01-05
B08ZHX1CXW,2026-01-12
B08ZHX1CXW,2026-01-19
B08ZHX1CXW,2026-01-26
B08ZHX1CXW,2026-02-02
B08ZHX1CXW,2026-02-09
B08ZHX1CXW,2026-02-16
B08ZHX1CXW,2026-02-23
B08ZHX1CXW,2026-03-02
B08ZHX1CXW,2026-03-09
B08ZHX1CXW,2026-03-16
B08ZHX1CXW,2026-03-23
B08ZHX1CXW,2026-03-30
B08ZHX1CXW,2025-03-03
B08ZHX1CXW,2025-03-10
B08ZHX1CXW,2025-03-17
B08ZHX1CXW,2025-03-24
B08ZHX1CXW,2025-03-31
B08ZHX1CXW,2025-04-07
B08ZHX1CXW,2025-04-14
B08ZHX1CXW,2025-04-21
B08ZHX1CXW,2025-04-28
B08ZHX1CXW,2025-05-05
B08ZHX1CXW,2025-05-12
B08ZHX1CXW,2025-05-19
B08ZHX1CXW,2025-05-26
B08ZHX1CXW,2025-06-02
B08ZHX1CXW,2025-06-09
B08ZHX1CXW,2025-06-16
B08ZHX1CXW,2025-06-23
B08ZHX1CXW,2025-06-30
B08ZHX1CXW,2025-07-07
B08ZHX1CXW,2025-07-14
B08ZHX1CXW,2025-07-21
B08ZHX1CXW,2025-07-28
B08ZHX1CXW,2025-08-04
B08ZHX1CXW,2025-08-11
B08ZHX1CXW,2025-08-18
B08ZHX1CXW,2025-08-25
B08ZHX1CXW,2025-09-01
B08ZHX1CXW,2025-09-08
B08ZHX1CXW,2025-09-15
B08ZHX1CXW,2025-09-22
B08ZHX1CXW,2025-09-29
B08ZHX1CXW,2025-10-06
B08ZHX1CXW,2025-10-13
B08ZHX1CXW,2025-10-20
B08ZHX1CXW,2025-10-27
B08ZHX1CXW,2025-11-03
B08ZHX1CXW,2025-11-10
B08ZHX1CXW,2025-11-17
B08ZHX1CXW,2025-11-24
B08ZHX1CXW,2025-12-01
B08ZHX1CXW,2025-12-08
B08ZHX1CXW,2025-12-15
B08ZHX1CXW,2025-12-22
B08ZHX1CXW,2025-12-29
B08ZHX1CXW,2026-01-05
B08ZHX1CXW,2026-01-12
B08ZHX1CXW,2026-01-19
B08ZHX1CXW,2026-01-26
B08ZHX1CXW,2026-02-02
B08ZHX1CXW,2026-02-09
B08ZHX1CXW,2026-02-16
B08ZHX1CXW,2026-02-23
B08ZHX1CXW,2026-03-02
B08ZHX1CXW,2026-03-09
B08ZHX1CXW,2026-03-16
B08ZHX1CXW,2026-03-23
B08ZHX1CXW,2026-03-30
B08ZLZGJ5L,2025-03-03
B08ZLZGJ5L,2025-03-10
B08ZLZGJ5L,2025-03-17
B08ZLZGJ5L,2025-03-24
B08ZLZGJ5L,2025-03-31
B08ZLZGJ5L,2025-04-07
B08ZLZGJ5L,2025-04-14
B08ZLZGJ5L,2025-04-21
B08ZLZGJ5L,2025-04-28
B08ZLZGJ5L,2025-05-05
B08ZLZGJ5L,2025-05-12
B08ZLZGJ5L,2025-05-19
B08ZLZGJ5L,2025-05-26
B08ZLZGJ5L,2025-06-02
B08ZLZGJ5L,2025-06-09
B08ZLZGJ5L,2025-06-16
B08ZLZGJ5L,2025-06-23
B08ZLZGJ5L,2025-06-30
B08ZLZGJ5L,2025-07-07
B08ZLZGJ5L,2025-07-14
B08ZLZGJ5L,2025-07-21
B08ZLZGJ5L,2025-07-28
B08ZLZGJ5L,2025-08-04
B08ZLZGJ5L,2025-08-11
B08ZLZGJ5L,2025-08-18
B08ZLZGJ5L,2025-08-25
B08ZLZGJ5L,2025-09-01
B08ZLZGJ5L,2025-09-08
B08ZLZGJ5L,2025-09-15
B08ZLZGJ5L,2025-09-22
B08ZLZGJ5L,2025-09-29
B08ZLZGJ5L,2025-10-06
B08ZLZGJ5L,2025-10-13
B08ZLZGJ5L,2025-10-20
B08ZLZGJ5L,2025-10-27
B08ZLZGJ5L,2025-11-03
B08ZLZGJ5L,2025-11-10
B08ZLZGJ5L,2025-11-17
B08ZLZGJ5L,2025-11-24
B08ZLZGJ5L,2025-12-01
B08ZLZGJ5L,2025-12-08
B08ZLZGJ5L,2025-12-15
B08ZLZGJ5L,2025-12-22
B08ZLZGJ5L,2025-12-29
B08ZLZGJ5L,2026-01-05
B08ZLZGJ5L,2026-01-12
B08ZLZGJ5L,2026-01-19
B08ZLZGJ5L,2026-01-26
B08ZLZGJ5L,2026-02-02
B08ZLZGJ5L,2026-02-09
B08ZLZGJ5L,2026-02-16
B08ZLZGJ5L,2026-02-23
B08ZLZGJ5L,2026-03-02
B08ZLZGJ5L,2026-03-09
B08ZLZGJ5L,2026-03-16
B08ZLZGJ5L,2026-03-23
B08ZLZGJ5L,2026-03-30
B08ZLZGJ5L,2025-03-03
B08ZLZGJ5L,2025-03-10
B08ZLZGJ5L,2025-03-17
B08ZLZGJ5L,2025-03-24
B08ZLZGJ5L,2025-03-31
B08ZLZGJ5L,2025-04-07
B08ZLZGJ5L,2025-04-14
B08ZLZGJ5L,2025-04-21
B08ZLZGJ5L,2025-04-28
B08ZLZGJ5L,2025-05-05
B08ZLZGJ5L,2025-05-12
B08ZLZGJ5L,2025-05-19
B08ZLZGJ5L,2025-05-26
B08ZLZGJ5L,2025-06-02
B08ZLZGJ5L,2025-06-09
B08ZLZGJ5L,2025-06-16
B08ZLZGJ5L,2025-06-23
B08ZLZGJ5L,2025-06-30
B08ZLZGJ5L,2025-07-07
B08ZLZGJ5L,2025-07-14
B08ZLZGJ5L,2025-07-21
B08ZLZGJ5L,2025-07-28
B08ZLZGJ5L,2025-08-04
B08ZLZGJ5L,2025-08-11
B08ZLZGJ5L,2025-08-18
B08ZLZGJ5L,2025-08-25
B08ZLZGJ5L,2025-09-01
B08ZLZGJ5L,2025-09-08
B08ZLZGJ5L,2025-09-15
B08ZLZGJ5L,2025-09-22
B08ZLZGJ5L,2025-09-29
B08ZLZGJ5L,2025-10-06
B08ZLZGJ5L,2025-10-13
B08ZLZGJ5L,2025-10-20
B08ZLZGJ5L,2025-10-27
B08ZLZGJ5L,2025-11-03
B08ZLZGJ5L,2025-11-10
B08ZLZGJ5L,2025-11-17
B08ZLZGJ5L,2025-11-24
B08ZLZGJ5L,2025-12-01
B08ZLZGJ5L,2025-12-08
B08ZLZGJ5L,2025-12-15
B08ZLZGJ5L,2025-12-22
B08ZLZGJ5L,2025-12-29
B08ZLZGJ5L,2026-01-05
B08ZLZGJ5L,2026-01-12
B08ZLZGJ5L,2026-01-19
B08ZLZGJ5L,2026-01-26
B08ZLZGJ5L,2026-02-02
B08ZLZGJ5L,2026-02-09
B08ZLZGJ5L,2026-02-16
B08ZLZGJ5L,2026-02-23
B08ZLZGJ5L,2026-03-02
B08ZLZGJ5L,2026-03-09
B08ZLZGJ5L,2026-03-16
B08ZLZGJ5L,2026-03-23
B08ZLZGJ5L,2026-03-30
B092S7ZK5F,2025-03-03
B092S7ZK5F,2025-03-10
B092S7ZK5F,2025-03-17
B092S7ZK5F,2025-03-24
B092S7ZK5F,2025-03-31
B092S7ZK5F,2025-04-07
B092S7ZK5F,2025-04-14
B092S7ZK5F,2025-04-21
B092S7ZK5F,2025-04-28
B092S7ZK5F,2025-05-05
B092S7ZK5F,2025-05-12
B092S7ZK5F,2025-05-19
B092S7ZK5F,2025-05-26
B092S7ZK5F,2025-06-02
B092S7ZK5F,2025-06-09
B092S7ZK5F,2025-06-16
B092S7ZK5F,2025-06-23
B092S7ZK5F,2025-06-30
B092S7ZK5F,2025-07-07
B092S7ZK5F,2025-07-14
B092S7ZK5F,2025-07-21
B092S7ZK5F,2025-07-28
B092S7ZK5F,2025-08-04
B092S7ZK5F,2025-08-11
B092S7ZK5F,2025-08-18
B092S7ZK5F,2025-08-25
B092S7ZK5F,2025-09-01
B092S7ZK5F,2025-09-08
B092S7ZK5F,2025-09-15
B092S7ZK5F,2025-09-22
B092S7ZK5F,2025-09-29
B092S7ZK5F,2025-10-06
B092S7ZK5F,2025-10-13
B092S7ZK5F,2025-10-20
B092S7ZK5F,2025-10-27
B092S7ZK5F,2025-11-03
B092S7ZK5F,2025-11-10
B092S7ZK5F,2025-11-17
B092S7ZK5F,2025-11-24
B092S7ZK5F,2025-12-01
B092S7ZK5F,2025-12-08
B092S7ZK5F,2025-12-15
B092S7ZK5F,2025-12-22
B092S7ZK5F,2025-12-29
B092S7ZK5F,2026-01-05
B092S7ZK5F,2026-01-12
B092S7ZK5F,2026-01-19
B092S7ZK5F,2026-01-26
B092S7ZK5F,2026-02-02
B092S7ZK5F,2026-02-09
B092S7ZK5F,2026-02-16
B092S7ZK5F,2026-02-23
B092S7ZK5F,2026-03-02
B092S7ZK5F,2026-03-09
B092S7ZK5F,2026-03-16
B092S7ZK5F,2026-03-23
B092S7ZK5F,2026-03-30
B092S7ZK5F,2025-03-03
B092S7ZK5F,2025-03-10
B092S7ZK5F,2025-03-17
B092S7ZK5F,2025-03-24
B092S7ZK5F,2025-03-31
B092S7ZK5F,2025-04-07
B092S7ZK5F,2025-04-14
B092S7ZK5F,2025-04-21
B092S7ZK5F,2025-04-28
B092S7ZK5F,2025-05-05
B092S7ZK5F,2025-05-12
B092S7ZK5F,2025-05-19
B092S7ZK5F,2025-05-26
B092S7ZK5F,2025-06-02
B092S7ZK5F,2025-06-09
B092S7ZK5F,2025-06-16
B092S7ZK5F,2025-06-23
B092S7ZK5F,2025-06-30
B092S7ZK5F,2025-07-07
B092S7ZK5F,2025-07-14
B092S7ZK5F,2025-07-21
B092S7ZK5F,2025-07-28
B092S7ZK5F,2025-08-04
B092S7ZK5F,2025-08-11
B092S7ZK5F,2025-08-18
B092S7ZK5F,2025-08-25
B092S7ZK5F,2025-09-01
B092S7ZK5F,2025-09-08
B092S7ZK5F,2025-09-15
B092S7ZK5F,2025-09-22
B092S7ZK5F,2025-09-29
B092S7ZK5F,2025-10-06
B092S7ZK5F,2025-10-13
B092S7ZK5F,2025-10-20
B092S7ZK5F,2025-10-27
B092S7ZK5F,2025-11-03
B092S7ZK5F,2025-11-10
B092S7ZK5F,2025-11-17
B092S7ZK5F,2025-11-24
B092S7ZK5F,2025-12-01
B092S7ZK5F,2025-12-08
B092S7ZK5F,2025-12-15
B092S7ZK5F,2025-12-22
B092S7ZK5F,2025-12-29
B092S7ZK5F,2026-01-05
B092S7ZK5F,2026-01-12
B092S7ZK5F,2026-01-19
B092S7ZK5F,2026-01-26
B092S7ZK5F,2026-02-02
B092S7ZK5F,2026-02-09
B092S7ZK5F,2026-02-16
B092S7ZK5F,2026-02-23
B092S7ZK5F,2026-03-02
B092S7ZK5F,2026-03-09
B092S7ZK5F,2026-03-16
B092S7ZK5F,2026-03-23
B092S7ZK5F,2026-03-30
B09C4LVRVH,2025-03-03
B09C4LVRVH,2025-03-10
B09C4LVRVH,2025-03-17
B09C4LVRVH,2025-03-24
B09C4LVRVH,2025-03-31
B09C4LVRVH,2025-04-07
B09C4LVRVH,2025-04-14
B09C4LVRVH,2025-04-21
B09C4LVRVH,2025-04-28
B09C4LVRVH,2025-05-05
B09C4LVRVH,2025-05-12
B09C4LVRVH,2025-05-19
B09C4LVRVH,2025-05-26
B09C4LVRVH,2025-06-02
B09C4LVRVH,2025-06-09
B09C4LVRVH,2025-06-16
B09C4LVRVH,2025-06-23
B09C4LVRVH,2025-06-30
B09C4LVRVH,2025-07-07
B09C4LVRVH,2025-07-14
B09C4LVRVH,2025-07-21
B09C4LVRVH,2025-07-28
B09C4LVRVH,2025-08-04
B09C4LVRVH,2025-08-11
B09C4LVRVH,2025-08-18
B09C4LVRVH,2025-08-25
B09C4LVRVH,2025-09-01
B09C4LVRVH,2025-09-08
B09C4LVRVH,2025-09-15
B09C4LVRVH,2025-09-22
B09C4LVRVH,2025-09-29
B09C4LVRVH,2025-10-06
B09C4LVRVH,2025-10-13
B09C4LVRVH,2025-10-20
B09C4LVRVH,2025-10-27
B09C4LVRVH,2025-11-03
B09C4LVRVH,2025-11-10
B09C4LVRVH,2025-11-17
B09C4LVRVH,2025-11-24
B09C4LVRVH,2025-12-01
B09C4LVRVH,2025-12-08
B09C4LVRVH,2025-12-15
B09C4LVRVH,2025-12-22
B09C4LVRVH,2025-12-29
B09C4LVRVH,2026-01-05
B09C4LVRVH,2026-01-12
B09C4LVRVH,2026-01-19
B09C4LVRVH,2026-01-26
B09C4LVRVH,2026-02-02
B09C4LVRVH,2026-02-09
B09C4LVRVH,2026-02-16
B09C4LVRVH,2026-02-23
B09C4LVRVH,2026-03-02
B09C4LVRVH,2026-03-09
B09C4LVRVH,2026-03-16
B09C4LVRVH,2026-03-23
B09C4LVRVH,2026-03-30
B09C4LVRVH,2025-03-03
B09C4LVRVH,2025-03-10
B09C4LVRVH,2025-03-17
B09C4LVRVH,2025-03-24
B09C4LVRVH,2025-03-31
B09C4LVRVH,2025-04-07
B09C4LVRVH,2025-04-14
B09C4LVRVH,2025-04-21
B09C4LVRVH,2025-04-28
B09C4LVRVH,2025-05-05
B09C4LVRVH,2025-05-12
B09C4LVRVH,2025-05-19
B09C4LVRVH,2025-05-26
B09C4LVRVH,2025-06-02
B09C4LVRVH,2025-06-09
B09C4LVRVH,2025-06-16
B09C4LVRVH,2025-06-23
B09C4LVRVH,2025-06-30
B09C4LVRVH,2025-07-07
B09C4LVRVH,2025-07-14
B09C4LVRVH,2025-07-21
B09C4LVRVH,2025-07-28
B09C4LVRVH,2025-08-04
B09C4LVRVH,2025-08-11
B09C4LVRVH,2025-08-18
B09C4LVRVH,2025-08-25
B09C4LVRVH,2025-09-01
B09C4LVRVH,2025-09-08
B09C4LVRVH,2025-09-15
B09C4LVRVH,2025-09-22
B09C4LVRVH,2025-09-29
B09C4LVRVH,2025-10-06
B09C4LVRVH,2025-10-13
B09C4LVRVH,2025-10-20
B09C4LVRVH,2025-10-27
B09C4LVRVH,2025-11-03
B09C4LVRVH,2025-11-10
B09C4LVRVH,2025-11-17
B09C4LVRVH,2025-11-24
B09C4LVRVH,2025-12-01
B09C4LVRVH,2025-12-08
B09C4LVRVH,2025-12-15
B09C4LVRVH,2025-12-22
B09C4LVRVH,2025-12-29
B09C4LVRVH,2026-01-05
B09C4LVRVH,2026-01-12
B09C4LVRVH,2026-01-19
B09C4LVRVH,2026-01-26
B09C4LVRVH,2026-02-02
B09C4LVRVH,2026-02-09
B09C4LVRVH,2026-02-16
B09C4LVRVH,2026-02-23
B09C4LVRVH,2026-03-02
B09C4LVRVH,2026-03-09
B09C4LVRVH,2026-03-16
B09C4LVRVH,2026-03-23
B09C4LVRVH,2026-03-30
B09C4M54ZH,2025-03-03
B09C4M54ZH,2025-03-10
B09C4M54ZH,2025-03-17
B09C4M54ZH,2025-03-24
B09C4M54ZH,2025-03-31
B09C4M54ZH,2025-04-07
B09C4M54ZH,2025-04-14
B09C4M54ZH,2025-04-21
B09C4M54ZH,2025-04-28
B09C4M54ZH,2025-05-05
B09C4M54ZH,2025-05-12
B09C4M54ZH,2025-05-19
B09C4M54ZH,2025-05-26
B09C4M54ZH,2025-06-02
B09C4M54ZH,2025-06-09
B09C4M54ZH,2025-06-16
B09C4M54ZH,2025-06-23
B09C4M54ZH,2025-06-30
B09C4M54ZH,2025-07-07
B09C4M54ZH,2025-07-14
B09C4M54ZH,2025-07-21
B09C4M54ZH,2025-07-28
B09C4M54ZH,2025-08-04
B09C4M54ZH,2025-08-11
B09C4M54ZH,2025-08-18
B09C4M54ZH,2025-08-25
B09C4M54ZH,2025-09-01
B09C4M54ZH,2025-09-08
B09C4M54ZH,2025-09-15
B09C4M54ZH,2025-09-22
B09C4M54ZH,2025-09-29
B09C4M54ZH,2025-10-06
B09C4M54ZH,2025-10-13
B09C4M54ZH,2025-10-20
B09C4M54ZH,2025-10-27
B09C4M54ZH,2025-11-03
B09C4M54ZH,2025-11-10
B09C4M54ZH,2025-11-17
B09C4M54ZH,2025-11-24
B09C4M54ZH,2025-12-01
B09C4M54ZH,2025-12-08
B09C4M54ZH,2025-12-15
B09C4M54ZH,2025-12-22
B09C4M54ZH,2025-12-29
B09C4M54ZH,2026-01-05
B09C4M54ZH,2026-01-12
B09C4M54ZH,2026-01-19
B09C4M54ZH,2026-01-26
B09C4M54ZH,2026-02-02
B09C4M54ZH,2026-02-09
B09C4M54ZH,2026-02-16
B09C4M54ZH,2026-02-23
B09C4M54ZH,2026-03-02
B09C4M54ZH,2026-03-09
B09C4M54ZH,2026-03-16
B09C4M54ZH,2026-03-23
B09C4M54ZH,2026-03-30
B09C4M54ZH,2025-03-03
B09C4M54ZH,2025-03-10
B09C4M54ZH,2025-03-17
B09C4M54ZH,2025-03-24
B09C4M54ZH,2025-03-31
B09C4M54ZH,2025-04-07
B09C4M54ZH,2025-04-14
B09C4M54ZH,2025-04-21
B09C4M54ZH,2025-04-28
B09C4M54ZH,2025-05-05
B09C4M54ZH,2025-05-12
B09C4M54ZH,2025-05-19
B09C4M54ZH,2025-05-26
B09C4M54ZH,2025-06-02
B09C4M54ZH,2025-06-09
B09C4M54ZH,2025-06-16
B09C4M54ZH,2025-06-23
B09C4M54ZH,2025-06-30
B09C4M54ZH,2025-07-07
B09C4M54ZH,2025-07-14
B09C4M54ZH,2025-07-21
B09C4M54ZH,2025-07-28
B09C4M54ZH,2025-08-04
B09C4M54ZH,2025-08-11
B09C4M54ZH,2025-08-18
B09C4M54ZH,2025-08-25
B09C4M54ZH,2025-09-01
B09C4M54ZH,2025-09-08
B09C4M54ZH,2025-09-15
B09C4M54ZH,2025-09-22
B09C4M54ZH,2025-09-29
B09C4M54ZH,2025-10-06
B09C4M54ZH,2025-10-13
B09C4M54ZH,2025-10-20
B09C4M54ZH,2025-10-27
B09C4M54ZH,2025-11-03
B09C4M54ZH,2025-11-10
B09C4M54ZH,2025-11-17
B09C4M54ZH,2025-11-24
B09C4M54ZH,2025-12-01
B09C4M54ZH,2025-12-08
B09C4M54ZH,2025-12-15
B09C4M54ZH,2025-12-22
B09C4M54ZH,2025-12-29
B09C4M54ZH,2026-01-05
B09C4M54ZH,2026-01-12
B09C4M54ZH,2026-01-19
B09C4M54ZH,2026-01-26
B09C4M54ZH,2026-02-02
B09C4M54ZH,2026-02-09
B09C4M54ZH,2026-02-16
B09C4M54ZH,2026-02-23
B09C4M54ZH,2026-03-02
B09C4M54ZH,2026-03-09
B09C4M54ZH,2026-03-16
B09C4M54ZH,2026-03-23
B09C4M54ZH,2026-03-30
B09C7LHCWL,2025-03-03
B09C7LHCWL,2025-03-10
B09C7LHCWL,2025-03-17
B09C7LHCWL,2025-03-24
B09C7LHCWL,2025-03-31
B09C7LHCWL,2025-04-07
B09C7LHCWL,2025-04-14
B09C7LHCWL,2025-04-21
B09C7LHCWL,2025-04-28
B09C7LHCWL,2025-05-05
B09C7LHCWL,2025-05-12
B09C7LHCWL,2025-05-19
B09C7LHCWL,2025-05-26
B09C7LHCWL,2025-06-02
B09C7LHCWL,2025-06-09
B09C7LHCWL,2025-06-16
B09C7LHCWL,2025-06-23
B09C7LHCWL,2025-06-30
B09C7LHCWL,2025-07-07
B09C7LHCWL,2025-07-14
B09C7LHCWL,2025-07-21
B09C7LHCWL,2025-07-28
B09C7LHCWL,2025-08-04
B09C7LHCWL,2025-08-11
B09C7LHCWL,2025-08-18
B09C7LHCWL,2025-08-25
B09C7LHCWL,2025-09-01
B09C7LHCWL,2025-09-08
B09C7LHCWL,2025-09-15
B09C7LHCWL,2025-09-22
B09C7LHCWL,2025-09-29
B09C7LHCWL,2025-10-06
B09C7LHCWL,2025-10-13
B09C7LHCWL,2025-10-20
B09C7LHCWL,2025-10-27
B09C7LHCWL,2025-11-03
B09C7LHCWL,2025-11-10
B09C7LHCWL,2025-11-17
B09C7LHCWL,2025-11-24
B09C7LHCWL,2025-12-01
B09C7LHCWL,2025-12-08
B09C7LHCWL,2025-12-15
B09C7LHCWL,2025-12-22
B09C7LHCWL,2025-12-29
B09C7LHCWL,2026-01-05
B09C7LHCWL,2026-01-12
B09C7LHCWL,2026-01-19
B09C7LHCWL,2026-01-26
B09C7LHCWL,2026-02-02
B09C7LHCWL,2026-02-09
B09C7LHCWL,2026-02-16
B09C7LHCWL,2026-02-23
B09C7LHCWL,2026-03-02
B09C7LHCWL,2026-03-09
B09C7LHCWL,2026-03-16
B09C7LHCWL,2026-03-23
B09C7LHCWL,2026-03-30
B09C7LHCWL,2025-03-03
B09C7LHCWL,2025-03-10
B09C7LHCWL,2025-03-17
B09C7LHCWL,2025-03-24
B09C7LHCWL,2025-03-31
B09C7LHCWL,2025-04-07
B09C7LHCWL,2025-04-14
B09C7LHCWL,2025-04-21
B09C7LHCWL,2025-04-28
B09C7LHCWL,2025-05-05
B09C7LHCWL,2025-05-12
B09C7LHCWL,2025-05-19
B09C7LHCWL,2025-05-26
B09C7LHCWL,2025-06-02
B09C7LHCWL,2025-06-09
B09C7LHCWL,2025-06-16
B09C7LHCWL,2025-06-23
B09C7LHCWL,2025-06-30
B09C7LHCWL,2025-07-07
B09C7LHCWL,2025-07-14
B09C7LHCWL,2025-07-21
B09C7LHCWL,2025-07-28
B09C7LHCWL,2025-08-04
B09C7LHCWL,2025-08-11
B09C7LHCWL,2025-08-18
B09C7LHCWL,2025-08-25
B09C7LHCWL,2025-09-01
B09C7LHCWL,2025-09-08
B09C7LHCWL,2025-09-15
B09C7LHCWL,2025-09-22
B09C7LHCWL,2025-09-29
B09C7LHCWL,2025-10-06
B09C7LHCWL,2025-10-13
B09C7LHCWL,2025-10-20
B09C7LHCWL,2025-10-27
B09C7LHCWL,2025-11-03
B09C7LHCWL,2025-11-10
B09C7LHCWL,2025-11-17
B09C7LHCWL,2025-11-24
B09C7LHCWL,2025-12-01
B09C7LHCWL,2025-12-08
B09C7LHCWL,2025-12-15
B09C7LHCWL,2025-12-22
B09C7LHCWL,2025-12-29
B09C7LHCWL,2026-01-05
B09C7LHCWL,2026-01-12
B09C7LHCWL,2026-01-19
B09C7LHCWL,2026-01-26
B09C7LHCWL,2026-02-02
B09C7LHCWL,2026-02-09
B09C7LHCWL,2026-02-16
B09C7LHCWL,2026-02-23
B09C7LHCWL,2026-03-02
B09C7LHCWL,2026-03-09
B09C7LHCWL,2026-03-16
B09C7LHCWL,2026-03-23
B09C7LHCWL,2026-03-30
B09GLLFPNY,2025-03-03
B09GLLFPNY,2025-03-10
B09GLLFPNY,2025-03-17
B09GLLFPNY,2025-03-24
B09GLLFPNY,2025-03-31
B09GLLFPNY,2025-04-07
B09GLLFPNY,2025-04-14
B09GLLFPNY,2025-04-21
B09GLLFPNY,2025-04-28
B09GLLFPNY,2025-05-05
B09GLLFPNY,2025-05-12
B09GLLFPNY,2025-05-19
B09GLLFPNY,2025-05-26
B09GLLFPNY,2025-06-02
B09GLLFPNY,2025-06-09
B09GLLFPNY,2025-06-16
B09GLLFPNY,2025-06-23
B09GLLFPNY,2025-06-30
B09GLLFPNY,2025-07-07
B09GLLFPNY,2025-07-14
B09GLLFPNY,2025-07-21
B09GLLFPNY,2025-07-28
B09GLLFPNY,2025-08-04
B09GLLFPNY,2025-08-11
B09GLLFPNY,2025-08-18
B09GLLFPNY,2025-08-25
B09GLLFPNY,2025-09-01
B09GLLFPNY,2025-09-08
B09GLLFPNY,2025-09-15
B09GLLFPNY,2025-09-22
B09GLLFPNY,2025-09-29
B09GLLFPNY,2025-10-06
B09GLLFPNY,2025-10-13
B09GLLFPNY,2025-10-20
B09GLLFPNY,2025-10-27
B09GLLFPNY,2025-11-03
B09GLLFPNY,2025-11-10
B09GLLFPNY,2025-11-17
B09GLLFPNY,2025-11-24
B09GLLFPNY,2025-12-01
B09GLLFPNY,2025-12-08
B09GLLFPNY,2025-12-15
B09GLLFPNY,2025-12-22
B09GLLFPNY,2025-12-29
B09GLLFPNY,2026-01-05
B09GLLFPNY,2026-01-12
B09GLLFPNY,2026-01-19
B09GLLFPNY,2026-01-26
B09GLLFPNY,2026-02-02
B09GLLFPNY,2026-02-09
B09GLLFPNY,2026-02-16
B09GLLFPNY,2026-02-23
B09GLLFPNY,2026-03-02
B09GLLFPNY,2026-03-09
B09GLLFPNY,2026-03-16
B09GLLFPNY,2026-03-23
B09GLLFPNY,2026-03-30
B09GLLFPNY,2025-03-03
B09GLLFPNY,2025-03-10
B09GLLFPNY,2025-03-17
B09GLLFPNY,2025-03-24
B09GLLFPNY,2025-03-31
B09GLLFPNY,2025-04-07
B09GLLFPNY,2025-04-14
B09GLLFPNY,2025-04-21
B09GLLFPNY,2025-04-28
B09GLLFPNY,2025-05-05
B09GLLFPNY,2025-05-12
B09GLLFPNY,2025-05-19
B09GLLFPNY,2025-05-26
B09GLLFPNY,2025-06-02
B09GLLFPNY,2025-06-09
B09GLLFPNY,2025-06-16
B09GLLFPNY,2025-06-23
B09GLLFPNY,2025-06-30
B09GLLFPNY,2025-07-07
B09GLLFPNY,2025-07-14
B09GLLFPNY,2025-07-21
B09GLLFPNY,2025-07-28
B09GLLFPNY,2025-08-04
B09GLLFPNY,2025-08-11
B09GLLFPNY,2025-08-18
B09GLLFPNY,2025-08-25
B09GLLFPNY,2025-09-01
B09GLLFPNY,2025-09-08
B09GLLFPNY,2025-09-15
B09GLLFPNY,2025-09-22
B09GLLFPNY,2025-09-29
B09GLLFPNY,2025-10-06
B09GLLFPNY,2025-10-13
B09GLLFPNY,2025-10-20
B09GLLFPNY,2025-10-27
B09GLLFPNY,2025-11-03
B09GLLFPNY,2025-11-10
B09GLLFPNY,2025-11-17
B09GLLFPNY,2025-11-24
B09GLLFPNY,2025-12-01
B09GLLFPNY,2025-12-08
B09GLLFPNY,2025-12-15
B09GLLFPNY,2025-12-22
B09GLLFPNY,2025-12-29
B09GLLFPNY,2026-01-05
B09GLLFPNY,2026-01-12
B09GLLFPNY,2026-01-19
B09GLLFPNY,2026-01-26
B09GLLFPNY,2026-02-02
B09GLLFPNY,2026-02-09
B09GLLFPNY,2026-02-16
B09GLLFPNY,2026-02-23
B09GLLFPNY,2026-03-02
B09GLLFPNY,2026-03-09
B09GLLFPNY,2026-03-16
B09GLLFPNY,2026-03-23
B09GLLFPNY,2026-03-30
B09GLLPYFD,2025-03-03
B09GLLPYFD,2025-03-10
B09GLLPYFD,2025-03-17
B09GLLPYFD,2025-03-24
B09GLLPYFD,2025-03-31
B09GLLPYFD,2025-04-07
B09GLLPYFD,2025-04-14
B09GLLPYFD,2025-04-21
B09GLLPYFD,2025-04-28
B09GLLPYFD,2025-05-05
B09GLLPYFD,2025-05-12
B09GLLPYFD,2025-05-19
B09GLLPYFD,2025-05-26
B09GLLPYFD,2025-06-02
B09GLLPYFD,2025-06-09
B09GLLPYFD,2025-06-16
B09GLLPYFD,2025-06-23
B09GLLPYFD,2025-06-30
B09GLLPYFD,2025-07-07
B09GLLPYFD,2025-07-14
B09GLLPYFD,2025-07-21
B09GLLPYFD,2025-07-28
B09GLLPYFD,2025-08-04
B09GLLPYFD,2025-08-11
B09GLLPYFD,2025-08-18
B09GLLPYFD,2025-08-25
B09GLLPYFD,2025-09-01
B09GLLPYFD,2025-09-08
B09GLLPYFD,2025-09-15
B09GLLPYFD,2025-09-22
B09GLLPYFD,2025-09-29
B09GLLPYFD,2025-10-06
B09GLLPYFD,2025-10-13
B09GLLPYFD,2025-10-20
B09GLLPYFD,2025-10-27
B09GLLPYFD,2025-11-03
B09GLLPYFD,2025-11-10
B09GLLPYFD,2025-11-17
B09GLLPYFD,2025-11-24
B09GLLPYFD,2025-12-01
B09GLLPYFD,2025-12-08
B09GLLPYFD,2025-12-15
B09GLLPYFD,2025-12-22
B09GLLPYFD,2025-12-29
B09GLLPYFD,2026-01-05
B09GLLPYFD,2026-01-12
B09GLLPYFD,2026-01-19
B09GLLPYFD,2026-01-26
B09GLLPYFD,2026-02-02
B09GLLPYFD,2026-02-09
B09GLLPYFD,2026-02-16
B09GLLPYFD,2026-02-23
B09GLLPYFD,2026-03-02
B09GLLPYFD,2026-03-09
B09GLLPYFD,2026-03-16
B09GLLPYFD,2026-03-23
B09GLLPYFD,2026-03-30
B09GLLPYFD,2025-03-03
B09GLLPYFD,2025-03-10
B09GLLPYFD,2025-03-17
B09GLLPYFD,2025-03-24
B09GLLPYFD,2025-03-31
B09GLLPYFD,2025-04-07
B09GLLPYFD,2025-04-14
B09GLLPYFD,2025-04-21
B09GLLPYFD,2025-04-28
B09GLLPYFD,2025-05-05
B09GLLPYFD,2025-05-12
B09GLLPYFD,2025-05-19
B09GLLPYFD,2025-05-26
B09GLLPYFD,2025-06-02
B09GLLPYFD,2025-06-09
B09GLLPYFD,2025-06-16
B09GLLPYFD,2025-06-23
B09GLLPYFD,2025-06-30
B09GLLPYFD,2025-07-07
B09GLLPYFD,2025-07-14
B09GLLPYFD,2025-07-21
B09GLLPYFD,2025-07-28
B09GLLPYFD,2025-08-04
B09GLLPYFD,2025-08-11
B09GLLPYFD,2025-08-18
B09GLLPYFD,2025-08-25
B09GLLPYFD,2025-09-01
B09GLLPYFD,2025-09-08
B09GLLPYFD,2025-09-15
B09GLLPYFD,2025-09-22
B09GLLPYFD,2025-09-29
B09GLLPYFD,2025-10-06
B09GLLPYFD,2025-10-13
B09GLLPYFD,2025-10-20
B09GLLPYFD,2025-10-27
B09GLLPYFD,2025-11-03
B09GLLPYFD,2025-11-10
B09GLLPYFD,2025-11-17
B09GLLPYFD,2025-11-24
B09GLLPYFD,2025-12-01
B09GLLPYFD,2025-12-08
B09GLLPYFD,2025-12-15
B09GLLPYFD,2025-12-22
B09GLLPYFD,2025-12-29
B09GLLPYFD,2026-01-05
B09GLLPYFD,2026-01-12
B09GLLPYFD,2026-01-19
B09GLLPYFD,2026-01-26
B09GLLPYFD,2026-02-02
B09GLLPYFD,2026-02-09
B09GLLPYFD,2026-02-16
B09GLLPYFD,2026-02-23
B09GLLPYFD,2026-03-02
B09GLLPYFD,2026-03-09
B09GLLPYFD,2026-03-16
B09GLLPYFD,2026-03-23
B09GLLPYFD,2026-03-30
B09GLM45FX,2025-03-03
B09GLM45FX,2025-03-10
B09GLM45FX,2025-03-17
B09GLM45FX,2025-03-24
B09GLM45FX,2025-03-31
B09GLM45FX,2025-04-07
B09GLM45FX,2025-04-14
B09GLM45FX,2025-04-21
B09GLM45FX,2025-04-28
B09GLM45FX,2025-05-05
B09GLM45FX,2025-05-12
B09GLM45FX,2025-05-19
B09GLM45FX,2025-05-26
B09GLM45FX,2025-06-02
B09GLM45FX,2025-06-09
B09GLM45FX,2025-06-16
B09GLM45FX,2025-06-23
B09GLM45FX,2025-06-30
B09GLM45FX,2025-07-07
B09GLM45FX,2025-07-14
B09GLM45FX,2025-07-21
B09GLM45FX,2025-07-28
B09GLM45FX,2025-08-04
B09GLM45FX,2025-08-11
B09GLM45FX,2025-08-18
B09GLM45FX,2025-08-25
B09GLM45FX,2025-09-01
B09GLM45FX,2025-09-08
B09GLM45FX,2025-09-15
B09GLM45FX,2025-09-22
B09GLM45FX,2025-09-29
B09GLM45FX,2025-10-06
B09GLM45FX,2025-10-13
B09GLM45FX,2025-10-20
B09GLM45FX,2025-10-27
B09GLM45FX,2025-11-03
B09GLM45FX,2025-11-10
B09GLM45FX,2025-11-17
B09GLM45FX,2025-11-24
B09GLM45FX,2025-12-01
B09GLM45FX,2025-12-08
B09GLM45FX,2025-12-15
B09GLM45FX,2025-12-22
B09GLM45FX,2025-12-29
B09GLM45FX,2026-01-05
B09GLM45FX,2026-01-12
B09GLM45FX,2026-01-19
B09GLM45FX,2026-01-26
B09GLM45FX,2026-02-02
B09GLM45FX,2026-02-09
B09GLM45FX,2026-02-16
B09GLM45FX,2026-02-23
B09GLM45FX,2026-03-02
B09GLM45FX,2026-03-09
B09GLM45FX,2026-03-16
B09GLM45FX,2026-03-23
B09GLM45FX,2026-03-30
B09GLM45FX,2025-03-03
B09GLM45FX,2025-03-10
B09GLM45FX,2025-03-17
B09GLM45FX,2025-03-24
B09GLM45FX,2025-03-31
B09GLM45FX,2025-04-07
B09GLM45FX,2025-04-14
B09GLM45FX,2025-04-21
B09GLM45FX,2025-04-28
B09GLM45FX,2025-05-05
B09GLM45FX,2025-05-12
B09GLM45FX,2025-05-19
B09GLM45FX,2025-05-26
B09GLM45FX,2025-06-02
B09GLM45FX,2025-06-09
B09GLM45FX,2025-06-16
B09GLM45FX,2025-06-23
B09GLM45FX,2025-06-30
B09GLM45FX,2025-07-07
B09GLM45FX,2025-07-14
B09GLM45FX,2025-07-21
B09GLM45FX,2025-07-28
B09GLM45FX,2025-08-04
B09GLM45FX,2025-08-11
B09GLM45FX,2025-08-18
B09GLM45FX,2025-08-25
B09GLM45FX,2025-09-01
B09GLM45FX,2025-09-08
B09GLM45FX,2025-09-15
B09GLM45FX,2025-09-22
B09GLM45FX,2025-09-29
B09GLM45FX,2025-10-06
B09GLM45FX,2025-10-13
B09GLM45FX,2025-10-20
B09GLM45FX,2025-10-27
B09GLM45FX,2025-11-03
B09GLM45FX,2025-11-10
B09GLM45FX,2025-11-17
B09GLM45FX,2025-11-24
B09GLM45FX,2025-12-01
B09GLM45FX,2025-12-08
B09GLM45FX,2025-12-15
B09GLM45FX,2025-12-22
B09GLM45FX,2025-12-29
B09GLM45FX,2026-01-05
B09GLM45FX,2026-01-12
B09GLM45FX,2026-01-19
B09GLM45FX,2026-01-26
B09GLM45FX,2026-02-02
B09GLM45FX,2026-02-09
B09GLM45FX,2026-02-16
B09GLM45FX,2026-02-23
B09GLM45FX,2026-03-02
B09GLM45FX,2026-03-09
B09GLM45FX,2026-03-16
B09GLM45FX,2026-03-23
B09GLM45FX,2026-03-30
B09KMPF91Y,2025-03-03
B09KMPF91Y,2025-03-10
B09KMPF91Y,2025-03-17
B09KMPF91Y,2025-03-24
B09KMPF91Y,2025-03-31
B09KMPF91Y,2025-04-07
B09KMPF91Y,2025-04-14
B09KMPF91Y,2025-04-21
B09KMPF91Y,2025-04-28
B09KMPF91Y,2025-05-05
B09KMPF91Y,2025-05-12
B09KMPF91Y,2025-05-19
B09KMPF91Y,2025-05-26
B09KMPF91Y,2025-06-02
B09KMPF91Y,2025-06-09
B09KMPF91Y,2025-06-16
B09KMPF91Y,2025-06-23
B09KMPF91Y,2025-06-30
B09KMPF91Y,2025-07-07
B09KMPF91Y,2025-07-14
B09KMPF91Y,2025-07-21
B09KMPF91Y,2025-07-28
B09KMPF91Y,2025-08-04
B09KMPF91Y,2025-08-11
B09KMPF91Y,2025-08-18
B09KMPF91Y,2025-08-25
B09KMPF91Y,2025-09-01
B09KMPF91Y,2025-09-08
B09KMPF91Y,2025-09-15
B09KMPF91Y,2025-09-22
B09KMPF91Y,2025-09-29
B09KMPF91Y,2025-10-06
B09KMPF91Y,2025-10-13
B09KMPF91Y,2025-10-20
B09KMPF91Y,2025-10-27
B09KMPF91Y,2025-11-03
B09KMPF91Y,2025-11-10
B09KMPF91Y,2025-11-17
B09KMPF91Y,2025-11-24
B09KMPF91Y,2025-12-01
B09KMPF91Y,2025-12-08
B09KMPF91Y,2025-12-15
B09KMPF91Y,2025-12-22
B09KMPF91Y,2025-12-29
B09KMPF91Y,2026-01-05
B09KMPF91Y,2026-01-12
B09KMPF91Y,2026-01-19
B09KMPF91Y,2026-01-26
B09KMPF91Y,2026-02-02
B09KMPF91Y,2026-02-09
B09KMPF91Y,2026-02-16
B09KMPF91Y,2026-02-23
B09KMPF91Y,2026-03-02
B09KMPF91Y,2026-03-09
B09KMPF91Y,2026-03-16
B09KMPF91Y,2026-03-23
B09KMPF91Y,2026-03-30
B09KMPF91Y,2025-03-03
B09KMPF91Y,2025-03-10
B09KMPF91Y,2025-03-17
B09KMPF91Y,2025-03-24
B09KMPF91Y,2025-03-31
B09KMPF91Y,2025-04-07
B09KMPF91Y,2025-04-14
B09KMPF91Y,2025-04-21
B09KMPF91Y,2025-04-28
B09KMPF91Y,2025-05-05
B09KMPF91Y,2025-05-12
B09KMPF91Y,2025-05-19
B09KMPF91Y,2025-05-26
B09KMPF91Y,2025-06-02
B09KMPF91Y,2025-06-09
B09KMPF91Y,2025-06-16
B09KMPF91Y,2025-06-23
B09KMPF91Y,2025-06-30
B09KMPF91Y,2025-07-07
B09KMPF91Y,2025-07-14
B09KMPF91Y,2025-07-21
B09KMPF91Y,2025-07-28
B09KMPF91Y,2025-08-04
B09KMPF91Y,2025-08-11
B09KMPF91Y,2025-08-18
B09KMPF91Y,2025-08-25
B09KMPF91Y,2025-09-01
B09KMPF91Y,2025-09-08
B09KMPF91Y,2025-09-15
B09KMPF91Y,2025-09-22
B09KMPF91Y,2025-09-29
B09KMPF91Y,2025-10-06
B09KMPF91Y,2025-10-13
B09KMPF91Y,2025-10-20
B09KMPF91Y,2025-10-27
B09KMPF91Y,2025-11-03
B09KMPF91Y,2025-11-10
B09KMPF91Y,2025-11-17
B09KMPF91Y,2025-11-24
B09KMPF91Y,2025-12-01
B09KMPF91Y,2025-12-08
B09KMPF91Y,2025-12-15
B09KMPF91Y,2025-12-22
B09KMPF91Y,2025-12-29
B09KMPF91Y,2026-01-05
B09KMPF91Y,2026-01-12
B09KMPF91Y,2026-01-19
B09KMPF91Y,2026-01-26
B09KMPF91Y,2026-02-02
B09KMPF91Y,2026-02-09
B09KMPF91Y,2026-02-16
B09KMPF91Y,2026-02-23
B09KMPF91Y,2026-03-02
B09KMPF91Y,2026-03-09
B09KMPF91Y,2026-03-16
B09KMPF91Y,2026-03-23
B09KMPF91Y,2026-03-30
B09M8JDW5S,2025-03-03
B09M8JDW5S,2025-03-10
B09M8JDW5S,2025-03-17
B09M8JDW5S,2025-03-24
B09M8JDW5S,2025-03-31
B09M8JDW5S,2025-04-07
B09M8JDW5S,2025-04-14
B09M8JDW5S,2025-04-21
B09M8JDW5S,2025-04-28
B09M8JDW5S,2025-05-05
B09M8JDW5S,2025-05-12
B09M8JDW5S,2025-05-19
B09M8JDW5S,2025-05-26
B09M8JDW5S,2025-06-02
B09M8JDW5S,2025-06-09
B09M8JDW5S,2025-06-16
B09M8JDW5S,2025-06-23
B09M8JDW5S,2025-06-30
B09M8JDW5S,2025-07-07
B09M8JDW5S,2025-07-14
B09M8JDW5S,2025-07-21
B09M8JDW5S,2025-07-28
B09M8JDW5S,2025-08-04
B09M8JDW5S,2025-08-11
B09M8JDW5S,2025-08-18
B09M8JDW5S,2025-08-25
B09M8JDW5S,2025-09-01
B09M8JDW5S,2025-09-08
B09M8JDW5S,2025-09-15
B09M8JDW5S,2025-09-22
B09M8JDW5S,2025-09-29
B09M8JDW5S,2025-10-06
B09M8JDW5S,2025-10-13
B09M8JDW5S,2025-10-20
B09M8JDW5S,2025-10-27
B09M8JDW5S,2025-11-03
B09M8JDW5S,2025-11-10
B09M8JDW5S,2025-11-17
B09M8JDW5S,2025-11-24
B09M8JDW5S,2025-12-01
B09M8JDW5S,2025-12-08
B09M8JDW5S,2025-12-15
B09M8JDW5S,2025-12-22
B09M8JDW5S,2025-12-29
B09M8JDW5S,2026-01-05
B09M8JDW5S,2026-01-12
B09M8JDW5S,2026-01-19
B09M8JDW5S,2026-01-26
B09M8JDW5S,2026-02-02
B09M8JDW5S,2026-02-09
B09M8JDW5S,2026-02-16
B09M8JDW5S,2026-02-23
B09M8JDW5S,2026-03-02
B09M8JDW5S,2026-03-09
B09M8JDW5S,2026-03-16
B09M8JDW5S,2026-03-23
B09M8JDW5S,2026-03-30
B09M8JDW5S,2025-03-03
B09M8JDW5S,2025-03-10
B09M8JDW5S,2025-03-17
B09M8JDW5S,2025-03-24
B09M8JDW5S,2025-03-31
B09M8JDW5S,2025-04-07
B09M8JDW5S,2025-04-14
B09M8JDW5S,2025-04-21
B09M8JDW5S,2025-04-28
B09M8JDW5S,2025-05-05
B09M8JDW5S,2025-05-12
B09M8JDW5S,2025-05-19
B09M8JDW5S,2025-05-26
B09M8JDW5S,2025-06-02
B09M8JDW5S,2025-06-09
B09M8JDW5S,2025-06-16
B09M8JDW5S,2025-06-23
B09M8JDW5S,2025-06-30
B09M8JDW5S,2025-07-07
B09M8JDW5S,2025-07-14
B09M8JDW5S,2025-07-21
B09M8JDW5S,2025-07-28
B09M8JDW5S,2025-08-04
B09M8JDW5S,2025-08-11
B09M8JDW5S,2025-08-18
B09M8JDW5S,2025-08-25
B09M8JDW5S,2025-09-01
B09M8JDW5S,2025-09-08
B09M8JDW5S,2025-09-15
B09M8JDW5S,2025-09-22
B09M8JDW5S,2025-09-29
B09M8JDW5S,2025-10-06
B09M8JDW5S,2025-10-13
B09M8JDW5S,2025-10-20
B09M8JDW5S,2025-10-27
B09M8JDW5S,2025-11-03
B09M8JDW5S,2025-11-10
B09M8JDW5S,2025-11-17
B09M8JDW5S,2025-11-24
B09M8JDW5S,2025-12-01
B09M8JDW5S,2025-12-08
B09M8JDW5S,2025-12-15
B09M8JDW5S,2025-12-22
B09M8JDW5S,2025-12-29
B09M8JDW5S,2026-01-05
B09M8JDW5S,2026-01-12
B09M8JDW5S,2026-01-19
B09M8JDW5S,2026-01-26
B09M8JDW5S,2026-02-02
B09M8JDW5S,2026-02-09
B09M8JDW5S,2026-02-16
B09M8JDW5S,2026-02-23
B09M8JDW5S,2026-03-02
B09M8JDW5S,2026-03-09
B09M8JDW5S,2026-03-16
B09M8JDW5S,2026-03-23
B09M8JDW5S,2026-03-30
B09N7NZR3S,2025-03-03
B09N7NZR3S,2025-03-10
B09N7NZR3S,2025-03-17
B09N7NZR3S,2025-03-24
B09N7NZR3S,2025-03-31
B09N7NZR3S,2025-04-07
B09N7NZR3S,2025-04-14
B09N7NZR3S,2025-04-21
B09N7NZR3S,2025-04-28
B09N7NZR3S,2025-05-05
B09N7NZR3S,2025-05-12
B09N7NZR3S,2025-05-19
B09N7NZR3S,2025-05-26
B09N7NZR3S,2025-06-02
B09N7NZR3S,2025-06-09
B09N7NZR3S,2025-06-16
B09N7NZR3S,2025-06-23
B09N7NZR3S,2025-06-30
B09N7NZR3S,2025-07-07
B09N7NZR3S,2025-07-14
B09N7NZR3S,2025-07-21
B09N7NZR3S,2025-07-28
B09N7NZR3S,2025-08-04
B09N7NZR3S,2025-08-11
B09N7NZR3S,2025-08-18
B09N7NZR3S,2025-08-25
B09N7NZR3S,2025-09-01
B09N7NZR3S,2025-09-08
B09N7NZR3S,2025-09-15
B09N7NZR3S,2025-09-22
B09N7NZR3S,2025-09-29
B09N7NZR3S,2025-10-06
B09N7NZR3S,2025-10-13
B09N7NZR3S,2025-10-20
B09N7NZR3S,2025-10-27
B09N7NZR3S,2025-11-03
B09N7NZR3S,2025-11-10
B09N7NZR3S,2025-11-17
B09N7NZR3S,2025-11-24
B09N7NZR3S,2025-12-01
B09N7NZR3S,2025-12-08
B09N7NZR3S,2025-12-15
B09N7NZR3S,2025-12-22
B09N7NZR3S,2025-12-29
B09N7NZR3S,2026-01-05
B09N7NZR3S,2026-01-12
B09N7NZR3S,2026-01-19
B09N7NZR3S,2026-01-26
B09N7NZR3S,2026-02-02
B09N7NZR3S,2026-02-09
B09N7NZR3S,2026-02-16
B09N7NZR3S,2026-02-23
B09N7NZR3S,2026-03-02
B09N7NZR3S,2026-03-09
B09N7NZR3S,2026-03-16
B09N7NZR3S,2026-03-23
B09N7NZR3S,2026-03-30
B09N7NZR3S,2025-03-03
B09N7NZR3S,2025-03-10
B09N7NZR3S,2025-03-17
B09N7NZR3S,2025-03-24
B09N7NZR3S,2025-03-31
B09N7NZR3S,2025-04-07
B09N7NZR3S,2025-04-14
B09N7NZR3S,2025-04-21
B09N7NZR3S,2025-04-28
B09N7NZR3S,2025-05-05
B09N7NZR3S,2025-05-12
B09N7NZR3S,2025-05-19
B09N7NZR3S,2025-05-26
B09N7NZR3S,2025-06-02
B09N7NZR3S,2025-06-09
B09N7NZR3S,2025-06-16
B09N7NZR3S,2025-06-23
B09N7NZR3S,2025-06-30
B09N7NZR3S,2025-07-07
B09N7NZR3S,2025-07-14
B09N7NZR3S,2025-07-21
B09N7NZR3S,2025-07-28
B09N7NZR3S,2025-08-04
B09N7NZR3S,2025-08-11
B09N7NZR3S,2025-08-18
B09N7NZR3S,2025-08-25
B09N7NZR3S,2025-09-01
B09N7NZR3S,2025-09-08
B09N7NZR3S,2025-09-15
B09N7NZR3S,2025-09-22
B09N7NZR3S,2025-09-29
B09N7NZR3S,2025-10-06
B09N7NZR3S,2025-10-13
B09N7NZR3S,2025-10-20
B09N7NZR3S,2025-10-27
B09N7NZR3S,2025-11-03
B09N7NZR3S,2025-11-10
B09N7NZR3S,2025-11-17
B09N7NZR3S,2025-11-24
B09N7NZR3S,2025-12-01
B09N7NZR3S,2025-12-08
B09N7NZR3S,2025-12-15
B09N7NZR3S,2025-12-22
B09N7NZR3S,2025-12-29
B09N7NZR3S,2026-01-05
B09N7NZR3S,2026-01-12
B09N7NZR3S,2026-01-19
B09N7NZR3S,2026-01-26
B09N7NZR3S,2026-02-02
B09N7NZR3S,2026-02-09
B09N7NZR3S,2026-02-16
B09N7NZR3S,2026-02-23
B09N7NZR3S,2026-03-02
B09N7NZR3S,2026-03-09
B09N7NZR3S,2026-03-16
B09N7NZR3S,2026-03-23
B09N7NZR3S,2026-03-30
B09N7P2V8V,2025-03-03
B09N7P2V8V,2025-03-10
B09N7P2V8V,2025-03-17
B09N7P2V8V,2025-03-24
B09N7P2V8V,2025-03-31
B09N7P2V8V,2025-04-07
B09N7P2V8V,2025-04-14
B09N7P2V8V,2025-04-21
B09N7P2V8V,2025-04-28
B09N7P2V8V,2025-05-05
B09N7P2V8V,2025-05-12
B09N7P2V8V,2025-05-19
B09N7P2V8V,2025-05-26
B09N7P2V8V,2025-06-02
B09N7P2V8V,2025-06-09
B09N7P2V8V,2025-06-16
B09N7P2V8V,2025-06-23
B09N7P2V8V,2025-06-30
B09N7P2V8V,2025-07-07
B09N7P2V8V,2025-07-14
B09N7P2V8V,2025-07-21
B09N7P2V8V,2025-07-28
B09N7P2V8V,2025-08-04
B09N7P2V8V,2025-08-11
B09N7P2V8V,2025-08-18
B09N7P2V8V,2025-08-25
B09N7P2V8V,2025-09-01
B09N7P2V8V,2025-09-08
B09N7P2V8V,2025-09-15
B09N7P2V8V,2025-09-22
B09N7P2V8V,2025-09-29
B09N7P2V8V,2025-10-06
B09N7P2V8V,2025-10-13
B09N7P2V8V,2025-10-20
B09N7P2V8V,2025-10-27
B09N7P2V8V,2025-11-03
B09N7P2V8V,2025-11-10
B09N7P2V8V,2025-11-17
B09N7P2V8V,2025-11-24
B09N7P2V8V,2025-12-01
B09N7P2V8V,2025-12-08
B09N7P2V8V,2025-12-15
B09N7P2V8V,2025-12-22
B09N7P2V8V,2025-12-29
B09N7P2V8V,2026-01-05
B09N7P2V8V,2026-01-12
B09N7P2V8V,2026-01-19
B09N7P2V8V,2026-01-26
B09N7P2V8V,2026-02-02
B09N7P2V8V,2026-02-09
B09N7P2V8V,2026-02-16
B09N7P2V8V,2026-02-23
B09N7P2V8V,2026-03-02
B09N7P2V8V,2026-03-09
B09N7P2V8V,2026-03-16
B09N7P2V8V,2026-03-23
B09N7P2V8V,2026-03-30
B09N7P2V8V,2025-03-03
B09N7P2V8V,2025-03-10
B09N7P2V8V,2025-03-17
B09N7P2V8V,2025-03-24
B09N7P2V8V,2025-03-31
B09N7P2V8V,2025-04-07
B09N7P2V8V,2025-04-14
B09N7P2V8V,2025-04-21
B09N7P2V8V,2025-04-28
B09N7P2V8V,2025-05-05
B09N7P2V8V,2025-05-12
B09N7P2V8V,2025-05-19
B09N7P2V8V,2025-05-26
B09N7P2V8V,2025-06-02
B09N7P2V8V,2025-06-09
B09N7P2V8V,2025-06-16
B09N7P2V8V,2025-06-23
B09N7P2V8V,2025-06-30
B09N7P2V8V,2025-07-07
B09N7P2V8V,2025-07-14
B09N7P2V8V,2025-07-21
B09N7P2V8V,2025-07-28
B09N7P2V8V,2025-08-04
B09N7P2V8V,2025-08-11
B09N7P2V8V,2025-08-18
B09N7P2V8V,2025-08-25
B09N7P2V8V,2025-09-01
B09N7P2V8V,2025-09-08
B09N7P2V8V,2025-09-15
B09N7P2V8V,2025-09-22
B09N7P2V8V,2025-09-29
B09N7P2V8V,2025-10-06
B09N7P2V8V,2025-10-13
B09N7P2V8V,2025-10-20
B09N7P2V8V,2025-10-27
B09N7P2V8V,2025-11-03
B09N7P2V8V,2025-11-10
B09N7P2V8V,2025-11-17
B09N7P2V8V,2025-11-24
B09N7P2V8V,2025-12-01
B09N7P2V8V,2025-12-08
B09N7P2V8V,2025-12-15
B09N7P2V8V,2025-12-22
B09N7P2V8V,2025-12-29
B09N7P2V8V,2026-01-05
B09N7P2V8V,2026-01-12
B09N7P2V8V,2026-01-19
B09N7P2V8V,2026-01-26
B09N7P2V8V,2026-02-02
B09N7P2V8V,2026-02-09
B09N7P2V8V,2026-02-16
B09N7P2V8V,2026-02-23
B09N7P2V8V,2026-03-02
B09N7P2V8V,2026-03-09
B09N7P2V8V,2026-03-16
B09N7P2V8V,2026-03-23
B09N7P2V8V,2026-03-30
B09P2ZPXTH,2025-03-03
B09P2ZPXTH,2025-03-10
B09P2ZPXTH,2025-03-17
B09P2ZPXTH,2025-03-24
B09P2ZPXTH,2025-03-31
B09P2ZPXTH,2025-04-07
B09P2ZPXTH,2025-04-14
B09P2ZPXTH,2025-04-21
B09P2ZPXTH,2025-04-28
B09P2ZPXTH,2025-05-05
B09P2ZPXTH,2025-05-12
B09P2ZPXTH,2025-05-19
B09P2ZPXTH,2025-05-26
B09P2ZPXTH,2025-06-02
B09P2ZPXTH,2025-06-09
B09P2ZPXTH,2025-06-16
B09P2ZPXTH,2025-06-23
B09P2ZPXTH,2025-06-30
B09P2ZPXTH,2025-07-07
B09P2ZPXTH,2025-07-14
B09P2ZPXTH,2025-07-21
B09P2ZPXTH,2025-07-28
B09P2ZPXTH,2025-08-04
B09P2ZPXTH,2025-08-11
B09P2ZPXTH,2025-08-18
B09P2ZPXTH,2025-08-25
B09P2ZPXTH,2025-09-01
B09P2ZPXTH,2025-09-08
B09P2ZPXTH,2025-09-15
B09P2ZPXTH,2025-09-22
B09P2ZPXTH,2025-09-29
B09P2ZPXTH,2025-10-06
B09P2ZPXTH,2025-10-13
B09P2ZPXTH,2025-10-20
B09P2ZPXTH,2025-10-27
B09P2ZPXTH,2025-11-03
B09P2ZPXTH,2025-11-10
B09P2ZPXTH,2025-11-17
B09P2ZPXTH,2025-11-24
B09P2ZPXTH,2025-12-01
B09P2ZPXTH,2025-12-08
B09P2ZPXTH,2025-12-15
B09P2ZPXTH,2025-12-22
B09P2ZPXTH,2025-12-29
B09P2ZPXTH,2026-01-05
B09P2ZPXTH,2026-01-12
B09P2ZPXTH,2026-01-19
B09P2ZPXTH,2026-01-26
B09P2ZPXTH,2026-02-02
B09P2ZPXTH,2026-02-09
B09P2ZPXTH,2026-02-16
B09P2ZPXTH,2026-02-23
B09P2ZPXTH,2026-03-02
B09P2ZPXTH,2026-03-09
B09P2ZPXTH,2026-03-16
B09P2ZPXTH,2026-03-23
B09P2ZPXTH,2026-03-30
B09P2ZPXTH,2025-03-03
B09P2ZPXTH,2025-03-10
B09P2ZPXTH,2025-03-17
B09P2ZPXTH,2025-03-24
B09P2ZPXTH,2025-03-31
B09P2ZPXTH,2025-04-07
B09P2ZPXTH,2025-04-14
B09P2ZPXTH,2025-04-21
B09P2ZPXTH,2025-04-28
B09P2ZPXTH,2025-05-05
B09P2ZPXTH,2025-05-12
B09P2ZPXTH,2025-05-19
B09P2ZPXTH,2025-05-26
B09P2ZPXTH,2025-06-02
B09P2ZPXTH,2025-06-09
B09P2ZPXTH,2025-06-16
B09P2ZPXTH,2025-06-23
B09P2ZPXTH,2025-06-30
B09P2ZPXTH,2025-07-07
B09P2ZPXTH,2025-07-14
B09P2ZPXTH,2025-07-21
B09P2ZPXTH,2025-07-28
B09P2ZPXTH,2025-08-04
B09P2ZPXTH,2025-08-11
B09P2ZPXTH,2025-08-18
B09P2ZPXTH,2025-08-25
B09P2ZPXTH,2025-09-01
B09P2ZPXTH,2025-09-08
B09P2ZPXTH,2025-09-15
B09P2ZPXTH,2025-09-22
B09P2ZPXTH,2025-09-29
B09P2ZPXTH,2025-10-06
B09P2ZPXTH,2025-10-13
B09P2ZPXTH,2025-10-20
B09P2ZPXTH,2025-10-27
B09P2ZPXTH,2025-11-03
B09P2ZPXTH,2025-11-10
B09P2ZPXTH,2025-11-17
B09P2ZPXTH,2025-11-24
B09P2ZPXTH,2025-12-01
B09P2ZPXTH,2025-12-08
B09P2ZPXTH,2025-12-15
B09P2ZPXTH,2025-12-22
B09P2ZPXTH,2025-12-29
B09P2ZPXTH,2026-01-05
B09P2ZPXTH,2026-01-12
B09P2ZPXTH,2026-01-19
B09P2ZPXTH,2026-01-26
B09P2ZPXTH,2026-02-02
B09P2ZPXTH,2026-02-09
B09P2ZPXTH,2026-02-16
B09P2ZPXTH,2026-02-23
B09P2ZPXTH,2026-03-02
B09P2ZPXTH,2026-03-09
B09P2ZPXTH,2026-03-16
B09P2ZPXTH,2026-03-23
B09P2ZPXTH,2026-03-30
B09PR3L2TD,2025-03-03
B09PR3L2TD,2025-03-10
B09PR3L2TD,2025-03-17
B09PR3L2TD,2025-03-24
B09PR3L2TD,2025-03-31
B09PR3L2TD,2025-04-07
B09PR3L2TD,2025-04-14
B09PR3L2TD,2025-04-21
B09PR3L2TD,2025-04-28
B09PR3L2TD,2025-05-05
B09PR3L2TD,2025-05-12
B09PR3L2TD,2025-05-19
B09PR3L2TD,2025-05-26
B09PR3L2TD,2025-06-02
B09PR3L2TD,2025-06-09
B09PR3L2TD,2025-06-16
B09PR3L2TD,2025-06-23
B09PR3L2TD,2025-06-30
B09PR3L2TD,2025-07-07
B09PR3L2TD,2025-07-14
B09PR3L2TD,2025-07-21
B09PR3L2TD,2025-07-28
B09PR3L2TD,2025-08-04
B09PR3L2TD,2025-08-11
B09PR3L2TD,2025-08-18
B09PR3L2TD,2025-08-25
B09PR3L2TD,2025-09-01
B09PR3L2TD,2025-09-08
B09PR3L2TD,2025-09-15
B09PR3L2TD,2025-09-22
B09PR3L2TD,2025-09-29
B09PR3L2TD,2025-10-06
B09PR3L2TD,2025-10-13
B09PR3L2TD,2025-10-20
B09PR3L2TD,2025-10-27
B09PR3L2TD,2025-11-03
B09PR3L2TD,2025-11-10
B09PR3L2TD,2025-11-17
B09PR3L2TD,2025-11-24
B09PR3L2TD,2025-12-01
B09PR3L2TD,2025-12-08
B09PR3L2TD,2025-12-15
B09PR3L2TD,2025-12-22
B09PR3L2TD,2025-12-29
B09PR3L2TD,2026-01-05
B09PR3L2TD,2026-01-12
B09PR3L2TD,2026-01-19
B09PR3L2TD,2026-01-26
B09PR3L2TD,2026-02-02
B09PR3L2TD,2026-02-09
B09PR3L2TD,2026-02-16
B09PR3L2TD,2026-02-23
B09PR3L2TD,2026-03-02
B09PR3L2TD,2026-03-09
B09PR3L2TD,2026-03-16
B09PR3L2TD,2026-03-23
B09PR3L2TD,2026-03-30
B09PR3L2TD,2025-03-03
B09PR3L2TD,2025-03-10
B09PR3L2TD,2025-03-17
B09PR3L2TD,2025-03-24
B09PR3L2TD,2025-03-31
B09PR3L2TD,2025-04-07
B09PR3L2TD,2025-04-14
B09PR3L2TD,2025-04-21
B09PR3L2TD,2025-04-28
B09PR3L2TD,2025-05-05
B09PR3L2TD,2025-05-12
B09PR3L2TD,2025-05-19
B09PR3L2TD,2025-05-26
B09PR3L2TD,2025-06-02
B09PR3L2TD,2025-06-09
B09PR3L2TD,2025-06-16
B09PR3L2TD,2025-06-23
B09PR3L2TD,2025-06-30
B09PR3L2TD,2025-07-07
B09PR3L2TD,2025-07-14
B09PR3L2TD,2025-07-21
B09PR3L2TD,2025-07-28
B09PR3L2TD,2025-08-04
B09PR3L2TD,2025-08-11
B09PR3L2TD,2025-08-18
B09PR3L2TD,2025-08-25
B09PR3L2TD,2025-09-01
B09PR3L2TD,2025-09-08
B09PR3L2TD,2025-09-15
B09PR3L2TD,2025-09-22
B09PR3L2TD,2025-09-29
B09PR3L2TD,2025-10-06
B09PR3L2TD,2025-10-13
B09PR3L2TD,2025-10-20
B09PR3L2TD,2025-10-27
B09PR3L2TD,2025-11-03
B09PR3L2TD,2025-11-10
B09PR3L2TD,2025-11-17
B09PR3L2TD,2025-11-24
B09PR3L2TD,2025-12-01
B09PR3L2TD,2025-12-08
B09PR3L2TD,2025-12-15
B09PR3L2TD,2025-12-22
B09PR3L2TD,2025-12-29
B09PR3L2TD,2026-01-05
B09PR3L2TD,2026-01-12
B09PR3L2TD,2026-01-19
B09PR3L2TD,2026-01-26
B09PR3L2TD,2026-02-02
B09PR3L2TD,2026-02-09
B09PR3L2TD,2026-02-16
B09PR3L2TD,2026-02-23
B09PR3L2TD,2026-03-02
B09PR3L2TD,2026-03-09
B09PR3L2TD,2026-03-16
B09PR3L2TD,2026-03-23
B09PR3L2TD,2026-03-30
B09PR67Z7Z,2025-03-03
B09PR67Z7Z,2025-03-10
B09PR67Z7Z,2025-03-17
B09PR67Z7Z,2025-03-24
B09PR67Z7Z,2025-03-31
B09PR67Z7Z,2025-04-07
B09PR67Z7Z,2025-04-14
B09PR67Z7Z,2025-04-21
B09PR67Z7Z,2025-04-28
B09PR67Z7Z,2025-05-05
B09PR67Z7Z,2025-05-12
B09PR67Z7Z,2025-05-19
B09PR67Z7Z,2025-05-26
B09PR67Z7Z,2025-06-02
B09PR67Z7Z,2025-06-09
B09PR67Z7Z,2025-06-16
B09PR67Z7Z,2025-06-23
B09PR67Z7Z,2025-06-30
B09PR67Z7Z,2025-07-07
B09PR67Z7Z,2025-07-14
B09PR67Z7Z,2025-07-21
B09PR67Z7Z,2025-07-28
B09PR67Z7Z,2025-08-04
B09PR67Z7Z,2025-08-11
B09PR67Z7Z,2025-08-18
B09PR67Z7Z,2025-08-25
B09PR67Z7Z,2025-09-01
B09PR67Z7Z,2025-09-08
B09PR67Z7Z,2025-09-15
B09PR67Z7Z,2025-09-22
B09PR67Z7Z,2025-09-29
B09PR67Z7Z,2025-10-06
B09PR67Z7Z,2025-10-13
B09PR67Z7Z,2025-10-20
B09PR67Z7Z,2025-10-27
B09PR67Z7Z,2025-11-03
B09PR67Z7Z,2025-11-10
B09PR67Z7Z,2025-11-17
B09PR67Z7Z,2025-11-24
B09PR67Z7Z,2025-12-01
B09PR67Z7Z,2025-12-08
B09PR67Z7Z,2025-12-15
B09PR67Z7Z,2025-12-22
B09PR67Z7Z,2025-12-29
B09PR67Z7Z,2026-01-05
B09PR67Z7Z,2026-01-12
B09PR67Z7Z,2026-01-19
B09PR67Z7Z,2026-01-26
B09PR67Z7Z,2026-02-02
B09PR67Z7Z,2026-02-09
B09PR67Z7Z,2026-02-16
B09PR67Z7Z,2026-02-23
B09PR67Z7Z,2026-03-02
B09PR67Z7Z,2026-03-09
B09PR67Z7Z,2026-03-16
B09PR67Z7Z,2026-03-23
B09PR67Z7Z,2026-03-30
B09PR67Z7Z,2025-03-03
B09PR67Z7Z,2025-03-10
B09PR67Z7Z,2025-03-17
B09PR67Z7Z,2025-03-24
B09PR67Z7Z,2025-03-31
B09PR67Z7Z,2025-04-07
B09PR67Z7Z,2025-04-14
B09PR67Z7Z,2025-04-21
B09PR67Z7Z,2025-04-28
B09PR67Z7Z,2025-05-05
B09PR67Z7Z,2025-05-12
B09PR67Z7Z,2025-05-19
B09PR67Z7Z,2025-05-26
B09PR67Z7Z,2025-06-02
B09PR67Z7Z,2025-06-09
B09PR67Z7Z,2025-06-16
B09PR67Z7Z,2025-06-23
B09PR67Z7Z,2025-06-30
B09PR67Z7Z,2025-07-07
B09PR67Z7Z,2025-07-14
B09PR67Z7Z,2025-07-21
B09PR67Z7Z,2025-07-28
B09PR67Z7Z,2025-08-04
B09PR67Z7Z,2025-08-11
B09PR67Z7Z,2025-08-18
B09PR67Z7Z,2025-08-25
B09PR67Z7Z,2025-09-01
B09PR67Z7Z,2025-09-08
B09PR67Z7Z,2025-09-15
B09PR67Z7Z,2025-09-22
B09PR67Z7Z,2025-09-29
B09PR67Z7Z,2025-10-06
B09PR67Z7Z,2025-10-13
B09PR67Z7Z,2025-10-20
B09PR67Z7Z,2025-10-27
B09PR67Z7Z,2025-11-03
B09PR67Z7Z,2025-11-10
B09PR67Z7Z,2025-11-17
B09PR67Z7Z,2025-11-24
B09PR67Z7Z,2025-12-01
B09PR67Z7Z,2025-12-08
B09PR67Z7Z,2025-12-15
B09PR67Z7Z,2025-12-22
B09PR67Z7Z,2025-12-29
B09PR67Z7Z,2026-01-05
B09PR67Z7Z,2026-01-12
B09PR67Z7Z,2026-01-19
B09PR67Z7Z,2026-01-26
B09PR67Z7Z,2026-02-02
B09PR67Z7Z,2026-02-09
B09PR67Z7Z,2026-02-16
B09PR67Z7Z,2026-02-23
B09PR67Z7Z,2026-03-02
B09PR67Z7Z,2026-03-09
B09PR67Z7Z,2026-03-16
B09PR67Z7Z,2026-03-23
B09PR67Z7Z,2026-03-30
B09VNYRZRT,2025-03-03
B09VNYRZRT,2025-03-10
B09VNYRZRT,2025-03-17
B09VNYRZRT,2025-03-24
B09VNYRZRT,2025-03-31
B09VNYRZRT,2025-04-07
B09VNYRZRT,2025-04-14
B09VNYRZRT,2025-04-21
B09VNYRZRT,2025-04-28
B09VNYRZRT,2025-05-05
B09VNYRZRT,2025-05-12
B09VNYRZRT,2025-05-19
B09VNYRZRT,2025-05-26
B09VNYRZRT,2025-06-02
B09VNYRZRT,2025-06-09
B09VNYRZRT,2025-06-16
B09VNYRZRT,2025-06-23
B09VNYRZRT,2025-06-30
B09VNYRZRT,2025-07-07
B09VNYRZRT,2025-07-14
B09VNYRZRT,2025-07-21
B09VNYRZRT,2025-07-28
B09VNYRZRT,2025-08-04
B09VNYRZRT,2025-08-11
B09VNYRZRT,2025-08-18
B09VNYRZRT,2025-08-25
B09VNYRZRT,2025-09-01
B09VNYRZRT,2025-09-08
B09VNYRZRT,2025-09-15
B09VNYRZRT,2025-09-22
B09VNYRZRT,2025-09-29
B09VNYRZRT,2025-10-06
B09VNYRZRT,2025-10-13
B09VNYRZRT,2025-10-20
B09VNYRZRT,2025-10-27
B09VNYRZRT,2025-11-03
B09VNYRZRT,2025-11-10
B09VNYRZRT,2025-11-17
B09VNYRZRT,2025-11-24
B09VNYRZRT,2025-12-01
B09VNYRZRT,2025-12-08
B09VNYRZRT,2025-12-15
B09VNYRZRT,2025-12-22
B09VNYRZRT,2025-12-29
B09VNYRZRT,2026-01-05
B09VNYRZRT,2026-01-12
B09VNYRZRT,2026-01-19
B09VNYRZRT,2026-01-26
B09VNYRZRT,2026-02-02
B09VNYRZRT,2026-02-09
B09VNYRZRT,2026-02-16
B09VNYRZRT,2026-02-23
B09VNYRZRT,2026-03-02
B09VNYRZRT,2026-03-09
B09VNYRZRT,2026-03-16
B09VNYRZRT,2026-03-23
B09VNYRZRT,2026-03-30
B09VNYRZRT,2025-03-03
B09VNYRZRT,2025-03-10
B09VNYRZRT,2025-03-17
B09VNYRZRT,2025-03-24
B09VNYRZRT,2025-03-31
B09VNYRZRT,2025-04-07
B09VNYRZRT,2025-04-14
B09VNYRZRT,2025-04-21
B09VNYRZRT,2025-04-28
B09VNYRZRT,2025-05-05
B09VNYRZRT,2025-05-12
B09VNYRZRT,2025-05-19
B09VNYRZRT,2025-05-26
B09VNYRZRT,2025-06-02
B09VNYRZRT,2025-06-09
B09VNYRZRT,2025-06-16
B09VNYRZRT,2025-06-23
B09VNYRZRT,2025-06-30
B09VNYRZRT,2025-07-07
B09VNYRZRT,2025-07-14
B09VNYRZRT,2025-07-21
B09VNYRZRT,2025-07-28
B09VNYRZRT,2025-08-04
B09VNYRZRT,2025-08-11
B09VNYRZRT,2025-08-18
B09VNYRZRT,2025-08-25
B09VNYRZRT,2025-09-01
B09VNYRZRT,2025-09-08
B09VNYRZRT,2025-09-15
B09VNYRZRT,2025-09-22
B09VNYRZRT,2025-09-29
B09VNYRZRT,2025-10-06
B09VNYRZRT,2025-10-13
B09VNYRZRT,2025-10-20
B09VNYRZRT,2025-10-27
B09VNYRZRT,2025-11-03
B09VNYRZRT,2025-11-10
B09VNYRZRT,2025-11-17
B09VNYRZRT,2025-11-24
B09VNYRZRT,2025-12-01
B09VNYRZRT,2025-12-08
B09VNYRZRT,2025-12-15
B09VNYRZRT,2025-12-22
B09VNYRZRT,2025-12-29
B09VNYRZRT,2026-01-05
B09VNYRZRT,2026-01-12
B09VNYRZRT,2026-01-19
B09VNYRZRT,2026-01-26
B09VNYRZRT,2026-02-02
B09VNYRZRT,2026-02-09
B09VNYRZRT,2026-02-16
B09VNYRZRT,2026-02-23
B09VNYRZRT,2026-03-02
B09VNYRZRT,2026-03-09
B09VNYRZRT,2026-03-16
B09VNYRZRT,2026-03-23
B09VNYRZRT,2026-03-30
B09VP6P8PP,2025-03-03
B09VP6P8PP,2025-03-10
B09VP6P8PP,2025-03-17
B09VP6P8PP,2025-03-24
B09VP6P8PP,2025-03-31
B09VP6P8PP,2025-04-07
B09VP6P8PP,2025-04-14
B09VP6P8PP,2025-04-21
B09VP6P8PP,2025-04-28
B09VP6P8PP,2025-05-05
B09VP6P8PP,2025-05-12
B09VP6P8PP,2025-05-19
B09VP6P8PP,2025-05-26
B09VP6P8PP,2025-06-02
B09VP6P8PP,2025-06-09
B09VP6P8PP,2025-06-16
B09VP6P8PP,2025-06-23
B09VP6P8PP,2025-06-30
B09VP6P8PP,2025-07-07
B09VP6P8PP,2025-07-14
B09VP6P8PP,2025-07-21
B09VP6P8PP,2025-07-28
B09VP6P8PP,2025-08-04
B09VP6P8PP,2025-08-11
B09VP6P8PP,2025-08-18
B09VP6P8PP,2025-08-25
B09VP6P8PP,2025-09-01
B09VP6P8PP,2025-09-08
B09VP6P8PP,2025-09-15
B09VP6P8PP,2025-09-22
B09VP6P8PP,2025-09-29
B09VP6P8PP,2025-10-06
B09VP6P8PP,2025-10-13
B09VP6P8PP,2025-10-20
B09VP6P8PP,2025-10-27
B09VP6P8PP,2025-11-03
B09VP6P8PP,2025-11-10
B09VP6P8PP,2025-11-17
B09VP6P8PP,2025-11-24
B09VP6P8PP,2025-12-01
B09VP6P8PP,2025-12-08
B09VP6P8PP,2025-12-15
B09VP6P8PP,2025-12-22
B09VP6P8PP,2025-12-29
B09VP6P8PP,2026-01-05
B09VP6P8PP,2026-01-12
B09VP6P8PP,2026-01-19
B09VP6P8PP,2026-01-26
B09VP6P8PP,2026-02-02
B09VP6P8PP,2026-02-09
B09VP6P8PP,2026-02-16
B09VP6P8PP,2026-02-23
B09VP6P8PP,2026-03-02
B09VP6P8PP,2026-03-09
B09VP6P8PP,2026-03-16
B09VP6P8PP,2026-03-23
B09VP6P8PP,2026-03-30
B09VP6P8PP,2025-03-03
B09VP6P8PP,2025-03-10
B09VP6P8PP,2025-03-17
B09VP6P8PP,2025-03-24
B09VP6P8PP,2025-03-31
B09VP6P8PP,2025-04-07
B09VP6P8PP,2025-04-14
B09VP6P8PP,2025-04-21
B09VP6P8PP,2025-04-28
B09VP6P8PP,2025-05-05
B09VP6P8PP,2025-05-12
B09VP6P8PP,2025-05-19
B09VP6P8PP,2025-05-26
B09VP6P8PP,2025-06-02
B09VP6P8PP,2025-06-09
B09VP6P8PP,2025-06-16
B09VP6P8PP,2025-06-23
B09VP6P8PP,2025-06-30
B09VP6P8PP,2025-07-07
B09VP6P8PP,2025-07-14
B09VP6P8PP,2025-07-21
B09VP6P8PP,2025-07-28
B09VP6P8PP,2025-08-04
B09VP6P8PP,2025-08-11
B09VP6P8PP,2025-08-18
B09VP6P8PP,2025-08-25
B09VP6P8PP,2025-09-01
B09VP6P8PP,2025-09-08
B09VP6P8PP,2025-09-15
B09VP6P8PP,2025-09-22
B09VP6P8PP,2025-09-29
B09VP6P8PP,2025-10-06
B09VP6P8PP,2025-10-13
B09VP6P8PP,2025-10-20
B09VP6P8PP,2025-10-27
B09VP6P8PP,2025-11-03
B09VP6P8PP,2025-11-10
B09VP6P8PP,2025-11-17
B09VP6P8PP,2025-11-24
B09VP6P8PP,2025-12-01
B09VP6P8PP,2025-12-08
B09VP6P8PP,2025-12-15
B09VP6P8PP,2025-12-22
B09VP6P8PP,2025-12-29
B09VP6P8PP,2026-01-05
B09VP6P8PP,2026-01-12
B09VP6P8PP,2026-01-19
B09VP6P8PP,2026-01-26
B09VP6P8PP,2026-02-02
B09VP6P8PP,2026-02-09
B09VP6P8PP,2026-02-16
B09VP6P8PP,2026-02-23
B09VP6P8PP,2026-03-02
B09VP6P8PP,2026-03-09
B09VP6P8PP,2026-03-16
B09VP6P8PP,2026-03-23
B09VP6P8PP,2026-03-30
B09Y4J2GFZ,2025-03-03
B09Y4J2GFZ,2025-03-10
B09Y4J2GFZ,2025-03-17
B09Y4J2GFZ,2025-03-24
B09Y4J2GFZ,2025-03-31
B09Y4J2GFZ,2025-04-07
B09Y4J2GFZ,2025-04-14
B09Y4J2GFZ,2025-04-21
B09Y4J2GFZ,2025-04-28
B09Y4J2GFZ,2025-05-05
B09Y4J2GFZ,2025-05-12
B09Y4J2GFZ,2025-05-19
B09Y4J2GFZ,2025-05-26
B09Y4J2GFZ,2025-06-02
B09Y4J2GFZ,2025-06-09
B09Y4J2GFZ,2025-06-16
B09Y4J2GFZ,2025-06-23
B09Y4J2GFZ,2025-06-30
B09Y4J2GFZ,2025-07-07
B09Y4J2GFZ,2025-07-14
B09Y4J2GFZ,2025-07-21
B09Y4J2GFZ,2025-07-28
B09Y4J2GFZ,2025-08-04
B09Y4J2GFZ,2025-08-11
B09Y4J2GFZ,2025-08-18
B09Y4J2GFZ,2025-08-25
B09Y4J2GFZ,2025-09-01
B09Y4J2GFZ,2025-09-08
B09Y4J2GFZ,2025-09-15
B09Y4J2GFZ,2025-09-22
B09Y4J2GFZ,2025-09-29
B09Y4J2GFZ,2025-10-06
B09Y4J2GFZ,2025-10-13
B09Y4J2GFZ,2025-10-20
B09Y4J2GFZ,2025-10-27
B09Y4J2GFZ,2025-11-03
B09Y4J2GFZ,2025-11-10
B09Y4J2GFZ,2025-11-17
B09Y4J2GFZ,2025-11-24
B09Y4J2GFZ,2025-12-01
B09Y4J2GFZ,2025-12-08
B09Y4J2GFZ,2025-12-15
B09Y4J2GFZ,2025-12-22
B09Y4J2GFZ,2025-12-29
B09Y4J2GFZ,2026-01-05
B09Y4J2GFZ,2026-01-12
B09Y4J2GFZ,2026-01-19
B09Y4J2GFZ,2026-01-26
B09Y4J2GFZ,2026-02-02
B09Y4J2GFZ,2026-02-09
B09Y4J2GFZ,2026-02-16
B09Y4J2GFZ,2026-02-23
B09Y4J2GFZ,2026-03-02
B09Y4J2GFZ,2026-03-09
B09Y4J2GFZ,2026-03-16
B09Y4J2GFZ,2026-03-23
B09Y4J2GFZ,2026-03-30
B09Y4J2GFZ,2025-03-03
B09Y4J2GFZ,2025-03-10
B09Y4J2GFZ,2025-03-17
B09Y4J2GFZ,2025-03-24
B09Y4J2GFZ,2025-03-31
B09Y4J2GFZ,2025-04-07
B09Y4J2GFZ,2025-04-14
B09Y4J2GFZ,2025-04-21
B09Y4J2GFZ,2025-04-28
B09Y4J2GFZ,2025-05-05
B09Y4J2GFZ,2025-05-12
B09Y4J2GFZ,2025-05-19
B09Y4J2GFZ,2025-05-26
B09Y4J2GFZ,2025-06-02
B09Y4J2GFZ,2025-06-09
B09Y4J2GFZ,2025-06-16
B09Y4J2GFZ,2025-06-23
B09Y4J2GFZ,2025-06-30
B09Y4J2GFZ,2025-07-07
B09Y4J2GFZ,2025-07-14
B09Y4J2GFZ,2025-07-21
B09Y4J2GFZ,2025-07-28
B09Y4J2GFZ,2025-08-04
B09Y4J2GFZ,2025-08-11
B09Y4J2GFZ,2025-08-18
B09Y4J2GFZ,2025-08-25
B09Y4J2GFZ,2025-09-01
B09Y4J2GFZ,2025-09-08
B09Y4J2GFZ,2025-09-15
B09Y4J2GFZ,2025-09-22
B09Y4J2GFZ,2025-09-29
B09Y4J2GFZ,2025-10-06
B09Y4J2GFZ,2025-10-13
B09Y4J2GFZ,2025-10-20
B09Y4J2GFZ,2025-10-27
B09Y4J2GFZ,2025-11-03
B09Y4J2GFZ,2025-11-10
B09Y4J2GFZ,2025-11-17
B09Y4J2GFZ,2025-11-24
B09Y4J2GFZ,2025-12-01
B09Y4J2GFZ,2025-12-08
B09Y4J2GFZ,2025-12-15
B09Y4J2GFZ,2025-12-22
B09Y4J2GFZ,2025-12-29
B09Y4J2GFZ,2026-01-05
B09Y4J2GFZ,2026-01-12
B09Y4J2GFZ,2026-01-19
B09Y4J2GFZ,2026-01-26
B09Y4J2GFZ,2026-02-02
B09Y4J2GFZ,2026-02-09
B09Y4J2GFZ,2026-02-16
B09Y4J2GFZ,2026-02-23
B09Y4J2GFZ,2026-03-02
B09Y4J2GFZ,2026-03-09
B09Y4J2GFZ,2026-03-16
B09Y4J2GFZ,2026-03-23
B09Y4J2GFZ,2026-03-30
B0B156WX53,2025-03-03
B0B156WX53,2025-03-10
B0B156WX53,2025-03-17
B0B156WX53,2025-03-24
B0B156WX53,2025-03-31
B0B156WX53,2025-04-07
B0B156WX53,2025-04-14
B0B156WX53,2025-04-21
B0B156WX53,2025-04-28
B0B156WX53,2025-05-05
B0B156WX53,2025-05-12
B0B156WX53,2025-05-19
B0B156WX53,2025-05-26
B0B156WX53,2025-06-02
B0B156WX53,2025-06-09
B0B156WX53,2025-06-16
B0B156WX53,2025-06-23
B0B156WX53,2025-06-30
B0B156WX53,2025-07-07
B0B156WX53,2025-07-14
B0B156WX53,2025-07-21
B0B156WX53,2025-07-28
B0B156WX53,2025-08-04
B0B156WX53,2025-08-11
B0B156WX53,2025-08-18
B0B156WX53,2025-08-25
B0B156WX53,2025-09-01
B0B156WX53,2025-09-08
B0B156WX53,2025-09-15
B0B156WX53,2025-09-22
B0B156WX53,2025-09-29
B0B156WX53,2025-10-06
B0B156WX53,2025-10-13
B0B156WX53,2025-10-20
B0B156WX53,2025-10-27
B0B156WX53,2025-11-03
B0B156WX53,2025-11-10
B0B156WX53,2025-11-17
B0B156WX53,2025-11-24
B0B156WX53,2025-12-01
B0B156WX53,2025-12-08
B0B156WX53,2025-12-15
B0B156WX53,2025-12-22
B0B156WX53,2025-12-29
B0B156WX53,2026-01-05
B0B156WX53,2026-01-12
B0B156WX53,2026-01-19
B0B156WX53,2026-01-26
B0B156WX53,2026-02-02
B0B156WX53,2026-02-09
B0B156WX53,2026-02-16
B0B156WX53,2026-02-23
B0B156WX53,2026-03-02
B0B156WX53,2026-03-09
B0B156WX53,2026-03-16
B0B156WX53,2026-03-23
B0B156WX53,2026-03-30
B0B156WX53,2025-03-03
B0B156WX53,2025-03-10
B0B156WX53,2025-03-17
B0B156WX53,2025-03-24
B0B156WX53,2025-03-31
B0B156WX53,2025-04-07
B0B156WX53,2025-04-14
B0B156WX53,2025-04-21
B0B156WX53,2025-04-28
B0B156WX53,2025-05-05
B0B156WX53,2025-05-12
B0B156WX53,2025-05-19
B0B156WX53,2025-05-26
B0B156WX53,2025-06-02
B0B156WX53,2025-06-09
B0B156WX53,2025-06-16
B0B156WX53,2025-06-23
B0B156WX53,2025-06-30
B0B156WX53,2025-07-07
B0B156WX53,2025-07-14
B0B156WX53,2025-07-21
B0B156WX53,2025-07-28
B0B156WX53,2025-08-04
B0B156WX53,2025-08-11
B0B156WX53,2025-08-18
B0B156WX53,2025-08-25
B0B156WX53,2025-09-01
B0B156WX53,2025-09-08
B0B156WX53,2025-09-15
B0B156WX53,2025-09-22
B0B156WX53,2025-09-29
B0B156WX53,2025-10-06
B0B156WX53,2025-10-13
B0B156WX53,2025-10-20
B0B156WX53,2025-10-27
B0B156WX53,2025-11-03
B0B156WX53,2025-11-10
B0B156WX53,2025-11-17
B0B156WX53,2025-11-24
B0B156WX53,2025-12-01
B0B156WX53,2025-12-08
B0B156WX53,2025-12-15
B0B156WX53,2025-12-22
B0B156WX53,2025-12-29
B0B156WX53,2026-01-05
B0B156WX53,2026-01-12
B0B156WX53,2026-01-19
B0B156WX53,2026-01-26
B0B156WX53,2026-02-02
B0B156WX53,2026-02-09
B0B156WX53,2026-02-16
B0B156WX53,2026-02-23
B0B156WX53,2026-03-02
B0B156WX53,2026-03-09
B0B156WX53,2026-03-16
B0B156WX53,2026-03-23
B0B156WX53,2026-03-30
B0B157GVG4,2025-03-03
B0B157GVG4,2025-03-10
B0B157GVG4,2025-03-17
B0B157GVG4,2025-03-24
B0B157GVG4,2025-03-31
B0B157GVG4,2025-04-07
B0B157GVG4,2025-04-14
B0B157GVG4,2025-04-21
B0B157GVG4,2025-04-28
B0B157GVG4,2025-05-05
B0B157GVG4,2025-05-12
B0B157GVG4,2025-05-19
B0B157GVG4,2025-05-26
B0B157GVG4,2025-06-02
B0B157GVG4,2025-06-09
B0B157GVG4,2025-06-16
B0B157GVG4,2025-06-23
B0B157GVG4,2025-06-30
B0B157GVG4,2025-07-07
B0B157GVG4,2025-07-14
B0B157GVG4,2025-07-21
B0B157GVG4,2025-07-28
B0B157GVG4,2025-08-04
B0B157GVG4,2025-08-11
B0B157GVG4,2025-08-18
B0B157GVG4,2025-08-25
B0B157GVG4,2025-09-01
B0B157GVG4,2025-09-08
B0B157GVG4,2025-09-15
B0B157GVG4,2025-09-22
B0B157GVG4,2025-09-29
B0B157GVG4,2025-10-06
B0B157GVG4,2025-10-13
B0B157GVG4,2025-10-20
B0B157GVG4,2025-10-27
B0B157GVG4,2025-11-03
B0B157GVG4,2025-11-10
B0B157GVG4,2025-11-17
B0B157GVG4,2025-11-24
B0B157GVG4,2025-12-01
B0B157GVG4,2025-12-08
B0B157GVG4,2025-12-15
B0B157GVG4,2025-12-22
B0B157GVG4,2025-12-29
B0B157GVG4,2026-01-05
B0B157GVG4,2026-01-12
B0B157GVG4,2026-01-19
B0B157GVG4,2026-01-26
B0B157GVG4,2026-02-02
B0B157GVG4,2026-02-09
B0B157GVG4,2026-02-16
B0B157GVG4,2026-02-23
B0B157GVG4,2026-03-02
B0B157GVG4,2026-03-09
B0B157GVG4,2026-03-16
B0B157GVG4,2026-03-23
B0B157GVG4,2026-03-30
B0B157GVG4,2025-03-03
B0B157GVG4,2025-03-10
B0B157GVG4,2025-03-17
B0B157GVG4,2025-03-24
B0B157GVG4,2025-03-31
B0B157GVG4,2025-04-07
B0B157GVG4,2025-04-14
B0B157GVG4,2025-04-21
B0B157GVG4,2025-04-28
B0B157GVG4,2025-05-05
B0B157GVG4,2025-05-12
B0B157GVG4,2025-05-19
B0B157GVG4,2025-05-26
B0B157GVG4,2025-06-02
B0B157GVG4,2025-06-09
B0B157GVG4,2025-06-16
B0B157GVG4,2025-06-23
B0B157GVG4,2025-06-30
B0B157GVG4,2025-07-07
B0B157GVG4,2025-07-14
B0B157GVG4,2025-07-21
B0B157GVG4,2025-07-28
B0B157GVG4,2025-08-04
B0B157GVG4,2025-08-11
B0B157GVG4,2025-08-18
B0B157GVG4,2025-08-25
B0B157GVG4,2025-09-01
B0B157GVG4,2025-09-08
B0B157GVG4,2025-09-15
B0B157GVG4,2025-09-22
B0B157GVG4,2025-09-29
B0B157GVG4,2025-10-06
B0B157GVG4,2025-10-13
B0B157GVG4,2025-10-20
B0B157GVG4,2025-10-27
B0B157GVG4,2025-11-03
B0B157GVG4,2025-11-10
B0B157GVG4,2025-11-17
B0B157GVG4,2025-11-24
B0B157GVG4,2025-12-01
B0B157GVG4,2025-12-08
B0B157GVG4,2025-12-15
B0B157GVG4,2025-12-22
B0B157GVG4,2025-12-29
B0B157GVG4,2026-01-05
B0B157GVG4,2026-01-12
B0B157GVG4,2026-01-19
B0B157GVG4,2026-01-26
B0B157GVG4,2026-02-02
B0B157GVG4,2026-02-09
B0B157GVG4,2026-02-16
B0B157GVG4,2026-02-23
B0B157GVG4,2026-03-02
B0B157GVG4,2026-03-09
B0B157GVG4,2026-03-16
B0B157GVG4,2026-03-23
B0B157GVG4,2026-03-30
B0B157MTN4,2025-03-03
B0B157MTN4,2025-03-10
B0B157MTN4,2025-03-17
B0B157MTN4,2025-03-24
B0B157MTN4,2025-03-31
B0B157MTN4,2025-04-07
B0B157MTN4,2025-04-14
B0B157MTN4,2025-04-21
B0B157MTN4,2025-04-28
B0B157MTN4,2025-05-05
B0B157MTN4,2025-05-12
B0B157MTN4,2025-05-19
B0B157MTN4,2025-05-26
B0B157MTN4,2025-06-02
B0B157MTN4,2025-06-09
B0B157MTN4,2025-06-16
B0B157MTN4,2025-06-23
B0B157MTN4,2025-06-30
B0B157MTN4,2025-07-07
B0B157MTN4,2025-07-14
B0B157MTN4,2025-07-21
B0B157MTN4,2025-07-28
B0B157MTN4,2025-08-04
B0B157MTN4,2025-08-11
B0B157MTN4,2025-08-18
B0B157MTN4,2025-08-25
B0B157MTN4,2025-09-01
B0B157MTN4,2025-09-08
B0B157MTN4,2025-09-15
B0B157MTN4,2025-09-22
B0B157MTN4,2025-09-29
B0B157MTN4,2025-10-06
B0B157MTN4,2025-10-13
B0B157MTN4,2025-10-20
B0B157MTN4,2025-10-27
B0B157MTN4,2025-11-03
B0B157MTN4,2025-11-10
B0B157MTN4,2025-11-17
B0B157MTN4,2025-11-24
B0B157MTN4,2025-12-01
B0B157MTN4,2025-12-08
B0B157MTN4,2025-12-15
B0B157MTN4,2025-12-22
B0B157MTN4,2025-12-29
B0B157MTN4,2026-01-05
B0B157MTN4,2026-01-12
B0B157MTN4,2026-01-19
B0B157MTN4,2026-01-26
B0B157MTN4,2026-02-02
B0B157MTN4,2026-02-09
B0B157MTN4,2026-02-16
B0B157MTN4,2026-02-23
B0B157MTN4,2026-03-02
B0B157MTN4,2026-03-09
B0B157MTN4,2026-03-16
B0B157MTN4,2026-03-23
B0B157MTN4,2026-03-30
B0B157MTN4,2025-03-03
B0B157MTN4,2025-03-10
B0B157MTN4,2025-03-17
B0B157MTN4,2025-03-24
B0B157MTN4,2025-03-31
B0B157MTN4,2025-04-07
B0B157MTN4,2025-04-14
B0B157MTN4,2025-04-21
B0B157MTN4,2025-04-28
B0B157MTN4,2025-05-05
B0B157MTN4,2025-05-12
B0B157MTN4,2025-05-19
B0B157MTN4,2025-05-26
B0B157MTN4,2025-06-02
B0B157MTN4,2025-06-09
B0B157MTN4,2025-06-16
B0B157MTN4,2025-06-23
B0B157MTN4,2025-06-30
B0B157MTN4,2025-07-07
B0B157MTN4,2025-07-14
B0B157MTN4,2025-07-21
B0B157MTN4,2025-07-28
B0B157MTN4,2025-08-04
B0B157MTN4,2025-08-11
B0B157MTN4,2025-08-18
B0B157MTN4,2025-08-25
B0B157MTN4,2025-09-01
B0B157MTN4,2025-09-08
B0B157MTN4,2025-09-15
B0B157MTN4,2025-09-22
B0B157MTN4,2025-09-29
B0B157MTN4,2025-10-06
B0B157MTN4,2025-10-13
B0B157MTN4,2025-10-20
B0B157MTN4,2025-10-27
B0B157MTN4,2025-11-03
B0B157MTN4,2025-11-10
B0B157MTN4,2025-11-17
B0B157MTN4,2025-11-24
B0B157MTN4,2025-12-01
B0B157MTN4,2025-12-08
B0B157MTN4,2025-12-15
B0B157MTN4,2025-12-22
B0B157MTN4,2025-12-29
B0B157MTN4,2026-01-05
B0B157MTN4,2026-01-12
B0B157MTN4,2026-01-19
B0B157MTN4,2026-01-26
B0B157MTN4,2026-02-02
B0B157MTN4,2026-02-09
B0B157MTN4,2026-02-16
B0B157MTN4,2026-02-23
B0B157MTN4,2026-03-02
B0B157MTN4,2026-03-09
B0B157MTN4,2026-03-16
B0B157MTN4,2026-03-23
B0B157MTN4,2026-03-30
B0B158V378,2025-03-03
B0B158V378,2025-03-10
B0B158V378,2025-03-17
B0B158V378,2025-03-24
B0B158V378,2025-03-31
B0B158V378,2025-04-07
B0B158V378,2025-04-14
B0B158V378,2025-04-21
B0B158V378,2025-04-28
B0B158V378,2025-05-05
B0B158V378,2025-05-12
B0B158V378,2025-05-19
B0B158V378,2025-05-26
B0B158V378,2025-06-02
B0B158V378,2025-06-09
B0B158V378,2025-06-16
B0B158V378,2025-06-23
B0B158V378,2025-06-30
B0B158V378,2025-07-07
B0B158V378,2025-07-14
B0B158V378,2025-07-21
B0B158V378,2025-07-28
B0B158V378,2025-08-04
B0B158V378,2025-08-11
B0B158V378,2025-08-18
B0B158V378,2025-08-25
B0B158V378,2025-09-01
B0B158V378,2025-09-08
B0B158V378,2025-09-15
B0B158V378,2025-09-22
B0B158V378,2025-09-29
B0B158V378,2025-10-06
B0B158V378,2025-10-13
B0B158V378,2025-10-20
B0B158V378,2025-10-27
B0B158V378,2025-11-03
B0B158V378,2025-11-10
B0B158V378,2025-11-17
B0B158V378,2025-11-24
B0B158V378,2025-12-01
B0B158V378,2025-12-08
B0B158V378,2025-12-15
B0B158V378,2025-12-22
B0B158V378,2025-12-29
B0B158V378,2026-01-05
B0B158V378,2026-01-12
B0B158V378,2026-01-19
B0B158V378,2026-01-26
B0B158V378,2026-02-02
B0B158V378,2026-02-09
B0B158V378,2026-02-16
B0B158V378,2026-02-23
B0B158V378,2026-03-02
B0B158V378,2026-03-09
B0B158V378,2026-03-16
B0B158V378,2026-03-23
B0B158V378,2026-03-30
B0B158V378,2025-03-03
B0B158V378,2025-03-10
B0B158V378,2025-03-17
B0B158V378,2025-03-24
B0B158V378,2025-03-31
B0B158V378,2025-04-07
B0B158V378,2025-04-14
B0B158V378,2025-04-21
B0B158V378,2025-04-28
B0B158V378,2025-05-05
B0B158V378,2025-05-12
B0B158V378,2025-05-19
B0B158V378,2025-05-26
B0B158V378,2025-06-02
B0B158V378,2025-06-09
B0B158V378,2025-06-16
B0B158V378,2025-06-23
B0B158V378,2025-06-30
B0B158V378,2025-07-07
B0B158V378,2025-07-14
B0B158V378,2025-07-21
B0B158V378,2025-07-28
B0B158V378,2025-08-04
B0B158V378,2025-08-11
B0B158V378,2025-08-18
B0B158V378,2025-08-25
B0B158V378,2025-09-01
B0B158V378,2025-09-08
B0B158V378,2025-09-15
B0B158V378,2025-09-22
B0B158V378,2025-09-29
B0B158V378,2025-10-06
B0B158V378,2025-10-13
B0B158V378,2025-10-20
B0B158V378,2025-10-27
B0B158V378,2025-11-03
B0B158V378,2025-11-10
B0B158V378,2025-11-17
B0B158V378,2025-11-24
B0B158V378,2025-12-01
B0B158V378,2025-12-08
B0B158V378,2025-12-15
B0B158V378,2025-12-22
B0B158V378,2025-12-29
B0B158V378,2026-01-05
B0B158V378,2026-01-12
B0B158V378,2026-01-19
B0B158V378,2026-01-26
B0B158V378,2026-02-02
B0B158V378,2026-02-09
B0B158V378,2026-02-16
B0B158V378,2026-02-23
B0B158V378,2026-03-02
B0B158V378,2026-03-09
B0B158V378,2026-03-16
B0B158V378,2026-03-23
B0B158V378,2026-03-30
B0B2J1ZMB6,2025-03-03
B0B2J1ZMB6,2025-03-10
B0B2J1ZMB6,2025-03-17
B0B2J1ZMB6,2025-03-24
B0B2J1ZMB6,2025-03-31
B0B2J1ZMB6,2025-04-07
B0B2J1ZMB6,2025-04-14
B0B2J1ZMB6,2025-04-21
B0B2J1ZMB6,2025-04-28
B0B2J1ZMB6,2025-05-05
B0B2J1ZMB6,2025-05-12
B0B2J1ZMB6,2025-05-19
B0B2J1ZMB6,2025-05-26
B0B2J1ZMB6,2025-06-02
B0B2J1ZMB6,2025-06-09
B0B2J1ZMB6,2025-06-16
B0B2J1ZMB6,2025-06-23
B0B2J1ZMB6,2025-06-30
B0B2J1ZMB6,2025-07-07
B0B2J1ZMB6,2025-07-14
B0B2J1ZMB6,2025-07-21
B0B2J1ZMB6,2025-07-28
B0B2J1ZMB6,2025-08-04
B0B2J1ZMB6,2025-08-11
B0B2J1ZMB6,2025-08-18
B0B2J1ZMB6,2025-08-25
B0B2J1ZMB6,2025-09-01
B0B2J1ZMB6,2025-09-08
B0B2J1ZMB6,2025-09-15
B0B2J1ZMB6,2025-09-22
B0B2J1ZMB6,2025-09-29
B0B2J1ZMB6,2025-10-06
B0B2J1ZMB6,2025-10-13
B0B2J1ZMB6,2025-10-20
B0B2J1ZMB6,2025-10-27
B0B2J1ZMB6,2025-11-03
B0B2J1ZMB6,2025-11-10
B0B2J1ZMB6,2025-11-17
B0B2J1ZMB6,2025-11-24
B0B2J1ZMB6,2025-12-01
B0B2J1ZMB6,2025-12-08
B0B2J1ZMB6,2025-12-15
B0B2J1ZMB6,2025-12-22
B0B2J1ZMB6,2025-12-29
B0B2J1ZMB6,2026-01-05
B0B2J1ZMB6,2026-01-12
B0B2J1ZMB6,2026-01-19
B0B2J1ZMB6,2026-01-26
B0B2J1ZMB6,2026-02-02
B0B2J1ZMB6,2026-02-09
B0B2J1ZMB6,2026-02-16
B0B2J1ZMB6,2026-02-23
B0B2J1ZMB6,2026-03-02
B0B2J1ZMB6,2026-03-09
B0B2J1ZMB6,2026-03-16
B0B2J1ZMB6,2026-03-23
B0B2J1ZMB6,2026-03-30
B0B2J1ZMB6,2025-03-03
B0B2J1ZMB6,2025-03-10
B0B2J1ZMB6,2025-03-17
B0B2J1ZMB6,2025-03-24
B0B2J1ZMB6,2025-03-31
B0B2J1ZMB6,2025-04-07
B0B2J1ZMB6,2025-04-14
B0B2J1ZMB6,2025-04-21
B0B2J1ZMB6,2025-04-28
B0B2J1ZMB6,2025-05-05
B0B2J1ZMB6,2025-05-12
B0B2J1ZMB6,2025-05-19
B0B2J1ZMB6,2025-05-26
B0B2J1ZMB6,2025-06-02
B0B2J1ZMB6,2025-06-09
B0B2J1ZMB6,2025-06-16
B0B2J1ZMB6,2025-06-23
B0B2J1ZMB6,2025-06-30
B0B2J1ZMB6,2025-07-07
B0B2J1ZMB6,2025-07-14
B0B2J1ZMB6,2025-07-21
B0B2J1ZMB6,2025-07-28
B0B2J1ZMB6,2025-08-04
B0B2J1ZMB6,2025-08-11
B0B2J1ZMB6,2025-08-18
B0B2J1ZMB6,2025-08-25
B0B2J1ZMB6,2025-09-01
B0B2J1ZMB6,2025-09-08
B0B2J1ZMB6,2025-09-15
B0B2J1ZMB6,2025-09-22
B0B2J1ZMB6,2025-09-29
B0B2J1ZMB6,2025-10-06
B0B2J1ZMB6,2025-10-13
B0B2J1ZMB6,2025-10-20
B0B2J1ZMB6,2025-10-27
B0B2J1ZMB6,2025-11-03
B0B2J1ZMB6,2025-11-10
B0B2J1ZMB6,2025-11-17
B0B2J1ZMB6,2025-11-24
B0B2J1ZMB6,2025-12-01
B0B2J1ZMB6,2025-12-08
B0B2J1ZMB6,2025-12-15
B0B2J1ZMB6,2025-12-22
B0B2J1ZMB6,2025-12-29
B0B2J1ZMB6,2026-01-05
B0B2J1ZMB6,2026-01-12
B0B2J1ZMB6,2026-01-19
B0B2J1ZMB6,2026-01-26
B0B2J1ZMB6,2026-02-02
B0B2J1ZMB6,2026-02-09
B0B2J1ZMB6,2026-02-16
B0B2J1ZMB6,2026-02-23
B0B2J1ZMB6,2026-03-02
B0B2J1ZMB6,2026-03-09
B0B2J1ZMB6,2026-03-16
B0B2J1ZMB6,2026-03-23
B0B2J1ZMB6,2026-03-30
B0B4XCMFKC,2025-03-03
B0B4XCMFKC,2025-03-10
B0B4XCMFKC,2025-03-17
B0B4XCMFKC,2025-03-24
B0B4XCMFKC,2025-03-31
B0B4XCMFKC,2025-04-07
B0B4XCMFKC,2025-04-14
B0B4XCMFKC,2025-04-21
B0B4XCMFKC,2025-04-28
B0B4XCMFKC,2025-05-05
B0B4XCMFKC,2025-05-12
B0B4XCMFKC,2025-05-19
B0B4XCMFKC,2025-05-26
B0B4XCMFKC,2025-06-02
B0B4XCMFKC,2025-06-09
B0B4XCMFKC,2025-06-16
B0B4XCMFKC,2025-06-23
B0B4XCMFKC,2025-06-30
B0B4XCMFKC,2025-07-07
B0B4XCMFKC,2025-07-14
B0B4XCMFKC,2025-07-21
B0B4XCMFKC,2025-07-28
B0B4XCMFKC,2025-08-04
B0B4XCMFKC,2025-08-11
B0B4XCMFKC,2025-08-18
B0B4XCMFKC,2025-08-25
B0B4XCMFKC,2025-09-01
B0B4XCMFKC,2025-09-08
B0B4XCMFKC,2025-09-15
B0B4XCMFKC,2025-09-22
B0B4XCMFKC,2025-09-29
B0B4XCMFKC,2025-10-06
B0B4XCMFKC,2025-10-13
B0B4XCMFKC,2025-10-20
B0B4XCMFKC,2025-10-27
B0B4XCMFKC,2025-11-03
B0B4XCMFKC,2025-11-10
B0B4XCMFKC,2025-11-17
B0B4XCMFKC,2025-11-24
B0B4XCMFKC,2025-12-01
B0B4XCMFKC,2025-12-08
B0B4XCMFKC,2025-12-15
B0B4XCMFKC,2025-12-22
B0B4XCMFKC,2025-12-29
B0B4XCMFKC,2026-01-05
B0B4XCMFKC,2026-01-12
B0B4XCMFKC,2026-01-19
B0B4XCMFKC,2026-01-26
B0B4XCMFKC,2026-02-02
B0B4XCMFKC,2026-02-09
B0B4XCMFKC,2026-02-16
B0B4XCMFKC,2026-02-23
B0B4XCMFKC,2026-03-02
B0B4XCMFKC,2026-03-09
B0B4XCMFKC,2026-03-16
B0B4XCMFKC,2026-03-23
B0B4XCMFKC,2026-03-30
B0B4XCMFKC,2025-03-03
B0B4XCMFKC,2025-03-10
B0B4XCMFKC,2025-03-17
B0B4XCMFKC,2025-03-24
B0B4XCMFKC,2025-03-31
B0B4XCMFKC,2025-04-07
B0B4XCMFKC,2025-04-14
B0B4XCMFKC,2025-04-21
B0B4XCMFKC,2025-04-28
B0B4XCMFKC,2025-05-05
B0B4XCMFKC,2025-05-12
B0B4XCMFKC,2025-05-19
B0B4XCMFKC,2025-05-26
B0B4XCMFKC,2025-06-02
B0B4XCMFKC,2025-06-09
B0B4XCMFKC,2025-06-16
B0B4XCMFKC,2025-06-23
B0B4XCMFKC,2025-06-30
B0B4XCMFKC,2025-07-07
B0B4XCMFKC,2025-07-14
B0B4XCMFKC,2025-07-21
B0B4XCMFKC,2025-07-28
B0B4XCMFKC,2025-08-04
B0B4XCMFKC,2025-08-11
B0B4XCMFKC,2025-08-18
B0B4XCMFKC,2025-08-25
B0B4XCMFKC,2025-09-01
B0B4XCMFKC,2025-09-08
B0B4XCMFKC,2025-09-15
B0B4XCMFKC,2025-09-22
B0B4XCMFKC,2025-09-29
B0B4XCMFKC,2025-10-06
B0B4XCMFKC,2025-10-13
B0B4XCMFKC,2025-10-20
B0B4XCMFKC,2025-10-27
B0B4XCMFKC,2025-11-03
B0B4XCMFKC,2025-11-10
B0B4XCMFKC,2025-11-17
B0B4XCMFKC,2025-11-24
B0B4XCMFKC,2025-12-01
B0B4XCMFKC,2025-12-08
B0B4XCMFKC,2025-12-15
B0B4XCMFKC,2025-12-22
B0B4XCMFKC,2025-12-29
B0B4XCMFKC,2026-01-05
B0B4XCMFKC,2026-01-12
B0B4XCMFKC,2026-01-19
B0B4XCMFKC,2026-01-26
B0B4XCMFKC,2026-02-02
B0B4XCMFKC,2026-02-09
B0B4XCMFKC,2026-02-16
B0B4XCMFKC,2026-02-23
B0B4XCMFKC,2026-03-02
B0B4XCMFKC,2026-03-09
B0B4XCMFKC,2026-03-16
B0B4XCMFKC,2026-03-23
B0B4XCMFKC,2026-03-30
B0B4XLFGQ8,2025-03-03
B0B4XLFGQ8,2025-03-10
B0B4XLFGQ8,2025-03-17
B0B4XLFGQ8,2025-03-24
B0B4XLFGQ8,2025-03-31
B0B4XLFGQ8,2025-04-07
B0B4XLFGQ8,2025-04-14
B0B4XLFGQ8,2025-04-21
B0B4XLFGQ8,2025-04-28
B0B4XLFGQ8,2025-05-05
B0B4XLFGQ8,2025-05-12
B0B4XLFGQ8,2025-05-19
B0B4XLFGQ8,2025-05-26
B0B4XLFGQ8,2025-06-02
B0B4XLFGQ8,2025-06-09
B0B4XLFGQ8,2025-06-16
B0B4XLFGQ8,2025-06-23
B0B4XLFGQ8,2025-06-30
B0B4XLFGQ8,2025-07-07
B0B4XLFGQ8,2025-07-14
B0B4XLFGQ8,2025-07-21
B0B4XLFGQ8,2025-07-28
B0B4XLFGQ8,2025-08-04
B0B4XLFGQ8,2025-08-11
B0B4XLFGQ8,2025-08-18
B0B4XLFGQ8,2025-08-25
B0B4XLFGQ8,2025-09-01
B0B4XLFGQ8,2025-09-08
B0B4XLFGQ8,2025-09-15
B0B4XLFGQ8,2025-09-22
B0B4XLFGQ8,2025-09-29
B0B4XLFGQ8,2025-10-06
B0B4XLFGQ8,2025-10-13
B0B4XLFGQ8,2025-10-20
B0B4XLFGQ8,2025-10-27
B0B4XLFGQ8,2025-11-03
B0B4XLFGQ8,2025-11-10
B0B4XLFGQ8,2025-11-17
B0B4XLFGQ8,2025-11-24
B0B4XLFGQ8,2025-12-01
B0B4XLFGQ8,2025-12-08
B0B4XLFGQ8,2025-12-15
B0B4XLFGQ8,2025-12-22
B0B4XLFGQ8,2025-12-29
B0B4XLFGQ8,2026-01-05
B0B4XLFGQ8,2026-01-12
B0B4XLFGQ8,2026-01-19
B0B4XLFGQ8,2026-01-26
B0B4XLFGQ8,2026-02-02
B0B4XLFGQ8,2026-02-09
B0B4XLFGQ8,2026-02-16
B0B4XLFGQ8,2026-02-23
B0B4XLFGQ8,2026-03-02
B0B4XLFGQ8,2026-03-09
B0B4XLFGQ8,2026-03-16
B0B4XLFGQ8,2026-03-23
B0B4XLFGQ8,2026-03-30
B0B4XLFGQ8,2025-03-03
B0B4XLFGQ8,2025-03-10
B0B4XLFGQ8,2025-03-17
B0B4XLFGQ8,2025-03-24
B0B4XLFGQ8,2025-03-31
B0B4XLFGQ8,2025-04-07
B0B4XLFGQ8,2025-04-14
B0B4XLFGQ8,2025-04-21
B0B4XLFGQ8,2025-04-28
B0B4XLFGQ8,2025-05-05
B0B4XLFGQ8,2025-05-12
B0B4XLFGQ8,2025-05-19
B0B4XLFGQ8,2025-05-26
B0B4XLFGQ8,2025-06-02
B0B4XLFGQ8,2025-06-09
B0B4XLFGQ8,2025-06-16
B0B4XLFGQ8,2025-06-23
B0B4XLFGQ8,2025-06-30
B0B4XLFGQ8,2025-07-07
B0B4XLFGQ8,2025-07-14
B0B4XLFGQ8,2025-07-21
B0B4XLFGQ8,2025-07-28
B0B4XLFGQ8,2025-08-04
B0B4XLFGQ8,2025-08-11
B0B4XLFGQ8,2025-08-18
B0B4XLFGQ8,2025-08-25
B0B4XLFGQ8,2025-09-01
B0B4XLFGQ8,2025-09-08
B0B4XLFGQ8,2025-09-15
B0B4XLFGQ8,2025-09-22
B0B4XLFGQ8,2025-09-29
B0B4XLFGQ8,2025-10-06
B0B4XLFGQ8,2025-10-13
B0B4XLFGQ8,2025-10-20
B0B4XLFGQ8,2025-10-27
B0B4XLFGQ8,2025-11-03
B0B4XLFGQ8,2025-11-10
B0B4XLFGQ8,2025-11-17
B0B4XLFGQ8,2025-11-24
B0B4XLFGQ8,2025-12-01
B0B4XLFGQ8,2025-12-08
B0B4XLFGQ8,2025-12-15
B0B4XLFGQ8,2025-12-22
B0B4XLFGQ8,2025-12-29
B0B4XLFGQ8,2026-01-05
B0B4XLFGQ8,2026-01-12
B0B4XLFGQ8,2026-01-19
B0B4XLFGQ8,2026-01-26
B0B4XLFGQ8,2026-02-02
B0B4XLFGQ8,2026-02-09
B0B4XLFGQ8,2026-02-16
B0B4XLFGQ8,2026-02-23
B0B4XLFGQ8,2026-03-02
B0B4XLFGQ8,2026-03-09
B0B4XLFGQ8,2026-03-16
B0B4XLFGQ8,2026-03-23
B0B4XLFGQ8,2026-03-30
B0BGWTVG8T,2025-03-03
B0BGWTVG8T,2025-03-10
B0BGWTVG8T,2025-03-17
B0BGWTVG8T,2025-03-24
B0BGWTVG8T,2025-03-31
B0BGWTVG8T,2025-04-07
B0BGWTVG8T,2025-04-14
B0BGWTVG8T,2025-04-21
B0BGWTVG8T,2025-04-28
B0BGWTVG8T,2025-05-05
B0BGWTVG8T,2025-05-12
B0BGWTVG8T,2025-05-19
B0BGWTVG8T,2025-05-26
B0BGWTVG8T,2025-06-02
B0BGWTVG8T,2025-06-09
B0BGWTVG8T,2025-06-16
B0BGWTVG8T,2025-06-23
B0BGWTVG8T,2025-06-30
B0BGWTVG8T,2025-07-07
B0BGWTVG8T,2025-07-14
B0BGWTVG8T,2025-07-21
B0BGWTVG8T,2025-07-28
B0BGWTVG8T,2025-08-04
B0BGWTVG8T,2025-08-11
B0BGWTVG8T,2025-08-18
B0BGWTVG8T,2025-08-25
B0BGWTVG8T,2025-09-01
B0BGWTVG8T,2025-09-08
B0BGWTVG8T,2025-09-15
B0BGWTVG8T,2025-09-22
B0BGWTVG8T,2025-09-29
B0BGWTVG8T,2025-10-06
B0BGWTVG8T,2025-10-13
B0BGWTVG8T,2025-10-20
B0BGWTVG8T,2025-10-27
B0BGWTVG8T,2025-11-03
B0BGWTVG8T,2025-11-10
B0BGWTVG8T,2025-11-17
B0BGWTVG8T,2025-11-24
B0BGWTVG8T,2025-12-01
B0BGWTVG8T,2025-12-08
B0BGWTVG8T,2025-12-15
B0BGWTVG8T,2025-12-22
B0BGWTVG8T,2025-12-29
B0BGWTVG8T,2026-01-05
B0BGWTVG8T,2026-01-12
B0BGWTVG8T,2026-01-19
B0BGWTVG8T,2026-01-26
B0BGWTVG8T,2026-02-02
B0BGWTVG8T,2026-02-09
B0BGWTVG8T,2026-02-16
B0BGWTVG8T,2026-02-23
B0BGWTVG8T,2026-03-02
B0BGWTVG8T,2026-03-09
B0BGWTVG8T,2026-03-16
B0BGWTVG8T,2026-03-23
B0BGWTVG8T,2026-03-30
B0BGWTVG8T,2025-03-03
B0BGWTVG8T,2025-03-10
B0BGWTVG8T,2025-03-17
B0BGWTVG8T,2025-03-24
B0BGWTVG8T,2025-03-31
B0BGWTVG8T,2025-04-07
B0BGWTVG8T,2025-04-14
B0BGWTVG8T,2025-04-21
B0BGWTVG8T,2025-04-28
B0BGWTVG8T,2025-05-05
B0BGWTVG8T,2025-05-12
B0BGWTVG8T,2025-05-19
B0BGWTVG8T,2025-05-26
B0BGWTVG8T,2025-06-02
B0BGWTVG8T,2025-06-09
B0BGWTVG8T,2025-06-16
B0BGWTVG8T,2025-06-23
B0BGWTVG8T,2025-06-30
B0BGWTVG8T,2025-07-07
B0BGWTVG8T,2025-07-14
B0BGWTVG8T,2025-07-21
B0BGWTVG8T,2025-07-28
B0BGWTVG8T,2025-08-04
B0BGWTVG8T,2025-08-11
B0BGWTVG8T,2025-08-18
B0BGWTVG8T,2025-08-25
B0BGWTVG8T,2025-09-01
B0BGWTVG8T,2025-09-08
B0BGWTVG8T,2025-09-15
B0BGWTVG8T,2025-09-22
B0BGWTVG8T,2025-09-29
B0BGWTVG8T,2025-10-06
B0BGWTVG8T,2025-10-13
B0BGWTVG8T,2025-10-20
B0BGWTVG8T,2025-10-27
B0BGWTVG8T,2025-11-03
B0BGWTVG8T,2025-11-10
B0BGWTVG8T,2025-11-17
B0BGWTVG8T,2025-11-24
B0BGWTVG8T,2025-12-01
B0BGWTVG8T,2025-12-08
B0BGWTVG8T,2025-12-15
B0BGWTVG8T,2025-12-22
B0BGWTVG8T,2025-12-29
B0BGWTVG8T,2026-01-05
B0BGWTVG8T,2026-01-12
B0BGWTVG8T,2026-01-19
B0BGWTVG8T,2026-01-26
B0BGWTVG8T,2026-02-02
B0BGWTVG8T,2026-02-09
B0BGWTVG8T,2026-02-16
B0BGWTVG8T,2026-02-23
B0BGWTVG8T,2026-03-02
B0BGWTVG8T,2026-03-09
B0BGWTVG8T,2026-03-16
B0BGWTVG8T,2026-03-23
B0BGWTVG8T,2026-03-30
B0BGX97VRK,2025-03-03
B0BGX97VRK,2025-03-10
B0BGX97VRK,2025-03-17
B0BGX97VRK,2025-03-24
B0BGX97VRK,2025-03-31
B0BGX97VRK,2025-04-07
B0BGX97VRK,2025-04-14
B0BGX97VRK,2025-04-21
B0BGX97VRK,2025-04-28
B0BGX97VRK,2025-05-05
B0BGX97VRK,2025-05-12
B0BGX97VRK,2025-05-19
B0BGX97VRK,2025-05-26
B0BGX97VRK,2025-06-02
B0BGX97VRK,2025-06-09
B0BGX97VRK,2025-06-16
B0BGX97VRK,2025-06-23
B0BGX97VRK,2025-06-30
B0BGX97VRK,2025-07-07
B0BGX97VRK,2025-07-14
B0BGX97VRK,2025-07-21
B0BGX97VRK,2025-07-28
B0BGX97VRK,2025-08-04
B0BGX97VRK,2025-08-11
B0BGX97VRK,2025-08-18
B0BGX97VRK,2025-08-25
B0BGX97VRK,2025-09-01
B0BGX97VRK,2025-09-08
B0BGX97VRK,2025-09-15
B0BGX97VRK,2025-09-22
B0BGX97VRK,2025-09-29
B0BGX97VRK,2025-10-06
B0BGX97VRK,2025-10-13
B0BGX97VRK,2025-10-20
B0BGX97VRK,2025-10-27
B0BGX97VRK,2025-11-03
B0BGX97VRK,2025-11-10
B0BGX97VRK,2025-11-17
B0BGX97VRK,2025-11-24
B0BGX97VRK,2025-12-01
B0BGX97VRK,2025-12-08
B0BGX97VRK,2025-12-15
B0BGX97VRK,2025-12-22
B0BGX97VRK,2025-12-29
B0BGX97VRK,2026-01-05
B0BGX97VRK,2026-01-12
B0BGX97VRK,2026-01-19
B0BGX97VRK,2026-01-26
B0BGX97VRK,2026-02-02
B0BGX97VRK,2026-02-09
B0BGX97VRK,2026-02-16
B0BGX97VRK,2026-02-23
B0BGX97VRK,2026-03-02
B0BGX97VRK,2026-03-09
B0BGX97VRK,2026-03-16
B0BGX97VRK,2026-03-23
B0BGX97VRK,2026-03-30
B0BGX97VRK,2025-03-03
B0BGX97VRK,2025-03-10
B0BGX97VRK,2025-03-17
B0BGX97VRK,2025-03-24
B0BGX97VRK,2025-03-31
B0BGX97VRK,2025-04-07
B0BGX97VRK,2025-04-14
B0BGX97VRK,2025-04-21
B0BGX97VRK,2025-04-28
B0BGX97VRK,2025-05-05
B0BGX97VRK,2025-05-12
B0BGX97VRK,2025-05-19
B0BGX97VRK,2025-05-26
B0BGX97VRK,2025-06-02
B0BGX97VRK,2025-06-09
B0BGX97VRK,2025-06-16
B0BGX97VRK,2025-06-23
B0BGX97VRK,2025-06-30
B0BGX97VRK,2025-07-07
B0BGX97VRK,2025-07-14
B0BGX97VRK,2025-07-21
B0BGX97VRK,2025-07-28
B0BGX97VRK,2025-08-04
B0BGX97VRK,2025-08-11
B0BGX97VRK,2025-08-18
B0BGX97VRK,2025-08-25
B0BGX97VRK,2025-09-01
B0BGX97VRK,2025-09-08
B0BGX97VRK,2025-09-15
B0BGX97VRK,2025-09-22
B0BGX97VRK,2025-09-29
B0BGX97VRK,2025-10-06
B0BGX97VRK,2025-10-13
B0BGX97VRK,2025-10-20
B0BGX97VRK,2025-10-27
B0BGX97VRK,2025-11-03
B0BGX97VRK,2025-11-10
B0BGX97VRK,2025-11-17
B0BGX97VRK,2025-11-24
B0BGX97VRK,2025-12-01
B0BGX97VRK,2025-12-08
B0BGX97VRK,2025-12-15
B0BGX97VRK,2025-12-22
B0BGX97VRK,2025-12-29
B0BGX97VRK,2026-01-05
B0BGX97VRK,2026-01-12
B0BGX97VRK,2026-01-19
B0BGX97VRK,2026-01-26
B0BGX97VRK,2026-02-02
B0BGX97VRK,2026-02-09
B0BGX97VRK,2026-02-16
B0BGX97VRK,2026-02-23
B0BGX97VRK,2026-03-02
B0BGX97VRK,2026-03-09
B0BGX97VRK,2026-03-16
B0BGX97VRK,2026-03-23
B0BGX97VRK,2026-03-30
B0BGXJ6G1N,2025-03-03
B0BGXJ6G1N,2025-03-10
B0BGXJ6G1N,2025-03-17
B0BGXJ6G1N,2025-03-24
B0BGXJ6G1N,2025-03-31
B0BGXJ6G1N,2025-04-07
B0BGXJ6G1N,2025-04-14
B0BGXJ6G1N,2025-04-21
B0BGXJ6G1N,2025-04-28
B0BGXJ6G1N,2025-05-05
B0BGXJ6G1N,2025-05-12
B0BGXJ6G1N,2025-05-19
B0BGXJ6G1N,2025-05-26
B0BGXJ6G1N,2025-06-02
B0BGXJ6G1N,2025-06-09
B0BGXJ6G1N,2025-06-16
B0BGXJ6G1N,2025-06-23
B0BGXJ6G1N,2025-06-30
B0BGXJ6G1N,2025-07-07
B0BGXJ6G1N,2025-07-14
B0BGXJ6G1N,2025-07-21
B0BGXJ6G1N,2025-07-28
B0BGXJ6G1N,2025-08-04
B0BGXJ6G1N,2025-08-11
B0BGXJ6G1N,2025-08-18
B0BGXJ6G1N,2025-08-25
B0BGXJ6G1N,2025-09-01
B0BGXJ6G1N,2025-09-08
B0BGXJ6G1N,2025-09-15
B0BGXJ6G1N,2025-09-22
B0BGXJ6G1N,2025-09-29
B0BGXJ6G1N,2025-10-06
B0BGXJ6G1N,2025-10-13
B0BGXJ6G1N,2025-10-20
B0BGXJ6G1N,2025-10-27
B0BGXJ6G1N,2025-11-03
B0BGXJ6G1N,2025-11-10
B0BGXJ6G1N,2025-11-17
B0BGXJ6G1N,2025-11-24
B0BGXJ6G1N,2025-12-01
B0BGXJ6G1N,2025-12-08
B0BGXJ6G1N,2025-12-15
B0BGXJ6G1N,2025-12-22
B0BGXJ6G1N,2025-12-29
B0BGXJ6G1N,2026-01-05
B0BGXJ6G1N,2026-01-12
B0BGXJ6G1N,2026-01-19
B0BGXJ6G1N,2026-01-26
B0BGXJ6G1N,2026-02-02
B0BGXJ6G1N,2026-02-09
B0BGXJ6G1N,2026-02-16
B0BGXJ6G1N,2026-02-23
B0BGXJ6G1N,2026-03-02
B0BGXJ6G1N,2026-03-09
B0BGXJ6G1N,2026-03-16
B0BGXJ6G1N,2026-03-23
B0BGXJ6G1N,2026-03-30
B0BGXJ6G1N,2025-03-03
B0BGXJ6G1N,2025-03-10
B0BGXJ6G1N,2025-03-17
B0BGXJ6G1N,2025-03-24
B0BGXJ6G1N,2025-03-31
B0BGXJ6G1N,2025-04-07
B0BGXJ6G1N,2025-04-14
B0BGXJ6G1N,2025-04-21
B0BGXJ6G1N,2025-04-28
B0BGXJ6G1N,2025-05-05
B0BGXJ6G1N,2025-05-12
B0BGXJ6G1N,2025-05-19
B0BGXJ6G1N,2025-05-26
B0BGXJ6G1N,2025-06-02
B0BGXJ6G1N,2025-06-09
B0BGXJ6G1N,2025-06-16
B0BGXJ6G1N,2025-06-23
B0BGXJ6G1N,2025-06-30
B0BGXJ6G1N,2025-07-07
B0BGXJ6G1N,2025-07-14
B0BGXJ6G1N,2025-07-21
B0BGXJ6G1N,2025-07-28
B0BGXJ6G1N,2025-08-04
B0BGXJ6G1N,2025-08-11
B0BGXJ6G1N,2025-08-18
B0BGXJ6G1N,2025-08-25
B0BGXJ6G1N,2025-09-01
B0BGXJ6G1N,2025-09-08
B0BGXJ6G1N,2025-09-15
B0BGXJ6G1N,2025-09-22
B0BGXJ6G1N,2025-09-29
B0BGXJ6G1N,2025-10-06
B0BGXJ6G1N,2025-10-13
B0BGXJ6G1N,2025-10-20
B0BGXJ6G1N,2025-10-27
B0BGXJ6G1N,2025-11-03
B0BGXJ6G1N,2025-11-10
B0BGXJ6G1N,2025-11-17
B0BGXJ6G1N,2025-11-24
B0BGXJ6G1N,2025-12-01
B0BGXJ6G1N,2025-12-08
B0BGXJ6G1N,2025-12-15
B0BGXJ6G1N,2025-12-22
B0BGXJ6G1N,2025-12-29
B0BGXJ6G1N,2026-01-05
B0BGXJ6G1N,2026-01-12
B0BGXJ6G1N,2026-01-19
B0BGXJ6G1N,2026-01-26
B0BGXJ6G1N,2026-02-02
B0BGXJ6G1N,2026-02-09
B0BGXJ6G1N,2026-02-16
B0BGXJ6G1N,2026-02-23
B0BGXJ6G1N,2026-03-02
B0BGXJ6G1N,2026-03-09
B0BGXJ6G1N,2026-03-16
B0BGXJ6G1N,2026-03-23
B0BGXJ6G1N,2026-03-30
B0BH8JXVQH,2025-03-03
B0BH8JXVQH,2025-03-10
B0BH8JXVQH,2025-03-17
B0BH8JXVQH,2025-03-24
B0BH8JXVQH,2025-03-31
B0BH8JXVQH,2025-04-07
B0BH8JXVQH,2025-04-14
B0BH8JXVQH,2025-04-21
B0BH8JXVQH,2025-04-28
B0BH8JXVQH,2025-05-05
B0BH8JXVQH,2025-05-12
B0BH8JXVQH,2025-05-19
B0BH8JXVQH,2025-05-26
B0BH8JXVQH,2025-06-02
B0BH8JXVQH,2025-06-09
B0BH8JXVQH,2025-06-16
B0BH8JXVQH,2025-06-23
B0BH8JXVQH,2025-06-30
B0BH8JXVQH,2025-07-07
B0BH8JXVQH,2025-07-14
B0BH8JXVQH,2025-07-21
B0BH8JXVQH,2025-07-28
B0BH8JXVQH,2025-08-04
B0BH8JXVQH,2025-08-11
B0BH8JXVQH,2025-08-18
B0BH8JXVQH,2025-08-25
B0BH8JXVQH,2025-09-01
B0BH8JXVQH,2025-09-08
B0BH8JXVQH,2025-09-15
B0BH8JXVQH,2025-09-22
B0BH8JXVQH,2025-09-29
B0BH8JXVQH,2025-10-06
B0BH8JXVQH,2025-10-13
B0BH8JXVQH,2025-10-20
B0BH8JXVQH,2025-10-27
B0BH8JXVQH,2025-11-03
B0BH8JXVQH,2025-11-10
B0BH8JXVQH,2025-11-17
B0BH8JXVQH,2025-11-24
B0BH8JXVQH,2025-12-01
B0BH8JXVQH,2025-12-08
B0BH8JXVQH,2025-12-15
B0BH8JXVQH,2025-12-22
B0BH8JXVQH,2025-12-29
B0BH8JXVQH,2026-01-05
B0BH8JXVQH,2026-01-12
B0BH8JXVQH,2026-01-19
B0BH8JXVQH,2026-01-26
B0BH8JXVQH,2026-02-02
B0BH8JXVQH,2026-02-09
B0BH8JXVQH,2026-02-16
B0BH8JXVQH,2026-02-23
B0BH8JXVQH,2026-03-02
B0BH8JXVQH,2026-03-09
B0BH8JXVQH,2026-03-16
B0BH8JXVQH,2026-03-23
B0BH8JXVQH,2026-03-30
B0BH8JXVQH,2025-03-03
B0BH8JXVQH,2025-03-10
B0BH8JXVQH,2025-03-17
B0BH8JXVQH,2025-03-24
B0BH8JXVQH,2025-03-31
B0BH8JXVQH,2025-04-07
B0BH8JXVQH,2025-04-14
B0BH8JXVQH,2025-04-21
B0BH8JXVQH,2025-04-28
B0BH8JXVQH,2025-05-05
B0BH8JXVQH,2025-05-12
B0BH8JXVQH,2025-05-19
B0BH8JXVQH,2025-05-26
B0BH8JXVQH,2025-06-02
B0BH8JXVQH,2025-06-09
B0BH8JXVQH,2025-06-16
B0BH8JXVQH,2025-06-23
B0BH8JXVQH,2025-06-30
B0BH8JXVQH,2025-07-07
B0BH8JXVQH,2025-07-14
B0BH8JXVQH,2025-07-21
B0BH8JXVQH,2025-07-28
B0BH8JXVQH,2025-08-04
B0BH8JXVQH,2025-08-11
B0BH8JXVQH,2025-08-18
B0BH8JXVQH,2025-08-25
B0BH8JXVQH,2025-09-01
B0BH8JXVQH,2025-09-08
B0BH8JXVQH,2025-09-15
B0BH8JXVQH,2025-09-22
B0BH8JXVQH,2025-09-29
B0BH8JXVQH,2025-10-06
B0BH8JXVQH,2025-10-13
B0BH8JXVQH,2025-10-20
B0BH8JXVQH,2025-10-27
B0BH8JXVQH,2025-11-03
B0BH8JXVQH,2025-11-10
B0BH8JXVQH,2025-11-17
B0BH8JXVQH,2025-11-24
B0BH8JXVQH,2025-12-01
B0BH8JXVQH,2025-12-08
B0BH8JXVQH,2025-12-15
B0BH8JXVQH,2025-12-22
B0BH8JXVQH,2025-12-29
B0BH8JXVQH,2026-01-05
B0BH8JXVQH,2026-01-12
B0BH8JXVQH,2026-01-19
B0BH8JXVQH,2026-01-26
B0BH8JXVQH,2026-02-02
B0BH8JXVQH,2026-02-09
B0BH8JXVQH,2026-02-16
B0BH8JXVQH,2026-02-23
B0BH8JXVQH,2026-03-02
B0BH8JXVQH,2026-03-09
B0BH8JXVQH,2026-03-16
B0BH8JXVQH,2026-03-23
B0BH8JXVQH,2026-03-30
B0BJ4QF734,2025-03-03
B0BJ4QF734,2025-03-10
B0BJ4QF734,2025-03-17
B0BJ4QF734,2025-03-24
B0BJ4QF734,2025-03-31
B0BJ4QF734,2025-04-07
B0BJ4QF734,2025-04-14
B0BJ4QF734,2025-04-21
B0BJ4QF734,2025-04-28
B0BJ4QF734,2025-05-05
B0BJ4QF734,2025-05-12
B0BJ4QF734,2025-05-19
B0BJ4QF734,2025-05-26
B0BJ4QF734,2025-06-02
B0BJ4QF734,2025-06-09
B0BJ4QF734,2025-06-16
B0BJ4QF734,2025-06-23
B0BJ4QF734,2025-06-30
B0BJ4QF734,2025-07-07
B0BJ4QF734,2025-07-14
B0BJ4QF734,2025-07-21
B0BJ4QF734,2025-07-28
B0BJ4QF734,2025-08-04
B0BJ4QF734,2025-08-11
B0BJ4QF734,2025-08-18
B0BJ4QF734,2025-08-25
B0BJ4QF734,2025-09-01
B0BJ4QF734,2025-09-08
B0BJ4QF734,2025-09-15
B0BJ4QF734,2025-09-22
B0BJ4QF734,2025-09-29
B0BJ4QF734,2025-10-06
B0BJ4QF734,2025-10-13
B0BJ4QF734,2025-10-20
B0BJ4QF734,2025-10-27
B0BJ4QF734,2025-11-03
B0BJ4QF734,2025-11-10
B0BJ4QF734,2025-11-17
B0BJ4QF734,2025-11-24
B0BJ4QF734,2025-12-01
B0BJ4QF734,2025-12-08
B0BJ4QF734,2025-12-15
B0BJ4QF734,2025-12-22
B0BJ4QF734,2025-12-29
B0BJ4QF734,2026-01-05
B0BJ4QF734,2026-01-12
B0BJ4QF734,2026-01-19
B0BJ4QF734,2026-01-26
B0BJ4QF734,2026-02-02
B0BJ4QF734,2026-02-09
B0BJ4QF734,2026-02-16
B0BJ4QF734,2026-02-23
B0BJ4QF734,2026-03-02
B0BJ4QF734,2026-03-09
B0BJ4QF734,2026-03-16
B0BJ4QF734,2026-03-23
B0BJ4QF734,2026-03-30
B0BJ4QF734,2025-03-03
B0BJ4QF734,2025-03-10
B0BJ4QF734,2025-03-17
B0BJ4QF734,2025-03-24
B0BJ4QF734,2025-03-31
B0BJ4QF734,2025-04-07
B0BJ4QF734,2025-04-14
B0BJ4QF734,2025-04-21
B0BJ4QF734,2025-04-28
B0BJ4QF734,2025-05-05
B0BJ4QF734,2025-05-12
B0BJ4QF734,2025-05-19
B0BJ4QF734,2025-05-26
B0BJ4QF734,2025-06-02
B0BJ4QF734,2025-06-09
B0BJ4QF734,2025-06-16
B0BJ4QF734,2025-06-23
B0BJ4QF734,2025-06-30
B0BJ4QF734,2025-07-07
B0BJ4QF734,2025-07-14
B0BJ4QF734,2025-07-21
B0BJ4QF734,2025-07-28
B0BJ4QF734,2025-08-04
B0BJ4QF734,2025-08-11
B0BJ4QF734,2025-08-18
B0BJ4QF734,2025-08-25
B0BJ4QF734,2025-09-01
B0BJ4QF734,2025-09-08
B0BJ4QF734,2025-09-15
B0BJ4QF734,2025-09-22
B0BJ4QF734,2025-09-29
B0BJ4QF734,2025-10-06
B0BJ4QF734,2025-10-13
B0BJ4QF734,2025-10-20
B0BJ4QF734,2025-10-27
B0BJ4QF734,2025-11-03
B0BJ4QF734,2025-11-10
B0BJ4QF734,2025-11-17
B0BJ4QF734,2025-11-24
B0BJ4QF734,2025-12-01
B0BJ4QF734,2025-12-08
B0BJ4QF734,2025-12-15
B0BJ4QF734,2025-12-22
B0BJ4QF734,2025-12-29
B0BJ4QF734,2026-01-05
B0BJ4QF734,2026-01-12
B0BJ4QF734,2026-01-19
B0BJ4QF734,2026-01-26
B0BJ4QF734,2026-02-02
B0BJ4QF734,2026-02-09
B0BJ4QF734,2026-02-16
B0BJ4QF734,2026-02-23
B0BJ4QF734,2026-03-02
B0BJ4QF734,2026-03-09
B0BJ4QF734,2026-03-16
B0BJ4QF734,2026-03-23
B0BJ4QF734,2026-03-30
B0BL7KJTK8,2025-03-03
B0BL7KJTK8,2025-03-10
B0BL7KJTK8,2025-03-17
B0BL7KJTK8,2025-03-24
B0BL7KJTK8,2025-03-31
B0BL7KJTK8,2025-04-07
B0BL7KJTK8,2025-04-14
B0BL7KJTK8,2025-04-21
B0BL7KJTK8,2025-04-28
B0BL7KJTK8,2025-05-05
B0BL7KJTK8,2025-05-12
B0BL7KJTK8,2025-05-19
B0BL7KJTK8,2025-05-26
B0BL7KJTK8,2025-06-02
B0BL7KJTK8,2025-06-09
B0BL7KJTK8,2025-06-16
B0BL7KJTK8,2025-06-23
B0BL7KJTK8,2025-06-30
B0BL7KJTK8,2025-07-07
B0BL7KJTK8,2025-07-14
B0BL7KJTK8,2025-07-21
B0BL7KJTK8,2025-07-28
B0BL7KJTK8,2025-08-04
B0BL7KJTK8,2025-08-11
B0BL7KJTK8,2025-08-18
B0BL7KJTK8,2025-08-25
B0BL7KJTK8,2025-09-01
B0BL7KJTK8,2025-09-08
B0BL7KJTK8,2025-09-15
B0BL7KJTK8,2025-09-22
B0BL7KJTK8,2025-09-29
B0BL7KJTK8,2025-10-06
B0BL7KJTK8,2025-10-13
B0BL7KJTK8,2025-10-20
B0BL7KJTK8,2025-10-27
B0BL7KJTK8,2025-11-03
B0BL7KJTK8,2025-11-10
B0BL7KJTK8,2025-11-17
B0BL7KJTK8,2025-11-24
B0BL7KJTK8,2025-12-01
B0BL7KJTK8,2025-12-08
B0BL7KJTK8,2025-12-15
B0BL7KJTK8,2025-12-22
B0BL7KJTK8,2025-12-29
B0BL7KJTK8,2026-01-05
B0BL7KJTK8,2026-01-12
B0BL7KJTK8,2026-01-19
B0BL7KJTK8,2026-01-26
B0BL7KJTK8,2026-02-02
B0BL7KJTK8,2026-02-09
B0BL7KJTK8,2026-02-16
B0BL7KJTK8,2026-02-23
B0BL7KJTK8,2026-03-02
B0BL7KJTK8,2026-03-09
B0BL7KJTK8,2026-03-16
B0BL7KJTK8,2026-03-23
B0BL7KJTK8,2026-03-30
B0BL7KJTK8,2025-03-03
B0BL7KJTK8,2025-03-10
B0BL7KJTK8,2025-03-17
B0BL7KJTK8,2025-03-24
B0BL7KJTK8,2025-03-31
B0BL7KJTK8,2025-04-07
B0BL7KJTK8,2025-04-14
B0BL7KJTK8,2025-04-21
B0BL7KJTK8,2025-04-28
B0BL7KJTK8,2025-05-05
B0BL7KJTK8,2025-05-12
B0BL7KJTK8,2025-05-19
B0BL7KJTK8,2025-05-26
B0BL7KJTK8,2025-06-02
B0BL7KJTK8,2025-06-09
B0BL7KJTK8,2025-06-16
B0BL7KJTK8,2025-06-23
B0BL7KJTK8,2025-06-30
B0BL7KJTK8,2025-07-07
B0BL7KJTK8,2025-07-14
B0BL7KJTK8,2025-07-21
B0BL7KJTK8,2025-07-28
B0BL7KJTK8,2025-08-04
B0BL7KJTK8,2025-08-11
B0BL7KJTK8,2025-08-18
B0BL7KJTK8,2025-08-25
B0BL7KJTK8,2025-09-01
B0BL7KJTK8,2025-09-08
B0BL7KJTK8,2025-09-15
B0BL7KJTK8,2025-09-22
B0BL7KJTK8,2025-09-29
B0BL7KJTK8,2025-10-06
B0BL7KJTK8,2025-10-13
B0BL7KJTK8,2025-10-20
B0BL7KJTK8,2025-10-27
B0BL7KJTK8,2025-11-03
B0BL7KJTK8,2025-11-10
B0BL7KJTK8,2025-11-17
B0BL7KJTK8,2025-11-24
B0BL7KJTK8,2025-12-01
B0BL7KJTK8,2025-12-08
B0BL7KJTK8,2025-12-15
B0BL7KJTK8,2025-12-22
B0BL7KJTK8,2025-12-29
B0BL7KJTK8,2026-01-05
B0BL7KJTK8,2026-01-12
B0BL7KJTK8,2026-01-19
B0BL7KJTK8,2026-01-26
B0BL7KJTK8,2026-02-02
B0BL7KJTK8,2026-02-09
B0BL7KJTK8,2026-02-16
B0BL7KJTK8,2026-02-23
B0BL7KJTK8,2026-03-02
B0BL7KJTK8,2026-03-09
B0BL7KJTK8,2026-03-16
B0BL7KJTK8,2026-03-23
B0BL7KJTK8,2026-03-30
B0BS15ZVMS,2025-03-03
B0BS15ZVMS,2025-03-10
B0BS15ZVMS,2025-03-17
B0BS15ZVMS,2025-03-24
B0BS15ZVMS,2025-03-31
B0BS15ZVMS,2025-04-07
B0BS15ZVMS,2025-04-14
B0BS15ZVMS,2025-04-21
B0BS15ZVMS,2025-04-28
B0BS15ZVMS,2025-05-05
B0BS15ZVMS,2025-05-12
B0BS15ZVMS,2025-05-19
B0BS15ZVMS,2025-05-26
B0BS15ZVMS,2025-06-02
B0BS15ZVMS,2025-06-09
B0BS15ZVMS,2025-06-16
B0BS15ZVMS,2025-06-23
B0BS15ZVMS,2025-06-30
B0BS15ZVMS,2025-07-07
B0BS15ZVMS,2025-07-14
B0BS15ZVMS,2025-07-21
B0BS15ZVMS,2025-07-28
B0BS15ZVMS,2025-08-04
B0BS15ZVMS,2025-08-11
B0BS15ZVMS,2025-08-18
B0BS15ZVMS,2025-08-25
B0BS15ZVMS,2025-09-01
B0BS15ZVMS,2025-09-08
B0BS15ZVMS,2025-09-15
B0BS15ZVMS,2025-09-22
B0BS15ZVMS,2025-09-29
B0BS15ZVMS,2025-10-06
B0BS15ZVMS,2025-10-13
B0BS15ZVMS,2025-10-20
B0BS15ZVMS,2025-10-27
B0BS15ZVMS,2025-11-03
B0BS15ZVMS,2025-11-10
B0BS15ZVMS,2025-11-17
B0BS15ZVMS,2025-11-24
B0BS15ZVMS,2025-12-01
B0BS15ZVMS,2025-12-08
B0BS15ZVMS,2025-12-15
B0BS15ZVMS,2025-12-22
B0BS15ZVMS,2025-12-29
B0BS15ZVMS,2026-01-05
B0BS15ZVMS,2026-01-12
B0BS15ZVMS,2026-01-19
B0BS15ZVMS,2026-01-26
B0BS15ZVMS,2026-02-02
B0BS15ZVMS,2026-02-09
B0BS15ZVMS,2026-02-16
B0BS15ZVMS,2026-02-23
B0BS15ZVMS,2026-03-02
B0BS15ZVMS,2026-03-09
B0BS15ZVMS,2026-03-16
B0BS15ZVMS,2026-03-23
B0BS15ZVMS,2026-03-30
B0BS15ZVMS,2025-03-03
B0BS15ZVMS,2025-03-10
B0BS15ZVMS,2025-03-17
B0BS15ZVMS,2025-03-24
B0BS15ZVMS,2025-03-31
B0BS15ZVMS,2025-04-07
B0BS15ZVMS,2025-04-14
B0BS15ZVMS,2025-04-21
B0BS15ZVMS,2025-04-28
B0BS15ZVMS,2025-05-05
B0BS15ZVMS,2025-05-12
B0BS15ZVMS,2025-05-19
B0BS15ZVMS,2025-05-26
B0BS15ZVMS,2025-06-02
B0BS15ZVMS,2025-06-09
B0BS15ZVMS,2025-06-16
B0BS15ZVMS,2025-06-23
B0BS15ZVMS,2025-06-30
B0BS15ZVMS,2025-07-07
B0BS15ZVMS,2025-07-14
B0BS15ZVMS,2025-07-21
B0BS15ZVMS,2025-07-28
B0BS15ZVMS,2025-08-04
B0BS15ZVMS,2025-08-11
B0BS15ZVMS,2025-08-18
B0BS15ZVMS,2025-08-25
B0BS15ZVMS,2025-09-01
B0BS15ZVMS,2025-09-08
B0BS15ZVMS,2025-09-15
B0BS15ZVMS,2025-09-22
B0BS15ZVMS,2025-09-29
B0BS15ZVMS,2025-10-06
B0BS15ZVMS,2025-10-13
B0BS15ZVMS,2025-10-20
B0BS15ZVMS,2025-10-27
B0BS15ZVMS,2025-11-03
B0BS15ZVMS,2025-11-10
B0BS15ZVMS,2025-11-17
B0BS15ZVMS,2025-11-24
B0BS15ZVMS,2025-12-01
B0BS15ZVMS,2025-12-08
B0BS15ZVMS,2025-12-15
B0BS15ZVMS,2025-12-22
B0BS15ZVMS,2025-12-29
B0BS15ZVMS,2026-01-05
B0BS15ZVMS,2026-01-12
B0BS15ZVMS,2026-01-19
B0BS15ZVMS,2026-01-26
B0BS15ZVMS,2026-02-02
B0BS15ZVMS,2026-02-09
B0BS15ZVMS,2026-02-16
B0BS15ZVMS,2026-02-23
B0BS15ZVMS,2026-03-02
B0BS15ZVMS,2026-03-09
B0BS15ZVMS,2026-03-16
B0BS15ZVMS,2026-03-23
B0BS15ZVMS,2026-03-30
B0BWSL6JLY,2025-03-03
B0BWSL6JLY,2025-03-10
B0BWSL6JLY,2025-03-17
B0BWSL6JLY,2025-03-24
B0BWSL6JLY,2025-03-31
B0BWSL6JLY,2025-04-07
B0BWSL6JLY,2025-04-14
B0BWSL6JLY,2025-04-21
B0BWSL6JLY,2025-04-28
B0BWSL6JLY,2025-05-05
B0BWSL6JLY,2025-05-12
B0BWSL6JLY,2025-05-19
B0BWSL6JLY,2025-05-26
B0BWSL6JLY,2025-06-02
B0BWSL6JLY,2025-06-09
B0BWSL6JLY,2025-06-16
B0BWSL6JLY,2025-06-23
B0BWSL6JLY,2025-06-30
B0BWSL6JLY,2025-07-07
B0BWSL6JLY,2025-07-14
B0BWSL6JLY,2025-07-21
B0BWSL6JLY,2025-07-28
B0BWSL6JLY,2025-08-04
B0BWSL6JLY,2025-08-11
B0BWSL6JLY,2025-08-18
B0BWSL6JLY,2025-08-25
B0BWSL6JLY,2025-09-01
B0BWSL6JLY,2025-09-08
B0BWSL6JLY,2025-09-15
B0BWSL6JLY,2025-09-22
B0BWSL6JLY,2025-09-29
B0BWSL6JLY,2025-10-06
B0BWSL6JLY,2025-10-13
B0BWSL6JLY,2025-10-20
B0BWSL6JLY,2025-10-27
B0BWSL6JLY,2025-11-03
B0BWSL6JLY,2025-11-10
B0BWSL6JLY,2025-11-17
B0BWSL6JLY,2025-11-24
B0BWSL6JLY,2025-12-01
B0BWSL6JLY,2025-12-08
B0BWSL6JLY,2025-12-15
B0BWSL6JLY,2025-12-22
B0BWSL6JLY,2025-12-29
B0BWSL6JLY,2026-01-05
B0BWSL6JLY,2026-01-12
B0BWSL6JLY,2026-01-19
B0BWSL6JLY,2026-01-26
B0BWSL6JLY,2026-02-02
B0BWSL6JLY,2026-02-09
B0BWSL6JLY,2026-02-16
B0BWSL6JLY,2026-02-23
B0BWSL6JLY,2026-03-02
B0BWSL6JLY,2026-03-09
B0BWSL6JLY,2026-03-16
B0BWSL6JLY,2026-03-23
B0BWSL6JLY,2026-03-30
B0BWSL6JLY,2025-03-03
B0BWSL6JLY,2025-03-10
B0BWSL6JLY,2025-03-17
B0BWSL6JLY,2025-03-24
B0BWSL6JLY,2025-03-31
B0BWSL6JLY,2025-04-07
B0BWSL6JLY,2025-04-14
B0BWSL6JLY,2025-04-21
B0BWSL6JLY,2025-04-28
B0BWSL6JLY,2025-05-05
B0BWSL6JLY,2025-05-12
B0BWSL6JLY,2025-05-19
B0BWSL6JLY,2025-05-26
B0BWSL6JLY,2025-06-02
B0BWSL6JLY,2025-06-09
B0BWSL6JLY,2025-06-16
B0BWSL6JLY,2025-06-23
B0BWSL6JLY,2025-06-30
B0BWSL6JLY,2025-07-07
B0BWSL6JLY,2025-07-14
B0BWSL6JLY,2025-07-21
B0BWSL6JLY,2025-07-28
B0BWSL6JLY,2025-08-04
B0BWSL6JLY,2025-08-11
B0BWSL6JLY,2025-08-18
B0BWSL6JLY,2025-08-25
B0BWSL6JLY,2025-09-01
B0BWSL6JLY,2025-09-08
B0BWSL6JLY,2025-09-15
B0BWSL6JLY,2025-09-22
B0BWSL6JLY,2025-09-29
B0BWSL6JLY,2025-10-06
B0BWSL6JLY,2025-10-13
B0BWSL6JLY,2025-10-20
B0BWSL6JLY,2025-10-27
B0BWSL6JLY,2025-11-03
B0BWSL6JLY,2025-11-10
B0BWSL6JLY,2025-11-17
B0BWSL6JLY,2025-11-24
B0BWSL6JLY,2025-12-01
B0BWSL6JLY,2025-12-08
B0BWSL6JLY,2025-12-15
B0BWSL6JLY,2025-12-22
B0BWSL6JLY,2025-12-29
B0BWSL6JLY,2026-01-05
B0BWSL6JLY,2026-01-12
B0BWSL6JLY,2026-01-19
B0BWSL6JLY,2026-01-26
B0BWSL6JLY,2026-02-02
B0BWSL6JLY,2026-02-09
B0BWSL6JLY,2026-02-16
B0BWSL6JLY,2026-02-23
B0BWSL6JLY,2026-03-02
B0BWSL6JLY,2026-03-09
B0BWSL6JLY,2026-03-16
B0BWSL6JLY,2026-03-23
B0BWSL6JLY,2026-03-30
B0BYZFM6YC,2025-03-03
B0BYZFM6YC,2025-03-10
B0BYZFM6YC,2025-03-17
B0BYZFM6YC,2025-03-24
B0BYZFM6YC,2025-03-31
B0BYZFM6YC,2025-04-07
B0BYZFM6YC,2025-04-14
B0BYZFM6YC,2025-04-21
B0BYZFM6YC,2025-04-28
B0BYZFM6YC,2025-05-05
B0BYZFM6YC,2025-05-12
B0BYZFM6YC,2025-05-19
B0BYZFM6YC,2025-05-26
B0BYZFM6YC,2025-06-02
B0BYZFM6YC,2025-06-09
B0BYZFM6YC,2025-06-16
B0BYZFM6YC,2025-06-23
B0BYZFM6YC,2025-06-30
B0BYZFM6YC,2025-07-07
B0BYZFM6YC,2025-07-14
B0BYZFM6YC,2025-07-21
B0BYZFM6YC,2025-07-28
B0BYZFM6YC,2025-08-04
B0BYZFM6YC,2025-08-11
B0BYZFM6YC,2025-08-18
B0BYZFM6YC,2025-08-25
B0BYZFM6YC,2025-09-01
B0BYZFM6YC,2025-09-08
B0BYZFM6YC,2025-09-15
B0BYZFM6YC,2025-09-22
B0BYZFM6YC,2025-09-29
B0BYZFM6YC,2025-10-06
B0BYZFM6YC,2025-10-13
B0BYZFM6YC,2025-10-20
B0BYZFM6YC,2025-10-27
B0BYZFM6YC,2025-11-03
B0BYZFM6YC,2025-11-10
B0BYZFM6YC,2025-11-17
B0BYZFM6YC,2025-11-24
B0BYZFM6YC,2025-12-01
B0BYZFM6YC,2025-12-08
B0BYZFM6YC,2025-12-15
B0BYZFM6YC,2025-12-22
B0BYZFM6YC,2025-12-29
B0BYZFM6YC,2026-01-05
B0BYZFM6YC,2026-01-12
B0BYZFM6YC,2026-01-19
B0BYZFM6YC,2026-01-26
B0BYZFM6YC,2026-02-02
B0BYZFM6YC,2026-02-09
B0BYZFM6YC,2026-02-16
B0BYZFM6YC,2026-02-23
B0BYZFM6YC,2026-03-02
B0BYZFM6YC,2026-03-09
B0BYZFM6YC,2026-03-16
B0BYZFM6YC,2026-03-23
B0BYZFM6YC,2026-03-30
B0BYZFM6YC,2025-03-03
B0BYZFM6YC,2025-03-10
B0BYZFM6YC,2025-03-17
B0BYZFM6YC,2025-03-24
B0BYZFM6YC,2025-03-31
B0BYZFM6YC,2025-04-07
B0BYZFM6YC,2025-04-14
B0BYZFM6YC,2025-04-21
B0BYZFM6YC,2025-04-28
B0BYZFM6YC,2025-05-05
B0BYZFM6YC,2025-05-12
B0BYZFM6YC,2025-05-19
B0BYZFM6YC,2025-05-26
B0BYZFM6YC,2025-06-02
B0BYZFM6YC,2025-06-09
B0BYZFM6YC,2025-06-16
B0BYZFM6YC,2025-06-23
B0BYZFM6YC,2025-06-30
B0BYZFM6YC,2025-07-07
B0BYZFM6YC,2025-07-14
B0BYZFM6YC,2025-07-21
B0BYZFM6YC,2025-07-28
B0BYZFM6YC,2025-08-04
B0BYZFM6YC,2025-08-11
B0BYZFM6YC,2025-08-18
B0BYZFM6YC,2025-08-25
B0BYZFM6YC,2025-09-01
B0BYZFM6YC,2025-09-08
B0BYZFM6YC,2025-09-15
B0BYZFM6YC,2025-09-22
B0BYZFM6YC,2025-09-29
B0BYZFM6YC,2025-10-06
B0BYZFM6YC,2025-10-13
B0BYZFM6YC,2025-10-20
B0BYZFM6YC,2025-10-27
B0BYZFM6YC,2025-11-03
B0BYZFM6YC,2025-11-10
B0BYZFM6YC,2025-11-17
B0BYZFM6YC,2025-11-24
B0BYZFM6YC,2025-12-01
B0BYZFM6YC,2025-12-08
B0BYZFM6YC,2025-12-15
B0BYZFM6YC,2025-12-22
B0BYZFM6YC,2025-12-29
B0BYZFM6YC,2026-01-05
B0BYZFM6YC,2026-01-12
B0BYZFM6YC,2026-01-19
B0BYZFM6YC,2026-01-26
B0BYZFM6YC,2026-02-02
B0BYZFM6YC,2026-02-09
B0BYZFM6YC,2026-02-16
B0BYZFM6YC,2026-02-23
B0BYZFM6YC,2026-03-02
B0BYZFM6YC,2026-03-09
B0BYZFM6YC,2026-03-16
B0BYZFM6YC,2026-03-23
B0BYZFM6YC,2026-03-30
B0BZC2X5KZ,2025-03-03
B0BZC2X5KZ,2025-03-10
B0BZC2X5KZ,2025-03-17
B0BZC2X5KZ,2025-03-24
B0BZC2X5KZ,2025-03-31
B0BZC2X5KZ,2025-04-07
B0BZC2X5KZ,2025-04-14
B0BZC2X5KZ,2025-04-21
B0BZC2X5KZ,2025-04-28
B0BZC2X5KZ,2025-05-05
B0BZC2X5KZ,2025-05-12
B0BZC2X5KZ,2025-05-19
B0BZC2X5KZ,2025-05-26
B0BZC2X5KZ,2025-06-02
B0BZC2X5KZ,2025-06-09
B0BZC2X5KZ,2025-06-16
B0BZC2X5KZ,2025-06-23
B0BZC2X5KZ,2025-06-30
B0BZC2X5KZ,2025-07-07
B0BZC2X5KZ,2025-07-14
B0BZC2X5KZ,2025-07-21
B0BZC2X5KZ,2025-07-28
B0BZC2X5KZ,2025-08-04
B0BZC2X5KZ,2025-08-11
B0BZC2X5KZ,2025-08-18
B0BZC2X5KZ,2025-08-25
B0BZC2X5KZ,2025-09-01
B0BZC2X5KZ,2025-09-08
B0BZC2X5KZ,2025-09-15
B0BZC2X5KZ,2025-09-22
B0BZC2X5KZ,2025-09-29
B0BZC2X5KZ,2025-10-06
B0BZC2X5KZ,2025-10-13
B0BZC2X5KZ,2025-10-20
B0BZC2X5KZ,2025-10-27
B0BZC2X5KZ,2025-11-03
B0BZC2X5KZ,2025-11-10
B0BZC2X5KZ,2025-11-17
B0BZC2X5KZ,2025-11-24
B0BZC2X5KZ,2025-12-01
B0BZC2X5KZ,2025-12-08
B0BZC2X5KZ,2025-12-15
B0BZC2X5KZ,2025-12-22
B0BZC2X5KZ,2025-12-29
B0BZC2X5KZ,2026-01-05
B0BZC2X5KZ,2026-01-12
B0BZC2X5KZ,2026-01-19
B0BZC2X5KZ,2026-01-26
B0BZC2X5KZ,2026-02-02
B0BZC2X5KZ,2026-02-09
B0BZC2X5KZ,2026-02-16
B0BZC2X5KZ,2026-02-23
B0BZC2X5KZ,2026-03-02
B0BZC2X5KZ,2026-03-09
B0BZC2X5KZ,2026-03-16
B0BZC2X5KZ,2026-03-23
B0BZC2X5KZ,2026-03-30
B0BZC2X5KZ,2025-03-03
B0BZC2X5KZ,2025-03-10
B0BZC2X5KZ,2025-03-17
B0BZC2X5KZ,2025-03-24
B0BZC2X5KZ,2025-03-31
B0BZC2X5KZ,2025-04-07
B0BZC2X5KZ,2025-04-14
B0BZC2X5KZ,2025-04-21
B0BZC2X5KZ,2025-04-28
B0BZC2X5KZ,2025-05-05
B0BZC2X5KZ,2025-05-12
B0BZC2X5KZ,2025-05-19
B0BZC2X5KZ,2025-05-26
B0BZC2X5KZ,2025-06-02
B0BZC2X5KZ,2025-06-09
B0BZC2X5KZ,2025-06-16
B0BZC2X5KZ,2025-06-23
B0BZC2X5KZ,2025-06-30
B0BZC2X5KZ,2025-07-07
B0BZC2X5KZ,2025-07-14
B0BZC2X5KZ,2025-07-21
B0BZC2X5KZ,2025-07-28
B0BZC2X5KZ,2025-08-04
B0BZC2X5KZ,2025-08-11
B0BZC2X5KZ,2025-08-18
B0BZC2X5KZ,2025-08-25
B0BZC2X5KZ,2025-09-01
B0BZC2X5KZ,2025-09-08
B0BZC2X5KZ,2025-09-15
B0BZC2X5KZ,2025-09-22
B0BZC2X5KZ,2025-09-29
B0BZC2X5KZ,2025-10-06
B0BZC2X5KZ,2025-10-13
B0BZC2X5KZ,2025-10-20
B0BZC2X5KZ,2025-10-27
B0BZC2X5KZ,2025-11-03
B0BZC2X5KZ,2025-11-10
B0BZC2X5KZ,2025-11-17
B0BZC2X5KZ,2025-11-24
B0BZC2X5KZ,2025-12-01
B0BZC2X5KZ,2025-12-08
B0BZC2X5KZ,2025-12-15
B0BZC2X5KZ,2025-12-22
B0BZC2X5KZ,2025-12-29
B0BZC2X5KZ,2026-01-05
B0BZC2X5KZ,2026-01-12
B0BZC2X5KZ,2026-01-19
B0BZC2X5KZ,2026-01-26
B0BZC2X5KZ,2026-02-02
B0BZC2X5KZ,2026-02-09
B0BZC2X5KZ,2026-02-16
B0BZC2X5KZ,2026-02-23
B0BZC2X5KZ,2026-03-02
B0BZC2X5KZ,2026-03-09
B0BZC2X5KZ,2026-03-16
B0BZC2X5KZ,2026-03-23
B0BZC2X5KZ,2026-03-30
B0BZC492TF,2025-03-03
B0BZC492TF,2025-03-10
B0BZC492TF,2025-03-17
B0BZC492TF,2025-03-24
B0BZC492TF,2025-03-31
B0BZC492TF,2025-04-07
B0BZC492TF,2025-04-14
B0BZC492TF,2025-04-21
B0BZC492TF,2025-04-28
B0BZC492TF,2025-05-05
B0BZC492TF,2025-05-12
B0BZC492TF,2025-05-19
B0BZC492TF,2025-05-26
B0BZC492TF,2025-06-02
B0BZC492TF,2025-06-09
B0BZC492TF,2025-06-16
B0BZC492TF,2025-06-23
B0BZC492TF,2025-06-30
B0BZC492TF,2025-07-07
B0BZC492TF,2025-07-14
B0BZC492TF,2025-07-21
B0BZC492TF,2025-07-28
B0BZC492TF,2025-08-04
B0BZC492TF,2025-08-11
B0BZC492TF,2025-08-18
B0BZC492TF,2025-08-25
B0BZC492TF,2025-09-01
B0BZC492TF,2025-09-08
B0BZC492TF,2025-09-15
B0BZC492TF,2025-09-22
B0BZC492TF,2025-09-29
B0BZC492TF,2025-10-06
B0BZC492TF,2025-10-13
B0BZC492TF,2025-10-20
B0BZC492TF,2025-10-27
B0BZC492TF,2025-11-03
B0BZC492TF,2025-11-10
B0BZC492TF,2025-11-17
B0BZC492TF,2025-11-24
B0BZC492TF,2025-12-01
B0BZC492TF,2025-12-08
B0BZC492TF,2025-12-15
B0BZC492TF,2025-12-22
B0BZC492TF,2025-12-29
B0BZC492TF,2026-01-05
B0BZC492TF,2026-01-12
B0BZC492TF,2026-01-19
B0BZC492TF,2026-01-26
B0BZC492TF,2026-02-02
B0BZC492TF,2026-02-09
B0BZC492TF,2026-02-16
B0BZC492TF,2026-02-23
B0BZC492TF,2026-03-02
B0BZC492TF,2026-03-09
B0BZC492TF,2026-03-16
B0BZC492TF,2026-03-23
B0BZC492TF,2026-03-30
B0BZC492TF,2025-03-03
B0BZC492TF,2025-03-10
B0BZC492TF,2025-03-17
B0BZC492TF,2025-03-24
B0BZC492TF,2025-03-31
B0BZC492TF,2025-04-07
B0BZC492TF,2025-04-14
B0BZC492TF,2025-04-21
B0BZC492TF,2025-04-28
B0BZC492TF,2025-05-05
B0BZC492TF,2025-05-12
B0BZC492TF,2025-05-19
B0BZC492TF,2025-05-26
B0BZC492TF,2025-06-02
B0BZC492TF,2025-06-09
B0BZC492TF,2025-06-16
B0BZC492TF,2025-06-23
B0BZC492TF,2025-06-30
B0BZC492TF,2025-07-07
B0BZC492TF,2025-07-14
B0BZC492TF,2025-07-21
B0BZC492TF,2025-07-28
B0BZC492TF,2025-08-04
B0BZC492TF,2025-08-11
B0BZC492TF,2025-08-18
B0BZC492TF,2025-08-25
B0BZC492TF,2025-09-01
B0BZC492TF,2025-09-08
B0BZC492TF,2025-09-15
B0BZC492TF,2025-09-22
B0BZC492TF,2025-09-29
B0BZC492TF,2025-10-06
B0BZC492TF,2025-10-13
B0BZC492TF,2025-10-20
B0BZC492TF,2025-10-27
B0BZC492TF,2025-11-03
B0BZC492TF,2025-11-10
B0BZC492TF,2025-11-17
B0BZC492TF,2025-11-24
B0BZC492TF,2025-12-01
B0BZC492TF,2025-12-08
B0BZC492TF,2025-12-15
B0BZC492TF,2025-12-22
B0BZC492TF,2025-12-29
B0BZC492TF,2026-01-05
B0BZC492TF,2026-01-12
B0BZC492TF,2026-01-19
B0BZC492TF,2026-01-26
B0BZC492TF,2026-02-02
B0BZC492TF,2026-02-09
B0BZC492TF,2026-02-16
B0BZC492TF,2026-02-23
B0BZC492TF,2026-03-02
B0BZC492TF,2026-03-09
B0BZC492TF,2026-03-16
B0BZC492TF,2026-03-23
B0BZC492TF,2026-03-30
B0C5WJZQ8C,2025-03-03
B0C5WJZQ8C,2025-03-10
B0C5WJZQ8C,2025-03-17
B0C5WJZQ8C,2025-03-24
B0C5WJZQ8C,2025-03-31
B0C5WJZQ8C,2025-04-07
B0C5WJZQ8C,2025-04-14
B0C5WJZQ8C,2025-04-21
B0C5WJZQ8C,2025-04-28
B0C5WJZQ8C,2025-05-05
B0C5WJZQ8C,2025-05-12
B0C5WJZQ8C,2025-05-19
B0C5WJZQ8C,2025-05-26
B0C5WJZQ8C,2025-06-02
B0C5WJZQ8C,2025-06-09
B0C5WJZQ8C,2025-06-16
B0C5WJZQ8C,2025-06-23
B0C5WJZQ8C,2025-06-30
B0C5WJZQ8C,2025-07-07
B0C5WJZQ8C,2025-07-14
B0C5WJZQ8C,2025-07-21
B0C5WJZQ8C,2025-07-28
B0C5WJZQ8C,2025-08-04
B0C5WJZQ8C,2025-08-11
B0C5WJZQ8C,2025-08-18
B0C5WJZQ8C,2025-08-25
B0C5WJZQ8C,2025-09-01
B0C5WJZQ8C,2025-09-08
B0C5WJZQ8C,2025-09-15
B0C5WJZQ8C,2025-09-22
B0C5WJZQ8C,2025-09-29
B0C5WJZQ8C,2025-10-06
B0C5WJZQ8C,2025-10-13
B0C5WJZQ8C,2025-10-20
B0C5WJZQ8C,2025-10-27
B0C5WJZQ8C,2025-11-03
B0C5WJZQ8C,2025-11-10
B0C5WJZQ8C,2025-11-17
B0C5WJZQ8C,2025-11-24
B0C5WJZQ8C,2025-12-01
B0C5WJZQ8C,2025-12-08
B0C5WJZQ8C,2025-12-15
B0C5WJZQ8C,2025-12-22
B0C5WJZQ8C,2025-12-29
B0C5WJZQ8C,2026-01-05
B0C5WJZQ8C,2026-01-12
B0C5WJZQ8C,2026-01-19
B0C5WJZQ8C,2026-01-26
B0C5WJZQ8C,2026-02-02
B0C5WJZQ8C,2026-02-09
B0C5WJZQ8C,2026-02-16
B0C5WJZQ8C,2026-02-23
B0C5WJZQ8C,2026-03-02
B0C5WJZQ8C,2026-03-09
B0C5WJZQ8C,2026-03-16
B0C5WJZQ8C,2026-03-23
B0C5WJZQ8C,2026-03-30
B0C5WJZQ8C,2025-03-03
B0C5WJZQ8C,2025-03-10
B0C5WJZQ8C,2025-03-17
B0C5WJZQ8C,2025-03-24
B0C5WJZQ8C,2025-03-31
B0C5WJZQ8C,2025-04-07
B0C5WJZQ8C,2025-04-14
B0C5WJZQ8C,2025-04-21
B0C5WJZQ8C,2025-04-28
B0C5WJZQ8C,2025-05-05
B0C5WJZQ8C,2025-05-12
B0C5WJZQ8C,2025-05-19
B0C5WJZQ8C,2025-05-26
B0C5WJZQ8C,2025-06-02
B0C5WJZQ8C,2025-06-09
B0C5WJZQ8C,2025-06-16
B0C5WJZQ8C,2025-06-23
B0C5WJZQ8C,2025-06-30
B0C5WJZQ8C,2025-07-07
B0C5WJZQ8C,2025-07-14
B0C5WJZQ8C,2025-07-21
B0C5WJZQ8C,2025-07-28
B0C5WJZQ8C,2025-08-04
B0C5WJZQ8C,2025-08-11
B0C5WJZQ8C,2025-08-18
B0C5WJZQ8C,2025-08-25
B0C5WJZQ8C,2025-09-01
B0C5WJZQ8C,2025-09-08
B0C5WJZQ8C,2025-09-15
B0C5WJZQ8C,2025-09-22
B0C5WJZQ8C,2025-09-29
B0C5WJZQ8C,2025-10-06
B0C5WJZQ8C,2025-10-13
B0C5WJZQ8C,2025-10-20
B0C5WJZQ8C,2025-10-27
B0C5WJZQ8C,2025-11-03
B0C5WJZQ8C,2025-11-10
B0C5WJZQ8C,2025-11-17
B0C5WJZQ8C,2025-11-24
B0C5WJZQ8C,2025-12-01
B0C5WJZQ8C,2025-12-08
B0C5WJZQ8C,2025-12-15
B0C5WJZQ8C,2025-12-22
B0C5WJZQ8C,2025-12-29
B0C5WJZQ8C,2026-01-05
B0C5WJZQ8C,2026-01-12
B0C5WJZQ8C,2026-01-19
B0C5WJZQ8C,2026-01-26
B0C5WJZQ8C,2026-02-02
B0C5WJZQ8C,2026-02-09
B0C5WJZQ8C,2026-02-16
B0C5WJZQ8C,2026-02-23
B0C5WJZQ8C,2026-03-02
B0C5WJZQ8C,2026-03-09
B0C5WJZQ8C,2026-03-16
B0C5WJZQ8C,2026-03-23
B0C5WJZQ8C,2026-03-30
B0C6KLCGLQ,2025-03-03
B0C6KLCGLQ,2025-03-10
B0C6KLCGLQ,2025-03-17
B0C6KLCGLQ,2025-03-24
B0C6KLCGLQ,2025-03-31
B0C6KLCGLQ,2025-04-07
B0C6KLCGLQ,2025-04-14
B0C6KLCGLQ,2025-04-21
B0C6KLCGLQ,2025-04-28
B0C6KLCGLQ,2025-05-05
B0C6KLCGLQ,2025-05-12
B0C6KLCGLQ,2025-05-19
B0C6KLCGLQ,2025-05-26
B0C6KLCGLQ,2025-06-02
B0C6KLCGLQ,2025-06-09
B0C6KLCGLQ,2025-06-16
B0C6KLCGLQ,2025-06-23
B0C6KLCGLQ,2025-06-30
B0C6KLCGLQ,2025-07-07
B0C6KLCGLQ,2025-07-14
B0C6KLCGLQ,2025-07-21
B0C6KLCGLQ,2025-07-28
B0C6KLCGLQ,2025-08-04
B0C6KLCGLQ,2025-08-11
B0C6KLCGLQ,2025-08-18
B0C6KLCGLQ,2025-08-25
B0C6KLCGLQ,2025-09-01
B0C6KLCGLQ,2025-09-08
B0C6KLCGLQ,2025-09-15
B0C6KLCGLQ,2025-09-22
B0C6KLCGLQ,2025-09-29
B0C6KLCGLQ,2025-10-06
B0C6KLCGLQ,2025-10-13
B0C6KLCGLQ,2025-10-20
B0C6KLCGLQ,2025-10-27
B0C6KLCGLQ,2025-11-03
B0C6KLCGLQ,2025-11-10
B0C6KLCGLQ,2025-11-17
B0C6KLCGLQ,2025-11-24
B0C6KLCGLQ,2025-12-01
B0C6KLCGLQ,2025-12-08
B0C6KLCGLQ,2025-12-15
B0C6KLCGLQ,2025-12-22
B0C6KLCGLQ,2025-12-29
B0C6KLCGLQ,2026-01-05
B0C6KLCGLQ,2026-01-12
B0C6KLCGLQ,2026-01-19
B0C6KLCGLQ,2026-01-26
B0C6KLCGLQ,2026-02-02
B0C6KLCGLQ,2026-02-09
B0C6KLCGLQ,2026-02-16
B0C6KLCGLQ,2026-02-23
B0C6KLCGLQ,2026-03-02
B0C6KLCGLQ,2026-03-09
B0C6KLCGLQ,2026-03-16
B0C6KLCGLQ,2026-03-23
B0C6KLCGLQ,2026-03-30
B0C6KLCGLQ,2025-03-03
B0C6KLCGLQ,2025-03-10
B0C6KLCGLQ,2025-03-17
B0C6KLCGLQ,2025-03-24
B0C6KLCGLQ,2025-03-31
B0C6KLCGLQ,2025-04-07
B0C6KLCGLQ,2025-04-14
B0C6KLCGLQ,2025-04-21
B0C6KLCGLQ,2025-04-28
B0C6KLCGLQ,2025-05-05
B0C6KLCGLQ,2025-05-12
B0C6KLCGLQ,2025-05-19
B0C6KLCGLQ,2025-05-26
B0C6KLCGLQ,2025-06-02
B0C6KLCGLQ,2025-06-09
B0C6KLCGLQ,2025-06-16
B0C6KLCGLQ,2025-06-23
B0C6KLCGLQ,2025-06-30
B0C6KLCGLQ,2025-07-07
B0C6KLCGLQ,2025-07-14
B0C6KLCGLQ,2025-07-21
B0C6KLCGLQ,2025-07-28
B0C6KLCGLQ,2025-08-04
B0C6KLCGLQ,2025-08-11
B0C6KLCGLQ,2025-08-18
B0C6KLCGLQ,2025-08-25
B0C6KLCGLQ,2025-09-01
B0C6KLCGLQ,2025-09-08
B0C6KLCGLQ,2025-09-15
B0C6KLCGLQ,2025-09-22
B0C6KLCGLQ,2025-09-29
B0C6KLCGLQ,2025-10-06
B0C6KLCGLQ,2025-10-13
B0C6KLCGLQ,2025-10-20
B0C6KLCGLQ,2025-10-27
B0C6KLCGLQ,2025-11-03
B0C6KLCGLQ,2025-11-10
B0C6KLCGLQ,2025-11-17
B0C6KLCGLQ,2025-11-24
B0C6KLCGLQ,2025-12-01
B0C6KLCGLQ,2025-12-08
B0C6KLCGLQ,2025-12-15
B0C6KLCGLQ,2025-12-22
B0C6KLCGLQ,2025-12-29
B0C6KLCGLQ,2026-01-05
B0C6KLCGLQ,2026-01-12
B0C6KLCGLQ,2026-01-19
B0C6KLCGLQ,2026-01-26
B0C6KLCGLQ,2026-02-02
B0C6KLCGLQ,2026-02-09
B0C6KLCGLQ,2026-02-16
B0C6KLCGLQ,2026-02-23
B0C6KLCGLQ,2026-03-02
B0C6KLCGLQ,2026-03-09
B0C6KLCGLQ,2026-03-16
B0C6KLCGLQ,2026-03-23
B0C6KLCGLQ,2026-03-30
B0C77G4FQY,2025-03-03
B0C77G4FQY,2025-03-10
B0C77G4FQY,2025-03-17
B0C77G4FQY,2025-03-24
B0C77G4FQY,2025-03-31
B0C77G4FQY,2025-04-07
B0C77G4FQY,2025-04-14
B0C77G4FQY,2025-04-21
B0C77G4FQY,2025-04-28
B0C77G4FQY,2025-05-05
B0C77G4FQY,2025-05-12
B0C77G4FQY,2025-05-19
B0C77G4FQY,2025-05-26
B0C77G4FQY,2025-06-02
B0C77G4FQY,2025-06-09
B0C77G4FQY,2025-06-16
B0C77G4FQY,2025-06-23
B0C77G4FQY,2025-06-30
B0C77G4FQY,2025-07-07
B0C77G4FQY,2025-07-14
B0C77G4FQY,2025-07-21
B0C77G4FQY,2025-07-28
B0C77G4FQY,2025-08-04
B0C77G4FQY,2025-08-11
B0C77G4FQY,2025-08-18
B0C77G4FQY,2025-08-25
B0C77G4FQY,2025-09-01
B0C77G4FQY,2025-09-08
B0C77G4FQY,2025-09-15
B0C77G4FQY,2025-09-22
B0C77G4FQY,2025-09-29
B0C77G4FQY,2025-10-06
B0C77G4FQY,2025-10-13
B0C77G4FQY,2025-10-20
B0C77G4FQY,2025-10-27
B0C77G4FQY,2025-11-03
B0C77G4FQY,2025-11-10
B0C77G4FQY,2025-11-17
B0C77G4FQY,2025-11-24
B0C77G4FQY,2025-12-01
B0C77G4FQY,2025-12-08
B0C77G4FQY,2025-12-15
B0C77G4FQY,2025-12-22
B0C77G4FQY,2025-12-29
B0C77G4FQY,2026-01-05
B0C77G4FQY,2026-01-12
B0C77G4FQY,2026-01-19
B0C77G4FQY,2026-01-26
B0C77G4FQY,2026-02-02
B0C77G4FQY,2026-02-09
B0C77G4FQY,2026-02-16
B0C77G4FQY,2026-02-23
B0C77G4FQY,2026-03-02
B0C77G4FQY,2026-03-09
B0C77G4FQY,2026-03-16
B0C77G4FQY,2026-03-23
B0C77G4FQY,2026-03-30
B0C77G4FQY,2025-03-03
B0C77G4FQY,2025-03-10
B0C77G4FQY,2025-03-17
B0C77G4FQY,2025-03-24
B0C77G4FQY,2025-03-31
B0C77G4FQY,2025-04-07
B0C77G4FQY,2025-04-14
B0C77G4FQY,2025-04-21
B0C77G4FQY,2025-04-28
B0C77G4FQY,2025-05-05
B0C77G4FQY,2025-05-12
B0C77G4FQY,2025-05-19
B0C77G4FQY,2025-05-26
B0C77G4FQY,2025-06-02
B0C77G4FQY,2025-06-09
B0C77G4FQY,2025-06-16
B0C77G4FQY,2025-06-23
B0C77G4FQY,2025-06-30
B0C77G4FQY,2025-07-07
B0C77G4FQY,2025-07-14
B0C77G4FQY,2025-07-21
B0C77G4FQY,2025-07-28
B0C77G4FQY,2025-08-04
B0C77G4FQY,2025-08-11
B0C77G4FQY,2025-08-18
B0C77G4FQY,2025-08-25
B0C77G4FQY,2025-09-01
B0C77G4FQY,2025-09-08
B0C77G4FQY,2025-09-15
B0C77G4FQY,2025-09-22
B0C77G4FQY,2025-09-29
B0C77G4FQY,2025-10-06
B0C77G4FQY,2025-10-13
B0C77G4FQY,2025-10-20
B0C77G4FQY,2025-10-27
B0C77G4FQY,2025-11-03
B0C77G4FQY,2025-11-10
B0C77G4FQY,2025-11-17
B0C77G4FQY,2025-11-24
B0C77G4FQY,2025-12-01
B0C77G4FQY,2025-12-08
B0C77G4FQY,2025-12-15
B0C77G4FQY,2025-12-22
B0C77G4FQY,2025-12-29
B0C77G4FQY,2026-01-05
B0C77G4FQY,2026-01-12
B0C77G4FQY,2026-01-19
B0C77G4FQY,2026-01-26
B0C77G4FQY,2026-02-02
B0C77G4FQY,2026-02-09
B0C77G4FQY,2026-02-16
B0C77G4FQY,2026-02-23
B0C77G4FQY,2026-03-02
B0C77G4FQY,2026-03-09
B0C77G4FQY,2026-03-16
B0C77G4FQY,2026-03-23
B0C77G4FQY,2026-03-30
B0CFR4ZLNN,2025-03-03
B0CFR4ZLNN,2025-03-10
B0CFR4ZLNN,2025-03-17
B0CFR4ZLNN,2025-03-24
B0CFR4ZLNN,2025-03-31
B0CFR4ZLNN,2025-04-07
B0CFR4ZLNN,2025-04-14
B0CFR4ZLNN,2025-04-21
B0CFR4ZLNN,2025-04-28
B0CFR4ZLNN,2025-05-05
B0CFR4ZLNN,2025-05-12
B0CFR4ZLNN,2025-05-19
B0CFR4ZLNN,2025-05-26
B0CFR4ZLNN,2025-06-02
B0CFR4ZLNN,2025-06-09
B0CFR4ZLNN,2025-06-16
B0CFR4ZLNN,2025-06-23
B0CFR4ZLNN,2025-06-30
B0CFR4ZLNN,2025-07-07
B0CFR4ZLNN,2025-07-14
B0CFR4ZLNN,2025-07-21
B0CFR4ZLNN,2025-07-28
B0CFR4ZLNN,2025-08-04
B0CFR4ZLNN,2025-08-11
B0CFR4ZLNN,2025-08-18
B0CFR4ZLNN,2025-08-25
B0CFR4ZLNN,2025-09-01
B0CFR4ZLNN,2025-09-08
B0CFR4ZLNN,2025-09-15
B0CFR4ZLNN,2025-09-22
B0CFR4ZLNN,2025-09-29
B0CFR4ZLNN,2025-10-06
B0CFR4ZLNN,2025-10-13
B0CFR4ZLNN,2025-10-20
B0CFR4ZLNN,2025-10-27
B0CFR4ZLNN,2025-11-03
B0CFR4ZLNN,2025-11-10
B0CFR4ZLNN,2025-11-17
B0CFR4ZLNN,2025-11-24
B0CFR4ZLNN,2025-12-01
B0CFR4ZLNN,2025-12-08
B0CFR4ZLNN,2025-12-15
B0CFR4ZLNN,2025-12-22
B0CFR4ZLNN,2025-12-29
B0CFR4ZLNN,2026-01-05
B0CFR4ZLNN,2026-01-12
B0CFR4ZLNN,2026-01-19
B0CFR4ZLNN,2026-01-26
B0CFR4ZLNN,2026-02-02
B0CFR4ZLNN,2026-02-09
B0CFR4ZLNN,2026-02-16
B0CFR4ZLNN,2026-02-23
B0CFR4ZLNN,2026-03-02
B0CFR4ZLNN,2026-03-09
B0CFR4ZLNN,2026-03-16
B0CFR4ZLNN,2026-03-23
B0CFR4ZLNN,2026-03-30
B0CFR4ZLNN,2025-03-03
B0CFR4ZLNN,2025-03-10
B0CFR4ZLNN,2025-03-17
B0CFR4ZLNN,2025-03-24
B0CFR4ZLNN,2025-03-31
B0CFR4ZLNN,2025-04-07
B0CFR4ZLNN,2025-04-14
B0CFR4ZLNN,2025-04-21
B0CFR4ZLNN,2025-04-28
B0CFR4ZLNN,2025-05-05
B0CFR4ZLNN,2025-05-12
B0CFR4ZLNN,2025-05-19
B0CFR4ZLNN,2025-05-26
B0CFR4ZLNN,2025-06-02
B0CFR4ZLNN,2025-06-09
B0CFR4ZLNN,2025-06-16
B0CFR4ZLNN,2025-06-23
B0CFR4ZLNN,2025-06-30
B0CFR4ZLNN,2025-07-07
B0CFR4ZLNN,2025-07-14
B0CFR4ZLNN,2025-07-21
B0CFR4ZLNN,2025-07-28
B0CFR4ZLNN,2025-08-04
B0CFR4ZLNN,2025-08-11
B0CFR4ZLNN,2025-08-18
B0CFR4ZLNN,2025-08-25
B0CFR4ZLNN,2025-09-01
B0CFR4ZLNN,2025-09-08
B0CFR4ZLNN,2025-09-15
B0CFR4ZLNN,2025-09-22
B0CFR4ZLNN,2025-09-29
B0CFR4ZLNN,2025-10-06
B0CFR4ZLNN,2025-10-13
B0CFR4ZLNN,2025-10-20
B0CFR4ZLNN,2025-10-27
B0CFR4ZLNN,2025-11-03
B0CFR4ZLNN,2025-11-10
B0CFR4ZLNN,2025-11-17
B0CFR4ZLNN,2025-11-24
B0CFR4ZLNN,2025-12-01
B0CFR4ZLNN,2025-12-08
B0CFR4ZLNN,2025-12-15
B0CFR4ZLNN,2025-12-22
B0CFR4ZLNN,2025-12-29
B0CFR4ZLNN,2026-01-05
B0CFR4ZLNN,2026-01-12
B0CFR4ZLNN,2026-01-19
B0CFR4ZLNN,2026-01-26
B0CFR4ZLNN,2026-02-02
B0CFR4ZLNN,2026-02-09
B0CFR4ZLNN,2026-02-16
B0CFR4ZLNN,2026-02-23
B0CFR4ZLNN,2026-03-02
B0CFR4ZLNN,2026-03-09
B0CFR4ZLNN,2026-03-16
B0CFR4ZLNN,2026-03-23
B0CFR4ZLNN,2026-03-30
B0CHYFKKN9,2025-03-03
B0CHYFKKN9,2025-03-10
B0CHYFKKN9,2025-03-17
B0CHYFKKN9,2025-03-24
B0CHYFKKN9,2025-03-31
B0CHYFKKN9,2025-04-07
B0CHYFKKN9,2025-04-14
B0CHYFKKN9,2025-04-21
B0CHYFKKN9,2025-04-28
B0CHYFKKN9,2025-05-05
B0CHYFKKN9,2025-05-12
B0CHYFKKN9,2025-05-19
B0CHYFKKN9,2025-05-26
B0CHYFKKN9,2025-06-02
B0CHYFKKN9,2025-06-09
B0CHYFKKN9,2025-06-16
B0CHYFKKN9,2025-06-23
B0CHYFKKN9,2025-06-30
B0CHYFKKN9,2025-07-07
B0CHYFKKN9,2025-07-14
B0CHYFKKN9,2025-07-21
B0CHYFKKN9,2025-07-28
B0CHYFKKN9,2025-08-04
B0CHYFKKN9,2025-08-11
B0CHYFKKN9,2025-08-18
B0CHYFKKN9,2025-08-25
B0CHYFKKN9,2025-09-01
B0CHYFKKN9,2025-09-08
B0CHYFKKN9,2025-09-15
B0CHYFKKN9,2025-09-22
B0CHYFKKN9,2025-09-29
B0CHYFKKN9,2025-10-06
B0CHYFKKN9,2025-10-13
B0CHYFKKN9,2025-10-20
B0CHYFKKN9,2025-10-27
B0CHYFKKN9,2025-11-03
B0CHYFKKN9,2025-11-10
B0CHYFKKN9,2025-11-17
B0CHYFKKN9,2025-11-24
B0CHYFKKN9,2025-12-01
B0CHYFKKN9,2025-12-08
B0CHYFKKN9,2025-12-15
B0CHYFKKN9,2025-12-22
B0CHYFKKN9,2025-12-29
B0CHYFKKN9,2026-01-05
B0CHYFKKN9,2026-01-12
B0CHYFKKN9,2026-01-19
B0CHYFKKN9,2026-01-26
B0CHYFKKN9,2026-02-02
B0CHYFKKN9,2026-02-09
B0CHYFKKN9,2026-02-16
B0CHYFKKN9,2026-02-23
B0CHYFKKN9,2026-03-02
B0CHYFKKN9,2026-03-09
B0CHYFKKN9,2026-03-16
B0CHYFKKN9,2026-03-23
B0CHYFKKN9,2026-03-30
B0CHYFKKN9,2025-03-03
B0CHYFKKN9,2025-03-10
B0CHYFKKN9,2025-03-17
B0CHYFKKN9,2025-03-24
B0CHYFKKN9,2025-03-31
B0CHYFKKN9,2025-04-07
B0CHYFKKN9,2025-04-14
B0CHYFKKN9,2025-04-21
B0CHYFKKN9,2025-04-28
B0CHYFKKN9,2025-05-05
B0CHYFKKN9,2025-05-12
B0CHYFKKN9,2025-05-19
B0CHYFKKN9,2025-05-26
B0CHYFKKN9,2025-06-02
B0CHYFKKN9,2025-06-09
B0CHYFKKN9,2025-06-16
B0CHYFKKN9,2025-06-23
B0CHYFKKN9,2025-06-30
B0CHYFKKN9,2025-07-07
B0CHYFKKN9,2025-07-14
B0CHYFKKN9,2025-07-21
B0CHYFKKN9,2025-07-28
B0CHYFKKN9,2025-08-04
B0CHYFKKN9,2025-08-11
B0CHYFKKN9,2025-08-18
B0CHYFKKN9,2025-08-25
B0CHYFKKN9,2025-09-01
B0CHYFKKN9,2025-09-08
B0CHYFKKN9,2025-09-15
B0CHYFKKN9,2025-09-22
B0CHYFKKN9,2025-09-29
B0CHYFKKN9,2025-10-06
B0CHYFKKN9,2025-10-13
B0CHYFKKN9,2025-10-20
B0CHYFKKN9,2025-10-27
B0CHYFKKN9,2025-11-03
B0CHYFKKN9,2025-11-10
B0CHYFKKN9,2025-11-17
B0CHYFKKN9,2025-11-24
B0CHYFKKN9,2025-12-01
B0CHYFKKN9,2025-12-08
B0CHYFKKN9,2025-12-15
B0CHYFKKN9,2025-12-22
B0CHYFKKN9,2025-12-29
B0CHYFKKN9,2026-01-05
B0CHYFKKN9,2026-01-12
B0CHYFKKN9,2026-01-19
B0CHYFKKN9,2026-01-26
B0CHYFKKN9,2026-02-02
B0CHYFKKN9,2026-02-09
B0CHYFKKN9,2026-02-16
B0CHYFKKN9,2026-02-23
B0CHYFKKN9,2026-03-02
B0CHYFKKN9,2026-03-09
B0CHYFKKN9,2026-03-16
B0CHYFKKN9,2026-03-23
B0CHYFKKN9,2026-03-30
B0CKMXLS8B,2025-03-03
B0CKMXLS8B,2025-03-10
B0CKMXLS8B,2025-03-17
B0CKMXLS8B,2025-03-24
B0CKMXLS8B,2025-03-31
B0CKMXLS8B,2025-04-07
B0CKMXLS8B,2025-04-14
B0CKMXLS8B,2025-04-21
B0CKMXLS8B,2025-04-28
B0CKMXLS8B,2025-05-05
B0CKMXLS8B,2025-05-12
B0CKMXLS8B,2025-05-19
B0CKMXLS8B,2025-05-26
B0CKMXLS8B,2025-06-02
B0CKMXLS8B,2025-06-09
B0CKMXLS8B,2025-06-16
B0CKMXLS8B,2025-06-23
B0CKMXLS8B,2025-06-30
B0CKMXLS8B,2025-07-07
B0CKMXLS8B,2025-07-14
B0CKMXLS8B,2025-07-21
B0CKMXLS8B,2025-07-28
B0CKMXLS8B,2025-08-04
B0CKMXLS8B,2025-08-11
B0CKMXLS8B,2025-08-18
B0CKMXLS8B,2025-08-25
B0CKMXLS8B,2025-09-01
B0CKMXLS8B,2025-09-08
B0CKMXLS8B,2025-09-15
B0CKMXLS8B,2025-09-22
B0CKMXLS8B,2025-09-29
B0CKMXLS8B,2025-10-06
B0CKMXLS8B,2025-10-13
B0CKMXLS8B,2025-10-20
B0CKMXLS8B,2025-10-27
B0CKMXLS8B,2025-11-03
B0CKMXLS8B,2025-11-10
B0CKMXLS8B,2025-11-17
B0CKMXLS8B,2025-11-24
B0CKMXLS8B,2025-12-01
B0CKMXLS8B,2025-12-08
B0CKMXLS8B,2025-12-15
B0CKMXLS8B,2025-12-22
B0CKMXLS8B,2025-12-29
B0CKMXLS8B,2026-01-05
B0CKMXLS8B,2026-01-12
B0CKMXLS8B,2026-01-19
B0CKMXLS8B,2026-01-26
B0CKMXLS8B,2026-02-02
B0CKMXLS8B,2026-02-09
B0CKMXLS8B,2026-02-16
B0CKMXLS8B,2026-02-23
B0CKMXLS8B,2026-03-02
B0CKMXLS8B,2026-03-09
B0CKMXLS8B,2026-03-16
B0CKMXLS8B,2026-03-23
B0CKMXLS8B,2026-03-30
B0CKMXLS8B,2025-03-03
B0CKMXLS8B,2025-03-10
B0CKMXLS8B,2025-03-17
B0CKMXLS8B,2025-03-24
B0CKMXLS8B,2025-03-31
B0CKMXLS8B,2025-04-07
B0CKMXLS8B,2025-04-14
B0CKMXLS8B,2025-04-21
B0CKMXLS8B,2025-04-28
B0CKMXLS8B,2025-05-05
B0CKMXLS8B,2025-05-12
B0CKMXLS8B,2025-05-19
B0CKMXLS8B,2025-05-26
B0CKMXLS8B,2025-06-02
B0CKMXLS8B,2025-06-09
B0CKMXLS8B,2025-06-16
B0CKMXLS8B,2025-06-23
B0CKMXLS8B,2025-06-30
B0CKMXLS8B,2025-07-07
B0CKMXLS8B,2025-07-14
B0CKMXLS8B,2025-07-21
B0CKMXLS8B,2025-07-28
B0CKMXLS8B,2025-08-04
B0CKMXLS8B,2025-08-11
B0CKMXLS8B,2025-08-18
B0CKMXLS8B,2025-08-25
B0CKMXLS8B,2025-09-01
B0CKMXLS8B,2025-09-08
B0CKMXLS8B,2025-09-15
B0CKMXLS8B,2025-09-22
B0CKMXLS8B,2025-09-29
B0CKMXLS8B,2025-10-06
B0CKMXLS8B,2025-10-13
B0CKMXLS8B,2025-10-20
B0CKMXLS8B,2025-10-27
B0CKMXLS8B,2025-11-03
B0CKMXLS8B,2025-11-10
B0CKMXLS8B,2025-11-17
B0CKMXLS8B,2025-11-24
B0CKMXLS8B,2025-12-01
B0CKMXLS8B,2025-12-08
B0CKMXLS8B,2025-12-15
B0CKMXLS8B,2025-12-22
B0CKMXLS8B,2025-12-29
B0CKMXLS8B,2026-01-05
B0CKMXLS8B,2026-01-12
B0CKMXLS8B,2026-01-19
B0CKMXLS8B,2026-01-26
B0CKMXLS8B,2026-02-02
B0CKMXLS8B,2026-02-09
B0CKMXLS8B,2026-02-16
B0CKMXLS8B,2026-02-23
B0CKMXLS8B,2026-03-02
B0CKMXLS8B,2026-03-09
B0CKMXLS8B,2026-03-16
B0CKMXLS8B,2026-03-23
B0CKMXLS8B,2026-03-30
B0CL3XWZ4C,2025-03-03
B0CL3XWZ4C,2025-03-10
B0CL3XWZ4C,2025-03-17
B0CL3XWZ4C,2025-03-24
B0CL3XWZ4C,2025-03-31
B0CL3XWZ4C,2025-04-07
B0CL3XWZ4C,2025-04-14
B0CL3XWZ4C,2025-04-21
B0CL3XWZ4C,2025-04-28
B0CL3XWZ4C,2025-05-05
B0CL3XWZ4C,2025-05-12
B0CL3XWZ4C,2025-05-19
B0CL3XWZ4C,2025-05-26
B0CL3XWZ4C,2025-06-02
B0CL3XWZ4C,2025-06-09
B0CL3XWZ4C,2025-06-16
B0CL3XWZ4C,2025-06-23
B0CL3XWZ4C,2025-06-30
B0CL3XWZ4C,2025-07-07
B0CL3XWZ4C,2025-07-14
B0CL3XWZ4C,2025-07-21
B0CL3XWZ4C,2025-07-28
B0CL3XWZ4C,2025-08-04
B0CL3XWZ4C,2025-08-11
B0CL3XWZ4C,2025-08-18
B0CL3XWZ4C,2025-08-25
B0CL3XWZ4C,2025-09-01
B0CL3XWZ4C,2025-09-08
B0CL3XWZ4C,2025-09-15
B0CL3XWZ4C,2025-09-22
B0CL3XWZ4C,2025-09-29
B0CL3XWZ4C,2025-10-06
B0CL3XWZ4C,2025-10-13
B0CL3XWZ4C,2025-10-20
B0CL3XWZ4C,2025-10-27
B0CL3XWZ4C,2025-11-03
B0CL3XWZ4C,2025-11-10
B0CL3XWZ4C,2025-11-17
B0CL3XWZ4C,2025-11-24
B0CL3XWZ4C,2025-12-01
B0CL3XWZ4C,2025-12-08
B0CL3XWZ4C,2025-12-15
B0CL3XWZ4C,2025-12-22
B0CL3XWZ4C,2025-12-29
B0CL3XWZ4C,2026-01-05
B0CL3XWZ4C,2026-01-12
B0CL3XWZ4C,2026-01-19
B0CL3XWZ4C,2026-01-26
B0CL3XWZ4C,2026-02-02
B0CL3XWZ4C,2026-02-09
B0CL3XWZ4C,2026-02-16
B0CL3XWZ4C,2026-02-23
B0CL3XWZ4C,2026-03-02
B0CL3XWZ4C,2026-03-09
B0CL3XWZ4C,2026-03-16
B0CL3XWZ4C,2026-03-23
B0CL3XWZ4C,2026-03-30
B0CL3XWZ4C,2025-03-03
B0CL3XWZ4C,2025-03-10
B0CL3XWZ4C,2025-03-17
B0CL3XWZ4C,2025-03-24
B0CL3XWZ4C,2025-03-31
B0CL3XWZ4C,2025-04-07
B0CL3XWZ4C,2025-04-14
B0CL3XWZ4C,2025-04-21
B0CL3XWZ4C,2025-04-28
B0CL3XWZ4C,2025-05-05
B0CL3XWZ4C,2025-05-12
B0CL3XWZ4C,2025-05-19
B0CL3XWZ4C,2025-05-26
B0CL3XWZ4C,2025-06-02
B0CL3XWZ4C,2025-06-09
B0CL3XWZ4C,2025-06-16
B0CL3XWZ4C,2025-06-23
B0CL3XWZ4C,2025-06-30
B0CL3XWZ4C,2025-07-07
B0CL3XWZ4C,2025-07-14
B0CL3XWZ4C,2025-07-21
B0CL3XWZ4C,2025-07-28
B0CL3XWZ4C,2025-08-04
B0CL3XWZ4C,2025-08-11
B0CL3XWZ4C,2025-08-18
B0CL3XWZ4C,2025-08-25
B0CL3XWZ4C,2025-09-01
B0CL3XWZ4C,2025-09-08
B0CL3XWZ4C,2025-09-15
B0CL3XWZ4C,2025-09-22
B0CL3XWZ4C,2025-09-29
B0CL3XWZ4C,2025-10-06
B0CL3XWZ4C,2025-10-13
B0CL3XWZ4C,2025-10-20
B0CL3XWZ4C,2025-10-27
B0CL3XWZ4C,2025-11-03
B0CL3XWZ4C,2025-11-10
B0CL3XWZ4C,2025-11-17
B0CL3XWZ4C,2025-11-24
B0CL3XWZ4C,2025-12-01
B0CL3XWZ4C,2025-12-08
B0CL3XWZ4C,2025-12-15
B0CL3XWZ4C,2025-12-22
B0CL3XWZ4C,2025-12-29
B0CL3XWZ4C,2026-01-05
B0CL3XWZ4C,2026-01-12
B0CL3XWZ4C,2026-01-19
B0CL3XWZ4C,2026-01-26
B0CL3XWZ4C,2026-02-02
B0CL3XWZ4C,2026-02-09
B0CL3XWZ4C,2026-02-16
B0CL3XWZ4C,2026-02-23
B0CL3XWZ4C,2026-03-02
B0CL3XWZ4C,2026-03-09
B0CL3XWZ4C,2026-03-16
B0CL3XWZ4C,2026-03-23
B0CL3XWZ4C,2026-03-30
B0CM3K7PQY,2025-03-03
B0CM3K7PQY,2025-03-10
B0CM3K7PQY,2025-03-17
B0CM3K7PQY,2025-03-24
B0CM3K7PQY,2025-03-31
B0CM3K7PQY,2025-04-07
B0CM3K7PQY,2025-04-14
B0CM3K7PQY,2025-04-21
B0CM3K7PQY,2025-04-28
B0CM3K7PQY,2025-05-05
B0CM3K7PQY,2025-05-12
B0CM3K7PQY,2025-05-19
B0CM3K7PQY,2025-05-26
B0CM3K7PQY,2025-06-02
B0CM3K7PQY,2025-06-09
B0CM3K7PQY,2025-06-16
B0CM3K7PQY,2025-06-23
B0CM3K7PQY,2025-06-30
B0CM3K7PQY,2025-07-07
B0CM3K7PQY,2025-07-14
B0CM3K7PQY,2025-07-21
B0CM3K7PQY,2025-07-28
B0CM3K7PQY,2025-08-04
B0CM3K7PQY,2025-08-11
B0CM3K7PQY,2025-08-18
B0CM3K7PQY,2025-08-25
B0CM3K7PQY,2025-09-01
B0CM3K7PQY,2025-09-08
B0CM3K7PQY,2025-09-15
B0CM3K7PQY,2025-09-22
B0CM3K7PQY,2025-09-29
B0CM3K7PQY,2025-10-06
B0CM3K7PQY,2025-10-13
B0CM3K7PQY,2025-10-20
B0CM3K7PQY,2025-10-27
B0CM3K7PQY,2025-11-03
B0CM3K7PQY,2025-11-10
B0CM3K7PQY,2025-11-17
B0CM3K7PQY,2025-11-24
B0CM3K7PQY,2025-12-01
B0CM3K7PQY,2025-12-08
B0CM3K7PQY,2025-12-15
B0CM3K7PQY,2025-12-22
B0CM3K7PQY,2025-12-29
B0CM3K7PQY,2026-01-05
B0CM3K7PQY,2026-01-12
B0CM3K7PQY,2026-01-19
B0CM3K7PQY,2026-01-26
B0CM3K7PQY,2026-02-02
B0CM3K7PQY,2026-02-09
B0CM3K7PQY,2026-02-16
B0CM3K7PQY,2026-02-23
B0CM3K7PQY,2026-03-02
B0CM3K7PQY,2026-03-09
B0CM3K7PQY,2026-03-16
B0CM3K7PQY,2026-03-23
B0CM3K7PQY,2026-03-30
B0CM3K7PQY,2025-03-03
B0CM3K7PQY,2025-03-10
B0CM3K7PQY,2025-03-17
B0CM3K7PQY,2025-03-24
B0CM3K7PQY,2025-03-31
B0CM3K7PQY,2025-04-07
B0CM3K7PQY,2025-04-14
B0CM3K7PQY,2025-04-21
B0CM3K7PQY,2025-04-28
B0CM3K7PQY,2025-05-05
B0CM3K7PQY,2025-05-12
B0CM3K7PQY,2025-05-19
B0CM3K7PQY,2025-05-26
B0CM3K7PQY,2025-06-02
B0CM3K7PQY,2025-06-09
B0CM3K7PQY,2025-06-16
B0CM3K7PQY,2025-06-23
B0CM3K7PQY,2025-06-30
B0CM3K7PQY,2025-07-07
B0CM3K7PQY,2025-07-14
B0CM3K7PQY,2025-07-21
B0CM3K7PQY,2025-07-28
B0CM3K7PQY,2025-08-04
B0CM3K7PQY,2025-08-11
B0CM3K7PQY,2025-08-18
B0CM3K7PQY,2025-08-25
B0CM3K7PQY,2025-09-01
B0CM3K7PQY,2025-09-08
B0CM3K7PQY,2025-09-15
B0CM3K7PQY,2025-09-22
B0CM3K7PQY,2025-09-29
B0CM3K7PQY,2025-10-06
B0CM3K7PQY,2025-10-13
B0CM3K7PQY,2025-10-20
B0CM3K7PQY,2025-10-27
B0CM3K7PQY,2025-11-03
B0CM3K7PQY,2025-11-10
B0CM3K7PQY,2025-11-17
B0CM3K7PQY,2025-11-24
B0CM3K7PQY,2025-12-01
B0CM3K7PQY,2025-12-08
B0CM3K7PQY,2025-12-15
B0CM3K7PQY,2025-12-22
B0CM3K7PQY,2025-12-29
B0CM3K7PQY,2026-01-05
B0CM3K7PQY,2026-01-12
B0CM3K7PQY,2026-01-19
B0CM3K7PQY,2026-01-26
B0CM3K7PQY,2026-02-02
B0CM3K7PQY,2026-02-09
B0CM3K7PQY,2026-02-16
B0CM3K7PQY,2026-02-23
B0CM3K7PQY,2026-03-02
B0CM3K7PQY,2026-03-09
B0CM3K7PQY,2026-03-16
B0CM3K7PQY,2026-03-23
B0CM3K7PQY,2026-03-30
B0CN23YKYS,2025-03-03
B0CN23YKYS,2025-03-10
B0CN23YKYS,2025-03-17
B0CN23YKYS,2025-03-24
B0CN23YKYS,2025-03-31
B0CN23YKYS,2025-04-07
B0CN23YKYS,2025-04-14
B0CN23YKYS,2025-04-21
B0CN23YKYS,2025-04-28
B0CN23YKYS,2025-05-05
B0CN23YKYS,2025-05-12
B0CN23YKYS,2025-05-19
B0CN23YKYS,2025-05-26
B0CN23YKYS,2025-06-02
B0CN23YKYS,2025-06-09
B0CN23YKYS,2025-06-16
B0CN23YKYS,2025-06-23
B0CN23YKYS,2025-06-30
B0CN23YKYS,2025-07-07
B0CN23YKYS,2025-07-14
B0CN23YKYS,2025-07-21
B0CN23YKYS,2025-07-28
B0CN23YKYS,2025-08-04
B0CN23YKYS,2025-08-11
B0CN23YKYS,2025-08-18
B0CN23YKYS,2025-08-25
B0CN23YKYS,2025-09-01
B0CN23YKYS,2025-09-08
B0CN23YKYS,2025-09-15
B0CN23YKYS,2025-09-22
B0CN23YKYS,2025-09-29
B0CN23YKYS,2025-10-06
B0CN23YKYS,2025-10-13
B0CN23YKYS,2025-10-20
B0CN23YKYS,2025-10-27
B0CN23YKYS,2025-11-03
B0CN23YKYS,2025-11-10
B0CN23YKYS,2025-11-17
B0CN23YKYS,2025-11-24
B0CN23YKYS,2025-12-01
B0CN23YKYS,2025-12-08
B0CN23YKYS,2025-12-15
B0CN23YKYS,2025-12-22
B0CN23YKYS,2025-12-29
B0CN23YKYS,2026-01-05
B0CN23YKYS,2026-01-12
B0CN23YKYS,2026-01-19
B0CN23YKYS,2026-01-26
B0CN23YKYS,2026-02-02
B0CN23YKYS,2026-02-09
B0CN23YKYS,2026-02-16
B0CN23YKYS,2026-02-23
B0CN23YKYS,2026-03-02
B0CN23YKYS,2026-03-09
B0CN23YKYS,2026-03-16
B0CN23YKYS,2026-03-23
B0CN23YKYS,2026-03-30
B0CN23YKYS,2025-03-03
B0CN23YKYS,2025-03-10
B0CN23YKYS,2025-03-17
B0CN23YKYS,2025-03-24
B0CN23YKYS,2025-03-31
B0CN23YKYS,2025-04-07
B0CN23YKYS,2025-04-14
B0CN23YKYS,2025-04-21
B0CN23YKYS,2025-04-28
B0CN23YKYS,2025-05-05
B0CN23YKYS,2025-05-12
B0CN23YKYS,2025-05-19
B0CN23YKYS,2025-05-26
B0CN23YKYS,2025-06-02
B0CN23YKYS,2025-06-09
B0CN23YKYS,2025-06-16
B0CN23YKYS,2025-06-23
B0CN23YKYS,2025-06-30
B0CN23YKYS,2025-07-07
B0CN23YKYS,2025-07-14
B0CN23YKYS,2025-07-21
B0CN23YKYS,2025-07-28
B0CN23YKYS,2025-08-04
B0CN23YKYS,2025-08-11
B0CN23YKYS,2025-08-18
B0CN23YKYS,2025-08-25
B0CN23YKYS,2025-09-01
B0CN23YKYS,2025-09-08
B0CN23YKYS,2025-09-15
B0CN23YKYS,2025-09-22
B0CN23YKYS,2025-09-29
B0CN23YKYS,2025-10-06
B0CN23YKYS,2025-10-13
B0CN23YKYS,2025-10-20
B0CN23YKYS,2025-10-27
B0CN23YKYS,2025-11-03
B0CN23YKYS,2025-11-10
B0CN23YKYS,2025-11-17
B0CN23YKYS,2025-11-24
B0CN23YKYS,2025-12-01
B0CN23YKYS,2025-12-08
B0CN23YKYS,2025-12-15
B0CN23YKYS,2025-12-22
B0CN23YKYS,2025-12-29
B0CN23YKYS,2026-01-05
B0CN23YKYS,2026-01-12
B0CN23YKYS,2026-01-19
B0CN23YKYS,2026-01-26
B0CN23YKYS,2026-02-02
B0CN23YKYS,2026-02-09
B0CN23YKYS,2026-02-16
B0CN23YKYS,2026-02-23
B0CN23YKYS,2026-03-02
B0CN23YKYS,2026-03-09
B0CN23YKYS,2026-03-16
B0CN23YKYS,2026-03-23
B0CN23YKYS,2026-03-30
B0CP8QM4WK,2025-03-03
B0CP8QM4WK,2025-03-10
B0CP8QM4WK,2025-03-17
B0CP8QM4WK,2025-03-24
B0CP8QM4WK,2025-03-31
B0CP8QM4WK,2025-04-07
B0CP8QM4WK,2025-04-14
B0CP8QM4WK,2025-04-21
B0CP8QM4WK,2025-04-28
B0CP8QM4WK,2025-05-05
B0CP8QM4WK,2025-05-12
B0CP8QM4WK,2025-05-19
B0CP8QM4WK,2025-05-26
B0CP8QM4WK,2025-06-02
B0CP8QM4WK,2025-06-09
B0CP8QM4WK,2025-06-16
B0CP8QM4WK,2025-06-23
B0CP8QM4WK,2025-06-30
B0CP8QM4WK,2025-07-07
B0CP8QM4WK,2025-07-14
B0CP8QM4WK,2025-07-21
B0CP8QM4WK,2025-07-28
B0CP8QM4WK,2025-08-04
B0CP8QM4WK,2025-08-11
B0CP8QM4WK,2025-08-18
B0CP8QM4WK,2025-08-25
B0CP8QM4WK,2025-09-01
B0CP8QM4WK,2025-09-08
B0CP8QM4WK,2025-09-15
B0CP8QM4WK,2025-09-22
B0CP8QM4WK,2025-09-29
B0CP8QM4WK,2025-10-06
B0CP8QM4WK,2025-10-13
B0CP8QM4WK,2025-10-20
B0CP8QM4WK,2025-10-27
B0CP8QM4WK,2025-11-03
B0CP8QM4WK,2025-11-10
B0CP8QM4WK,2025-11-17
B0CP8QM4WK,2025-11-24
B0CP8QM4WK,2025-12-01
B0CP8QM4WK,2025-12-08
B0CP8QM4WK,2025-12-15
B0CP8QM4WK,2025-12-22
B0CP8QM4WK,2025-12-29
B0CP8QM4WK,2026-01-05
B0CP8QM4WK,2026-01-12
B0CP8QM4WK,2026-01-19
B0CP8QM4WK,2026-01-26
B0CP8QM4WK,2026-02-02
B0CP8QM4WK,2026-02-09
B0CP8QM4WK,2026-02-16
B0CP8QM4WK,2026-02-23
B0CP8QM4WK,2026-03-02
B0CP8QM4WK,2026-03-09
B0CP8QM4WK,2026-03-16
B0CP8QM4WK,2026-03-23
B0CP8QM4WK,2026-03-30
B0CP8QM4WK,2025-03-03
B0CP8QM4WK,2025-03-10
B0CP8QM4WK,2025-03-17
B0CP8QM4WK,2025-03-24
B0CP8QM4WK,2025-03-31
B0CP8QM4WK,2025-04-07
B0CP8QM4WK,2025-04-14
B0CP8QM4WK,2025-04-21
B0CP8QM4WK,2025-04-28
B0CP8QM4WK,2025-05-05
B0CP8QM4WK,2025-05-12
B0CP8QM4WK,2025-05-19
B0CP8QM4WK,2025-05-26
B0CP8QM4WK,2025-06-02
B0CP8QM4WK,2025-06-09
B0CP8QM4WK,2025-06-16
B0CP8QM4WK,2025-06-23
B0CP8QM4WK,2025-06-30
B0CP8QM4WK,2025-07-07
B0CP8QM4WK,2025-07-14
B0CP8QM4WK,2025-07-21
B0CP8QM4WK,2025-07-28
B0CP8QM4WK,2025-08-04
B0CP8QM4WK,2025-08-11
B0CP8QM4WK,2025-08-18
B0CP8QM4WK,2025-08-25
B0CP8QM4WK,2025-09-01
B0CP8QM4WK,2025-09-08
B0CP8QM4WK,2025-09-15
B0CP8QM4WK,2025-09-22
B0CP8QM4WK,2025-09-29
B0CP8QM4WK,2025-10-06
B0CP8QM4WK,2025-10-13
B0CP8QM4WK,2025-10-20
B0CP8QM4WK,2025-10-27
B0CP8QM4WK,2025-11-03
B0CP8QM4WK,2025-11-10
B0CP8QM4WK,2025-11-17
B0CP8QM4WK,2025-11-24
B0CP8QM4WK,2025-12-01
B0CP8QM4WK,2025-12-08
B0CP8QM4WK,2025-12-15
B0CP8QM4WK,2025-12-22
B0CP8QM4WK,2025-12-29
B0CP8QM4WK,2026-01-05
B0CP8QM4WK,2026-01-12
B0CP8QM4WK,2026-01-19
B0CP8QM4WK,2026-01-26
B0CP8QM4WK,2026-02-02
B0CP8QM4WK,2026-02-09
B0CP8QM4WK,2026-02-16
B0CP8QM4WK,2026-02-23
B0CP8QM4WK,2026-03-02
B0CP8QM4WK,2026-03-09
B0CP8QM4WK,2026-03-16
B0CP8QM4WK,2026-03-23
B0CP8QM4WK,2026-03-30
B0CPDW6J7J,2025-03-03
B0CPDW6J7J,2025-03-10
B0CPDW6J7J,2025-03-17
B0CPDW6J7J,2025-03-24
B0CPDW6J7J,2025-03-31
B0CPDW6J7J,2025-04-07
B0CPDW6J7J,2025-04-14
B0CPDW6J7J,2025-04-21
B0CPDW6J7J,2025-04-28
B0CPDW6J7J,2025-05-05
B0CPDW6J7J,2025-05-12
B0CPDW6J7J,2025-05-19
B0CPDW6J7J,2025-05-26
B0CPDW6J7J,2025-06-02
B0CPDW6J7J,2025-06-09
B0CPDW6J7J,2025-06-16
B0CPDW6J7J,2025-06-23
B0CPDW6J7J,2025-06-30
B0CPDW6J7J,2025-07-07
B0CPDW6J7J,2025-07-14
B0CPDW6J7J,2025-07-21
B0CPDW6J7J,2025-07-28
B0CPDW6J7J,2025-08-04
B0CPDW6J7J,2025-08-11
B0CPDW6J7J,2025-08-18
B0CPDW6J7J,2025-08-25
B0CPDW6J7J,2025-09-01
B0CPDW6J7J,2025-09-08
B0CPDW6J7J,2025-09-15
B0CPDW6J7J,2025-09-22
B0CPDW6J7J,2025-09-29
B0CPDW6J7J,2025-10-06
B0CPDW6J7J,2025-10-13
B0CPDW6J7J,2025-10-20
B0CPDW6J7J,2025-10-27
B0CPDW6J7J,2025-11-03
B0CPDW6J7J,2025-11-10
B0CPDW6J7J,2025-11-17
B0CPDW6J7J,2025-11-24
B0CPDW6J7J,2025-12-01
B0CPDW6J7J,2025-12-08
B0CPDW6J7J,2025-12-15
B0CPDW6J7J,2025-12-22
B0CPDW6J7J,2025-12-29
B0CPDW6J7J,2026-01-05
B0CPDW6J7J,2026-01-12
B0CPDW6J7J,2026-01-19
B0CPDW6J7J,2026-01-26
B0CPDW6J7J,2026-02-02
B0CPDW6J7J,2026-02-09
B0CPDW6J7J,2026-02-16
B0CPDW6J7J,2026-02-23
B0CPDW6J7J,2026-03-02
B0CPDW6J7J,2026-03-09
B0CPDW6J7J,2026-03-16
B0CPDW6J7J,2026-03-23
B0CPDW6J7J,2026-03-30
B0CPDW6J7J,2025-03-03
B0CPDW6J7J,2025-03-10
B0CPDW6J7J,2025-03-17
B0CPDW6J7J,2025-03-24
B0CPDW6J7J,2025-03-31
B0CPDW6J7J,2025-04-07
B0CPDW6J7J,2025-04-14
B0CPDW6J7J,2025-04-21
B0CPDW6J7J,2025-04-28
B0CPDW6J7J,2025-05-05
B0CPDW6J7J,2025-05-12
B0CPDW6J7J,2025-05-19
B0CPDW6J7J,2025-05-26
B0CPDW6J7J,2025-06-02
B0CPDW6J7J,2025-06-09
B0CPDW6J7J,2025-06-16
B0CPDW6J7J,2025-06-23
B0CPDW6J7J,2025-06-30
B0CPDW6J7J,2025-07-07
B0CPDW6J7J,2025-07-14
B0CPDW6J7J,2025-07-21
B0CPDW6J7J,2025-07-28
B0CPDW6J7J,2025-08-04
B0CPDW6J7J,2025-08-11
B0CPDW6J7J,2025-08-18
B0CPDW6J7J,2025-08-25
B0CPDW6J7J,2025-09-01
B0CPDW6J7J,2025-09-08
B0CPDW6J7J,2025-09-15
B0CPDW6J7J,2025-09-22
B0CPDW6J7J,2025-09-29
B0CPDW6J7J,2025-10-06
B0CPDW6J7J,2025-10-13
B0CPDW6J7J,2025-10-20
B0CPDW6J7J,2025-10-27
B0CPDW6J7J,2025-11-03
B0CPDW6J7J,2025-11-10
B0CPDW6J7J,2025-11-17
B0CPDW6J7J,2025-11-24
B0CPDW6J7J,2025-12-01
B0CPDW6J7J,2025-12-08
B0CPDW6J7J,2025-12-15
B0CPDW6J7J,2025-12-22
B0CPDW6J7J,2025-12-29
B0CPDW6J7J,2026-01-05
B0CPDW6J7J,2026-01-12
B0CPDW6J7J,2026-01-19
B0CPDW6J7J,2026-01-26
B0CPDW6J7J,2026-02-02
B0CPDW6J7J,2026-02-09
B0CPDW6J7J,2026-02-16
B0CPDW6J7J,2026-02-23
B0CPDW6J7J,2026-03-02
B0CPDW6J7J,2026-03-09
B0CPDW6J7J,2026-03-16
B0CPDW6J7J,2026-03-23
B0CPDW6J7J,2026-03-30
B0CPLX81KY,2025-03-03
B0CPLX81KY,2025-03-10
B0CPLX81KY,2025-03-17
B0CPLX81KY,2025-03-24
B0CPLX81KY,2025-03-31
B0CPLX81KY,2025-04-07
B0CPLX81KY,2025-04-14
B0CPLX81KY,2025-04-21
B0CPLX81KY,2025-04-28
B0CPLX81KY,2025-05-05
B0CPLX81KY,2025-05-12
B0CPLX81KY,2025-05-19
B0CPLX81KY,2025-05-26
B0CPLX81KY,2025-06-02
B0CPLX81KY,2025-06-09
B0CPLX81KY,2025-06-16
B0CPLX81KY,2025-06-23
B0CPLX81KY,2025-06-30
B0CPLX81KY,2025-07-07
B0CPLX81KY,2025-07-14
B0CPLX81KY,2025-07-21
B0CPLX81KY,2025-07-28
B0CPLX81KY,2025-08-04
B0CPLX81KY,2025-08-11
B0CPLX81KY,2025-08-18
B0CPLX81KY,2025-08-25
B0CPLX81KY,2025-09-01
B0CPLX81KY,2025-09-08
B0CPLX81KY,2025-09-15
B0CPLX81KY,2025-09-22
B0CPLX81KY,2025-09-29
B0CPLX81KY,2025-10-06
B0CPLX81KY,2025-10-13
B0CPLX81KY,2025-10-20
B0CPLX81KY,2025-10-27
B0CPLX81KY,2025-11-03
B0CPLX81KY,2025-11-10
B0CPLX81KY,2025-11-17
B0CPLX81KY,2025-11-24
B0CPLX81KY,2025-12-01
B0CPLX81KY,2025-12-08
B0CPLX81KY,2025-12-15
B0CPLX81KY,2025-12-22
B0CPLX81KY,2025-12-29
B0CPLX81KY,2026-01-05
B0CPLX81KY,2026-01-12
B0CPLX81KY,2026-01-19
B0CPLX81KY,2026-01-26
B0CPLX81KY,2026-02-02
B0CPLX81KY,2026-02-09
B0CPLX81KY,2026-02-16
B0CPLX81KY,2026-02-23
B0CPLX81KY,2026-03-02
B0CPLX81KY,2026-03-09
B0CPLX81KY,2026-03-16
B0CPLX81KY,2026-03-23
B0CPLX81KY,2026-03-30
B0CPLX81KY,2025-03-03
B0CPLX81KY,2025-03-10
B0CPLX81KY,2025-03-17
B0CPLX81KY,2025-03-24
B0CPLX81KY,2025-03-31
B0CPLX81KY,2025-04-07
B0CPLX81KY,2025-04-14
B0CPLX81KY,2025-04-21
B0CPLX81KY,2025-04-28
B0CPLX81KY,2025-05-05
B0CPLX81KY,2025-05-12
B0CPLX81KY,2025-05-19
B0CPLX81KY,2025-05-26
B0CPLX81KY,2025-06-02
B0CPLX81KY,2025-06-09
B0CPLX81KY,2025-06-16
B0CPLX81KY,2025-06-23
B0CPLX81KY,2025-06-30
B0CPLX81KY,2025-07-07
B0CPLX81KY,2025-07-14
B0CPLX81KY,2025-07-21
B0CPLX81KY,2025-07-28
B0CPLX81KY,2025-08-04
B0CPLX81KY,2025-08-11
B0CPLX81KY,2025-08-18
B0CPLX81KY,2025-08-25
B0CPLX81KY,2025-09-01
B0CPLX81KY,2025-09-08
B0CPLX81KY,2025-09-15
B0CPLX81KY,2025-09-22
B0CPLX81KY,2025-09-29
B0CPLX81KY,2025-10-06
B0CPLX81KY,2025-10-13
B0CPLX81KY,2025-10-20
B0CPLX81KY,2025-10-27
B0CPLX81KY,2025-11-03
B0CPLX81KY,2025-11-10
B0CPLX81KY,2025-11-17
B0CPLX81KY,2025-11-24
B0CPLX81KY,2025-12-01
B0CPLX81KY,2025-12-08
B0CPLX81KY,2025-12-15
B0CPLX81KY,2025-12-22
B0CPLX81KY,2025-12-29
B0CPLX81KY,2026-01-05
B0CPLX81KY,2026-01-12
B0CPLX81KY,2026-01-19
B0CPLX81KY,2026-01-26
B0CPLX81KY,2026-02-02
B0CPLX81KY,2026-02-09
B0CPLX81KY,2026-02-16
B0CPLX81KY,2026-02-23
B0CPLX81KY,2026-03-02
B0CPLX81KY,2026-03-09
B0CPLX81KY,2026-03-16
B0CPLX81KY,2026-03-23
B0CPLX81KY,2026-03-30
B0CQ1QHT8V,2025-03-03
B0CQ1QHT8V,2025-03-10
B0CQ1QHT8V,2025-03-17
B0CQ1QHT8V,2025-03-24
B0CQ1QHT8V,2025-03-31
B0CQ1QHT8V,2025-04-07
B0CQ1QHT8V,2025-04-14
B0CQ1QHT8V,2025-04-21
B0CQ1QHT8V,2025-04-28
B0CQ1QHT8V,2025-05-05
B0CQ1QHT8V,2025-05-12
B0CQ1QHT8V,2025-05-19
B0CQ1QHT8V,2025-05-26
B0CQ1QHT8V,2025-06-02
B0CQ1QHT8V,2025-06-09
B0CQ1QHT8V,2025-06-16
B0CQ1QHT8V,2025-06-23
B0CQ1QHT8V,2025-06-30
B0CQ1QHT8V,2025-07-07
B0CQ1QHT8V,2025-07-14
B0CQ1QHT8V,2025-07-21
B0CQ1QHT8V,2025-07-28
B0CQ1QHT8V,2025-08-04
B0CQ1QHT8V,2025-08-11
B0CQ1QHT8V,2025-08-18
B0CQ1QHT8V,2025-08-25
B0CQ1QHT8V,2025-09-01
B0CQ1QHT8V,2025-09-08
B0CQ1QHT8V,2025-09-15
B0CQ1QHT8V,2025-09-22
B0CQ1QHT8V,2025-09-29
B0CQ1QHT8V,2025-10-06
B0CQ1QHT8V,2025-10-13
B0CQ1QHT8V,2025-10-20
B0CQ1QHT8V,2025-10-27
B0CQ1QHT8V,2025-11-03
B0CQ1QHT8V,2025-11-10
B0CQ1QHT8V,2025-11-17
B0CQ1QHT8V,2025-11-24
B0CQ1QHT8V,2025-12-01
B0CQ1QHT8V,2025-12-08
B0CQ1QHT8V,2025-12-15
B0CQ1QHT8V,2025-12-22
B0CQ1QHT8V,2025-12-29
B0CQ1QHT8V,2026-01-05
B0CQ1QHT8V,2026-01-12
B0CQ1QHT8V,2026-01-19
B0CQ1QHT8V,2026-01-26
B0CQ1QHT8V,2026-02-02
B0CQ1QHT8V,2026-02-09
B0CQ1QHT8V,2026-02-16
B0CQ1QHT8V,2026-02-23
B0CQ1QHT8V,2026-03-02
B0CQ1QHT8V,2026-03-09
B0CQ1QHT8V,2026-03-16
B0CQ1QHT8V,2026-03-23
B0CQ1QHT8V,2026-03-30
B0CQ1QHT8V,2025-03-03
B0CQ1QHT8V,2025-03-10
B0CQ1QHT8V,2025-03-17
B0CQ1QHT8V,2025-03-24
B0CQ1QHT8V,2025-03-31
B0CQ1QHT8V,2025-04-07
B0CQ1QHT8V,2025-04-14
B0CQ1QHT8V,2025-04-21
B0CQ1QHT8V,2025-04-28
B0CQ1QHT8V,2025-05-05
B0CQ1QHT8V,2025-05-12
B0CQ1QHT8V,2025-05-19
B0CQ1QHT8V,2025-05-26
B0CQ1QHT8V,2025-06-02
B0CQ1QHT8V,2025-06-09
B0CQ1QHT8V,2025-06-16
B0CQ1QHT8V,2025-06-23
B0CQ1QHT8V,2025-06-30
B0CQ1QHT8V,2025-07-07
B0CQ1QHT8V,2025-07-14
B0CQ1QHT8V,2025-07-21
B0CQ1QHT8V,2025-07-28
B0CQ1QHT8V,2025-08-04
B0CQ1QHT8V,2025-08-11
B0CQ1QHT8V,2025-08-18
B0CQ1QHT8V,2025-08-25
B0CQ1QHT8V,2025-09-01
B0CQ1QHT8V,2025-09-08
B0CQ1QHT8V,2025-09-15
B0CQ1QHT8V,2025-09-22
B0CQ1QHT8V,2025-09-29
B0CQ1QHT8V,2025-10-06
B0CQ1QHT8V,2025-10-13
B0CQ1QHT8V,2025-10-20
B0CQ1QHT8V,2025-10-27
B0CQ1QHT8V,2025-11-03
B0CQ1QHT8V,2025-11-10
B0CQ1QHT8V,2025-11-17
B0CQ1QHT8V,2025-11-24
B0CQ1QHT8V,2025-12-01
B0CQ1QHT8V,2025-12-08
B0CQ1QHT8V,2025-12-15
B0CQ1QHT8V,2025-12-22
B0CQ1QHT8V,2025-12-29
B0CQ1QHT8V,2026-01-05
B0CQ1QHT8V,2026-01-12
B0CQ1QHT8V,2026-01-19
B0CQ1QHT8V,2026-01-26
B0CQ1QHT8V,2026-02-02
B0CQ1QHT8V,2026-02-09
B0CQ1QHT8V,2026-02-16
B0CQ1QHT8V,2026-02-23
B0CQ1QHT8V,2026-03-02
B0CQ1QHT8V,2026-03-09
B0CQ1QHT8V,2026-03-16
B0CQ1QHT8V,2026-03-23
B0CQ1QHT8V,2026-03-30
B0CQ2124LR,2025-03-03
B0CQ2124LR,2025-03-10
B0CQ2124LR,2025-03-17
B0CQ2124LR,2025-03-24
B0CQ2124LR,2025-03-31
B0CQ2124LR,2025-04-07
B0CQ2124LR,2025-04-14
B0CQ2124LR,2025-04-21
B0CQ2124LR,2025-04-28
B0CQ2124LR,2025-05-05
B0CQ2124LR,2025-05-12
B0CQ2124LR,2025-05-19
B0CQ2124LR,2025-05-26
B0CQ2124LR,2025-06-02
B0CQ2124LR,2025-06-09
B0CQ2124LR,2025-06-16
B0CQ2124LR,2025-06-23
B0CQ2124LR,2025-06-30
B0CQ2124LR,2025-07-07
B0CQ2124LR,2025-07-14
B0CQ2124LR,2025-07-21
B0CQ2124LR,2025-07-28
B0CQ2124LR,2025-08-04
B0CQ2124LR,2025-08-11
B0CQ2124LR,2025-08-18
B0CQ2124LR,2025-08-25
B0CQ2124LR,2025-09-01
B0CQ2124LR,2025-09-08
B0CQ2124LR,2025-09-15
B0CQ2124LR,2025-09-22
B0CQ2124LR,2025-09-29
B0CQ2124LR,2025-10-06
B0CQ2124LR,2025-10-13
B0CQ2124LR,2025-10-20
B0CQ2124LR,2025-10-27
B0CQ2124LR,2025-11-03
B0CQ2124LR,2025-11-10
B0CQ2124LR,2025-11-17
B0CQ2124LR,2025-11-24
B0CQ2124LR,2025-12-01
B0CQ2124LR,2025-12-08
B0CQ2124LR,2025-12-15
B0CQ2124LR,2025-12-22
B0CQ2124LR,2025-12-29
B0CQ2124LR,2026-01-05
B0CQ2124LR,2026-01-12
B0CQ2124LR,2026-01-19
B0CQ2124LR,2026-01-26
B0CQ2124LR,2026-02-02
B0CQ2124LR,2026-02-09
B0CQ2124LR,2026-02-16
B0CQ2124LR,2026-02-23
B0CQ2124LR,2026-03-02
B0CQ2124LR,2026-03-09
B0CQ2124LR,2026-03-16
B0CQ2124LR,2026-03-23
B0CQ2124LR,2026-03-30
B0CQ2124LR,2025-03-03
B0CQ2124LR,2025-03-10
B0CQ2124LR,2025-03-17
B0CQ2124LR,2025-03-24
B0CQ2124LR,2025-03-31
B0CQ2124LR,2025-04-07
B0CQ2124LR,2025-04-14
B0CQ2124LR,2025-04-21
B0CQ2124LR,2025-04-28
B0CQ2124LR,2025-05-05
B0CQ2124LR,2025-05-12
B0CQ2124LR,2025-05-19
B0CQ2124LR,2025-05-26
B0CQ2124LR,2025-06-02
B0CQ2124LR,2025-06-09
B0CQ2124LR,2025-06-16
B0CQ2124LR,2025-06-23
B0CQ2124LR,2025-06-30
B0CQ2124LR,2025-07-07
B0CQ2124LR,2025-07-14
B0CQ2124LR,2025-07-21
B0CQ2124LR,2025-07-28
B0CQ2124LR,2025-08-04
B0CQ2124LR,2025-08-11
B0CQ2124LR,2025-08-18
B0CQ2124LR,2025-08-25
B0CQ2124LR,2025-09-01
B0CQ2124LR,2025-09-08
B0CQ2124LR,2025-09-15
B0CQ2124LR,2025-09-22
B0CQ2124LR,2025-09-29
B0CQ2124LR,2025-10-06
B0CQ2124LR,2025-10-13
B0CQ2124LR,2025-10-20
B0CQ2124LR,2025-10-27
B0CQ2124LR,2025-11-03
B0CQ2124LR,2025-11-10
B0CQ2124LR,2025-11-17
B0CQ2124LR,2025-11-24
B0CQ2124LR,2025-12-01
B0CQ2124LR,2025-12-08
B0CQ2124LR,2025-12-15
B0CQ2124LR,2025-12-22
B0CQ2124LR,2025-12-29
B0CQ2124LR,2026-01-05
B0CQ2124LR,2026-01-12
B0CQ2124LR,2026-01-19
B0CQ2124LR,2026-01-26
B0CQ2124LR,2026-02-02
B0CQ2124LR,2026-02-09
B0CQ2124LR,2026-02-16
B0CQ2124LR,2026-02-23
B0CQ2124LR,2026-03-02
B0CQ2124LR,2026-03-09
B0CQ2124LR,2026-03-16
B0CQ2124LR,2026-03-23
B0CQ2124LR,2026-03-30
B0CQ6WTSXM,2025-03-03
B0CQ6WTSXM,2025-03-10
B0CQ6WTSXM,2025-03-17
B0CQ6WTSXM,2025-03-24
B0CQ6WTSXM,2025-03-31
B0CQ6WTSXM,2025-04-07
B0CQ6WTSXM,2025-04-14
B0CQ6WTSXM,2025-04-21
B0CQ6WTSXM,2025-04-28
B0CQ6WTSXM,2025-05-05
B0CQ6WTSXM,2025-05-12
B0CQ6WTSXM,2025-05-19
B0CQ6WTSXM,2025-05-26
B0CQ6WTSXM,2025-06-02
B0CQ6WTSXM,2025-06-09
B0CQ6WTSXM,2025-06-16
B0CQ6WTSXM,2025-06-23
B0CQ6WTSXM,2025-06-30
B0CQ6WTSXM,2025-07-07
B0CQ6WTSXM,2025-07-14
B0CQ6WTSXM,2025-07-21
B0CQ6WTSXM,2025-07-28
B0CQ6WTSXM,2025-08-04
B0CQ6WTSXM,2025-08-11
B0CQ6WTSXM,2025-08-18
B0CQ6WTSXM,2025-08-25
B0CQ6WTSXM,2025-09-01
B0CQ6WTSXM,2025-09-08
B0CQ6WTSXM,2025-09-15
B0CQ6WTSXM,2025-09-22
B0CQ6WTSXM,2025-09-29
B0CQ6WTSXM,2025-10-06
B0CQ6WTSXM,2025-10-13
B0CQ6WTSXM,2025-10-20
B0CQ6WTSXM,2025-10-27
B0CQ6WTSXM,2025-11-03
B0CQ6WTSXM,2025-11-10
B0CQ6WTSXM,2025-11-17
B0CQ6WTSXM,2025-11-24
B0CQ6WTSXM,2025-12-01
B0CQ6WTSXM,2025-12-08
B0CQ6WTSXM,2025-12-15
B0CQ6WTSXM,2025-12-22
B0CQ6WTSXM,2025-12-29
B0CQ6WTSXM,2026-01-05
B0CQ6WTSXM,2026-01-12
B0CQ6WTSXM,2026-01-19
B0CQ6WTSXM,2026-01-26
B0CQ6WTSXM,2026-02-02
B0CQ6WTSXM,2026-02-09
B0CQ6WTSXM,2026-02-16
B0CQ6WTSXM,2026-02-23
B0CQ6WTSXM,2026-03-02
B0CQ6WTSXM,2026-03-09
B0CQ6WTSXM,2026-03-16
B0CQ6WTSXM,2026-03-23
B0CQ6WTSXM,2026-03-30
B0CQ6WTSXM,2025-03-03
B0CQ6WTSXM,2025-03-10
B0CQ6WTSXM,2025-03-17
B0CQ6WTSXM,2025-03-24
B0CQ6WTSXM,2025-03-31
B0CQ6WTSXM,2025-04-07
B0CQ6WTSXM,2025-04-14
B0CQ6WTSXM,2025-04-21
B0CQ6WTSXM,2025-04-28
B0CQ6WTSXM,2025-05-05
B0CQ6WTSXM,2025-05-12
B0CQ6WTSXM,2025-05-19
B0CQ6WTSXM,2025-05-26
B0CQ6WTSXM,2025-06-02
B0CQ6WTSXM,2025-06-09
B0CQ6WTSXM,2025-06-16
B0CQ6WTSXM,2025-06-23
B0CQ6WTSXM,2025-06-30
B0CQ6WTSXM,2025-07-07
B0CQ6WTSXM,2025-07-14
B0CQ6WTSXM,2025-07-21
B0CQ6WTSXM,2025-07-28
B0CQ6WTSXM,2025-08-04
B0CQ6WTSXM,2025-08-11
B0CQ6WTSXM,2025-08-18
B0CQ6WTSXM,2025-08-25
B0CQ6WTSXM,2025-09-01
B0CQ6WTSXM,2025-09-08
B0CQ6WTSXM,2025-09-15
B0CQ6WTSXM,2025-09-22
B0CQ6WTSXM,2025-09-29
B0CQ6WTSXM,2025-10-06
B0CQ6WTSXM,2025-10-13
B0CQ6WTSXM,2025-10-20
B0CQ6WTSXM,2025-10-27
B0CQ6WTSXM,2025-11-03
B0CQ6WTSXM,2025-11-10
B0CQ6WTSXM,2025-11-17
B0CQ6WTSXM,2025-11-24
B0CQ6WTSXM,2025-12-01
B0CQ6WTSXM,2025-12-08
B0CQ6WTSXM,2025-12-15
B0CQ6WTSXM,2025-12-22
B0CQ6WTSXM,2025-12-29
B0CQ6WTSXM,2026-01-05
B0CQ6WTSXM,2026-01-12
B0CQ6WTSXM,2026-01-19
B0CQ6WTSXM,2026-01-26
B0CQ6WTSXM,2026-02-02
B0CQ6WTSXM,2026-02-09
B0CQ6WTSXM,2026-02-16
B0CQ6WTSXM,2026-02-23
B0CQ6WTSXM,2026-03-02
B0CQ6WTSXM,2026-03-09
B0CQ6WTSXM,2026-03-16
B0CQ6WTSXM,2026-03-23
B0CQ6WTSXM,2026-03-30
B0CQ7KS7HN,2025-03-03
B0CQ7KS7HN,2025-03-10
B0CQ7KS7HN,2025-03-17
B0CQ7KS7HN,2025-03-24
B0CQ7KS7HN,2025-03-31
B0CQ7KS7HN,2025-04-07
B0CQ7KS7HN,2025-04-14
B0CQ7KS7HN,2025-04-21
B0CQ7KS7HN,2025-04-28
B0CQ7KS7HN,2025-05-05
B0CQ7KS7HN,2025-05-12
B0CQ7KS7HN,2025-05-19
B0CQ7KS7HN,2025-05-26
B0CQ7KS7HN,2025-06-02
B0CQ7KS7HN,2025-06-09
B0CQ7KS7HN,2025-06-16
B0CQ7KS7HN,2025-06-23
B0CQ7KS7HN,2025-06-30
B0CQ7KS7HN,2025-07-07
B0CQ7KS7HN,2025-07-14
B0CQ7KS7HN,2025-07-21
B0CQ7KS7HN,2025-07-28
B0CQ7KS7HN,2025-08-04
B0CQ7KS7HN,2025-08-11
B0CQ7KS7HN,2025-08-18
B0CQ7KS7HN,2025-08-25
B0CQ7KS7HN,2025-09-01
B0CQ7KS7HN,2025-09-08
B0CQ7KS7HN,2025-09-15
B0CQ7KS7HN,2025-09-22
B0CQ7KS7HN,2025-09-29
B0CQ7KS7HN,2025-10-06
B0CQ7KS7HN,2025-10-13
B0CQ7KS7HN,2025-10-20
B0CQ7KS7HN,2025-10-27
B0CQ7KS7HN,2025-11-03
B0CQ7KS7HN,2025-11-10
B0CQ7KS7HN,2025-11-17
B0CQ7KS7HN,2025-11-24
B0CQ7KS7HN,2025-12-01
B0CQ7KS7HN,2025-12-08
B0CQ7KS7HN,2025-12-15
B0CQ7KS7HN,2025-12-22
B0CQ7KS7HN,2025-12-29
B0CQ7KS7HN,2026-01-05
B0CQ7KS7HN,2026-01-12
B0CQ7KS7HN,2026-01-19
B0CQ7KS7HN,2026-01-26
B0CQ7KS7HN,2026-02-02
B0CQ7KS7HN,2026-02-09
B0CQ7KS7HN,2026-02-16
B0CQ7KS7HN,2026-02-23
B0CQ7KS7HN,2026-03-02
B0CQ7KS7HN,2026-03-09
B0CQ7KS7HN,2026-03-16
B0CQ7KS7HN,2026-03-23
B0CQ7KS7HN,2026-03-30
B0CQ7KS7HN,2025-03-03
B0CQ7KS7HN,2025-03-10
B0CQ7KS7HN,2025-03-17
B0CQ7KS7HN,2025-03-24
B0CQ7KS7HN,2025-03-31
B0CQ7KS7HN,2025-04-07
B0CQ7KS7HN,2025-04-14
B0CQ7KS7HN,2025-04-21
B0CQ7KS7HN,2025-04-28
B0CQ7KS7HN,2025-05-05
B0CQ7KS7HN,2025-05-12
B0CQ7KS7HN,2025-05-19
B0CQ7KS7HN,2025-05-26
B0CQ7KS7HN,2025-06-02
B0CQ7KS7HN,2025-06-09
B0CQ7KS7HN,2025-06-16
B0CQ7KS7HN,2025-06-23
B0CQ7KS7HN,2025-06-30
B0CQ7KS7HN,2025-07-07
B0CQ7KS7HN,2025-07-14
B0CQ7KS7HN,2025-07-21
B0CQ7KS7HN,2025-07-28
B0CQ7KS7HN,2025-08-04
B0CQ7KS7HN,2025-08-11
B0CQ7KS7HN,2025-08-18
B0CQ7KS7HN,2025-08-25
B0CQ7KS7HN,2025-09-01
B0CQ7KS7HN,2025-09-08
B0CQ7KS7HN,2025-09-15
B0CQ7KS7HN,2025-09-22
B0CQ7KS7HN,2025-09-29
B0CQ7KS7HN,2025-10-06
B0CQ7KS7HN,2025-10-13
B0CQ7KS7HN,2025-10-20
B0CQ7KS7HN,2025-10-27
B0CQ7KS7HN,2025-11-03
B0CQ7KS7HN,2025-11-10
B0CQ7KS7HN,2025-11-17
B0CQ7KS7HN,2025-11-24
B0CQ7KS7HN,2025-12-01
B0CQ7KS7HN,2025-12-08
B0CQ7KS7HN,2025-12-15
B0CQ7KS7HN,2025-12-22
B0CQ7KS7HN,2025-12-29
B0CQ7KS7HN,2026-01-05
B0CQ7KS7HN,2026-01-12
B0CQ7KS7HN,2026-01-19
B0CQ7KS7HN,2026-01-26
B0CQ7KS7HN,2026-02-02
B0CQ7KS7HN,2026-02-09
B0CQ7KS7HN,2026-02-16
B0CQ7KS7HN,2026-02-23
B0CQ7KS7HN,2026-03-02
B0CQ7KS7HN,2026-03-09
B0CQ7KS7HN,2026-03-16
B0CQ7KS7HN,2026-03-23
B0CQ7KS7HN,2026-03-30
B0CQF8CCQM,2025-03-03
B0CQF8CCQM,2025-03-10
B0CQF8CCQM,2025-03-17
B0CQF8CCQM,2025-03-24
B0CQF8CCQM,2025-03-31
B0CQF8CCQM,2025-04-07
B0CQF8CCQM,2025-04-14
B0CQF8CCQM,2025-04-21
B0CQF8CCQM,2025-04-28
B0CQF8CCQM,2025-05-05
B0CQF8CCQM,2025-05-12
B0CQF8CCQM,2025-05-19
B0CQF8CCQM,2025-05-26
B0CQF8CCQM,2025-06-02
B0CQF8CCQM,2025-06-09
B0CQF8CCQM,2025-06-16
B0CQF8CCQM,2025-06-23
B0CQF8CCQM,2025-06-30
B0CQF8CCQM,2025-07-07
B0CQF8CCQM,2025-07-14
B0CQF8CCQM,2025-07-21
B0CQF8CCQM,2025-07-28
B0CQF8CCQM,2025-08-04
B0CQF8CCQM,2025-08-11
B0CQF8CCQM,2025-08-18
B0CQF8CCQM,2025-08-25
B0CQF8CCQM,2025-09-01
B0CQF8CCQM,2025-09-08
B0CQF8CCQM,2025-09-15
B0CQF8CCQM,2025-09-22
B0CQF8CCQM,2025-09-29
B0CQF8CCQM,2025-10-06
B0CQF8CCQM,2025-10-13
B0CQF8CCQM,2025-10-20
B0CQF8CCQM,2025-10-27
B0CQF8CCQM,2025-11-03
B0CQF8CCQM,2025-11-10
B0CQF8CCQM,2025-11-17
B0CQF8CCQM,2025-11-24
B0CQF8CCQM,2025-12-01
B0CQF8CCQM,2025-12-08
B0CQF8CCQM,2025-12-15
B0CQF8CCQM,2025-12-22
B0CQF8CCQM,2025-12-29
B0CQF8CCQM,2026-01-05
B0CQF8CCQM,2026-01-12
B0CQF8CCQM,2026-01-19
B0CQF8CCQM,2026-01-26
B0CQF8CCQM,2026-02-02
B0CQF8CCQM,2026-02-09
B0CQF8CCQM,2026-02-16
B0CQF8CCQM,2026-02-23
B0CQF8CCQM,2026-03-02
B0CQF8CCQM,2026-03-09
B0CQF8CCQM,2026-03-16
B0CQF8CCQM,2026-03-23
B0CQF8CCQM,2026-03-30
B0CQF8CCQM,2025-03-03
B0CQF8CCQM,2025-03-10
B0CQF8CCQM,2025-03-17
B0CQF8CCQM,2025-03-24
B0CQF8CCQM,2025-03-31
B0CQF8CCQM,2025-04-07
B0CQF8CCQM,2025-04-14
B0CQF8CCQM,2025-04-21
B0CQF8CCQM,2025-04-28
B0CQF8CCQM,2025-05-05
B0CQF8CCQM,2025-05-12
B0CQF8CCQM,2025-05-19
B0CQF8CCQM,2025-05-26
B0CQF8CCQM,2025-06-02
B0CQF8CCQM,2025-06-09
B0CQF8CCQM,2025-06-16
B0CQF8CCQM,2025-06-23
B0CQF8CCQM,2025-06-30
B0CQF8CCQM,2025-07-07
B0CQF8CCQM,2025-07-14
B0CQF8CCQM,2025-07-21
B0CQF8CCQM,2025-07-28
B0CQF8CCQM,2025-08-04
B0CQF8CCQM,2025-08-11
B0CQF8CCQM,2025-08-18
B0CQF8CCQM,2025-08-25
B0CQF8CCQM,2025-09-01
B0CQF8CCQM,2025-09-08
B0CQF8CCQM,2025-09-15
B0CQF8CCQM,2025-09-22
B0CQF8CCQM,2025-09-29
B0CQF8CCQM,2025-10-06
B0CQF8CCQM,2025-10-13
B0CQF8CCQM,2025-10-20
B0CQF8CCQM,2025-10-27
B0CQF8CCQM,2025-11-03
B0CQF8CCQM,2025-11-10
B0CQF8CCQM,2025-11-17
B0CQF8CCQM,2025-11-24
B0CQF8CCQM,2025-12-01
B0CQF8CCQM,2025-12-08
B0CQF8CCQM,2025-12-15
B0CQF8CCQM,2025-12-22
B0CQF8CCQM,2025-12-29
B0CQF8CCQM,2026-01-05
B0CQF8CCQM,2026-01-12
B0CQF8CCQM,2026-01-19
B0CQF8CCQM,2026-01-26
B0CQF8CCQM,2026-02-02
B0CQF8CCQM,2026-02-09
B0CQF8CCQM,2026-02-16
B0CQF8CCQM,2026-02-23
B0CQF8CCQM,2026-03-02
B0CQF8CCQM,2026-03-09
B0CQF8CCQM,2026-03-16
B0CQF8CCQM,2026-03-23
B0CQF8CCQM,2026-03-30
B0CQQ13K4Z,2025-03-03
B0CQQ13K4Z,2025-03-10
B0CQQ13K4Z,2025-03-17
B0CQQ13K4Z,2025-03-24
B0CQQ13K4Z,2025-03-31
B0CQQ13K4Z,2025-04-07
B0CQQ13K4Z,2025-04-14
B0CQQ13K4Z,2025-04-21
B0CQQ13K4Z,2025-04-28
B0CQQ13K4Z,2025-05-05
B0CQQ13K4Z,2025-05-12
B0CQQ13K4Z,2025-05-19
B0CQQ13K4Z,2025-05-26
B0CQQ13K4Z,2025-06-02
B0CQQ13K4Z,2025-06-09
B0CQQ13K4Z,2025-06-16
B0CQQ13K4Z,2025-06-23
B0CQQ13K4Z,2025-06-30
B0CQQ13K4Z,2025-07-07
B0CQQ13K4Z,2025-07-14
B0CQQ13K4Z,2025-07-21
B0CQQ13K4Z,2025-07-28
B0CQQ13K4Z,2025-08-04
B0CQQ13K4Z,2025-08-11
B0CQQ13K4Z,2025-08-18
B0CQQ13K4Z,2025-08-25
B0CQQ13K4Z,2025-09-01
B0CQQ13K4Z,2025-09-08
B0CQQ13K4Z,2025-09-15
B0CQQ13K4Z,2025-09-22
B0CQQ13K4Z,2025-09-29
B0CQQ13K4Z,2025-10-06
B0CQQ13K4Z,2025-10-13
B0CQQ13K4Z,2025-10-20
B0CQQ13K4Z,2025-10-27
B0CQQ13K4Z,2025-11-03
B0CQQ13K4Z,2025-11-10
B0CQQ13K4Z,2025-11-17
B0CQQ13K4Z,2025-11-24
B0CQQ13K4Z,2025-12-01
B0CQQ13K4Z,2025-12-08
B0CQQ13K4Z,2025-12-15
B0CQQ13K4Z,2025-12-22
B0CQQ13K4Z,2025-12-29
B0CQQ13K4Z,2026-01-05
B0CQQ13K4Z,2026-01-12
B0CQQ13K4Z,2026-01-19
B0CQQ13K4Z,2026-01-26
B0CQQ13K4Z,2026-02-02
B0CQQ13K4Z,2026-02-09
B0CQQ13K4Z,2026-02-16
B0CQQ13K4Z,2026-02-23
B0CQQ13K4Z,2026-03-02
B0CQQ13K4Z,2026-03-09
B0CQQ13K4Z,2026-03-16
B0CQQ13K4Z,2026-03-23
B0CQQ13K4Z,2026-03-30
B0CQQ13K4Z,2025-03-03
B0CQQ13K4Z,2025-03-10
B0CQQ13K4Z,2025-03-17
B0CQQ13K4Z,2025-03-24
B0CQQ13K4Z,2025-03-31
B0CQQ13K4Z,2025-04-07
B0CQQ13K4Z,2025-04-14
B0CQQ13K4Z,2025-04-21
B0CQQ13K4Z,2025-04-28
B0CQQ13K4Z,2025-05-05
B0CQQ13K4Z,2025-05-12
B0CQQ13K4Z,2025-05-19
B0CQQ13K4Z,2025-05-26
B0CQQ13K4Z,2025-06-02
B0CQQ13K4Z,2025-06-09
B0CQQ13K4Z,2025-06-16
B0CQQ13K4Z,2025-06-23
B0CQQ13K4Z,2025-06-30
B0CQQ13K4Z,2025-07-07
B0CQQ13K4Z,2025-07-14
B0CQQ13K4Z,2025-07-21
B0CQQ13K4Z,2025-07-28
B0CQQ13K4Z,2025-08-04
B0CQQ13K4Z,2025-08-11
B0CQQ13K4Z,2025-08-18
B0CQQ13K4Z,2025-08-25
B0CQQ13K4Z,2025-09-01
B0CQQ13K4Z,2025-09-08
B0CQQ13K4Z,2025-09-15
B0CQQ13K4Z,2025-09-22
B0CQQ13K4Z,2025-09-29
B0CQQ13K4Z,2025-10-06
B0CQQ13K4Z,2025-10-13
B0CQQ13K4Z,2025-10-20
B0CQQ13K4Z,2025-10-27
B0CQQ13K4Z,2025-11-03
B0CQQ13K4Z,2025-11-10
B0CQQ13K4Z,2025-11-17
B0CQQ13K4Z,2025-11-24
B0CQQ13K4Z,2025-12-01
B0CQQ13K4Z,2025-12-08
B0CQQ13K4Z,2025-12-15
B0CQQ13K4Z,2025-12-22
B0CQQ13K4Z,2025-12-29
B0CQQ13K4Z,2026-01-05
B0CQQ13K4Z,2026-01-12
B0CQQ13K4Z,2026-01-19
B0CQQ13K4Z,2026-01-26
B0CQQ13K4Z,2026-02-02
B0CQQ13K4Z,2026-02-09
B0CQQ13K4Z,2026-02-16
B0CQQ13K4Z,2026-02-23
B0CQQ13K4Z,2026-03-02
B0CQQ13K4Z,2026-03-09
B0CQQ13K4Z,2026-03-16
B0CQQ13K4Z,2026-03-23
B0CQQ13K4Z,2026-03-30
B0CQVY6GXC,2025-03-03
B0CQVY6GXC,2025-03-10
B0CQVY6GXC,2025-03-17
B0CQVY6GXC,2025-03-24
B0CQVY6GXC,2025-03-31
B0CQVY6GXC,2025-04-07
B0CQVY6GXC,2025-04-14
B0CQVY6GXC,2025-04-21
B0CQVY6GXC,2025-04-28
B0CQVY6GXC,2025-05-05
B0CQVY6GXC,2025-05-12
B0CQVY6GXC,2025-05-19
B0CQVY6GXC,2025-05-26
B0CQVY6GXC,2025-06-02
B0CQVY6GXC,2025-06-09
B0CQVY6GXC,2025-06-16
B0CQVY6GXC,2025-06-23
B0CQVY6GXC,2025-06-30
B0CQVY6GXC,2025-07-07
B0CQVY6GXC,2025-07-14
B0CQVY6GXC,2025-07-21
B0CQVY6GXC,2025-07-28
B0CQVY6GXC,2025-08-04
B0CQVY6GXC,2025-08-11
B0CQVY6GXC,2025-08-18
B0CQVY6GXC,2025-08-25
B0CQVY6GXC,2025-09-01
B0CQVY6GXC,2025-09-08
B0CQVY6GXC,2025-09-15
B0CQVY6GXC,2025-09-22
B0CQVY6GXC,2025-09-29
B0CQVY6GXC,2025-10-06
B0CQVY6GXC,2025-10-13
B0CQVY6GXC,2025-10-20
B0CQVY6GXC,2025-10-27
B0CQVY6GXC,2025-11-03
B0CQVY6GXC,2025-11-10
B0CQVY6GXC,2025-11-17
B0CQVY6GXC,2025-11-24
B0CQVY6GXC,2025-12-01
B0CQVY6GXC,2025-12-08
B0CQVY6GXC,2025-12-15
B0CQVY6GXC,2025-12-22
B0CQVY6GXC,2025-12-29
B0CQVY6GXC,2026-01-05
B0CQVY6GXC,2026-01-12
B0CQVY6GXC,2026-01-19
B0CQVY6GXC,2026-01-26
B0CQVY6GXC,2026-02-02
B0CQVY6GXC,2026-02-09
B0CQVY6GXC,2026-02-16
B0CQVY6GXC,2026-02-23
B0CQVY6GXC,2026-03-02
B0CQVY6GXC,2026-03-09
B0CQVY6GXC,2026-03-16
B0CQVY6GXC,2026-03-23
B0CQVY6GXC,2026-03-30
B0CQVY6GXC,2025-03-03
B0CQVY6GXC,2025-03-10
B0CQVY6GXC,2025-03-17
B0CQVY6GXC,2025-03-24
B0CQVY6GXC,2025-03-31
B0CQVY6GXC,2025-04-07
B0CQVY6GXC,2025-04-14
B0CQVY6GXC,2025-04-21
B0CQVY6GXC,2025-04-28
B0CQVY6GXC,2025-05-05
B0CQVY6GXC,2025-05-12
B0CQVY6GXC,2025-05-19
B0CQVY6GXC,2025-05-26
B0CQVY6GXC,2025-06-02
B0CQVY6GXC,2025-06-09
B0CQVY6GXC,2025-06-16
B0CQVY6GXC,2025-06-23
B0CQVY6GXC,2025-06-30
B0CQVY6GXC,2025-07-07
B0CQVY6GXC,2025-07-14
B0CQVY6GXC,2025-07-21
B0CQVY6GXC,2025-07-28
B0CQVY6GXC,2025-08-04
B0CQVY6GXC,2025-08-11
B0CQVY6GXC,2025-08-18
B0CQVY6GXC,2025-08-25
B0CQVY6GXC,2025-09-01
B0CQVY6GXC,2025-09-08
B0CQVY6GXC,2025-09-15
B0CQVY6GXC,2025-09-22
B0CQVY6GXC,2025-09-29
B0CQVY6GXC,2025-10-06
B0CQVY6GXC,2025-10-13
B0CQVY6GXC,2025-10-20
B0CQVY6GXC,2025-10-27
B0CQVY6GXC,2025-11-03
B0CQVY6GXC,2025-11-10
B0CQVY6GXC,2025-11-17
B0CQVY6GXC,2025-11-24
B0CQVY6GXC,2025-12-01
B0CQVY6GXC,2025-12-08
B0CQVY6GXC,2025-12-15
B0CQVY6GXC,2025-12-22
B0CQVY6GXC,2025-12-29
B0CQVY6GXC,2026-01-05
B0CQVY6GXC,2026-01-12
B0CQVY6GXC,2026-01-19
B0CQVY6GXC,2026-01-26
B0CQVY6GXC,2026-02-02
B0CQVY6GXC,2026-02-09
B0CQVY6GXC,2026-02-16
B0CQVY6GXC,2026-02-23
B0CQVY6GXC,2026-03-02
B0CQVY6GXC,2026-03-09
B0CQVY6GXC,2026-03-16
B0CQVY6GXC,2026-03-23
B0CQVY6GXC,2026-03-30
B0CQW7YZ1H,2025-03-03
B0CQW7YZ1H,2025-03-10
B0CQW7YZ1H,2025-03-17
B0CQW7YZ1H,2025-03-24
B0CQW7YZ1H,2025-03-31
B0CQW7YZ1H,2025-04-07
B0CQW7YZ1H,2025-04-14
B0CQW7YZ1H,2025-04-21
B0CQW7YZ1H,2025-04-28
B0CQW7YZ1H,2025-05-05
B0CQW7YZ1H,2025-05-12
B0CQW7YZ1H,2025-05-19
B0CQW7YZ1H,2025-05-26
B0CQW7YZ1H,2025-06-02
B0CQW7YZ1H,2025-06-09
B0CQW7YZ1H,2025-06-16
B0CQW7YZ1H,2025-06-23
B0CQW7YZ1H,2025-06-30
B0CQW7YZ1H,2025-07-07
B0CQW7YZ1H,2025-07-14
B0CQW7YZ1H,2025-07-21
B0CQW7YZ1H,2025-07-28
B0CQW7YZ1H,2025-08-04
B0CQW7YZ1H,2025-08-11
B0CQW7YZ1H,2025-08-18
B0CQW7YZ1H,2025-08-25
B0CQW7YZ1H,2025-09-01
B0CQW7YZ1H,2025-09-08
B0CQW7YZ1H,2025-09-15
B0CQW7YZ1H,2025-09-22
B0CQW7YZ1H,2025-09-29
B0CQW7YZ1H,2025-10-06
B0CQW7YZ1H,2025-10-13
B0CQW7YZ1H,2025-10-20
B0CQW7YZ1H,2025-10-27
B0CQW7YZ1H,2025-11-03
B0CQW7YZ1H,2025-11-10
B0CQW7YZ1H,2025-11-17
B0CQW7YZ1H,2025-11-24
B0CQW7YZ1H,2025-12-01
B0CQW7YZ1H,2025-12-08
B0CQW7YZ1H,2025-12-15
B0CQW7YZ1H,2025-12-22
B0CQW7YZ1H,2025-12-29
B0CQW7YZ1H,2026-01-05
B0CQW7YZ1H,2026-01-12
B0CQW7YZ1H,2026-01-19
B0CQW7YZ1H,2026-01-26
B0CQW7YZ1H,2026-02-02
B0CQW7YZ1H,2026-02-09
B0CQW7YZ1H,2026-02-16
B0CQW7YZ1H,2026-02-23
B0CQW7YZ1H,2026-03-02
B0CQW7YZ1H,2026-03-09
B0CQW7YZ1H,2026-03-16
B0CQW7YZ1H,2026-03-23
B0CQW7YZ1H,2026-03-30
B0CQW7YZ1H,2025-03-03
B0CQW7YZ1H,2025-03-10
B0CQW7YZ1H,2025-03-17
B0CQW7YZ1H,2025-03-24
B0CQW7YZ1H,2025-03-31
B0CQW7YZ1H,2025-04-07
B0CQW7YZ1H,2025-04-14
B0CQW7YZ1H,2025-04-21
B0CQW7YZ1H,2025-04-28
B0CQW7YZ1H,2025-05-05
B0CQW7YZ1H,2025-05-12
B0CQW7YZ1H,2025-05-19
B0CQW7YZ1H,2025-05-26
B0CQW7YZ1H,2025-06-02
B0CQW7YZ1H,2025-06-09
B0CQW7YZ1H,2025-06-16
B0CQW7YZ1H,2025-06-23
B0CQW7YZ1H,2025-06-30
B0CQW7YZ1H,2025-07-07
B0CQW7YZ1H,2025-07-14
B0CQW7YZ1H,2025-07-21
B0CQW7YZ1H,2025-07-28
B0CQW7YZ1H,2025-08-04
B0CQW7YZ1H,2025-08-11
B0CQW7YZ1H,2025-08-18
B0CQW7YZ1H,2025-08-25
B0CQW7YZ1H,2025-09-01
B0CQW7YZ1H,2025-09-08
B0CQW7YZ1H,2025-09-15
B0CQW7YZ1H,2025-09-22
B0CQW7YZ1H,2025-09-29
B0CQW7YZ1H,2025-10-06
B0CQW7YZ1H,2025-10-13
B0CQW7YZ1H,2025-10-20
B0CQW7YZ1H,2025-10-27
B0CQW7YZ1H,2025-11-03
B0CQW7YZ1H,2025-11-10
B0CQW7YZ1H,2025-11-17
B0CQW7YZ1H,2025-11-24
B0CQW7YZ1H,2025-12-01
B0CQW7YZ1H,2025-12-08
B0CQW7YZ1H,2025-12-15
B0CQW7YZ1H,2025-12-22
B0CQW7YZ1H,2025-12-29
B0CQW7YZ1H,2026-01-05
B0CQW7YZ1H,2026-01-12
B0CQW7YZ1H,2026-01-19
B0CQW7YZ1H,2026-01-26
B0CQW7YZ1H,2026-02-02
B0CQW7YZ1H,2026-02-09
B0CQW7YZ1H,2026-02-16
B0CQW7YZ1H,2026-02-23
B0CQW7YZ1H,2026-03-02
B0CQW7YZ1H,2026-03-09
B0CQW7YZ1H,2026-03-16
B0CQW7YZ1H,2026-03-23
B0CQW7YZ1H,2026-03-30
B0CR1BJ98W,2025-03-03
B0CR1BJ98W,2025-03-10
B0CR1BJ98W,2025-03-17
B0CR1BJ98W,2025-03-24
B0CR1BJ98W,2025-03-31
B0CR1BJ98W,2025-04-07
B0CR1BJ98W,2025-04-14
B0CR1BJ98W,2025-04-21
B0CR1BJ98W,2025-04-28
B0CR1BJ98W,2025-05-05
B0CR1BJ98W,2025-05-12
B0CR1BJ98W,2025-05-19
B0CR1BJ98W,2025-05-26
B0CR1BJ98W,2025-06-02
B0CR1BJ98W,2025-06-09
B0CR1BJ98W,2025-06-16
B0CR1BJ98W,2025-06-23
B0CR1BJ98W,2025-06-30
B0CR1BJ98W,2025-07-07
B0CR1BJ98W,2025-07-14
B0CR1BJ98W,2025-07-21
B0CR1BJ98W,2025-07-28
B0CR1BJ98W,2025-08-04
B0CR1BJ98W,2025-08-11
B0CR1BJ98W,2025-08-18
B0CR1BJ98W,2025-08-25
B0CR1BJ98W,2025-09-01
B0CR1BJ98W,2025-09-08
B0CR1BJ98W,2025-09-15
B0CR1BJ98W,2025-09-22
B0CR1BJ98W,2025-09-29
B0CR1BJ98W,2025-10-06
B0CR1BJ98W,2025-10-13
B0CR1BJ98W,2025-10-20
B0CR1BJ98W,2025-10-27
B0CR1BJ98W,2025-11-03
B0CR1BJ98W,2025-11-10
B0CR1BJ98W,2025-11-17
B0CR1BJ98W,2025-11-24
B0CR1BJ98W,2025-12-01
B0CR1BJ98W,2025-12-08
B0CR1BJ98W,2025-12-15
B0CR1BJ98W,2025-12-22
B0CR1BJ98W,2025-12-29
B0CR1BJ98W,2026-01-05
B0CR1BJ98W,2026-01-12
B0CR1BJ98W,2026-01-19
B0CR1BJ98W,2026-01-26
B0CR1BJ98W,2026-02-02
B0CR1BJ98W,2026-02-09
B0CR1BJ98W,2026-02-16
B0CR1BJ98W,2026-02-23
B0CR1BJ98W,2026-03-02
B0CR1BJ98W,2026-03-09
B0CR1BJ98W,2026-03-16
B0CR1BJ98W,2026-03-23
B0CR1BJ98W,2026-03-30
B0CR1BJ98W,2025-03-03
B0CR1BJ98W,2025-03-10
B0CR1BJ98W,2025-03-17
B0CR1BJ98W,2025-03-24
B0CR1BJ98W,2025-03-31
B0CR1BJ98W,2025-04-07
B0CR1BJ98W,2025-04-14
B0CR1BJ98W,2025-04-21
B0CR1BJ98W,2025-04-28
B0CR1BJ98W,2025-05-05
B0CR1BJ98W,2025-05-12
B0CR1BJ98W,2025-05-19
B0CR1BJ98W,2025-05-26
B0CR1BJ98W,2025-06-02
B0CR1BJ98W,2025-06-09
B0CR1BJ98W,2025-06-16
B0CR1BJ98W,2025-06-23
B0CR1BJ98W,2025-06-30
B0CR1BJ98W,2025-07-07
B0CR1BJ98W,2025-07-14
B0CR1BJ98W,2025-07-21
B0CR1BJ98W,2025-07-28
B0CR1BJ98W,2025-08-04
B0CR1BJ98W,2025-08-11
B0CR1BJ98W,2025-08-18
B0CR1BJ98W,2025-08-25
B0CR1BJ98W,2025-09-01
B0CR1BJ98W,2025-09-08
B0CR1BJ98W,2025-09-15
B0CR1BJ98W,2025-09-22
B0CR1BJ98W,2025-09-29
B0CR1BJ98W,2025-10-06
B0CR1BJ98W,2025-10-13
B0CR1BJ98W,2025-10-20
B0CR1BJ98W,2025-10-27
B0CR1BJ98W,2025-11-03
B0CR1BJ98W,2025-11-10
B0CR1BJ98W,2025-11-17
B0CR1BJ98W,2025-11-24
B0CR1BJ98W,2025-12-01
B0CR1BJ98W,2025-12-08
B0CR1BJ98W,2025-12-15
B0CR1BJ98W,2025-12-22
B0CR1BJ98W,2025-12-29
B0CR1BJ98W,2026-01-05
B0CR1BJ98W,2026-01-12
B0CR1BJ98W,2026-01-19
B0CR1BJ98W,2026-01-26
B0CR1BJ98W,2026-02-02
B0CR1BJ98W,2026-02-09
B0CR1BJ98W,2026-02-16
B0CR1BJ98W,2026-02-23
B0CR1BJ98W,2026-03-02
B0CR1BJ98W,2026-03-09
B0CR1BJ98W,2026-03-16
B0CR1BJ98W,2026-03-23
B0CR1BJ98W,2026-03-30
B0CR6BDWPJ,2025-03-03
B0CR6BDWPJ,2025-03-10
B0CR6BDWPJ,2025-03-17
B0CR6BDWPJ,2025-03-24
B0CR6BDWPJ,2025-03-31
B0CR6BDWPJ,2025-04-07
B0CR6BDWPJ,2025-04-14
B0CR6BDWPJ,2025-04-21
B0CR6BDWPJ,2025-04-28
B0CR6BDWPJ,2025-05-05
B0CR6BDWPJ,2025-05-12
B0CR6BDWPJ,2025-05-19
B0CR6BDWPJ,2025-05-26
B0CR6BDWPJ,2025-06-02
B0CR6BDWPJ,2025-06-09
B0CR6BDWPJ,2025-06-16
B0CR6BDWPJ,2025-06-23
B0CR6BDWPJ,2025-06-30
B0CR6BDWPJ,2025-07-07
B0CR6BDWPJ,2025-07-14
B0CR6BDWPJ,2025-07-21
B0CR6BDWPJ,2025-07-28
B0CR6BDWPJ,2025-08-04
B0CR6BDWPJ,2025-08-11
B0CR6BDWPJ,2025-08-18
B0CR6BDWPJ,2025-08-25
B0CR6BDWPJ,2025-09-01
B0CR6BDWPJ,2025-09-08
B0CR6BDWPJ,2025-09-15
B0CR6BDWPJ,2025-09-22
B0CR6BDWPJ,2025-09-29
B0CR6BDWPJ,2025-10-06
B0CR6BDWPJ,2025-10-13
B0CR6BDWPJ,2025-10-20
B0CR6BDWPJ,2025-10-27
B0CR6BDWPJ,2025-11-03
B0CR6BDWPJ,2025-11-10
B0CR6BDWPJ,2025-11-17
B0CR6BDWPJ,2025-11-24
B0CR6BDWPJ,2025-12-01
B0CR6BDWPJ,2025-12-08
B0CR6BDWPJ,2025-12-15
B0CR6BDWPJ,2025-12-22
B0CR6BDWPJ,2025-12-29
B0CR6BDWPJ,2026-01-05
B0CR6BDWPJ,2026-01-12
B0CR6BDWPJ,2026-01-19
B0CR6BDWPJ,2026-01-26
B0CR6BDWPJ,2026-02-02
B0CR6BDWPJ,2026-02-09
B0CR6BDWPJ,2026-02-16
B0CR6BDWPJ,2026-02-23
B0CR6BDWPJ,2026-03-02
B0CR6BDWPJ,2026-03-09
B0CR6BDWPJ,2026-03-16
B0CR6BDWPJ,2026-03-23
B0CR6BDWPJ,2026-03-30
B0CR6BDWPJ,2025-03-03
B0CR6BDWPJ,2025-03-10
B0CR6BDWPJ,2025-03-17
B0CR6BDWPJ,2025-03-24
B0CR6BDWPJ,2025-03-31
B0CR6BDWPJ,2025-04-07
B0CR6BDWPJ,2025-04-14
B0CR6BDWPJ,2025-04-21
B0CR6BDWPJ,2025-04-28
B0CR6BDWPJ,2025-05-05
B0CR6BDWPJ,2025-05-12
B0CR6BDWPJ,2025-05-19
B0CR6BDWPJ,2025-05-26
B0CR6BDWPJ,2025-06-02
B0CR6BDWPJ,2025-06-09
B0CR6BDWPJ,2025-06-16
B0CR6BDWPJ,2025-06-23
B0CR6BDWPJ,2025-06-30
B0CR6BDWPJ,2025-07-07
B0CR6BDWPJ,2025-07-14
B0CR6BDWPJ,2025-07-21
B0CR6BDWPJ,2025-07-28
B0CR6BDWPJ,2025-08-04
B0CR6BDWPJ,2025-08-11
B0CR6BDWPJ,2025-08-18
B0CR6BDWPJ,2025-08-25
B0CR6BDWPJ,2025-09-01
B0CR6BDWPJ,2025-09-08
B0CR6BDWPJ,2025-09-15
B0CR6BDWPJ,2025-09-22
B0CR6BDWPJ,2025-09-29
B0CR6BDWPJ,2025-10-06
B0CR6BDWPJ,2025-10-13
B0CR6BDWPJ,2025-10-20
B0CR6BDWPJ,2025-10-27
B0CR6BDWPJ,2025-11-03
B0CR6BDWPJ,2025-11-10
B0CR6BDWPJ,2025-11-17
B0CR6BDWPJ,2025-11-24
B0CR6BDWPJ,2025-12-01
B0CR6BDWPJ,2025-12-08
B0CR6BDWPJ,2025-12-15
B0CR6BDWPJ,2025-12-22
B0CR6BDWPJ,2025-12-29
B0CR6BDWPJ,2026-01-05
B0CR6BDWPJ,2026-01-12
B0CR6BDWPJ,2026-01-19
B0CR6BDWPJ,2026-01-26
B0CR6BDWPJ,2026-02-02
B0CR6BDWPJ,2026-02-09
B0CR6BDWPJ,2026-02-16
B0CR6BDWPJ,2026-02-23
B0CR6BDWPJ,2026-03-02
B0CR6BDWPJ,2026-03-09
B0CR6BDWPJ,2026-03-16
B0CR6BDWPJ,2026-03-23
B0CR6BDWPJ,2026-03-30
B0CTFBTTGC,2025-03-03
B0CTFBTTGC,2025-03-10
B0CTFBTTGC,2025-03-17
B0CTFBTTGC,2025-03-24
B0CTFBTTGC,2025-03-31
B0CTFBTTGC,2025-04-07
B0CTFBTTGC,2025-04-14
B0CTFBTTGC,2025-04-21
B0CTFBTTGC,2025-04-28
B0CTFBTTGC,2025-05-05
B0CTFBTTGC,2025-05-12
B0CTFBTTGC,2025-05-19
B0CTFBTTGC,2025-05-26
B0CTFBTTGC,2025-06-02
B0CTFBTTGC,2025-06-09
B0CTFBTTGC,2025-06-16
B0CTFBTTGC,2025-06-23
B0CTFBTTGC,2025-06-30
B0CTFBTTGC,2025-07-07
B0CTFBTTGC,2025-07-14
B0CTFBTTGC,2025-07-21
B0CTFBTTGC,2025-07-28
B0CTFBTTGC,2025-08-04
B0CTFBTTGC,2025-08-11
B0CTFBTTGC,2025-08-18
B0CTFBTTGC,2025-08-25
B0CTFBTTGC,2025-09-01
B0CTFBTTGC,2025-09-08
B0CTFBTTGC,2025-09-15
B0CTFBTTGC,2025-09-22
B0CTFBTTGC,2025-09-29
B0CTFBTTGC,2025-10-06
B0CTFBTTGC,2025-10-13
B0CTFBTTGC,2025-10-20
B0CTFBTTGC,2025-10-27
B0CTFBTTGC,2025-11-03
B0CTFBTTGC,2025-11-10
B0CTFBTTGC,2025-11-17
B0CTFBTTGC,2025-11-24
B0CTFBTTGC,2025-12-01
B0CTFBTTGC,2025-12-08
B0CTFBTTGC,2025-12-15
B0CTFBTTGC,2025-12-22
B0CTFBTTGC,2025-12-29
B0CTFBTTGC,2026-01-05
B0CTFBTTGC,2026-01-12
B0CTFBTTGC,2026-01-19
B0CTFBTTGC,2026-01-26
B0CTFBTTGC,2026-02-02
B0CTFBTTGC,2026-02-09
B0CTFBTTGC,2026-02-16
B0CTFBTTGC,2026-02-23
B0CTFBTTGC,2026-03-02
B0CTFBTTGC,2026-03-09
B0CTFBTTGC,2026-03-16
B0CTFBTTGC,2026-03-23
B0CTFBTTGC,2026-03-30
B0CTFBTTGC,2025-03-03
B0CTFBTTGC,2025-03-10
B0CTFBTTGC,2025-03-17
B0CTFBTTGC,2025-03-24
B0CTFBTTGC,2025-03-31
B0CTFBTTGC,2025-04-07
B0CTFBTTGC,2025-04-14
B0CTFBTTGC,2025-04-21
B0CTFBTTGC,2025-04-28
B0CTFBTTGC,2025-05-05
B0CTFBTTGC,2025-05-12
B0CTFBTTGC,2025-05-19
B0CTFBTTGC,2025-05-26
B0CTFBTTGC,2025-06-02
B0CTFBTTGC,2025-06-09
B0CTFBTTGC,2025-06-16
B0CTFBTTGC,2025-06-23
B0CTFBTTGC,2025-06-30
B0CTFBTTGC,2025-07-07
B0CTFBTTGC,2025-07-14
B0CTFBTTGC,2025-07-21
B0CTFBTTGC,2025-07-28
B0CTFBTTGC,2025-08-04
B0CTFBTTGC,2025-08-11
B0CTFBTTGC,2025-08-18
B0CTFBTTGC,2025-08-25
B0CTFBTTGC,2025-09-01
B0CTFBTTGC,2025-09-08
B0CTFBTTGC,2025-09-15
B0CTFBTTGC,2025-09-22
B0CTFBTTGC,2025-09-29
B0CTFBTTGC,2025-10-06
B0CTFBTTGC,2025-10-13
B0CTFBTTGC,2025-10-20
B0CTFBTTGC,2025-10-27
B0CTFBTTGC,2025-11-03
B0CTFBTTGC,2025-11-10
B0CTFBTTGC,2025-11-17
B0CTFBTTGC,2025-11-24
B0CTFBTTGC,2025-12-01
B0CTFBTTGC,2025-12-08
B0CTFBTTGC,2025-12-15
B0CTFBTTGC,2025-12-22
B0CTFBTTGC,2025-12-29
B0CTFBTTGC,2026-01-05
B0CTFBTTGC,2026-01-12
B0CTFBTTGC,2026-01-19
B0CTFBTTGC,2026-01-26
B0CTFBTTGC,2026-02-02
B0CTFBTTGC,2026-02-09
B0CTFBTTGC,2026-02-16
B0CTFBTTGC,2026-02-23
B0CTFBTTGC,2026-03-02
B0CTFBTTGC,2026-03-09
B0CTFBTTGC,2026-03-16
B0CTFBTTGC,2026-03-23
B0CTFBTTGC,2026-03-30
B0CY84R9J3,2025-03-03
B0CY84R9J3,2025-03-10
B0CY84R9J3,2025-03-17
B0CY84R9J3,2025-03-24
B0CY84R9J3,2025-03-31
B0CY84R9J3,2025-04-07
B0CY84R9J3,2025-04-14
B0CY84R9J3,2025-04-21
B0CY84R9J3,2025-04-28
B0CY84R9J3,2025-05-05
B0CY84R9J3,2025-05-12
B0CY84R9J3,2025-05-19
B0CY84R9J3,2025-05-26
B0CY84R9J3,2025-06-02
B0CY84R9J3,2025-06-09
B0CY84R9J3,2025-06-16
B0CY84R9J3,2025-06-23
B0CY84R9J3,2025-06-30
B0CY84R9J3,2025-07-07
B0CY84R9J3,2025-07-14
B0CY84R9J3,2025-07-21
B0CY84R9J3,2025-07-28
B0CY84R9J3,2025-08-04
B0CY84R9J3,2025-08-11
B0CY84R9J3,2025-08-18
B0CY84R9J3,2025-08-25
B0CY84R9J3,2025-09-01
B0CY84R9J3,2025-09-08
B0CY84R9J3,2025-09-15
B0CY84R9J3,2025-09-22
B0CY84R9J3,2025-09-29
B0CY84R9J3,2025-10-06
B0CY84R9J3,2025-10-13
B0CY84R9J3,2025-10-20
B0CY84R9J3,2025-10-27
B0CY84R9J3,2025-11-03
B0CY84R9J3,2025-11-10
B0CY84R9J3,2025-11-17
B0CY84R9J3,2025-11-24
B0CY84R9J3,2025-12-01
B0CY84R9J3,2025-12-08
B0CY84R9J3,2025-12-15
B0CY84R9J3,2025-12-22
B0CY84R9J3,2025-12-29
B0CY84R9J3,2026-01-05
B0CY84R9J3,2026-01-12
B0CY84R9J3,2026-01-19
B0CY84R9J3,2026-01-26
B0CY84R9J3,2026-02-02
B0CY84R9J3,2026-02-09
B0CY84R9J3,2026-02-16
B0CY84R9J3,2026-02-23
B0CY84R9J3,2026-03-02
B0CY84R9J3,2026-03-09
B0CY84R9J3,2026-03-16
B0CY84R9J3,2026-03-23
B0CY84R9J3,2026-03-30
B0CY84R9J3,2025-03-03
B0CY84R9J3,2025-03-10
B0CY84R9J3,2025-03-17
B0CY84R9J3,2025-03-24
B0CY84R9J3,2025-03-31
B0CY84R9J3,2025-04-07
B0CY84R9J3,2025-04-14
B0CY84R9J3,2025-04-21
B0CY84R9J3,2025-04-28
B0CY84R9J3,2025-05-05
B0CY84R9J3,2025-05-12
B0CY84R9J3,2025-05-19
B0CY84R9J3,2025-05-26
B0CY84R9J3,2025-06-02
B0CY84R9J3,2025-06-09
B0CY84R9J3,2025-06-16
B0CY84R9J3,2025-06-23
B0CY84R9J3,2025-06-30
B0CY84R9J3,2025-07-07
B0CY84R9J3,2025-07-14
B0CY84R9J3,2025-07-21
B0CY84R9J3,2025-07-28
B0CY84R9J3,2025-08-04
B0CY84R9J3,2025-08-11
B0CY84R9J3,2025-08-18
B0CY84R9J3,2025-08-25
B0CY84R9J3,2025-09-01
B0CY84R9J3,2025-09-08
B0CY84R9J3,2025-09-15
B0CY84R9J3,2025-09-22
B0CY84R9J3,2025-09-29
B0CY84R9J3,2025-10-06
B0CY84R9J3,2025-10-13
B0CY84R9J3,2025-10-20
B0CY84R9J3,2025-10-27
B0CY84R9J3,2025-11-03
B0CY84R9J3,2025-11-10
B0CY84R9J3,2025-11-17
B0CY84R9J3,2025-11-24
B0CY84R9J3,2025-12-01
B0CY84R9J3,2025-12-08
B0CY84R9J3,2025-12-15
B0CY84R9J3,2025-12-22
B0CY84R9J3,2025-12-29
B0CY84R9J3,2026-01-05
B0CY84R9J3,2026-01-12
B0CY84R9J3,2026-01-19
B0CY84R9J3,2026-01-26
B0CY84R9J3,2026-02-02
B0CY84R9J3,2026-02-09
B0CY84R9J3,2026-02-16
B0CY84R9J3,2026-02-23
B0CY84R9J3,2026-03-02
B0CY84R9J3,2026-03-09
B0CY84R9J3,2026-03-16
B0CY84R9J3,2026-03-23
B0CY84R9J3,2026-03-30
B0CY863Z7T,2025-03-03
B0CY863Z7T,2025-03-10
B0CY863Z7T,2025-03-17
B0CY863Z7T,2025-03-24
B0CY863Z7T,2025-03-31
B0CY863Z7T,2025-04-07
B0CY863Z7T,2025-04-14
B0CY863Z7T,2025-04-21
B0CY863Z7T,2025-04-28
B0CY863Z7T,2025-05-05
B0CY863Z7T,2025-05-12
B0CY863Z7T,2025-05-19
B0CY863Z7T,2025-05-26
B0CY863Z7T,2025-06-02
B0CY863Z7T,2025-06-09
B0CY863Z7T,2025-06-16
B0CY863Z7T,2025-06-23
B0CY863Z7T,2025-06-30
B0CY863Z7T,2025-07-07
B0CY863Z7T,2025-07-14
B0CY863Z7T,2025-07-21
B0CY863Z7T,2025-07-28
B0CY863Z7T,2025-08-04
B0CY863Z7T,2025-08-11
B0CY863Z7T,2025-08-18
B0CY863Z7T,2025-08-25
B0CY863Z7T,2025-09-01
B0CY863Z7T,2025-09-08
B0CY863Z7T,2025-09-15
B0CY863Z7T,2025-09-22
B0CY863Z7T,2025-09-29
B0CY863Z7T,2025-10-06
B0CY863Z7T,2025-10-13
B0CY863Z7T,2025-10-20
B0CY863Z7T,2025-10-27
B0CY863Z7T,2025-11-03
B0CY863Z7T,2025-11-10
B0CY863Z7T,2025-11-17
B0CY863Z7T,2025-11-24
B0CY863Z7T,2025-12-01
B0CY863Z7T,2025-12-08
B0CY863Z7T,2025-12-15
B0CY863Z7T,2025-12-22
B0CY863Z7T,2025-12-29
B0CY863Z7T,2026-01-05
B0CY863Z7T,2026-01-12
B0CY863Z7T,2026-01-19
B0CY863Z7T,2026-01-26
B0CY863Z7T,2026-02-02
B0CY863Z7T,2026-02-09
B0CY863Z7T,2026-02-16
B0CY863Z7T,2026-02-23
B0CY863Z7T,2026-03-02
B0CY863Z7T,2026-03-09
B0CY863Z7T,2026-03-16
B0CY863Z7T,2026-03-23
B0CY863Z7T,2026-03-30
B0CY863Z7T,2025-03-03
B0CY863Z7T,2025-03-10
B0CY863Z7T,2025-03-17
B0CY863Z7T,2025-03-24
B0CY863Z7T,2025-03-31
B0CY863Z7T,2025-04-07
B0CY863Z7T,2025-04-14
B0CY863Z7T,2025-04-21
B0CY863Z7T,2025-04-28
B0CY863Z7T,2025-05-05
B0CY863Z7T,2025-05-12
B0CY863Z7T,2025-05-19
B0CY863Z7T,2025-05-26
B0CY863Z7T,2025-06-02
B0CY863Z7T,2025-06-09
B0CY863Z7T,2025-06-16
B0CY863Z7T,2025-06-23
B0CY863Z7T,2025-06-30
B0CY863Z7T,2025-07-07
B0CY863Z7T,2025-07-14
B0CY863Z7T,2025-07-21
B0CY863Z7T,2025-07-28
B0CY863Z7T,2025-08-04
B0CY863Z7T,2025-08-11
B0CY863Z7T,2025-08-18
B0CY863Z7T,2025-08-25
B0CY863Z7T,2025-09-01
B0CY863Z7T,2025-09-08
B0CY863Z7T,2025-09-15
B0CY863Z7T,2025-09-22
B0CY863Z7T,2025-09-29
B0CY863Z7T,2025-10-06
B0CY863Z7T,2025-10-13
B0CY863Z7T,2025-10-20
B0CY863Z7T,2025-10-27
B0CY863Z7T,2025-11-03
B0CY863Z7T,2025-11-10
B0CY863Z7T,2025-11-17
B0CY863Z7T,2025-11-24
B0CY863Z7T,2025-12-01
B0CY863Z7T,2025-12-08
B0CY863Z7T,2025-12-15
B0CY863Z7T,2025-12-22
B0CY863Z7T,2025-12-29
B0CY863Z7T,2026-01-05
B0CY863Z7T,2026-01-12
B0CY863Z7T,2026-01-19
B0CY863Z7T,2026-01-26
B0CY863Z7T,2026-02-02
B0CY863Z7T,2026-02-09
B0CY863Z7T,2026-02-16
B0CY863Z7T,2026-02-23
B0CY863Z7T,2026-03-02
B0CY863Z7T,2026-03-09
B0CY863Z7T,2026-03-16
B0CY863Z7T,2026-03-23
B0CY863Z7T,2026-03-30
B0D127CB2D,2025-03-03
B0D127CB2D,2025-03-10
B0D127CB2D,2025-03-17
B0D127CB2D,2025-03-24
B0D127CB2D,2025-03-31
B0D127CB2D,2025-04-07
B0D127CB2D,2025-04-14
B0D127CB2D,2025-04-21
B0D127CB2D,2025-04-28
B0D127CB2D,2025-05-05
B0D127CB2D,2025-05-12
B0D127CB2D,2025-05-19
B0D127CB2D,2025-05-26
B0D127CB2D,2025-06-02
B0D127CB2D,2025-06-09
B0D127CB2D,2025-06-16
B0D127CB2D,2025-06-23
B0D127CB2D,2025-06-30
B0D127CB2D,2025-07-07
B0D127CB2D,2025-07-14
B0D127CB2D,2025-07-21
B0D127CB2D,2025-07-28
B0D127CB2D,2025-08-04
B0D127CB2D,2025-08-11
B0D127CB2D,2025-08-18
B0D127CB2D,2025-08-25
B0D127CB2D,2025-09-01
B0D127CB2D,2025-09-08
B0D127CB2D,2025-09-15
B0D127CB2D,2025-09-22
B0D127CB2D,2025-09-29
B0D127CB2D,2025-10-06
B0D127CB2D,2025-10-13
B0D127CB2D,2025-10-20
B0D127CB2D,2025-10-27
B0D127CB2D,2025-11-03
B0D127CB2D,2025-11-10
B0D127CB2D,2025-11-17
B0D127CB2D,2025-11-24
B0D127CB2D,2025-12-01
B0D127CB2D,2025-12-08
B0D127CB2D,2025-12-15
B0D127CB2D,2025-12-22
B0D127CB2D,2025-12-29
B0D127CB2D,2026-01-05
B0D127CB2D,2026-01-12
B0D127CB2D,2026-01-19
B0D127CB2D,2026-01-26
B0D127CB2D,2026-02-02
B0D127CB2D,2026-02-09
B0D127CB2D,2026-02-16
B0D127CB2D,2026-02-23
B0D127CB2D,2026-03-02
B0D127CB2D,2026-03-09
B0D127CB2D,2026-03-16
B0D127CB2D,2026-03-23
B0D127CB2D,2026-03-30
B0D127CB2D,2025-03-03
B0D127CB2D,2025-03-10
B0D127CB2D,2025-03-17
B0D127CB2D,2025-03-24
B0D127CB2D,2025-03-31
B0D127CB2D,2025-04-07
B0D127CB2D,2025-04-14
B0D127CB2D,2025-04-21
B0D127CB2D,2025-04-28
B0D127CB2D,2025-05-05
B0D127CB2D,2025-05-12
B0D127CB2D,2025-05-19
B0D127CB2D,2025-05-26
B0D127CB2D,2025-06-02
B0D127CB2D,2025-06-09
B0D127CB2D,2025-06-16
B0D127CB2D,2025-06-23
B0D127CB2D,2025-06-30
B0D127CB2D,2025-07-07
B0D127CB2D,2025-07-14
B0D127CB2D,2025-07-21
B0D127CB2D,2025-07-28
B0D127CB2D,2025-08-04
B0D127CB2D,2025-08-11
B0D127CB2D,2025-08-18
B0D127CB2D,2025-08-25
B0D127CB2D,2025-09-01
B0D127CB2D,2025-09-08
B0D127CB2D,2025-09-15
B0D127CB2D,2025-09-22
B0D127CB2D,2025-09-29
B0D127CB2D,2025-10-06
B0D127CB2D,2025-10-13
B0D127CB2D,2025-10-20
B0D127CB2D,2025-10-27
B0D127CB2D,2025-11-03
B0D127CB2D,2025-11-10
B0D127CB2D,2025-11-17
B0D127CB2D,2025-11-24
B0D127CB2D,2025-12-01
B0D127CB2D,2025-12-08
B0D127CB2D,2025-12-15
B0D127CB2D,2025-12-22
B0D127CB2D,2025-12-29
B0D127CB2D,2026-01-05
B0D127CB2D,2026-01-12
B0D127CB2D,2026-01-19
B0D127CB2D,2026-01-26
B0D127CB2D,2026-02-02
B0D127CB2D,2026-02-09
B0D127CB2D,2026-02-16
B0D127CB2D,2026-02-23
B0D127CB2D,2026-03-02
B0D127CB2D,2026-03-09
B0D127CB2D,2026-03-16
B0D127CB2D,2026-03-23
B0D127CB2D,2026-03-30
B0D28P1H52,2025-03-03
B0D28P1H52,2025-03-10
B0D28P1H52,2025-03-17
B0D28P1H52,2025-03-24
B0D28P1H52,2025-03-31
B0D28P1H52,2025-04-07
B0D28P1H52,2025-04-14
B0D28P1H52,2025-04-21
B0D28P1H52,2025-04-28
B0D28P1H52,2025-05-05
B0D28P1H52,2025-05-12
B0D28P1H52,2025-05-19
B0D28P1H52,2025-05-26
B0D28P1H52,2025-06-02
B0D28P1H52,2025-06-09
B0D28P1H52,2025-06-16
B0D28P1H52,2025-06-23
B0D28P1H52,2025-06-30
B0D28P1H52,2025-07-07
B0D28P1H52,2025-07-14
B0D28P1H52,2025-07-21
B0D28P1H52,2025-07-28
B0D28P1H52,2025-08-04
B0D28P1H52,2025-08-11
B0D28P1H52,2025-08-18
B0D28P1H52,2025-08-25
B0D28P1H52,2025-09-01
B0D28P1H52,2025-09-08
B0D28P1H52,2025-09-15
B0D28P1H52,2025-09-22
B0D28P1H52,2025-09-29
B0D28P1H52,2025-10-06
B0D28P1H52,2025-10-13
B0D28P1H52,2025-10-20
B0D28P1H52,2025-10-27
B0D28P1H52,2025-11-03
B0D28P1H52,2025-11-10
B0D28P1H52,2025-11-17
B0D28P1H52,2025-11-24
B0D28P1H52,2025-12-01
B0D28P1H52,2025-12-08
B0D28P1H52,2025-12-15
B0D28P1H52,2025-12-22
B0D28P1H52,2025-12-29
B0D28P1H52,2026-01-05
B0D28P1H52,2026-01-12
B0D28P1H52,2026-01-19
B0D28P1H52,2026-01-26
B0D28P1H52,2026-02-02
B0D28P1H52,2026-02-09
B0D28P1H52,2026-02-16
B0D28P1H52,2026-02-23
B0D28P1H52,2026-03-02
B0D28P1H52,2026-03-09
B0D28P1H52,2026-03-16
B0D28P1H52,2026-03-23
B0D28P1H52,2026-03-30
B0D28P1H52,2025-03-03
B0D28P1H52,2025-03-10
B0D28P1H52,2025-03-17
B0D28P1H52,2025-03-24
B0D28P1H52,2025-03-31
B0D28P1H52,2025-04-07
B0D28P1H52,2025-04-14
B0D28P1H52,2025-04-21
B0D28P1H52,2025-04-28
B0D28P1H52,2025-05-05
B0D28P1H52,2025-05-12
B0D28P1H52,2025-05-19
B0D28P1H52,2025-05-26
B0D28P1H52,2025-06-02
B0D28P1H52,2025-06-09
B0D28P1H52,2025-06-16
B0D28P1H52,2025-06-23
B0D28P1H52,2025-06-30
B0D28P1H52,2025-07-07
B0D28P1H52,2025-07-14
B0D28P1H52,2025-07-21
B0D28P1H52,2025-07-28
B0D28P1H52,2025-08-04
B0D28P1H52,2025-08-11
B0D28P1H52,2025-08-18
B0D28P1H52,2025-08-25
B0D28P1H52,2025-09-01
B0D28P1H52,2025-09-08
B0D28P1H52,2025-09-15
B0D28P1H52,2025-09-22
B0D28P1H52,2025-09-29
B0D28P1H52,2025-10-06
B0D28P1H52,2025-10-13
B0D28P1H52,2025-10-20
B0D28P1H52,2025-10-27
B0D28P1H52,2025-11-03
B0D28P1H52,2025-11-10
B0D28P1H52,2025-11-17
B0D28P1H52,2025-11-24
B0D28P1H52,2025-12-01
B0D28P1H52,2025-12-08
B0D28P1H52,2025-12-15
B0D28P1H52,2025-12-22
B0D28P1H52,2025-12-29
B0D28P1H52,2026-01-05
B0D28P1H52,2026-01-12
B0D28P1H52,2026-01-19
B0D28P1H52,2026-01-26
B0D28P1H52,2026-02-02
B0D28P1H52,2026-02-09
B0D28P1H52,2026-02-16
B0D28P1H52,2026-02-23
B0D28P1H52,2026-03-02
B0D28P1H52,2026-03-09
B0D28P1H52,2026-03-16
B0D28P1H52,2026-03-23
B0D28P1H52,2026-03-30
B0D2Z29WD6,2025-03-03
B0D2Z29WD6,2025-03-10
B0D2Z29WD6,2025-03-17
B0D2Z29WD6,2025-03-24
B0D2Z29WD6,2025-03-31
B0D2Z29WD6,2025-04-07
B0D2Z29WD6,2025-04-14
B0D2Z29WD6,2025-04-21
B0D2Z29WD6,2025-04-28
B0D2Z29WD6,2025-05-05
B0D2Z29WD6,2025-05-12
B0D2Z29WD6,2025-05-19
B0D2Z29WD6,2025-05-26
B0D2Z29WD6,2025-06-02
B0D2Z29WD6,2025-06-09
B0D2Z29WD6,2025-06-16
B0D2Z29WD6,2025-06-23
B0D2Z29WD6,2025-06-30
B0D2Z29WD6,2025-07-07
B0D2Z29WD6,2025-07-14
B0D2Z29WD6,2025-07-21
B0D2Z29WD6,2025-07-28
B0D2Z29WD6,2025-08-04
B0D2Z29WD6,2025-08-11
B0D2Z29WD6,2025-08-18
B0D2Z29WD6,2025-08-25
B0D2Z29WD6,2025-09-01
B0D2Z29WD6,2025-09-08
B0D2Z29WD6,2025-09-15
B0D2Z29WD6,2025-09-22
B0D2Z29WD6,2025-09-29
B0D2Z29WD6,2025-10-06
B0D2Z29WD6,2025-10-13
B0D2Z29WD6,2025-10-20
B0D2Z29WD6,2025-10-27
B0D2Z29WD6,2025-11-03
B0D2Z29WD6,2025-11-10
B0D2Z29WD6,2025-11-17
B0D2Z29WD6,2025-11-24
B0D2Z29WD6,2025-12-01
B0D2Z29WD6,2025-12-08
B0D2Z29WD6,2025-12-15
B0D2Z29WD6,2025-12-22
B0D2Z29WD6,2025-12-29
B0D2Z29WD6,2026-01-05
B0D2Z29WD6,2026-01-12
B0D2Z29WD6,2026-01-19
B0D2Z29WD6,2026-01-26
B0D2Z29WD6,2026-02-02
B0D2Z29WD6,2026-02-09
B0D2Z29WD6,2026-02-16
B0D2Z29WD6,2026-02-23
B0D2Z29WD6,2026-03-02
B0D2Z29WD6,2026-03-09
B0D2Z29WD6,2026-03-16
B0D2Z29WD6,2026-03-23
B0D2Z29WD6,2026-03-30
B0D2Z29WD6,2025-03-03
B0D2Z29WD6,2025-03-10
B0D2Z29WD6,2025-03-17
B0D2Z29WD6,2025-03-24
B0D2Z29WD6,2025-03-31
B0D2Z29WD6,2025-04-07
B0D2Z29WD6,2025-04-14
B0D2Z29WD6,2025-04-21
B0D2Z29WD6,2025-04-28
B0D2Z29WD6,2025-05-05
B0D2Z29WD6,2025-05-12
B0D2Z29WD6,2025-05-19
B0D2Z29WD6,2025-05-26
B0D2Z29WD6,2025-06-02
B0D2Z29WD6,2025-06-09
B0D2Z29WD6,2025-06-16
B0D2Z29WD6,2025-06-23
B0D2Z29WD6,2025-06-30
B0D2Z29WD6,2025-07-07
B0D2Z29WD6,2025-07-14
B0D2Z29WD6,2025-07-21
B0D2Z29WD6,2025-07-28
B0D2Z29WD6,2025-08-04
B0D2Z29WD6,2025-08-11
B0D2Z29WD6,2025-08-18
B0D2Z29WD6,2025-08-25
B0D2Z29WD6,2025-09-01
B0D2Z29WD6,2025-09-08
B0D2Z29WD6,2025-09-15
B0D2Z29WD6,2025-09-22
B0D2Z29WD6,2025-09-29
B0D2Z29WD6,2025-10-06
B0D2Z29WD6,2025-10-13
B0D2Z29WD6,2025-10-20
B0D2Z29WD6,2025-10-27
B0D2Z29WD6,2025-11-03
B0D2Z29WD6,2025-11-10
B0D2Z29WD6,2025-11-17
B0D2Z29WD6,2025-11-24
B0D2Z29WD6,2025-12-01
B0D2Z29WD6,2025-12-08
B0D2Z29WD6,2025-12-15
B0D2Z29WD6,2025-12-22
B0D2Z29WD6,2025-12-29
B0D2Z29WD6,2026-01-05
B0D2Z29WD6,2026-01-12
B0D2Z29WD6,2026-01-19
B0D2Z29WD6,2026-01-26
B0D2Z29WD6,2026-02-02
B0D2Z29WD6,2026-02-09
B0D2Z29WD6,2026-02-16
B0D2Z29WD6,2026-02-23
B0D2Z29WD6,2026-03-02
B0D2Z29WD6,2026-03-09
B0D2Z29WD6,2026-03-16
B0D2Z29WD6,2026-03-23
B0D2Z29WD6,2026-03-30
B0D59666T7,2025-03-03
B0D59666T7,2025-03-10
B0D59666T7,2025-03-17
B0D59666T7,2025-03-24
B0D59666T7,2025-03-31
B0D59666T7,2025-04-07
B0D59666T7,2025-04-14
B0D59666T7,2025-04-21
B0D59666T7,2025-04-28
B0D59666T7,2025-05-05
B0D59666T7,2025-05-12
B0D59666T7,2025-05-19
B0D59666T7,2025-05-26
B0D59666T7,2025-06-02
B0D59666T7,2025-06-09
B0D59666T7,2025-06-16
B0D59666T7,2025-06-23
B0D59666T7,2025-06-30
B0D59666T7,2025-07-07
B0D59666T7,2025-07-14
B0D59666T7,2025-07-21
B0D59666T7,2025-07-28
B0D59666T7,2025-08-04
B0D59666T7,2025-08-11
B0D59666T7,2025-08-18
B0D59666T7,2025-08-25
B0D59666T7,2025-09-01
B0D59666T7,2025-09-08
B0D59666T7,2025-09-15
B0D59666T7,2025-09-22
B0D59666T7,2025-09-29
B0D59666T7,2025-10-06
B0D59666T7,2025-10-13
B0D59666T7,2025-10-20
B0D59666T7,2025-10-27
B0D59666T7,2025-11-03
B0D59666T7,2025-11-10
B0D59666T7,2025-11-17
B0D59666T7,2025-11-24
B0D59666T7,2025-12-01
B0D59666T7,2025-12-08
B0D59666T7,2025-12-15
B0D59666T7,2025-12-22
B0D59666T7,2025-12-29
B0D59666T7,2026-01-05
B0D59666T7,2026-01-12
B0D59666T7,2026-01-19
B0D59666T7,2026-01-26
B0D59666T7,2026-02-02
B0D59666T7,2026-02-09
B0D59666T7,2026-02-16
B0D59666T7,2026-02-23
B0D59666T7,2026-03-02
B0D59666T7,2026-03-09
B0D59666T7,2026-03-16
B0D59666T7,2026-03-23
B0D59666T7,2026-03-30
B0D59666T7,2025-03-03
B0D59666T7,2025-03-10
B0D59666T7,2025-03-17
B0D59666T7,2025-03-24
B0D59666T7,2025-03-31
B0D59666T7,2025-04-07
B0D59666T7,2025-04-14
B0D59666T7,2025-04-21
B0D59666T7,2025-04-28
B0D59666T7,2025-05-05
B0D59666T7,2025-05-12
B0D59666T7,2025-05-19
B0D59666T7,2025-05-26
B0D59666T7,2025-06-02
B0D59666T7,2025-06-09
B0D59666T7,2025-06-16
B0D59666T7,2025-06-23
B0D59666T7,2025-06-30
B0D59666T7,2025-07-07
B0D59666T7,2025-07-14
B0D59666T7,2025-07-21
B0D59666T7,2025-07-28
B0D59666T7,2025-08-04
B0D59666T7,2025-08-11
B0D59666T7,2025-08-18
B0D59666T7,2025-08-25
B0D59666T7,2025-09-01
B0D59666T7,2025-09-08
B0D59666T7,2025-09-15
B0D59666T7,2025-09-22
B0D59666T7,2025-09-29
B0D59666T7,2025-10-06
B0D59666T7,2025-10-13
B0D59666T7,2025-10-20
B0D59666T7,2025-10-27
B0D59666T7,2025-11-03
B0D59666T7,2025-11-10
B0D59666T7,2025-11-17
B0D59666T7,2025-11-24
B0D59666T7,2025-12-01
B0D59666T7,2025-12-08
B0D59666T7,2025-12-15
B0D59666T7,2025-12-22
B0D59666T7,2025-12-29
B0D59666T7,2026-01-05
B0D59666T7,2026-01-12
B0D59666T7,2026-01-19
B0D59666T7,2026-01-26
B0D59666T7,2026-02-02
B0D59666T7,2026-02-09
B0D59666T7,2026-02-16
B0D59666T7,2026-02-23
B0D59666T7,2026-03-02
B0D59666T7,2026-03-09
B0D59666T7,2026-03-16
B0D59666T7,2026-03-23
B0D59666T7,2026-03-30
B0D59SRCYB,2025-03-03
B0D59SRCYB,2025-03-10
B0D59SRCYB,2025-03-17
B0D59SRCYB,2025-03-24
B0D59SRCYB,2025-03-31
B0D59SRCYB,2025-04-07
B0D59SRCYB,2025-04-14
B0D59SRCYB,2025-04-21
B0D59SRCYB,2025-04-28
B0D59SRCYB,2025-05-05
B0D59SRCYB,2025-05-12
B0D59SRCYB,2025-05-19
B0D59SRCYB,2025-05-26
B0D59SRCYB,2025-06-02
B0D59SRCYB,2025-06-09
B0D59SRCYB,2025-06-16
B0D59SRCYB,2025-06-23
B0D59SRCYB,2025-06-30
B0D59SRCYB,2025-07-07
B0D59SRCYB,2025-07-14
B0D59SRCYB,2025-07-21
B0D59SRCYB,2025-07-28
B0D59SRCYB,2025-08-04
B0D59SRCYB,2025-08-11
B0D59SRCYB,2025-08-18
B0D59SRCYB,2025-08-25
B0D59SRCYB,2025-09-01
B0D59SRCYB,2025-09-08
B0D59SRCYB,2025-09-15
B0D59SRCYB,2025-09-22
B0D59SRCYB,2025-09-29
B0D59SRCYB,2025-10-06
B0D59SRCYB,2025-10-13
B0D59SRCYB,2025-10-20
B0D59SRCYB,2025-10-27
B0D59SRCYB,2025-11-03
B0D59SRCYB,2025-11-10
B0D59SRCYB,2025-11-17
B0D59SRCYB,2025-11-24
B0D59SRCYB,2025-12-01
B0D59SRCYB,2025-12-08
B0D59SRCYB,2025-12-15
B0D59SRCYB,2025-12-22
B0D59SRCYB,2025-12-29
B0D59SRCYB,2026-01-05
B0D59SRCYB,2026-01-12
B0D59SRCYB,2026-01-19
B0D59SRCYB,2026-01-26
B0D59SRCYB,2026-02-02
B0D59SRCYB,2026-02-09
B0D59SRCYB,2026-02-16
B0D59SRCYB,2026-02-23
B0D59SRCYB,2026-03-02
B0D59SRCYB,2026-03-09
B0D59SRCYB,2026-03-16
B0D59SRCYB,2026-03-23
B0D59SRCYB,2026-03-30
B0D59SRCYB,2025-03-03
B0D59SRCYB,2025-03-10
B0D59SRCYB,2025-03-17
B0D59SRCYB,2025-03-24
B0D59SRCYB,2025-03-31
B0D59SRCYB,2025-04-07
B0D59SRCYB,2025-04-14
B0D59SRCYB,2025-04-21
B0D59SRCYB,2025-04-28
B0D59SRCYB,2025-05-05
B0D59SRCYB,2025-05-12
B0D59SRCYB,2025-05-19
B0D59SRCYB,2025-05-26
B0D59SRCYB,2025-06-02
B0D59SRCYB,2025-06-09
B0D59SRCYB,2025-06-16
B0D59SRCYB,2025-06-23
B0D59SRCYB,2025-06-30
B0D59SRCYB,2025-07-07
B0D59SRCYB,2025-07-14
B0D59SRCYB,2025-07-21
B0D59SRCYB,2025-07-28
B0D59SRCYB,2025-08-04
B0D59SRCYB,2025-08-11
B0D59SRCYB,2025-08-18
B0D59SRCYB,2025-08-25
B0D59SRCYB,2025-09-01
B0D59SRCYB,2025-09-08
B0D59SRCYB,2025-09-15
B0D59SRCYB,2025-09-22
B0D59SRCYB,2025-09-29
B0D59SRCYB,2025-10-06
B0D59SRCYB,2025-10-13
B0D59SRCYB,2025-10-20
B0D59SRCYB,2025-10-27
B0D59SRCYB,2025-11-03
B0D59SRCYB,2025-11-10
B0D59SRCYB,2025-11-17
B0D59SRCYB,2025-11-24
B0D59SRCYB,2025-12-01
B0D59SRCYB,2025-12-08
B0D59SRCYB,2025-12-15
B0D59SRCYB,2025-12-22
B0D59SRCYB,2025-12-29
B0D59SRCYB,2026-01-05
B0D59SRCYB,2026-01-12
B0D59SRCYB,2026-01-19
B0D59SRCYB,2026-01-26
B0D59SRCYB,2026-02-02
B0D59SRCYB,2026-02-09
B0D59SRCYB,2026-02-16
B0D59SRCYB,2026-02-23
B0D59SRCYB,2026-03-02
B0D59SRCYB,2026-03-09
B0D59SRCYB,2026-03-16
B0D59SRCYB,2026-03-23
B0D59SRCYB,2026-03-30
B0D9K9KSFN,2025-03-03
B0D9K9KSFN,2025-03-10
B0D9K9KSFN,2025-03-17
B0D9K9KSFN,2025-03-24
B0D9K9KSFN,2025-03-31
B0D9K9KSFN,2025-04-07
B0D9K9KSFN,2025-04-14
B0D9K9KSFN,2025-04-21
B0D9K9KSFN,2025-04-28
B0D9K9KSFN,2025-05-05
B0D9K9KSFN,2025-05-12
B0D9K9KSFN,2025-05-19
B0D9K9KSFN,2025-05-26
B0D9K9KSFN,2025-06-02
B0D9K9KSFN,2025-06-09
B0D9K9KSFN,2025-06-16
B0D9K9KSFN,2025-06-23
B0D9K9KSFN,2025-06-30
B0D9K9KSFN,2025-07-07
B0D9K9KSFN,2025-07-14
B0D9K9KSFN,2025-07-21
B0D9K9KSFN,2025-07-28
B0D9K9KSFN,2025-08-04
B0D9K9KSFN,2025-08-11
B0D9K9KSFN,2025-08-18
B0D9K9KSFN,2025-08-25
B0D9K9KSFN,2025-09-01
B0D9K9KSFN,2025-09-08
B0D9K9KSFN,2025-09-15
B0D9K9KSFN,2025-09-22
B0D9K9KSFN,2025-09-29
B0D9K9KSFN,2025-10-06
B0D9K9KSFN,2025-10-13
B0D9K9KSFN,2025-10-20
B0D9K9KSFN,2025-10-27
B0D9K9KSFN,2025-11-03
B0D9K9KSFN,2025-11-10
B0D9K9KSFN,2025-11-17
B0D9K9KSFN,2025-11-24
B0D9K9KSFN,2025-12-01
B0D9K9KSFN,2025-12-08
B0D9K9KSFN,2025-12-15
B0D9K9KSFN,2025-12-22
B0D9K9KSFN,2025-12-29
B0D9K9KSFN,2026-01-05
B0D9K9KSFN,2026-01-12
B0D9K9KSFN,2026-01-19
B0D9K9KSFN,2026-01-26
B0D9K9KSFN,2026-02-02
B0D9K9KSFN,2026-02-09
B0D9K9KSFN,2026-02-16
B0D9K9KSFN,2026-02-23
B0D9K9KSFN,2026-03-02
B0D9K9KSFN,2026-03-09
B0D9K9KSFN,2026-03-16
B0D9K9KSFN,2026-03-23
B0D9K9KSFN,2026-03-30
B0D9K9KSFN,2025-03-03
B0D9K9KSFN,2025-03-10
B0D9K9KSFN,2025-03-17
B0D9K9KSFN,2025-03-24
B0D9K9KSFN,2025-03-31
B0D9K9KSFN,2025-04-07
B0D9K9KSFN,2025-04-14
B0D9K9KSFN,2025-04-21
B0D9K9KSFN,2025-04-28
B0D9K9KSFN,2025-05-05
B0D9K9KSFN,2025-05-12
B0D9K9KSFN,2025-05-19
B0D9K9KSFN,2025-05-26
B0D9K9KSFN,2025-06-02
B0D9K9KSFN,2025-06-09
B0D9K9KSFN,2025-06-16
B0D9K9KSFN,2025-06-23
B0D9K9KSFN,2025-06-30
B0D9K9KSFN,2025-07-07
B0D9K9KSFN,2025-07-14
B0D9K9KSFN,2025-07-21
B0D9K9KSFN,2025-07-28
B0D9K9KSFN,2025-08-04
B0D9K9KSFN,2025-08-11
B0D9K9KSFN,2025-08-18
B0D9K9KSFN,2025-08-25
B0D9K9KSFN,2025-09-01
B0D9K9KSFN,2025-09-08
B0D9K9KSFN,2025-09-15
B0D9K9KSFN,2025-09-22
B0D9K9KSFN,2025-09-29
B0D9K9KSFN,2025-10-06
B0D9K9KSFN,2025-10-13
B0D9K9KSFN,2025-10-20
B0D9K9KSFN,2025-10-27
B0D9K9KSFN,2025-11-03
B0D9K9KSFN,2025-11-10
B0D9K9KSFN,2025-11-17
B0D9K9KSFN,2025-11-24
B0D9K9KSFN,2025-12-01
B0D9K9KSFN,2025-12-08
B0D9K9KSFN,2025-12-15
B0D9K9KSFN,2025-12-22
B0D9K9KSFN,2025-12-29
B0D9K9KSFN,2026-01-05
B0D9K9KSFN,2026-01-12
B0D9K9KSFN,2026-01-19
B0D9K9KSFN,2026-01-26
B0D9K9KSFN,2026-02-02
B0D9K9KSFN,2026-02-09
B0D9K9KSFN,2026-02-16
B0D9K9KSFN,2026-02-23
B0D9K9KSFN,2026-03-02
B0D9K9KSFN,2026-03-09
B0D9K9KSFN,2026-03-16
B0D9K9KSFN,2026-03-23
B0D9K9KSFN,2026-03-30
B0D9KBMXK4,2025-03-03
B0D9KBMXK4,2025-03-10
B0D9KBMXK4,2025-03-17
B0D9KBMXK4,2025-03-24
B0D9KBMXK4,2025-03-31
B0D9KBMXK4,2025-04-07
B0D9KBMXK4,2025-04-14
B0D9KBMXK4,2025-04-21
B0D9KBMXK4,2025-04-28
B0D9KBMXK4,2025-05-05
B0D9KBMXK4,2025-05-12
B0D9KBMXK4,2025-05-19
B0D9KBMXK4,2025-05-26
B0D9KBMXK4,2025-06-02
B0D9KBMXK4,2025-06-09
B0D9KBMXK4,2025-06-16
B0D9KBMXK4,2025-06-23
B0D9KBMXK4,2025-06-30
B0D9KBMXK4,2025-07-07
B0D9KBMXK4,2025-07-14
B0D9KBMXK4,2025-07-21
B0D9KBMXK4,2025-07-28
B0D9KBMXK4,2025-08-04
B0D9KBMXK4,2025-08-11
B0D9KBMXK4,2025-08-18
B0D9KBMXK4,2025-08-25
B0D9KBMXK4,2025-09-01
B0D9KBMXK4,2025-09-08
B0D9KBMXK4,2025-09-15
B0D9KBMXK4,2025-09-22
B0D9KBMXK4,2025-09-29
B0D9KBMXK4,2025-10-06
B0D9KBMXK4,2025-10-13
B0D9KBMXK4,2025-10-20
B0D9KBMXK4,2025-10-27
B0D9KBMXK4,2025-11-03
B0D9KBMXK4,2025-11-10
B0D9KBMXK4,2025-11-17
B0D9KBMXK4,2025-11-24
B0D9KBMXK4,2025-12-01
B0D9KBMXK4,2025-12-08
B0D9KBMXK4,2025-12-15
B0D9KBMXK4,2025-12-22
B0D9KBMXK4,2025-12-29
B0D9KBMXK4,2026-01-05
B0D9KBMXK4,2026-01-12
B0D9KBMXK4,2026-01-19
B0D9KBMXK4,2026-01-26
B0D9KBMXK4,2026-02-02
B0D9KBMXK4,2026-02-09
B0D9KBMXK4,2026-02-16
B0D9KBMXK4,2026-02-23
B0D9KBMXK4,2026-03-02
B0D9KBMXK4,2026-03-09
B0D9KBMXK4,2026-03-16
B0D9KBMXK4,2026-03-23
B0D9KBMXK4,2026-03-30
B0D9KBMXK4,2025-03-03
B0D9KBMXK4,2025-03-10
B0D9KBMXK4,2025-03-17
B0D9KBMXK4,2025-03-24
B0D9KBMXK4,2025-03-31
B0D9KBMXK4,2025-04-07
B0D9KBMXK4,2025-04-14
B0D9KBMXK4,2025-04-21
B0D9KBMXK4,2025-04-28
B0D9KBMXK4,2025-05-05
B0D9KBMXK4,2025-05-12
B0D9KBMXK4,2025-05-19
B0D9KBMXK4,2025-05-26
B0D9KBMXK4,2025-06-02
B0D9KBMXK4,2025-06-09
B0D9KBMXK4,2025-06-16
B0D9KBMXK4,2025-06-23
B0D9KBMXK4,2025-06-30
B0D9KBMXK4,2025-07-07
B0D9KBMXK4,2025-07-14
B0D9KBMXK4,2025-07-21
B0D9KBMXK4,2025-07-28
B0D9KBMXK4,2025-08-04
B0D9KBMXK4,2025-08-11
B0D9KBMXK4,2025-08-18
B0D9KBMXK4,2025-08-25
B0D9KBMXK4,2025-09-01
B0D9KBMXK4,2025-09-08
B0D9KBMXK4,2025-09-15
B0D9KBMXK4,2025-09-22
B0D9KBMXK4,2025-09-29
B0D9KBMXK4,2025-10-06
B0D9KBMXK4,2025-10-13
B0D9KBMXK4,2025-10-20
B0D9KBMXK4,2025-10-27
B0D9KBMXK4,2025-11-03
B0D9KBMXK4,2025-11-10
B0D9KBMXK4,2025-11-17
B0D9KBMXK4,2025-11-24
B0D9KBMXK4,2025-12-01
B0D9KBMXK4,2025-12-08
B0D9KBMXK4,2025-12-15
B0D9KBMXK4,2025-12-22
B0D9KBMXK4,2025-12-29
B0D9KBMXK4,2026-01-05
B0D9KBMXK4,2026-01-12
B0D9KBMXK4,2026-01-19
B0D9KBMXK4,2026-01-26
B0D9KBMXK4,2026-02-02
B0D9KBMXK4,2026-02-09
B0D9KBMXK4,2026-02-16
B0D9KBMXK4,2026-02-23
B0D9KBMXK4,2026-03-02
B0D9KBMXK4,2026-03-09
B0D9KBMXK4,2026-03-16
B0D9KBMXK4,2026-03-23
B0D9KBMXK4,2026-03-30
B0D9KCQ9D2,2025-03-03
B0D9KCQ9D2,2025-03-10
B0D9KCQ9D2,2025-03-17
B0D9KCQ9D2,2025-03-24
B0D9KCQ9D2,2025-03-31
B0D9KCQ9D2,2025-04-07
B0D9KCQ9D2,2025-04-14
B0D9KCQ9D2,2025-04-21
B0D9KCQ9D2,2025-04-28
B0D9KCQ9D2,2025-05-05
B0D9KCQ9D2,2025-05-12
B0D9KCQ9D2,2025-05-19
B0D9KCQ9D2,2025-05-26
B0D9KCQ9D2,2025-06-02
B0D9KCQ9D2,2025-06-09
B0D9KCQ9D2,2025-06-16
B0D9KCQ9D2,2025-06-23
B0D9KCQ9D2,2025-06-30
B0D9KCQ9D2,2025-07-07
B0D9KCQ9D2,2025-07-14
B0D9KCQ9D2,2025-07-21
B0D9KCQ9D2,2025-07-28
B0D9KCQ9D2,2025-08-04
B0D9KCQ9D2,2025-08-11
B0D9KCQ9D2,2025-08-18
B0D9KCQ9D2,2025-08-25
B0D9KCQ9D2,2025-09-01
B0D9KCQ9D2,2025-09-08
B0D9KCQ9D2,2025-09-15
B0D9KCQ9D2,2025-09-22
B0D9KCQ9D2,2025-09-29
B0D9KCQ9D2,2025-10-06
B0D9KCQ9D2,2025-10-13
B0D9KCQ9D2,2025-10-20
B0D9KCQ9D2,2025-10-27
B0D9KCQ9D2,2025-11-03
B0D9KCQ9D2,2025-11-10
B0D9KCQ9D2,2025-11-17
B0D9KCQ9D2,2025-11-24
B0D9KCQ9D2,2025-12-01
B0D9KCQ9D2,2025-12-08
B0D9KCQ9D2,2025-12-15
B0D9KCQ9D2,2025-12-22
B0D9KCQ9D2,2025-12-29
B0D9KCQ9D2,2026-01-05
B0D9KCQ9D2,2026-01-12
B0D9KCQ9D2,2026-01-19
B0D9KCQ9D2,2026-01-26
B0D9KCQ9D2,2026-02-02
B0D9KCQ9D2,2026-02-09
B0D9KCQ9D2,2026-02-16
B0D9KCQ9D2,2026-02-23
B0D9KCQ9D2,2026-03-02
B0D9KCQ9D2,2026-03-09
B0D9KCQ9D2,2026-03-16
B0D9KCQ9D2,2026-03-23
B0D9KCQ9D2,2026-03-30
B0D9KCQ9D2,2025-03-03
B0D9KCQ9D2,2025-03-10
B0D9KCQ9D2,2025-03-17
B0D9KCQ9D2,2025-03-24
B0D9KCQ9D2,2025-03-31
B0D9KCQ9D2,2025-04-07
B0D9KCQ9D2,2025-04-14
B0D9KCQ9D2,2025-04-21
B0D9KCQ9D2,2025-04-28
B0D9KCQ9D2,2025-05-05
B0D9KCQ9D2,2025-05-12
B0D9KCQ9D2,2025-05-19
B0D9KCQ9D2,2025-05-26
B0D9KCQ9D2,2025-06-02
B0D9KCQ9D2,2025-06-09
B0D9KCQ9D2,2025-06-16
B0D9KCQ9D2,2025-06-23
B0D9KCQ9D2,2025-06-30
B0D9KCQ9D2,2025-07-07
B0D9KCQ9D2,2025-07-14
B0D9KCQ9D2,2025-07-21
B0D9KCQ9D2,2025-07-28
B0D9KCQ9D2,2025-08-04
B0D9KCQ9D2,2025-08-11
B0D9KCQ9D2,2025-08-18
B0D9KCQ9D2,2025-08-25
B0D9KCQ9D2,2025-09-01
B0D9KCQ9D2,2025-09-08
B0D9KCQ9D2,2025-09-15
B0D9KCQ9D2,2025-09-22
B0D9KCQ9D2,2025-09-29
B0D9KCQ9D2,2025-10-06
B0D9KCQ9D2,2025-10-13
B0D9KCQ9D2,2025-10-20
B0D9KCQ9D2,2025-10-27
B0D9KCQ9D2,2025-11-03
B0D9KCQ9D2,2025-11-10
B0D9KCQ9D2,2025-11-17
B0D9KCQ9D2,2025-11-24
B0D9KCQ9D2,2025-12-01
B0D9KCQ9D2,2025-12-08
B0D9KCQ9D2,2025-12-15
B0D9KCQ9D2,2025-12-22
B0D9KCQ9D2,2025-12-29
B0D9KCQ9D2,2026-01-05
B0D9KCQ9D2,2026-01-12
B0D9KCQ9D2,2026-01-19
B0D9KCQ9D2,2026-01-26
B0D9KCQ9D2,2026-02-02
B0D9KCQ9D2,2026-02-09
B0D9KCQ9D2,2026-02-16
B0D9KCQ9D2,2026-02-23
B0D9KCQ9D2,2026-03-02
B0D9KCQ9D2,2026-03-09
B0D9KCQ9D2,2026-03-16
B0D9KCQ9D2,2026-03-23
B0D9KCQ9D2,2026-03-30
B0D9W64B2M,2025-03-03
B0D9W64B2M,2025-03-10
B0D9W64B2M,2025-03-17
B0D9W64B2M,2025-03-24
B0D9W64B2M,2025-03-31
B0D9W64B2M,2025-04-07
B0D9W64B2M,2025-04-14
B0D9W64B2M,2025-04-21
B0D9W64B2M,2025-04-28
B0D9W64B2M,2025-05-05
B0D9W64B2M,2025-05-12
B0D9W64B2M,2025-05-19
B0D9W64B2M,2025-05-26
B0D9W64B2M,2025-06-02
B0D9W64B2M,2025-06-09
B0D9W64B2M,2025-06-16
B0D9W64B2M,2025-06-23
B0D9W64B2M,2025-06-30
B0D9W64B2M,2025-07-07
B0D9W64B2M,2025-07-14
B0D9W64B2M,2025-07-21
B0D9W64B2M,2025-07-28
B0D9W64B2M,2025-08-04
B0D9W64B2M,2025-08-11
B0D9W64B2M,2025-08-18
B0D9W64B2M,2025-08-25
B0D9W64B2M,2025-09-01
B0D9W64B2M,2025-09-08
B0D9W64B2M,2025-09-15
B0D9W64B2M,2025-09-22
B0D9W64B2M,2025-09-29
B0D9W64B2M,2025-10-06
B0D9W64B2M,2025-10-13
B0D9W64B2M,2025-10-20
B0D9W64B2M,2025-10-27
B0D9W64B2M,2025-11-03
B0D9W64B2M,2025-11-10
B0D9W64B2M,2025-11-17
B0D9W64B2M,2025-11-24
B0D9W64B2M,2025-12-01
B0D9W64B2M,2025-12-08
B0D9W64B2M,2025-12-15
B0D9W64B2M,2025-12-22
B0D9W64B2M,2025-12-29
B0D9W64B2M,2026-01-05
B0D9W64B2M,2026-01-12
B0D9W64B2M,2026-01-19
B0D9W64B2M,2026-01-26
B0D9W64B2M,2026-02-02
B0D9W64B2M,2026-02-09
B0D9W64B2M,2026-02-16
B0D9W64B2M,2026-02-23
B0D9W64B2M,2026-03-02
B0D9W64B2M,2026-03-09
B0D9W64B2M,2026-03-16
B0D9W64B2M,2026-03-23
B0D9W64B2M,2026-03-30
B0D9W64B2M,2025-03-03
B0D9W64B2M,2025-03-10
B0D9W64B2M,2025-03-17
B0D9W64B2M,2025-03-24
B0D9W64B2M,2025-03-31
B0D9W64B2M,2025-04-07
B0D9W64B2M,2025-04-14
B0D9W64B2M,2025-04-21
B0D9W64B2M,2025-04-28
B0D9W64B2M,2025-05-05
B0D9W64B2M,2025-05-12
B0D9W64B2M,2025-05-19
B0D9W64B2M,2025-05-26
B0D9W64B2M,2025-06-02
B0D9W64B2M,2025-06-09
B0D9W64B2M,2025-06-16
B0D9W64B2M,2025-06-23
B0D9W64B2M,2025-06-30
B0D9W64B2M,2025-07-07
B0D9W64B2M,2025-07-14
B0D9W64B2M,2025-07-21
B0D9W64B2M,2025-07-28
B0D9W64B2M,2025-08-04
B0D9W64B2M,2025-08-11
B0D9W64B2M,2025-08-18
B0D9W64B2M,2025-08-25
B0D9W64B2M,2025-09-01
B0D9W64B2M,2025-09-08
B0D9W64B2M,2025-09-15
B0D9W64B2M,2025-09-22
B0D9W64B2M,2025-09-29
B0D9W64B2M,2025-10-06
B0D9W64B2M,2025-10-13
B0D9W64B2M,2025-10-20
B0D9W64B2M,2025-10-27
B0D9W64B2M,2025-11-03
B0D9W64B2M,2025-11-10
B0D9W64B2M,2025-11-17
B0D9W64B2M,2025-11-24
B0D9W64B2M,2025-12-01
B0D9W64B2M,2025-12-08
B0D9W64B2M,2025-12-15
B0D9W64B2M,2025-12-22
B0D9W64B2M,2025-12-29
B0D9W64B2M,2026-01-05
B0D9W64B2M,2026-01-12
B0D9W64B2M,2026-01-19
B0D9W64B2M,2026-01-26
B0D9W64B2M,2026-02-02
B0D9W64B2M,2026-02-09
B0D9W64B2M,2026-02-16
B0D9W64B2M,2026-02-23
B0D9W64B2M,2026-03-02
B0D9W64B2M,2026-03-09
B0D9W64B2M,2026-03-16
B0D9W64B2M,2026-03-23
B0D9W64B2M,2026-03-30
B0DCK1YTBL,2025-03-03
B0DCK1YTBL,2025-03-10
B0DCK1YTBL,2025-03-17
B0DCK1YTBL,2025-03-24
B0DCK1YTBL,2025-03-31
B0DCK1YTBL,2025-04-07
B0DCK1YTBL,2025-04-14
B0DCK1YTBL,2025-04-21
B0DCK1YTBL,2025-04-28
B0DCK1YTBL,2025-05-05
B0DCK1YTBL,2025-05-12
B0DCK1YTBL,2025-05-19
B0DCK1YTBL,2025-05-26
B0DCK1YTBL,2025-06-02
B0DCK1YTBL,2025-06-09
B0DCK1YTBL,2025-06-16
B0DCK1YTBL,2025-06-23
B0DCK1YTBL,2025-06-30
B0DCK1YTBL,2025-07-07
B0DCK1YTBL,2025-07-14
B0DCK1YTBL,2025-07-21
B0DCK1YTBL,2025-07-28
B0DCK1YTBL,2025-08-04
B0DCK1YTBL,2025-08-11
B0DCK1YTBL,2025-08-18
B0DCK1YTBL,2025-08-25
B0DCK1YTBL,2025-09-01
B0DCK1YTBL,2025-09-08
B0DCK1YTBL,2025-09-15
B0DCK1YTBL,2025-09-22
B0DCK1YTBL,2025-09-29
B0DCK1YTBL,2025-10-06
B0DCK1YTBL,2025-10-13
B0DCK1YTBL,2025-10-20
B0DCK1YTBL,2025-10-27
B0DCK1YTBL,2025-11-03
B0DCK1YTBL,2025-11-10
B0DCK1YTBL,2025-11-17
B0DCK1YTBL,2025-11-24
B0DCK1YTBL,2025-12-01
B0DCK1YTBL,2025-12-08
B0DCK1YTBL,2025-12-15
B0DCK1YTBL,2025-12-22
B0DCK1YTBL,2025-12-29
B0DCK1YTBL,2026-01-05
B0DCK1YTBL,2026-01-12
B0DCK1YTBL,2026-01-19
B0DCK1YTBL,2026-01-26
B0DCK1YTBL,2026-02-02
B0DCK1YTBL,2026-02-09
B0DCK1YTBL,2026-02-16
B0DCK1YTBL,2026-02-23
B0DCK1YTBL,2026-03-02
B0DCK1YTBL,2026-03-09
B0DCK1YTBL,2026-03-16
B0DCK1YTBL,2026-03-23
B0DCK1YTBL,2026-03-30
B0DCK1YTBL,2025-03-03
B0DCK1YTBL,2025-03-10
B0DCK1YTBL,2025-03-17
B0DCK1YTBL,2025-03-24
B0DCK1YTBL,2025-03-31
B0DCK1YTBL,2025-04-07
B0DCK1YTBL,2025-04-14
B0DCK1YTBL,2025-04-21
B0DCK1YTBL,2025-04-28
B0DCK1YTBL,2025-05-05
B0DCK1YTBL,2025-05-12
B0DCK1YTBL,2025-05-19
B0DCK1YTBL,2025-05-26
B0DCK1YTBL,2025-06-02
B0DCK1YTBL,2025-06-09
B0DCK1YTBL,2025-06-16
B0DCK1YTBL,2025-06-23
B0DCK1YTBL,2025-06-30
B0DCK1YTBL,2025-07-07
B0DCK1YTBL,2025-07-14
B0DCK1YTBL,2025-07-21
B0DCK1YTBL,2025-07-28
B0DCK1YTBL,2025-08-04
B0DCK1YTBL,2025-08-11
B0DCK1YTBL,2025-08-18
B0DCK1YTBL,2025-08-25
B0DCK1YTBL,2025-09-01
B0DCK1YTBL,2025-09-08
B0DCK1YTBL,2025-09-15
B0DCK1YTBL,2025-09-22
B0DCK1YTBL,2025-09-29
B0DCK1YTBL,2025-10-06
B0DCK1YTBL,2025-10-13
B0DCK1YTBL,2025-10-20
B0DCK1YTBL,2025-10-27
B0DCK1YTBL,2025-11-03
B0DCK1YTBL,2025-11-10
B0DCK1YTBL,2025-11-17
B0DCK1YTBL,2025-11-24
B0DCK1YTBL,2025-12-01
B0DCK1YTBL,2025-12-08
B0DCK1YTBL,2025-12-15
B0DCK1YTBL,2025-12-22
B0DCK1YTBL,2025-12-29
B0DCK1YTBL,2026-01-05
B0DCK1YTBL,2026-01-12
B0DCK1YTBL,2026-01-19
B0DCK1YTBL,2026-01-26
B0DCK1YTBL,2026-02-02
B0DCK1YTBL,2026-02-09
B0DCK1YTBL,2026-02-16
B0DCK1YTBL,2026-02-23
B0DCK1YTBL,2026-03-02
B0DCK1YTBL,2026-03-09
B0DCK1YTBL,2026-03-16
B0DCK1YTBL,2026-03-23
B0DCK1YTBL,2026-03-30
B0DCL6T79T,2025-03-03
B0DCL6T79T,2025-03-10
B0DCL6T79T,2025-03-17
B0DCL6T79T,2025-03-24
B0DCL6T79T,2025-03-31
B0DCL6T79T,2025-04-07
B0DCL6T79T,2025-04-14
B0DCL6T79T,2025-04-21
B0DCL6T79T,2025-04-28
B0DCL6T79T,2025-05-05
B0DCL6T79T,2025-05-12
B0DCL6T79T,2025-05-19
B0DCL6T79T,2025-05-26
B0DCL6T79T,2025-06-02
B0DCL6T79T,2025-06-09
B0DCL6T79T,2025-06-16
B0DCL6T79T,2025-06-23
B0DCL6T79T,2025-06-30
B0DCL6T79T,2025-07-07
B0DCL6T79T,2025-07-14
B0DCL6T79T,2025-07-21
B0DCL6T79T,2025-07-28
B0DCL6T79T,2025-08-04
B0DCL6T79T,2025-08-11
B0DCL6T79T,2025-08-18
B0DCL6T79T,2025-08-25
B0DCL6T79T,2025-09-01
B0DCL6T79T,2025-09-08
B0DCL6T79T,2025-09-15
B0DCL6T79T,2025-09-22
B0DCL6T79T,2025-09-29
B0DCL6T79T,2025-10-06
B0DCL6T79T,2025-10-13
B0DCL6T79T,2025-10-20
B0DCL6T79T,2025-10-27
B0DCL6T79T,2025-11-03
B0DCL6T79T,2025-11-10
B0DCL6T79T,2025-11-17
B0DCL6T79T,2025-11-24
B0DCL6T79T,2025-12-01
B0DCL6T79T,2025-12-08
B0DCL6T79T,2025-12-15
B0DCL6T79T,2025-12-22
B0DCL6T79T,2025-12-29
B0DCL6T79T,2026-01-05
B0DCL6T79T,2026-01-12
B0DCL6T79T,2026-01-19
B0DCL6T79T,2026-01-26
B0DCL6T79T,2026-02-02
B0DCL6T79T,2026-02-09
B0DCL6T79T,2026-02-16
B0DCL6T79T,2026-02-23
B0DCL6T79T,2026-03-02
B0DCL6T79T,2026-03-09
B0DCL6T79T,2026-03-16
B0DCL6T79T,2026-03-23
B0DCL6T79T,2026-03-30
B0DCL6T79T,2025-03-03
B0DCL6T79T,2025-03-10
B0DCL6T79T,2025-03-17
B0DCL6T79T,2025-03-24
B0DCL6T79T,2025-03-31
B0DCL6T79T,2025-04-07
B0DCL6T79T,2025-04-14
B0DCL6T79T,2025-04-21
B0DCL6T79T,2025-04-28
B0DCL6T79T,2025-05-05
B0DCL6T79T,2025-05-12
B0DCL6T79T,2025-05-19
B0DCL6T79T,2025-05-26
B0DCL6T79T,2025-06-02
B0DCL6T79T,2025-06-09
B0DCL6T79T,2025-06-16
B0DCL6T79T,2025-06-23
B0DCL6T79T,2025-06-30
B0DCL6T79T,2025-07-07
B0DCL6T79T,2025-07-14
B0DCL6T79T,2025-07-21
B0DCL6T79T,2025-07-28
B0DCL6T79T,2025-08-04
B0DCL6T79T,2025-08-11
B0DCL6T79T,2025-08-18
B0DCL6T79T,2025-08-25
B0DCL6T79T,2025-09-01
B0DCL6T79T,2025-09-08
B0DCL6T79T,2025-09-15
B0DCL6T79T,2025-09-22
B0DCL6T79T,2025-09-29
B0DCL6T79T,2025-10-06
B0DCL6T79T,2025-10-13
B0DCL6T79T,2025-10-20
B0DCL6T79T,2025-10-27
B0DCL6T79T,2025-11-03
B0DCL6T79T,2025-11-10
B0DCL6T79T,2025-11-17
B0DCL6T79T,2025-11-24
B0DCL6T79T,2025-12-01
B0DCL6T79T,2025-12-08
B0DCL6T79T,2025-12-15
B0DCL6T79T,2025-12-22
B0DCL6T79T,2025-12-29
B0DCL6T79T,2026-01-05
B0DCL6T79T,2026-01-12
B0DCL6T79T,2026-01-19
B0DCL6T79T,2026-01-26
B0DCL6T79T,2026-02-02
B0DCL6T79T,2026-02-09
B0DCL6T79T,2026-02-16
B0DCL6T79T,2026-02-23
B0DCL6T79T,2026-03-02
B0DCL6T79T,2026-03-09
B0DCL6T79T,2026-03-16
B0DCL6T79T,2026-03-23
B0DCL6T79T,2026-03-30
B0DDTLRPYM,2025-03-03
B0DDTLRPYM,2025-03-10
B0DDTLRPYM,2025-03-17
B0DDTLRPYM,2025-03-24
B0DDTLRPYM,2025-03-31
B0DDTLRPYM,2025-04-07
B0DDTLRPYM,2025-04-14
B0DDTLRPYM,2025-04-21
B0DDTLRPYM,2025-04-28
B0DDTLRPYM,2025-05-05
B0DDTLRPYM,2025-05-12
B0DDTLRPYM,2025-05-19
B0DDTLRPYM,2025-05-26
B0DDTLRPYM,2025-06-02
B0DDTLRPYM,2025-06-09
B0DDTLRPYM,2025-06-16
B0DDTLRPYM,2025-06-23
B0DDTLRPYM,2025-06-30
B0DDTLRPYM,2025-07-07
B0DDTLRPYM,2025-07-14
B0DDTLRPYM,2025-07-21
B0DDTLRPYM,2025-07-28
B0DDTLRPYM,2025-08-04
B0DDTLRPYM,2025-08-11
B0DDTLRPYM,2025-08-18
B0DDTLRPYM,2025-08-25
B0DDTLRPYM,2025-09-01
B0DDTLRPYM,2025-09-08
B0DDTLRPYM,2025-09-15
B0DDTLRPYM,2025-09-22
B0DDTLRPYM,2025-09-29
B0DDTLRPYM,2025-10-06
B0DDTLRPYM,2025-10-13
B0DDTLRPYM,2025-10-20
B0DDTLRPYM,2025-10-27
B0DDTLRPYM,2025-11-03
B0DDTLRPYM,2025-11-10
B0DDTLRPYM,2025-11-17
B0DDTLRPYM,2025-11-24
B0DDTLRPYM,2025-12-01
B0DDTLRPYM,2025-12-08
B0DDTLRPYM,2025-12-15
B0DDTLRPYM,2025-12-22
B0DDTLRPYM,2025-12-29
B0DDTLRPYM,2026-01-05
B0DDTLRPYM,2026-01-12
B0DDTLRPYM,2026-01-19
B0DDTLRPYM,2026-01-26
B0DDTLRPYM,2026-02-02
B0DDTLRPYM,2026-02-09
B0DDTLRPYM,2026-02-16
B0DDTLRPYM,2026-02-23
B0DDTLRPYM,2026-03-02
B0DDTLRPYM,2026-03-09
B0DDTLRPYM,2026-03-16
B0DDTLRPYM,2026-03-23
B0DDTLRPYM,2026-03-30
B0DDTLRPYM,2025-03-03
B0DDTLRPYM,2025-03-10
B0DDTLRPYM,2025-03-17
B0DDTLRPYM,2025-03-24
B0DDTLRPYM,2025-03-31
B0DDTLRPYM,2025-04-07
B0DDTLRPYM,2025-04-14
B0DDTLRPYM,2025-04-21
B0DDTLRPYM,2025-04-28
B0DDTLRPYM,2025-05-05
B0DDTLRPYM,2025-05-12
B0DDTLRPYM,2025-05-19
B0DDTLRPYM,2025-05-26
B0DDTLRPYM,2025-06-02
B0DDTLRPYM,2025-06-09
B0DDTLRPYM,2025-06-16
B0DDTLRPYM,2025-06-23
B0DDTLRPYM,2025-06-30
B0DDTLRPYM,2025-07-07
B0DDTLRPYM,2025-07-14
B0DDTLRPYM,2025-07-21
B0DDTLRPYM,2025-07-28
B0DDTLRPYM,2025-08-04
B0DDTLRPYM,2025-08-11
B0DDTLRPYM,2025-08-18
B0DDTLRPYM,2025-08-25
B0DDTLRPYM,2025-09-01
B0DDTLRPYM,2025-09-08
B0DDTLRPYM,2025-09-15
B0DDTLRPYM,2025-09-22
B0DDTLRPYM,2025-09-29
B0DDTLRPYM,2025-10-06
B0DDTLRPYM,2025-10-13
B0DDTLRPYM,2025-10-20
B0DDTLRPYM,2025-10-27
B0DDTLRPYM,2025-11-03
B0DDTLRPYM,2025-11-10
B0DDTLRPYM,2025-11-17
B0DDTLRPYM,2025-11-24
B0DDTLRPYM,2025-12-01
B0DDTLRPYM,2025-12-08
B0DDTLRPYM,2025-12-15
B0DDTLRPYM,2025-12-22
B0DDTLRPYM,2025-12-29
B0DDTLRPYM,2026-01-05
B0DDTLRPYM,2026-01-12
B0DDTLRPYM,2026-01-19
B0DDTLRPYM,2026-01-26
B0DDTLRPYM,2026-02-02
B0DDTLRPYM,2026-02-09
B0DDTLRPYM,2026-02-16
B0DDTLRPYM,2026-02-23
B0DDTLRPYM,2026-03-02
B0DDTLRPYM,2026-03-09
B0DDTLRPYM,2026-03-16
B0DDTLRPYM,2026-03-23
B0DDTLRPYM,2026-03-30
B0DFGYPPX3,2025-03-03
B0DFGYPPX3,2025-03-10
B0DFGYPPX3,2025-03-17
B0DFGYPPX3,2025-03-24
B0DFGYPPX3,2025-03-31
B0DFGYPPX3,2025-04-07
B0DFGYPPX3,2025-04-14
B0DFGYPPX3,2025-04-21
B0DFGYPPX3,2025-04-28
B0DFGYPPX3,2025-05-05
B0DFGYPPX3,2025-05-12
B0DFGYPPX3,2025-05-19
B0DFGYPPX3,2025-05-26
B0DFGYPPX3,2025-06-02
B0DFGYPPX3,2025-06-09
B0DFGYPPX3,2025-06-16
B0DFGYPPX3,2025-06-23
B0DFGYPPX3,2025-06-30
B0DFGYPPX3,2025-07-07
B0DFGYPPX3,2025-07-14
B0DFGYPPX3,2025-07-21
B0DFGYPPX3,2025-07-28
B0DFGYPPX3,2025-08-04
B0DFGYPPX3,2025-08-11
B0DFGYPPX3,2025-08-18
B0DFGYPPX3,2025-08-25
B0DFGYPPX3,2025-09-01
B0DFGYPPX3,2025-09-08
B0DFGYPPX3,2025-09-15
B0DFGYPPX3,2025-09-22
B0DFGYPPX3,2025-09-29
B0DFGYPPX3,2025-10-06
B0DFGYPPX3,2025-10-13
B0DFGYPPX3,2025-10-20
B0DFGYPPX3,2025-10-27
B0DFGYPPX3,2025-11-03
B0DFGYPPX3,2025-11-10
B0DFGYPPX3,2025-11-17
B0DFGYPPX3,2025-11-24
B0DFGYPPX3,2025-12-01
B0DFGYPPX3,2025-12-08
B0DFGYPPX3,2025-12-15
B0DFGYPPX3,2025-12-22
B0DFGYPPX3,2025-12-29
B0DFGYPPX3,2026-01-05
B0DFGYPPX3,2026-01-12
B0DFGYPPX3,2026-01-19
B0DFGYPPX3,2026-01-26
B0DFGYPPX3,2026-02-02
B0DFGYPPX3,2026-02-09
B0DFGYPPX3,2026-02-16
B0DFGYPPX3,2026-02-23
B0DFGYPPX3,2026-03-02
B0DFGYPPX3,2026-03-09
B0DFGYPPX3,2026-03-16
B0DFGYPPX3,2026-03-23
B0DFGYPPX3,2026-03-30
B0DFGYPPX3,2025-03-03
B0DFGYPPX3,2025-03-10
B0DFGYPPX3,2025-03-17
B0DFGYPPX3,2025-03-24
B0DFGYPPX3,2025-03-31
B0DFGYPPX3,2025-04-07
B0DFGYPPX3,2025-04-14
B0DFGYPPX3,2025-04-21
B0DFGYPPX3,2025-04-28
B0DFGYPPX3,2025-05-05
B0DFGYPPX3,2025-05-12
B0DFGYPPX3,2025-05-19
B0DFGYPPX3,2025-05-26
B0DFGYPPX3,2025-06-02
B0DFGYPPX3,2025-06-09
B0DFGYPPX3,2025-06-16
B0DFGYPPX3,2025-06-23
B0DFGYPPX3,2025-06-30
B0DFGYPPX3,2025-07-07
B0DFGYPPX3,2025-07-14
B0DFGYPPX3,2025-07-21
B0DFGYPPX3,2025-07-28
B0DFGYPPX3,2025-08-04
B0DFGYPPX3,2025-08-11
B0DFGYPPX3,2025-08-18
B0DFGYPPX3,2025-08-25
B0DFGYPPX3,2025-09-01
B0DFGYPPX3,2025-09-08
B0DFGYPPX3,2025-09-15
B0DFGYPPX3,2025-09-22
B0DFGYPPX3,2025-09-29
B0DFGYPPX3,2025-10-06
B0DFGYPPX3,2025-10-13
B0DFGYPPX3,2025-10-20
B0DFGYPPX3,2025-10-27
B0DFGYPPX3,2025-11-03
B0DFGYPPX3,2025-11-10
B0DFGYPPX3,2025-11-17
B0DFGYPPX3,2025-11-24
B0DFGYPPX3,2025-12-01
B0DFGYPPX3,2025-12-08
B0DFGYPPX3,2025-12-15
B0DFGYPPX3,2025-12-22
B0DFGYPPX3,2025-12-29
B0DFGYPPX3,2026-01-05
B0DFGYPPX3,2026-01-12
B0DFGYPPX3,2026-01-19
B0DFGYPPX3,2026-01-26
B0DFGYPPX3,2026-02-02
B0DFGYPPX3,2026-02-09
B0DFGYPPX3,2026-02-16
B0DFGYPPX3,2026-02-23
B0DFGYPPX3,2026-03-02
B0DFGYPPX3,2026-03-09
B0DFGYPPX3,2026-03-16
B0DFGYPPX3,2026-03-23
B0DFGYPPX3,2026-03-30
B0DFPC2J34,2025-03-03
B0DFPC2J34,2025-03-10
B0DFPC2J34,2025-03-17
B0DFPC2J34,2025-03-24
B0DFPC2J34,2025-03-31
B0DFPC2J34,2025-04-07
B0DFPC2J34,2025-04-14
B0DFPC2J34,2025-04-21
B0DFPC2J34,2025-04-28
B0DFPC2J34,2025-05-05
B0DFPC2J34,2025-05-12
B0DFPC2J34,2025-05-19
B0DFPC2J34,2025-05-26
B0DFPC2J34,2025-06-02
B0DFPC2J34,2025-06-09
B0DFPC2J34,2025-06-16
B0DFPC2J34,2025-06-23
B0DFPC2J34,2025-06-30
B0DFPC2J34,2025-07-07
B0DFPC2J34,2025-07-14
B0DFPC2J34,2025-07-21
B0DFPC2J34,2025-07-28
B0DFPC2J34,2025-08-04
B0DFPC2J34,2025-08-11
B0DFPC2J34,2025-08-18
B0DFPC2J34,2025-08-25
B0DFPC2J34,2025-09-01
B0DFPC2J34,2025-09-08
B0DFPC2J34,2025-09-15
B0DFPC2J34,2025-09-22
B0DFPC2J34,2025-09-29
B0DFPC2J34,2025-10-06
B0DFPC2J34,2025-10-13
B0DFPC2J34,2025-10-20
B0DFPC2J34,2025-10-27
B0DFPC2J34,2025-11-03
B0DFPC2J34,2025-11-10
B0DFPC2J34,2025-11-17
B0DFPC2J34,2025-11-24
B0DFPC2J34,2025-12-01
B0DFPC2J34,2025-12-08
B0DFPC2J34,2025-12-15
B0DFPC2J34,2025-12-22
B0DFPC2J34,2025-12-29
B0DFPC2J34,2026-01-05
B0DFPC2J34,2026-01-12
B0DFPC2J34,2026-01-19
B0DFPC2J34,2026-01-26
B0DFPC2J34,2026-02-02
B0DFPC2J34,2026-02-09
B0DFPC2J34,2026-02-16
B0DFPC2J34,2026-02-23
B0DFPC2J34,2026-03-02
B0DFPC2J34,2026-03-09
B0DFPC2J34,2026-03-16
B0DFPC2J34,2026-03-23
B0DFPC2J34,2026-03-30
B0DFPC2J34,2025-03-03
B0DFPC2J34,2025-03-10
B0DFPC2J34,2025-03-17
B0DFPC2J34,2025-03-24
B0DFPC2J34,2025-03-31
B0DFPC2J34,2025-04-07
B0DFPC2J34,2025-04-14
B0DFPC2J34,2025-04-21
B0DFPC2J34,2025-04-28
B0DFPC2J34,2025-05-05
B0DFPC2J34,2025-05-12
B0DFPC2J34,2025-05-19
B0DFPC2J34,2025-05-26
B0DFPC2J34,2025-06-02
B0DFPC2J34,2025-06-09
B0DFPC2J34,2025-06-16
B0DFPC2J34,2025-06-23
B0DFPC2J34,2025-06-30
B0DFPC2J34,2025-07-07
B0DFPC2J34,2025-07-14
B0DFPC2J34,2025-07-21
B0DFPC2J34,2025-07-28
B0DFPC2J34,2025-08-04
B0DFPC2J34,2025-08-11
B0DFPC2J34,2025-08-18
B0DFPC2J34,2025-08-25
B0DFPC2J34,2025-09-01
B0DFPC2J34,2025-09-08
B0DFPC2J34,2025-09-15
B0DFPC2J34,2025-09-22
B0DFPC2J34,2025-09-29
B0DFPC2J34,2025-10-06
B0DFPC2J34,2025-10-13
B0DFPC2J34,2025-10-20
B0DFPC2J34,2025-10-27
B0DFPC2J34,2025-11-03
B0DFPC2J34,2025-11-10
B0DFPC2J34,2025-11-17
B0DFPC2J34,2025-11-24
B0DFPC2J34,2025-12-01
B0DFPC2J34,2025-12-08
B0DFPC2J34,2025-12-15
B0DFPC2J34,2025-12-22
B0DFPC2J34,2025-12-29
B0DFPC2J34,2026-01-05
B0DFPC2J34,2026-01-12
B0DFPC2J34,2026-01-19
B0DFPC2J34,2026-01-26
B0DFPC2J34,2026-02-02
B0DFPC2J34,2026-02-09
B0DFPC2J34,2026-02-16
B0DFPC2J34,2026-02-23
B0DFPC2J34,2026-03-02
B0DFPC2J34,2026-03-09
B0DFPC2J34,2026-03-16
B0DFPC2J34,2026-03-23
B0DFPC2J34,2026-03-30
B0DFY8Z9JS,2025-03-03
B0DFY8Z9JS,2025-03-10
B0DFY8Z9JS,2025-03-17
B0DFY8Z9JS,2025-03-24
B0DFY8Z9JS,2025-03-31
B0DFY8Z9JS,2025-04-07
B0DFY8Z9JS,2025-04-14
B0DFY8Z9JS,2025-04-21
B0DFY8Z9JS,2025-04-28
B0DFY8Z9JS,2025-05-05
B0DFY8Z9JS,2025-05-12
B0DFY8Z9JS,2025-05-19
B0DFY8Z9JS,2025-05-26
B0DFY8Z9JS,2025-06-02
B0DFY8Z9JS,2025-06-09
B0DFY8Z9JS,2025-06-16
B0DFY8Z9JS,2025-06-23
B0DFY8Z9JS,2025-06-30
B0DFY8Z9JS,2025-07-07
B0DFY8Z9JS,2025-07-14
B0DFY8Z9JS,2025-07-21
B0DFY8Z9JS,2025-07-28
B0DFY8Z9JS,2025-08-04
B0DFY8Z9JS,2025-08-11
B0DFY8Z9JS,2025-08-18
B0DFY8Z9JS,2025-08-25
B0DFY8Z9JS,2025-09-01
B0DFY8Z9JS,2025-09-08
B0DFY8Z9JS,2025-09-15
B0DFY8Z9JS,2025-09-22
B0DFY8Z9JS,2025-09-29
B0DFY8Z9JS,2025-10-06
B0DFY8Z9JS,2025-10-13
B0DFY8Z9JS,2025-10-20
B0DFY8Z9JS,2025-10-27
B0DFY8Z9JS,2025-11-03
B0DFY8Z9JS,2025-11-10
B0DFY8Z9JS,2025-11-17
B0DFY8Z9JS,2025-11-24
B0DFY8Z9JS,2025-12-01
B0DFY8Z9JS,2025-12-08
B0DFY8Z9JS,2025-12-15
B0DFY8Z9JS,2025-12-22
B0DFY8Z9JS,2025-12-29
B0DFY8Z9JS,2026-01-05
B0DFY8Z9JS,2026-01-12
B0DFY8Z9JS,2026-01-19
B0DFY8Z9JS,2026-01-26
B0DFY8Z9JS,2026-02-02
B0DFY8Z9JS,2026-02-09
B0DFY8Z9JS,2026-02-16
B0DFY8Z9JS,2026-02-23
B0DFY8Z9JS,2026-03-02
B0DFY8Z9JS,2026-03-09
B0DFY8Z9JS,2026-03-16
B0DFY8Z9JS,2026-03-23
B0DFY8Z9JS,2026-03-30
B0DFY8Z9JS,2025-03-03
B0DFY8Z9JS,2025-03-10
B0DFY8Z9JS,2025-03-17
B0DFY8Z9JS,2025-03-24
B0DFY8Z9JS,2025-03-31
B0DFY8Z9JS,2025-04-07
B0DFY8Z9JS,2025-04-14
B0DFY8Z9JS,2025-04-21
B0DFY8Z9JS,2025-04-28
B0DFY8Z9JS,2025-05-05
B0DFY8Z9JS,2025-05-12
B0DFY8Z9JS,2025-05-19
B0DFY8Z9JS,2025-05-26
B0DFY8Z9JS,2025-06-02
B0DFY8Z9JS,2025-06-09
B0DFY8Z9JS,2025-06-16
B0DFY8Z9JS,2025-06-23
B0DFY8Z9JS,2025-06-30
B0DFY8Z9JS,2025-07-07
B0DFY8Z9JS,2025-07-14
B0DFY8Z9JS,2025-07-21
B0DFY8Z9JS,2025-07-28
B0DFY8Z9JS,2025-08-04
B0DFY8Z9JS,2025-08-11
B0DFY8Z9JS,2025-08-18
B0DFY8Z9JS,2025-08-25
B0DFY8Z9JS,2025-09-01
B0DFY8Z9JS,2025-09-08
B0DFY8Z9JS,2025-09-15
B0DFY8Z9JS,2025-09-22
B0DFY8Z9JS,2025-09-29
B0DFY8Z9JS,2025-10-06
B0DFY8Z9JS,2025-10-13
B0DFY8Z9JS,2025-10-20
B0DFY8Z9JS,2025-10-27
B0DFY8Z9JS,2025-11-03
B0DFY8Z9JS,2025-11-10
B0DFY8Z9JS,2025-11-17
B0DFY8Z9JS,2025-11-24
B0DFY8Z9JS,2025-12-01
B0DFY8Z9JS,2025-12-08
B0DFY8Z9JS,2025-12-15
B0DFY8Z9JS,2025-12-22
B0DFY8Z9JS,2025-12-29
B0DFY8Z9JS,2026-01-05
B0DFY8Z9JS,2026-01-12
B0DFY8Z9JS,2026-01-19
B0DFY8Z9JS,2026-01-26
B0DFY8Z9JS,2026-02-02
B0DFY8Z9JS,2026-02-09
B0DFY8Z9JS,2026-02-16
B0DFY8Z9JS,2026-02-23
B0DFY8Z9JS,2026-03-02
B0DFY8Z9JS,2026-03-09
B0DFY8Z9JS,2026-03-16
B0DFY8Z9JS,2026-03-23
B0DFY8Z9JS,2026-03-30
B0DG7RFD5H,2025-03-03
B0DG7RFD5H,2025-03-10
B0DG7RFD5H,2025-03-17
B0DG7RFD5H,2025-03-24
B0DG7RFD5H,2025-03-31
B0DG7RFD5H,2025-04-07
B0DG7RFD5H,2025-04-14
B0DG7RFD5H,2025-04-21
B0DG7RFD5H,2025-04-28
B0DG7RFD5H,2025-05-05
B0DG7RFD5H,2025-05-12
B0DG7RFD5H,2025-05-19
B0DG7RFD5H,2025-05-26
B0DG7RFD5H,2025-06-02
B0DG7RFD5H,2025-06-09
B0DG7RFD5H,2025-06-16
B0DG7RFD5H,2025-06-23
B0DG7RFD5H,2025-06-30
B0DG7RFD5H,2025-07-07
B0DG7RFD5H,2025-07-14
B0DG7RFD5H,2025-07-21
B0DG7RFD5H,2025-07-28
B0DG7RFD5H,2025-08-04
B0DG7RFD5H,2025-08-11
B0DG7RFD5H,2025-08-18
B0DG7RFD5H,2025-08-25
B0DG7RFD5H,2025-09-01
B0DG7RFD5H,2025-09-08
B0DG7RFD5H,2025-09-15
B0DG7RFD5H,2025-09-22
B0DG7RFD5H,2025-09-29
B0DG7RFD5H,2025-10-06
B0DG7RFD5H,2025-10-13
B0DG7RFD5H,2025-10-20
B0DG7RFD5H,2025-10-27
B0DG7RFD5H,2025-11-03
B0DG7RFD5H,2025-11-10
B0DG7RFD5H,2025-11-17
B0DG7RFD5H,2025-11-24
B0DG7RFD5H,2025-12-01
B0DG7RFD5H,2025-12-08
B0DG7RFD5H,2025-12-15
B0DG7RFD5H,2025-12-22
B0DG7RFD5H,2025-12-29
B0DG7RFD5H,2026-01-05
B0DG7RFD5H,2026-01-12
B0DG7RFD5H,2026-01-19
B0DG7RFD5H,2026-01-26
B0DG7RFD5H,2026-02-02
B0DG7RFD5H,2026-02-09
B0DG7RFD5H,2026-02-16
B0DG7RFD5H,2026-02-23
B0DG7RFD5H,2026-03-02
B0DG7RFD5H,2026-03-09
B0DG7RFD5H,2026-03-16
B0DG7RFD5H,2026-03-23
B0DG7RFD5H,2026-03-30
B0DG7RFD5H,2025-03-03
B0DG7RFD5H,2025-03-10
B0DG7RFD5H,2025-03-17
B0DG7RFD5H,2025-03-24
B0DG7RFD5H,2025-03-31
B0DG7RFD5H,2025-04-07
B0DG7RFD5H,2025-04-14
B0DG7RFD5H,2025-04-21
B0DG7RFD5H,2025-04-28
B0DG7RFD5H,2025-05-05
B0DG7RFD5H,2025-05-12
B0DG7RFD5H,2025-05-19
B0DG7RFD5H,2025-05-26
B0DG7RFD5H,2025-06-02
B0DG7RFD5H,2025-06-09
B0DG7RFD5H,2025-06-16
B0DG7RFD5H,2025-06-23
B0DG7RFD5H,2025-06-30
B0DG7RFD5H,2025-07-07
B0DG7RFD5H,2025-07-14
B0DG7RFD5H,2025-07-21
B0DG7RFD5H,2025-07-28
B0DG7RFD5H,2025-08-04
B0DG7RFD5H,2025-08-11
B0DG7RFD5H,2025-08-18
B0DG7RFD5H,2025-08-25
B0DG7RFD5H,2025-09-01
B0DG7RFD5H,2025-09-08
B0DG7RFD5H,2025-09-15
B0DG7RFD5H,2025-09-22
B0DG7RFD5H,2025-09-29
B0DG7RFD5H,2025-10-06
B0DG7RFD5H,2025-10-13
B0DG7RFD5H,2025-10-20
B0DG7RFD5H,2025-10-27
B0DG7RFD5H,2025-11-03
B0DG7RFD5H,2025-11-10
B0DG7RFD5H,2025-11-17
B0DG7RFD5H,2025-11-24
B0DG7RFD5H,2025-12-01
B0DG7RFD5H,2025-12-08
B0DG7RFD5H,2025-12-15
B0DG7RFD5H,2025-12-22
B0DG7RFD5H,2025-12-29
B0DG7RFD5H,2026-01-05
B0DG7RFD5H,2026-01-12
B0DG7RFD5H,2026-01-19
B0DG7RFD5H,2026-01-26
B0DG7RFD5H,2026-02-02
B0DG7RFD5H,2026-02-09
B0DG7RFD5H,2026-02-16
B0DG7RFD5H,2026-02-23
B0DG7RFD5H,2026-03-02
B0DG7RFD5H,2026-03-09
B0DG7RFD5H,2026-03-16
B0DG7RFD5H,2026-03-23
B0DG7RFD5H,2026-03-30
B0DG8FG2Z1,2025-03-03
B0DG8FG2Z1,2025-03-10
B0DG8FG2Z1,2025-03-17
B0DG8FG2Z1,2025-03-24
B0DG8FG2Z1,2025-03-31
B0DG8FG2Z1,2025-04-07
B0DG8FG2Z1,2025-04-14
B0DG8FG2Z1,2025-04-21
B0DG8FG2Z1,2025-04-28
B0DG8FG2Z1,2025-05-05
B0DG8FG2Z1,2025-05-12
B0DG8FG2Z1,2025-05-19
B0DG8FG2Z1,2025-05-26
B0DG8FG2Z1,2025-06-02
B0DG8FG2Z1,2025-06-09
B0DG8FG2Z1,2025-06-16
B0DG8FG2Z1,2025-06-23
B0DG8FG2Z1,2025-06-30
B0DG8FG2Z1,2025-07-07
B0DG8FG2Z1,2025-07-14
B0DG8FG2Z1,2025-07-21
B0DG8FG2Z1,2025-07-28
B0DG8FG2Z1,2025-08-04
B0DG8FG2Z1,2025-08-11
B0DG8FG2Z1,2025-08-18
B0DG8FG2Z1,2025-08-25
B0DG8FG2Z1,2025-09-01
B0DG8FG2Z1,2025-09-08
B0DG8FG2Z1,2025-09-15
B0DG8FG2Z1,2025-09-22
B0DG8FG2Z1,2025-09-29
B0DG8FG2Z1,2025-10-06
B0DG8FG2Z1,2025-10-13
B0DG8FG2Z1,2025-10-20
B0DG8FG2Z1,2025-10-27
B0DG8FG2Z1,2025-11-03
B0DG8FG2Z1,2025-11-10
B0DG8FG2Z1,2025-11-17
B0DG8FG2Z1,2025-11-24
B0DG8FG2Z1,2025-12-01
B0DG8FG2Z1,2025-12-08
B0DG8FG2Z1,2025-12-15
B0DG8FG2Z1,2025-12-22
B0DG8FG2Z1,2025-12-29
B0DG8FG2Z1,2026-01-05
B0DG8FG2Z1,2026-01-12
B0DG8FG2Z1,2026-01-19
B0DG8FG2Z1,2026-01-26
B0DG8FG2Z1,2026-02-02
B0DG8FG2Z1,2026-02-09
B0DG8FG2Z1,2026-02-16
B0DG8FG2Z1,2026-02-23
B0DG8FG2Z1,2026-03-02
B0DG8FG2Z1,2026-03-09
B0DG8FG2Z1,2026-03-16
B0DG8FG2Z1,2026-03-23
B0DG8FG2Z1,2026-03-30
B0DG8FG2Z1,2025-03-03
B0DG8FG2Z1,2025-03-10
B0DG8FG2Z1,2025-03-17
B0DG8FG2Z1,2025-03-24
B0DG8FG2Z1,2025-03-31
B0DG8FG2Z1,2025-04-07
B0DG8FG2Z1,2025-04-14
B0DG8FG2Z1,2025-04-21
B0DG8FG2Z1,2025-04-28
B0DG8FG2Z1,2025-05-05
B0DG8FG2Z1,2025-05-12
B0DG8FG2Z1,2025-05-19
B0DG8FG2Z1,2025-05-26
B0DG8FG2Z1,2025-06-02
B0DG8FG2Z1,2025-06-09
B0DG8FG2Z1,2025-06-16
B0DG8FG2Z1,2025-06-23
B0DG8FG2Z1,2025-06-30
B0DG8FG2Z1,2025-07-07
B0DG8FG2Z1,2025-07-14
B0DG8FG2Z1,2025-07-21
B0DG8FG2Z1,2025-07-28
B0DG8FG2Z1,2025-08-04
B0DG8FG2Z1,2025-08-11
B0DG8FG2Z1,2025-08-18
B0DG8FG2Z1,2025-08-25
B0DG8FG2Z1,2025-09-01
B0DG8FG2Z1,2025-09-08
B0DG8FG2Z1,2025-09-15
B0DG8FG2Z1,2025-09-22
B0DG8FG2Z1,2025-09-29
B0DG8FG2Z1,2025-10-06
B0DG8FG2Z1,2025-10-13
B0DG8FG2Z1,2025-10-20
B0DG8FG2Z1,2025-10-27
B0DG8FG2Z1,2025-11-03
B0DG8FG2Z1,2025-11-10
B0DG8FG2Z1,2025-11-17
B0DG8FG2Z1,2025-11-24
B0DG8FG2Z1,2025-12-01
B0DG8FG2Z1,2025-12-08
B0DG8FG2Z1,2025-12-15
B0DG8FG2Z1,2025-12-22
B0DG8FG2Z1,2025-12-29
B0DG8FG2Z1,2026-01-05
B0DG8FG2Z1,2026-01-12
B0DG8FG2Z1,2026-01-19
B0DG8FG2Z1,2026-01-26
B0DG8FG2Z1,2026-02-02
B0DG8FG2Z1,2026-02-09
B0DG8FG2Z1,2026-02-16
B0DG8FG2Z1,2026-02-23
B0DG8FG2Z1,2026-03-02
B0DG8FG2Z1,2026-03-09
B0DG8FG2Z1,2026-03-16
B0DG8FG2Z1,2026-03-23
B0DG8FG2Z1,2026-03-30
B0DJ2XSZ48,2025-03-03
B0DJ2XSZ48,2025-03-10
B0DJ2XSZ48,2025-03-17
B0DJ2XSZ48,2025-03-24
B0DJ2XSZ48,2025-03-31
B0DJ2XSZ48,2025-04-07
B0DJ2XSZ48,2025-04-14
B0DJ2XSZ48,2025-04-21
B0DJ2XSZ48,2025-04-28
B0DJ2XSZ48,2025-05-05
B0DJ2XSZ48,2025-05-12
B0DJ2XSZ48,2025-05-19
B0DJ2XSZ48,2025-05-26
B0DJ2XSZ48,2025-06-02
B0DJ2XSZ48,2025-06-09
B0DJ2XSZ48,2025-06-16
B0DJ2XSZ48,2025-06-23
B0DJ2XSZ48,2025-06-30
B0DJ2XSZ48,2025-07-07
B0DJ2XSZ48,2025-07-14
B0DJ2XSZ48,2025-07-21
B0DJ2XSZ48,2025-07-28
B0DJ2XSZ48,2025-08-04
B0DJ2XSZ48,2025-08-11
B0DJ2XSZ48,2025-08-18
B0DJ2XSZ48,2025-08-25
B0DJ2XSZ48,2025-09-01
B0DJ2XSZ48,2025-09-08
B0DJ2XSZ48,2025-09-15
B0DJ2XSZ48,2025-09-22
B0DJ2XSZ48,2025-09-29
B0DJ2XSZ48,2025-10-06
B0DJ2XSZ48,2025-10-13
B0DJ2XSZ48,2025-10-20
B0DJ2XSZ48,2025-10-27
B0DJ2XSZ48,2025-11-03
B0DJ2XSZ48,2025-11-10
B0DJ2XSZ48,2025-11-17
B0DJ2XSZ48,2025-11-24
B0DJ2XSZ48,2025-12-01
B0DJ2XSZ48,2025-12-08
B0DJ2XSZ48,2025-12-15
B0DJ2XSZ48,2025-12-22
B0DJ2XSZ48,2025-12-29
B0DJ2XSZ48,2026-01-05
B0DJ2XSZ48,2026-01-12
B0DJ2XSZ48,2026-01-19
B0DJ2XSZ48,2026-01-26
B0DJ2XSZ48,2026-02-02
B0DJ2XSZ48,2026-02-09
B0DJ2XSZ48,2026-02-16
B0DJ2XSZ48,2026-02-23
B0DJ2XSZ48,2026-03-02
B0DJ2XSZ48,2026-03-09
B0DJ2XSZ48,2026-03-16
B0DJ2XSZ48,2026-03-23
B0DJ2XSZ48,2026-03-30
B0DJ2XSZ48,2025-03-03
B0DJ2XSZ48,2025-03-10
B0DJ2XSZ48,2025-03-17
B0DJ2XSZ48,2025-03-24
B0DJ2XSZ48,2025-03-31
B0DJ2XSZ48,2025-04-07
B0DJ2XSZ48,2025-04-14
B0DJ2XSZ48,2025-04-21
B0DJ2XSZ48,2025-04-28
B0DJ2XSZ48,2025-05-05
B0DJ2XSZ48,2025-05-12
B0DJ2XSZ48,2025-05-19
B0DJ2XSZ48,2025-05-26
B0DJ2XSZ48,2025-06-02
B0DJ2XSZ48,2025-06-09
B0DJ2XSZ48,2025-06-16
B0DJ2XSZ48,2025-06-23
B0DJ2XSZ48,2025-06-30
B0DJ2XSZ48,2025-07-07
B0DJ2XSZ48,2025-07-14
B0DJ2XSZ48,2025-07-21
B0DJ2XSZ48,2025-07-28
B0DJ2XSZ48,2025-08-04
B0DJ2XSZ48,2025-08-11
B0DJ2XSZ48,2025-08-18
B0DJ2XSZ48,2025-08-25
B0DJ2XSZ48,2025-09-01
B0DJ2XSZ48,2025-09-08
B0DJ2XSZ48,2025-09-15
B0DJ2XSZ48,2025-09-22
B0DJ2XSZ48,2025-09-29
B0DJ2XSZ48,2025-10-06
B0DJ2XSZ48,2025-10-13
B0DJ2XSZ48,2025-10-20
B0DJ2XSZ48,2025-10-27
B0DJ2XSZ48,2025-11-03
B0DJ2XSZ48,2025-11-10
B0DJ2XSZ48,2025-11-17
B0DJ2XSZ48,2025-11-24
B0DJ2XSZ48,2025-12-01
B0DJ2XSZ48,2025-12-08
B0DJ2XSZ48,2025-12-15
B0DJ2XSZ48,2025-12-22
B0DJ2XSZ48,2025-12-29
B0DJ2XSZ48,2026-01-05
B0DJ2XSZ48,2026-01-12
B0DJ2XSZ48,2026-01-19
B0DJ2XSZ48,2026-01-26
B0DJ2XSZ48,2026-02-02
B0DJ2XSZ48,2026-02-09
B0DJ2XSZ48,2026-02-16
B0DJ2XSZ48,2026-02-23
B0DJ2XSZ48,2026-03-02
B0DJ2XSZ48,2026-03-09
B0DJ2XSZ48,2026-03-16
B0DJ2XSZ48,2026-03-23
B0DJ2XSZ48,2026-03-30
B0DJ86N6F6,2025-03-03
B0DJ86N6F6,2025-03-10
B0DJ86N6F6,2025-03-17
B0DJ86N6F6,2025-03-24
B0DJ86N6F6,2025-03-31
B0DJ86N6F6,2025-04-07
B0DJ86N6F6,2025-04-14
B0DJ86N6F6,2025-04-21
B0DJ86N6F6,2025-04-28
B0DJ86N6F6,2025-05-05
B0DJ86N6F6,2025-05-12
B0DJ86N6F6,2025-05-19
B0DJ86N6F6,2025-05-26
B0DJ86N6F6,2025-06-02
B0DJ86N6F6,2025-06-09
B0DJ86N6F6,2025-06-16
B0DJ86N6F6,2025-06-23
B0DJ86N6F6,2025-06-30
B0DJ86N6F6,2025-07-07
B0DJ86N6F6,2025-07-14
B0DJ86N6F6,2025-07-21
B0DJ86N6F6,2025-07-28
B0DJ86N6F6,2025-08-04
B0DJ86N6F6,2025-08-11
B0DJ86N6F6,2025-08-18
B0DJ86N6F6,2025-08-25
B0DJ86N6F6,2025-09-01
B0DJ86N6F6,2025-09-08
B0DJ86N6F6,2025-09-15
B0DJ86N6F6,2025-09-22
B0DJ86N6F6,2025-09-29
B0DJ86N6F6,2025-10-06
B0DJ86N6F6,2025-10-13
B0DJ86N6F6,2025-10-20
B0DJ86N6F6,2025-10-27
B0DJ86N6F6,2025-11-03
B0DJ86N6F6,2025-11-10
B0DJ86N6F6,2025-11-17
B0DJ86N6F6,2025-11-24
B0DJ86N6F6,2025-12-01
B0DJ86N6F6,2025-12-08
B0DJ86N6F6,2025-12-15
B0DJ86N6F6,2025-12-22
B0DJ86N6F6,2025-12-29
B0DJ86N6F6,2026-01-05
B0DJ86N6F6,2026-01-12
B0DJ86N6F6,2026-01-19
B0DJ86N6F6,2026-01-26
B0DJ86N6F6,2026-02-02
B0DJ86N6F6,2026-02-09
B0DJ86N6F6,2026-02-16
B0DJ86N6F6,2026-02-23
B0DJ86N6F6,2026-03-02
B0DJ86N6F6,2026-03-09
B0DJ86N6F6,2026-03-16
B0DJ86N6F6,2026-03-23
B0DJ86N6F6,2026-03-30
B0DJ86N6F6,2025-03-03
B0DJ86N6F6,2025-03-10
B0DJ86N6F6,2025-03-17
B0DJ86N6F6,2025-03-24
B0DJ86N6F6,2025-03-31
B0DJ86N6F6,2025-04-07
B0DJ86N6F6,2025-04-14
B0DJ86N6F6,2025-04-21
B0DJ86N6F6,2025-04-28
B0DJ86N6F6,2025-05-05
B0DJ86N6F6,2025-05-12
B0DJ86N6F6,2025-05-19
B0DJ86N6F6,2025-05-26
B0DJ86N6F6,2025-06-02
B0DJ86N6F6,2025-06-09
B0DJ86N6F6,2025-06-16
B0DJ86N6F6,2025-06-23
B0DJ86N6F6,2025-06-30
B0DJ86N6F6,2025-07-07
B0DJ86N6F6,2025-07-14
B0DJ86N6F6,2025-07-21
B0DJ86N6F6,2025-07-28
B0DJ86N6F6,2025-08-04
B0DJ86N6F6,2025-08-11
B0DJ86N6F6,2025-08-18
B0DJ86N6F6,2025-08-25
B0DJ86N6F6,2025-09-01
B0DJ86N6F6,2025-09-08
B0DJ86N6F6,2025-09-15
B0DJ86N6F6,2025-09-22
B0DJ86N6F6,2025-09-29
B0DJ86N6F6,2025-10-06
B0DJ86N6F6,2025-10-13
B0DJ86N6F6,2025-10-20
B0DJ86N6F6,2025-10-27
B0DJ86N6F6,2025-11-03
B0DJ86N6F6,2025-11-10
B0DJ86N6F6,2025-11-17
B0DJ86N6F6,2025-11-24
B0DJ86N6F6,2025-12-01
B0DJ86N6F6,2025-12-08
B0DJ86N6F6,2025-12-15
B0DJ86N6F6,2025-12-22
B0DJ86N6F6,2025-12-29
B0DJ86N6F6,2026-01-05
B0DJ86N6F6,2026-01-12
B0DJ86N6F6,2026-01-19
B0DJ86N6F6,2026-01-26
B0DJ86N6F6,2026-02-02
B0DJ86N6F6,2026-02-09
B0DJ86N6F6,2026-02-16
B0DJ86N6F6,2026-02-23
B0DJ86N6F6,2026-03-02
B0DJ86N6F6,2026-03-09
B0DJ86N6F6,2026-03-16
B0DJ86N6F6,2026-03-23
B0DJ86N6F6,2026-03-30
B0DJ87S2ZH,2025-03-03
B0DJ87S2ZH,2025-03-10
B0DJ87S2ZH,2025-03-17
B0DJ87S2ZH,2025-03-24
B0DJ87S2ZH,2025-03-31
B0DJ87S2ZH,2025-04-07
B0DJ87S2ZH,2025-04-14
B0DJ87S2ZH,2025-04-21
B0DJ87S2ZH,2025-04-28
B0DJ87S2ZH,2025-05-05
B0DJ87S2ZH,2025-05-12
B0DJ87S2ZH,2025-05-19
B0DJ87S2ZH,2025-05-26
B0DJ87S2ZH,2025-06-02
B0DJ87S2ZH,2025-06-09
B0DJ87S2ZH,2025-06-16
B0DJ87S2ZH,2025-06-23
B0DJ87S2ZH,2025-06-30
B0DJ87S2ZH,2025-07-07
B0DJ87S2ZH,2025-07-14
B0DJ87S2ZH,2025-07-21
B0DJ87S2ZH,2025-07-28
B0DJ87S2ZH,2025-08-04
B0DJ87S2ZH,2025-08-11
B0DJ87S2ZH,2025-08-18
B0DJ87S2ZH,2025-08-25
B0DJ87S2ZH,2025-09-01
B0DJ87S2ZH,2025-09-08
B0DJ87S2ZH,2025-09-15
B0DJ87S2ZH,2025-09-22
B0DJ87S2ZH,2025-09-29
B0DJ87S2ZH,2025-10-06
B0DJ87S2ZH,2025-10-13
B0DJ87S2ZH,2025-10-20
B0DJ87S2ZH,2025-10-27
B0DJ87S2ZH,2025-11-03
B0DJ87S2ZH,2025-11-10
B0DJ87S2ZH,2025-11-17
B0DJ87S2ZH,2025-11-24
B0DJ87S2ZH,2025-12-01
B0DJ87S2ZH,2025-12-08
B0DJ87S2ZH,2025-12-15
B0DJ87S2ZH,2025-12-22
B0DJ87S2ZH,2025-12-29
B0DJ87S2ZH,2026-01-05
B0DJ87S2ZH,2026-01-12
B0DJ87S2ZH,2026-01-19
B0DJ87S2ZH,2026-01-26
B0DJ87S2ZH,2026-02-02
B0DJ87S2ZH,2026-02-09
B0DJ87S2ZH,2026-02-16
B0DJ87S2ZH,2026-02-23
B0DJ87S2ZH,2026-03-02
B0DJ87S2ZH,2026-03-09
B0DJ87S2ZH,2026-03-16
B0DJ87S2ZH,2026-03-23
B0DJ87S2ZH,2026-03-30
B0DJ87S2ZH,2025-03-03
B0DJ87S2ZH,2025-03-10
B0DJ87S2ZH,2025-03-17
B0DJ87S2ZH,2025-03-24
B0DJ87S2ZH,2025-03-31
B0DJ87S2ZH,2025-04-07
B0DJ87S2ZH,2025-04-14
B0DJ87S2ZH,2025-04-21
B0DJ87S2ZH,2025-04-28
B0DJ87S2ZH,2025-05-05
B0DJ87S2ZH,2025-05-12
B0DJ87S2ZH,2025-05-19
B0DJ87S2ZH,2025-05-26
B0DJ87S2ZH,2025-06-02
B0DJ87S2ZH,2025-06-09
B0DJ87S2ZH,2025-06-16
B0DJ87S2ZH,2025-06-23
B0DJ87S2ZH,2025-06-30
B0DJ87S2ZH,2025-07-07
B0DJ87S2ZH,2025-07-14
B0DJ87S2ZH,2025-07-21
B0DJ87S2ZH,2025-07-28
B0DJ87S2ZH,2025-08-04
B0DJ87S2ZH,2025-08-11
B0DJ87S2ZH,2025-08-18
B0DJ87S2ZH,2025-08-25
B0DJ87S2ZH,2025-09-01
B0DJ87S2ZH,2025-09-08
B0DJ87S2ZH,2025-09-15
B0DJ87S2ZH,2025-09-22
B0DJ87S2ZH,2025-09-29
B0DJ87S2ZH,2025-10-06
B0DJ87S2ZH,2025-10-13
B0DJ87S2ZH,2025-10-20
B0DJ87S2ZH,2025-10-27
B0DJ87S2ZH,2025-11-03
B0DJ87S2ZH,2025-11-10
B0DJ87S2ZH,2025-11-17
B0DJ87S2ZH,2025-11-24
B0DJ87S2ZH,2025-12-01
B0DJ87S2ZH,2025-12-08
B0DJ87S2ZH,2025-12-15
B0DJ87S2ZH,2025-12-22
B0DJ87S2ZH,2025-12-29
B0DJ87S2ZH,2026-01-05
B0DJ87S2ZH,2026-01-12
B0DJ87S2ZH,2026-01-19
B0DJ87S2ZH,2026-01-26
B0DJ87S2ZH,2026-02-02
B0DJ87S2ZH,2026-02-09
B0DJ87S2ZH,2026-02-16
B0DJ87S2ZH,2026-02-23
B0DJ87S2ZH,2026-03-02
B0DJ87S2ZH,2026-03-09
B0DJ87S2ZH,2026-03-16
B0DJ87S2ZH,2026-03-23
B0DJ87S2ZH,2026-03-30
B0DLB8BMFP,2025-03-03
B0DLB8BMFP,2025-03-10
B0DLB8BMFP,2025-03-17
B0DLB8BMFP,2025-03-24
B0DLB8BMFP,2025-03-31
B0DLB8BMFP,2025-04-07
B0DLB8BMFP,2025-04-14
B0DLB8BMFP,2025-04-21
B0DLB8BMFP,2025-04-28
B0DLB8BMFP,2025-05-05
B0DLB8BMFP,2025-05-12
B0DLB8BMFP,2025-05-19
B0DLB8BMFP,2025-05-26
B0DLB8BMFP,2025-06-02
B0DLB8BMFP,2025-06-09
B0DLB8BMFP,2025-06-16
B0DLB8BMFP,2025-06-23
B0DLB8BMFP,2025-06-30
B0DLB8BMFP,2025-07-07
B0DLB8BMFP,2025-07-14
B0DLB8BMFP,2025-07-21
B0DLB8BMFP,2025-07-28
B0DLB8BMFP,2025-08-04
B0DLB8BMFP,2025-08-11
B0DLB8BMFP,2025-08-18
B0DLB8BMFP,2025-08-25
B0DLB8BMFP,2025-09-01
B0DLB8BMFP,2025-09-08
B0DLB8BMFP,2025-09-15
B0DLB8BMFP,2025-09-22
B0DLB8BMFP,2025-09-29
B0DLB8BMFP,2025-10-06
B0DLB8BMFP,2025-10-13
B0DLB8BMFP,2025-10-20
B0DLB8BMFP,2025-10-27
B0DLB8BMFP,2025-11-03
B0DLB8BMFP,2025-11-10
B0DLB8BMFP,2025-11-17
B0DLB8BMFP,2025-11-24
B0DLB8BMFP,2025-12-01
B0DLB8BMFP,2025-12-08
B0DLB8BMFP,2025-12-15
B0DLB8BMFP,2025-12-22
B0DLB8BMFP,2025-12-29
B0DLB8BMFP,2026-01-05
B0DLB8BMFP,2026-01-12
B0DLB8BMFP,2026-01-19
B0DLB8BMFP,2026-01-26
B0DLB8BMFP,2026-02-02
B0DLB8BMFP,2026-02-09
B0DLB8BMFP,2026-02-16
B0DLB8BMFP,2026-02-23
B0DLB8BMFP,2026-03-02
B0DLB8BMFP,2026-03-09
B0DLB8BMFP,2026-03-16
B0DLB8BMFP,2026-03-23
B0DLB8BMFP,2026-03-30
B0DLB8BMFP,2025-03-03
B0DLB8BMFP,2025-03-10
B0DLB8BMFP,2025-03-17
B0DLB8BMFP,2025-03-24
B0DLB8BMFP,2025-03-31
B0DLB8BMFP,2025-04-07
B0DLB8BMFP,2025-04-14
B0DLB8BMFP,2025-04-21
B0DLB8BMFP,2025-04-28
B0DLB8BMFP,2025-05-05
B0DLB8BMFP,2025-05-12
B0DLB8BMFP,2025-05-19
B0DLB8BMFP,2025-05-26
B0DLB8BMFP,2025-06-02
B0DLB8BMFP,2025-06-09
B0DLB8BMFP,2025-06-16
B0DLB8BMFP,2025-06-23
B0DLB8BMFP,2025-06-30
B0DLB8BMFP,2025-07-07
B0DLB8BMFP,2025-07-14
B0DLB8BMFP,2025-07-21
B0DLB8BMFP,2025-07-28
B0DLB8BMFP,2025-08-04
B0DLB8BMFP,2025-08-11
B0DLB8BMFP,2025-08-18
B0DLB8BMFP,2025-08-25
B0DLB8BMFP,2025-09-01
B0DLB8BMFP,2025-09-08
B0DLB8BMFP,2025-09-15
B0DLB8BMFP,2025-09-22
B0DLB8BMFP,2025-09-29
B0DLB8BMFP,2025-10-06
B0DLB8BMFP,2025-10-13
B0DLB8BMFP,2025-10-20
B0DLB8BMFP,2025-10-27
B0DLB8BMFP,2025-11-03
B0DLB8BMFP,2025-11-10
B0DLB8BMFP,2025-11-17
B0DLB8BMFP,2025-11-24
B0DLB8BMFP,2025-12-01
B0DLB8BMFP,2025-12-08
B0DLB8BMFP,2025-12-15
B0DLB8BMFP,2025-12-22
B0DLB8BMFP,2025-12-29
B0DLB8BMFP,2026-01-05
B0DLB8BMFP,2026-01-12
B0DLB8BMFP,2026-01-19
B0DLB8BMFP,2026-01-26
B0DLB8BMFP,2026-02-02
B0DLB8BMFP,2026-02-09
B0DLB8BMFP,2026-02-16
B0DLB8BMFP,2026-02-23
B0DLB8BMFP,2026-03-02
B0DLB8BMFP,2026-03-09
B0DLB8BMFP,2026-03-16
B0DLB8BMFP,2026-03-23
B0DLB8BMFP,2026-03-30
B0DLBC5Y7F,2025-03-03
B0DLBC5Y7F,2025-03-10
B0DLBC5Y7F,2025-03-17
B0DLBC5Y7F,2025-03-24
B0DLBC5Y7F,2025-03-31
B0DLBC5Y7F,2025-04-07
B0DLBC5Y7F,2025-04-14
B0DLBC5Y7F,2025-04-21
B0DLBC5Y7F,2025-04-28
B0DLBC5Y7F,2025-05-05
B0DLBC5Y7F,2025-05-12
B0DLBC5Y7F,2025-05-19
B0DLBC5Y7F,2025-05-26
B0DLBC5Y7F,2025-06-02
B0DLBC5Y7F,2025-06-09
B0DLBC5Y7F,2025-06-16
B0DLBC5Y7F,2025-06-23
B0DLBC5Y7F,2025-06-30
B0DLBC5Y7F,2025-07-07
B0DLBC5Y7F,2025-07-14
B0DLBC5Y7F,2025-07-21
B0DLBC5Y7F,2025-07-28
B0DLBC5Y7F,2025-08-04
B0DLBC5Y7F,2025-08-11
B0DLBC5Y7F,2025-08-18
B0DLBC5Y7F,2025-08-25
B0DLBC5Y7F,2025-09-01
B0DLBC5Y7F,2025-09-08
B0DLBC5Y7F,2025-09-15
B0DLBC5Y7F,2025-09-22
B0DLBC5Y7F,2025-09-29
B0DLBC5Y7F,2025-10-06
B0DLBC5Y7F,2025-10-13
B0DLBC5Y7F,2025-10-20
B0DLBC5Y7F,2025-10-27
B0DLBC5Y7F,2025-11-03
B0DLBC5Y7F,2025-11-10
B0DLBC5Y7F,2025-11-17
B0DLBC5Y7F,2025-11-24
B0DLBC5Y7F,2025-12-01
B0DLBC5Y7F,2025-12-08
B0DLBC5Y7F,2025-12-15
B0DLBC5Y7F,2025-12-22
B0DLBC5Y7F,2025-12-29
B0DLBC5Y7F,2026-01-05
B0DLBC5Y7F,2026-01-12
B0DLBC5Y7F,2026-01-19
B0DLBC5Y7F,2026-01-26
B0DLBC5Y7F,2026-02-02
B0DLBC5Y7F,2026-02-09
B0DLBC5Y7F,2026-02-16
B0DLBC5Y7F,2026-02-23
B0DLBC5Y7F,2026-03-02
B0DLBC5Y7F,2026-03-09
B0DLBC5Y7F,2026-03-16
B0DLBC5Y7F,2026-03-23
B0DLBC5Y7F,2026-03-30
B0DLBC5Y7F,2025-03-03
B0DLBC5Y7F,2025-03-10
B0DLBC5Y7F,2025-03-17
B0DLBC5Y7F,2025-03-24
B0DLBC5Y7F,2025-03-31
B0DLBC5Y7F,2025-04-07
B0DLBC5Y7F,2025-04-14
B0DLBC5Y7F,2025-04-21
B0DLBC5Y7F,2025-04-28
B0DLBC5Y7F,2025-05-05
B0DLBC5Y7F,2025-05-12
B0DLBC5Y7F,2025-05-19
B0DLBC5Y7F,2025-05-26
B0DLBC5Y7F,2025-06-02
B0DLBC5Y7F,2025-06-09
B0DLBC5Y7F,2025-06-16
B0DLBC5Y7F,2025-06-23
B0DLBC5Y7F,2025-06-30
B0DLBC5Y7F,2025-07-07
B0DLBC5Y7F,2025-07-14
B0DLBC5Y7F,2025-07-21
B0DLBC5Y7F,2025-07-28
B0DLBC5Y7F,2025-08-04
B0DLBC5Y7F,2025-08-11
B0DLBC5Y7F,2025-08-18
B0DLBC5Y7F,2025-08-25
B0DLBC5Y7F,2025-09-01
B0DLBC5Y7F,2025-09-08
B0DLBC5Y7F,2025-09-15
B0DLBC5Y7F,2025-09-22
B0DLBC5Y7F,2025-09-29
B0DLBC5Y7F,2025-10-06
B0DLBC5Y7F,2025-10-13
B0DLBC5Y7F,2025-10-20
B0DLBC5Y7F,2025-10-27
B0DLBC5Y7F,2025-11-03
B0DLBC5Y7F,2025-11-10
B0DLBC5Y7F,2025-11-17
B0DLBC5Y7F,2025-11-24
B0DLBC5Y7F,2025-12-01
B0DLBC5Y7F,2025-12-08
B0DLBC5Y7F,2025-12-15
B0DLBC5Y7F,2025-12-22
B0DLBC5Y7F,2025-12-29
B0DLBC5Y7F,2026-01-05
B0DLBC5Y7F,2026-01-12
B0DLBC5Y7F,2026-01-19
B0DLBC5Y7F,2026-01-26
B0DLBC5Y7F,2026-02-02
B0DLBC5Y7F,2026-02-09
B0DLBC5Y7F,2026-02-16
B0DLBC5Y7F,2026-02-23
B0DLBC5Y7F,2026-03-02
B0DLBC5Y7F,2026-03-09
B0DLBC5Y7F,2026-03-16
B0DLBC5Y7F,2026-03-23
B0DLBC5Y7F,2026-03-30
B0DLGD6B2D,2025-03-03
B0DLGD6B2D,2025-03-10
B0DLGD6B2D,2025-03-17
B0DLGD6B2D,2025-03-24
B0DLGD6B2D,2025-03-31
B0DLGD6B2D,2025-04-07
B0DLGD6B2D,2025-04-14
B0DLGD6B2D,2025-04-21
B0DLGD6B2D,2025-04-28
B0DLGD6B2D,2025-05-05
B0DLGD6B2D,2025-05-12
B0DLGD6B2D,2025-05-19
B0DLGD6B2D,2025-05-26
B0DLGD6B2D,2025-06-02
B0DLGD6B2D,2025-06-09
B0DLGD6B2D,2025-06-16
B0DLGD6B2D,2025-06-23
B0DLGD6B2D,2025-06-30
B0DLGD6B2D,2025-07-07
B0DLGD6B2D,2025-07-14
B0DLGD6B2D,2025-07-21
B0DLGD6B2D,2025-07-28
B0DLGD6B2D,2025-08-04
B0DLGD6B2D,2025-08-11
B0DLGD6B2D,2025-08-18
B0DLGD6B2D,2025-08-25
B0DLGD6B2D,2025-09-01
B0DLGD6B2D,2025-09-08
B0DLGD6B2D,2025-09-15
B0DLGD6B2D,2025-09-22
B0DLGD6B2D,2025-09-29
B0DLGD6B2D,2025-10-06
B0DLGD6B2D,2025-10-13
B0DLGD6B2D,2025-10-20
B0DLGD6B2D,2025-10-27
B0DLGD6B2D,2025-11-03
B0DLGD6B2D,2025-11-10
B0DLGD6B2D,2025-11-17
B0DLGD6B2D,2025-11-24
B0DLGD6B2D,2025-12-01
B0DLGD6B2D,2025-12-08
B0DLGD6B2D,2025-12-15
B0DLGD6B2D,2025-12-22
B0DLGD6B2D,2025-12-29
B0DLGD6B2D,2026-01-05
B0DLGD6B2D,2026-01-12
B0DLGD6B2D,2026-01-19
B0DLGD6B2D,2026-01-26
B0DLGD6B2D,2026-02-02
B0DLGD6B2D,2026-02-09
B0DLGD6B2D,2026-02-16
B0DLGD6B2D,2026-02-23
B0DLGD6B2D,2026-03-02
B0DLGD6B2D,2026-03-09
B0DLGD6B2D,2026-03-16
B0DLGD6B2D,2026-03-23
B0DLGD6B2D,2026-03-30
B0DLGD6B2D,2025-03-03
B0DLGD6B2D,2025-03-10
B0DLGD6B2D,2025-03-17
B0DLGD6B2D,2025-03-24
B0DLGD6B2D,2025-03-31
B0DLGD6B2D,2025-04-07
B0DLGD6B2D,2025-04-14
B0DLGD6B2D,2025-04-21
B0DLGD6B2D,2025-04-28
B0DLGD6B2D,2025-05-05
B0DLGD6B2D,2025-05-12
B0DLGD6B2D,2025-05-19
B0DLGD6B2D,2025-05-26
B0DLGD6B2D,2025-06-02
B0DLGD6B2D,2025-06-09
B0DLGD6B2D,2025-06-16
B0DLGD6B2D,2025-06-23
B0DLGD6B2D,2025-06-30
B0DLGD6B2D,2025-07-07
B0DLGD6B2D,2025-07-14
B0DLGD6B2D,2025-07-21
B0DLGD6B2D,2025-07-28
B0DLGD6B2D,2025-08-04
B0DLGD6B2D,2025-08-11
B0DLGD6B2D,2025-08-18
B0DLGD6B2D,2025-08-25
B0DLGD6B2D,2025-09-01
B0DLGD6B2D,2025-09-08
B0DLGD6B2D,2025-09-15
B0DLGD6B2D,2025-09-22
B0DLGD6B2D,2025-09-29
B0DLGD6B2D,2025-10-06
B0DLGD6B2D,2025-10-13
B0DLGD6B2D,2025-10-20
B0DLGD6B2D,2025-10-27
B0DLGD6B2D,2025-11-03
B0DLGD6B2D,2025-11-10
B0DLGD6B2D,2025-11-17
B0DLGD6B2D,2025-11-24
B0DLGD6B2D,2025-12-01
B0DLGD6B2D,2025-12-08
B0DLGD6B2D,2025-12-15
B0DLGD6B2D,2025-12-22
B0DLGD6B2D,2025-12-29
B0DLGD6B2D,2026-01-05
B0DLGD6B2D,2026-01-12
B0DLGD6B2D,2026-01-19
B0DLGD6B2D,2026-01-26
B0DLGD6B2D,2026-02-02
B0DLGD6B2D,2026-02-09
B0DLGD6B2D,2026-02-16
B0DLGD6B2D,2026-02-23
B0DLGD6B2D,2026-03-02
B0DLGD6B2D,2026-03-09
B0DLGD6B2D,2026-03-16
B0DLGD6B2D,2026-03-23
B0DLGD6B2D,2026-03-30
B0DQTNSY4J,2025-03-03
B0DQTNSY4J,2025-03-10
B0DQTNSY4J,2025-03-17
B0DQTNSY4J,2025-03-24
B0DQTNSY4J,2025-03-31
B0DQTNSY4J,2025-04-07
B0DQTNSY4J,2025-04-14
B0DQTNSY4J,2025-04-21
B0DQTNSY4J,2025-04-28
B0DQTNSY4J,2025-05-05
B0DQTNSY4J,2025-05-12
B0DQTNSY4J,2025-05-19
B0DQTNSY4J,2025-05-26
B0DQTNSY4J,2025-06-02
B0DQTNSY4J,2025-06-09
B0DQTNSY4J,2025-06-16
B0DQTNSY4J,2025-06-23
B0DQTNSY4J,2025-06-30
B0DQTNSY4J,2025-07-07
B0DQTNSY4J,2025-07-14
B0DQTNSY4J,2025-07-21
B0DQTNSY4J,2025-07-28
B0DQTNSY4J,2025-08-04
B0DQTNSY4J,2025-08-11
B0DQTNSY4J,2025-08-18
B0DQTNSY4J,2025-08-25
B0DQTNSY4J,2025-09-01
B0DQTNSY4J,2025-09-08
B0DQTNSY4J,2025-09-15
B0DQTNSY4J,2025-09-22
B0DQTNSY4J,2025-09-29
B0DQTNSY4J,2025-10-06
B0DQTNSY4J,2025-10-13
B0DQTNSY4J,2025-10-20
B0DQTNSY4J,2025-10-27
B0DQTNSY4J,2025-11-03
B0DQTNSY4J,2025-11-10
B0DQTNSY4J,2025-11-17
B0DQTNSY4J,2025-11-24
B0DQTNSY4J,2025-12-01
B0DQTNSY4J,2025-12-08
B0DQTNSY4J,2025-12-15
B0DQTNSY4J,2025-12-22
B0DQTNSY4J,2025-12-29
B0DQTNSY4J,2026-01-05
B0DQTNSY4J,2026-01-12
B0DQTNSY4J,2026-01-19
B0DQTNSY4J,2026-01-26
B0DQTNSY4J,2026-02-02
B0DQTNSY4J,2026-02-09
B0DQTNSY4J,2026-02-16
B0DQTNSY4J,2026-02-23
B0DQTNSY4J,2026-03-02
B0DQTNSY4J,2026-03-09
B0DQTNSY4J,2026-03-16
B0DQTNSY4J,2026-03-23
B0DQTNSY4J,2026-03-30
B0DQTNSY4J,2025-03-03
B0DQTNSY4J,2025-03-10
B0DQTNSY4J,2025-03-17
B0DQTNSY4J,2025-03-24
B0DQTNSY4J,2025-03-31
B0DQTNSY4J,2025-04-07
B0DQTNSY4J,2025-04-14
B0DQTNSY4J,2025-04-21
B0DQTNSY4J,2025-04-28
B0DQTNSY4J,2025-05-05
B0DQTNSY4J,2025-05-12
B0DQTNSY4J,2025-05-19
B0DQTNSY4J,2025-05-26
B0DQTNSY4J,2025-06-02
B0DQTNSY4J,2025-06-09
B0DQTNSY4J,2025-06-16
B0DQTNSY4J,2025-06-23
B0DQTNSY4J,2025-06-30
B0DQTNSY4J,2025-07-07
B0DQTNSY4J,2025-07-14
B0DQTNSY4J,2025-07-21
B0DQTNSY4J,2025-07-28
B0DQTNSY4J,2025-08-04
B0DQTNSY4J,2025-08-11
B0DQTNSY4J,2025-08-18
B0DQTNSY4J,2025-08-25
B0DQTNSY4J,2025-09-01
B0DQTNSY4J,2025-09-08
B0DQTNSY4J,2025-09-15
B0DQTNSY4J,2025-09-22
B0DQTNSY4J,2025-09-29
B0DQTNSY4J,2025-10-06
B0DQTNSY4J,2025-10-13
B0DQTNSY4J,2025-10-20
B0DQTNSY4J,2025-10-27
B0DQTNSY4J,2025-11-03
B0DQTNSY4J,2025-11-10
B0DQTNSY4J,2025-11-17
B0DQTNSY4J,2025-11-24
B0DQTNSY4J,2025-12-01
B0DQTNSY4J,2025-12-08
B0DQTNSY4J,2025-12-15
B0DQTNSY4J,2025-12-22
B0DQTNSY4J,2025-12-29
B0DQTNSY4J,2026-01-05
B0DQTNSY4J,2026-01-12
B0DQTNSY4J,2026-01-19
B0DQTNSY4J,2026-01-26
B0DQTNSY4J,2026-02-02
B0DQTNSY4J,2026-02-09
B0DQTNSY4J,2026-02-16
B0DQTNSY4J,2026-02-23
B0DQTNSY4J,2026-03-02
B0DQTNSY4J,2026-03-09
B0DQTNSY4J,2026-03-16
B0DQTNSY4J,2026-03-23
B0DQTNSY4J,2026-03-30
