ASIN,date
B00FEIWV7I,2025-04-28
B00FEIWV7I,2025-05-26
B00FEIWV7I,2025-06-23
B00FEIWV7I,2025-07-21
B00FEIWV7I,2025-08-18
B00FEIWV7I,2025-09-15
B00FEIWV7I,2025-10-13
B00FEIWV7I,2025-11-10
B00FEIWV7I,2025-12-08
B00FEIWV7I,2026-01-05
B00FEIWV7I,2026-02-02
B00FEIWV7I,2026-03-02
B00FEIWVA0,2025-04-28
B00FEIWVA0,2025-05-26
B00FEIWVA0,2025-06-23
B00FEIWVA0,2025-07-21
B00FEIWVA0,2025-08-18
B00FEIWVA0,2025-09-15
B00FEIWVA0,2025-10-13
B00FEIWVA0,2025-11-10
B00FEIWVA0,2025-12-08
B00FEIWVA0,2026-01-05
B00FEIWVA0,2026-02-02
B00FEIWVA0,2026-03-02
B00P87BC2K,2025-04-28
B00P87BC2K,2025-05-26
B00P87BC2K,2025-06-23
B00P87BC2K,2025-07-21
B00P87BC2K,2025-08-18
B00P87BC2K,2025-09-15
B00P87BC2K,2025-10-13
B00P87BC2K,2025-11-10
B00P87BC2K,2025-12-08
B00P87BC2K,2026-01-05
B00P87BC2K,2026-02-02
B00P87BC2K,2026-03-02
B00P87BCA2,2025-04-28
B00P87BCA2,2025-05-26
B00P87BCA2,2025-06-23
B00P87BCA2,2025-07-21
B00P87BCA2,2025-08-18
B00P87BCA2,2025-09-15
B00P87BCA2,2025-10-13
B00P87BCA2,2025-11-10
B00P87BCA2,2025-12-08
B00P87BCA2,2026-01-05
B00P87BCA2,2026-02-02
B00P87BCA2,2026-03-02
B00P87BCCK,2025-04-28
B00P87BCCK,2025-05-26
B00P87BCCK,2025-06-23
B00P87BCCK,2025-07-21
B00P87BCCK,2025-08-18
B00P87BCCK,2025-09-15
B00P87BCCK,2025-10-13
B00P87BCCK,2025-11-10
B00P87BCCK,2025-12-08
B00P87BCCK,2026-01-05
B00P87BCCK,2026-02-02
B00P87BCCK,2026-03-02
B00P87BCV6,2025-04-28
B00P87BCV6,2025-05-26
B00P87BCV6,2025-06-23
B00P87BCV6,2025-07-21
B00P87BCV6,2025-08-18
B00P87BCV6,2025-09-15
B00P87BCV6,2025-10-13
B00P87BCV6,2025-11-10
B00P87BCV6,2025-12-08
B00P87BCV6,2026-01-05
B00P87BCV6,2026-02-02
B00P87BCV6,2026-03-02
B00P87BEZK,2025-04-28
B00P87BEZK,2025-05-26
B00P87BEZK,2025-06-23
B00P87BEZK,2025-07-21
B00P87BEZK,2025-08-18
B00P87BEZK,2025-09-15
B00P87BEZK,2025-10-13
B00P87BEZK,2025-11-10
B00P87BEZK,2025-12-08
B00P87BEZK,2026-01-05
B00P87BEZK,2026-02-02
B00P87BEZK,2026-03-02
B00P87BFRM,2025-04-28
B00P87BFRM,2025-05-26
B00P87BFRM,2025-06-23
B00P87BFRM,2025-07-21
B00P87BFRM,2025-08-18
B00P87BFRM,2025-09-15
B00P87BFRM,2025-10-13
B00P87BFRM,2025-11-10
B00P87BFRM,2025-12-08
B00P87BFRM,2026-01-05
B00P87BFRM,2026-02-02
B00P87BFRM,2026-03-02
B00P87BFWC,2025-04-28
B00P87BFWC,2025-05-26
B00P87BFWC,2025-06-23
B00P87BFWC,2025-07-21
B00P87BFWC,2025-08-18
B00P87BFWC,2025-09-15
B00P87BFWC,2025-10-13
B00P87BFWC,2025-11-10
B00P87BFWC,2025-12-08
B00P87BFWC,2026-01-05
B00P87BFWC,2026-02-02
B00P87BFWC,2026-03-02
B00P87BG26,2025-04-28
B00P87BG26,2025-05-26
B00P87BG26,2025-06-23
B00P87BG26,2025-07-21
B00P87BG26,2025-08-18
B00P87BG26,2025-09-15
B00P87BG26,2025-10-13
B00P87BG26,2025-11-10
B00P87BG26,2025-12-08
B00P87BG26,2026-01-05
B00P87BG26,2026-02-02
B00P87BG26,2026-03-02
B00UTY4JBS,2025-04-28
B00UTY4JBS,2025-05-26
B00UTY4JBS,2025-06-23
B00UTY4JBS,2025-07-21
B00UTY4JBS,2025-08-18
B00UTY4JBS,2025-09-15
B00UTY4JBS,2025-10-13
B00UTY4JBS,2025-11-10
B00UTY4JBS,2025-12-08
B00UTY4JBS,2026-01-05
B00UTY4JBS,2026-02-02
B00UTY4JBS,2026-03-02
B00UXONBIQ,2025-04-28
B00UXONBIQ,2025-05-26
B00UXONBIQ,2025-06-23
B00UXONBIQ,2025-07-21
B00UXONBIQ,2025-08-18
B00UXONBIQ,2025-09-15
B00UXONBIQ,2025-10-13
B00UXONBIQ,2025-11-10
B00UXONBIQ,2025-12-08
B00UXONBIQ,2026-01-05
B00UXONBIQ,2026-02-02
B00UXONBIQ,2026-03-02
B00WN5AEI8,2025-04-28
B00WN5AEI8,2025-05-26
B00WN5AEI8,2025-06-23
B00WN5AEI8,2025-07-21
B00WN5AEI8,2025-08-18
B00WN5AEI8,2025-09-15
B00WN5AEI8,2025-10-13
B00WN5AEI8,2025-11-10
B00WN5AEI8,2025-12-08
B00WN5AEI8,2026-01-05
B00WN5AEI8,2026-02-02
B00WN5AEI8,2026-03-02
B00X44G288,2025-04-28
B00X44G288,2025-05-26
B00X44G288,2025-06-23
B00X44G288,2025-07-21
B00X44G288,2025-08-18
B00X44G288,2025-09-15
B00X44G288,2025-10-13
B00X44G288,2025-11-10
B00X44G288,2025-12-08
B00X44G288,2026-01-05
B00X44G288,2026-02-02
B00X44G288,2026-03-02
B015FV2PV0,2025-04-28
B015FV2PV0,2025-05-26
B015FV2PV0,2025-06-23
B015FV2PV0,2025-07-21
B015FV2PV0,2025-08-18
B015FV2PV0,2025-09-15
B015FV2PV0,2025-10-13
B015FV2PV0,2025-11-10
B015FV2PV0,2025-12-08
B015FV2PV0,2026-01-05
B015FV2PV0,2026-02-02
B015FV2PV0,2026-03-02
B017TDZ276,2025-04-28
B017TDZ276,2025-05-26
B017TDZ276,2025-06-23
B017TDZ276,2025-07-21
B017TDZ276,2025-08-18
B017TDZ276,2025-09-15
B017TDZ276,2025-10-13
B017TDZ276,2025-11-10
B017TDZ276,2025-12-08
B017TDZ276,2026-01-05
B017TDZ276,2026-02-02
B017TDZ276,2026-03-02
B0192FQ0R0,2025-04-28
B0192FQ0R0,2025-05-26
B0192FQ0R0,2025-06-23
B0192FQ0R0,2025-07-21
B0192FQ0R0,2025-08-18
B0192FQ0R0,2025-09-15
B0192FQ0R0,2025-10-13
B0192FQ0R0,2025-11-10
B0192FQ0R0,2025-12-08
B0192FQ0R0,2026-01-05
B0192FQ0R0,2026-02-02
B0192FQ0R0,2026-03-02
B0192FR6SW,2025-04-28
B0192FR6SW,2025-05-26
B0192FR6SW,2025-06-23
B0192FR6SW,2025-07-21
B0192FR6SW,2025-08-18
B0192FR6SW,2025-09-15
B0192FR6SW,2025-10-13
B0192FR6SW,2025-11-10
B0192FR6SW,2025-12-08
B0192FR6SW,2026-01-05
B0192FR6SW,2026-02-02
B0192FR6SW,2026-03-02
B0192FS9LU,2025-04-28
B0192FS9LU,2025-05-26
B0192FS9LU,2025-06-23
B0192FS9LU,2025-07-21
B0192FS9LU,2025-08-18
B0192FS9LU,2025-09-15
B0192FS9LU,2025-10-13
B0192FS9LU,2025-11-10
B0192FS9LU,2025-12-08
B0192FS9LU,2026-01-05
B0192FS9LU,2026-02-02
B0192FS9LU,2026-03-02
B01E1QO4T6,2025-04-28
B01E1QO4T6,2025-05-26
B01E1QO4T6,2025-06-23
B01E1QO4T6,2025-07-21
B01E1QO4T6,2025-08-18
B01E1QO4T6,2025-09-15
B01E1QO4T6,2025-10-13
B01E1QO4T6,2025-11-10
B01E1QO4T6,2025-12-08
B01E1QO4T6,2026-01-05
B01E1QO4T6,2026-02-02
B01E1QO4T6,2026-03-02
B01GSH6KCU,2025-04-28
B01GSH6KCU,2025-05-26
B01GSH6KCU,2025-06-23
B01GSH6KCU,2025-07-21
B01GSH6KCU,2025-08-18
B01GSH6KCU,2025-09-15
B01GSH6KCU,2025-10-13
B01GSH6KCU,2025-11-10
B01GSH6KCU,2025-12-08
B01GSH6KCU,2026-01-05
B01GSH6KCU,2026-02-02
B01GSH6KCU,2026-03-02
B01KMP3EHS,2025-04-28
B01KMP3EHS,2025-05-26
B01KMP3EHS,2025-06-23
B01KMP3EHS,2025-07-21
B01KMP3EHS,2025-08-18
B01KMP3EHS,2025-09-15
B01KMP3EHS,2025-10-13
B01KMP3EHS,2025-11-10
B01KMP3EHS,2025-12-08
B01KMP3EHS,2026-01-05
B01KMP3EHS,2026-02-02
B01KMP3EHS,2026-03-02
B01MFH6OO1,2025-04-28
B01MFH6OO1,2025-05-26
B01MFH6OO1,2025-06-23
B01MFH6OO1,2025-07-21
B01MFH6OO1,2025-08-18
B01MFH6OO1,2025-09-15
B01MFH6OO1,2025-10-13
B01MFH6OO1,2025-11-10
B01MFH6OO1,2025-12-08
B01MFH6OO1,2026-01-05
B01MFH6OO1,2026-02-02
B01MFH6OO1,2026-03-02
B01MQTX7XO,2025-04-28
B01MQTX7XO,2025-05-26
B01MQTX7XO,2025-06-23
B01MQTX7XO,2025-07-21
B01MQTX7XO,2025-08-18
B01MQTX7XO,2025-09-15
B01MQTX7XO,2025-10-13
B01MQTX7XO,2025-11-10
B01MQTX7XO,2025-12-08
B01MQTX7XO,2026-01-05
B01MQTX7XO,2026-02-02
B01MQTX7XO,2026-03-02
B01MRNBUZR,2025-04-28
B01MRNBUZR,2025-05-26
B01MRNBUZR,2025-06-23
B01MRNBUZR,2025-07-21
B01MRNBUZR,2025-08-18
B01MRNBUZR,2025-09-15
B01MRNBUZR,2025-10-13
B01MRNBUZR,2025-11-10
B01MRNBUZR,2025-12-08
B01MRNBUZR,2026-01-05
B01MRNBUZR,2026-02-02
B01MRNBUZR,2026-03-02
B01MRVBGOQ,2025-04-28
B01MRVBGOQ,2025-05-26
B01MRVBGOQ,2025-06-23
B01MRVBGOQ,2025-07-21
B01MRVBGOQ,2025-08-18
B01MRVBGOQ,2025-09-15
B01MRVBGOQ,2025-10-13
B01MRVBGOQ,2025-11-10
B01MRVBGOQ,2025-12-08
B01MRVBGOQ,2026-01-05
B01MRVBGOQ,2026-02-02
B01MRVBGOQ,2026-03-02
B01MTYJHAO,2025-04-28
B01MTYJHAO,2025-05-26
B01MTYJHAO,2025-06-23
B01MTYJHAO,2025-07-21
B01MTYJHAO,2025-08-18
B01MTYJHAO,2025-09-15
B01MTYJHAO,2025-10-13
B01MTYJHAO,2025-11-10
B01MTYJHAO,2025-12-08
B01MTYJHAO,2026-01-05
B01MTYJHAO,2026-02-02
B01MTYJHAO,2026-03-02
B01MXO5V7R,2025-04-28
B01MXO5V7R,2025-05-26
B01MXO5V7R,2025-06-23
B01MXO5V7R,2025-07-21
B01MXO5V7R,2025-08-18
B01MXO5V7R,2025-09-15
B01MXO5V7R,2025-10-13
B01MXO5V7R,2025-11-10
B01MXO5V7R,2025-12-08
B01MXO5V7R,2026-01-05
B01MXO5V7R,2026-02-02
B01MXO5V7R,2026-03-02
B01N2JQNPG,2025-04-28
B01N2JQNPG,2025-05-26
B01N2JQNPG,2025-06-23
B01N2JQNPG,2025-07-21
B01N2JQNPG,2025-08-18
B01N2JQNPG,2025-09-15
B01N2JQNPG,2025-10-13
B01N2JQNPG,2025-11-10
B01N2JQNPG,2025-12-08
B01N2JQNPG,2026-01-05
B01N2JQNPG,2026-02-02
B01N2JQNPG,2026-03-02
B01N43TMBT,2025-04-28
B01N43TMBT,2025-05-26
B01N43TMBT,2025-06-23
B01N43TMBT,2025-07-21
B01N43TMBT,2025-08-18
B01N43TMBT,2025-09-15
B01N43TMBT,2025-10-13
B01N43TMBT,2025-11-10
B01N43TMBT,2025-12-08
B01N43TMBT,2026-01-05
B01N43TMBT,2026-02-02
B01N43TMBT,2026-03-02
B01N4BUJOS,2025-04-28
B01N4BUJOS,2025-05-26
B01N4BUJOS,2025-06-23
B01N4BUJOS,2025-07-21
B01N4BUJOS,2025-08-18
B01N4BUJOS,2025-09-15
B01N4BUJOS,2025-10-13
B01N4BUJOS,2025-11-10
B01N4BUJOS,2025-12-08
B01N4BUJOS,2026-01-05
B01N4BUJOS,2026-02-02
B01N4BUJOS,2026-03-02
B01N6EPSNJ,2025-04-28
B01N6EPSNJ,2025-05-26
B01N6EPSNJ,2025-06-23
B01N6EPSNJ,2025-07-21
B01N6EPSNJ,2025-08-18
B01N6EPSNJ,2025-09-15
B01N6EPSNJ,2025-10-13
B01N6EPSNJ,2025-11-10
B01N6EPSNJ,2025-12-08
B01N6EPSNJ,2026-01-05
B01N6EPSNJ,2026-02-02
B01N6EPSNJ,2026-03-02
B01N6EQ1NA,2025-04-28
B01N6EQ1NA,2025-05-26
B01N6EQ1NA,2025-06-23
B01N6EQ1NA,2025-07-21
B01N6EQ1NA,2025-08-18
B01N6EQ1NA,2025-09-15
B01N6EQ1NA,2025-10-13
B01N6EQ1NA,2025-11-10
B01N6EQ1NA,2025-12-08
B01N6EQ1NA,2026-01-05
B01N6EQ1NA,2026-02-02
B01N6EQ1NA,2026-03-02
B01N6EQEMP,2025-04-28
B01N6EQEMP,2025-05-26
B01N6EQEMP,2025-06-23
B01N6EQEMP,2025-07-21
B01N6EQEMP,2025-08-18
B01N6EQEMP,2025-09-15
B01N6EQEMP,2025-10-13
B01N6EQEMP,2025-11-10
B01N6EQEMP,2025-12-08
B01N6EQEMP,2026-01-05
B01N6EQEMP,2026-02-02
B01N6EQEMP,2026-03-02
B01NA92SML,2025-04-28
B01NA92SML,2025-05-26
B01NA92SML,2025-06-23
B01NA92SML,2025-07-21
B01NA92SML,2025-08-18
B01NA92SML,2025-09-15
B01NA92SML,2025-10-13
B01NA92SML,2025-11-10
B01NA92SML,2025-12-08
B01NA92SML,2026-01-05
B01NA92SML,2026-02-02
B01NA92SML,2026-03-02
B01NGTQ66V,2025-04-28
B01NGTQ66V,2025-05-26
B01NGTQ66V,2025-06-23
B01NGTQ66V,2025-07-21
B01NGTQ66V,2025-08-18
B01NGTQ66V,2025-09-15
B01NGTQ66V,2025-10-13
B01NGTQ66V,2025-11-10
B01NGTQ66V,2025-12-08
B01NGTQ66V,2026-01-05
B01NGTQ66V,2026-02-02
B01NGTQ66V,2026-03-02
B06XG33JNW,2025-04-28
B06XG33JNW,2025-05-26
B06XG33JNW,2025-06-23
B06XG33JNW,2025-07-21
B06XG33JNW,2025-08-18
B06XG33JNW,2025-09-15
B06XG33JNW,2025-10-13
B06XG33JNW,2025-11-10
B06XG33JNW,2025-12-08
B06XG33JNW,2026-01-05
B06XG33JNW,2026-02-02
B06XG33JNW,2026-03-02
B06Y95PBM5,2025-04-28
B06Y95PBM5,2025-05-26
B06Y95PBM5,2025-06-23
B06Y95PBM5,2025-07-21
B06Y95PBM5,2025-08-18
B06Y95PBM5,2025-09-15
B06Y95PBM5,2025-10-13
B06Y95PBM5,2025-11-10
B06Y95PBM5,2025-12-08
B06Y95PBM5,2026-01-05
B06Y95PBM5,2026-02-02
B06Y95PBM5,2026-03-02
B0719QNHRJ,2025-04-28
B0719QNHRJ,2025-05-26
B0719QNHRJ,2025-06-23
B0719QNHRJ,2025-07-21
B0719QNHRJ,2025-08-18
B0719QNHRJ,2025-09-15
B0719QNHRJ,2025-10-13
B0719QNHRJ,2025-11-10
B0719QNHRJ,2025-12-08
B0719QNHRJ,2026-01-05
B0719QNHRJ,2026-02-02
B0719QNHRJ,2026-03-02
B073H6PK4D,2025-04-28
B073H6PK4D,2025-05-26
B073H6PK4D,2025-06-23
B073H6PK4D,2025-07-21
B073H6PK4D,2025-08-18
B073H6PK4D,2025-09-15
B073H6PK4D,2025-10-13
B073H6PK4D,2025-11-10
B073H6PK4D,2025-12-08
B073H6PK4D,2026-01-05
B073H6PK4D,2026-02-02
B073H6PK4D,2026-03-02
B073H7TVWV,2025-04-28
B073H7TVWV,2025-05-26
B073H7TVWV,2025-06-23
B073H7TVWV,2025-07-21
B073H7TVWV,2025-08-18
B073H7TVWV,2025-09-15
B073H7TVWV,2025-10-13
B073H7TVWV,2025-11-10
B073H7TVWV,2025-12-08
B073H7TVWV,2026-01-05
B073H7TVWV,2026-02-02
B073H7TVWV,2026-03-02
B073H88DSC,2025-04-28
B073H88DSC,2025-05-26
B073H88DSC,2025-06-23
B073H88DSC,2025-07-21
B073H88DSC,2025-08-18
B073H88DSC,2025-09-15
B073H88DSC,2025-10-13
B073H88DSC,2025-11-10
B073H88DSC,2025-12-08
B073H88DSC,2026-01-05
B073H88DSC,2026-02-02
B073H88DSC,2026-03-02
B073H9HTWC,2025-04-28
B073H9HTWC,2025-05-26
B073H9HTWC,2025-06-23
B073H9HTWC,2025-07-21
B073H9HTWC,2025-08-18
B073H9HTWC,2025-09-15
B073H9HTWC,2025-10-13
B073H9HTWC,2025-11-10
B073H9HTWC,2025-12-08
B073H9HTWC,2026-01-05
B073H9HTWC,2026-02-02
B073H9HTWC,2026-03-02
B073H9QRK2,2025-04-28
B073H9QRK2,2025-05-26
B073H9QRK2,2025-06-23
B073H9QRK2,2025-07-21
B073H9QRK2,2025-08-18
B073H9QRK2,2025-09-15
B073H9QRK2,2025-10-13
B073H9QRK2,2025-11-10
B073H9QRK2,2025-12-08
B073H9QRK2,2026-01-05
B073H9QRK2,2026-02-02
B073H9QRK2,2026-03-02
B073HBCQSN,2025-04-28
B073HBCQSN,2025-05-26
B073HBCQSN,2025-06-23
B073HBCQSN,2025-07-21
B073HBCQSN,2025-08-18
B073HBCQSN,2025-09-15
B073HBCQSN,2025-10-13
B073HBCQSN,2025-11-10
B073HBCQSN,2025-12-08
B073HBCQSN,2026-01-05
B073HBCQSN,2026-02-02
B073HBCQSN,2026-03-02
B073HBKS9T,2025-04-28
B073HBKS9T,2025-05-26
B073HBKS9T,2025-06-23
B073HBKS9T,2025-07-21
B073HBKS9T,2025-08-18
B073HBKS9T,2025-09-15
B073HBKS9T,2025-10-13
B073HBKS9T,2025-11-10
B073HBKS9T,2025-12-08
B073HBKS9T,2026-01-05
B073HBKS9T,2026-02-02
B073HBKS9T,2026-03-02
B074P5RYGG,2025-04-28
B074P5RYGG,2025-05-26
B074P5RYGG,2025-06-23
B074P5RYGG,2025-07-21
B074P5RYGG,2025-08-18
B074P5RYGG,2025-09-15
B074P5RYGG,2025-10-13
B074P5RYGG,2025-11-10
B074P5RYGG,2025-12-08
B074P5RYGG,2026-01-05
B074P5RYGG,2026-02-02
B074P5RYGG,2026-03-02
B075B3W5PH,2025-04-28
B075B3W5PH,2025-05-26
B075B3W5PH,2025-06-23
B075B3W5PH,2025-07-21
B075B3W5PH,2025-08-18
B075B3W5PH,2025-09-15
B075B3W5PH,2025-10-13
B075B3W5PH,2025-11-10
B075B3W5PH,2025-12-08
B075B3W5PH,2026-01-05
B075B3W5PH,2026-02-02
B075B3W5PH,2026-03-02
B078PPWGHG,2025-04-28
B078PPWGHG,2025-05-26
B078PPWGHG,2025-06-23
B078PPWGHG,2025-07-21
B078PPWGHG,2025-08-18
B078PPWGHG,2025-09-15
B078PPWGHG,2025-10-13
B078PPWGHG,2025-11-10
B078PPWGHG,2025-12-08
B078PPWGHG,2026-01-05
B078PPWGHG,2026-02-02
B078PPWGHG,2026-03-02
B078PPZ2RG,2025-04-28
B078PPZ2RG,2025-05-26
B078PPZ2RG,2025-06-23
B078PPZ2RG,2025-07-21
B078PPZ2RG,2025-08-18
B078PPZ2RG,2025-09-15
B078PPZ2RG,2025-10-13
B078PPZ2RG,2025-11-10
B078PPZ2RG,2025-12-08
B078PPZ2RG,2026-01-05
B078PPZ2RG,2026-02-02
B078PPZ2RG,2026-03-02
B078PWJJCW,2025-04-28
B078PWJJCW,2025-05-26
B078PWJJCW,2025-06-23
B078PWJJCW,2025-07-21
B078PWJJCW,2025-08-18
B078PWJJCW,2025-09-15
B078PWJJCW,2025-10-13
B078PWJJCW,2025-11-10
B078PWJJCW,2025-12-08
B078PWJJCW,2026-01-05
B078PWJJCW,2026-02-02
B078PWJJCW,2026-03-02
B078PX4VDM,2025-04-28
B078PX4VDM,2025-05-26
B078PX4VDM,2025-06-23
B078PX4VDM,2025-07-21
B078PX4VDM,2025-08-18
B078PX4VDM,2025-09-15
B078PX4VDM,2025-10-13
B078PX4VDM,2025-11-10
B078PX4VDM,2025-12-08
B078PX4VDM,2026-01-05
B078PX4VDM,2026-02-02
B078PX4VDM,2026-03-02
B07CNN79V8,2025-04-28
B07CNN79V8,2025-05-26
B07CNN79V8,2025-06-23
B07CNN79V8,2025-07-21
B07CNN79V8,2025-08-18
B07CNN79V8,2025-09-15
B07CNN79V8,2025-10-13
B07CNN79V8,2025-11-10
B07CNN79V8,2025-12-08
B07CNN79V8,2026-01-05
B07CNN79V8,2026-02-02
B07CNN79V8,2026-03-02
B07CNZR2XG,2025-04-28
B07CNZR2XG,2025-05-26
B07CNZR2XG,2025-06-23
B07CNZR2XG,2025-07-21
B07CNZR2XG,2025-08-18
B07CNZR2XG,2025-09-15
B07CNZR2XG,2025-10-13
B07CNZR2XG,2025-11-10
B07CNZR2XG,2025-12-08
B07CNZR2XG,2026-01-05
B07CNZR2XG,2026-02-02
B07CNZR2XG,2026-03-02
B07FQPT5MZ,2025-04-28
B07FQPT5MZ,2025-05-26
B07FQPT5MZ,2025-06-23
B07FQPT5MZ,2025-07-21
B07FQPT5MZ,2025-08-18
B07FQPT5MZ,2025-09-15
B07FQPT5MZ,2025-10-13
B07FQPT5MZ,2025-11-10
B07FQPT5MZ,2025-12-08
B07FQPT5MZ,2026-01-05
B07FQPT5MZ,2026-02-02
B07FQPT5MZ,2026-03-02
B07FR5D9ZD,2025-04-28
B07FR5D9ZD,2025-05-26
B07FR5D9ZD,2025-06-23
B07FR5D9ZD,2025-07-21
B07FR5D9ZD,2025-08-18
B07FR5D9ZD,2025-09-15
B07FR5D9ZD,2025-10-13
B07FR5D9ZD,2025-11-10
B07FR5D9ZD,2025-12-08
B07FR5D9ZD,2026-01-05
B07FR5D9ZD,2026-02-02
B07FR5D9ZD,2026-03-02
B07G385KLH,2025-04-28
B07G385KLH,2025-05-26
B07G385KLH,2025-06-23
B07G385KLH,2025-07-21
B07G385KLH,2025-08-18
B07G385KLH,2025-09-15
B07G385KLH,2025-10-13
B07G385KLH,2025-11-10
B07G385KLH,2025-12-08
B07G385KLH,2026-01-05
B07G385KLH,2026-02-02
B07G385KLH,2026-03-02
B07M5YQHKW,2025-04-28
B07M5YQHKW,2025-05-26
B07M5YQHKW,2025-06-23
B07M5YQHKW,2025-07-21
B07M5YQHKW,2025-08-18
B07M5YQHKW,2025-09-15
B07M5YQHKW,2025-10-13
B07M5YQHKW,2025-11-10
B07M5YQHKW,2025-12-08
B07M5YQHKW,2026-01-05
B07M5YQHKW,2026-02-02
B07M5YQHKW,2026-03-02
B07M7MGPHN,2025-04-28
B07M7MGPHN,2025-05-26
B07M7MGPHN,2025-06-23
B07M7MGPHN,2025-07-21
B07M7MGPHN,2025-08-18
B07M7MGPHN,2025-09-15
B07M7MGPHN,2025-10-13
B07M7MGPHN,2025-11-10
B07M7MGPHN,2025-12-08
B07M7MGPHN,2026-01-05
B07M7MGPHN,2026-02-02
B07M7MGPHN,2026-03-02
B07M9PZGNK,2025-04-28
B07M9PZGNK,2025-05-26
B07M9PZGNK,2025-06-23
B07M9PZGNK,2025-07-21
B07M9PZGNK,2025-08-18
B07M9PZGNK,2025-09-15
B07M9PZGNK,2025-10-13
B07M9PZGNK,2025-11-10
B07M9PZGNK,2025-12-08
B07M9PZGNK,2026-01-05
B07M9PZGNK,2026-02-02
B07M9PZGNK,2026-03-02
B07PLQ4XQ2,2025-04-28
B07PLQ4XQ2,2025-05-26
B07PLQ4XQ2,2025-06-23
B07PLQ4XQ2,2025-07-21
B07PLQ4XQ2,2025-08-18
B07PLQ4XQ2,2025-09-15
B07PLQ4XQ2,2025-10-13
B07PLQ4XQ2,2025-11-10
B07PLQ4XQ2,2025-12-08
B07PLQ4XQ2,2026-01-05
B07PLQ4XQ2,2026-02-02
B07PLQ4XQ2,2026-03-02
B07PLQM84P,2025-04-28
B07PLQM84P,2025-05-26
B07PLQM84P,2025-06-23
B07PLQM84P,2025-07-21
B07PLQM84P,2025-08-18
B07PLQM84P,2025-09-15
B07PLQM84P,2025-10-13
B07PLQM84P,2025-11-10
B07PLQM84P,2025-12-08
B07PLQM84P,2026-01-05
B07PLQM84P,2026-02-02
B07PLQM84P,2026-03-02
B07PMT5GDH,2025-04-28
B07PMT5GDH,2025-05-26
B07PMT5GDH,2025-06-23
B07PMT5GDH,2025-07-21
B07PMT5GDH,2025-08-18
B07PMT5GDH,2025-09-15
B07PMT5GDH,2025-10-13
B07PMT5GDH,2025-11-10
B07PMT5GDH,2025-12-08
B07PMT5GDH,2026-01-05
B07PMT5GDH,2026-02-02
B07PMT5GDH,2026-03-02
B07PMT5N7G,2025-04-28
B07PMT5N7G,2025-05-26
B07PMT5N7G,2025-06-23
B07PMT5N7G,2025-07-21
B07PMT5N7G,2025-08-18
B07PMT5N7G,2025-09-15
B07PMT5N7G,2025-10-13
B07PMT5N7G,2025-11-10
B07PMT5N7G,2025-12-08
B07PMT5N7G,2026-01-05
B07PMT5N7G,2026-02-02
B07PMT5N7G,2026-03-02
B07PT7LL7J,2025-04-28
B07PT7LL7J,2025-05-26
B07PT7LL7J,2025-06-23
B07PT7LL7J,2025-07-21
B07PT7LL7J,2025-08-18
B07PT7LL7J,2025-09-15
B07PT7LL7J,2025-10-13
B07PT7LL7J,2025-11-10
B07PT7LL7J,2025-12-08
B07PT7LL7J,2026-01-05
B07PT7LL7J,2026-02-02
B07PT7LL7J,2026-03-02
B082NLWBF1,2025-04-28
B082NLWBF1,2025-05-26
B082NLWBF1,2025-06-23
B082NLWBF1,2025-07-21
B082NLWBF1,2025-08-18
B082NLWBF1,2025-09-15
B082NLWBF1,2025-10-13
B082NLWBF1,2025-11-10
B082NLWBF1,2025-12-08
B082NLWBF1,2026-01-05
B082NLWBF1,2026-02-02
B082NLWBF1,2026-03-02
B082PDSBXD,2025-04-28
B082PDSBXD,2025-05-26
B082PDSBXD,2025-06-23
B082PDSBXD,2025-07-21
B082PDSBXD,2025-08-18
B082PDSBXD,2025-09-15
B082PDSBXD,2025-10-13
B082PDSBXD,2025-11-10
B082PDSBXD,2025-12-08
B082PDSBXD,2026-01-05
B082PDSBXD,2026-02-02
B082PDSBXD,2026-03-02
B082PFF2BT,2025-04-28
B082PFF2BT,2025-05-26
B082PFF2BT,2025-06-23
B082PFF2BT,2025-07-21
B082PFF2BT,2025-08-18
B082PFF2BT,2025-09-15
B082PFF2BT,2025-10-13
B082PFF2BT,2025-11-10
B082PFF2BT,2025-12-08
B082PFF2BT,2026-01-05
B082PFF2BT,2026-02-02
B082PFF2BT,2026-03-02
B08743S26D,2025-04-28
B08743S26D,2025-05-26
B08743S26D,2025-06-23
B08743S26D,2025-07-21
B08743S26D,2025-08-18
B08743S26D,2025-09-15
B08743S26D,2025-10-13
B08743S26D,2025-11-10
B08743S26D,2025-12-08
B08743S26D,2026-01-05
B08743S26D,2026-02-02
B08743S26D,2026-03-02
B08744Y4SC,2025-04-28
B08744Y4SC,2025-05-26
B08744Y4SC,2025-06-23
B08744Y4SC,2025-07-21
B08744Y4SC,2025-08-18
B08744Y4SC,2025-09-15
B08744Y4SC,2025-10-13
B08744Y4SC,2025-11-10
B08744Y4SC,2025-12-08
B08744Y4SC,2026-01-05
B08744Y4SC,2026-02-02
B08744Y4SC,2026-03-02
B088KCN1YG,2025-04-28
B088KCN1YG,2025-05-26
B088KCN1YG,2025-06-23
B088KCN1YG,2025-07-21
B088KCN1YG,2025-08-18
B088KCN1YG,2025-09-15
B088KCN1YG,2025-10-13
B088KCN1YG,2025-11-10
B088KCN1YG,2025-12-08
B088KCN1YG,2026-01-05
B088KCN1YG,2026-02-02
B088KCN1YG,2026-03-02
B088KDZ4W3,2025-04-28
B088KDZ4W3,2025-05-26
B088KDZ4W3,2025-06-23
B088KDZ4W3,2025-07-21
B088KDZ4W3,2025-08-18
B088KDZ4W3,2025-09-15
B088KDZ4W3,2025-10-13
B088KDZ4W3,2025-11-10
B088KDZ4W3,2025-12-08
B088KDZ4W3,2026-01-05
B088KDZ4W3,2026-02-02
B088KDZ4W3,2026-03-02
B0897NFC5Q,2025-04-28
B0897NFC5Q,2025-05-26
B0897NFC5Q,2025-06-23
B0897NFC5Q,2025-07-21
B0897NFC5Q,2025-08-18
B0897NFC5Q,2025-09-15
B0897NFC5Q,2025-10-13
B0897NFC5Q,2025-11-10
B0897NFC5Q,2025-12-08
B0897NFC5Q,2026-01-05
B0897NFC5Q,2026-02-02
B0897NFC5Q,2026-03-02
B08BJW8BV5,2025-04-28
B08BJW8BV5,2025-05-26
B08BJW8BV5,2025-06-23
B08BJW8BV5,2025-07-21
B08BJW8BV5,2025-08-18
B08BJW8BV5,2025-09-15
B08BJW8BV5,2025-10-13
B08BJW8BV5,2025-11-10
B08BJW8BV5,2025-12-08
B08BJW8BV5,2026-01-05
B08BJW8BV5,2026-02-02
B08BJW8BV5,2026-03-02
B08CBVSB25,2025-04-28
B08CBVSB25,2025-05-26
B08CBVSB25,2025-06-23
B08CBVSB25,2025-07-21
B08CBVSB25,2025-08-18
B08CBVSB25,2025-09-15
B08CBVSB25,2025-10-13
B08CBVSB25,2025-11-10
B08CBVSB25,2025-12-08
B08CBVSB25,2026-01-05
B08CBVSB25,2026-02-02
B08CBVSB25,2026-03-02
B08CSJ56GC,2025-04-28
B08CSJ56GC,2025-05-26
B08CSJ56GC,2025-06-23
B08CSJ56GC,2025-07-21
B08CSJ56GC,2025-08-18
B08CSJ56GC,2025-09-15
B08CSJ56GC,2025-10-13
B08CSJ56GC,2025-11-10
B08CSJ56GC,2025-12-08
B08CSJ56GC,2026-01-05
B08CSJ56GC,2026-02-02
B08CSJ56GC,2026-03-02
B08FBY1YV6,2025-04-28
B08FBY1YV6,2025-05-26
B08FBY1YV6,2025-06-23
B08FBY1YV6,2025-07-21
B08FBY1YV6,2025-08-18
B08FBY1YV6,2025-09-15
B08FBY1YV6,2025-10-13
B08FBY1YV6,2025-11-10
B08FBY1YV6,2025-12-08
B08FBY1YV6,2026-01-05
B08FBY1YV6,2026-02-02
B08FBY1YV6,2026-03-02
B08L93P4DF,2025-04-28
B08L93P4DF,2025-05-26
B08L93P4DF,2025-06-23
B08L93P4DF,2025-07-21
B08L93P4DF,2025-08-18
B08L93P4DF,2025-09-15
B08L93P4DF,2025-10-13
B08L93P4DF,2025-11-10
B08L93P4DF,2025-12-08
B08L93P4DF,2026-01-05
B08L93P4DF,2026-02-02
B08L93P4DF,2026-03-02
B08MF8FNS4,2025-04-28
B08MF8FNS4,2025-05-26
B08MF8FNS4,2025-06-23
B08MF8FNS4,2025-07-21
B08MF8FNS4,2025-08-18
B08MF8FNS4,2025-09-15
B08MF8FNS4,2025-10-13
B08MF8FNS4,2025-11-10
B08MF8FNS4,2025-12-08
B08MF8FNS4,2026-01-05
B08MF8FNS4,2026-02-02
B08MF8FNS4,2026-03-02
B08MF8WG4J,2025-04-28
B08MF8WG4J,2025-05-26
B08MF8WG4J,2025-06-23
B08MF8WG4J,2025-07-21
B08MF8WG4J,2025-08-18
B08MF8WG4J,2025-09-15
B08MF8WG4J,2025-10-13
B08MF8WG4J,2025-11-10
B08MF8WG4J,2025-12-08
B08MF8WG4J,2026-01-05
B08MF8WG4J,2026-02-02
B08MF8WG4J,2026-03-02
B08MF9HCHH,2025-04-28
B08MF9HCHH,2025-05-26
B08MF9HCHH,2025-06-23
B08MF9HCHH,2025-07-21
B08MF9HCHH,2025-08-18
B08MF9HCHH,2025-09-15
B08MF9HCHH,2025-10-13
B08MF9HCHH,2025-11-10
B08MF9HCHH,2025-12-08
B08MF9HCHH,2026-01-05
B08MF9HCHH,2026-02-02
B08MF9HCHH,2026-03-02
B08MF9QXC9,2025-04-28
B08MF9QXC9,2025-05-26
B08MF9QXC9,2025-06-23
B08MF9QXC9,2025-07-21
B08MF9QXC9,2025-08-18
B08MF9QXC9,2025-09-15
B08MF9QXC9,2025-10-13
B08MF9QXC9,2025-11-10
B08MF9QXC9,2025-12-08
B08MF9QXC9,2026-01-05
B08MF9QXC9,2026-02-02
B08MF9QXC9,2026-03-02
B08PKGDN63,2025-04-28
B08PKGDN63,2025-05-26
B08PKGDN63,2025-06-23
B08PKGDN63,2025-07-21
B08PKGDN63,2025-08-18
B08PKGDN63,2025-09-15
B08PKGDN63,2025-10-13
B08PKGDN63,2025-11-10
B08PKGDN63,2025-12-08
B08PKGDN63,2026-01-05
B08PKGDN63,2026-02-02
B08PKGDN63,2026-03-02
B08R17THCK,2025-04-28
B08R17THCK,2025-05-26
B08R17THCK,2025-06-23
B08R17THCK,2025-07-21
B08R17THCK,2025-08-18
B08R17THCK,2025-09-15
B08R17THCK,2025-10-13
B08R17THCK,2025-11-10
B08R17THCK,2025-12-08
B08R17THCK,2026-01-05
B08R17THCK,2026-02-02
B08R17THCK,2026-03-02
B08S2Z3QN1,2025-04-28
B08S2Z3QN1,2025-05-26
B08S2Z3QN1,2025-06-23
B08S2Z3QN1,2025-07-21
B08S2Z3QN1,2025-08-18
B08S2Z3QN1,2025-09-15
B08S2Z3QN1,2025-10-13
B08S2Z3QN1,2025-11-10
B08S2Z3QN1,2025-12-08
B08S2Z3QN1,2026-01-05
B08S2Z3QN1,2026-02-02
B08S2Z3QN1,2026-03-02
B08S3CPR97,2025-04-28
B08S3CPR97,2025-05-26
B08S3CPR97,2025-06-23
B08S3CPR97,2025-07-21
B08S3CPR97,2025-08-18
B08S3CPR97,2025-09-15
B08S3CPR97,2025-10-13
B08S3CPR97,2025-11-10
B08S3CPR97,2025-12-08
B08S3CPR97,2026-01-05
B08S3CPR97,2026-02-02
B08S3CPR97,2026-03-02
B08S3PYP2D,2025-04-28
B08S3PYP2D,2025-05-26
B08S3PYP2D,2025-06-23
B08S3PYP2D,2025-07-21
B08S3PYP2D,2025-08-18
B08S3PYP2D,2025-09-15
B08S3PYP2D,2025-10-13
B08S3PYP2D,2025-11-10
B08S3PYP2D,2025-12-08
B08S3PYP2D,2026-01-05
B08S3PYP2D,2026-02-02
B08S3PYP2D,2026-03-02
B08TLWN6XJ,2025-04-28
B08TLWN6XJ,2025-05-26
B08TLWN6XJ,2025-06-23
B08TLWN6XJ,2025-07-21
B08TLWN6XJ,2025-08-18
B08TLWN6XJ,2025-09-15
B08TLWN6XJ,2025-10-13
B08TLWN6XJ,2025-11-10
B08TLWN6XJ,2025-12-08
B08TLWN6XJ,2026-01-05
B08TLWN6XJ,2026-02-02
B08TLWN6XJ,2026-03-02
B08TLZ9MRX,2025-04-28
B08TLZ9MRX,2025-05-26
B08TLZ9MRX,2025-06-23
B08TLZ9MRX,2025-07-21
B08TLZ9MRX,2025-08-18
B08TLZ9MRX,2025-09-15
B08TLZ9MRX,2025-10-13
B08TLZ9MRX,2025-11-10
B08TLZ9MRX,2025-12-08
B08TLZ9MRX,2026-01-05
B08TLZ9MRX,2026-02-02
B08TLZ9MRX,2026-03-02
B08TM4RYF9,2025-04-28
B08TM4RYF9,2025-05-26
B08TM4RYF9,2025-06-23
B08TM4RYF9,2025-07-21
B08TM4RYF9,2025-08-18
B08TM4RYF9,2025-09-15
B08TM4RYF9,2025-10-13
B08TM4RYF9,2025-11-10
B08TM4RYF9,2025-12-08
B08TM4RYF9,2026-01-05
B08TM4RYF9,2026-02-02
B08TM4RYF9,2026-03-02
B08TX2TL1H,2025-04-28
B08TX2TL1H,2025-05-26
B08TX2TL1H,2025-06-23
B08TX2TL1H,2025-07-21
B08TX2TL1H,2025-08-18
B08TX2TL1H,2025-09-15
B08TX2TL1H,2025-10-13
B08TX2TL1H,2025-11-10
B08TX2TL1H,2025-12-08
B08TX2TL1H,2026-01-05
B08TX2TL1H,2026-02-02
B08TX2TL1H,2026-03-02
B08Y5R31HH,2025-04-28
B08Y5R31HH,2025-05-26
B08Y5R31HH,2025-06-23
B08Y5R31HH,2025-07-21
B08Y5R31HH,2025-08-18
B08Y5R31HH,2025-09-15
B08Y5R31HH,2025-10-13
B08Y5R31HH,2025-11-10
B08Y5R31HH,2025-12-08
B08Y5R31HH,2026-01-05
B08Y5R31HH,2026-02-02
B08Y5R31HH,2026-03-02
B08ZCJ1CM1,2025-04-28
B08ZCJ1CM1,2025-05-26
B08ZCJ1CM1,2025-06-23
B08ZCJ1CM1,2025-07-21
B08ZCJ1CM1,2025-08-18
B08ZCJ1CM1,2025-09-15
B08ZCJ1CM1,2025-10-13
B08ZCJ1CM1,2025-11-10
B08ZCJ1CM1,2025-12-08
B08ZCJ1CM1,2026-01-05
B08ZCJ1CM1,2026-02-02
B08ZCJ1CM1,2026-03-02
B08ZCRSJQJ,2025-04-28
B08ZCRSJQJ,2025-05-26
B08ZCRSJQJ,2025-06-23
B08ZCRSJQJ,2025-07-21
B08ZCRSJQJ,2025-08-18
B08ZCRSJQJ,2025-09-15
B08ZCRSJQJ,2025-10-13
B08ZCRSJQJ,2025-11-10
B08ZCRSJQJ,2025-12-08
B08ZCRSJQJ,2026-01-05
B08ZCRSJQJ,2026-02-02
B08ZCRSJQJ,2026-03-02
B091KVFGLP,2025-04-28
B091KVFGLP,2025-05-26
B091KVFGLP,2025-06-23
B091KVFGLP,2025-07-21
B091KVFGLP,2025-08-18
B091KVFGLP,2025-09-15
B091KVFGLP,2025-10-13
B091KVFGLP,2025-11-10
B091KVFGLP,2025-12-08
B091KVFGLP,2026-01-05
B091KVFGLP,2026-02-02
B091KVFGLP,2026-03-02
B091KWLZ5W,2025-04-28
B091KWLZ5W,2025-05-26
B091KWLZ5W,2025-06-23
B091KWLZ5W,2025-07-21
B091KWLZ5W,2025-08-18
B091KWLZ5W,2025-09-15
B091KWLZ5W,2025-10-13
B091KWLZ5W,2025-11-10
B091KWLZ5W,2025-12-08
B091KWLZ5W,2026-01-05
B091KWLZ5W,2026-02-02
B091KWLZ5W,2026-03-02
B091XN4H8J,2025-04-28
B091XN4H8J,2025-05-26
B091XN4H8J,2025-06-23
B091XN4H8J,2025-07-21
B091XN4H8J,2025-08-18
B091XN4H8J,2025-09-15
B091XN4H8J,2025-10-13
B091XN4H8J,2025-11-10
B091XN4H8J,2025-12-08
B091XN4H8J,2026-01-05
B091XN4H8J,2026-02-02
B091XN4H8J,2026-03-02
B091Y6ZK5M,2025-04-28
B091Y6ZK5M,2025-05-26
B091Y6ZK5M,2025-06-23
B091Y6ZK5M,2025-07-21
B091Y6ZK5M,2025-08-18
B091Y6ZK5M,2025-09-15
B091Y6ZK5M,2025-10-13
B091Y6ZK5M,2025-11-10
B091Y6ZK5M,2025-12-08
B091Y6ZK5M,2026-01-05
B091Y6ZK5M,2026-02-02
B091Y6ZK5M,2026-03-02
B091YFXPS2,2025-04-28
B091YFXPS2,2025-05-26
B091YFXPS2,2025-06-23
B091YFXPS2,2025-07-21
B091YFXPS2,2025-08-18
B091YFXPS2,2025-09-15
B091YFXPS2,2025-10-13
B091YFXPS2,2025-11-10
B091YFXPS2,2025-12-08
B091YFXPS2,2026-01-05
B091YFXPS2,2026-02-02
B091YFXPS2,2026-03-02
B091YG6Y1F,2025-04-28
B091YG6Y1F,2025-05-26
B091YG6Y1F,2025-06-23
B091YG6Y1F,2025-07-21
B091YG6Y1F,2025-08-18
B091YG6Y1F,2025-09-15
B091YG6Y1F,2025-10-13
B091YG6Y1F,2025-11-10
B091YG6Y1F,2025-12-08
B091YG6Y1F,2026-01-05
B091YG6Y1F,2026-02-02
B091YG6Y1F,2026-03-02
B091YG6Y1G,2025-04-28
B091YG6Y1G,2025-05-26
B091YG6Y1G,2025-06-23
B091YG6Y1G,2025-07-21
B091YG6Y1G,2025-08-18
B091YG6Y1G,2025-09-15
B091YG6Y1G,2025-10-13
B091YG6Y1G,2025-11-10
B091YG6Y1G,2025-12-08
B091YG6Y1G,2026-01-05
B091YG6Y1G,2026-02-02
B091YG6Y1G,2026-03-02
B091YLTCSZ,2025-04-28
B091YLTCSZ,2025-05-26
B091YLTCSZ,2025-06-23
B091YLTCSZ,2025-07-21
B091YLTCSZ,2025-08-18
B091YLTCSZ,2025-09-15
B091YLTCSZ,2025-10-13
B091YLTCSZ,2025-11-10
B091YLTCSZ,2025-12-08
B091YLTCSZ,2026-01-05
B091YLTCSZ,2026-02-02
B091YLTCSZ,2026-03-02
B093L64BFT,2025-04-28
B093L64BFT,2025-05-26
B093L64BFT,2025-06-23
B093L64BFT,2025-07-21
B093L64BFT,2025-08-18
B093L64BFT,2025-09-15
B093L64BFT,2025-10-13
B093L64BFT,2025-11-10
B093L64BFT,2025-12-08
B093L64BFT,2026-01-05
B093L64BFT,2026-02-02
B093L64BFT,2026-03-02
B093L7JWMD,2025-04-28
B093L7JWMD,2025-05-26
B093L7JWMD,2025-06-23
B093L7JWMD,2025-07-21
B093L7JWMD,2025-08-18
B093L7JWMD,2025-09-15
B093L7JWMD,2025-10-13
B093L7JWMD,2025-11-10
B093L7JWMD,2025-12-08
B093L7JWMD,2026-01-05
B093L7JWMD,2026-02-02
B093L7JWMD,2026-03-02
B093QDLRQM,2025-04-28
B093QDLRQM,2025-05-26
B093QDLRQM,2025-06-23
B093QDLRQM,2025-07-21
B093QDLRQM,2025-08-18
B093QDLRQM,2025-09-15
B093QDLRQM,2025-10-13
B093QDLRQM,2025-11-10
B093QDLRQM,2025-12-08
B093QDLRQM,2026-01-05
B093QDLRQM,2026-02-02
B093QDLRQM,2026-03-02
B093QFMQPP,2025-04-28
B093QFMQPP,2025-05-26
B093QFMQPP,2025-06-23
B093QFMQPP,2025-07-21
B093QFMQPP,2025-08-18
B093QFMQPP,2025-09-15
B093QFMQPP,2025-10-13
B093QFMQPP,2025-11-10
B093QFMQPP,2025-12-08
B093QFMQPP,2026-01-05
B093QFMQPP,2026-02-02
B093QFMQPP,2026-03-02
B093QFYVZ7,2025-04-28
B093QFYVZ7,2025-05-26
B093QFYVZ7,2025-06-23
B093QFYVZ7,2025-07-21
B093QFYVZ7,2025-08-18
B093QFYVZ7,2025-09-15
B093QFYVZ7,2025-10-13
B093QFYVZ7,2025-11-10
B093QFYVZ7,2025-12-08
B093QFYVZ7,2026-01-05
B093QFYVZ7,2026-02-02
B093QFYVZ7,2026-03-02
B094FSQWX6,2025-04-28
B094FSQWX6,2025-05-26
B094FSQWX6,2025-06-23
B094FSQWX6,2025-07-21
B094FSQWX6,2025-08-18
B094FSQWX6,2025-09-15
B094FSQWX6,2025-10-13
B094FSQWX6,2025-11-10
B094FSQWX6,2025-12-08
B094FSQWX6,2026-01-05
B094FSQWX6,2026-02-02
B094FSQWX6,2026-03-02
B094G2VVGH,2025-04-28
B094G2VVGH,2025-05-26
B094G2VVGH,2025-06-23
B094G2VVGH,2025-07-21
B094G2VVGH,2025-08-18
B094G2VVGH,2025-09-15
B094G2VVGH,2025-10-13
B094G2VVGH,2025-11-10
B094G2VVGH,2025-12-08
B094G2VVGH,2026-01-05
B094G2VVGH,2026-02-02
B094G2VVGH,2026-03-02
B094ZL7KSH,2025-04-28
B094ZL7KSH,2025-05-26
B094ZL7KSH,2025-06-23
B094ZL7KSH,2025-07-21
B094ZL7KSH,2025-08-18
B094ZL7KSH,2025-09-15
B094ZL7KSH,2025-10-13
B094ZL7KSH,2025-11-10
B094ZL7KSH,2025-12-08
B094ZL7KSH,2026-01-05
B094ZL7KSH,2026-02-02
B094ZL7KSH,2026-03-02
B0962NNTFH,2025-04-28
B0962NNTFH,2025-05-26
B0962NNTFH,2025-06-23
B0962NNTFH,2025-07-21
B0962NNTFH,2025-08-18
B0962NNTFH,2025-09-15
B0962NNTFH,2025-10-13
B0962NNTFH,2025-11-10
B0962NNTFH,2025-12-08
B0962NNTFH,2026-01-05
B0962NNTFH,2026-02-02
B0962NNTFH,2026-03-02
B0962T2QJ6,2025-04-28
B0962T2QJ6,2025-05-26
B0962T2QJ6,2025-06-23
B0962T2QJ6,2025-07-21
B0962T2QJ6,2025-08-18
B0962T2QJ6,2025-09-15
B0962T2QJ6,2025-10-13
B0962T2QJ6,2025-11-10
B0962T2QJ6,2025-12-08
B0962T2QJ6,2026-01-05
B0962T2QJ6,2026-02-02
B0962T2QJ6,2026-03-02
B09633J67H,2025-04-28
B09633J67H,2025-05-26
B09633J67H,2025-06-23
B09633J67H,2025-07-21
B09633J67H,2025-08-18
B09633J67H,2025-09-15
B09633J67H,2025-10-13
B09633J67H,2025-11-10
B09633J67H,2025-12-08
B09633J67H,2026-01-05
B09633J67H,2026-02-02
B09633J67H,2026-03-02
B0963BGXPD,2025-04-28
B0963BGXPD,2025-05-26
B0963BGXPD,2025-06-23
B0963BGXPD,2025-07-21
B0963BGXPD,2025-08-18
B0963BGXPD,2025-09-15
B0963BGXPD,2025-10-13
B0963BGXPD,2025-11-10
B0963BGXPD,2025-12-08
B0963BGXPD,2026-01-05
B0963BGXPD,2026-02-02
B0963BGXPD,2026-03-02
B0969L1WZX,2025-04-28
B0969L1WZX,2025-05-26
B0969L1WZX,2025-06-23
B0969L1WZX,2025-07-21
B0969L1WZX,2025-08-18
B0969L1WZX,2025-09-15
B0969L1WZX,2025-10-13
B0969L1WZX,2025-11-10
B0969L1WZX,2025-12-08
B0969L1WZX,2026-01-05
B0969L1WZX,2026-02-02
B0969L1WZX,2026-03-02
B096VKFX8R,2025-04-28
B096VKFX8R,2025-05-26
B096VKFX8R,2025-06-23
B096VKFX8R,2025-07-21
B096VKFX8R,2025-08-18
B096VKFX8R,2025-09-15
B096VKFX8R,2025-10-13
B096VKFX8R,2025-11-10
B096VKFX8R,2025-12-08
B096VKFX8R,2026-01-05
B096VKFX8R,2026-02-02
B096VKFX8R,2026-03-02
B096XNB969,2025-04-28
B096XNB969,2025-05-26
B096XNB969,2025-06-23
B096XNB969,2025-07-21
B096XNB969,2025-08-18
B096XNB969,2025-09-15
B096XNB969,2025-10-13
B096XNB969,2025-11-10
B096XNB969,2025-12-08
B096XNB969,2026-01-05
B096XNB969,2026-02-02
B096XNB969,2026-03-02
B096XTXGX1,2025-04-28
B096XTXGX1,2025-05-26
B096XTXGX1,2025-06-23
B096XTXGX1,2025-07-21
B096XTXGX1,2025-08-18
B096XTXGX1,2025-09-15
B096XTXGX1,2025-10-13
B096XTXGX1,2025-11-10
B096XTXGX1,2025-12-08
B096XTXGX1,2026-01-05
B096XTXGX1,2026-02-02
B096XTXGX1,2026-03-02
B097JV3YQV,2025-04-28
B097JV3YQV,2025-05-26
B097JV3YQV,2025-06-23
B097JV3YQV,2025-07-21
B097JV3YQV,2025-08-18
B097JV3YQV,2025-09-15
B097JV3YQV,2025-10-13
B097JV3YQV,2025-11-10
B097JV3YQV,2025-12-08
B097JV3YQV,2026-01-05
B097JV3YQV,2026-02-02
B097JV3YQV,2026-03-02
B097PMQTG7,2025-04-28
B097PMQTG7,2025-05-26
B097PMQTG7,2025-06-23
B097PMQTG7,2025-07-21
B097PMQTG7,2025-08-18
B097PMQTG7,2025-09-15
B097PMQTG7,2025-10-13
B097PMQTG7,2025-11-10
B097PMQTG7,2025-12-08
B097PMQTG7,2026-01-05
B097PMQTG7,2026-02-02
B097PMQTG7,2026-03-02
B097PMSR8M,2025-04-28
B097PMSR8M,2025-05-26
B097PMSR8M,2025-06-23
B097PMSR8M,2025-07-21
B097PMSR8M,2025-08-18
B097PMSR8M,2025-09-15
B097PMSR8M,2025-10-13
B097PMSR8M,2025-11-10
B097PMSR8M,2025-12-08
B097PMSR8M,2026-01-05
B097PMSR8M,2026-02-02
B097PMSR8M,2026-03-02
B0981Y16CV,2025-04-28
B0981Y16CV,2025-05-26
B0981Y16CV,2025-06-23
B0981Y16CV,2025-07-21
B0981Y16CV,2025-08-18
B0981Y16CV,2025-09-15
B0981Y16CV,2025-10-13
B0981Y16CV,2025-11-10
B0981Y16CV,2025-12-08
B0981Y16CV,2026-01-05
B0981Y16CV,2026-02-02
B0981Y16CV,2026-03-02
B0981YKBNJ,2025-04-28
B0981YKBNJ,2025-05-26
B0981YKBNJ,2025-06-23
B0981YKBNJ,2025-07-21
B0981YKBNJ,2025-08-18
B0981YKBNJ,2025-09-15
B0981YKBNJ,2025-10-13
B0981YKBNJ,2025-11-10
B0981YKBNJ,2025-12-08
B0981YKBNJ,2026-01-05
B0981YKBNJ,2026-02-02
B0981YKBNJ,2026-03-02
B099W9HYV5,2025-04-28
B099W9HYV5,2025-05-26
B099W9HYV5,2025-06-23
B099W9HYV5,2025-07-21
B099W9HYV5,2025-08-18
B099W9HYV5,2025-09-15
B099W9HYV5,2025-10-13
B099W9HYV5,2025-11-10
B099W9HYV5,2025-12-08
B099W9HYV5,2026-01-05
B099W9HYV5,2026-02-02
B099W9HYV5,2026-03-02
B09B77RZHD,2025-04-28
B09B77RZHD,2025-05-26
B09B77RZHD,2025-06-23
B09B77RZHD,2025-07-21
B09B77RZHD,2025-08-18
B09B77RZHD,2025-09-15
B09B77RZHD,2025-10-13
B09B77RZHD,2025-11-10
B09B77RZHD,2025-12-08
B09B77RZHD,2026-01-05
B09B77RZHD,2026-02-02
B09B77RZHD,2026-03-02
B09CTGS357,2025-04-28
B09CTGS357,2025-05-26
B09CTGS357,2025-06-23
B09CTGS357,2025-07-21
B09CTGS357,2025-08-18
B09CTGS357,2025-09-15
B09CTGS357,2025-10-13
B09CTGS357,2025-11-10
B09CTGS357,2025-12-08
B09CTGS357,2026-01-05
B09CTGS357,2026-02-02
B09CTGS357,2026-03-02
B09CTH2FC3,2025-04-28
B09CTH2FC3,2025-05-26
B09CTH2FC3,2025-06-23
B09CTH2FC3,2025-07-21
B09CTH2FC3,2025-08-18
B09CTH2FC3,2025-09-15
B09CTH2FC3,2025-10-13
B09CTH2FC3,2025-11-10
B09CTH2FC3,2025-12-08
B09CTH2FC3,2026-01-05
B09CTH2FC3,2026-02-02
B09CTH2FC3,2026-03-02
B09GLXXGMJ,2025-04-28
B09GLXXGMJ,2025-05-26
B09GLXXGMJ,2025-06-23
B09GLXXGMJ,2025-07-21
B09GLXXGMJ,2025-08-18
B09GLXXGMJ,2025-09-15
B09GLXXGMJ,2025-10-13
B09GLXXGMJ,2025-11-10
B09GLXXGMJ,2025-12-08
B09GLXXGMJ,2026-01-05
B09GLXXGMJ,2026-02-02
B09GLXXGMJ,2026-03-02
B09GVKL8JS,2025-04-28
B09GVKL8JS,2025-05-26
B09GVKL8JS,2025-06-23
B09GVKL8JS,2025-07-21
B09GVKL8JS,2025-08-18
B09GVKL8JS,2025-09-15
B09GVKL8JS,2025-10-13
B09GVKL8JS,2025-11-10
B09GVKL8JS,2025-12-08
B09GVKL8JS,2026-01-05
B09GVKL8JS,2026-02-02
B09GVKL8JS,2026-03-02
B09GYSSDM8,2025-04-28
B09GYSSDM8,2025-05-26
B09GYSSDM8,2025-06-23
B09GYSSDM8,2025-07-21
B09GYSSDM8,2025-08-18
B09GYSSDM8,2025-09-15
B09GYSSDM8,2025-10-13
B09GYSSDM8,2025-11-10
B09GYSSDM8,2025-12-08
B09GYSSDM8,2026-01-05
B09GYSSDM8,2026-02-02
B09GYSSDM8,2026-03-02
B09H2ND6WB,2025-04-28
B09H2ND6WB,2025-05-26
B09H2ND6WB,2025-06-23
B09H2ND6WB,2025-07-21
B09H2ND6WB,2025-08-18
B09H2ND6WB,2025-09-15
B09H2ND6WB,2025-10-13
B09H2ND6WB,2025-11-10
B09H2ND6WB,2025-12-08
B09H2ND6WB,2026-01-05
B09H2ND6WB,2026-02-02
B09H2ND6WB,2026-03-02
B09H2PXFX7,2025-04-28
B09H2PXFX7,2025-05-26
B09H2PXFX7,2025-06-23
B09H2PXFX7,2025-07-21
B09H2PXFX7,2025-08-18
B09H2PXFX7,2025-09-15
B09H2PXFX7,2025-10-13
B09H2PXFX7,2025-11-10
B09H2PXFX7,2025-12-08
B09H2PXFX7,2026-01-05
B09H2PXFX7,2026-02-02
B09H2PXFX7,2026-03-02
B09H4KL868,2025-04-28
B09H4KL868,2025-05-26
B09H4KL868,2025-06-23
B09H4KL868,2025-07-21
B09H4KL868,2025-08-18
B09H4KL868,2025-09-15
B09H4KL868,2025-10-13
B09H4KL868,2025-11-10
B09H4KL868,2025-12-08
B09H4KL868,2026-01-05
B09H4KL868,2026-02-02
B09H4KL868,2026-03-02
B09H625H7P,2025-04-28
B09H625H7P,2025-05-26
B09H625H7P,2025-06-23
B09H625H7P,2025-07-21
B09H625H7P,2025-08-18
B09H625H7P,2025-09-15
B09H625H7P,2025-10-13
B09H625H7P,2025-11-10
B09H625H7P,2025-12-08
B09H625H7P,2026-01-05
B09H625H7P,2026-02-02
B09H625H7P,2026-03-02
B09HBQ7LXC,2025-04-28
B09HBQ7LXC,2025-05-26
B09HBQ7LXC,2025-06-23
B09HBQ7LXC,2025-07-21
B09HBQ7LXC,2025-08-18
B09HBQ7LXC,2025-09-15
B09HBQ7LXC,2025-10-13
B09HBQ7LXC,2025-11-10
B09HBQ7LXC,2025-12-08
B09HBQ7LXC,2026-01-05
B09HBQ7LXC,2026-02-02
B09HBQ7LXC,2026-03-02
B09JFZD54T,2025-04-28
B09JFZD54T,2025-05-26
B09JFZD54T,2025-06-23
B09JFZD54T,2025-07-21
B09JFZD54T,2025-08-18
B09JFZD54T,2025-09-15
B09JFZD54T,2025-10-13
B09JFZD54T,2025-11-10
B09JFZD54T,2025-12-08
B09JFZD54T,2026-01-05
B09JFZD54T,2026-02-02
B09JFZD54T,2026-03-02
B09JG2FRCX,2025-04-28
B09JG2FRCX,2025-05-26
B09JG2FRCX,2025-06-23
B09JG2FRCX,2025-07-21
B09JG2FRCX,2025-08-18
B09JG2FRCX,2025-09-15
B09JG2FRCX,2025-10-13
B09JG2FRCX,2025-11-10
B09JG2FRCX,2025-12-08
B09JG2FRCX,2026-01-05
B09JG2FRCX,2026-02-02
B09JG2FRCX,2026-03-02
B09L8BT4F2,2025-04-28
B09L8BT4F2,2025-05-26
B09L8BT4F2,2025-06-23
B09L8BT4F2,2025-07-21
B09L8BT4F2,2025-08-18
B09L8BT4F2,2025-09-15
B09L8BT4F2,2025-10-13
B09L8BT4F2,2025-11-10
B09L8BT4F2,2025-12-08
B09L8BT4F2,2026-01-05
B09L8BT4F2,2026-02-02
B09L8BT4F2,2026-03-02
B09MG1M48S,2025-04-28
B09MG1M48S,2025-05-26
B09MG1M48S,2025-06-23
B09MG1M48S,2025-07-21
B09MG1M48S,2025-08-18
B09MG1M48S,2025-09-15
B09MG1M48S,2025-10-13
B09MG1M48S,2025-11-10
B09MG1M48S,2025-12-08
B09MG1M48S,2026-01-05
B09MG1M48S,2026-02-02
B09MG1M48S,2026-03-02
B09MQDYWZH,2025-04-28
B09MQDYWZH,2025-05-26
B09MQDYWZH,2025-06-23
B09MQDYWZH,2025-07-21
B09MQDYWZH,2025-08-18
B09MQDYWZH,2025-09-15
B09MQDYWZH,2025-10-13
B09MQDYWZH,2025-11-10
B09MQDYWZH,2025-12-08
B09MQDYWZH,2026-01-05
B09MQDYWZH,2026-02-02
B09MQDYWZH,2026-03-02
B09MQFD81Z,2025-04-28
B09MQFD81Z,2025-05-26
B09MQFD81Z,2025-06-23
B09MQFD81Z,2025-07-21
B09MQFD81Z,2025-08-18
B09MQFD81Z,2025-09-15
B09MQFD81Z,2025-10-13
B09MQFD81Z,2025-11-10
B09MQFD81Z,2025-12-08
B09MQFD81Z,2026-01-05
B09MQFD81Z,2026-02-02
B09MQFD81Z,2026-03-02
B09MQFDYDS,2025-04-28
B09MQFDYDS,2025-05-26
B09MQFDYDS,2025-06-23
B09MQFDYDS,2025-07-21
B09MQFDYDS,2025-08-18
B09MQFDYDS,2025-09-15
B09MQFDYDS,2025-10-13
B09MQFDYDS,2025-11-10
B09MQFDYDS,2025-12-08
B09MQFDYDS,2026-01-05
B09MQFDYDS,2026-02-02
B09MQFDYDS,2026-03-02
B09MQFF9SX,2025-04-28
B09MQFF9SX,2025-05-26
B09MQFF9SX,2025-06-23
B09MQFF9SX,2025-07-21
B09MQFF9SX,2025-08-18
B09MQFF9SX,2025-09-15
B09MQFF9SX,2025-10-13
B09MQFF9SX,2025-11-10
B09MQFF9SX,2025-12-08
B09MQFF9SX,2026-01-05
B09MQFF9SX,2026-02-02
B09MQFF9SX,2026-03-02
B09MRHZCLS,2025-04-28
B09MRHZCLS,2025-05-26
B09MRHZCLS,2025-06-23
B09MRHZCLS,2025-07-21
B09MRHZCLS,2025-08-18
B09MRHZCLS,2025-09-15
B09MRHZCLS,2025-10-13
B09MRHZCLS,2025-11-10
B09MRHZCLS,2025-12-08
B09MRHZCLS,2026-01-05
B09MRHZCLS,2026-02-02
B09MRHZCLS,2026-03-02
B09N3J957H,2025-04-28
B09N3J957H,2025-05-26
B09N3J957H,2025-06-23
B09N3J957H,2025-07-21
B09N3J957H,2025-08-18
B09N3J957H,2025-09-15
B09N3J957H,2025-10-13
B09N3J957H,2025-11-10
B09N3J957H,2025-12-08
B09N3J957H,2026-01-05
B09N3J957H,2026-02-02
B09N3J957H,2026-03-02
B09N3KD9KY,2025-04-28
B09N3KD9KY,2025-05-26
B09N3KD9KY,2025-06-23
B09N3KD9KY,2025-07-21
B09N3KD9KY,2025-08-18
B09N3KD9KY,2025-09-15
B09N3KD9KY,2025-10-13
B09N3KD9KY,2025-11-10
B09N3KD9KY,2025-12-08
B09N3KD9KY,2026-01-05
B09N3KD9KY,2026-02-02
B09N3KD9KY,2026-03-02
B09N3L5V9K,2025-04-28
B09N3L5V9K,2025-05-26
B09N3L5V9K,2025-06-23
B09N3L5V9K,2025-07-21
B09N3L5V9K,2025-08-18
B09N3L5V9K,2025-09-15
B09N3L5V9K,2025-10-13
B09N3L5V9K,2025-11-10
B09N3L5V9K,2025-12-08
B09N3L5V9K,2026-01-05
B09N3L5V9K,2026-02-02
B09N3L5V9K,2026-03-02
B09N3LD7QZ,2025-04-28
B09N3LD7QZ,2025-05-26
B09N3LD7QZ,2025-06-23
B09N3LD7QZ,2025-07-21
B09N3LD7QZ,2025-08-18
B09N3LD7QZ,2025-09-15
B09N3LD7QZ,2025-10-13
B09N3LD7QZ,2025-11-10
B09N3LD7QZ,2025-12-08
B09N3LD7QZ,2026-01-05
B09N3LD7QZ,2026-02-02
B09N3LD7QZ,2026-03-02
B09N3LMW4K,2025-04-28
B09N3LMW4K,2025-05-26
B09N3LMW4K,2025-06-23
B09N3LMW4K,2025-07-21
B09N3LMW4K,2025-08-18
B09N3LMW4K,2025-09-15
B09N3LMW4K,2025-10-13
B09N3LMW4K,2025-11-10
B09N3LMW4K,2025-12-08
B09N3LMW4K,2026-01-05
B09N3LMW4K,2026-02-02
B09N3LMW4K,2026-03-02
B09N3M9V2W,2025-04-28
B09N3M9V2W,2025-05-26
B09N3M9V2W,2025-06-23
B09N3M9V2W,2025-07-21
B09N3M9V2W,2025-08-18
B09N3M9V2W,2025-09-15
B09N3M9V2W,2025-10-13
B09N3M9V2W,2025-11-10
B09N3M9V2W,2025-12-08
B09N3M9V2W,2026-01-05
B09N3M9V2W,2026-02-02
B09N3M9V2W,2026-03-02
B09N79WNGH,2025-04-28
B09N79WNGH,2025-05-26
B09N79WNGH,2025-06-23
B09N79WNGH,2025-07-21
B09N79WNGH,2025-08-18
B09N79WNGH,2025-09-15
B09N79WNGH,2025-10-13
B09N79WNGH,2025-11-10
B09N79WNGH,2025-12-08
B09N79WNGH,2026-01-05
B09N79WNGH,2026-02-02
B09N79WNGH,2026-03-02
B09NPQ52VD,2025-04-28
B09NPQ52VD,2025-05-26
B09NPQ52VD,2025-06-23
B09NPQ52VD,2025-07-21
B09NPQ52VD,2025-08-18
B09NPQ52VD,2025-09-15
B09NPQ52VD,2025-10-13
B09NPQ52VD,2025-11-10
B09NPQ52VD,2025-12-08
B09NPQ52VD,2026-01-05
B09NPQ52VD,2026-02-02
B09NPQ52VD,2026-03-02
B09P1BWMSX,2025-04-28
B09P1BWMSX,2025-05-26
B09P1BWMSX,2025-06-23
B09P1BWMSX,2025-07-21
B09P1BWMSX,2025-08-18
B09P1BWMSX,2025-09-15
B09P1BWMSX,2025-10-13
B09P1BWMSX,2025-11-10
B09P1BWMSX,2025-12-08
B09P1BWMSX,2026-01-05
B09P1BWMSX,2026-02-02
B09P1BWMSX,2026-03-02
B09P1BWSZ3,2025-04-28
B09P1BWSZ3,2025-05-26
B09P1BWSZ3,2025-06-23
B09P1BWSZ3,2025-07-21
B09P1BWSZ3,2025-08-18
B09P1BWSZ3,2025-09-15
B09P1BWSZ3,2025-10-13
B09P1BWSZ3,2025-11-10
B09P1BWSZ3,2025-12-08
B09P1BWSZ3,2026-01-05
B09P1BWSZ3,2026-02-02
B09P1BWSZ3,2026-03-02
B09P1CXH8B,2025-04-28
B09P1CXH8B,2025-05-26
B09P1CXH8B,2025-06-23
B09P1CXH8B,2025-07-21
B09P1CXH8B,2025-08-18
B09P1CXH8B,2025-09-15
B09P1CXH8B,2025-10-13
B09P1CXH8B,2025-11-10
B09P1CXH8B,2025-12-08
B09P1CXH8B,2026-01-05
B09P1CXH8B,2026-02-02
B09P1CXH8B,2026-03-02
B09P1DMR2M,2025-04-28
B09P1DMR2M,2025-05-26
B09P1DMR2M,2025-06-23
B09P1DMR2M,2025-07-21
B09P1DMR2M,2025-08-18
B09P1DMR2M,2025-09-15
B09P1DMR2M,2025-10-13
B09P1DMR2M,2025-11-10
B09P1DMR2M,2025-12-08
B09P1DMR2M,2026-01-05
B09P1DMR2M,2026-02-02
B09P1DMR2M,2026-03-02
B09P2XZ9GF,2025-04-28
B09P2XZ9GF,2025-05-26
B09P2XZ9GF,2025-06-23
B09P2XZ9GF,2025-07-21
B09P2XZ9GF,2025-08-18
B09P2XZ9GF,2025-09-15
B09P2XZ9GF,2025-10-13
B09P2XZ9GF,2025-11-10
B09P2XZ9GF,2025-12-08
B09P2XZ9GF,2026-01-05
B09P2XZ9GF,2026-02-02
B09P2XZ9GF,2026-03-02
B09Q38Z3WS,2025-04-28
B09Q38Z3WS,2025-05-26
B09Q38Z3WS,2025-06-23
B09Q38Z3WS,2025-07-21
B09Q38Z3WS,2025-08-18
B09Q38Z3WS,2025-09-15
B09Q38Z3WS,2025-10-13
B09Q38Z3WS,2025-11-10
B09Q38Z3WS,2025-12-08
B09Q38Z3WS,2026-01-05
B09Q38Z3WS,2026-02-02
B09Q38Z3WS,2026-03-02
B09QLYR9CC,2025-04-28
B09QLYR9CC,2025-05-26
B09QLYR9CC,2025-06-23
B09QLYR9CC,2025-07-21
B09QLYR9CC,2025-08-18
B09QLYR9CC,2025-09-15
B09QLYR9CC,2025-10-13
B09QLYR9CC,2025-11-10
B09QLYR9CC,2025-12-08
B09QLYR9CC,2026-01-05
B09QLYR9CC,2026-02-02
B09QLYR9CC,2026-03-02
B09QLYXD6K,2025-04-28
B09QLYXD6K,2025-05-26
B09QLYXD6K,2025-06-23
B09QLYXD6K,2025-07-21
B09QLYXD6K,2025-08-18
B09QLYXD6K,2025-09-15
B09QLYXD6K,2025-10-13
B09QLYXD6K,2025-11-10
B09QLYXD6K,2025-12-08
B09QLYXD6K,2026-01-05
B09QLYXD6K,2026-02-02
B09QLYXD6K,2026-03-02
B09QWFY6PM,2025-04-28
B09QWFY6PM,2025-05-26
B09QWFY6PM,2025-06-23
B09QWFY6PM,2025-07-21
B09QWFY6PM,2025-08-18
B09QWFY6PM,2025-09-15
B09QWFY6PM,2025-10-13
B09QWFY6PM,2025-11-10
B09QWFY6PM,2025-12-08
B09QWFY6PM,2026-01-05
B09QWFY6PM,2026-02-02
B09QWFY6PM,2026-03-02
B09S3DZQLZ,2025-04-28
B09S3DZQLZ,2025-05-26
B09S3DZQLZ,2025-06-23
B09S3DZQLZ,2025-07-21
B09S3DZQLZ,2025-08-18
B09S3DZQLZ,2025-09-15
B09S3DZQLZ,2025-10-13
B09S3DZQLZ,2025-11-10
B09S3DZQLZ,2025-12-08
B09S3DZQLZ,2026-01-05
B09S3DZQLZ,2026-02-02
B09S3DZQLZ,2026-03-02
B09S3HSQYB,2025-04-28
B09S3HSQYB,2025-05-26
B09S3HSQYB,2025-06-23
B09S3HSQYB,2025-07-21
B09S3HSQYB,2025-08-18
B09S3HSQYB,2025-09-15
B09S3HSQYB,2025-10-13
B09S3HSQYB,2025-11-10
B09S3HSQYB,2025-12-08
B09S3HSQYB,2026-01-05
B09S3HSQYB,2026-02-02
B09S3HSQYB,2026-03-02
B09S92922R,2025-04-28
B09S92922R,2025-05-26
B09S92922R,2025-06-23
B09S92922R,2025-07-21
B09S92922R,2025-08-18
B09S92922R,2025-09-15
B09S92922R,2025-10-13
B09S92922R,2025-11-10
B09S92922R,2025-12-08
B09S92922R,2026-01-05
B09S92922R,2026-02-02
B09S92922R,2026-03-02
B09TW7K7XJ,2025-04-28
B09TW7K7XJ,2025-05-26
B09TW7K7XJ,2025-06-23
B09TW7K7XJ,2025-07-21
B09TW7K7XJ,2025-08-18
B09TW7K7XJ,2025-09-15
B09TW7K7XJ,2025-10-13
B09TW7K7XJ,2025-11-10
B09TW7K7XJ,2025-12-08
B09TW7K7XJ,2026-01-05
B09TW7K7XJ,2026-02-02
B09TW7K7XJ,2026-03-02
B09TW95VZL,2025-04-28
B09TW95VZL,2025-05-26
B09TW95VZL,2025-06-23
B09TW95VZL,2025-07-21
B09TW95VZL,2025-08-18
B09TW95VZL,2025-09-15
B09TW95VZL,2025-10-13
B09TW95VZL,2025-11-10
B09TW95VZL,2025-12-08
B09TW95VZL,2026-01-05
B09TW95VZL,2026-02-02
B09TW95VZL,2026-03-02
B09VDKVQHF,2025-04-28
B09VDKVQHF,2025-05-26
B09VDKVQHF,2025-06-23
B09VDKVQHF,2025-07-21
B09VDKVQHF,2025-08-18
B09VDKVQHF,2025-09-15
B09VDKVQHF,2025-10-13
B09VDKVQHF,2025-11-10
B09VDKVQHF,2025-12-08
B09VDKVQHF,2026-01-05
B09VDKVQHF,2026-02-02
B09VDKVQHF,2026-03-02
B09VDMJD2S,2025-04-28
B09VDMJD2S,2025-05-26
B09VDMJD2S,2025-06-23
B09VDMJD2S,2025-07-21
B09VDMJD2S,2025-08-18
B09VDMJD2S,2025-09-15
B09VDMJD2S,2025-10-13
B09VDMJD2S,2025-11-10
B09VDMJD2S,2025-12-08
B09VDMJD2S,2026-01-05
B09VDMJD2S,2026-02-02
B09VDMJD2S,2026-03-02
B09VRX15K5,2025-04-28
B09VRX15K5,2025-05-26
B09VRX15K5,2025-06-23
B09VRX15K5,2025-07-21
B09VRX15K5,2025-08-18
B09VRX15K5,2025-09-15
B09VRX15K5,2025-10-13
B09VRX15K5,2025-11-10
B09VRX15K5,2025-12-08
B09VRX15K5,2026-01-05
B09VRX15K5,2026-02-02
B09VRX15K5,2026-03-02
B09WHDZ49Q,2025-04-28
B09WHDZ49Q,2025-05-26
B09WHDZ49Q,2025-06-23
B09WHDZ49Q,2025-07-21
B09WHDZ49Q,2025-08-18
B09WHDZ49Q,2025-09-15
B09WHDZ49Q,2025-10-13
B09WHDZ49Q,2025-11-10
B09WHDZ49Q,2025-12-08
B09WHDZ49Q,2026-01-05
B09WHDZ49Q,2026-02-02
B09WHDZ49Q,2026-03-02
B09WJ4YYHC,2025-04-28
B09WJ4YYHC,2025-05-26
B09WJ4YYHC,2025-06-23
B09WJ4YYHC,2025-07-21
B09WJ4YYHC,2025-08-18
B09WJ4YYHC,2025-09-15
B09WJ4YYHC,2025-10-13
B09WJ4YYHC,2025-11-10
B09WJ4YYHC,2025-12-08
B09WJ4YYHC,2026-01-05
B09WJ4YYHC,2026-02-02
B09WJ4YYHC,2026-03-02
B09WZFDBT5,2025-04-28
B09WZFDBT5,2025-05-26
B09WZFDBT5,2025-06-23
B09WZFDBT5,2025-07-21
B09WZFDBT5,2025-08-18
B09WZFDBT5,2025-09-15
B09WZFDBT5,2025-10-13
B09WZFDBT5,2025-11-10
B09WZFDBT5,2025-12-08
B09WZFDBT5,2026-01-05
B09WZFDBT5,2026-02-02
B09WZFDBT5,2026-03-02
B09X2TTRSW,2025-04-28
B09X2TTRSW,2025-05-26
B09X2TTRSW,2025-06-23
B09X2TTRSW,2025-07-21
B09X2TTRSW,2025-08-18
B09X2TTRSW,2025-09-15
B09X2TTRSW,2025-10-13
B09X2TTRSW,2025-11-10
B09X2TTRSW,2025-12-08
B09X2TTRSW,2026-01-05
B09X2TTRSW,2026-02-02
B09X2TTRSW,2026-03-02
B09X3XHFDF,2025-04-28
B09X3XHFDF,2025-05-26
B09X3XHFDF,2025-06-23
B09X3XHFDF,2025-07-21
B09X3XHFDF,2025-08-18
B09X3XHFDF,2025-09-15
B09X3XHFDF,2025-10-13
B09X3XHFDF,2025-11-10
B09X3XHFDF,2025-12-08
B09X3XHFDF,2026-01-05
B09X3XHFDF,2026-02-02
B09X3XHFDF,2026-03-02
B09X3Z12YS,2025-04-28
B09X3Z12YS,2025-05-26
B09X3Z12YS,2025-06-23
B09X3Z12YS,2025-07-21
B09X3Z12YS,2025-08-18
B09X3Z12YS,2025-09-15
B09X3Z12YS,2025-10-13
B09X3Z12YS,2025-11-10
B09X3Z12YS,2025-12-08
B09X3Z12YS,2026-01-05
B09X3Z12YS,2026-02-02
B09X3Z12YS,2026-03-02
B09X41J1BF,2025-04-28
B09X41J1BF,2025-05-26
B09X41J1BF,2025-06-23
B09X41J1BF,2025-07-21
B09X41J1BF,2025-08-18
B09X41J1BF,2025-09-15
B09X41J1BF,2025-10-13
B09X41J1BF,2025-11-10
B09X41J1BF,2025-12-08
B09X41J1BF,2026-01-05
B09X41J1BF,2026-02-02
B09X41J1BF,2026-03-02
B09XHMMQJ2,2025-04-28
B09XHMMQJ2,2025-05-26
B09XHMMQJ2,2025-06-23
B09XHMMQJ2,2025-07-21
B09XHMMQJ2,2025-08-18
B09XHMMQJ2,2025-09-15
B09XHMMQJ2,2025-10-13
B09XHMMQJ2,2025-11-10
B09XHMMQJ2,2025-12-08
B09XHMMQJ2,2026-01-05
B09XHMMQJ2,2026-02-02
B09XHMMQJ2,2026-03-02
B09XJ7MWPM,2025-04-28
B09XJ7MWPM,2025-05-26
B09XJ7MWPM,2025-06-23
B09XJ7MWPM,2025-07-21
B09XJ7MWPM,2025-08-18
B09XJ7MWPM,2025-09-15
B09XJ7MWPM,2025-10-13
B09XJ7MWPM,2025-11-10
B09XJ7MWPM,2025-12-08
B09XJ7MWPM,2026-01-05
B09XJ7MWPM,2026-02-02
B09XJ7MWPM,2026-03-02
B09YCDVWV7,2025-04-28
B09YCDVWV7,2025-05-26
B09YCDVWV7,2025-06-23
B09YCDVWV7,2025-07-21
B09YCDVWV7,2025-08-18
B09YCDVWV7,2025-09-15
B09YCDVWV7,2025-10-13
B09YCDVWV7,2025-11-10
B09YCDVWV7,2025-12-08
B09YCDVWV7,2026-01-05
B09YCDVWV7,2026-02-02
B09YCDVWV7,2026-03-02
B09YDCD27N,2025-04-28
B09YDCD27N,2025-05-26
B09YDCD27N,2025-06-23
B09YDCD27N,2025-07-21
B09YDCD27N,2025-08-18
B09YDCD27N,2025-09-15
B09YDCD27N,2025-10-13
B09YDCD27N,2025-11-10
B09YDCD27N,2025-12-08
B09YDCD27N,2026-01-05
B09YDCD27N,2026-02-02
B09YDCD27N,2026-03-02
B09YRNHV9S,2025-04-28
B09YRNHV9S,2025-05-26
B09YRNHV9S,2025-06-23
B09YRNHV9S,2025-07-21
B09YRNHV9S,2025-08-18
B09YRNHV9S,2025-09-15
B09YRNHV9S,2025-10-13
B09YRNHV9S,2025-11-10
B09YRNHV9S,2025-12-08
B09YRNHV9S,2026-01-05
B09YRNHV9S,2026-02-02
B09YRNHV9S,2026-03-02
B09YRNQJ8F,2025-04-28
B09YRNQJ8F,2025-05-26
B09YRNQJ8F,2025-06-23
B09YRNQJ8F,2025-07-21
B09YRNQJ8F,2025-08-18
B09YRNQJ8F,2025-09-15
B09YRNQJ8F,2025-10-13
B09YRNQJ8F,2025-11-10
B09YRNQJ8F,2025-12-08
B09YRNQJ8F,2026-01-05
B09YRNQJ8F,2026-02-02
B09YRNQJ8F,2026-03-02
B09YRP9DFC,2025-04-28
B09YRP9DFC,2025-05-26
B09YRP9DFC,2025-06-23
B09YRP9DFC,2025-07-21
B09YRP9DFC,2025-08-18
B09YRP9DFC,2025-09-15
B09YRP9DFC,2025-10-13
B09YRP9DFC,2025-11-10
B09YRP9DFC,2025-12-08
B09YRP9DFC,2026-01-05
B09YRP9DFC,2026-02-02
B09YRP9DFC,2026-03-02
B09YRPSDTV,2025-04-28
B09YRPSDTV,2025-05-26
B09YRPSDTV,2025-06-23
B09YRPSDTV,2025-07-21
B09YRPSDTV,2025-08-18
B09YRPSDTV,2025-09-15
B09YRPSDTV,2025-10-13
B09YRPSDTV,2025-11-10
B09YRPSDTV,2025-12-08
B09YRPSDTV,2026-01-05
B09YRPSDTV,2026-02-02
B09YRPSDTV,2026-03-02
B09ZHL76FF,2025-04-28
B09ZHL76FF,2025-05-26
B09ZHL76FF,2025-06-23
B09ZHL76FF,2025-07-21
B09ZHL76FF,2025-08-18
B09ZHL76FF,2025-09-15
B09ZHL76FF,2025-10-13
B09ZHL76FF,2025-11-10
B09ZHL76FF,2025-12-08
B09ZHL76FF,2026-01-05
B09ZHL76FF,2026-02-02
B09ZHL76FF,2026-03-02
B09ZKDRCNJ,2025-04-28
B09ZKDRCNJ,2025-05-26
B09ZKDRCNJ,2025-06-23
B09ZKDRCNJ,2025-07-21
B09ZKDRCNJ,2025-08-18
B09ZKDRCNJ,2025-09-15
B09ZKDRCNJ,2025-10-13
B09ZKDRCNJ,2025-11-10
B09ZKDRCNJ,2025-12-08
B09ZKDRCNJ,2026-01-05
B09ZKDRCNJ,2026-02-02
B09ZKDRCNJ,2026-03-02
B09ZKS9DYV,2025-04-28
B09ZKS9DYV,2025-05-26
B09ZKS9DYV,2025-06-23
B09ZKS9DYV,2025-07-21
B09ZKS9DYV,2025-08-18
B09ZKS9DYV,2025-09-15
B09ZKS9DYV,2025-10-13
B09ZKS9DYV,2025-11-10
B09ZKS9DYV,2025-12-08
B09ZKS9DYV,2026-01-05
B09ZKS9DYV,2026-02-02
B09ZKS9DYV,2026-03-02
B09ZNT8C1W,2025-04-28
B09ZNT8C1W,2025-05-26
B09ZNT8C1W,2025-06-23
B09ZNT8C1W,2025-07-21
B09ZNT8C1W,2025-08-18
B09ZNT8C1W,2025-09-15
B09ZNT8C1W,2025-10-13
B09ZNT8C1W,2025-11-10
B09ZNT8C1W,2025-12-08
B09ZNT8C1W,2026-01-05
B09ZNT8C1W,2026-02-02
B09ZNT8C1W,2026-03-02
B0B11MFHKX,2025-04-28
B0B11MFHKX,2025-05-26
B0B11MFHKX,2025-06-23
B0B11MFHKX,2025-07-21
B0B11MFHKX,2025-08-18
B0B11MFHKX,2025-09-15
B0B11MFHKX,2025-10-13
B0B11MFHKX,2025-11-10
B0B11MFHKX,2025-12-08
B0B11MFHKX,2026-01-05
B0B11MFHKX,2026-02-02
B0B11MFHKX,2026-03-02
B0B11YMMZH,2025-04-28
B0B11YMMZH,2025-05-26
B0B11YMMZH,2025-06-23
B0B11YMMZH,2025-07-21
B0B11YMMZH,2025-08-18
B0B11YMMZH,2025-09-15
B0B11YMMZH,2025-10-13
B0B11YMMZH,2025-11-10
B0B11YMMZH,2025-12-08
B0B11YMMZH,2026-01-05
B0B11YMMZH,2026-02-02
B0B11YMMZH,2026-03-02
B0B2QZ9L55,2025-04-28
B0B2QZ9L55,2025-05-26
B0B2QZ9L55,2025-06-23
B0B2QZ9L55,2025-07-21
B0B2QZ9L55,2025-08-18
B0B2QZ9L55,2025-09-15
B0B2QZ9L55,2025-10-13
B0B2QZ9L55,2025-11-10
B0B2QZ9L55,2025-12-08
B0B2QZ9L55,2026-01-05
B0B2QZ9L55,2026-02-02
B0B2QZ9L55,2026-03-02
B0B2ZDTCCT,2025-04-28
B0B2ZDTCCT,2025-05-26
B0B2ZDTCCT,2025-06-23
B0B2ZDTCCT,2025-07-21
B0B2ZDTCCT,2025-08-18
B0B2ZDTCCT,2025-09-15
B0B2ZDTCCT,2025-10-13
B0B2ZDTCCT,2025-11-10
B0B2ZDTCCT,2025-12-08
B0B2ZDTCCT,2026-01-05
B0B2ZDTCCT,2026-02-02
B0B2ZDTCCT,2026-03-02
B0B4DPN862,2025-04-28
B0B4DPN862,2025-05-26
B0B4DPN862,2025-06-23
B0B4DPN862,2025-07-21
B0B4DPN862,2025-08-18
B0B4DPN862,2025-09-15
B0B4DPN862,2025-10-13
B0B4DPN862,2025-11-10
B0B4DPN862,2025-12-08
B0B4DPN862,2026-01-05
B0B4DPN862,2026-02-02
B0B4DPN862,2026-03-02
B0B55NJDMP,2025-04-28
B0B55NJDMP,2025-05-26
B0B55NJDMP,2025-06-23
B0B55NJDMP,2025-07-21
B0B55NJDMP,2025-08-18
B0B55NJDMP,2025-09-15
B0B55NJDMP,2025-10-13
B0B55NJDMP,2025-11-10
B0B55NJDMP,2025-12-08
B0B55NJDMP,2026-01-05
B0B55NJDMP,2026-02-02
B0B55NJDMP,2026-03-02
B0B5K4PCF1,2025-04-28
B0B5K4PCF1,2025-05-26
B0B5K4PCF1,2025-06-23
B0B5K4PCF1,2025-07-21
B0B5K4PCF1,2025-08-18
B0B5K4PCF1,2025-09-15
B0B5K4PCF1,2025-10-13
B0B5K4PCF1,2025-11-10
B0B5K4PCF1,2025-12-08
B0B5K4PCF1,2026-01-05
B0B5K4PCF1,2026-02-02
B0B5K4PCF1,2026-03-02
B0B6BC3LCD,2025-04-28
B0B6BC3LCD,2025-05-26
B0B6BC3LCD,2025-06-23
B0B6BC3LCD,2025-07-21
B0B6BC3LCD,2025-08-18
B0B6BC3LCD,2025-09-15
B0B6BC3LCD,2025-10-13
B0B6BC3LCD,2025-11-10
B0B6BC3LCD,2025-12-08
B0B6BC3LCD,2026-01-05
B0B6BC3LCD,2026-02-02
B0B6BC3LCD,2026-03-02
B0B7BDK1DT,2025-04-28
B0B7BDK1DT,2025-05-26
B0B7BDK1DT,2025-06-23
B0B7BDK1DT,2025-07-21
B0B7BDK1DT,2025-08-18
B0B7BDK1DT,2025-09-15
B0B7BDK1DT,2025-10-13
B0B7BDK1DT,2025-11-10
B0B7BDK1DT,2025-12-08
B0B7BDK1DT,2026-01-05
B0B7BDK1DT,2026-02-02
B0B7BDK1DT,2026-03-02
B0B7BGM9WQ,2025-04-28
B0B7BGM9WQ,2025-05-26
B0B7BGM9WQ,2025-06-23
B0B7BGM9WQ,2025-07-21
B0B7BGM9WQ,2025-08-18
B0B7BGM9WQ,2025-09-15
B0B7BGM9WQ,2025-10-13
B0B7BGM9WQ,2025-11-10
B0B7BGM9WQ,2025-12-08
B0B7BGM9WQ,2026-01-05
B0B7BGM9WQ,2026-02-02
B0B7BGM9WQ,2026-03-02
B0B7BMKGTQ,2025-04-28
B0B7BMKGTQ,2025-05-26
B0B7BMKGTQ,2025-06-23
B0B7BMKGTQ,2025-07-21
B0B7BMKGTQ,2025-08-18
B0B7BMKGTQ,2025-09-15
B0B7BMKGTQ,2025-10-13
B0B7BMKGTQ,2025-11-10
B0B7BMKGTQ,2025-12-08
B0B7BMKGTQ,2026-01-05
B0B7BMKGTQ,2026-02-02
B0B7BMKGTQ,2026-03-02
B0B937Y4MC,2025-04-28
B0B937Y4MC,2025-05-26
B0B937Y4MC,2025-06-23
B0B937Y4MC,2025-07-21
B0B937Y4MC,2025-08-18
B0B937Y4MC,2025-09-15
B0B937Y4MC,2025-10-13
B0B937Y4MC,2025-11-10
B0B937Y4MC,2025-12-08
B0B937Y4MC,2026-01-05
B0B937Y4MC,2026-02-02
B0B937Y4MC,2026-03-02
B0BBNFVVGF,2025-04-28
B0BBNFVVGF,2025-05-26
B0BBNFVVGF,2025-06-23
B0BBNFVVGF,2025-07-21
B0BBNFVVGF,2025-08-18
B0BBNFVVGF,2025-09-15
B0BBNFVVGF,2025-10-13
B0BBNFVVGF,2025-11-10
B0BBNFVVGF,2025-12-08
B0BBNFVVGF,2026-01-05
B0BBNFVVGF,2026-02-02
B0BBNFVVGF,2026-03-02
B0BBRD2X4H,2025-04-28
B0BBRD2X4H,2025-05-26
B0BBRD2X4H,2025-06-23
B0BBRD2X4H,2025-07-21
B0BBRD2X4H,2025-08-18
B0BBRD2X4H,2025-09-15
B0BBRD2X4H,2025-10-13
B0BBRD2X4H,2025-11-10
B0BBRD2X4H,2025-12-08
B0BBRD2X4H,2026-01-05
B0BBRD2X4H,2026-02-02
B0BBRD2X4H,2026-03-02
B0BBZLX1XM,2025-04-28
B0BBZLX1XM,2025-05-26
B0BBZLX1XM,2025-06-23
B0BBZLX1XM,2025-07-21
B0BBZLX1XM,2025-08-18
B0BBZLX1XM,2025-09-15
B0BBZLX1XM,2025-10-13
B0BBZLX1XM,2025-11-10
B0BBZLX1XM,2025-12-08
B0BBZLX1XM,2026-01-05
B0BBZLX1XM,2026-02-02
B0BBZLX1XM,2026-03-02
B0BCW3X41R,2025-04-28
B0BCW3X41R,2025-05-26
B0BCW3X41R,2025-06-23
B0BCW3X41R,2025-07-21
B0BCW3X41R,2025-08-18
B0BCW3X41R,2025-09-15
B0BCW3X41R,2025-10-13
B0BCW3X41R,2025-11-10
B0BCW3X41R,2025-12-08
B0BCW3X41R,2026-01-05
B0BCW3X41R,2026-02-02
B0BCW3X41R,2026-03-02
B0BDFD78MX,2025-04-28
B0BDFD78MX,2025-05-26
B0BDFD78MX,2025-06-23
B0BDFD78MX,2025-07-21
B0BDFD78MX,2025-08-18
B0BDFD78MX,2025-09-15
B0BDFD78MX,2025-10-13
B0BDFD78MX,2025-11-10
B0BDFD78MX,2025-12-08
B0BDFD78MX,2026-01-05
B0BDFD78MX,2026-02-02
B0BDFD78MX,2026-03-02
B0BDFG44M5,2025-04-28
B0BDFG44M5,2025-05-26
B0BDFG44M5,2025-06-23
B0BDFG44M5,2025-07-21
B0BDFG44M5,2025-08-18
B0BDFG44M5,2025-09-15
B0BDFG44M5,2025-10-13
B0BDFG44M5,2025-11-10
B0BDFG44M5,2025-12-08
B0BDFG44M5,2026-01-05
B0BDFG44M5,2026-02-02
B0BDFG44M5,2026-03-02
B0BGR7P152,2025-04-28
B0BGR7P152,2025-05-26
B0BGR7P152,2025-06-23
B0BGR7P152,2025-07-21
B0BGR7P152,2025-08-18
B0BGR7P152,2025-09-15
B0BGR7P152,2025-10-13
B0BGR7P152,2025-11-10
B0BGR7P152,2025-12-08
B0BGR7P152,2026-01-05
B0BGR7P152,2026-02-02
B0BGR7P152,2026-03-02
B0BGRYM9FC,2025-04-28
B0BGRYM9FC,2025-05-26
B0BGRYM9FC,2025-06-23
B0BGRYM9FC,2025-07-21
B0BGRYM9FC,2025-08-18
B0BGRYM9FC,2025-09-15
B0BGRYM9FC,2025-10-13
B0BGRYM9FC,2025-11-10
B0BGRYM9FC,2025-12-08
B0BGRYM9FC,2026-01-05
B0BGRYM9FC,2026-02-02
B0BGRYM9FC,2026-03-02
B0BH85BZQ4,2025-04-28
B0BH85BZQ4,2025-05-26
B0BH85BZQ4,2025-06-23
B0BH85BZQ4,2025-07-21
B0BH85BZQ4,2025-08-18
B0BH85BZQ4,2025-09-15
B0BH85BZQ4,2025-10-13
B0BH85BZQ4,2025-11-10
B0BH85BZQ4,2025-12-08
B0BH85BZQ4,2026-01-05
B0BH85BZQ4,2026-02-02
B0BH85BZQ4,2026-03-02
B0BH8TS33Y,2025-04-28
B0BH8TS33Y,2025-05-26
B0BH8TS33Y,2025-06-23
B0BH8TS33Y,2025-07-21
B0BH8TS33Y,2025-08-18
B0BH8TS33Y,2025-09-15
B0BH8TS33Y,2025-10-13
B0BH8TS33Y,2025-11-10
B0BH8TS33Y,2025-12-08
B0BH8TS33Y,2026-01-05
B0BH8TS33Y,2026-02-02
B0BH8TS33Y,2026-03-02
B0BHD8MTQG,2025-04-28
B0BHD8MTQG,2025-05-26
B0BHD8MTQG,2025-06-23
B0BHD8MTQG,2025-07-21
B0BHD8MTQG,2025-08-18
B0BHD8MTQG,2025-09-15
B0BHD8MTQG,2025-10-13
B0BHD8MTQG,2025-11-10
B0BHD8MTQG,2025-12-08
B0BHD8MTQG,2026-01-05
B0BHD8MTQG,2026-02-02
B0BHD8MTQG,2026-03-02
B0BHD9B25F,2025-04-28
B0BHD9B25F,2025-05-26
B0BHD9B25F,2025-06-23
B0BHD9B25F,2025-07-21
B0BHD9B25F,2025-08-18
B0BHD9B25F,2025-09-15
B0BHD9B25F,2025-10-13
B0BHD9B25F,2025-11-10
B0BHD9B25F,2025-12-08
B0BHD9B25F,2026-01-05
B0BHD9B25F,2026-02-02
B0BHD9B25F,2026-03-02
B0BHD9F9PW,2025-04-28
B0BHD9F9PW,2025-05-26
B0BHD9F9PW,2025-06-23
B0BHD9F9PW,2025-07-21
B0BHD9F9PW,2025-08-18
B0BHD9F9PW,2025-09-15
B0BHD9F9PW,2025-10-13
B0BHD9F9PW,2025-11-10
B0BHD9F9PW,2025-12-08
B0BHD9F9PW,2026-01-05
B0BHD9F9PW,2026-02-02
B0BHD9F9PW,2026-03-02
B0BHDBGYVD,2025-04-28
B0BHDBGYVD,2025-05-26
B0BHDBGYVD,2025-06-23
B0BHDBGYVD,2025-07-21
B0BHDBGYVD,2025-08-18
B0BHDBGYVD,2025-09-15
B0BHDBGYVD,2025-10-13
B0BHDBGYVD,2025-11-10
B0BHDBGYVD,2025-12-08
B0BHDBGYVD,2026-01-05
B0BHDBGYVD,2026-02-02
B0BHDBGYVD,2026-03-02
B0BL2KJ1B8,2025-04-28
B0BL2KJ1B8,2025-05-26
B0BL2KJ1B8,2025-06-23
B0BL2KJ1B8,2025-07-21
B0BL2KJ1B8,2025-08-18
B0BL2KJ1B8,2025-09-15
B0BL2KJ1B8,2025-10-13
B0BL2KJ1B8,2025-11-10
B0BL2KJ1B8,2025-12-08
B0BL2KJ1B8,2026-01-05
B0BL2KJ1B8,2026-02-02
B0BL2KJ1B8,2026-03-02
B0BL2LKN2P,2025-04-28
B0BL2LKN2P,2025-05-26
B0BL2LKN2P,2025-06-23
B0BL2LKN2P,2025-07-21
B0BL2LKN2P,2025-08-18
B0BL2LKN2P,2025-09-15
B0BL2LKN2P,2025-10-13
B0BL2LKN2P,2025-11-10
B0BL2LKN2P,2025-12-08
B0BL2LKN2P,2026-01-05
B0BL2LKN2P,2026-02-02
B0BL2LKN2P,2026-03-02
B0BLNGTFP6,2025-04-28
B0BLNGTFP6,2025-05-26
B0BLNGTFP6,2025-06-23
B0BLNGTFP6,2025-07-21
B0BLNGTFP6,2025-08-18
B0BLNGTFP6,2025-09-15
B0BLNGTFP6,2025-10-13
B0BLNGTFP6,2025-11-10
B0BLNGTFP6,2025-12-08
B0BLNGTFP6,2026-01-05
B0BLNGTFP6,2026-02-02
B0BLNGTFP6,2026-03-02
B0BLNHS51L,2025-04-28
B0BLNHS51L,2025-05-26
B0BLNHS51L,2025-06-23
B0BLNHS51L,2025-07-21
B0BLNHS51L,2025-08-18
B0BLNHS51L,2025-09-15
B0BLNHS51L,2025-10-13
B0BLNHS51L,2025-11-10
B0BLNHS51L,2025-12-08
B0BLNHS51L,2026-01-05
B0BLNHS51L,2026-02-02
B0BLNHS51L,2026-03-02
B0BLNJ2MCN,2025-04-28
B0BLNJ2MCN,2025-05-26
B0BLNJ2MCN,2025-06-23
B0BLNJ2MCN,2025-07-21
B0BLNJ2MCN,2025-08-18
B0BLNJ2MCN,2025-09-15
B0BLNJ2MCN,2025-10-13
B0BLNJ2MCN,2025-11-10
B0BLNJ2MCN,2025-12-08
B0BLNJ2MCN,2026-01-05
B0BLNJ2MCN,2026-02-02
B0BLNJ2MCN,2026-03-02
B0BLNKH391,2025-04-28
B0BLNKH391,2025-05-26
B0BLNKH391,2025-06-23
B0BLNKH391,2025-07-21
B0BLNKH391,2025-08-18
B0BLNKH391,2025-09-15
B0BLNKH391,2025-10-13
B0BLNKH391,2025-11-10
B0BLNKH391,2025-12-08
B0BLNKH391,2026-01-05
B0BLNKH391,2026-02-02
B0BLNKH391,2026-03-02
B0BM374CFL,2025-04-28
B0BM374CFL,2025-05-26
B0BM374CFL,2025-06-23
B0BM374CFL,2025-07-21
B0BM374CFL,2025-08-18
B0BM374CFL,2025-09-15
B0BM374CFL,2025-10-13
B0BM374CFL,2025-11-10
B0BM374CFL,2025-12-08
B0BM374CFL,2026-01-05
B0BM374CFL,2026-02-02
B0BM374CFL,2026-03-02
B0BN1JTCJ3,2025-04-28
B0BN1JTCJ3,2025-05-26
B0BN1JTCJ3,2025-06-23
B0BN1JTCJ3,2025-07-21
B0BN1JTCJ3,2025-08-18
B0BN1JTCJ3,2025-09-15
B0BN1JTCJ3,2025-10-13
B0BN1JTCJ3,2025-11-10
B0BN1JTCJ3,2025-12-08
B0BN1JTCJ3,2026-01-05
B0BN1JTCJ3,2026-02-02
B0BN1JTCJ3,2026-03-02
B0BP7MP3W5,2025-04-28
B0BP7MP3W5,2025-05-26
B0BP7MP3W5,2025-06-23
B0BP7MP3W5,2025-07-21
B0BP7MP3W5,2025-08-18
B0BP7MP3W5,2025-09-15
B0BP7MP3W5,2025-10-13
B0BP7MP3W5,2025-11-10
B0BP7MP3W5,2025-12-08
B0BP7MP3W5,2026-01-05
B0BP7MP3W5,2026-02-02
B0BP7MP3W5,2026-03-02
B0BP7NGD7S,2025-04-28
B0BP7NGD7S,2025-05-26
B0BP7NGD7S,2025-06-23
B0BP7NGD7S,2025-07-21
B0BP7NGD7S,2025-08-18
B0BP7NGD7S,2025-09-15
B0BP7NGD7S,2025-10-13
B0BP7NGD7S,2025-11-10
B0BP7NGD7S,2025-12-08
B0BP7NGD7S,2026-01-05
B0BP7NGD7S,2026-02-02
B0BP7NGD7S,2026-03-02
B0BP7P6S9B,2025-04-28
B0BP7P6S9B,2025-05-26
B0BP7P6S9B,2025-06-23
B0BP7P6S9B,2025-07-21
B0BP7P6S9B,2025-08-18
B0BP7P6S9B,2025-09-15
B0BP7P6S9B,2025-10-13
B0BP7P6S9B,2025-11-10
B0BP7P6S9B,2025-12-08
B0BP7P6S9B,2026-01-05
B0BP7P6S9B,2026-02-02
B0BP7P6S9B,2026-03-02
B0BPCM7JLT,2025-04-28
B0BPCM7JLT,2025-05-26
B0BPCM7JLT,2025-06-23
B0BPCM7JLT,2025-07-21
B0BPCM7JLT,2025-08-18
B0BPCM7JLT,2025-09-15
B0BPCM7JLT,2025-10-13
B0BPCM7JLT,2025-11-10
B0BPCM7JLT,2025-12-08
B0BPCM7JLT,2026-01-05
B0BPCM7JLT,2026-02-02
B0BPCM7JLT,2026-03-02
B0BPDB8K18,2025-04-28
B0BPDB8K18,2025-05-26
B0BPDB8K18,2025-06-23
B0BPDB8K18,2025-07-21
B0BPDB8K18,2025-08-18
B0BPDB8K18,2025-09-15
B0BPDB8K18,2025-10-13
B0BPDB8K18,2025-11-10
B0BPDB8K18,2025-12-08
B0BPDB8K18,2026-01-05
B0BPDB8K18,2026-02-02
B0BPDB8K18,2026-03-02
B0BQ2STFNS,2025-04-28
B0BQ2STFNS,2025-05-26
B0BQ2STFNS,2025-06-23
B0BQ2STFNS,2025-07-21
B0BQ2STFNS,2025-08-18
B0BQ2STFNS,2025-09-15
B0BQ2STFNS,2025-10-13
B0BQ2STFNS,2025-11-10
B0BQ2STFNS,2025-12-08
B0BQ2STFNS,2026-01-05
B0BQ2STFNS,2026-02-02
B0BQ2STFNS,2026-03-02
B0BQRLVWSZ,2025-04-28
B0BQRLVWSZ,2025-05-26
B0BQRLVWSZ,2025-06-23
B0BQRLVWSZ,2025-07-21
B0BQRLVWSZ,2025-08-18
B0BQRLVWSZ,2025-09-15
B0BQRLVWSZ,2025-10-13
B0BQRLVWSZ,2025-11-10
B0BQRLVWSZ,2025-12-08
B0BQRLVWSZ,2026-01-05
B0BQRLVWSZ,2026-02-02
B0BQRLVWSZ,2026-03-02
B0BRKJH5YT,2025-04-28
B0BRKJH5YT,2025-05-26
B0BRKJH5YT,2025-06-23
B0BRKJH5YT,2025-07-21
B0BRKJH5YT,2025-08-18
B0BRKJH5YT,2025-09-15
B0BRKJH5YT,2025-10-13
B0BRKJH5YT,2025-11-10
B0BRKJH5YT,2025-12-08
B0BRKJH5YT,2026-01-05
B0BRKJH5YT,2026-02-02
B0BRKJH5YT,2026-03-02
B0BRNBXKJ2,2025-04-28
B0BRNBXKJ2,2025-05-26
B0BRNBXKJ2,2025-06-23
B0BRNBXKJ2,2025-07-21
B0BRNBXKJ2,2025-08-18
B0BRNBXKJ2,2025-09-15
B0BRNBXKJ2,2025-10-13
B0BRNBXKJ2,2025-11-10
B0BRNBXKJ2,2025-12-08
B0BRNBXKJ2,2026-01-05
B0BRNBXKJ2,2026-02-02
B0BRNBXKJ2,2026-03-02
B0BRND2K9Q,2025-04-28
B0BRND2K9Q,2025-05-26
B0BRND2K9Q,2025-06-23
B0BRND2K9Q,2025-07-21
B0BRND2K9Q,2025-08-18
B0BRND2K9Q,2025-09-15
B0BRND2K9Q,2025-10-13
B0BRND2K9Q,2025-11-10
B0BRND2K9Q,2025-12-08
B0BRND2K9Q,2026-01-05
B0BRND2K9Q,2026-02-02
B0BRND2K9Q,2026-03-02
B0BRXJHJVX,2025-04-28
B0BRXJHJVX,2025-05-26
B0BRXJHJVX,2025-06-23
B0BRXJHJVX,2025-07-21
B0BRXJHJVX,2025-08-18
B0BRXJHJVX,2025-09-15
B0BRXJHJVX,2025-10-13
B0BRXJHJVX,2025-11-10
B0BRXJHJVX,2025-12-08
B0BRXJHJVX,2026-01-05
B0BRXJHJVX,2026-02-02
B0BRXJHJVX,2026-03-02
B0BRXKSLMX,2025-04-28
B0BRXKSLMX,2025-05-26
B0BRXKSLMX,2025-06-23
B0BRXKSLMX,2025-07-21
B0BRXKSLMX,2025-08-18
B0BRXKSLMX,2025-09-15
B0BRXKSLMX,2025-10-13
B0BRXKSLMX,2025-11-10
B0BRXKSLMX,2025-12-08
B0BRXKSLMX,2026-01-05
B0BRXKSLMX,2026-02-02
B0BRXKSLMX,2026-03-02
B0BTN6XJSG,2025-04-28
B0BTN6XJSG,2025-05-26
B0BTN6XJSG,2025-06-23
B0BTN6XJSG,2025-07-21
B0BTN6XJSG,2025-08-18
B0BTN6XJSG,2025-09-15
B0BTN6XJSG,2025-10-13
B0BTN6XJSG,2025-11-10
B0BTN6XJSG,2025-12-08
B0BTN6XJSG,2026-01-05
B0BTN6XJSG,2026-02-02
B0BTN6XJSG,2026-03-02
B0BTN8TLV3,2025-04-28
B0BTN8TLV3,2025-05-26
B0BTN8TLV3,2025-06-23
B0BTN8TLV3,2025-07-21
B0BTN8TLV3,2025-08-18
B0BTN8TLV3,2025-09-15
B0BTN8TLV3,2025-10-13
B0BTN8TLV3,2025-11-10
B0BTN8TLV3,2025-12-08
B0BTN8TLV3,2026-01-05
B0BTN8TLV3,2026-02-02
B0BTN8TLV3,2026-03-02
B0BV76G3H8,2025-04-28
B0BV76G3H8,2025-05-26
B0BV76G3H8,2025-06-23
B0BV76G3H8,2025-07-21
B0BV76G3H8,2025-08-18
B0BV76G3H8,2025-09-15
B0BV76G3H8,2025-10-13
B0BV76G3H8,2025-11-10
B0BV76G3H8,2025-12-08
B0BV76G3H8,2026-01-05
B0BV76G3H8,2026-02-02
B0BV76G3H8,2026-03-02
B0BVR4KC5Y,2025-04-28
B0BVR4KC5Y,2025-05-26
B0BVR4KC5Y,2025-06-23
B0BVR4KC5Y,2025-07-21
B0BVR4KC5Y,2025-08-18
B0BVR4KC5Y,2025-09-15
B0BVR4KC5Y,2025-10-13
B0BVR4KC5Y,2025-11-10
B0BVR4KC5Y,2025-12-08
B0BVR4KC5Y,2026-01-05
B0BVR4KC5Y,2026-02-02
B0BVR4KC5Y,2026-03-02
B0BVR4LNP8,2025-04-28
B0BVR4LNP8,2025-05-26
B0BVR4LNP8,2025-06-23
B0BVR4LNP8,2025-07-21
B0BVR4LNP8,2025-08-18
B0BVR4LNP8,2025-09-15
B0BVR4LNP8,2025-10-13
B0BVR4LNP8,2025-11-10
B0BVR4LNP8,2025-12-08
B0BVR4LNP8,2026-01-05
B0BVR4LNP8,2026-02-02
B0BVR4LNP8,2026-03-02
B0BVR4RMDQ,2025-04-28
B0BVR4RMDQ,2025-05-26
B0BVR4RMDQ,2025-06-23
B0BVR4RMDQ,2025-07-21
B0BVR4RMDQ,2025-08-18
B0BVR4RMDQ,2025-09-15
B0BVR4RMDQ,2025-10-13
B0BVR4RMDQ,2025-11-10
B0BVR4RMDQ,2025-12-08
B0BVR4RMDQ,2026-01-05
B0BVR4RMDQ,2026-02-02
B0BVR4RMDQ,2026-03-02
B0BW45WGWV,2025-04-28
B0BW45WGWV,2025-05-26
B0BW45WGWV,2025-06-23
B0BW45WGWV,2025-07-21
B0BW45WGWV,2025-08-18
B0BW45WGWV,2025-09-15
B0BW45WGWV,2025-10-13
B0BW45WGWV,2025-11-10
B0BW45WGWV,2025-12-08
B0BW45WGWV,2026-01-05
B0BW45WGWV,2026-02-02
B0BW45WGWV,2026-03-02
B0BWDWZ4JS,2025-04-28
B0BWDWZ4JS,2025-05-26
B0BWDWZ4JS,2025-06-23
B0BWDWZ4JS,2025-07-21
B0BWDWZ4JS,2025-08-18
B0BWDWZ4JS,2025-09-15
B0BWDWZ4JS,2025-10-13
B0BWDWZ4JS,2025-11-10
B0BWDWZ4JS,2025-12-08
B0BWDWZ4JS,2026-01-05
B0BWDWZ4JS,2026-02-02
B0BWDWZ4JS,2026-03-02
B0BWF1GVDG,2025-04-28
B0BWF1GVDG,2025-05-26
B0BWF1GVDG,2025-06-23
B0BWF1GVDG,2025-07-21
B0BWF1GVDG,2025-08-18
B0BWF1GVDG,2025-09-15
B0BWF1GVDG,2025-10-13
B0BWF1GVDG,2025-11-10
B0BWF1GVDG,2025-12-08
B0BWF1GVDG,2026-01-05
B0BWF1GVDG,2026-02-02
B0BWF1GVDG,2026-03-02
B0BWNG3N59,2025-04-28
B0BWNG3N59,2025-05-26
B0BWNG3N59,2025-06-23
B0BWNG3N59,2025-07-21
B0BWNG3N59,2025-08-18
B0BWNG3N59,2025-09-15
B0BWNG3N59,2025-10-13
B0BWNG3N59,2025-11-10
B0BWNG3N59,2025-12-08
B0BWNG3N59,2026-01-05
B0BWNG3N59,2026-02-02
B0BWNG3N59,2026-03-02
B0BWNGRPLN,2025-04-28
B0BWNGRPLN,2025-05-26
B0BWNGRPLN,2025-06-23
B0BWNGRPLN,2025-07-21
B0BWNGRPLN,2025-08-18
B0BWNGRPLN,2025-09-15
B0BWNGRPLN,2025-10-13
B0BWNGRPLN,2025-11-10
B0BWNGRPLN,2025-12-08
B0BWNGRPLN,2026-01-05
B0BWNGRPLN,2026-02-02
B0BWNGRPLN,2026-03-02
B0BX5G3QLK,2025-04-28
B0BX5G3QLK,2025-05-26
B0BX5G3QLK,2025-06-23
B0BX5G3QLK,2025-07-21
B0BX5G3QLK,2025-08-18
B0BX5G3QLK,2025-09-15
B0BX5G3QLK,2025-10-13
B0BX5G3QLK,2025-11-10
B0BX5G3QLK,2025-12-08
B0BX5G3QLK,2026-01-05
B0BX5G3QLK,2026-02-02
B0BX5G3QLK,2026-03-02
B0BYS8HJ53,2025-04-28
B0BYS8HJ53,2025-05-26
B0BYS8HJ53,2025-06-23
B0BYS8HJ53,2025-07-21
B0BYS8HJ53,2025-08-18
B0BYS8HJ53,2025-09-15
B0BYS8HJ53,2025-10-13
B0BYS8HJ53,2025-11-10
B0BYS8HJ53,2025-12-08
B0BYS8HJ53,2026-01-05
B0BYS8HJ53,2026-02-02
B0BYS8HJ53,2026-03-02
B0BZ8JRTNC,2025-04-28
B0BZ8JRTNC,2025-05-26
B0BZ8JRTNC,2025-06-23
B0BZ8JRTNC,2025-07-21
B0BZ8JRTNC,2025-08-18
B0BZ8JRTNC,2025-09-15
B0BZ8JRTNC,2025-10-13
B0BZ8JRTNC,2025-11-10
B0BZ8JRTNC,2025-12-08
B0BZ8JRTNC,2026-01-05
B0BZ8JRTNC,2026-02-02
B0BZ8JRTNC,2026-03-02
B0BZVD2SC4,2025-04-28
B0BZVD2SC4,2025-05-26
B0BZVD2SC4,2025-06-23
B0BZVD2SC4,2025-07-21
B0BZVD2SC4,2025-08-18
B0BZVD2SC4,2025-09-15
B0BZVD2SC4,2025-10-13
B0BZVD2SC4,2025-11-10
B0BZVD2SC4,2025-12-08
B0BZVD2SC4,2026-01-05
B0BZVD2SC4,2026-02-02
B0BZVD2SC4,2026-03-02
B0BZY7V4P4,2025-04-28
B0BZY7V4P4,2025-05-26
B0BZY7V4P4,2025-06-23
B0BZY7V4P4,2025-07-21
B0BZY7V4P4,2025-08-18
B0BZY7V4P4,2025-09-15
B0BZY7V4P4,2025-10-13
B0BZY7V4P4,2025-11-10
B0BZY7V4P4,2025-12-08
B0BZY7V4P4,2026-01-05
B0BZY7V4P4,2026-02-02
B0BZY7V4P4,2026-03-02
B0BZY8KZY2,2025-04-28
B0BZY8KZY2,2025-05-26
B0BZY8KZY2,2025-06-23
B0BZY8KZY2,2025-07-21
B0BZY8KZY2,2025-08-18
B0BZY8KZY2,2025-09-15
B0BZY8KZY2,2025-10-13
B0BZY8KZY2,2025-11-10
B0BZY8KZY2,2025-12-08
B0BZY8KZY2,2026-01-05
B0BZY8KZY2,2026-02-02
B0BZY8KZY2,2026-03-02
B0C1SHFTCK,2025-04-28
B0C1SHFTCK,2025-05-26
B0C1SHFTCK,2025-06-23
B0C1SHFTCK,2025-07-21
B0C1SHFTCK,2025-08-18
B0C1SHFTCK,2025-09-15
B0C1SHFTCK,2025-10-13
B0C1SHFTCK,2025-11-10
B0C1SHFTCK,2025-12-08
B0C1SHFTCK,2026-01-05
B0C1SHFTCK,2026-02-02
B0C1SHFTCK,2026-03-02
B0C1SLQ1T4,2025-04-28
B0C1SLQ1T4,2025-05-26
B0C1SLQ1T4,2025-06-23
B0C1SLQ1T4,2025-07-21
B0C1SLQ1T4,2025-08-18
B0C1SLQ1T4,2025-09-15
B0C1SLQ1T4,2025-10-13
B0C1SLQ1T4,2025-11-10
B0C1SLQ1T4,2025-12-08
B0C1SLQ1T4,2026-01-05
B0C1SLQ1T4,2026-02-02
B0C1SLQ1T4,2026-03-02
B0C1V3KTNM,2025-04-28
B0C1V3KTNM,2025-05-26
B0C1V3KTNM,2025-06-23
B0C1V3KTNM,2025-07-21
B0C1V3KTNM,2025-08-18
B0C1V3KTNM,2025-09-15
B0C1V3KTNM,2025-10-13
B0C1V3KTNM,2025-11-10
B0C1V3KTNM,2025-12-08
B0C1V3KTNM,2026-01-05
B0C1V3KTNM,2026-02-02
B0C1V3KTNM,2026-03-02
B0C2HMRN3X,2025-04-28
B0C2HMRN3X,2025-05-26
B0C2HMRN3X,2025-06-23
B0C2HMRN3X,2025-07-21
B0C2HMRN3X,2025-08-18
B0C2HMRN3X,2025-09-15
B0C2HMRN3X,2025-10-13
B0C2HMRN3X,2025-11-10
B0C2HMRN3X,2025-12-08
B0C2HMRN3X,2026-01-05
B0C2HMRN3X,2026-02-02
B0C2HMRN3X,2026-03-02
B0C4XMTGW6,2025-04-28
B0C4XMTGW6,2025-05-26
B0C4XMTGW6,2025-06-23
B0C4XMTGW6,2025-07-21
B0C4XMTGW6,2025-08-18
B0C4XMTGW6,2025-09-15
B0C4XMTGW6,2025-10-13
B0C4XMTGW6,2025-11-10
B0C4XMTGW6,2025-12-08
B0C4XMTGW6,2026-01-05
B0C4XMTGW6,2026-02-02
B0C4XMTGW6,2026-03-02
B0C4XPHGN9,2025-04-28
B0C4XPHGN9,2025-05-26
B0C4XPHGN9,2025-06-23
B0C4XPHGN9,2025-07-21
B0C4XPHGN9,2025-08-18
B0C4XPHGN9,2025-09-15
B0C4XPHGN9,2025-10-13
B0C4XPHGN9,2025-11-10
B0C4XPHGN9,2025-12-08
B0C4XPHGN9,2026-01-05
B0C4XPHGN9,2026-02-02
B0C4XPHGN9,2026-03-02
B0C53SVS6M,2025-04-28
B0C53SVS6M,2025-05-26
B0C53SVS6M,2025-06-23
B0C53SVS6M,2025-07-21
B0C53SVS6M,2025-08-18
B0C53SVS6M,2025-09-15
B0C53SVS6M,2025-10-13
B0C53SVS6M,2025-11-10
B0C53SVS6M,2025-12-08
B0C53SVS6M,2026-01-05
B0C53SVS6M,2026-02-02
B0C53SVS6M,2026-03-02
B0C5911DJY,2025-04-28
B0C5911DJY,2025-05-26
B0C5911DJY,2025-06-23
B0C5911DJY,2025-07-21
B0C5911DJY,2025-08-18
B0C5911DJY,2025-09-15
B0C5911DJY,2025-10-13
B0C5911DJY,2025-11-10
B0C5911DJY,2025-12-08
B0C5911DJY,2026-01-05
B0C5911DJY,2026-02-02
B0C5911DJY,2026-03-02
B0C592TB7D,2025-04-28
B0C592TB7D,2025-05-26
B0C592TB7D,2025-06-23
B0C592TB7D,2025-07-21
B0C592TB7D,2025-08-18
B0C592TB7D,2025-09-15
B0C592TB7D,2025-10-13
B0C592TB7D,2025-11-10
B0C592TB7D,2025-12-08
B0C592TB7D,2026-01-05
B0C592TB7D,2026-02-02
B0C592TB7D,2026-03-02
B0C6JMW9L5,2025-04-28
B0C6JMW9L5,2025-05-26
B0C6JMW9L5,2025-06-23
B0C6JMW9L5,2025-07-21
B0C6JMW9L5,2025-08-18
B0C6JMW9L5,2025-09-15
B0C6JMW9L5,2025-10-13
B0C6JMW9L5,2025-11-10
B0C6JMW9L5,2025-12-08
B0C6JMW9L5,2026-01-05
B0C6JMW9L5,2026-02-02
B0C6JMW9L5,2026-03-02
B0C6JNMVJF,2025-04-28
B0C6JNMVJF,2025-05-26
B0C6JNMVJF,2025-06-23
B0C6JNMVJF,2025-07-21
B0C6JNMVJF,2025-08-18
B0C6JNMVJF,2025-09-15
B0C6JNMVJF,2025-10-13
B0C6JNMVJF,2025-11-10
B0C6JNMVJF,2025-12-08
B0C6JNMVJF,2026-01-05
B0C6JNMVJF,2026-02-02
B0C6JNMVJF,2026-03-02
B0C6TB56ZH,2025-04-28
B0C6TB56ZH,2025-05-26
B0C6TB56ZH,2025-06-23
B0C6TB56ZH,2025-07-21
B0C6TB56ZH,2025-08-18
B0C6TB56ZH,2025-09-15
B0C6TB56ZH,2025-10-13
B0C6TB56ZH,2025-11-10
B0C6TB56ZH,2025-12-08
B0C6TB56ZH,2026-01-05
B0C6TB56ZH,2026-02-02
B0C6TB56ZH,2026-03-02
B0C6Y66VWG,2025-04-28
B0C6Y66VWG,2025-05-26
B0C6Y66VWG,2025-06-23
B0C6Y66VWG,2025-07-21
B0C6Y66VWG,2025-08-18
B0C6Y66VWG,2025-09-15
B0C6Y66VWG,2025-10-13
B0C6Y66VWG,2025-11-10
B0C6Y66VWG,2025-12-08
B0C6Y66VWG,2026-01-05
B0C6Y66VWG,2026-02-02
B0C6Y66VWG,2026-03-02
B0C7GNN448,2025-04-28
B0C7GNN448,2025-05-26
B0C7GNN448,2025-06-23
B0C7GNN448,2025-07-21
B0C7GNN448,2025-08-18
B0C7GNN448,2025-09-15
B0C7GNN448,2025-10-13
B0C7GNN448,2025-11-10
B0C7GNN448,2025-12-08
B0C7GNN448,2026-01-05
B0C7GNN448,2026-02-02
B0C7GNN448,2026-03-02
B0C7JQ5KBX,2025-04-28
B0C7JQ5KBX,2025-05-26
B0C7JQ5KBX,2025-06-23
B0C7JQ5KBX,2025-07-21
B0C7JQ5KBX,2025-08-18
B0C7JQ5KBX,2025-09-15
B0C7JQ5KBX,2025-10-13
B0C7JQ5KBX,2025-11-10
B0C7JQ5KBX,2025-12-08
B0C7JQ5KBX,2026-01-05
B0C7JQ5KBX,2026-02-02
B0C7JQ5KBX,2026-03-02
B0C7MVSHFH,2025-04-28
B0C7MVSHFH,2025-05-26
B0C7MVSHFH,2025-06-23
B0C7MVSHFH,2025-07-21
B0C7MVSHFH,2025-08-18
B0C7MVSHFH,2025-09-15
B0C7MVSHFH,2025-10-13
B0C7MVSHFH,2025-11-10
B0C7MVSHFH,2025-12-08
B0C7MVSHFH,2026-01-05
B0C7MVSHFH,2026-02-02
B0C7MVSHFH,2026-03-02
B0C7MXMKTQ,2025-04-28
B0C7MXMKTQ,2025-05-26
B0C7MXMKTQ,2025-06-23
B0C7MXMKTQ,2025-07-21
B0C7MXMKTQ,2025-08-18
B0C7MXMKTQ,2025-09-15
B0C7MXMKTQ,2025-10-13
B0C7MXMKTQ,2025-11-10
B0C7MXMKTQ,2025-12-08
B0C7MXMKTQ,2026-01-05
B0C7MXMKTQ,2026-02-02
B0C7MXMKTQ,2026-03-02
B0C7MXST7N,2025-04-28
B0C7MXST7N,2025-05-26
B0C7MXST7N,2025-06-23
B0C7MXST7N,2025-07-21
B0C7MXST7N,2025-08-18
B0C7MXST7N,2025-09-15
B0C7MXST7N,2025-10-13
B0C7MXST7N,2025-11-10
B0C7MXST7N,2025-12-08
B0C7MXST7N,2026-01-05
B0C7MXST7N,2026-02-02
B0C7MXST7N,2026-03-02
B0C7MXWYNR,2025-04-28
B0C7MXWYNR,2025-05-26
B0C7MXWYNR,2025-06-23
B0C7MXWYNR,2025-07-21
B0C7MXWYNR,2025-08-18
B0C7MXWYNR,2025-09-15
B0C7MXWYNR,2025-10-13
B0C7MXWYNR,2025-11-10
B0C7MXWYNR,2025-12-08
B0C7MXWYNR,2026-01-05
B0C7MXWYNR,2026-02-02
B0C7MXWYNR,2026-03-02
B0C7MYB89N,2025-04-28
B0C7MYB89N,2025-05-26
B0C7MYB89N,2025-06-23
B0C7MYB89N,2025-07-21
B0C7MYB89N,2025-08-18
B0C7MYB89N,2025-09-15
B0C7MYB89N,2025-10-13
B0C7MYB89N,2025-11-10
B0C7MYB89N,2025-12-08
B0C7MYB89N,2026-01-05
B0C7MYB89N,2026-02-02
B0C7MYB89N,2026-03-02
B0C7MZ7QVP,2025-04-28
B0C7MZ7QVP,2025-05-26
B0C7MZ7QVP,2025-06-23
B0C7MZ7QVP,2025-07-21
B0C7MZ7QVP,2025-08-18
B0C7MZ7QVP,2025-09-15
B0C7MZ7QVP,2025-10-13
B0C7MZ7QVP,2025-11-10
B0C7MZ7QVP,2025-12-08
B0C7MZ7QVP,2026-01-05
B0C7MZ7QVP,2026-02-02
B0C7MZ7QVP,2026-03-02
B0C7PX5M6N,2025-04-28
B0C7PX5M6N,2025-05-26
B0C7PX5M6N,2025-06-23
B0C7PX5M6N,2025-07-21
B0C7PX5M6N,2025-08-18
B0C7PX5M6N,2025-09-15
B0C7PX5M6N,2025-10-13
B0C7PX5M6N,2025-11-10
B0C7PX5M6N,2025-12-08
B0C7PX5M6N,2026-01-05
B0C7PX5M6N,2026-02-02
B0C7PX5M6N,2026-03-02
B0C85L7NCW,2025-04-28
B0C85L7NCW,2025-05-26
B0C85L7NCW,2025-06-23
B0C85L7NCW,2025-07-21
B0C85L7NCW,2025-08-18
B0C85L7NCW,2025-09-15
B0C85L7NCW,2025-10-13
B0C85L7NCW,2025-11-10
B0C85L7NCW,2025-12-08
B0C85L7NCW,2026-01-05
B0C85L7NCW,2026-02-02
B0C85L7NCW,2026-03-02
B0C85NCQNR,2025-04-28
B0C85NCQNR,2025-05-26
B0C85NCQNR,2025-06-23
B0C85NCQNR,2025-07-21
B0C85NCQNR,2025-08-18
B0C85NCQNR,2025-09-15
B0C85NCQNR,2025-10-13
B0C85NCQNR,2025-11-10
B0C85NCQNR,2025-12-08
B0C85NCQNR,2026-01-05
B0C85NCQNR,2026-02-02
B0C85NCQNR,2026-03-02
B0C9STN47W,2025-04-28
B0C9STN47W,2025-05-26
B0C9STN47W,2025-06-23
B0C9STN47W,2025-07-21
B0C9STN47W,2025-08-18
B0C9STN47W,2025-09-15
B0C9STN47W,2025-10-13
B0C9STN47W,2025-11-10
B0C9STN47W,2025-12-08
B0C9STN47W,2026-01-05
B0C9STN47W,2026-02-02
B0C9STN47W,2026-03-02
B0C9STPRTN,2025-04-28
B0C9STPRTN,2025-05-26
B0C9STPRTN,2025-06-23
B0C9STPRTN,2025-07-21
B0C9STPRTN,2025-08-18
B0C9STPRTN,2025-09-15
B0C9STPRTN,2025-10-13
B0C9STPRTN,2025-11-10
B0C9STPRTN,2025-12-08
B0C9STPRTN,2026-01-05
B0C9STPRTN,2026-02-02
B0C9STPRTN,2026-03-02
B0C9T98DCZ,2025-04-28
B0C9T98DCZ,2025-05-26
B0C9T98DCZ,2025-06-23
B0C9T98DCZ,2025-07-21
B0C9T98DCZ,2025-08-18
B0C9T98DCZ,2025-09-15
B0C9T98DCZ,2025-10-13
B0C9T98DCZ,2025-11-10
B0C9T98DCZ,2025-12-08
B0C9T98DCZ,2026-01-05
B0C9T98DCZ,2026-02-02
B0C9T98DCZ,2026-03-02
B0C9T9ZB3F,2025-04-28
B0C9T9ZB3F,2025-05-26
B0C9T9ZB3F,2025-06-23
B0C9T9ZB3F,2025-07-21
B0C9T9ZB3F,2025-08-18
B0C9T9ZB3F,2025-09-15
B0C9T9ZB3F,2025-10-13
B0C9T9ZB3F,2025-11-10
B0C9T9ZB3F,2025-12-08
B0C9T9ZB3F,2026-01-05
B0C9T9ZB3F,2026-02-02
B0C9T9ZB3F,2026-03-02
B0CBBNCBQW,2025-04-28
B0CBBNCBQW,2025-05-26
B0CBBNCBQW,2025-06-23
B0CBBNCBQW,2025-07-21
B0CBBNCBQW,2025-08-18
B0CBBNCBQW,2025-09-15
B0CBBNCBQW,2025-10-13
B0CBBNCBQW,2025-11-10
B0CBBNCBQW,2025-12-08
B0CBBNCBQW,2026-01-05
B0CBBNCBQW,2026-02-02
B0CBBNCBQW,2026-03-02
B0CBBPN851,2025-04-28
B0CBBPN851,2025-05-26
B0CBBPN851,2025-06-23
B0CBBPN851,2025-07-21
B0CBBPN851,2025-08-18
B0CBBPN851,2025-09-15
B0CBBPN851,2025-10-13
B0CBBPN851,2025-11-10
B0CBBPN851,2025-12-08
B0CBBPN851,2026-01-05
B0CBBPN851,2026-02-02
B0CBBPN851,2026-03-02
B0CBBS1S24,2025-04-28
B0CBBS1S24,2025-05-26
B0CBBS1S24,2025-06-23
B0CBBS1S24,2025-07-21
B0CBBS1S24,2025-08-18
B0CBBS1S24,2025-09-15
B0CBBS1S24,2025-10-13
B0CBBS1S24,2025-11-10
B0CBBS1S24,2025-12-08
B0CBBS1S24,2026-01-05
B0CBBS1S24,2026-02-02
B0CBBS1S24,2026-03-02
B0CBBS2C6S,2025-04-28
B0CBBS2C6S,2025-05-26
B0CBBS2C6S,2025-06-23
B0CBBS2C6S,2025-07-21
B0CBBS2C6S,2025-08-18
B0CBBS2C6S,2025-09-15
B0CBBS2C6S,2025-10-13
B0CBBS2C6S,2025-11-10
B0CBBS2C6S,2025-12-08
B0CBBS2C6S,2026-01-05
B0CBBS2C6S,2026-02-02
B0CBBS2C6S,2026-03-02
B0CCRZQLSJ,2025-04-28
B0CCRZQLSJ,2025-05-26
B0CCRZQLSJ,2025-06-23
B0CCRZQLSJ,2025-07-21
B0CCRZQLSJ,2025-08-18
B0CCRZQLSJ,2025-09-15
B0CCRZQLSJ,2025-10-13
B0CCRZQLSJ,2025-11-10
B0CCRZQLSJ,2025-12-08
B0CCRZQLSJ,2026-01-05
B0CCRZQLSJ,2026-02-02
B0CCRZQLSJ,2026-03-02
B0CCS6TNYJ,2025-04-28
B0CCS6TNYJ,2025-05-26
B0CCS6TNYJ,2025-06-23
B0CCS6TNYJ,2025-07-21
B0CCS6TNYJ,2025-08-18
B0CCS6TNYJ,2025-09-15
B0CCS6TNYJ,2025-10-13
B0CCS6TNYJ,2025-11-10
B0CCS6TNYJ,2025-12-08
B0CCS6TNYJ,2026-01-05
B0CCS6TNYJ,2026-02-02
B0CCS6TNYJ,2026-03-02
B0CCS9FC8B,2025-04-28
B0CCS9FC8B,2025-05-26
B0CCS9FC8B,2025-06-23
B0CCS9FC8B,2025-07-21
B0CCS9FC8B,2025-08-18
B0CCS9FC8B,2025-09-15
B0CCS9FC8B,2025-10-13
B0CCS9FC8B,2025-11-10
B0CCS9FC8B,2025-12-08
B0CCS9FC8B,2026-01-05
B0CCS9FC8B,2026-02-02
B0CCS9FC8B,2026-03-02
B0CD7NYXWW,2025-04-28
B0CD7NYXWW,2025-05-26
B0CD7NYXWW,2025-06-23
B0CD7NYXWW,2025-07-21
B0CD7NYXWW,2025-08-18
B0CD7NYXWW,2025-09-15
B0CD7NYXWW,2025-10-13
B0CD7NYXWW,2025-11-10
B0CD7NYXWW,2025-12-08
B0CD7NYXWW,2026-01-05
B0CD7NYXWW,2026-02-02
B0CD7NYXWW,2026-03-02
B0CDP9MYH1,2025-04-28
B0CDP9MYH1,2025-05-26
B0CDP9MYH1,2025-06-23
B0CDP9MYH1,2025-07-21
B0CDP9MYH1,2025-08-18
B0CDP9MYH1,2025-09-15
B0CDP9MYH1,2025-10-13
B0CDP9MYH1,2025-11-10
B0CDP9MYH1,2025-12-08
B0CDP9MYH1,2026-01-05
B0CDP9MYH1,2026-02-02
B0CDP9MYH1,2026-03-02
B0CGL6LSRR,2025-04-28
B0CGL6LSRR,2025-05-26
B0CGL6LSRR,2025-06-23
B0CGL6LSRR,2025-07-21
B0CGL6LSRR,2025-08-18
B0CGL6LSRR,2025-09-15
B0CGL6LSRR,2025-10-13
B0CGL6LSRR,2025-11-10
B0CGL6LSRR,2025-12-08
B0CGL6LSRR,2026-01-05
B0CGL6LSRR,2026-02-02
B0CGL6LSRR,2026-03-02
B0CGTYZVK3,2025-04-28
B0CGTYZVK3,2025-05-26
B0CGTYZVK3,2025-06-23
B0CGTYZVK3,2025-07-21
B0CGTYZVK3,2025-08-18
B0CGTYZVK3,2025-09-15
B0CGTYZVK3,2025-10-13
B0CGTYZVK3,2025-11-10
B0CGTYZVK3,2025-12-08
B0CGTYZVK3,2026-01-05
B0CGTYZVK3,2026-02-02
B0CGTYZVK3,2026-03-02
B0CGVG13Z1,2025-04-28
B0CGVG13Z1,2025-05-26
B0CGVG13Z1,2025-06-23
B0CGVG13Z1,2025-07-21
B0CGVG13Z1,2025-08-18
B0CGVG13Z1,2025-09-15
B0CGVG13Z1,2025-10-13
B0CGVG13Z1,2025-11-10
B0CGVG13Z1,2025-12-08
B0CGVG13Z1,2026-01-05
B0CGVG13Z1,2026-02-02
B0CGVG13Z1,2026-03-02
B0CGX25VG4,2025-04-28
B0CGX25VG4,2025-05-26
B0CGX25VG4,2025-06-23
B0CGX25VG4,2025-07-21
B0CGX25VG4,2025-08-18
B0CGX25VG4,2025-09-15
B0CGX25VG4,2025-10-13
B0CGX25VG4,2025-11-10
B0CGX25VG4,2025-12-08
B0CGX25VG4,2026-01-05
B0CGX25VG4,2026-02-02
B0CGX25VG4,2026-03-02
B0CH8G442G,2025-04-28
B0CH8G442G,2025-05-26
B0CH8G442G,2025-06-23
B0CH8G442G,2025-07-21
B0CH8G442G,2025-08-18
B0CH8G442G,2025-09-15
B0CH8G442G,2025-10-13
B0CH8G442G,2025-11-10
B0CH8G442G,2025-12-08
B0CH8G442G,2026-01-05
B0CH8G442G,2026-02-02
B0CH8G442G,2026-03-02
B0CJ3X6X44,2025-04-28
B0CJ3X6X44,2025-05-26
B0CJ3X6X44,2025-06-23
B0CJ3X6X44,2025-07-21
B0CJ3X6X44,2025-08-18
B0CJ3X6X44,2025-09-15
B0CJ3X6X44,2025-10-13
B0CJ3X6X44,2025-11-10
B0CJ3X6X44,2025-12-08
B0CJ3X6X44,2026-01-05
B0CJ3X6X44,2026-02-02
B0CJ3X6X44,2026-03-02
B0CJ3YKR4P,2025-04-28
B0CJ3YKR4P,2025-05-26
B0CJ3YKR4P,2025-06-23
B0CJ3YKR4P,2025-07-21
B0CJ3YKR4P,2025-08-18
B0CJ3YKR4P,2025-09-15
B0CJ3YKR4P,2025-10-13
B0CJ3YKR4P,2025-11-10
B0CJ3YKR4P,2025-12-08
B0CJ3YKR4P,2026-01-05
B0CJ3YKR4P,2026-02-02
B0CJ3YKR4P,2026-03-02
B0CJFD29TX,2025-04-28
B0CJFD29TX,2025-05-26
B0CJFD29TX,2025-06-23
B0CJFD29TX,2025-07-21
B0CJFD29TX,2025-08-18
B0CJFD29TX,2025-09-15
B0CJFD29TX,2025-10-13
B0CJFD29TX,2025-11-10
B0CJFD29TX,2025-12-08
B0CJFD29TX,2026-01-05
B0CJFD29TX,2026-02-02
B0CJFD29TX,2026-03-02
B0CJFJYSKF,2025-04-28
B0CJFJYSKF,2025-05-26
B0CJFJYSKF,2025-06-23
B0CJFJYSKF,2025-07-21
B0CJFJYSKF,2025-08-18
B0CJFJYSKF,2025-09-15
B0CJFJYSKF,2025-10-13
B0CJFJYSKF,2025-11-10
B0CJFJYSKF,2025-12-08
B0CJFJYSKF,2026-01-05
B0CJFJYSKF,2026-02-02
B0CJFJYSKF,2026-03-02
B0CJFK4LSX,2025-04-28
B0CJFK4LSX,2025-05-26
B0CJFK4LSX,2025-06-23
B0CJFK4LSX,2025-07-21
B0CJFK4LSX,2025-08-18
B0CJFK4LSX,2025-09-15
B0CJFK4LSX,2025-10-13
B0CJFK4LSX,2025-11-10
B0CJFK4LSX,2025-12-08
B0CJFK4LSX,2026-01-05
B0CJFK4LSX,2026-02-02
B0CJFK4LSX,2026-03-02
B0CJRZM8GS,2025-04-28
B0CJRZM8GS,2025-05-26
B0CJRZM8GS,2025-06-23
B0CJRZM8GS,2025-07-21
B0CJRZM8GS,2025-08-18
B0CJRZM8GS,2025-09-15
B0CJRZM8GS,2025-10-13
B0CJRZM8GS,2025-11-10
B0CJRZM8GS,2025-12-08
B0CJRZM8GS,2026-01-05
B0CJRZM8GS,2026-02-02
B0CJRZM8GS,2026-03-02
B0CJT9Y761,2025-04-28
B0CJT9Y761,2025-05-26
B0CJT9Y761,2025-06-23
B0CJT9Y761,2025-07-21
B0CJT9Y761,2025-08-18
B0CJT9Y761,2025-09-15
B0CJT9Y761,2025-10-13
B0CJT9Y761,2025-11-10
B0CJT9Y761,2025-12-08
B0CJT9Y761,2026-01-05
B0CJT9Y761,2026-02-02
B0CJT9Y761,2026-03-02
B0CJTB87HR,2025-04-28
B0CJTB87HR,2025-05-26
B0CJTB87HR,2025-06-23
B0CJTB87HR,2025-07-21
B0CJTB87HR,2025-08-18
B0CJTB87HR,2025-09-15
B0CJTB87HR,2025-10-13
B0CJTB87HR,2025-11-10
B0CJTB87HR,2025-12-08
B0CJTB87HR,2026-01-05
B0CJTB87HR,2026-02-02
B0CJTB87HR,2026-03-02
B0CKN1Y72G,2025-04-28
B0CKN1Y72G,2025-05-26
B0CKN1Y72G,2025-06-23
B0CKN1Y72G,2025-07-21
B0CKN1Y72G,2025-08-18
B0CKN1Y72G,2025-09-15
B0CKN1Y72G,2025-10-13
B0CKN1Y72G,2025-11-10
B0CKN1Y72G,2025-12-08
B0CKN1Y72G,2026-01-05
B0CKN1Y72G,2026-02-02
B0CKN1Y72G,2026-03-02
B0CKN444V4,2025-04-28
B0CKN444V4,2025-05-26
B0CKN444V4,2025-06-23
B0CKN444V4,2025-07-21
B0CKN444V4,2025-08-18
B0CKN444V4,2025-09-15
B0CKN444V4,2025-10-13
B0CKN444V4,2025-11-10
B0CKN444V4,2025-12-08
B0CKN444V4,2026-01-05
B0CKN444V4,2026-02-02
B0CKN444V4,2026-03-02
B0CKN451MG,2025-04-28
B0CKN451MG,2025-05-26
B0CKN451MG,2025-06-23
B0CKN451MG,2025-07-21
B0CKN451MG,2025-08-18
B0CKN451MG,2025-09-15
B0CKN451MG,2025-10-13
B0CKN451MG,2025-11-10
B0CKN451MG,2025-12-08
B0CKN451MG,2026-01-05
B0CKN451MG,2026-02-02
B0CKN451MG,2026-03-02
B0CL8L9NVL,2025-04-28
B0CL8L9NVL,2025-05-26
B0CL8L9NVL,2025-06-23
B0CL8L9NVL,2025-07-21
B0CL8L9NVL,2025-08-18
B0CL8L9NVL,2025-09-15
B0CL8L9NVL,2025-10-13
B0CL8L9NVL,2025-11-10
B0CL8L9NVL,2025-12-08
B0CL8L9NVL,2026-01-05
B0CL8L9NVL,2026-02-02
B0CL8L9NVL,2026-03-02
B0CL8M5GPK,2025-04-28
B0CL8M5GPK,2025-05-26
B0CL8M5GPK,2025-06-23
B0CL8M5GPK,2025-07-21
B0CL8M5GPK,2025-08-18
B0CL8M5GPK,2025-09-15
B0CL8M5GPK,2025-10-13
B0CL8M5GPK,2025-11-10
B0CL8M5GPK,2025-12-08
B0CL8M5GPK,2026-01-05
B0CL8M5GPK,2026-02-02
B0CL8M5GPK,2026-03-02
B0CL8ZPQBY,2025-04-28
B0CL8ZPQBY,2025-05-26
B0CL8ZPQBY,2025-06-23
B0CL8ZPQBY,2025-07-21
B0CL8ZPQBY,2025-08-18
B0CL8ZPQBY,2025-09-15
B0CL8ZPQBY,2025-10-13
B0CL8ZPQBY,2025-11-10
B0CL8ZPQBY,2025-12-08
B0CL8ZPQBY,2026-01-05
B0CL8ZPQBY,2026-02-02
B0CL8ZPQBY,2026-03-02
B0CM3P2W2C,2025-04-28
B0CM3P2W2C,2025-05-26
B0CM3P2W2C,2025-06-23
B0CM3P2W2C,2025-07-21
B0CM3P2W2C,2025-08-18
B0CM3P2W2C,2025-09-15
B0CM3P2W2C,2025-10-13
B0CM3P2W2C,2025-11-10
B0CM3P2W2C,2025-12-08
B0CM3P2W2C,2026-01-05
B0CM3P2W2C,2026-02-02
B0CM3P2W2C,2026-03-02
B0CM8QTT89,2025-04-28
B0CM8QTT89,2025-05-26
B0CM8QTT89,2025-06-23
B0CM8QTT89,2025-07-21
B0CM8QTT89,2025-08-18
B0CM8QTT89,2025-09-15
B0CM8QTT89,2025-10-13
B0CM8QTT89,2025-11-10
B0CM8QTT89,2025-12-08
B0CM8QTT89,2026-01-05
B0CM8QTT89,2026-02-02
B0CM8QTT89,2026-03-02
B0CMTQ39HD,2025-04-28
B0CMTQ39HD,2025-05-26
B0CMTQ39HD,2025-06-23
B0CMTQ39HD,2025-07-21
B0CMTQ39HD,2025-08-18
B0CMTQ39HD,2025-09-15
B0CMTQ39HD,2025-10-13
B0CMTQ39HD,2025-11-10
B0CMTQ39HD,2025-12-08
B0CMTQ39HD,2026-01-05
B0CMTQ39HD,2026-02-02
B0CMTQ39HD,2026-03-02
B0CMTRXRK5,2025-04-28
B0CMTRXRK5,2025-05-26
B0CMTRXRK5,2025-06-23
B0CMTRXRK5,2025-07-21
B0CMTRXRK5,2025-08-18
B0CMTRXRK5,2025-09-15
B0CMTRXRK5,2025-10-13
B0CMTRXRK5,2025-11-10
B0CMTRXRK5,2025-12-08
B0CMTRXRK5,2026-01-05
B0CMTRXRK5,2026-02-02
B0CMTRXRK5,2026-03-02
B0CN37423X,2025-04-28
B0CN37423X,2025-05-26
B0CN37423X,2025-06-23
B0CN37423X,2025-07-21
B0CN37423X,2025-08-18
B0CN37423X,2025-09-15
B0CN37423X,2025-10-13
B0CN37423X,2025-11-10
B0CN37423X,2025-12-08
B0CN37423X,2026-01-05
B0CN37423X,2026-02-02
B0CN37423X,2026-03-02
B0CNCDMSRL,2025-04-28
B0CNCDMSRL,2025-05-26
B0CNCDMSRL,2025-06-23
B0CNCDMSRL,2025-07-21
B0CNCDMSRL,2025-08-18
B0CNCDMSRL,2025-09-15
B0CNCDMSRL,2025-10-13
B0CNCDMSRL,2025-11-10
B0CNCDMSRL,2025-12-08
B0CNCDMSRL,2026-01-05
B0CNCDMSRL,2026-02-02
B0CNCDMSRL,2026-03-02
B0CNCJQX4B,2025-04-28
B0CNCJQX4B,2025-05-26
B0CNCJQX4B,2025-06-23
B0CNCJQX4B,2025-07-21
B0CNCJQX4B,2025-08-18
B0CNCJQX4B,2025-09-15
B0CNCJQX4B,2025-10-13
B0CNCJQX4B,2025-11-10
B0CNCJQX4B,2025-12-08
B0CNCJQX4B,2026-01-05
B0CNCJQX4B,2026-02-02
B0CNCJQX4B,2026-03-02
B0CNCK7HD9,2025-04-28
B0CNCK7HD9,2025-05-26
B0CNCK7HD9,2025-06-23
B0CNCK7HD9,2025-07-21
B0CNCK7HD9,2025-08-18
B0CNCK7HD9,2025-09-15
B0CNCK7HD9,2025-10-13
B0CNCK7HD9,2025-11-10
B0CNCK7HD9,2025-12-08
B0CNCK7HD9,2026-01-05
B0CNCK7HD9,2026-02-02
B0CNCK7HD9,2026-03-02
B0CNCKX427,2025-04-28
B0CNCKX427,2025-05-26
B0CNCKX427,2025-06-23
B0CNCKX427,2025-07-21
B0CNCKX427,2025-08-18
B0CNCKX427,2025-09-15
B0CNCKX427,2025-10-13
B0CNCKX427,2025-11-10
B0CNCKX427,2025-12-08
B0CNCKX427,2026-01-05
B0CNCKX427,2026-02-02
B0CNCKX427,2026-03-02
B0CNCWXGGS,2025-04-28
B0CNCWXGGS,2025-05-26
B0CNCWXGGS,2025-06-23
B0CNCWXGGS,2025-07-21
B0CNCWXGGS,2025-08-18
B0CNCWXGGS,2025-09-15
B0CNCWXGGS,2025-10-13
B0CNCWXGGS,2025-11-10
B0CNCWXGGS,2025-12-08
B0CNCWXGGS,2026-01-05
B0CNCWXGGS,2026-02-02
B0CNCWXGGS,2026-03-02
B0CNGRQJD3,2025-04-28
B0CNGRQJD3,2025-05-26
B0CNGRQJD3,2025-06-23
B0CNGRQJD3,2025-07-21
B0CNGRQJD3,2025-08-18
B0CNGRQJD3,2025-09-15
B0CNGRQJD3,2025-10-13
B0CNGRQJD3,2025-11-10
B0CNGRQJD3,2025-12-08
B0CNGRQJD3,2026-01-05
B0CNGRQJD3,2026-02-02
B0CNGRQJD3,2026-03-02
B0CNLQNMJX,2025-04-28
B0CNLQNMJX,2025-05-26
B0CNLQNMJX,2025-06-23
B0CNLQNMJX,2025-07-21
B0CNLQNMJX,2025-08-18
B0CNLQNMJX,2025-09-15
B0CNLQNMJX,2025-10-13
B0CNLQNMJX,2025-11-10
B0CNLQNMJX,2025-12-08
B0CNLQNMJX,2026-01-05
B0CNLQNMJX,2026-02-02
B0CNLQNMJX,2026-03-02
B0CNT2FNKY,2025-04-28
B0CNT2FNKY,2025-05-26
B0CNT2FNKY,2025-06-23
B0CNT2FNKY,2025-07-21
B0CNT2FNKY,2025-08-18
B0CNT2FNKY,2025-09-15
B0CNT2FNKY,2025-10-13
B0CNT2FNKY,2025-11-10
B0CNT2FNKY,2025-12-08
B0CNT2FNKY,2026-01-05
B0CNT2FNKY,2026-02-02
B0CNT2FNKY,2026-03-02
B0CNT2QX9V,2025-04-28
B0CNT2QX9V,2025-05-26
B0CNT2QX9V,2025-06-23
B0CNT2QX9V,2025-07-21
B0CNT2QX9V,2025-08-18
B0CNT2QX9V,2025-09-15
B0CNT2QX9V,2025-10-13
B0CNT2QX9V,2025-11-10
B0CNT2QX9V,2025-12-08
B0CNT2QX9V,2026-01-05
B0CNT2QX9V,2026-02-02
B0CNT2QX9V,2026-03-02
B0CNT2QXB2,2025-04-28
B0CNT2QXB2,2025-05-26
B0CNT2QXB2,2025-06-23
B0CNT2QXB2,2025-07-21
B0CNT2QXB2,2025-08-18
B0CNT2QXB2,2025-09-15
B0CNT2QXB2,2025-10-13
B0CNT2QXB2,2025-11-10
B0CNT2QXB2,2025-12-08
B0CNT2QXB2,2026-01-05
B0CNT2QXB2,2026-02-02
B0CNT2QXB2,2026-03-02
B0CNW3C9H5,2025-04-28
B0CNW3C9H5,2025-05-26
B0CNW3C9H5,2025-06-23
B0CNW3C9H5,2025-07-21
B0CNW3C9H5,2025-08-18
B0CNW3C9H5,2025-09-15
B0CNW3C9H5,2025-10-13
B0CNW3C9H5,2025-11-10
B0CNW3C9H5,2025-12-08
B0CNW3C9H5,2026-01-05
B0CNW3C9H5,2026-02-02
B0CNW3C9H5,2026-03-02
B0CP1YY19G,2025-04-28
B0CP1YY19G,2025-05-26
B0CP1YY19G,2025-06-23
B0CP1YY19G,2025-07-21
B0CP1YY19G,2025-08-18
B0CP1YY19G,2025-09-15
B0CP1YY19G,2025-10-13
B0CP1YY19G,2025-11-10
B0CP1YY19G,2025-12-08
B0CP1YY19G,2026-01-05
B0CP1YY19G,2026-02-02
B0CP1YY19G,2026-03-02
B0CP1ZQ77S,2025-04-28
B0CP1ZQ77S,2025-05-26
B0CP1ZQ77S,2025-06-23
B0CP1ZQ77S,2025-07-21
B0CP1ZQ77S,2025-08-18
B0CP1ZQ77S,2025-09-15
B0CP1ZQ77S,2025-10-13
B0CP1ZQ77S,2025-11-10
B0CP1ZQ77S,2025-12-08
B0CP1ZQ77S,2026-01-05
B0CP1ZQ77S,2026-02-02
B0CP1ZQ77S,2026-03-02
B0CP3XSLY7,2025-04-28
B0CP3XSLY7,2025-05-26
B0CP3XSLY7,2025-06-23
B0CP3XSLY7,2025-07-21
B0CP3XSLY7,2025-08-18
B0CP3XSLY7,2025-09-15
B0CP3XSLY7,2025-10-13
B0CP3XSLY7,2025-11-10
B0CP3XSLY7,2025-12-08
B0CP3XSLY7,2026-01-05
B0CP3XSLY7,2026-02-02
B0CP3XSLY7,2026-03-02
B0CPDRY3L1,2025-04-28
B0CPDRY3L1,2025-05-26
B0CPDRY3L1,2025-06-23
B0CPDRY3L1,2025-07-21
B0CPDRY3L1,2025-08-18
B0CPDRY3L1,2025-09-15
B0CPDRY3L1,2025-10-13
B0CPDRY3L1,2025-11-10
B0CPDRY3L1,2025-12-08
B0CPDRY3L1,2026-01-05
B0CPDRY3L1,2026-02-02
B0CPDRY3L1,2026-03-02
B0CPDS92JW,2025-04-28
B0CPDS92JW,2025-05-26
B0CPDS92JW,2025-06-23
B0CPDS92JW,2025-07-21
B0CPDS92JW,2025-08-18
B0CPDS92JW,2025-09-15
B0CPDS92JW,2025-10-13
B0CPDS92JW,2025-11-10
B0CPDS92JW,2025-12-08
B0CPDS92JW,2026-01-05
B0CPDS92JW,2026-02-02
B0CPDS92JW,2026-03-02
B0CPNXZS1X,2025-04-28
B0CPNXZS1X,2025-05-26
B0CPNXZS1X,2025-06-23
B0CPNXZS1X,2025-07-21
B0CPNXZS1X,2025-08-18
B0CPNXZS1X,2025-09-15
B0CPNXZS1X,2025-10-13
B0CPNXZS1X,2025-11-10
B0CPNXZS1X,2025-12-08
B0CPNXZS1X,2026-01-05
B0CPNXZS1X,2026-02-02
B0CPNXZS1X,2026-03-02
B0CPP21KGF,2025-04-28
B0CPP21KGF,2025-05-26
B0CPP21KGF,2025-06-23
B0CPP21KGF,2025-07-21
B0CPP21KGF,2025-08-18
B0CPP21KGF,2025-09-15
B0CPP21KGF,2025-10-13
B0CPP21KGF,2025-11-10
B0CPP21KGF,2025-12-08
B0CPP21KGF,2026-01-05
B0CPP21KGF,2026-02-02
B0CPP21KGF,2026-03-02
B0CPP4LWPX,2025-04-28
B0CPP4LWPX,2025-05-26
B0CPP4LWPX,2025-06-23
B0CPP4LWPX,2025-07-21
B0CPP4LWPX,2025-08-18
B0CPP4LWPX,2025-09-15
B0CPP4LWPX,2025-10-13
B0CPP4LWPX,2025-11-10
B0CPP4LWPX,2025-12-08
B0CPP4LWPX,2026-01-05
B0CPP4LWPX,2026-02-02
B0CPP4LWPX,2026-03-02
B0CQ1631SG,2025-04-28
B0CQ1631SG,2025-05-26
B0CQ1631SG,2025-06-23
B0CQ1631SG,2025-07-21
B0CQ1631SG,2025-08-18
B0CQ1631SG,2025-09-15
B0CQ1631SG,2025-10-13
B0CQ1631SG,2025-11-10
B0CQ1631SG,2025-12-08
B0CQ1631SG,2026-01-05
B0CQ1631SG,2026-02-02
B0CQ1631SG,2026-03-02
B0CQ49BXB7,2025-04-28
B0CQ49BXB7,2025-05-26
B0CQ49BXB7,2025-06-23
B0CQ49BXB7,2025-07-21
B0CQ49BXB7,2025-08-18
B0CQ49BXB7,2025-09-15
B0CQ49BXB7,2025-10-13
B0CQ49BXB7,2025-11-10
B0CQ49BXB7,2025-12-08
B0CQ49BXB7,2026-01-05
B0CQ49BXB7,2026-02-02
B0CQ49BXB7,2026-03-02
B0CQC9772D,2025-04-28
B0CQC9772D,2025-05-26
B0CQC9772D,2025-06-23
B0CQC9772D,2025-07-21
B0CQC9772D,2025-08-18
B0CQC9772D,2025-09-15
B0CQC9772D,2025-10-13
B0CQC9772D,2025-11-10
B0CQC9772D,2025-12-08
B0CQC9772D,2026-01-05
B0CQC9772D,2026-02-02
B0CQC9772D,2026-03-02
B0CQJMQSKK,2025-04-28
B0CQJMQSKK,2025-05-26
B0CQJMQSKK,2025-06-23
B0CQJMQSKK,2025-07-21
B0CQJMQSKK,2025-08-18
B0CQJMQSKK,2025-09-15
B0CQJMQSKK,2025-10-13
B0CQJMQSKK,2025-11-10
B0CQJMQSKK,2025-12-08
B0CQJMQSKK,2026-01-05
B0CQJMQSKK,2026-02-02
B0CQJMQSKK,2026-03-02
B0CQJNHLRQ,2025-04-28
B0CQJNHLRQ,2025-05-26
B0CQJNHLRQ,2025-06-23
B0CQJNHLRQ,2025-07-21
B0CQJNHLRQ,2025-08-18
B0CQJNHLRQ,2025-09-15
B0CQJNHLRQ,2025-10-13
B0CQJNHLRQ,2025-11-10
B0CQJNHLRQ,2025-12-08
B0CQJNHLRQ,2026-01-05
B0CQJNHLRQ,2026-02-02
B0CQJNHLRQ,2026-03-02
B0CQJNXYQP,2025-04-28
B0CQJNXYQP,2025-05-26
B0CQJNXYQP,2025-06-23
B0CQJNXYQP,2025-07-21
B0CQJNXYQP,2025-08-18
B0CQJNXYQP,2025-09-15
B0CQJNXYQP,2025-10-13
B0CQJNXYQP,2025-11-10
B0CQJNXYQP,2025-12-08
B0CQJNXYQP,2026-01-05
B0CQJNXYQP,2026-02-02
B0CQJNXYQP,2026-03-02
B0CQJQ1NX8,2025-04-28
B0CQJQ1NX8,2025-05-26
B0CQJQ1NX8,2025-06-23
B0CQJQ1NX8,2025-07-21
B0CQJQ1NX8,2025-08-18
B0CQJQ1NX8,2025-09-15
B0CQJQ1NX8,2025-10-13
B0CQJQ1NX8,2025-11-10
B0CQJQ1NX8,2025-12-08
B0CQJQ1NX8,2026-01-05
B0CQJQ1NX8,2026-02-02
B0CQJQ1NX8,2026-03-02
B0CQT8B59P,2025-04-28
B0CQT8B59P,2025-05-26
B0CQT8B59P,2025-06-23
B0CQT8B59P,2025-07-21
B0CQT8B59P,2025-08-18
B0CQT8B59P,2025-09-15
B0CQT8B59P,2025-10-13
B0CQT8B59P,2025-11-10
B0CQT8B59P,2025-12-08
B0CQT8B59P,2026-01-05
B0CQT8B59P,2026-02-02
B0CQT8B59P,2026-03-02
B0CR36VDMX,2025-04-28
B0CR36VDMX,2025-05-26
B0CR36VDMX,2025-06-23
B0CR36VDMX,2025-07-21
B0CR36VDMX,2025-08-18
B0CR36VDMX,2025-09-15
B0CR36VDMX,2025-10-13
B0CR36VDMX,2025-11-10
B0CR36VDMX,2025-12-08
B0CR36VDMX,2026-01-05
B0CR36VDMX,2026-02-02
B0CR36VDMX,2026-03-02
B0CR69L7HW,2025-04-28
B0CR69L7HW,2025-05-26
B0CR69L7HW,2025-06-23
B0CR69L7HW,2025-07-21
B0CR69L7HW,2025-08-18
B0CR69L7HW,2025-09-15
B0CR69L7HW,2025-10-13
B0CR69L7HW,2025-11-10
B0CR69L7HW,2025-12-08
B0CR69L7HW,2026-01-05
B0CR69L7HW,2026-02-02
B0CR69L7HW,2026-03-02
B0CRKVBDDB,2025-04-28
B0CRKVBDDB,2025-05-26
B0CRKVBDDB,2025-06-23
B0CRKVBDDB,2025-07-21
B0CRKVBDDB,2025-08-18
B0CRKVBDDB,2025-09-15
B0CRKVBDDB,2025-10-13
B0CRKVBDDB,2025-11-10
B0CRKVBDDB,2025-12-08
B0CRKVBDDB,2026-01-05
B0CRKVBDDB,2026-02-02
B0CRKVBDDB,2026-03-02
B0CRR2NB36,2025-04-28
B0CRR2NB36,2025-05-26
B0CRR2NB36,2025-06-23
B0CRR2NB36,2025-07-21
B0CRR2NB36,2025-08-18
B0CRR2NB36,2025-09-15
B0CRR2NB36,2025-10-13
B0CRR2NB36,2025-11-10
B0CRR2NB36,2025-12-08
B0CRR2NB36,2026-01-05
B0CRR2NB36,2026-02-02
B0CRR2NB36,2026-03-02
B0CRSTMYMH,2025-04-28
B0CRSTMYMH,2025-05-26
B0CRSTMYMH,2025-06-23
B0CRSTMYMH,2025-07-21
B0CRSTMYMH,2025-08-18
B0CRSTMYMH,2025-09-15
B0CRSTMYMH,2025-10-13
B0CRSTMYMH,2025-11-10
B0CRSTMYMH,2025-12-08
B0CRSTMYMH,2026-01-05
B0CRSTMYMH,2026-02-02
B0CRSTMYMH,2026-03-02
B0CRSW2373,2025-04-28
B0CRSW2373,2025-05-26
B0CRSW2373,2025-06-23
B0CRSW2373,2025-07-21
B0CRSW2373,2025-08-18
B0CRSW2373,2025-09-15
B0CRSW2373,2025-10-13
B0CRSW2373,2025-11-10
B0CRSW2373,2025-12-08
B0CRSW2373,2026-01-05
B0CRSW2373,2026-02-02
B0CRSW2373,2026-03-02
B0CRT24GNT,2025-04-28
B0CRT24GNT,2025-05-26
B0CRT24GNT,2025-06-23
B0CRT24GNT,2025-07-21
B0CRT24GNT,2025-08-18
B0CRT24GNT,2025-09-15
B0CRT24GNT,2025-10-13
B0CRT24GNT,2025-11-10
B0CRT24GNT,2025-12-08
B0CRT24GNT,2026-01-05
B0CRT24GNT,2026-02-02
B0CRT24GNT,2026-03-02
B0CRTSX4K7,2025-04-28
B0CRTSX4K7,2025-05-26
B0CRTSX4K7,2025-06-23
B0CRTSX4K7,2025-07-21
B0CRTSX4K7,2025-08-18
B0CRTSX4K7,2025-09-15
B0CRTSX4K7,2025-10-13
B0CRTSX4K7,2025-11-10
B0CRTSX4K7,2025-12-08
B0CRTSX4K7,2026-01-05
B0CRTSX4K7,2026-02-02
B0CRTSX4K7,2026-03-02
B0CRYLVWY2,2025-04-28
B0CRYLVWY2,2025-05-26
B0CRYLVWY2,2025-06-23
B0CRYLVWY2,2025-07-21
B0CRYLVWY2,2025-08-18
B0CRYLVWY2,2025-09-15
B0CRYLVWY2,2025-10-13
B0CRYLVWY2,2025-11-10
B0CRYLVWY2,2025-12-08
B0CRYLVWY2,2026-01-05
B0CRYLVWY2,2026-02-02
B0CRYLVWY2,2026-03-02
B0CRYX4FQT,2025-04-28
B0CRYX4FQT,2025-05-26
B0CRYX4FQT,2025-06-23
B0CRYX4FQT,2025-07-21
B0CRYX4FQT,2025-08-18
B0CRYX4FQT,2025-09-15
B0CRYX4FQT,2025-10-13
B0CRYX4FQT,2025-11-10
B0CRYX4FQT,2025-12-08
B0CRYX4FQT,2026-01-05
B0CRYX4FQT,2026-02-02
B0CRYX4FQT,2026-03-02
B0CT3G3SDW,2025-04-28
B0CT3G3SDW,2025-05-26
B0CT3G3SDW,2025-06-23
B0CT3G3SDW,2025-07-21
B0CT3G3SDW,2025-08-18
B0CT3G3SDW,2025-09-15
B0CT3G3SDW,2025-10-13
B0CT3G3SDW,2025-11-10
B0CT3G3SDW,2025-12-08
B0CT3G3SDW,2026-01-05
B0CT3G3SDW,2026-02-02
B0CT3G3SDW,2026-03-02
B0CTBYV8L4,2025-04-28
B0CTBYV8L4,2025-05-26
B0CTBYV8L4,2025-06-23
B0CTBYV8L4,2025-07-21
B0CTBYV8L4,2025-08-18
B0CTBYV8L4,2025-09-15
B0CTBYV8L4,2025-10-13
B0CTBYV8L4,2025-11-10
B0CTBYV8L4,2025-12-08
B0CTBYV8L4,2026-01-05
B0CTBYV8L4,2026-02-02
B0CTBYV8L4,2026-03-02
B0CTJKHYRH,2025-04-28
B0CTJKHYRH,2025-05-26
B0CTJKHYRH,2025-06-23
B0CTJKHYRH,2025-07-21
B0CTJKHYRH,2025-08-18
B0CTJKHYRH,2025-09-15
B0CTJKHYRH,2025-10-13
B0CTJKHYRH,2025-11-10
B0CTJKHYRH,2025-12-08
B0CTJKHYRH,2026-01-05
B0CTJKHYRH,2026-02-02
B0CTJKHYRH,2026-03-02
B0CW2KX5R4,2025-04-28
B0CW2KX5R4,2025-05-26
B0CW2KX5R4,2025-06-23
B0CW2KX5R4,2025-07-21
B0CW2KX5R4,2025-08-18
B0CW2KX5R4,2025-09-15
B0CW2KX5R4,2025-10-13
B0CW2KX5R4,2025-11-10
B0CW2KX5R4,2025-12-08
B0CW2KX5R4,2026-01-05
B0CW2KX5R4,2026-02-02
B0CW2KX5R4,2026-03-02
B0CWLW5SPC,2025-04-28
B0CWLW5SPC,2025-05-26
B0CWLW5SPC,2025-06-23
B0CWLW5SPC,2025-07-21
B0CWLW5SPC,2025-08-18
B0CWLW5SPC,2025-09-15
B0CWLW5SPC,2025-10-13
B0CWLW5SPC,2025-11-10
B0CWLW5SPC,2025-12-08
B0CWLW5SPC,2026-01-05
B0CWLW5SPC,2026-02-02
B0CWLW5SPC,2026-03-02
B0CX26P8FT,2025-04-28
B0CX26P8FT,2025-05-26
B0CX26P8FT,2025-06-23
B0CX26P8FT,2025-07-21
B0CX26P8FT,2025-08-18
B0CX26P8FT,2025-09-15
B0CX26P8FT,2025-10-13
B0CX26P8FT,2025-11-10
B0CX26P8FT,2025-12-08
B0CX26P8FT,2026-01-05
B0CX26P8FT,2026-02-02
B0CX26P8FT,2026-03-02
B0CXSFD8WC,2025-04-28
B0CXSFD8WC,2025-05-26
B0CXSFD8WC,2025-06-23
B0CXSFD8WC,2025-07-21
B0CXSFD8WC,2025-08-18
B0CXSFD8WC,2025-09-15
B0CXSFD8WC,2025-10-13
B0CXSFD8WC,2025-11-10
B0CXSFD8WC,2025-12-08
B0CXSFD8WC,2026-01-05
B0CXSFD8WC,2026-02-02
B0CXSFD8WC,2026-03-02
B0CXT9L8Q6,2025-04-28
B0CXT9L8Q6,2025-05-26
B0CXT9L8Q6,2025-06-23
B0CXT9L8Q6,2025-07-21
B0CXT9L8Q6,2025-08-18
B0CXT9L8Q6,2025-09-15
B0CXT9L8Q6,2025-10-13
B0CXT9L8Q6,2025-11-10
B0CXT9L8Q6,2025-12-08
B0CXT9L8Q6,2026-01-05
B0CXT9L8Q6,2026-02-02
B0CXT9L8Q6,2026-03-02
B0CXX7CS7W,2025-04-28
B0CXX7CS7W,2025-05-26
B0CXX7CS7W,2025-06-23
B0CXX7CS7W,2025-07-21
B0CXX7CS7W,2025-08-18
B0CXX7CS7W,2025-09-15
B0CXX7CS7W,2025-10-13
B0CXX7CS7W,2025-11-10
B0CXX7CS7W,2025-12-08
B0CXX7CS7W,2026-01-05
B0CXX7CS7W,2026-02-02
B0CXX7CS7W,2026-03-02
B0CXXQGN7G,2025-04-28
B0CXXQGN7G,2025-05-26
B0CXXQGN7G,2025-06-23
B0CXXQGN7G,2025-07-21
B0CXXQGN7G,2025-08-18
B0CXXQGN7G,2025-09-15
B0CXXQGN7G,2025-10-13
B0CXXQGN7G,2025-11-10
B0CXXQGN7G,2025-12-08
B0CXXQGN7G,2026-01-05
B0CXXQGN7G,2026-02-02
B0CXXQGN7G,2026-03-02
B0CY1WSKJJ,2025-04-28
B0CY1WSKJJ,2025-05-26
B0CY1WSKJJ,2025-06-23
B0CY1WSKJJ,2025-07-21
B0CY1WSKJJ,2025-08-18
B0CY1WSKJJ,2025-09-15
B0CY1WSKJJ,2025-10-13
B0CY1WSKJJ,2025-11-10
B0CY1WSKJJ,2025-12-08
B0CY1WSKJJ,2026-01-05
B0CY1WSKJJ,2026-02-02
B0CY1WSKJJ,2026-03-02
B0CY22NW3Y,2025-04-28
B0CY22NW3Y,2025-05-26
B0CY22NW3Y,2025-06-23
B0CY22NW3Y,2025-07-21
B0CY22NW3Y,2025-08-18
B0CY22NW3Y,2025-09-15
B0CY22NW3Y,2025-10-13
B0CY22NW3Y,2025-11-10
B0CY22NW3Y,2025-12-08
B0CY22NW3Y,2026-01-05
B0CY22NW3Y,2026-02-02
B0CY22NW3Y,2026-03-02
B0CY4R5K29,2025-04-28
B0CY4R5K29,2025-05-26
B0CY4R5K29,2025-06-23
B0CY4R5K29,2025-07-21
B0CY4R5K29,2025-08-18
B0CY4R5K29,2025-09-15
B0CY4R5K29,2025-10-13
B0CY4R5K29,2025-11-10
B0CY4R5K29,2025-12-08
B0CY4R5K29,2026-01-05
B0CY4R5K29,2026-02-02
B0CY4R5K29,2026-03-02
B0CY4X2752,2025-04-28
B0CY4X2752,2025-05-26
B0CY4X2752,2025-06-23
B0CY4X2752,2025-07-21
B0CY4X2752,2025-08-18
B0CY4X2752,2025-09-15
B0CY4X2752,2025-10-13
B0CY4X2752,2025-11-10
B0CY4X2752,2025-12-08
B0CY4X2752,2026-01-05
B0CY4X2752,2026-02-02
B0CY4X2752,2026-03-02
B0CYGP2L3S,2025-04-28
B0CYGP2L3S,2025-05-26
B0CYGP2L3S,2025-06-23
B0CYGP2L3S,2025-07-21
B0CYGP2L3S,2025-08-18
B0CYGP2L3S,2025-09-15
B0CYGP2L3S,2025-10-13
B0CYGP2L3S,2025-11-10
B0CYGP2L3S,2025-12-08
B0CYGP2L3S,2026-01-05
B0CYGP2L3S,2026-02-02
B0CYGP2L3S,2026-03-02
B0CYPV45W4,2025-04-28
B0CYPV45W4,2025-05-26
B0CYPV45W4,2025-06-23
B0CYPV45W4,2025-07-21
B0CYPV45W4,2025-08-18
B0CYPV45W4,2025-09-15
B0CYPV45W4,2025-10-13
B0CYPV45W4,2025-11-10
B0CYPV45W4,2025-12-08
B0CYPV45W4,2026-01-05
B0CYPV45W4,2026-02-02
B0CYPV45W4,2026-03-02
B0CYSYL6YW,2025-04-28
B0CYSYL6YW,2025-05-26
B0CYSYL6YW,2025-06-23
B0CYSYL6YW,2025-07-21
B0CYSYL6YW,2025-08-18
B0CYSYL6YW,2025-09-15
B0CYSYL6YW,2025-10-13
B0CYSYL6YW,2025-11-10
B0CYSYL6YW,2025-12-08
B0CYSYL6YW,2026-01-05
B0CYSYL6YW,2026-02-02
B0CYSYL6YW,2026-03-02
B0CYZR43N9,2025-04-28
B0CYZR43N9,2025-05-26
B0CYZR43N9,2025-06-23
B0CYZR43N9,2025-07-21
B0CYZR43N9,2025-08-18
B0CYZR43N9,2025-09-15
B0CYZR43N9,2025-10-13
B0CYZR43N9,2025-11-10
B0CYZR43N9,2025-12-08
B0CYZR43N9,2026-01-05
B0CYZR43N9,2026-02-02
B0CYZR43N9,2026-03-02
B0CYZS6FJC,2025-04-28
B0CYZS6FJC,2025-05-26
B0CYZS6FJC,2025-06-23
B0CYZS6FJC,2025-07-21
B0CYZS6FJC,2025-08-18
B0CYZS6FJC,2025-09-15
B0CYZS6FJC,2025-10-13
B0CYZS6FJC,2025-11-10
B0CYZS6FJC,2025-12-08
B0CYZS6FJC,2026-01-05
B0CYZS6FJC,2026-02-02
B0CYZS6FJC,2026-03-02
B0CYZTCLYF,2025-04-28
B0CYZTCLYF,2025-05-26
B0CYZTCLYF,2025-06-23
B0CYZTCLYF,2025-07-21
B0CYZTCLYF,2025-08-18
B0CYZTCLYF,2025-09-15
B0CYZTCLYF,2025-10-13
B0CYZTCLYF,2025-11-10
B0CYZTCLYF,2025-12-08
B0CYZTCLYF,2026-01-05
B0CYZTCLYF,2026-02-02
B0CYZTCLYF,2026-03-02
B0CYZTGM17,2025-04-28
B0CYZTGM17,2025-05-26
B0CYZTGM17,2025-06-23
B0CYZTGM17,2025-07-21
B0CYZTGM17,2025-08-18
B0CYZTGM17,2025-09-15
B0CYZTGM17,2025-10-13
B0CYZTGM17,2025-11-10
B0CYZTGM17,2025-12-08
B0CYZTGM17,2026-01-05
B0CYZTGM17,2026-02-02
B0CYZTGM17,2026-03-02
B0CZ6VR8SF,2025-04-28
B0CZ6VR8SF,2025-05-26
B0CZ6VR8SF,2025-06-23
B0CZ6VR8SF,2025-07-21
B0CZ6VR8SF,2025-08-18
B0CZ6VR8SF,2025-09-15
B0CZ6VR8SF,2025-10-13
B0CZ6VR8SF,2025-11-10
B0CZ6VR8SF,2025-12-08
B0CZ6VR8SF,2026-01-05
B0CZ6VR8SF,2026-02-02
B0CZ6VR8SF,2026-03-02
B0CZ8DJX53,2025-04-28
B0CZ8DJX53,2025-05-26
B0CZ8DJX53,2025-06-23
B0CZ8DJX53,2025-07-21
B0CZ8DJX53,2025-08-18
B0CZ8DJX53,2025-09-15
B0CZ8DJX53,2025-10-13
B0CZ8DJX53,2025-11-10
B0CZ8DJX53,2025-12-08
B0CZ8DJX53,2026-01-05
B0CZ8DJX53,2026-02-02
B0CZ8DJX53,2026-03-02
B0CZ8F4R6M,2025-04-28
B0CZ8F4R6M,2025-05-26
B0CZ8F4R6M,2025-06-23
B0CZ8F4R6M,2025-07-21
B0CZ8F4R6M,2025-08-18
B0CZ8F4R6M,2025-09-15
B0CZ8F4R6M,2025-10-13
B0CZ8F4R6M,2025-11-10
B0CZ8F4R6M,2025-12-08
B0CZ8F4R6M,2026-01-05
B0CZ8F4R6M,2026-02-02
B0CZ8F4R6M,2026-03-02
B0CZ8GG136,2025-04-28
B0CZ8GG136,2025-05-26
B0CZ8GG136,2025-06-23
B0CZ8GG136,2025-07-21
B0CZ8GG136,2025-08-18
B0CZ8GG136,2025-09-15
B0CZ8GG136,2025-10-13
B0CZ8GG136,2025-11-10
B0CZ8GG136,2025-12-08
B0CZ8GG136,2026-01-05
B0CZ8GG136,2026-02-02
B0CZ8GG136,2026-03-02
B0CZJRZC9M,2025-04-28
B0CZJRZC9M,2025-05-26
B0CZJRZC9M,2025-06-23
B0CZJRZC9M,2025-07-21
B0CZJRZC9M,2025-08-18
B0CZJRZC9M,2025-09-15
B0CZJRZC9M,2025-10-13
B0CZJRZC9M,2025-11-10
B0CZJRZC9M,2025-12-08
B0CZJRZC9M,2026-01-05
B0CZJRZC9M,2026-02-02
B0CZJRZC9M,2026-03-02
B0CZKHJQWX,2025-04-28
B0CZKHJQWX,2025-05-26
B0CZKHJQWX,2025-06-23
B0CZKHJQWX,2025-07-21
B0CZKHJQWX,2025-08-18
B0CZKHJQWX,2025-09-15
B0CZKHJQWX,2025-10-13
B0CZKHJQWX,2025-11-10
B0CZKHJQWX,2025-12-08
B0CZKHJQWX,2026-01-05
B0CZKHJQWX,2026-02-02
B0CZKHJQWX,2026-03-02
B0CZKVLL7T,2025-04-28
B0CZKVLL7T,2025-05-26
B0CZKVLL7T,2025-06-23
B0CZKVLL7T,2025-07-21
B0CZKVLL7T,2025-08-18
B0CZKVLL7T,2025-09-15
B0CZKVLL7T,2025-10-13
B0CZKVLL7T,2025-11-10
B0CZKVLL7T,2025-12-08
B0CZKVLL7T,2026-01-05
B0CZKVLL7T,2026-02-02
B0CZKVLL7T,2026-03-02
B0CZL1X7F7,2025-04-28
B0CZL1X7F7,2025-05-26
B0CZL1X7F7,2025-06-23
B0CZL1X7F7,2025-07-21
B0CZL1X7F7,2025-08-18
B0CZL1X7F7,2025-09-15
B0CZL1X7F7,2025-10-13
B0CZL1X7F7,2025-11-10
B0CZL1X7F7,2025-12-08
B0CZL1X7F7,2026-01-05
B0CZL1X7F7,2026-02-02
B0CZL1X7F7,2026-03-02
B0CZL672NL,2025-04-28
B0CZL672NL,2025-05-26
B0CZL672NL,2025-06-23
B0CZL672NL,2025-07-21
B0CZL672NL,2025-08-18
B0CZL672NL,2025-09-15
B0CZL672NL,2025-10-13
B0CZL672NL,2025-11-10
B0CZL672NL,2025-12-08
B0CZL672NL,2026-01-05
B0CZL672NL,2026-02-02
B0CZL672NL,2026-03-02
B0D128D3TL,2025-04-28
B0D128D3TL,2025-05-26
B0D128D3TL,2025-06-23
B0D128D3TL,2025-07-21
B0D128D3TL,2025-08-18
B0D128D3TL,2025-09-15
B0D128D3TL,2025-10-13
B0D128D3TL,2025-11-10
B0D128D3TL,2025-12-08
B0D128D3TL,2026-01-05
B0D128D3TL,2026-02-02
B0D128D3TL,2026-03-02
B0D12BRF37,2025-04-28
B0D12BRF37,2025-05-26
B0D12BRF37,2025-06-23
B0D12BRF37,2025-07-21
B0D12BRF37,2025-08-18
B0D12BRF37,2025-09-15
B0D12BRF37,2025-10-13
B0D12BRF37,2025-11-10
B0D12BRF37,2025-12-08
B0D12BRF37,2026-01-05
B0D12BRF37,2026-02-02
B0D12BRF37,2026-03-02
B0D143RQZG,2025-04-28
B0D143RQZG,2025-05-26
B0D143RQZG,2025-06-23
B0D143RQZG,2025-07-21
B0D143RQZG,2025-08-18
B0D143RQZG,2025-09-15
B0D143RQZG,2025-10-13
B0D143RQZG,2025-11-10
B0D143RQZG,2025-12-08
B0D143RQZG,2026-01-05
B0D143RQZG,2026-02-02
B0D143RQZG,2026-03-02
B0D1BRB9HB,2025-04-28
B0D1BRB9HB,2025-05-26
B0D1BRB9HB,2025-06-23
B0D1BRB9HB,2025-07-21
B0D1BRB9HB,2025-08-18
B0D1BRB9HB,2025-09-15
B0D1BRB9HB,2025-10-13
B0D1BRB9HB,2025-11-10
B0D1BRB9HB,2025-12-08
B0D1BRB9HB,2026-01-05
B0D1BRB9HB,2026-02-02
B0D1BRB9HB,2026-03-02
B0D1BZZPXT,2025-04-28
B0D1BZZPXT,2025-05-26
B0D1BZZPXT,2025-06-23
B0D1BZZPXT,2025-07-21
B0D1BZZPXT,2025-08-18
B0D1BZZPXT,2025-09-15
B0D1BZZPXT,2025-10-13
B0D1BZZPXT,2025-11-10
B0D1BZZPXT,2025-12-08
B0D1BZZPXT,2026-01-05
B0D1BZZPXT,2026-02-02
B0D1BZZPXT,2026-03-02
B0D1JT2KL5,2025-04-28
B0D1JT2KL5,2025-05-26
B0D1JT2KL5,2025-06-23
B0D1JT2KL5,2025-07-21
B0D1JT2KL5,2025-08-18
B0D1JT2KL5,2025-09-15
B0D1JT2KL5,2025-10-13
B0D1JT2KL5,2025-11-10
B0D1JT2KL5,2025-12-08
B0D1JT2KL5,2026-01-05
B0D1JT2KL5,2026-02-02
B0D1JT2KL5,2026-03-02
B0D1K2FF21,2025-04-28
B0D1K2FF21,2025-05-26
B0D1K2FF21,2025-06-23
B0D1K2FF21,2025-07-21
B0D1K2FF21,2025-08-18
B0D1K2FF21,2025-09-15
B0D1K2FF21,2025-10-13
B0D1K2FF21,2025-11-10
B0D1K2FF21,2025-12-08
B0D1K2FF21,2026-01-05
B0D1K2FF21,2026-02-02
B0D1K2FF21,2026-03-02
B0D1K472R3,2025-04-28
B0D1K472R3,2025-05-26
B0D1K472R3,2025-06-23
B0D1K472R3,2025-07-21
B0D1K472R3,2025-08-18
B0D1K472R3,2025-09-15
B0D1K472R3,2025-10-13
B0D1K472R3,2025-11-10
B0D1K472R3,2025-12-08
B0D1K472R3,2026-01-05
B0D1K472R3,2026-02-02
B0D1K472R3,2026-03-02
B0D1K85XPQ,2025-04-28
B0D1K85XPQ,2025-05-26
B0D1K85XPQ,2025-06-23
B0D1K85XPQ,2025-07-21
B0D1K85XPQ,2025-08-18
B0D1K85XPQ,2025-09-15
B0D1K85XPQ,2025-10-13
B0D1K85XPQ,2025-11-10
B0D1K85XPQ,2025-12-08
B0D1K85XPQ,2026-01-05
B0D1K85XPQ,2026-02-02
B0D1K85XPQ,2026-03-02
B0D1K9K9LH,2025-04-28
B0D1K9K9LH,2025-05-26
B0D1K9K9LH,2025-06-23
B0D1K9K9LH,2025-07-21
B0D1K9K9LH,2025-08-18
B0D1K9K9LH,2025-09-15
B0D1K9K9LH,2025-10-13
B0D1K9K9LH,2025-11-10
B0D1K9K9LH,2025-12-08
B0D1K9K9LH,2026-01-05
B0D1K9K9LH,2026-02-02
B0D1K9K9LH,2026-03-02
B0D22S3JNK,2025-04-28
B0D22S3JNK,2025-05-26
B0D22S3JNK,2025-06-23
B0D22S3JNK,2025-07-21
B0D22S3JNK,2025-08-18
B0D22S3JNK,2025-09-15
B0D22S3JNK,2025-10-13
B0D22S3JNK,2025-11-10
B0D22S3JNK,2025-12-08
B0D22S3JNK,2026-01-05
B0D22S3JNK,2026-02-02
B0D22S3JNK,2026-03-02
B0D2HZ7H3Y,2025-04-28
B0D2HZ7H3Y,2025-05-26
B0D2HZ7H3Y,2025-06-23
B0D2HZ7H3Y,2025-07-21
B0D2HZ7H3Y,2025-08-18
B0D2HZ7H3Y,2025-09-15
B0D2HZ7H3Y,2025-10-13
B0D2HZ7H3Y,2025-11-10
B0D2HZ7H3Y,2025-12-08
B0D2HZ7H3Y,2026-01-05
B0D2HZ7H3Y,2026-02-02
B0D2HZ7H3Y,2026-03-02
B0D2HZM5RV,2025-04-28
B0D2HZM5RV,2025-05-26
B0D2HZM5RV,2025-06-23
B0D2HZM5RV,2025-07-21
B0D2HZM5RV,2025-08-18
B0D2HZM5RV,2025-09-15
B0D2HZM5RV,2025-10-13
B0D2HZM5RV,2025-11-10
B0D2HZM5RV,2025-12-08
B0D2HZM5RV,2026-01-05
B0D2HZM5RV,2026-02-02
B0D2HZM5RV,2026-03-02
B0D2HZNPZ8,2025-04-28
B0D2HZNPZ8,2025-05-26
B0D2HZNPZ8,2025-06-23
B0D2HZNPZ8,2025-07-21
B0D2HZNPZ8,2025-08-18
B0D2HZNPZ8,2025-09-15
B0D2HZNPZ8,2025-10-13
B0D2HZNPZ8,2025-11-10
B0D2HZNPZ8,2025-12-08
B0D2HZNPZ8,2026-01-05
B0D2HZNPZ8,2026-02-02
B0D2HZNPZ8,2026-03-02
B0D2J3NNLK,2025-04-28
B0D2J3NNLK,2025-05-26
B0D2J3NNLK,2025-06-23
B0D2J3NNLK,2025-07-21
B0D2J3NNLK,2025-08-18
B0D2J3NNLK,2025-09-15
B0D2J3NNLK,2025-10-13
B0D2J3NNLK,2025-11-10
B0D2J3NNLK,2025-12-08
B0D2J3NNLK,2026-01-05
B0D2J3NNLK,2026-02-02
B0D2J3NNLK,2026-03-02
B0D2J4543F,2025-04-28
B0D2J4543F,2025-05-26
B0D2J4543F,2025-06-23
B0D2J4543F,2025-07-21
B0D2J4543F,2025-08-18
B0D2J4543F,2025-09-15
B0D2J4543F,2025-10-13
B0D2J4543F,2025-11-10
B0D2J4543F,2025-12-08
B0D2J4543F,2026-01-05
B0D2J4543F,2026-02-02
B0D2J4543F,2026-03-02
B0D2KWZD1C,2025-04-28
B0D2KWZD1C,2025-05-26
B0D2KWZD1C,2025-06-23
B0D2KWZD1C,2025-07-21
B0D2KWZD1C,2025-08-18
B0D2KWZD1C,2025-09-15
B0D2KWZD1C,2025-10-13
B0D2KWZD1C,2025-11-10
B0D2KWZD1C,2025-12-08
B0D2KWZD1C,2026-01-05
B0D2KWZD1C,2026-02-02
B0D2KWZD1C,2026-03-02
B0D2P4NX9K,2025-04-28
B0D2P4NX9K,2025-05-26
B0D2P4NX9K,2025-06-23
B0D2P4NX9K,2025-07-21
B0D2P4NX9K,2025-08-18
B0D2P4NX9K,2025-09-15
B0D2P4NX9K,2025-10-13
B0D2P4NX9K,2025-11-10
B0D2P4NX9K,2025-12-08
B0D2P4NX9K,2026-01-05
B0D2P4NX9K,2026-02-02
B0D2P4NX9K,2026-03-02
B0D2X3MHQ1,2025-04-28
B0D2X3MHQ1,2025-05-26
B0D2X3MHQ1,2025-06-23
B0D2X3MHQ1,2025-07-21
B0D2X3MHQ1,2025-08-18
B0D2X3MHQ1,2025-09-15
B0D2X3MHQ1,2025-10-13
B0D2X3MHQ1,2025-11-10
B0D2X3MHQ1,2025-12-08
B0D2X3MHQ1,2026-01-05
B0D2X3MHQ1,2026-02-02
B0D2X3MHQ1,2026-03-02
B0D2ZH4GP8,2025-04-28
B0D2ZH4GP8,2025-05-26
B0D2ZH4GP8,2025-06-23
B0D2ZH4GP8,2025-07-21
B0D2ZH4GP8,2025-08-18
B0D2ZH4GP8,2025-09-15
B0D2ZH4GP8,2025-10-13
B0D2ZH4GP8,2025-11-10
B0D2ZH4GP8,2025-12-08
B0D2ZH4GP8,2026-01-05
B0D2ZH4GP8,2026-02-02
B0D2ZH4GP8,2026-03-02
B0D31LDXGW,2025-04-28
B0D31LDXGW,2025-05-26
B0D31LDXGW,2025-06-23
B0D31LDXGW,2025-07-21
B0D31LDXGW,2025-08-18
B0D31LDXGW,2025-09-15
B0D31LDXGW,2025-10-13
B0D31LDXGW,2025-11-10
B0D31LDXGW,2025-12-08
B0D31LDXGW,2026-01-05
B0D31LDXGW,2026-02-02
B0D31LDXGW,2026-03-02
B0D373WV6T,2025-04-28
B0D373WV6T,2025-05-26
B0D373WV6T,2025-06-23
B0D373WV6T,2025-07-21
B0D373WV6T,2025-08-18
B0D373WV6T,2025-09-15
B0D373WV6T,2025-10-13
B0D373WV6T,2025-11-10
B0D373WV6T,2025-12-08
B0D373WV6T,2026-01-05
B0D373WV6T,2026-02-02
B0D373WV6T,2026-03-02
B0D37PLVFD,2025-04-28
B0D37PLVFD,2025-05-26
B0D37PLVFD,2025-06-23
B0D37PLVFD,2025-07-21
B0D37PLVFD,2025-08-18
B0D37PLVFD,2025-09-15
B0D37PLVFD,2025-10-13
B0D37PLVFD,2025-11-10
B0D37PLVFD,2025-12-08
B0D37PLVFD,2026-01-05
B0D37PLVFD,2026-02-02
B0D37PLVFD,2026-03-02
B0D37RDKTP,2025-04-28
B0D37RDKTP,2025-05-26
B0D37RDKTP,2025-06-23
B0D37RDKTP,2025-07-21
B0D37RDKTP,2025-08-18
B0D37RDKTP,2025-09-15
B0D37RDKTP,2025-10-13
B0D37RDKTP,2025-11-10
B0D37RDKTP,2025-12-08
B0D37RDKTP,2026-01-05
B0D37RDKTP,2026-02-02
B0D37RDKTP,2026-03-02
B0D3DLP6B7,2025-04-28
B0D3DLP6B7,2025-05-26
B0D3DLP6B7,2025-06-23
B0D3DLP6B7,2025-07-21
B0D3DLP6B7,2025-08-18
B0D3DLP6B7,2025-09-15
B0D3DLP6B7,2025-10-13
B0D3DLP6B7,2025-11-10
B0D3DLP6B7,2025-12-08
B0D3DLP6B7,2026-01-05
B0D3DLP6B7,2026-02-02
B0D3DLP6B7,2026-03-02
B0D3DW4N3F,2025-04-28
B0D3DW4N3F,2025-05-26
B0D3DW4N3F,2025-06-23
B0D3DW4N3F,2025-07-21
B0D3DW4N3F,2025-08-18
B0D3DW4N3F,2025-09-15
B0D3DW4N3F,2025-10-13
B0D3DW4N3F,2025-11-10
B0D3DW4N3F,2025-12-08
B0D3DW4N3F,2026-01-05
B0D3DW4N3F,2026-02-02
B0D3DW4N3F,2026-03-02
B0D3DWTHHZ,2025-04-28
B0D3DWTHHZ,2025-05-26
B0D3DWTHHZ,2025-06-23
B0D3DWTHHZ,2025-07-21
B0D3DWTHHZ,2025-08-18
B0D3DWTHHZ,2025-09-15
B0D3DWTHHZ,2025-10-13
B0D3DWTHHZ,2025-11-10
B0D3DWTHHZ,2025-12-08
B0D3DWTHHZ,2026-01-05
B0D3DWTHHZ,2026-02-02
B0D3DWTHHZ,2026-03-02
B0D3DX63T3,2025-04-28
B0D3DX63T3,2025-05-26
B0D3DX63T3,2025-06-23
B0D3DX63T3,2025-07-21
B0D3DX63T3,2025-08-18
B0D3DX63T3,2025-09-15
B0D3DX63T3,2025-10-13
B0D3DX63T3,2025-11-10
B0D3DX63T3,2025-12-08
B0D3DX63T3,2026-01-05
B0D3DX63T3,2026-02-02
B0D3DX63T3,2026-03-02
B0D3DXLWR6,2025-04-28
B0D3DXLWR6,2025-05-26
B0D3DXLWR6,2025-06-23
B0D3DXLWR6,2025-07-21
B0D3DXLWR6,2025-08-18
B0D3DXLWR6,2025-09-15
B0D3DXLWR6,2025-10-13
B0D3DXLWR6,2025-11-10
B0D3DXLWR6,2025-12-08
B0D3DXLWR6,2026-01-05
B0D3DXLWR6,2026-02-02
B0D3DXLWR6,2026-03-02
B0D41GHYXZ,2025-04-28
B0D41GHYXZ,2025-05-26
B0D41GHYXZ,2025-06-23
B0D41GHYXZ,2025-07-21
B0D41GHYXZ,2025-08-18
B0D41GHYXZ,2025-09-15
B0D41GHYXZ,2025-10-13
B0D41GHYXZ,2025-11-10
B0D41GHYXZ,2025-12-08
B0D41GHYXZ,2026-01-05
B0D41GHYXZ,2026-02-02
B0D41GHYXZ,2026-03-02
B0D41H198G,2025-04-28
B0D41H198G,2025-05-26
B0D41H198G,2025-06-23
B0D41H198G,2025-07-21
B0D41H198G,2025-08-18
B0D41H198G,2025-09-15
B0D41H198G,2025-10-13
B0D41H198G,2025-11-10
B0D41H198G,2025-12-08
B0D41H198G,2026-01-05
B0D41H198G,2026-02-02
B0D41H198G,2026-03-02
B0D45GKKCQ,2025-04-28
B0D45GKKCQ,2025-05-26
B0D45GKKCQ,2025-06-23
B0D45GKKCQ,2025-07-21
B0D45GKKCQ,2025-08-18
B0D45GKKCQ,2025-09-15
B0D45GKKCQ,2025-10-13
B0D45GKKCQ,2025-11-10
B0D45GKKCQ,2025-12-08
B0D45GKKCQ,2026-01-05
B0D45GKKCQ,2026-02-02
B0D45GKKCQ,2026-03-02
B0D46DNHTZ,2025-04-28
B0D46DNHTZ,2025-05-26
B0D46DNHTZ,2025-06-23
B0D46DNHTZ,2025-07-21
B0D46DNHTZ,2025-08-18
B0D46DNHTZ,2025-09-15
B0D46DNHTZ,2025-10-13
B0D46DNHTZ,2025-11-10
B0D46DNHTZ,2025-12-08
B0D46DNHTZ,2026-01-05
B0D46DNHTZ,2026-02-02
B0D46DNHTZ,2026-03-02
B0D471GQ9J,2025-04-28
B0D471GQ9J,2025-05-26
B0D471GQ9J,2025-06-23
B0D471GQ9J,2025-07-21
B0D471GQ9J,2025-08-18
B0D471GQ9J,2025-09-15
B0D471GQ9J,2025-10-13
B0D471GQ9J,2025-11-10
B0D471GQ9J,2025-12-08
B0D471GQ9J,2026-01-05
B0D471GQ9J,2026-02-02
B0D471GQ9J,2026-03-02
B0D49NQL5C,2025-04-28
B0D49NQL5C,2025-05-26
B0D49NQL5C,2025-06-23
B0D49NQL5C,2025-07-21
B0D49NQL5C,2025-08-18
B0D49NQL5C,2025-09-15
B0D49NQL5C,2025-10-13
B0D49NQL5C,2025-11-10
B0D49NQL5C,2025-12-08
B0D49NQL5C,2026-01-05
B0D49NQL5C,2026-02-02
B0D49NQL5C,2026-03-02
B0D4R1WVB1,2025-04-28
B0D4R1WVB1,2025-05-26
B0D4R1WVB1,2025-06-23
B0D4R1WVB1,2025-07-21
B0D4R1WVB1,2025-08-18
B0D4R1WVB1,2025-09-15
B0D4R1WVB1,2025-10-13
B0D4R1WVB1,2025-11-10
B0D4R1WVB1,2025-12-08
B0D4R1WVB1,2026-01-05
B0D4R1WVB1,2026-02-02
B0D4R1WVB1,2026-03-02
B0D4TGTTDC,2025-04-28
B0D4TGTTDC,2025-05-26
B0D4TGTTDC,2025-06-23
B0D4TGTTDC,2025-07-21
B0D4TGTTDC,2025-08-18
B0D4TGTTDC,2025-09-15
B0D4TGTTDC,2025-10-13
B0D4TGTTDC,2025-11-10
B0D4TGTTDC,2025-12-08
B0D4TGTTDC,2026-01-05
B0D4TGTTDC,2026-02-02
B0D4TGTTDC,2026-03-02
B0D543473V,2025-04-28
B0D543473V,2025-05-26
B0D543473V,2025-06-23
B0D543473V,2025-07-21
B0D543473V,2025-08-18
B0D543473V,2025-09-15
B0D543473V,2025-10-13
B0D543473V,2025-11-10
B0D543473V,2025-12-08
B0D543473V,2026-01-05
B0D543473V,2026-02-02
B0D543473V,2026-03-02
B0D5HLHGZ7,2025-04-28
B0D5HLHGZ7,2025-05-26
B0D5HLHGZ7,2025-06-23
B0D5HLHGZ7,2025-07-21
B0D5HLHGZ7,2025-08-18
B0D5HLHGZ7,2025-09-15
B0D5HLHGZ7,2025-10-13
B0D5HLHGZ7,2025-11-10
B0D5HLHGZ7,2025-12-08
B0D5HLHGZ7,2026-01-05
B0D5HLHGZ7,2026-02-02
B0D5HLHGZ7,2026-03-02
B0D5QC2SFL,2025-04-28
B0D5QC2SFL,2025-05-26
B0D5QC2SFL,2025-06-23
B0D5QC2SFL,2025-07-21
B0D5QC2SFL,2025-08-18
B0D5QC2SFL,2025-09-15
B0D5QC2SFL,2025-10-13
B0D5QC2SFL,2025-11-10
B0D5QC2SFL,2025-12-08
B0D5QC2SFL,2026-01-05
B0D5QC2SFL,2026-02-02
B0D5QC2SFL,2026-03-02
B0D5QJ8NP6,2025-04-28
B0D5QJ8NP6,2025-05-26
B0D5QJ8NP6,2025-06-23
B0D5QJ8NP6,2025-07-21
B0D5QJ8NP6,2025-08-18
B0D5QJ8NP6,2025-09-15
B0D5QJ8NP6,2025-10-13
B0D5QJ8NP6,2025-11-10
B0D5QJ8NP6,2025-12-08
B0D5QJ8NP6,2026-01-05
B0D5QJ8NP6,2026-02-02
B0D5QJ8NP6,2026-03-02
B0D62SHND6,2025-04-28
B0D62SHND6,2025-05-26
B0D62SHND6,2025-06-23
B0D62SHND6,2025-07-21
B0D62SHND6,2025-08-18
B0D62SHND6,2025-09-15
B0D62SHND6,2025-10-13
B0D62SHND6,2025-11-10
B0D62SHND6,2025-12-08
B0D62SHND6,2026-01-05
B0D62SHND6,2026-02-02
B0D62SHND6,2026-03-02
B0D6MTPJ5W,2025-04-28
B0D6MTPJ5W,2025-05-26
B0D6MTPJ5W,2025-06-23
B0D6MTPJ5W,2025-07-21
B0D6MTPJ5W,2025-08-18
B0D6MTPJ5W,2025-09-15
B0D6MTPJ5W,2025-10-13
B0D6MTPJ5W,2025-11-10
B0D6MTPJ5W,2025-12-08
B0D6MTPJ5W,2026-01-05
B0D6MTPJ5W,2026-02-02
B0D6MTPJ5W,2026-03-02
B0D6RLG88C,2025-04-28
B0D6RLG88C,2025-05-26
B0D6RLG88C,2025-06-23
B0D6RLG88C,2025-07-21
B0D6RLG88C,2025-08-18
B0D6RLG88C,2025-09-15
B0D6RLG88C,2025-10-13
B0D6RLG88C,2025-11-10
B0D6RLG88C,2025-12-08
B0D6RLG88C,2026-01-05
B0D6RLG88C,2026-02-02
B0D6RLG88C,2026-03-02
B0D6Y7QBQY,2025-04-28
B0D6Y7QBQY,2025-05-26
B0D6Y7QBQY,2025-06-23
B0D6Y7QBQY,2025-07-21
B0D6Y7QBQY,2025-08-18
B0D6Y7QBQY,2025-09-15
B0D6Y7QBQY,2025-10-13
B0D6Y7QBQY,2025-11-10
B0D6Y7QBQY,2025-12-08
B0D6Y7QBQY,2026-01-05
B0D6Y7QBQY,2026-02-02
B0D6Y7QBQY,2026-03-02
B0D6Z2H97G,2025-04-28
B0D6Z2H97G,2025-05-26
B0D6Z2H97G,2025-06-23
B0D6Z2H97G,2025-07-21
B0D6Z2H97G,2025-08-18
B0D6Z2H97G,2025-09-15
B0D6Z2H97G,2025-10-13
B0D6Z2H97G,2025-11-10
B0D6Z2H97G,2025-12-08
B0D6Z2H97G,2026-01-05
B0D6Z2H97G,2026-02-02
B0D6Z2H97G,2026-03-02
B0D6Z2XNKS,2025-04-28
B0D6Z2XNKS,2025-05-26
B0D6Z2XNKS,2025-06-23
B0D6Z2XNKS,2025-07-21
B0D6Z2XNKS,2025-08-18
B0D6Z2XNKS,2025-09-15
B0D6Z2XNKS,2025-10-13
B0D6Z2XNKS,2025-11-10
B0D6Z2XNKS,2025-12-08
B0D6Z2XNKS,2026-01-05
B0D6Z2XNKS,2026-02-02
B0D6Z2XNKS,2026-03-02
B0D7341GKY,2025-04-28
B0D7341GKY,2025-05-26
B0D7341GKY,2025-06-23
B0D7341GKY,2025-07-21
B0D7341GKY,2025-08-18
B0D7341GKY,2025-09-15
B0D7341GKY,2025-10-13
B0D7341GKY,2025-11-10
B0D7341GKY,2025-12-08
B0D7341GKY,2026-01-05
B0D7341GKY,2026-02-02
B0D7341GKY,2026-03-02
B0D7365VFJ,2025-04-28
B0D7365VFJ,2025-05-26
B0D7365VFJ,2025-06-23
B0D7365VFJ,2025-07-21
B0D7365VFJ,2025-08-18
B0D7365VFJ,2025-09-15
B0D7365VFJ,2025-10-13
B0D7365VFJ,2025-11-10
B0D7365VFJ,2025-12-08
B0D7365VFJ,2026-01-05
B0D7365VFJ,2026-02-02
B0D7365VFJ,2026-03-02
B0D738RQF7,2025-04-28
B0D738RQF7,2025-05-26
B0D738RQF7,2025-06-23
B0D738RQF7,2025-07-21
B0D738RQF7,2025-08-18
B0D738RQF7,2025-09-15
B0D738RQF7,2025-10-13
B0D738RQF7,2025-11-10
B0D738RQF7,2025-12-08
B0D738RQF7,2026-01-05
B0D738RQF7,2026-02-02
B0D738RQF7,2026-03-02
B0D792F9VR,2025-04-28
B0D792F9VR,2025-05-26
B0D792F9VR,2025-06-23
B0D792F9VR,2025-07-21
B0D792F9VR,2025-08-18
B0D792F9VR,2025-09-15
B0D792F9VR,2025-10-13
B0D792F9VR,2025-11-10
B0D792F9VR,2025-12-08
B0D792F9VR,2026-01-05
B0D792F9VR,2026-02-02
B0D792F9VR,2026-03-02
B0D7935RWD,2025-04-28
B0D7935RWD,2025-05-26
B0D7935RWD,2025-06-23
B0D7935RWD,2025-07-21
B0D7935RWD,2025-08-18
B0D7935RWD,2025-09-15
B0D7935RWD,2025-10-13
B0D7935RWD,2025-11-10
B0D7935RWD,2025-12-08
B0D7935RWD,2026-01-05
B0D7935RWD,2026-02-02
B0D7935RWD,2026-03-02
B0D795LGY1,2025-04-28
B0D795LGY1,2025-05-26
B0D795LGY1,2025-06-23
B0D795LGY1,2025-07-21
B0D795LGY1,2025-08-18
B0D795LGY1,2025-09-15
B0D795LGY1,2025-10-13
B0D795LGY1,2025-11-10
B0D795LGY1,2025-12-08
B0D795LGY1,2026-01-05
B0D795LGY1,2026-02-02
B0D795LGY1,2026-03-02
B0D7GDFWVB,2025-04-28
B0D7GDFWVB,2025-05-26
B0D7GDFWVB,2025-06-23
B0D7GDFWVB,2025-07-21
B0D7GDFWVB,2025-08-18
B0D7GDFWVB,2025-09-15
B0D7GDFWVB,2025-10-13
B0D7GDFWVB,2025-11-10
B0D7GDFWVB,2025-12-08
B0D7GDFWVB,2026-01-05
B0D7GDFWVB,2026-02-02
B0D7GDFWVB,2026-03-02
B0D83KHTV9,2025-04-28
B0D83KHTV9,2025-05-26
B0D83KHTV9,2025-06-23
B0D83KHTV9,2025-07-21
B0D83KHTV9,2025-08-18
B0D83KHTV9,2025-09-15
B0D83KHTV9,2025-10-13
B0D83KHTV9,2025-11-10
B0D83KHTV9,2025-12-08
B0D83KHTV9,2026-01-05
B0D83KHTV9,2026-02-02
B0D83KHTV9,2026-03-02
B0D8B5H7VM,2025-04-28
B0D8B5H7VM,2025-05-26
B0D8B5H7VM,2025-06-23
B0D8B5H7VM,2025-07-21
B0D8B5H7VM,2025-08-18
B0D8B5H7VM,2025-09-15
B0D8B5H7VM,2025-10-13
B0D8B5H7VM,2025-11-10
B0D8B5H7VM,2025-12-08
B0D8B5H7VM,2026-01-05
B0D8B5H7VM,2026-02-02
B0D8B5H7VM,2026-03-02
B0D8Q1WZCX,2025-04-28
B0D8Q1WZCX,2025-05-26
B0D8Q1WZCX,2025-06-23
B0D8Q1WZCX,2025-07-21
B0D8Q1WZCX,2025-08-18
B0D8Q1WZCX,2025-09-15
B0D8Q1WZCX,2025-10-13
B0D8Q1WZCX,2025-11-10
B0D8Q1WZCX,2025-12-08
B0D8Q1WZCX,2026-01-05
B0D8Q1WZCX,2026-02-02
B0D8Q1WZCX,2026-03-02
B0D91Z6519,2025-04-28
B0D91Z6519,2025-05-26
B0D91Z6519,2025-06-23
B0D91Z6519,2025-07-21
B0D91Z6519,2025-08-18
B0D91Z6519,2025-09-15
B0D91Z6519,2025-10-13
B0D91Z6519,2025-11-10
B0D91Z6519,2025-12-08
B0D91Z6519,2026-01-05
B0D91Z6519,2026-02-02
B0D91Z6519,2026-03-02
B0D96889YL,2025-04-28
B0D96889YL,2025-05-26
B0D96889YL,2025-06-23
B0D96889YL,2025-07-21
B0D96889YL,2025-08-18
B0D96889YL,2025-09-15
B0D96889YL,2025-10-13
B0D96889YL,2025-11-10
B0D96889YL,2025-12-08
B0D96889YL,2026-01-05
B0D96889YL,2026-02-02
B0D96889YL,2026-03-02
B0D977TT3C,2025-04-28
B0D977TT3C,2025-05-26
B0D977TT3C,2025-06-23
B0D977TT3C,2025-07-21
B0D977TT3C,2025-08-18
B0D977TT3C,2025-09-15
B0D977TT3C,2025-10-13
B0D977TT3C,2025-11-10
B0D977TT3C,2025-12-08
B0D977TT3C,2026-01-05
B0D977TT3C,2026-02-02
B0D977TT3C,2026-03-02
B0D97936XZ,2025-04-28
B0D97936XZ,2025-05-26
B0D97936XZ,2025-06-23
B0D97936XZ,2025-07-21
B0D97936XZ,2025-08-18
B0D97936XZ,2025-09-15
B0D97936XZ,2025-10-13
B0D97936XZ,2025-11-10
B0D97936XZ,2025-12-08
B0D97936XZ,2026-01-05
B0D97936XZ,2026-02-02
B0D97936XZ,2026-03-02
B0D979NWSN,2025-04-28
B0D979NWSN,2025-05-26
B0D979NWSN,2025-06-23
B0D979NWSN,2025-07-21
B0D979NWSN,2025-08-18
B0D979NWSN,2025-09-15
B0D979NWSN,2025-10-13
B0D979NWSN,2025-11-10
B0D979NWSN,2025-12-08
B0D979NWSN,2026-01-05
B0D979NWSN,2026-02-02
B0D979NWSN,2026-03-02
B0D9NMXBWF,2025-04-28
B0D9NMXBWF,2025-05-26
B0D9NMXBWF,2025-06-23
B0D9NMXBWF,2025-07-21
B0D9NMXBWF,2025-08-18
B0D9NMXBWF,2025-09-15
B0D9NMXBWF,2025-10-13
B0D9NMXBWF,2025-11-10
B0D9NMXBWF,2025-12-08
B0D9NMXBWF,2026-01-05
B0D9NMXBWF,2026-02-02
B0D9NMXBWF,2026-03-02
B0DBH7G7MG,2025-04-28
B0DBH7G7MG,2025-05-26
B0DBH7G7MG,2025-06-23
B0DBH7G7MG,2025-07-21
B0DBH7G7MG,2025-08-18
B0DBH7G7MG,2025-09-15
B0DBH7G7MG,2025-10-13
B0DBH7G7MG,2025-11-10
B0DBH7G7MG,2025-12-08
B0DBH7G7MG,2026-01-05
B0DBH7G7MG,2026-02-02
B0DBH7G7MG,2026-03-02
B0DBHF1P7W,2025-04-28
B0DBHF1P7W,2025-05-26
B0DBHF1P7W,2025-06-23
B0DBHF1P7W,2025-07-21
B0DBHF1P7W,2025-08-18
B0DBHF1P7W,2025-09-15
B0DBHF1P7W,2025-10-13
B0DBHF1P7W,2025-11-10
B0DBHF1P7W,2025-12-08
B0DBHF1P7W,2026-01-05
B0DBHF1P7W,2026-02-02
B0DBHF1P7W,2026-03-02
B0DBHFM3JX,2025-04-28
B0DBHFM3JX,2025-05-26
B0DBHFM3JX,2025-06-23
B0DBHFM3JX,2025-07-21
B0DBHFM3JX,2025-08-18
B0DBHFM3JX,2025-09-15
B0DBHFM3JX,2025-10-13
B0DBHFM3JX,2025-11-10
B0DBHFM3JX,2025-12-08
B0DBHFM3JX,2026-01-05
B0DBHFM3JX,2026-02-02
B0DBHFM3JX,2026-03-02
B0DC74BMVR,2025-04-28
B0DC74BMVR,2025-05-26
B0DC74BMVR,2025-06-23
B0DC74BMVR,2025-07-21
B0DC74BMVR,2025-08-18
B0DC74BMVR,2025-09-15
B0DC74BMVR,2025-10-13
B0DC74BMVR,2025-11-10
B0DC74BMVR,2025-12-08
B0DC74BMVR,2026-01-05
B0DC74BMVR,2026-02-02
B0DC74BMVR,2026-03-02
B0DC91PKK7,2025-04-28
B0DC91PKK7,2025-05-26
B0DC91PKK7,2025-06-23
B0DC91PKK7,2025-07-21
B0DC91PKK7,2025-08-18
B0DC91PKK7,2025-09-15
B0DC91PKK7,2025-10-13
B0DC91PKK7,2025-11-10
B0DC91PKK7,2025-12-08
B0DC91PKK7,2026-01-05
B0DC91PKK7,2026-02-02
B0DC91PKK7,2026-03-02
B0DC9N16N2,2025-04-28
B0DC9N16N2,2025-05-26
B0DC9N16N2,2025-06-23
B0DC9N16N2,2025-07-21
B0DC9N16N2,2025-08-18
B0DC9N16N2,2025-09-15
B0DC9N16N2,2025-10-13
B0DC9N16N2,2025-11-10
B0DC9N16N2,2025-12-08
B0DC9N16N2,2026-01-05
B0DC9N16N2,2026-02-02
B0DC9N16N2,2026-03-02
B0DCP8PVJQ,2025-04-28
B0DCP8PVJQ,2025-05-26
B0DCP8PVJQ,2025-06-23
B0DCP8PVJQ,2025-07-21
B0DCP8PVJQ,2025-08-18
B0DCP8PVJQ,2025-09-15
B0DCP8PVJQ,2025-10-13
B0DCP8PVJQ,2025-11-10
B0DCP8PVJQ,2025-12-08
B0DCP8PVJQ,2026-01-05
B0DCP8PVJQ,2026-02-02
B0DCP8PVJQ,2026-03-02
B0DCPS8JP7,2025-04-28
B0DCPS8JP7,2025-05-26
B0DCPS8JP7,2025-06-23
B0DCPS8JP7,2025-07-21
B0DCPS8JP7,2025-08-18
B0DCPS8JP7,2025-09-15
B0DCPS8JP7,2025-10-13
B0DCPS8JP7,2025-11-10
B0DCPS8JP7,2025-12-08
B0DCPS8JP7,2026-01-05
B0DCPS8JP7,2026-02-02
B0DCPS8JP7,2026-03-02
B0DD3WTL4B,2025-04-28
B0DD3WTL4B,2025-05-26
B0DD3WTL4B,2025-06-23
B0DD3WTL4B,2025-07-21
B0DD3WTL4B,2025-08-18
B0DD3WTL4B,2025-09-15
B0DD3WTL4B,2025-10-13
B0DD3WTL4B,2025-11-10
B0DD3WTL4B,2025-12-08
B0DD3WTL4B,2026-01-05
B0DD3WTL4B,2026-02-02
B0DD3WTL4B,2026-03-02
B0DD3YXQP4,2025-04-28
B0DD3YXQP4,2025-05-26
B0DD3YXQP4,2025-06-23
B0DD3YXQP4,2025-07-21
B0DD3YXQP4,2025-08-18
B0DD3YXQP4,2025-09-15
B0DD3YXQP4,2025-10-13
B0DD3YXQP4,2025-11-10
B0DD3YXQP4,2025-12-08
B0DD3YXQP4,2026-01-05
B0DD3YXQP4,2026-02-02
B0DD3YXQP4,2026-03-02
B0DD6JTFJL,2025-04-28
B0DD6JTFJL,2025-05-26
B0DD6JTFJL,2025-06-23
B0DD6JTFJL,2025-07-21
B0DD6JTFJL,2025-08-18
B0DD6JTFJL,2025-09-15
B0DD6JTFJL,2025-10-13
B0DD6JTFJL,2025-11-10
B0DD6JTFJL,2025-12-08
B0DD6JTFJL,2026-01-05
B0DD6JTFJL,2026-02-02
B0DD6JTFJL,2026-03-02
B0DD7BH7CP,2025-04-28
B0DD7BH7CP,2025-05-26
B0DD7BH7CP,2025-06-23
B0DD7BH7CP,2025-07-21
B0DD7BH7CP,2025-08-18
B0DD7BH7CP,2025-09-15
B0DD7BH7CP,2025-10-13
B0DD7BH7CP,2025-11-10
B0DD7BH7CP,2025-12-08
B0DD7BH7CP,2026-01-05
B0DD7BH7CP,2026-02-02
B0DD7BH7CP,2026-03-02
B0DD7CDDGJ,2025-04-28
B0DD7CDDGJ,2025-05-26
B0DD7CDDGJ,2025-06-23
B0DD7CDDGJ,2025-07-21
B0DD7CDDGJ,2025-08-18
B0DD7CDDGJ,2025-09-15
B0DD7CDDGJ,2025-10-13
B0DD7CDDGJ,2025-11-10
B0DD7CDDGJ,2025-12-08
B0DD7CDDGJ,2026-01-05
B0DD7CDDGJ,2026-02-02
B0DD7CDDGJ,2026-03-02
B0DD7J4BC6,2025-04-28
B0DD7J4BC6,2025-05-26
B0DD7J4BC6,2025-06-23
B0DD7J4BC6,2025-07-21
B0DD7J4BC6,2025-08-18
B0DD7J4BC6,2025-09-15
B0DD7J4BC6,2025-10-13
B0DD7J4BC6,2025-11-10
B0DD7J4BC6,2025-12-08
B0DD7J4BC6,2026-01-05
B0DD7J4BC6,2026-02-02
B0DD7J4BC6,2026-03-02
B0DDNG78RF,2025-04-28
B0DDNG78RF,2025-05-26
B0DDNG78RF,2025-06-23
B0DDNG78RF,2025-07-21
B0DDNG78RF,2025-08-18
B0DDNG78RF,2025-09-15
B0DDNG78RF,2025-10-13
B0DDNG78RF,2025-11-10
B0DDNG78RF,2025-12-08
B0DDNG78RF,2026-01-05
B0DDNG78RF,2026-02-02
B0DDNG78RF,2026-03-02
B0DF1BXKXM,2025-04-28
B0DF1BXKXM,2025-05-26
B0DF1BXKXM,2025-06-23
B0DF1BXKXM,2025-07-21
B0DF1BXKXM,2025-08-18
B0DF1BXKXM,2025-09-15
B0DF1BXKXM,2025-10-13
B0DF1BXKXM,2025-11-10
B0DF1BXKXM,2025-12-08
B0DF1BXKXM,2026-01-05
B0DF1BXKXM,2026-02-02
B0DF1BXKXM,2026-03-02
B0DF34KHDX,2025-04-28
B0DF34KHDX,2025-05-26
B0DF34KHDX,2025-06-23
B0DF34KHDX,2025-07-21
B0DF34KHDX,2025-08-18
B0DF34KHDX,2025-09-15
B0DF34KHDX,2025-10-13
B0DF34KHDX,2025-11-10
B0DF34KHDX,2025-12-08
B0DF34KHDX,2026-01-05
B0DF34KHDX,2026-02-02
B0DF34KHDX,2026-03-02
B0DFS5X5PB,2025-04-28
B0DFS5X5PB,2025-05-26
B0DFS5X5PB,2025-06-23
B0DFS5X5PB,2025-07-21
B0DFS5X5PB,2025-08-18
B0DFS5X5PB,2025-09-15
B0DFS5X5PB,2025-10-13
B0DFS5X5PB,2025-11-10
B0DFS5X5PB,2025-12-08
B0DFS5X5PB,2026-01-05
B0DFS5X5PB,2026-02-02
B0DFS5X5PB,2026-03-02
B0DG2L7BFD,2025-04-28
B0DG2L7BFD,2025-05-26
B0DG2L7BFD,2025-06-23
B0DG2L7BFD,2025-07-21
B0DG2L7BFD,2025-08-18
B0DG2L7BFD,2025-09-15
B0DG2L7BFD,2025-10-13
B0DG2L7BFD,2025-11-10
B0DG2L7BFD,2025-12-08
B0DG2L7BFD,2026-01-05
B0DG2L7BFD,2026-02-02
B0DG2L7BFD,2026-03-02
B0DG3XPWKV,2025-04-28
B0DG3XPWKV,2025-05-26
B0DG3XPWKV,2025-06-23
B0DG3XPWKV,2025-07-21
B0DG3XPWKV,2025-08-18
B0DG3XPWKV,2025-09-15
B0DG3XPWKV,2025-10-13
B0DG3XPWKV,2025-11-10
B0DG3XPWKV,2025-12-08
B0DG3XPWKV,2026-01-05
B0DG3XPWKV,2026-02-02
B0DG3XPWKV,2026-03-02
B0DG3XRRBC,2025-04-28
B0DG3XRRBC,2025-05-26
B0DG3XRRBC,2025-06-23
B0DG3XRRBC,2025-07-21
B0DG3XRRBC,2025-08-18
B0DG3XRRBC,2025-09-15
B0DG3XRRBC,2025-10-13
B0DG3XRRBC,2025-11-10
B0DG3XRRBC,2025-12-08
B0DG3XRRBC,2026-01-05
B0DG3XRRBC,2026-02-02
B0DG3XRRBC,2026-03-02
B0DG5RNRZ5,2025-04-28
B0DG5RNRZ5,2025-05-26
B0DG5RNRZ5,2025-06-23
B0DG5RNRZ5,2025-07-21
B0DG5RNRZ5,2025-08-18
B0DG5RNRZ5,2025-09-15
B0DG5RNRZ5,2025-10-13
B0DG5RNRZ5,2025-11-10
B0DG5RNRZ5,2025-12-08
B0DG5RNRZ5,2026-01-05
B0DG5RNRZ5,2026-02-02
B0DG5RNRZ5,2026-03-02
B0DGG5PJBT,2025-04-28
B0DGG5PJBT,2025-05-26
B0DGG5PJBT,2025-06-23
B0DGG5PJBT,2025-07-21
B0DGG5PJBT,2025-08-18
B0DGG5PJBT,2025-09-15
B0DGG5PJBT,2025-10-13
B0DGG5PJBT,2025-11-10
B0DGG5PJBT,2025-12-08
B0DGG5PJBT,2026-01-05
B0DGG5PJBT,2026-02-02
B0DGG5PJBT,2026-03-02
B0DGG6LYB7,2025-04-28
B0DGG6LYB7,2025-05-26
B0DGG6LYB7,2025-06-23
B0DGG6LYB7,2025-07-21
B0DGG6LYB7,2025-08-18
B0DGG6LYB7,2025-09-15
B0DGG6LYB7,2025-10-13
B0DGG6LYB7,2025-11-10
B0DGG6LYB7,2025-12-08
B0DGG6LYB7,2026-01-05
B0DGG6LYB7,2026-02-02
B0DGG6LYB7,2026-03-02
B0DGG6ZMKV,2025-04-28
B0DGG6ZMKV,2025-05-26
B0DGG6ZMKV,2025-06-23
B0DGG6ZMKV,2025-07-21
B0DGG6ZMKV,2025-08-18
B0DGG6ZMKV,2025-09-15
B0DGG6ZMKV,2025-10-13
B0DGG6ZMKV,2025-11-10
B0DGG6ZMKV,2025-12-08
B0DGG6ZMKV,2026-01-05
B0DGG6ZMKV,2026-02-02
B0DGG6ZMKV,2026-03-02
B0DGG7MQ6P,2025-04-28
B0DGG7MQ6P,2025-05-26
B0DGG7MQ6P,2025-06-23
B0DGG7MQ6P,2025-07-21
B0DGG7MQ6P,2025-08-18
B0DGG7MQ6P,2025-09-15
B0DGG7MQ6P,2025-10-13
B0DGG7MQ6P,2025-11-10
B0DGG7MQ6P,2025-12-08
B0DGG7MQ6P,2026-01-05
B0DGG7MQ6P,2026-02-02
B0DGG7MQ6P,2026-03-02
B0DGQV5Y2P,2025-04-28
B0DGQV5Y2P,2025-05-26
B0DGQV5Y2P,2025-06-23
B0DGQV5Y2P,2025-07-21
B0DGQV5Y2P,2025-08-18
B0DGQV5Y2P,2025-09-15
B0DGQV5Y2P,2025-10-13
B0DGQV5Y2P,2025-11-10
B0DGQV5Y2P,2025-12-08
B0DGQV5Y2P,2026-01-05
B0DGQV5Y2P,2026-02-02
B0DGQV5Y2P,2026-03-02
B0DH2M5D5M,2025-04-28
B0DH2M5D5M,2025-05-26
B0DH2M5D5M,2025-06-23
B0DH2M5D5M,2025-07-21
B0DH2M5D5M,2025-08-18
B0DH2M5D5M,2025-09-15
B0DH2M5D5M,2025-10-13
B0DH2M5D5M,2025-11-10
B0DH2M5D5M,2025-12-08
B0DH2M5D5M,2026-01-05
B0DH2M5D5M,2026-02-02
B0DH2M5D5M,2026-03-02
B0DHV7C36K,2025-04-28
B0DHV7C36K,2025-05-26
B0DHV7C36K,2025-06-23
B0DHV7C36K,2025-07-21
B0DHV7C36K,2025-08-18
B0DHV7C36K,2025-09-15
B0DHV7C36K,2025-10-13
B0DHV7C36K,2025-11-10
B0DHV7C36K,2025-12-08
B0DHV7C36K,2026-01-05
B0DHV7C36K,2026-02-02
B0DHV7C36K,2026-03-02
B0DJ5GLV31,2025-04-28
B0DJ5GLV31,2025-05-26
B0DJ5GLV31,2025-06-23
B0DJ5GLV31,2025-07-21
B0DJ5GLV31,2025-08-18
B0DJ5GLV31,2025-09-15
B0DJ5GLV31,2025-10-13
B0DJ5GLV31,2025-11-10
B0DJ5GLV31,2025-12-08
B0DJ5GLV31,2026-01-05
B0DJ5GLV31,2026-02-02
B0DJ5GLV31,2026-03-02
B0DJ6TC63G,2025-04-28
B0DJ6TC63G,2025-05-26
B0DJ6TC63G,2025-06-23
B0DJ6TC63G,2025-07-21
B0DJ6TC63G,2025-08-18
B0DJ6TC63G,2025-09-15
B0DJ6TC63G,2025-10-13
B0DJ6TC63G,2025-11-10
B0DJ6TC63G,2025-12-08
B0DJ6TC63G,2026-01-05
B0DJ6TC63G,2026-02-02
B0DJ6TC63G,2026-03-02
B0DJT2HLWV,2025-04-28
B0DJT2HLWV,2025-05-26
B0DJT2HLWV,2025-06-23
B0DJT2HLWV,2025-07-21
B0DJT2HLWV,2025-08-18
B0DJT2HLWV,2025-09-15
B0DJT2HLWV,2025-10-13
B0DJT2HLWV,2025-11-10
B0DJT2HLWV,2025-12-08
B0DJT2HLWV,2026-01-05
B0DJT2HLWV,2026-02-02
B0DJT2HLWV,2026-03-02
B0DKN6WH55,2025-04-28
B0DKN6WH55,2025-05-26
B0DKN6WH55,2025-06-23
B0DKN6WH55,2025-07-21
B0DKN6WH55,2025-08-18
B0DKN6WH55,2025-09-15
B0DKN6WH55,2025-10-13
B0DKN6WH55,2025-11-10
B0DKN6WH55,2025-12-08
B0DKN6WH55,2026-01-05
B0DKN6WH55,2026-02-02
B0DKN6WH55,2026-03-02
B0DKN9J9PK,2025-04-28
B0DKN9J9PK,2025-05-26
B0DKN9J9PK,2025-06-23
B0DKN9J9PK,2025-07-21
B0DKN9J9PK,2025-08-18
B0DKN9J9PK,2025-09-15
B0DKN9J9PK,2025-10-13
B0DKN9J9PK,2025-11-10
B0DKN9J9PK,2025-12-08
B0DKN9J9PK,2026-01-05
B0DKN9J9PK,2026-02-02
B0DKN9J9PK,2026-03-02
B0DKNGLBYM,2025-04-28
B0DKNGLBYM,2025-05-26
B0DKNGLBYM,2025-06-23
B0DKNGLBYM,2025-07-21
B0DKNGLBYM,2025-08-18
B0DKNGLBYM,2025-09-15
B0DKNGLBYM,2025-10-13
B0DKNGLBYM,2025-11-10
B0DKNGLBYM,2025-12-08
B0DKNGLBYM,2026-01-05
B0DKNGLBYM,2026-02-02
B0DKNGLBYM,2026-03-02
B0DLZ4DX16,2025-04-28
B0DLZ4DX16,2025-05-26
B0DLZ4DX16,2025-06-23
B0DLZ4DX16,2025-07-21
B0DLZ4DX16,2025-08-18
B0DLZ4DX16,2025-09-15
B0DLZ4DX16,2025-10-13
B0DLZ4DX16,2025-11-10
B0DLZ4DX16,2025-12-08
B0DLZ4DX16,2026-01-05
B0DLZ4DX16,2026-02-02
B0DLZ4DX16,2026-03-02
B0DLZHCHQW,2025-04-28
B0DLZHCHQW,2025-05-26
B0DLZHCHQW,2025-06-23
B0DLZHCHQW,2025-07-21
B0DLZHCHQW,2025-08-18
B0DLZHCHQW,2025-09-15
B0DLZHCHQW,2025-10-13
B0DLZHCHQW,2025-11-10
B0DLZHCHQW,2025-12-08
B0DLZHCHQW,2026-01-05
B0DLZHCHQW,2026-02-02
B0DLZHCHQW,2026-03-02
B0DLZLLYH2,2025-04-28
B0DLZLLYH2,2025-05-26
B0DLZLLYH2,2025-06-23
B0DLZLLYH2,2025-07-21
B0DLZLLYH2,2025-08-18
B0DLZLLYH2,2025-09-15
B0DLZLLYH2,2025-10-13
B0DLZLLYH2,2025-11-10
B0DLZLLYH2,2025-12-08
B0DLZLLYH2,2026-01-05
B0DLZLLYH2,2026-02-02
B0DLZLLYH2,2026-03-02
B0DLZMVTDD,2025-04-28
B0DLZMVTDD,2025-05-26
B0DLZMVTDD,2025-06-23
B0DLZMVTDD,2025-07-21
B0DLZMVTDD,2025-08-18
B0DLZMVTDD,2025-09-15
B0DLZMVTDD,2025-10-13
B0DLZMVTDD,2025-11-10
B0DLZMVTDD,2025-12-08
B0DLZMVTDD,2026-01-05
B0DLZMVTDD,2026-02-02
B0DLZMVTDD,2026-03-02
B0DM22VXZN,2025-04-28
B0DM22VXZN,2025-05-26
B0DM22VXZN,2025-06-23
B0DM22VXZN,2025-07-21
B0DM22VXZN,2025-08-18
B0DM22VXZN,2025-09-15
B0DM22VXZN,2025-10-13
B0DM22VXZN,2025-11-10
B0DM22VXZN,2025-12-08
B0DM22VXZN,2026-01-05
B0DM22VXZN,2026-02-02
B0DM22VXZN,2026-03-02
B0DM243W3R,2025-04-28
B0DM243W3R,2025-05-26
B0DM243W3R,2025-06-23
B0DM243W3R,2025-07-21
B0DM243W3R,2025-08-18
B0DM243W3R,2025-09-15
B0DM243W3R,2025-10-13
B0DM243W3R,2025-11-10
B0DM243W3R,2025-12-08
B0DM243W3R,2026-01-05
B0DM243W3R,2026-02-02
B0DM243W3R,2026-03-02
B0DM4NH1ML,2025-04-28
B0DM4NH1ML,2025-05-26
B0DM4NH1ML,2025-06-23
B0DM4NH1ML,2025-07-21
B0DM4NH1ML,2025-08-18
B0DM4NH1ML,2025-09-15
B0DM4NH1ML,2025-10-13
B0DM4NH1ML,2025-11-10
B0DM4NH1ML,2025-12-08
B0DM4NH1ML,2026-01-05
B0DM4NH1ML,2026-02-02
B0DM4NH1ML,2026-03-02
B0DMZDRL78,2025-04-28
B0DMZDRL78,2025-05-26
B0DMZDRL78,2025-06-23
B0DMZDRL78,2025-07-21
B0DMZDRL78,2025-08-18
B0DMZDRL78,2025-09-15
B0DMZDRL78,2025-10-13
B0DMZDRL78,2025-11-10
B0DMZDRL78,2025-12-08
B0DMZDRL78,2026-01-05
B0DMZDRL78,2026-02-02
B0DMZDRL78,2026-03-02
B0DN69H9HR,2025-04-28
B0DN69H9HR,2025-05-26
B0DN69H9HR,2025-06-23
B0DN69H9HR,2025-07-21
B0DN69H9HR,2025-08-18
B0DN69H9HR,2025-09-15
B0DN69H9HR,2025-10-13
B0DN69H9HR,2025-11-10
B0DN69H9HR,2025-12-08
B0DN69H9HR,2026-01-05
B0DN69H9HR,2026-02-02
B0DN69H9HR,2026-03-02
B0DN6GDMNY,2025-04-28
B0DN6GDMNY,2025-05-26
B0DN6GDMNY,2025-06-23
B0DN6GDMNY,2025-07-21
B0DN6GDMNY,2025-08-18
B0DN6GDMNY,2025-09-15
B0DN6GDMNY,2025-10-13
B0DN6GDMNY,2025-11-10
B0DN6GDMNY,2025-12-08
B0DN6GDMNY,2026-01-05
B0DN6GDMNY,2026-02-02
B0DN6GDMNY,2026-03-02
B0DNDPQC8B,2025-04-28
B0DNDPQC8B,2025-05-26
B0DNDPQC8B,2025-06-23
B0DNDPQC8B,2025-07-21
B0DNDPQC8B,2025-08-18
B0DNDPQC8B,2025-09-15
B0DNDPQC8B,2025-10-13
B0DNDPQC8B,2025-11-10
B0DNDPQC8B,2025-12-08
B0DNDPQC8B,2026-01-05
B0DNDPQC8B,2026-02-02
B0DNDPQC8B,2026-03-02
B0DNS6P52H,2025-04-28
B0DNS6P52H,2025-05-26
B0DNS6P52H,2025-06-23
B0DNS6P52H,2025-07-21
B0DNS6P52H,2025-08-18
B0DNS6P52H,2025-09-15
B0DNS6P52H,2025-10-13
B0DNS6P52H,2025-11-10
B0DNS6P52H,2025-12-08
B0DNS6P52H,2026-01-05
B0DNS6P52H,2026-02-02
B0DNS6P52H,2026-03-02
B0DNYXRM24,2025-04-28
B0DNYXRM24,2025-05-26
B0DNYXRM24,2025-06-23
B0DNYXRM24,2025-07-21
B0DNYXRM24,2025-08-18
B0DNYXRM24,2025-09-15
B0DNYXRM24,2025-10-13
B0DNYXRM24,2025-11-10
B0DNYXRM24,2025-12-08
B0DNYXRM24,2026-01-05
B0DNYXRM24,2026-02-02
B0DNYXRM24,2026-03-02
B0DNZ8F7NP,2025-04-28
B0DNZ8F7NP,2025-05-26
B0DNZ8F7NP,2025-06-23
B0DNZ8F7NP,2025-07-21
B0DNZ8F7NP,2025-08-18
B0DNZ8F7NP,2025-09-15
B0DNZ8F7NP,2025-10-13
B0DNZ8F7NP,2025-11-10
B0DNZ8F7NP,2025-12-08
B0DNZ8F7NP,2026-01-05
B0DNZ8F7NP,2026-02-02
B0DNZ8F7NP,2026-03-02
B0DNZ94W15,2025-04-28
B0DNZ94W15,2025-05-26
B0DNZ94W15,2025-06-23
B0DNZ94W15,2025-07-21
B0DNZ94W15,2025-08-18
B0DNZ94W15,2025-09-15
B0DNZ94W15,2025-10-13
B0DNZ94W15,2025-11-10
B0DNZ94W15,2025-12-08
B0DNZ94W15,2026-01-05
B0DNZ94W15,2026-02-02
B0DNZ94W15,2026-03-02
B0DP9LNJVM,2025-04-28
B0DP9LNJVM,2025-05-26
B0DP9LNJVM,2025-06-23
B0DP9LNJVM,2025-07-21
B0DP9LNJVM,2025-08-18
B0DP9LNJVM,2025-09-15
B0DP9LNJVM,2025-10-13
B0DP9LNJVM,2025-11-10
B0DP9LNJVM,2025-12-08
B0DP9LNJVM,2026-01-05
B0DP9LNJVM,2026-02-02
B0DP9LNJVM,2026-03-02
B0DQ2LH5PD,2025-04-28
B0DQ2LH5PD,2025-05-26
B0DQ2LH5PD,2025-06-23
B0DQ2LH5PD,2025-07-21
B0DQ2LH5PD,2025-08-18
B0DQ2LH5PD,2025-09-15
B0DQ2LH5PD,2025-10-13
B0DQ2LH5PD,2025-11-10
B0DQ2LH5PD,2025-12-08
B0DQ2LH5PD,2026-01-05
B0DQ2LH5PD,2026-02-02
B0DQ2LH5PD,2026-03-02
B0DQTFMCBB,2025-04-28
B0DQTFMCBB,2025-05-26
B0DQTFMCBB,2025-06-23
B0DQTFMCBB,2025-07-21
B0DQTFMCBB,2025-08-18
B0DQTFMCBB,2025-09-15
B0DQTFMCBB,2025-10-13
B0DQTFMCBB,2025-11-10
B0DQTFMCBB,2025-12-08
B0DQTFMCBB,2026-01-05
B0DQTFMCBB,2026-02-02
B0DQTFMCBB,2026-03-02
B0DQTXDWSW,2025-04-28
B0DQTXDWSW,2025-05-26
B0DQTXDWSW,2025-06-23
B0DQTXDWSW,2025-07-21
B0DQTXDWSW,2025-08-18
B0DQTXDWSW,2025-09-15
B0DQTXDWSW,2025-10-13
B0DQTXDWSW,2025-11-10
B0DQTXDWSW,2025-12-08
B0DQTXDWSW,2026-01-05
B0DQTXDWSW,2026-02-02
B0DQTXDWSW,2026-03-02
