ASIN,date
B0002UUGBQ,2025-04-28
B0002UUGBQ,2025-05-26
B0002UUGBQ,2025-06-23
B0002UUGBQ,2025-07-21
B0002UUGBQ,2025-08-18
B0002UUGBQ,2025-09-15
B0002UUGBQ,2025-10-13
B0002UUGBQ,2025-11-10
B0002UUGBQ,2025-12-08
B0002UUGBQ,2026-01-05
B0002UUGBQ,2026-02-02
B0002UUGBQ,2026-03-02
B0006NVYQ0,2025-04-28
B0006NVYQ0,2025-05-26
B0006NVYQ0,2025-06-23
B0006NVYQ0,2025-07-21
B0006NVYQ0,2025-08-18
B0006NVYQ0,2025-09-15
B0006NVYQ0,2025-10-13
B0006NVYQ0,2025-11-10
B0006NVYQ0,2025-12-08
B0006NVYQ0,2026-01-05
B0006NVYQ0,2026-02-02
B0006NVYQ0,2026-03-02
B0006NVYW4,2025-04-28
B0006NVYW4,2025-05-26
B0006NVYW4,2025-06-23
B0006NVYW4,2025-07-21
B0006NVYW4,2025-08-18
B0006NVYW4,2025-09-15
B0006NVYW4,2025-10-13
B0006NVYW4,2025-11-10
B0006NVYW4,2025-12-08
B0006NVYW4,2026-01-05
B0006NVYW4,2026-02-02
B0006NVYW4,2026-03-02
B0007SZ500,2025-04-28
B0007SZ500,2025-05-26
B0007SZ500,2025-06-23
B0007SZ500,2025-07-21
B0007SZ500,2025-08-18
B0007SZ500,2025-09-15
B0007SZ500,2025-10-13
B0007SZ500,2025-11-10
B0007SZ500,2025-12-08
B0007SZ500,2026-01-05
B0007SZ500,2026-02-02
B0007SZ500,2026-03-02
B000QJES7G,2025-04-28
B000QJES7G,2025-05-26
B000QJES7G,2025-06-23
B000QJES7G,2025-07-21
B000QJES7G,2025-08-18
B000QJES7G,2025-09-15
B000QJES7G,2025-10-13
B000QJES7G,2025-11-10
B000QJES7G,2025-12-08
B000QJES7G,2026-01-05
B000QJES7G,2026-02-02
B000QJES7G,2026-03-02
B001EISUT0,2025-04-28
B001EISUT0,2025-05-26
B001EISUT0,2025-06-23
B001EISUT0,2025-07-21
B001EISUT0,2025-08-18
B001EISUT0,2025-09-15
B001EISUT0,2025-10-13
B001EISUT0,2025-11-10
B001EISUT0,2025-12-08
B001EISUT0,2026-01-05
B001EISUT0,2026-02-02
B001EISUT0,2026-03-02
B002CO3FD6,2025-04-28
B002CO3FD6,2025-05-26
B002CO3FD6,2025-06-23
B002CO3FD6,2025-07-21
B002CO3FD6,2025-08-18
B002CO3FD6,2025-09-15
B002CO3FD6,2025-10-13
B002CO3FD6,2025-11-10
B002CO3FD6,2025-12-08
B002CO3FD6,2026-01-05
B002CO3FD6,2026-02-02
B002CO3FD6,2026-03-02
B0041HYX1U,2025-04-28
B0041HYX1U,2025-05-26
B0041HYX1U,2025-06-23
B0041HYX1U,2025-07-21
B0041HYX1U,2025-08-18
B0041HYX1U,2025-09-15
B0041HYX1U,2025-10-13
B0041HYX1U,2025-11-10
B0041HYX1U,2025-12-08
B0041HYX1U,2026-01-05
B0041HYX1U,2026-02-02
B0041HYX1U,2026-03-02
B006W47SMQ,2025-04-28
B006W47SMQ,2025-05-26
B006W47SMQ,2025-06-23
B006W47SMQ,2025-07-21
B006W47SMQ,2025-08-18
B006W47SMQ,2025-09-15
B006W47SMQ,2025-10-13
B006W47SMQ,2025-11-10
B006W47SMQ,2025-12-08
B006W47SMQ,2026-01-05
B006W47SMQ,2026-02-02
B006W47SMQ,2026-03-02
B00B9VZJ1Y,2025-04-28
B00B9VZJ1Y,2025-05-26
B00B9VZJ1Y,2025-06-23
B00B9VZJ1Y,2025-07-21
B00B9VZJ1Y,2025-08-18
B00B9VZJ1Y,2025-09-15
B00B9VZJ1Y,2025-10-13
B00B9VZJ1Y,2025-11-10
B00B9VZJ1Y,2025-12-08
B00B9VZJ1Y,2026-01-05
B00B9VZJ1Y,2026-02-02
B00B9VZJ1Y,2026-03-02
B00CWPU1ZK,2025-04-28
B00CWPU1ZK,2025-05-26
B00CWPU1ZK,2025-06-23
B00CWPU1ZK,2025-07-21
B00CWPU1ZK,2025-08-18
B00CWPU1ZK,2025-09-15
B00CWPU1ZK,2025-10-13
B00CWPU1ZK,2025-11-10
B00CWPU1ZK,2025-12-08
B00CWPU1ZK,2026-01-05
B00CWPU1ZK,2026-02-02
B00CWPU1ZK,2026-03-02
B00FEIWV7I,2025-04-28
B00FEIWV7I,2025-05-26
B00FEIWV7I,2025-06-23
B00FEIWV7I,2025-07-21
B00FEIWV7I,2025-08-18
B00FEIWV7I,2025-09-15
B00FEIWV7I,2025-10-13
B00FEIWV7I,2025-11-10
B00FEIWV7I,2025-12-08
B00FEIWV7I,2026-01-05
B00FEIWV7I,2026-02-02
B00FEIWV7I,2026-03-02
B00FEIWVA0,2025-04-28
B00FEIWVA0,2025-05-26
B00FEIWVA0,2025-06-23
B00FEIWVA0,2025-07-21
B00FEIWVA0,2025-08-18
B00FEIWVA0,2025-09-15
B00FEIWVA0,2025-10-13
B00FEIWVA0,2025-11-10
B00FEIWVA0,2025-12-08
B00FEIWVA0,2026-01-05
B00FEIWVA0,2026-02-02
B00FEIWVA0,2026-03-02
B00K2E2QQK,2025-04-28
B00K2E2QQK,2025-05-26
B00K2E2QQK,2025-06-23
B00K2E2QQK,2025-07-21
B00K2E2QQK,2025-08-18
B00K2E2QQK,2025-09-15
B00K2E2QQK,2025-10-13
B00K2E2QQK,2025-11-10
B00K2E2QQK,2025-12-08
B00K2E2QQK,2026-01-05
B00K2E2QQK,2026-02-02
B00K2E2QQK,2026-03-02
B00MFX9TKW,2025-04-28
B00MFX9TKW,2025-05-26
B00MFX9TKW,2025-06-23
B00MFX9TKW,2025-07-21
B00MFX9TKW,2025-08-18
B00MFX9TKW,2025-09-15
B00MFX9TKW,2025-10-13
B00MFX9TKW,2025-11-10
B00MFX9TKW,2025-12-08
B00MFX9TKW,2026-01-05
B00MFX9TKW,2026-02-02
B00MFX9TKW,2026-03-02
B00MY65A1W,2025-04-28
B00MY65A1W,2025-05-26
B00MY65A1W,2025-06-23
B00MY65A1W,2025-07-21
B00MY65A1W,2025-08-18
B00MY65A1W,2025-09-15
B00MY65A1W,2025-10-13
B00MY65A1W,2025-11-10
B00MY65A1W,2025-12-08
B00MY65A1W,2026-01-05
B00MY65A1W,2026-02-02
B00MY65A1W,2026-03-02
B00P87BC2K,2025-04-28
B00P87BC2K,2025-05-26
B00P87BC2K,2025-06-23
B00P87BC2K,2025-07-21
B00P87BC2K,2025-08-18
B00P87BC2K,2025-09-15
B00P87BC2K,2025-10-13
B00P87BC2K,2025-11-10
B00P87BC2K,2025-12-08
B00P87BC2K,2026-01-05
B00P87BC2K,2026-02-02
B00P87BC2K,2026-03-02
B00P87BCA2,2025-04-28
B00P87BCA2,2025-05-26
B00P87BCA2,2025-06-23
B00P87BCA2,2025-07-21
B00P87BCA2,2025-08-18
B00P87BCA2,2025-09-15
B00P87BCA2,2025-10-13
B00P87BCA2,2025-11-10
B00P87BCA2,2025-12-08
B00P87BCA2,2026-01-05
B00P87BCA2,2026-02-02
B00P87BCA2,2026-03-02
B00P87BCCK,2025-04-28
B00P87BCCK,2025-05-26
B00P87BCCK,2025-06-23
B00P87BCCK,2025-07-21
B00P87BCCK,2025-08-18
B00P87BCCK,2025-09-15
B00P87BCCK,2025-10-13
B00P87BCCK,2025-11-10
B00P87BCCK,2025-12-08
B00P87BCCK,2026-01-05
B00P87BCCK,2026-02-02
B00P87BCCK,2026-03-02
B00P87BCV6,2025-04-28
B00P87BCV6,2025-05-26
B00P87BCV6,2025-06-23
B00P87BCV6,2025-07-21
B00P87BCV6,2025-08-18
B00P87BCV6,2025-09-15
B00P87BCV6,2025-10-13
B00P87BCV6,2025-11-10
B00P87BCV6,2025-12-08
B00P87BCV6,2026-01-05
B00P87BCV6,2026-02-02
B00P87BCV6,2026-03-02
B00P87BEZK,2025-04-28
B00P87BEZK,2025-05-26
B00P87BEZK,2025-06-23
B00P87BEZK,2025-07-21
B00P87BEZK,2025-08-18
B00P87BEZK,2025-09-15
B00P87BEZK,2025-10-13
B00P87BEZK,2025-11-10
B00P87BEZK,2025-12-08
B00P87BEZK,2026-01-05
B00P87BEZK,2026-02-02
B00P87BEZK,2026-03-02
B00P87BFRM,2025-04-28
B00P87BFRM,2025-05-26
B00P87BFRM,2025-06-23
B00P87BFRM,2025-07-21
B00P87BFRM,2025-08-18
B00P87BFRM,2025-09-15
B00P87BFRM,2025-10-13
B00P87BFRM,2025-11-10
B00P87BFRM,2025-12-08
B00P87BFRM,2026-01-05
B00P87BFRM,2026-02-02
B00P87BFRM,2026-03-02
B00P87BFWC,2025-04-28
B00P87BFWC,2025-05-26
B00P87BFWC,2025-06-23
B00P87BFWC,2025-07-21
B00P87BFWC,2025-08-18
B00P87BFWC,2025-09-15
B00P87BFWC,2025-10-13
B00P87BFWC,2025-11-10
B00P87BFWC,2025-12-08
B00P87BFWC,2026-01-05
B00P87BFWC,2026-02-02
B00P87BFWC,2026-03-02
B00P87BG26,2025-04-28
B00P87BG26,2025-05-26
B00P87BG26,2025-06-23
B00P87BG26,2025-07-21
B00P87BG26,2025-08-18
B00P87BG26,2025-09-15
B00P87BG26,2025-10-13
B00P87BG26,2025-11-10
B00P87BG26,2025-12-08
B00P87BG26,2026-01-05
B00P87BG26,2026-02-02
B00P87BG26,2026-03-02
B00UTY4JBS,2025-04-28
B00UTY4JBS,2025-05-26
B00UTY4JBS,2025-06-23
B00UTY4JBS,2025-07-21
B00UTY4JBS,2025-08-18
B00UTY4JBS,2025-09-15
B00UTY4JBS,2025-10-13
B00UTY4JBS,2025-11-10
B00UTY4JBS,2025-12-08
B00UTY4JBS,2026-01-05
B00UTY4JBS,2026-02-02
B00UTY4JBS,2026-03-02
B00UXONBIQ,2025-04-28
B00UXONBIQ,2025-05-26
B00UXONBIQ,2025-06-23
B00UXONBIQ,2025-07-21
B00UXONBIQ,2025-08-18
B00UXONBIQ,2025-09-15
B00UXONBIQ,2025-10-13
B00UXONBIQ,2025-11-10
B00UXONBIQ,2025-12-08
B00UXONBIQ,2026-01-05
B00UXONBIQ,2026-02-02
B00UXONBIQ,2026-03-02
B00WN5AEI8,2025-04-28
B00WN5AEI8,2025-05-26
B00WN5AEI8,2025-06-23
B00WN5AEI8,2025-07-21
B00WN5AEI8,2025-08-18
B00WN5AEI8,2025-09-15
B00WN5AEI8,2025-10-13
B00WN5AEI8,2025-11-10
B00WN5AEI8,2025-12-08
B00WN5AEI8,2026-01-05
B00WN5AEI8,2026-02-02
B00WN5AEI8,2026-03-02
B00X44G288,2025-04-28
B00X44G288,2025-05-26
B00X44G288,2025-06-23
B00X44G288,2025-07-21
B00X44G288,2025-08-18
B00X44G288,2025-09-15
B00X44G288,2025-10-13
B00X44G288,2025-11-10
B00X44G288,2025-12-08
B00X44G288,2026-01-05
B00X44G288,2026-02-02
B00X44G288,2026-03-02
B010EAILSI,2025-04-28
B010EAILSI,2025-05-26
B010EAILSI,2025-06-23
B010EAILSI,2025-07-21
B010EAILSI,2025-08-18
B010EAILSI,2025-09-15
B010EAILSI,2025-10-13
B010EAILSI,2025-11-10
B010EAILSI,2025-12-08
B010EAILSI,2026-01-05
B010EAILSI,2026-02-02
B010EAILSI,2026-03-02
B0118F7TYA,2025-04-28
B0118F7TYA,2025-05-26
B0118F7TYA,2025-06-23
B0118F7TYA,2025-07-21
B0118F7TYA,2025-08-18
B0118F7TYA,2025-09-15
B0118F7TYA,2025-10-13
B0118F7TYA,2025-11-10
B0118F7TYA,2025-12-08
B0118F7TYA,2026-01-05
B0118F7TYA,2026-02-02
B0118F7TYA,2026-03-02
B011LL479G,2025-04-28
B011LL479G,2025-05-26
B011LL479G,2025-06-23
B011LL479G,2025-07-21
B011LL479G,2025-08-18
B011LL479G,2025-09-15
B011LL479G,2025-10-13
B011LL479G,2025-11-10
B011LL479G,2025-12-08
B011LL479G,2026-01-05
B011LL479G,2026-02-02
B011LL479G,2026-03-02
B011LL63S4,2025-04-28
B011LL63S4,2025-05-26
B011LL63S4,2025-06-23
B011LL63S4,2025-07-21
B011LL63S4,2025-08-18
B011LL63S4,2025-09-15
B011LL63S4,2025-10-13
B011LL63S4,2025-11-10
B011LL63S4,2025-12-08
B011LL63S4,2026-01-05
B011LL63S4,2026-02-02
B011LL63S4,2026-03-02
B011LL6QXQ,2025-04-28
B011LL6QXQ,2025-05-26
B011LL6QXQ,2025-06-23
B011LL6QXQ,2025-07-21
B011LL6QXQ,2025-08-18
B011LL6QXQ,2025-09-15
B011LL6QXQ,2025-10-13
B011LL6QXQ,2025-11-10
B011LL6QXQ,2025-12-08
B011LL6QXQ,2026-01-05
B011LL6QXQ,2026-02-02
B011LL6QXQ,2026-03-02
B015FV2PV0,2025-04-28
B015FV2PV0,2025-05-26
B015FV2PV0,2025-06-23
B015FV2PV0,2025-07-21
B015FV2PV0,2025-08-18
B015FV2PV0,2025-09-15
B015FV2PV0,2025-10-13
B015FV2PV0,2025-11-10
B015FV2PV0,2025-12-08
B015FV2PV0,2026-01-05
B015FV2PV0,2026-02-02
B015FV2PV0,2026-03-02
B016E4SGJM,2025-04-28
B016E4SGJM,2025-05-26
B016E4SGJM,2025-06-23
B016E4SGJM,2025-07-21
B016E4SGJM,2025-08-18
B016E4SGJM,2025-09-15
B016E4SGJM,2025-10-13
B016E4SGJM,2025-11-10
B016E4SGJM,2025-12-08
B016E4SGJM,2026-01-05
B016E4SGJM,2026-02-02
B016E4SGJM,2026-03-02
B016E4SGRE,2025-04-28
B016E4SGRE,2025-05-26
B016E4SGRE,2025-06-23
B016E4SGRE,2025-07-21
B016E4SGRE,2025-08-18
B016E4SGRE,2025-09-15
B016E4SGRE,2025-10-13
B016E4SGRE,2025-11-10
B016E4SGRE,2025-12-08
B016E4SGRE,2026-01-05
B016E4SGRE,2026-02-02
B016E4SGRE,2026-03-02
B016E4TMLI,2025-04-28
B016E4TMLI,2025-05-26
B016E4TMLI,2025-06-23
B016E4TMLI,2025-07-21
B016E4TMLI,2025-08-18
B016E4TMLI,2025-09-15
B016E4TMLI,2025-10-13
B016E4TMLI,2025-11-10
B016E4TMLI,2025-12-08
B016E4TMLI,2026-01-05
B016E4TMLI,2026-02-02
B016E4TMLI,2026-03-02
B016E4U1KY,2025-04-28
B016E4U1KY,2025-05-26
B016E4U1KY,2025-06-23
B016E4U1KY,2025-07-21
B016E4U1KY,2025-08-18
B016E4U1KY,2025-09-15
B016E4U1KY,2025-10-13
B016E4U1KY,2025-11-10
B016E4U1KY,2025-12-08
B016E4U1KY,2026-01-05
B016E4U1KY,2026-02-02
B016E4U1KY,2026-03-02
B016E4UW8A,2025-04-28
B016E4UW8A,2025-05-26
B016E4UW8A,2025-06-23
B016E4UW8A,2025-07-21
B016E4UW8A,2025-08-18
B016E4UW8A,2025-09-15
B016E4UW8A,2025-10-13
B016E4UW8A,2025-11-10
B016E4UW8A,2025-12-08
B016E4UW8A,2026-01-05
B016E4UW8A,2026-02-02
B016E4UW8A,2026-03-02
B017TDZ276,2025-04-28
B017TDZ276,2025-05-26
B017TDZ276,2025-06-23
B017TDZ276,2025-07-21
B017TDZ276,2025-08-18
B017TDZ276,2025-09-15
B017TDZ276,2025-10-13
B017TDZ276,2025-11-10
B017TDZ276,2025-12-08
B017TDZ276,2026-01-05
B017TDZ276,2026-02-02
B017TDZ276,2026-03-02
B01898ZJBE,2025-04-28
B01898ZJBE,2025-05-26
B01898ZJBE,2025-06-23
B01898ZJBE,2025-07-21
B01898ZJBE,2025-08-18
B01898ZJBE,2025-09-15
B01898ZJBE,2025-10-13
B01898ZJBE,2025-11-10
B01898ZJBE,2025-12-08
B01898ZJBE,2026-01-05
B01898ZJBE,2026-02-02
B01898ZJBE,2026-03-02
B0192FQ0R0,2025-04-28
B0192FQ0R0,2025-05-26
B0192FQ0R0,2025-06-23
B0192FQ0R0,2025-07-21
B0192FQ0R0,2025-08-18
B0192FQ0R0,2025-09-15
B0192FQ0R0,2025-10-13
B0192FQ0R0,2025-11-10
B0192FQ0R0,2025-12-08
B0192FQ0R0,2026-01-05
B0192FQ0R0,2026-02-02
B0192FQ0R0,2026-03-02
B0192FR6SW,2025-04-28
B0192FR6SW,2025-05-26
B0192FR6SW,2025-06-23
B0192FR6SW,2025-07-21
B0192FR6SW,2025-08-18
B0192FR6SW,2025-09-15
B0192FR6SW,2025-10-13
B0192FR6SW,2025-11-10
B0192FR6SW,2025-12-08
B0192FR6SW,2026-01-05
B0192FR6SW,2026-02-02
B0192FR6SW,2026-03-02
B0192FS9LU,2025-04-28
B0192FS9LU,2025-05-26
B0192FS9LU,2025-06-23
B0192FS9LU,2025-07-21
B0192FS9LU,2025-08-18
B0192FS9LU,2025-09-15
B0192FS9LU,2025-10-13
B0192FS9LU,2025-11-10
B0192FS9LU,2025-12-08
B0192FS9LU,2026-01-05
B0192FS9LU,2026-02-02
B0192FS9LU,2026-03-02
B01CFDNPTM,2025-04-28
B01CFDNPTM,2025-05-26
B01CFDNPTM,2025-06-23
B01CFDNPTM,2025-07-21
B01CFDNPTM,2025-08-18
B01CFDNPTM,2025-09-15
B01CFDNPTM,2025-10-13
B01CFDNPTM,2025-11-10
B01CFDNPTM,2025-12-08
B01CFDNPTM,2026-01-05
B01CFDNPTM,2026-02-02
B01CFDNPTM,2026-03-02
B01E1QO4T6,2025-04-28
B01E1QO4T6,2025-05-26
B01E1QO4T6,2025-06-23
B01E1QO4T6,2025-07-21
B01E1QO4T6,2025-08-18
B01E1QO4T6,2025-09-15
B01E1QO4T6,2025-10-13
B01E1QO4T6,2025-11-10
B01E1QO4T6,2025-12-08
B01E1QO4T6,2026-01-05
B01E1QO4T6,2026-02-02
B01E1QO4T6,2026-03-02
B01E6WW4D8,2025-04-28
B01E6WW4D8,2025-05-26
B01E6WW4D8,2025-06-23
B01E6WW4D8,2025-07-21
B01E6WW4D8,2025-08-18
B01E6WW4D8,2025-09-15
B01E6WW4D8,2025-10-13
B01E6WW4D8,2025-11-10
B01E6WW4D8,2025-12-08
B01E6WW4D8,2026-01-05
B01E6WW4D8,2026-02-02
B01E6WW4D8,2026-03-02
B01E6WW8Q6,2025-04-28
B01E6WW8Q6,2025-05-26
B01E6WW8Q6,2025-06-23
B01E6WW8Q6,2025-07-21
B01E6WW8Q6,2025-08-18
B01E6WW8Q6,2025-09-15
B01E6WW8Q6,2025-10-13
B01E6WW8Q6,2025-11-10
B01E6WW8Q6,2025-12-08
B01E6WW8Q6,2026-01-05
B01E6WW8Q6,2026-02-02
B01E6WW8Q6,2026-03-02
B01E6WWK8W,2025-04-28
B01E6WWK8W,2025-05-26
B01E6WWK8W,2025-06-23
B01E6WWK8W,2025-07-21
B01E6WWK8W,2025-08-18
B01E6WWK8W,2025-09-15
B01E6WWK8W,2025-10-13
B01E6WWK8W,2025-11-10
B01E6WWK8W,2025-12-08
B01E6WWK8W,2026-01-05
B01E6WWK8W,2026-02-02
B01E6WWK8W,2026-03-02
B01ECDPP0A,2025-04-28
B01ECDPP0A,2025-05-26
B01ECDPP0A,2025-06-23
B01ECDPP0A,2025-07-21
B01ECDPP0A,2025-08-18
B01ECDPP0A,2025-09-15
B01ECDPP0A,2025-10-13
B01ECDPP0A,2025-11-10
B01ECDPP0A,2025-12-08
B01ECDPP0A,2026-01-05
B01ECDPP0A,2026-02-02
B01ECDPP0A,2026-03-02
B01EF5W7HO,2025-04-28
B01EF5W7HO,2025-05-26
B01EF5W7HO,2025-06-23
B01EF5W7HO,2025-07-21
B01EF5W7HO,2025-08-18
B01EF5W7HO,2025-09-15
B01EF5W7HO,2025-10-13
B01EF5W7HO,2025-11-10
B01EF5W7HO,2025-12-08
B01EF5W7HO,2026-01-05
B01EF5W7HO,2026-02-02
B01EF5W7HO,2026-03-02
B01GSH6KCU,2025-04-28
B01GSH6KCU,2025-05-26
B01GSH6KCU,2025-06-23
B01GSH6KCU,2025-07-21
B01GSH6KCU,2025-08-18
B01GSH6KCU,2025-09-15
B01GSH6KCU,2025-10-13
B01GSH6KCU,2025-11-10
B01GSH6KCU,2025-12-08
B01GSH6KCU,2026-01-05
B01GSH6KCU,2026-02-02
B01GSH6KCU,2026-03-02
B01GULRHIU,2025-04-28
B01GULRHIU,2025-05-26
B01GULRHIU,2025-06-23
B01GULRHIU,2025-07-21
B01GULRHIU,2025-08-18
B01GULRHIU,2025-09-15
B01GULRHIU,2025-10-13
B01GULRHIU,2025-11-10
B01GULRHIU,2025-12-08
B01GULRHIU,2026-01-05
B01GULRHIU,2026-02-02
B01GULRHIU,2026-03-02
B01IAOEG9I,2025-04-28
B01IAOEG9I,2025-05-26
B01IAOEG9I,2025-06-23
B01IAOEG9I,2025-07-21
B01IAOEG9I,2025-08-18
B01IAOEG9I,2025-09-15
B01IAOEG9I,2025-10-13
B01IAOEG9I,2025-11-10
B01IAOEG9I,2025-12-08
B01IAOEG9I,2026-01-05
B01IAOEG9I,2026-02-02
B01IAOEG9I,2026-03-02
B01JQZRT4E,2025-04-28
B01JQZRT4E,2025-05-26
B01JQZRT4E,2025-06-23
B01JQZRT4E,2025-07-21
B01JQZRT4E,2025-08-18
B01JQZRT4E,2025-09-15
B01JQZRT4E,2025-10-13
B01JQZRT4E,2025-11-10
B01JQZRT4E,2025-12-08
B01JQZRT4E,2026-01-05
B01JQZRT4E,2026-02-02
B01JQZRT4E,2026-03-02
B01KMP3EHS,2025-04-28
B01KMP3EHS,2025-05-26
B01KMP3EHS,2025-06-23
B01KMP3EHS,2025-07-21
B01KMP3EHS,2025-08-18
B01KMP3EHS,2025-09-15
B01KMP3EHS,2025-10-13
B01KMP3EHS,2025-11-10
B01KMP3EHS,2025-12-08
B01KMP3EHS,2026-01-05
B01KMP3EHS,2026-02-02
B01KMP3EHS,2026-03-02
B01LT94W18,2025-04-28
B01LT94W18,2025-05-26
B01LT94W18,2025-06-23
B01LT94W18,2025-07-21
B01LT94W18,2025-08-18
B01LT94W18,2025-09-15
B01LT94W18,2025-10-13
B01LT94W18,2025-11-10
B01LT94W18,2025-12-08
B01LT94W18,2026-01-05
B01LT94W18,2026-02-02
B01LT94W18,2026-03-02
B01LT96A18,2025-04-28
B01LT96A18,2025-05-26
B01LT96A18,2025-06-23
B01LT96A18,2025-07-21
B01LT96A18,2025-08-18
B01LT96A18,2025-09-15
B01LT96A18,2025-10-13
B01LT96A18,2025-11-10
B01LT96A18,2025-12-08
B01LT96A18,2026-01-05
B01LT96A18,2026-02-02
B01LT96A18,2026-03-02
B01LT97E90,2025-04-28
B01LT97E90,2025-05-26
B01LT97E90,2025-06-23
B01LT97E90,2025-07-21
B01LT97E90,2025-08-18
B01LT97E90,2025-09-15
B01LT97E90,2025-10-13
B01LT97E90,2025-11-10
B01LT97E90,2025-12-08
B01LT97E90,2026-01-05
B01LT97E90,2026-02-02
B01LT97E90,2026-03-02
B01LT97IPA,2025-04-28
B01LT97IPA,2025-05-26
B01LT97IPA,2025-06-23
B01LT97IPA,2025-07-21
B01LT97IPA,2025-08-18
B01LT97IPA,2025-09-15
B01LT97IPA,2025-10-13
B01LT97IPA,2025-11-10
B01LT97IPA,2025-12-08
B01LT97IPA,2026-01-05
B01LT97IPA,2026-02-02
B01LT97IPA,2026-03-02
B01LT98S4U,2025-04-28
B01LT98S4U,2025-05-26
B01LT98S4U,2025-06-23
B01LT98S4U,2025-07-21
B01LT98S4U,2025-08-18
B01LT98S4U,2025-09-15
B01LT98S4U,2025-10-13
B01LT98S4U,2025-11-10
B01LT98S4U,2025-12-08
B01LT98S4U,2026-01-05
B01LT98S4U,2026-02-02
B01LT98S4U,2026-03-02
B01LW8SRQL,2025-04-28
B01LW8SRQL,2025-05-26
B01LW8SRQL,2025-06-23
B01LW8SRQL,2025-07-21
B01LW8SRQL,2025-08-18
B01LW8SRQL,2025-09-15
B01LW8SRQL,2025-10-13
B01LW8SRQL,2025-11-10
B01LW8SRQL,2025-12-08
B01LW8SRQL,2026-01-05
B01LW8SRQL,2026-02-02
B01LW8SRQL,2026-03-02
B01MFH6OO1,2025-04-28
B01MFH6OO1,2025-05-26
B01MFH6OO1,2025-06-23
B01MFH6OO1,2025-07-21
B01MFH6OO1,2025-08-18
B01MFH6OO1,2025-09-15
B01MFH6OO1,2025-10-13
B01MFH6OO1,2025-11-10
B01MFH6OO1,2025-12-08
B01MFH6OO1,2026-01-05
B01MFH6OO1,2026-02-02
B01MFH6OO1,2026-03-02
B01MQTX7XO,2025-04-28
B01MQTX7XO,2025-05-26
B01MQTX7XO,2025-06-23
B01MQTX7XO,2025-07-21
B01MQTX7XO,2025-08-18
B01MQTX7XO,2025-09-15
B01MQTX7XO,2025-10-13
B01MQTX7XO,2025-11-10
B01MQTX7XO,2025-12-08
B01MQTX7XO,2026-01-05
B01MQTX7XO,2026-02-02
B01MQTX7XO,2026-03-02
B01MRE22DL,2025-04-28
B01MRE22DL,2025-05-26
B01MRE22DL,2025-06-23
B01MRE22DL,2025-07-21
B01MRE22DL,2025-08-18
B01MRE22DL,2025-09-15
B01MRE22DL,2025-10-13
B01MRE22DL,2025-11-10
B01MRE22DL,2025-12-08
B01MRE22DL,2026-01-05
B01MRE22DL,2026-02-02
B01MRE22DL,2026-03-02
B01MRNBUZR,2025-04-28
B01MRNBUZR,2025-05-26
B01MRNBUZR,2025-06-23
B01MRNBUZR,2025-07-21
B01MRNBUZR,2025-08-18
B01MRNBUZR,2025-09-15
B01MRNBUZR,2025-10-13
B01MRNBUZR,2025-11-10
B01MRNBUZR,2025-12-08
B01MRNBUZR,2026-01-05
B01MRNBUZR,2026-02-02
B01MRNBUZR,2026-03-02
B01MRVBGOQ,2025-04-28
B01MRVBGOQ,2025-05-26
B01MRVBGOQ,2025-06-23
B01MRVBGOQ,2025-07-21
B01MRVBGOQ,2025-08-18
B01MRVBGOQ,2025-09-15
B01MRVBGOQ,2025-10-13
B01MRVBGOQ,2025-11-10
B01MRVBGOQ,2025-12-08
B01MRVBGOQ,2026-01-05
B01MRVBGOQ,2026-02-02
B01MRVBGOQ,2026-03-02
B01MSHA16Y,2025-04-28
B01MSHA16Y,2025-05-26
B01MSHA16Y,2025-06-23
B01MSHA16Y,2025-07-21
B01MSHA16Y,2025-08-18
B01MSHA16Y,2025-09-15
B01MSHA16Y,2025-10-13
B01MSHA16Y,2025-11-10
B01MSHA16Y,2025-12-08
B01MSHA16Y,2026-01-05
B01MSHA16Y,2026-02-02
B01MSHA16Y,2026-03-02
B01MSQQIPJ,2025-04-28
B01MSQQIPJ,2025-05-26
B01MSQQIPJ,2025-06-23
B01MSQQIPJ,2025-07-21
B01MSQQIPJ,2025-08-18
B01MSQQIPJ,2025-09-15
B01MSQQIPJ,2025-10-13
B01MSQQIPJ,2025-11-10
B01MSQQIPJ,2025-12-08
B01MSQQIPJ,2026-01-05
B01MSQQIPJ,2026-02-02
B01MSQQIPJ,2026-03-02
B01MTYJHAO,2025-04-28
B01MTYJHAO,2025-05-26
B01MTYJHAO,2025-06-23
B01MTYJHAO,2025-07-21
B01MTYJHAO,2025-08-18
B01MTYJHAO,2025-09-15
B01MTYJHAO,2025-10-13
B01MTYJHAO,2025-11-10
B01MTYJHAO,2025-12-08
B01MTYJHAO,2026-01-05
B01MTYJHAO,2026-02-02
B01MTYJHAO,2026-03-02
B01MXO5V7R,2025-04-28
B01MXO5V7R,2025-05-26
B01MXO5V7R,2025-06-23
B01MXO5V7R,2025-07-21
B01MXO5V7R,2025-08-18
B01MXO5V7R,2025-09-15
B01MXO5V7R,2025-10-13
B01MXO5V7R,2025-11-10
B01MXO5V7R,2025-12-08
B01MXO5V7R,2026-01-05
B01MXO5V7R,2026-02-02
B01MXO5V7R,2026-03-02
B01N2JQNPG,2025-04-28
B01N2JQNPG,2025-05-26
B01N2JQNPG,2025-06-23
B01N2JQNPG,2025-07-21
B01N2JQNPG,2025-08-18
B01N2JQNPG,2025-09-15
B01N2JQNPG,2025-10-13
B01N2JQNPG,2025-11-10
B01N2JQNPG,2025-12-08
B01N2JQNPG,2026-01-05
B01N2JQNPG,2026-02-02
B01N2JQNPG,2026-03-02
B01N43TMBT,2025-04-28
B01N43TMBT,2025-05-26
B01N43TMBT,2025-06-23
B01N43TMBT,2025-07-21
B01N43TMBT,2025-08-18
B01N43TMBT,2025-09-15
B01N43TMBT,2025-10-13
B01N43TMBT,2025-11-10
B01N43TMBT,2025-12-08
B01N43TMBT,2026-01-05
B01N43TMBT,2026-02-02
B01N43TMBT,2026-03-02
B01N45KBML,2025-04-28
B01N45KBML,2025-05-26
B01N45KBML,2025-06-23
B01N45KBML,2025-07-21
B01N45KBML,2025-08-18
B01N45KBML,2025-09-15
B01N45KBML,2025-10-13
B01N45KBML,2025-11-10
B01N45KBML,2025-12-08
B01N45KBML,2026-01-05
B01N45KBML,2026-02-02
B01N45KBML,2026-03-02
B01N4BUJOS,2025-04-28
B01N4BUJOS,2025-05-26
B01N4BUJOS,2025-06-23
B01N4BUJOS,2025-07-21
B01N4BUJOS,2025-08-18
B01N4BUJOS,2025-09-15
B01N4BUJOS,2025-10-13
B01N4BUJOS,2025-11-10
B01N4BUJOS,2025-12-08
B01N4BUJOS,2026-01-05
B01N4BUJOS,2026-02-02
B01N4BUJOS,2026-03-02
B01N6EPSNJ,2025-04-28
B01N6EPSNJ,2025-05-26
B01N6EPSNJ,2025-06-23
B01N6EPSNJ,2025-07-21
B01N6EPSNJ,2025-08-18
B01N6EPSNJ,2025-09-15
B01N6EPSNJ,2025-10-13
B01N6EPSNJ,2025-11-10
B01N6EPSNJ,2025-12-08
B01N6EPSNJ,2026-01-05
B01N6EPSNJ,2026-02-02
B01N6EPSNJ,2026-03-02
B01N6EQ1NA,2025-04-28
B01N6EQ1NA,2025-05-26
B01N6EQ1NA,2025-06-23
B01N6EQ1NA,2025-07-21
B01N6EQ1NA,2025-08-18
B01N6EQ1NA,2025-09-15
B01N6EQ1NA,2025-10-13
B01N6EQ1NA,2025-11-10
B01N6EQ1NA,2025-12-08
B01N6EQ1NA,2026-01-05
B01N6EQ1NA,2026-02-02
B01N6EQ1NA,2026-03-02
B01N6EQEMP,2025-04-28
B01N6EQEMP,2025-05-26
B01N6EQEMP,2025-06-23
B01N6EQEMP,2025-07-21
B01N6EQEMP,2025-08-18
B01N6EQEMP,2025-09-15
B01N6EQEMP,2025-10-13
B01N6EQEMP,2025-11-10
B01N6EQEMP,2025-12-08
B01N6EQEMP,2026-01-05
B01N6EQEMP,2026-02-02
B01N6EQEMP,2026-03-02
B01N8VI34X,2025-04-28
B01N8VI34X,2025-05-26
B01N8VI34X,2025-06-23
B01N8VI34X,2025-07-21
B01N8VI34X,2025-08-18
B01N8VI34X,2025-09-15
B01N8VI34X,2025-10-13
B01N8VI34X,2025-11-10
B01N8VI34X,2025-12-08
B01N8VI34X,2026-01-05
B01N8VI34X,2026-02-02
B01N8VI34X,2026-03-02
B01NA92SML,2025-04-28
B01NA92SML,2025-05-26
B01NA92SML,2025-06-23
B01NA92SML,2025-07-21
B01NA92SML,2025-08-18
B01NA92SML,2025-09-15
B01NA92SML,2025-10-13
B01NA92SML,2025-11-10
B01NA92SML,2025-12-08
B01NA92SML,2026-01-05
B01NA92SML,2026-02-02
B01NA92SML,2026-03-02
B01NGTQ66V,2025-04-28
B01NGTQ66V,2025-05-26
B01NGTQ66V,2025-06-23
B01NGTQ66V,2025-07-21
B01NGTQ66V,2025-08-18
B01NGTQ66V,2025-09-15
B01NGTQ66V,2025-10-13
B01NGTQ66V,2025-11-10
B01NGTQ66V,2025-12-08
B01NGTQ66V,2026-01-05
B01NGTQ66V,2026-02-02
B01NGTQ66V,2026-03-02
B06XD9Q3L8,2025-04-28
B06XD9Q3L8,2025-05-26
B06XD9Q3L8,2025-06-23
B06XD9Q3L8,2025-07-21
B06XD9Q3L8,2025-08-18
B06XD9Q3L8,2025-09-15
B06XD9Q3L8,2025-10-13
B06XD9Q3L8,2025-11-10
B06XD9Q3L8,2025-12-08
B06XD9Q3L8,2026-01-05
B06XD9Q3L8,2026-02-02
B06XD9Q3L8,2026-03-02
B06XG33JNW,2025-04-28
B06XG33JNW,2025-05-26
B06XG33JNW,2025-06-23
B06XG33JNW,2025-07-21
B06XG33JNW,2025-08-18
B06XG33JNW,2025-09-15
B06XG33JNW,2025-10-13
B06XG33JNW,2025-11-10
B06XG33JNW,2025-12-08
B06XG33JNW,2026-01-05
B06XG33JNW,2026-02-02
B06XG33JNW,2026-03-02
B06XJ9D3KG,2025-04-28
B06XJ9D3KG,2025-05-26
B06XJ9D3KG,2025-06-23
B06XJ9D3KG,2025-07-21
B06XJ9D3KG,2025-08-18
B06XJ9D3KG,2025-09-15
B06XJ9D3KG,2025-10-13
B06XJ9D3KG,2025-11-10
B06XJ9D3KG,2025-12-08
B06XJ9D3KG,2026-01-05
B06XJ9D3KG,2026-02-02
B06XJ9D3KG,2026-03-02
B06XJCT9QB,2025-04-28
B06XJCT9QB,2025-05-26
B06XJCT9QB,2025-06-23
B06XJCT9QB,2025-07-21
B06XJCT9QB,2025-08-18
B06XJCT9QB,2025-09-15
B06XJCT9QB,2025-10-13
B06XJCT9QB,2025-11-10
B06XJCT9QB,2025-12-08
B06XJCT9QB,2026-01-05
B06XJCT9QB,2026-02-02
B06XJCT9QB,2026-03-02
B06XJCZ37M,2025-04-28
B06XJCZ37M,2025-05-26
B06XJCZ37M,2025-06-23
B06XJCZ37M,2025-07-21
B06XJCZ37M,2025-08-18
B06XJCZ37M,2025-09-15
B06XJCZ37M,2025-10-13
B06XJCZ37M,2025-11-10
B06XJCZ37M,2025-12-08
B06XJCZ37M,2026-01-05
B06XJCZ37M,2026-02-02
B06XJCZ37M,2026-03-02
B06XJF7FBM,2025-04-28
B06XJF7FBM,2025-05-26
B06XJF7FBM,2025-06-23
B06XJF7FBM,2025-07-21
B06XJF7FBM,2025-08-18
B06XJF7FBM,2025-09-15
B06XJF7FBM,2025-10-13
B06XJF7FBM,2025-11-10
B06XJF7FBM,2025-12-08
B06XJF7FBM,2026-01-05
B06XJF7FBM,2026-02-02
B06XJF7FBM,2026-03-02
B06XJGSTHP,2025-04-28
B06XJGSTHP,2025-05-26
B06XJGSTHP,2025-06-23
B06XJGSTHP,2025-07-21
B06XJGSTHP,2025-08-18
B06XJGSTHP,2025-09-15
B06XJGSTHP,2025-10-13
B06XJGSTHP,2025-11-10
B06XJGSTHP,2025-12-08
B06XJGSTHP,2026-01-05
B06XJGSTHP,2026-02-02
B06XJGSTHP,2026-03-02
B06XXRNFXH,2025-04-28
B06XXRNFXH,2025-05-26
B06XXRNFXH,2025-06-23
B06XXRNFXH,2025-07-21
B06XXRNFXH,2025-08-18
B06XXRNFXH,2025-09-15
B06XXRNFXH,2025-10-13
B06XXRNFXH,2025-11-10
B06XXRNFXH,2025-12-08
B06XXRNFXH,2026-01-05
B06XXRNFXH,2026-02-02
B06XXRNFXH,2026-03-02
B06XY23NBT,2025-04-28
B06XY23NBT,2025-05-26
B06XY23NBT,2025-06-23
B06XY23NBT,2025-07-21
B06XY23NBT,2025-08-18
B06XY23NBT,2025-09-15
B06XY23NBT,2025-10-13
B06XY23NBT,2025-11-10
B06XY23NBT,2025-12-08
B06XY23NBT,2026-01-05
B06XY23NBT,2026-02-02
B06XY23NBT,2026-03-02
B06Y5LK4HD,2025-04-28
B06Y5LK4HD,2025-05-26
B06Y5LK4HD,2025-06-23
B06Y5LK4HD,2025-07-21
B06Y5LK4HD,2025-08-18
B06Y5LK4HD,2025-09-15
B06Y5LK4HD,2025-10-13
B06Y5LK4HD,2025-11-10
B06Y5LK4HD,2025-12-08
B06Y5LK4HD,2026-01-05
B06Y5LK4HD,2026-02-02
B06Y5LK4HD,2026-03-02
B06Y6MT3BN,2025-04-28
B06Y6MT3BN,2025-05-26
B06Y6MT3BN,2025-06-23
B06Y6MT3BN,2025-07-21
B06Y6MT3BN,2025-08-18
B06Y6MT3BN,2025-09-15
B06Y6MT3BN,2025-10-13
B06Y6MT3BN,2025-11-10
B06Y6MT3BN,2025-12-08
B06Y6MT3BN,2026-01-05
B06Y6MT3BN,2026-02-02
B06Y6MT3BN,2026-03-02
B06Y95PBM5,2025-04-28
B06Y95PBM5,2025-05-26
B06Y95PBM5,2025-06-23
B06Y95PBM5,2025-07-21
B06Y95PBM5,2025-08-18
B06Y95PBM5,2025-09-15
B06Y95PBM5,2025-10-13
B06Y95PBM5,2025-11-10
B06Y95PBM5,2025-12-08
B06Y95PBM5,2026-01-05
B06Y95PBM5,2026-02-02
B06Y95PBM5,2026-03-02
B06ZY5YC1Y,2025-04-28
B06ZY5YC1Y,2025-05-26
B06ZY5YC1Y,2025-06-23
B06ZY5YC1Y,2025-07-21
B06ZY5YC1Y,2025-08-18
B06ZY5YC1Y,2025-09-15
B06ZY5YC1Y,2025-10-13
B06ZY5YC1Y,2025-11-10
B06ZY5YC1Y,2025-12-08
B06ZY5YC1Y,2026-01-05
B06ZY5YC1Y,2026-02-02
B06ZY5YC1Y,2026-03-02
B06ZY6ND2R,2025-04-28
B06ZY6ND2R,2025-05-26
B06ZY6ND2R,2025-06-23
B06ZY6ND2R,2025-07-21
B06ZY6ND2R,2025-08-18
B06ZY6ND2R,2025-09-15
B06ZY6ND2R,2025-10-13
B06ZY6ND2R,2025-11-10
B06ZY6ND2R,2025-12-08
B06ZY6ND2R,2026-01-05
B06ZY6ND2R,2026-02-02
B06ZY6ND2R,2026-03-02
B06ZYGLY6Z,2025-04-28
B06ZYGLY6Z,2025-05-26
B06ZYGLY6Z,2025-06-23
B06ZYGLY6Z,2025-07-21
B06ZYGLY6Z,2025-08-18
B06ZYGLY6Z,2025-09-15
B06ZYGLY6Z,2025-10-13
B06ZYGLY6Z,2025-11-10
B06ZYGLY6Z,2025-12-08
B06ZYGLY6Z,2026-01-05
B06ZYGLY6Z,2026-02-02
B06ZYGLY6Z,2026-03-02
B06ZYH78FM,2025-04-28
B06ZYH78FM,2025-05-26
B06ZYH78FM,2025-06-23
B06ZYH78FM,2025-07-21
B06ZYH78FM,2025-08-18
B06ZYH78FM,2025-09-15
B06ZYH78FM,2025-10-13
B06ZYH78FM,2025-11-10
B06ZYH78FM,2025-12-08
B06ZYH78FM,2026-01-05
B06ZYH78FM,2026-02-02
B06ZYH78FM,2026-03-02
B06ZYRX9F6,2025-04-28
B06ZYRX9F6,2025-05-26
B06ZYRX9F6,2025-06-23
B06ZYRX9F6,2025-07-21
B06ZYRX9F6,2025-08-18
B06ZYRX9F6,2025-09-15
B06ZYRX9F6,2025-10-13
B06ZYRX9F6,2025-11-10
B06ZYRX9F6,2025-12-08
B06ZYRX9F6,2026-01-05
B06ZYRX9F6,2026-02-02
B06ZYRX9F6,2026-03-02
B06ZZ24TM3,2025-04-28
B06ZZ24TM3,2025-05-26
B06ZZ24TM3,2025-06-23
B06ZZ24TM3,2025-07-21
B06ZZ24TM3,2025-08-18
B06ZZ24TM3,2025-09-15
B06ZZ24TM3,2025-10-13
B06ZZ24TM3,2025-11-10
B06ZZ24TM3,2025-12-08
B06ZZ24TM3,2026-01-05
B06ZZ24TM3,2026-02-02
B06ZZ24TM3,2026-03-02
B06ZZ2QVHL,2025-04-28
B06ZZ2QVHL,2025-05-26
B06ZZ2QVHL,2025-06-23
B06ZZ2QVHL,2025-07-21
B06ZZ2QVHL,2025-08-18
B06ZZ2QVHL,2025-09-15
B06ZZ2QVHL,2025-10-13
B06ZZ2QVHL,2025-11-10
B06ZZ2QVHL,2025-12-08
B06ZZ2QVHL,2026-01-05
B06ZZ2QVHL,2026-02-02
B06ZZ2QVHL,2026-03-02
B06ZZBGXTH,2025-04-28
B06ZZBGXTH,2025-05-26
B06ZZBGXTH,2025-06-23
B06ZZBGXTH,2025-07-21
B06ZZBGXTH,2025-08-18
B06ZZBGXTH,2025-09-15
B06ZZBGXTH,2025-10-13
B06ZZBGXTH,2025-11-10
B06ZZBGXTH,2025-12-08
B06ZZBGXTH,2026-01-05
B06ZZBGXTH,2026-02-02
B06ZZBGXTH,2026-03-02
B06ZZMQXHQ,2025-04-28
B06ZZMQXHQ,2025-05-26
B06ZZMQXHQ,2025-06-23
B06ZZMQXHQ,2025-07-21
B06ZZMQXHQ,2025-08-18
B06ZZMQXHQ,2025-09-15
B06ZZMQXHQ,2025-10-13
B06ZZMQXHQ,2025-11-10
B06ZZMQXHQ,2025-12-08
B06ZZMQXHQ,2026-01-05
B06ZZMQXHQ,2026-02-02
B06ZZMQXHQ,2026-03-02
B0719QNHRJ,2025-04-28
B0719QNHRJ,2025-05-26
B0719QNHRJ,2025-06-23
B0719QNHRJ,2025-07-21
B0719QNHRJ,2025-08-18
B0719QNHRJ,2025-09-15
B0719QNHRJ,2025-10-13
B0719QNHRJ,2025-11-10
B0719QNHRJ,2025-12-08
B0719QNHRJ,2026-01-05
B0719QNHRJ,2026-02-02
B0719QNHRJ,2026-03-02
B071CV9XNC,2025-04-28
B071CV9XNC,2025-05-26
B071CV9XNC,2025-06-23
B071CV9XNC,2025-07-21
B071CV9XNC,2025-08-18
B071CV9XNC,2025-09-15
B071CV9XNC,2025-10-13
B071CV9XNC,2025-11-10
B071CV9XNC,2025-12-08
B071CV9XNC,2026-01-05
B071CV9XNC,2026-02-02
B071CV9XNC,2026-03-02
B071CVB5JK,2025-04-28
B071CVB5JK,2025-05-26
B071CVB5JK,2025-06-23
B071CVB5JK,2025-07-21
B071CVB5JK,2025-08-18
B071CVB5JK,2025-09-15
B071CVB5JK,2025-10-13
B071CVB5JK,2025-11-10
B071CVB5JK,2025-12-08
B071CVB5JK,2026-01-05
B071CVB5JK,2026-02-02
B071CVB5JK,2026-03-02
B071DDRYQD,2025-04-28
B071DDRYQD,2025-05-26
B071DDRYQD,2025-06-23
B071DDRYQD,2025-07-21
B071DDRYQD,2025-08-18
B071DDRYQD,2025-09-15
B071DDRYQD,2025-10-13
B071DDRYQD,2025-11-10
B071DDRYQD,2025-12-08
B071DDRYQD,2026-01-05
B071DDRYQD,2026-02-02
B071DDRYQD,2026-03-02
B071GZN5MT,2025-04-28
B071GZN5MT,2025-05-26
B071GZN5MT,2025-06-23
B071GZN5MT,2025-07-21
B071GZN5MT,2025-08-18
B071GZN5MT,2025-09-15
B071GZN5MT,2025-10-13
B071GZN5MT,2025-11-10
B071GZN5MT,2025-12-08
B071GZN5MT,2026-01-05
B071GZN5MT,2026-02-02
B071GZN5MT,2026-03-02
B071GZP74Q,2025-04-28
B071GZP74Q,2025-05-26
B071GZP74Q,2025-06-23
B071GZP74Q,2025-07-21
B071GZP74Q,2025-08-18
B071GZP74Q,2025-09-15
B071GZP74Q,2025-10-13
B071GZP74Q,2025-11-10
B071GZP74Q,2025-12-08
B071GZP74Q,2026-01-05
B071GZP74Q,2026-02-02
B071GZP74Q,2026-03-02
B071GZST2Y,2025-04-28
B071GZST2Y,2025-05-26
B071GZST2Y,2025-06-23
B071GZST2Y,2025-07-21
B071GZST2Y,2025-08-18
B071GZST2Y,2025-09-15
B071GZST2Y,2025-10-13
B071GZST2Y,2025-11-10
B071GZST2Y,2025-12-08
B071GZST2Y,2026-01-05
B071GZST2Y,2026-02-02
B071GZST2Y,2026-03-02
B071KKMC9N,2025-04-28
B071KKMC9N,2025-05-26
B071KKMC9N,2025-06-23
B071KKMC9N,2025-07-21
B071KKMC9N,2025-08-18
B071KKMC9N,2025-09-15
B071KKMC9N,2025-10-13
B071KKMC9N,2025-11-10
B071KKMC9N,2025-12-08
B071KKMC9N,2026-01-05
B071KKMC9N,2026-02-02
B071KKMC9N,2026-03-02
B071KLP6B8,2025-04-28
B071KLP6B8,2025-05-26
B071KLP6B8,2025-06-23
B071KLP6B8,2025-07-21
B071KLP6B8,2025-08-18
B071KLP6B8,2025-09-15
B071KLP6B8,2025-10-13
B071KLP6B8,2025-11-10
B071KLP6B8,2025-12-08
B071KLP6B8,2026-01-05
B071KLP6B8,2026-02-02
B071KLP6B8,2026-03-02
B071R28CH5,2025-04-28
B071R28CH5,2025-05-26
B071R28CH5,2025-06-23
B071R28CH5,2025-07-21
B071R28CH5,2025-08-18
B071R28CH5,2025-09-15
B071R28CH5,2025-10-13
B071R28CH5,2025-11-10
B071R28CH5,2025-12-08
B071R28CH5,2026-01-05
B071R28CH5,2026-02-02
B071R28CH5,2026-03-02
B071R2YQZJ,2025-04-28
B071R2YQZJ,2025-05-26
B071R2YQZJ,2025-06-23
B071R2YQZJ,2025-07-21
B071R2YQZJ,2025-08-18
B071R2YQZJ,2025-09-15
B071R2YQZJ,2025-10-13
B071R2YQZJ,2025-11-10
B071R2YQZJ,2025-12-08
B071R2YQZJ,2026-01-05
B071R2YQZJ,2026-02-02
B071R2YQZJ,2026-03-02
B071XJNLM1,2025-04-28
B071XJNLM1,2025-05-26
B071XJNLM1,2025-06-23
B071XJNLM1,2025-07-21
B071XJNLM1,2025-08-18
B071XJNLM1,2025-09-15
B071XJNLM1,2025-10-13
B071XJNLM1,2025-11-10
B071XJNLM1,2025-12-08
B071XJNLM1,2026-01-05
B071XJNLM1,2026-02-02
B071XJNLM1,2026-03-02
B071XTPLZP,2025-04-28
B071XTPLZP,2025-05-26
B071XTPLZP,2025-06-23
B071XTPLZP,2025-07-21
B071XTPLZP,2025-08-18
B071XTPLZP,2025-09-15
B071XTPLZP,2025-10-13
B071XTPLZP,2025-11-10
B071XTPLZP,2025-12-08
B071XTPLZP,2026-01-05
B071XTPLZP,2026-02-02
B071XTPLZP,2026-03-02
B071YCK1FB,2025-04-28
B071YCK1FB,2025-05-26
B071YCK1FB,2025-06-23
B071YCK1FB,2025-07-21
B071YCK1FB,2025-08-18
B071YCK1FB,2025-09-15
B071YCK1FB,2025-10-13
B071YCK1FB,2025-11-10
B071YCK1FB,2025-12-08
B071YCK1FB,2026-01-05
B071YCK1FB,2026-02-02
B071YCK1FB,2026-03-02
B071YDHS1D,2025-04-28
B071YDHS1D,2025-05-26
B071YDHS1D,2025-06-23
B071YDHS1D,2025-07-21
B071YDHS1D,2025-08-18
B071YDHS1D,2025-09-15
B071YDHS1D,2025-10-13
B071YDHS1D,2025-11-10
B071YDHS1D,2025-12-08
B071YDHS1D,2026-01-05
B071YDHS1D,2026-02-02
B071YDHS1D,2026-03-02
B07226PMZN,2025-04-28
B07226PMZN,2025-05-26
B07226PMZN,2025-06-23
B07226PMZN,2025-07-21
B07226PMZN,2025-08-18
B07226PMZN,2025-09-15
B07226PMZN,2025-10-13
B07226PMZN,2025-11-10
B07226PMZN,2025-12-08
B07226PMZN,2026-01-05
B07226PMZN,2026-02-02
B07226PMZN,2026-03-02
B072KT4375,2025-04-28
B072KT4375,2025-05-26
B072KT4375,2025-06-23
B072KT4375,2025-07-21
B072KT4375,2025-08-18
B072KT4375,2025-09-15
B072KT4375,2025-10-13
B072KT4375,2025-11-10
B072KT4375,2025-12-08
B072KT4375,2026-01-05
B072KT4375,2026-02-02
B072KT4375,2026-03-02
B072KT65GV,2025-04-28
B072KT65GV,2025-05-26
B072KT65GV,2025-06-23
B072KT65GV,2025-07-21
B072KT65GV,2025-08-18
B072KT65GV,2025-09-15
B072KT65GV,2025-10-13
B072KT65GV,2025-11-10
B072KT65GV,2025-12-08
B072KT65GV,2026-01-05
B072KT65GV,2026-02-02
B072KT65GV,2026-03-02
B072NDK39Y,2025-04-28
B072NDK39Y,2025-05-26
B072NDK39Y,2025-06-23
B072NDK39Y,2025-07-21
B072NDK39Y,2025-08-18
B072NDK39Y,2025-09-15
B072NDK39Y,2025-10-13
B072NDK39Y,2025-11-10
B072NDK39Y,2025-12-08
B072NDK39Y,2026-01-05
B072NDK39Y,2026-02-02
B072NDK39Y,2026-03-02
B072NDPRXD,2025-04-28
B072NDPRXD,2025-05-26
B072NDPRXD,2025-06-23
B072NDPRXD,2025-07-21
B072NDPRXD,2025-08-18
B072NDPRXD,2025-09-15
B072NDPRXD,2025-10-13
B072NDPRXD,2025-11-10
B072NDPRXD,2025-12-08
B072NDPRXD,2026-01-05
B072NDPRXD,2026-02-02
B072NDPRXD,2026-03-02
B072Q52859,2025-04-28
B072Q52859,2025-05-26
B072Q52859,2025-06-23
B072Q52859,2025-07-21
B072Q52859,2025-08-18
B072Q52859,2025-09-15
B072Q52859,2025-10-13
B072Q52859,2025-11-10
B072Q52859,2025-12-08
B072Q52859,2026-01-05
B072Q52859,2026-02-02
B072Q52859,2026-03-02
B0733C1BHC,2025-04-28
B0733C1BHC,2025-05-26
B0733C1BHC,2025-06-23
B0733C1BHC,2025-07-21
B0733C1BHC,2025-08-18
B0733C1BHC,2025-09-15
B0733C1BHC,2025-10-13
B0733C1BHC,2025-11-10
B0733C1BHC,2025-12-08
B0733C1BHC,2026-01-05
B0733C1BHC,2026-02-02
B0733C1BHC,2026-03-02
B0733DS3NF,2025-04-28
B0733DS3NF,2025-05-26
B0733DS3NF,2025-06-23
B0733DS3NF,2025-07-21
B0733DS3NF,2025-08-18
B0733DS3NF,2025-09-15
B0733DS3NF,2025-10-13
B0733DS3NF,2025-11-10
B0733DS3NF,2025-12-08
B0733DS3NF,2026-01-05
B0733DS3NF,2026-02-02
B0733DS3NF,2026-03-02
B073H6PK4D,2025-04-28
B073H6PK4D,2025-05-26
B073H6PK4D,2025-06-23
B073H6PK4D,2025-07-21
B073H6PK4D,2025-08-18
B073H6PK4D,2025-09-15
B073H6PK4D,2025-10-13
B073H6PK4D,2025-11-10
B073H6PK4D,2025-12-08
B073H6PK4D,2026-01-05
B073H6PK4D,2026-02-02
B073H6PK4D,2026-03-02
B073H7TVWV,2025-04-28
B073H7TVWV,2025-05-26
B073H7TVWV,2025-06-23
B073H7TVWV,2025-07-21
B073H7TVWV,2025-08-18
B073H7TVWV,2025-09-15
B073H7TVWV,2025-10-13
B073H7TVWV,2025-11-10
B073H7TVWV,2025-12-08
B073H7TVWV,2026-01-05
B073H7TVWV,2026-02-02
B073H7TVWV,2026-03-02
B073H88DSC,2025-04-28
B073H88DSC,2025-05-26
B073H88DSC,2025-06-23
B073H88DSC,2025-07-21
B073H88DSC,2025-08-18
B073H88DSC,2025-09-15
B073H88DSC,2025-10-13
B073H88DSC,2025-11-10
B073H88DSC,2025-12-08
B073H88DSC,2026-01-05
B073H88DSC,2026-02-02
B073H88DSC,2026-03-02
B073H9HTWC,2025-04-28
B073H9HTWC,2025-05-26
B073H9HTWC,2025-06-23
B073H9HTWC,2025-07-21
B073H9HTWC,2025-08-18
B073H9HTWC,2025-09-15
B073H9HTWC,2025-10-13
B073H9HTWC,2025-11-10
B073H9HTWC,2025-12-08
B073H9HTWC,2026-01-05
B073H9HTWC,2026-02-02
B073H9HTWC,2026-03-02
B073H9QRK2,2025-04-28
B073H9QRK2,2025-05-26
B073H9QRK2,2025-06-23
B073H9QRK2,2025-07-21
B073H9QRK2,2025-08-18
B073H9QRK2,2025-09-15
B073H9QRK2,2025-10-13
B073H9QRK2,2025-11-10
B073H9QRK2,2025-12-08
B073H9QRK2,2026-01-05
B073H9QRK2,2026-02-02
B073H9QRK2,2026-03-02
B073HBCQSN,2025-04-28
B073HBCQSN,2025-05-26
B073HBCQSN,2025-06-23
B073HBCQSN,2025-07-21
B073HBCQSN,2025-08-18
B073HBCQSN,2025-09-15
B073HBCQSN,2025-10-13
B073HBCQSN,2025-11-10
B073HBCQSN,2025-12-08
B073HBCQSN,2026-01-05
B073HBCQSN,2026-02-02
B073HBCQSN,2026-03-02
B073HBKS9T,2025-04-28
B073HBKS9T,2025-05-26
B073HBKS9T,2025-06-23
B073HBKS9T,2025-07-21
B073HBKS9T,2025-08-18
B073HBKS9T,2025-09-15
B073HBKS9T,2025-10-13
B073HBKS9T,2025-11-10
B073HBKS9T,2025-12-08
B073HBKS9T,2026-01-05
B073HBKS9T,2026-02-02
B073HBKS9T,2026-03-02
B0743H37QR,2025-04-28
B0743H37QR,2025-05-26
B0743H37QR,2025-06-23
B0743H37QR,2025-07-21
B0743H37QR,2025-08-18
B0743H37QR,2025-09-15
B0743H37QR,2025-10-13
B0743H37QR,2025-11-10
B0743H37QR,2025-12-08
B0743H37QR,2026-01-05
B0743H37QR,2026-02-02
B0743H37QR,2026-03-02
B0743H79VG,2025-04-28
B0743H79VG,2025-05-26
B0743H79VG,2025-06-23
B0743H79VG,2025-07-21
B0743H79VG,2025-08-18
B0743H79VG,2025-09-15
B0743H79VG,2025-10-13
B0743H79VG,2025-11-10
B0743H79VG,2025-12-08
B0743H79VG,2026-01-05
B0743H79VG,2026-02-02
B0743H79VG,2026-03-02
B074CTYGJY,2025-04-28
B074CTYGJY,2025-05-26
B074CTYGJY,2025-06-23
B074CTYGJY,2025-07-21
B074CTYGJY,2025-08-18
B074CTYGJY,2025-09-15
B074CTYGJY,2025-10-13
B074CTYGJY,2025-11-10
B074CTYGJY,2025-12-08
B074CTYGJY,2026-01-05
B074CTYGJY,2026-02-02
B074CTYGJY,2026-03-02
B074J798BD,2025-04-28
B074J798BD,2025-05-26
B074J798BD,2025-06-23
B074J798BD,2025-07-21
B074J798BD,2025-08-18
B074J798BD,2025-09-15
B074J798BD,2025-10-13
B074J798BD,2025-11-10
B074J798BD,2025-12-08
B074J798BD,2026-01-05
B074J798BD,2026-02-02
B074J798BD,2026-03-02
B074P5RYGG,2025-04-28
B074P5RYGG,2025-05-26
B074P5RYGG,2025-06-23
B074P5RYGG,2025-07-21
B074P5RYGG,2025-08-18
B074P5RYGG,2025-09-15
B074P5RYGG,2025-10-13
B074P5RYGG,2025-11-10
B074P5RYGG,2025-12-08
B074P5RYGG,2026-01-05
B074P5RYGG,2026-02-02
B074P5RYGG,2026-03-02
B0756YHQY8,2025-04-28
B0756YHQY8,2025-05-26
B0756YHQY8,2025-06-23
B0756YHQY8,2025-07-21
B0756YHQY8,2025-08-18
B0756YHQY8,2025-09-15
B0756YHQY8,2025-10-13
B0756YHQY8,2025-11-10
B0756YHQY8,2025-12-08
B0756YHQY8,2026-01-05
B0756YHQY8,2026-02-02
B0756YHQY8,2026-03-02
B0756ZJGK8,2025-04-28
B0756ZJGK8,2025-05-26
B0756ZJGK8,2025-06-23
B0756ZJGK8,2025-07-21
B0756ZJGK8,2025-08-18
B0756ZJGK8,2025-09-15
B0756ZJGK8,2025-10-13
B0756ZJGK8,2025-11-10
B0756ZJGK8,2025-12-08
B0756ZJGK8,2026-01-05
B0756ZJGK8,2026-02-02
B0756ZJGK8,2026-03-02
B0757CXYW8,2025-04-28
B0757CXYW8,2025-05-26
B0757CXYW8,2025-06-23
B0757CXYW8,2025-07-21
B0757CXYW8,2025-08-18
B0757CXYW8,2025-09-15
B0757CXYW8,2025-10-13
B0757CXYW8,2025-11-10
B0757CXYW8,2025-12-08
B0757CXYW8,2026-01-05
B0757CXYW8,2026-02-02
B0757CXYW8,2026-03-02
B0759LZY42,2025-04-28
B0759LZY42,2025-05-26
B0759LZY42,2025-06-23
B0759LZY42,2025-07-21
B0759LZY42,2025-08-18
B0759LZY42,2025-09-15
B0759LZY42,2025-10-13
B0759LZY42,2025-11-10
B0759LZY42,2025-12-08
B0759LZY42,2026-01-05
B0759LZY42,2026-02-02
B0759LZY42,2026-03-02
B0759TRY7M,2025-04-28
B0759TRY7M,2025-05-26
B0759TRY7M,2025-06-23
B0759TRY7M,2025-07-21
B0759TRY7M,2025-08-18
B0759TRY7M,2025-09-15
B0759TRY7M,2025-10-13
B0759TRY7M,2025-11-10
B0759TRY7M,2025-12-08
B0759TRY7M,2026-01-05
B0759TRY7M,2026-02-02
B0759TRY7M,2026-03-02
B0759VCPZH,2025-04-28
B0759VCPZH,2025-05-26
B0759VCPZH,2025-06-23
B0759VCPZH,2025-07-21
B0759VCPZH,2025-08-18
B0759VCPZH,2025-09-15
B0759VCPZH,2025-10-13
B0759VCPZH,2025-11-10
B0759VCPZH,2025-12-08
B0759VCPZH,2026-01-05
B0759VCPZH,2026-02-02
B0759VCPZH,2026-03-02
B075B3W5PH,2025-04-28
B075B3W5PH,2025-05-26
B075B3W5PH,2025-06-23
B075B3W5PH,2025-07-21
B075B3W5PH,2025-08-18
B075B3W5PH,2025-09-15
B075B3W5PH,2025-10-13
B075B3W5PH,2025-11-10
B075B3W5PH,2025-12-08
B075B3W5PH,2026-01-05
B075B3W5PH,2026-02-02
B075B3W5PH,2026-03-02
B075QDSMG2,2025-04-28
B075QDSMG2,2025-05-26
B075QDSMG2,2025-06-23
B075QDSMG2,2025-07-21
B075QDSMG2,2025-08-18
B075QDSMG2,2025-09-15
B075QDSMG2,2025-10-13
B075QDSMG2,2025-11-10
B075QDSMG2,2025-12-08
B075QDSMG2,2026-01-05
B075QDSMG2,2026-02-02
B075QDSMG2,2026-03-02
B075QDTH3F,2025-04-28
B075QDTH3F,2025-05-26
B075QDTH3F,2025-06-23
B075QDTH3F,2025-07-21
B075QDTH3F,2025-08-18
B075QDTH3F,2025-09-15
B075QDTH3F,2025-10-13
B075QDTH3F,2025-11-10
B075QDTH3F,2025-12-08
B075QDTH3F,2026-01-05
B075QDTH3F,2026-02-02
B075QDTH3F,2026-03-02
B075V4FHZK,2025-04-28
B075V4FHZK,2025-05-26
B075V4FHZK,2025-06-23
B075V4FHZK,2025-07-21
B075V4FHZK,2025-08-18
B075V4FHZK,2025-09-15
B075V4FHZK,2025-10-13
B075V4FHZK,2025-11-10
B075V4FHZK,2025-12-08
B075V4FHZK,2026-01-05
B075V4FHZK,2026-02-02
B075V4FHZK,2026-03-02
B076J1LZCT,2025-04-28
B076J1LZCT,2025-05-26
B076J1LZCT,2025-06-23
B076J1LZCT,2025-07-21
B076J1LZCT,2025-08-18
B076J1LZCT,2025-09-15
B076J1LZCT,2025-10-13
B076J1LZCT,2025-11-10
B076J1LZCT,2025-12-08
B076J1LZCT,2026-01-05
B076J1LZCT,2026-02-02
B076J1LZCT,2026-03-02
B076P439TP,2025-04-28
B076P439TP,2025-05-26
B076P439TP,2025-06-23
B076P439TP,2025-07-21
B076P439TP,2025-08-18
B076P439TP,2025-09-15
B076P439TP,2025-10-13
B076P439TP,2025-11-10
B076P439TP,2025-12-08
B076P439TP,2026-01-05
B076P439TP,2026-02-02
B076P439TP,2026-03-02
B076P5CVVB,2025-04-28
B076P5CVVB,2025-05-26
B076P5CVVB,2025-06-23
B076P5CVVB,2025-07-21
B076P5CVVB,2025-08-18
B076P5CVVB,2025-09-15
B076P5CVVB,2025-10-13
B076P5CVVB,2025-11-10
B076P5CVVB,2025-12-08
B076P5CVVB,2026-01-05
B076P5CVVB,2026-02-02
B076P5CVVB,2026-03-02
B076Q7ZP1C,2025-04-28
B076Q7ZP1C,2025-05-26
B076Q7ZP1C,2025-06-23
B076Q7ZP1C,2025-07-21
B076Q7ZP1C,2025-08-18
B076Q7ZP1C,2025-09-15
B076Q7ZP1C,2025-10-13
B076Q7ZP1C,2025-11-10
B076Q7ZP1C,2025-12-08
B076Q7ZP1C,2026-01-05
B076Q7ZP1C,2026-02-02
B076Q7ZP1C,2026-03-02
B077XLHB5C,2025-04-28
B077XLHB5C,2025-05-26
B077XLHB5C,2025-06-23
B077XLHB5C,2025-07-21
B077XLHB5C,2025-08-18
B077XLHB5C,2025-09-15
B077XLHB5C,2025-10-13
B077XLHB5C,2025-11-10
B077XLHB5C,2025-12-08
B077XLHB5C,2026-01-05
B077XLHB5C,2026-02-02
B077XLHB5C,2026-03-02
B077XN3HT8,2025-04-28
B077XN3HT8,2025-05-26
B077XN3HT8,2025-06-23
B077XN3HT8,2025-07-21
B077XN3HT8,2025-08-18
B077XN3HT8,2025-09-15
B077XN3HT8,2025-10-13
B077XN3HT8,2025-11-10
B077XN3HT8,2025-12-08
B077XN3HT8,2026-01-05
B077XN3HT8,2026-02-02
B077XN3HT8,2026-03-02
B077XNMYF1,2025-04-28
B077XNMYF1,2025-05-26
B077XNMYF1,2025-06-23
B077XNMYF1,2025-07-21
B077XNMYF1,2025-08-18
B077XNMYF1,2025-09-15
B077XNMYF1,2025-10-13
B077XNMYF1,2025-11-10
B077XNMYF1,2025-12-08
B077XNMYF1,2026-01-05
B077XNMYF1,2026-02-02
B077XNMYF1,2026-03-02
B077XQRM47,2025-04-28
B077XQRM47,2025-05-26
B077XQRM47,2025-06-23
B077XQRM47,2025-07-21
B077XQRM47,2025-08-18
B077XQRM47,2025-09-15
B077XQRM47,2025-10-13
B077XQRM47,2025-11-10
B077XQRM47,2025-12-08
B077XQRM47,2026-01-05
B077XQRM47,2026-02-02
B077XQRM47,2026-03-02
B077XR6ZMC,2025-04-28
B077XR6ZMC,2025-05-26
B077XR6ZMC,2025-06-23
B077XR6ZMC,2025-07-21
B077XR6ZMC,2025-08-18
B077XR6ZMC,2025-09-15
B077XR6ZMC,2025-10-13
B077XR6ZMC,2025-11-10
B077XR6ZMC,2025-12-08
B077XR6ZMC,2026-01-05
B077XR6ZMC,2026-02-02
B077XR6ZMC,2026-03-02
B077XR7496,2025-04-28
B077XR7496,2025-05-26
B077XR7496,2025-06-23
B077XR7496,2025-07-21
B077XR7496,2025-08-18
B077XR7496,2025-09-15
B077XR7496,2025-10-13
B077XR7496,2025-11-10
B077XR7496,2025-12-08
B077XR7496,2026-01-05
B077XR7496,2026-02-02
B077XR7496,2026-03-02
B077XS5NPL,2025-04-28
B077XS5NPL,2025-05-26
B077XS5NPL,2025-06-23
B077XS5NPL,2025-07-21
B077XS5NPL,2025-08-18
B077XS5NPL,2025-09-15
B077XS5NPL,2025-10-13
B077XS5NPL,2025-11-10
B077XS5NPL,2025-12-08
B077XS5NPL,2026-01-05
B077XS5NPL,2026-02-02
B077XS5NPL,2026-03-02
B077XSLYJH,2025-04-28
B077XSLYJH,2025-05-26
B077XSLYJH,2025-06-23
B077XSLYJH,2025-07-21
B077XSLYJH,2025-08-18
B077XSLYJH,2025-09-15
B077XSLYJH,2025-10-13
B077XSLYJH,2025-11-10
B077XSLYJH,2025-12-08
B077XSLYJH,2026-01-05
B077XSLYJH,2026-02-02
B077XSLYJH,2026-03-02
B077XSLZRR,2025-04-28
B077XSLZRR,2025-05-26
B077XSLZRR,2025-06-23
B077XSLZRR,2025-07-21
B077XSLZRR,2025-08-18
B077XSLZRR,2025-09-15
B077XSLZRR,2025-10-13
B077XSLZRR,2025-11-10
B077XSLZRR,2025-12-08
B077XSLZRR,2026-01-05
B077XSLZRR,2026-02-02
B077XSLZRR,2026-03-02
B078PPWGHG,2025-04-28
B078PPWGHG,2025-05-26
B078PPWGHG,2025-06-23
B078PPWGHG,2025-07-21
B078PPWGHG,2025-08-18
B078PPWGHG,2025-09-15
B078PPWGHG,2025-10-13
B078PPWGHG,2025-11-10
B078PPWGHG,2025-12-08
B078PPWGHG,2026-01-05
B078PPWGHG,2026-02-02
B078PPWGHG,2026-03-02
B078PPZ2RG,2025-04-28
B078PPZ2RG,2025-05-26
B078PPZ2RG,2025-06-23
B078PPZ2RG,2025-07-21
B078PPZ2RG,2025-08-18
B078PPZ2RG,2025-09-15
B078PPZ2RG,2025-10-13
B078PPZ2RG,2025-11-10
B078PPZ2RG,2025-12-08
B078PPZ2RG,2026-01-05
B078PPZ2RG,2026-02-02
B078PPZ2RG,2026-03-02
B078PWJJCW,2025-04-28
B078PWJJCW,2025-05-26
B078PWJJCW,2025-06-23
B078PWJJCW,2025-07-21
B078PWJJCW,2025-08-18
B078PWJJCW,2025-09-15
B078PWJJCW,2025-10-13
B078PWJJCW,2025-11-10
B078PWJJCW,2025-12-08
B078PWJJCW,2026-01-05
B078PWJJCW,2026-02-02
B078PWJJCW,2026-03-02
B078PX4VDM,2025-04-28
B078PX4VDM,2025-05-26
B078PX4VDM,2025-06-23
B078PX4VDM,2025-07-21
B078PX4VDM,2025-08-18
B078PX4VDM,2025-09-15
B078PX4VDM,2025-10-13
B078PX4VDM,2025-11-10
B078PX4VDM,2025-12-08
B078PX4VDM,2026-01-05
B078PX4VDM,2026-02-02
B078PX4VDM,2026-03-02
B0799D7F3Q,2025-04-28
B0799D7F3Q,2025-05-26
B0799D7F3Q,2025-06-23
B0799D7F3Q,2025-07-21
B0799D7F3Q,2025-08-18
B0799D7F3Q,2025-09-15
B0799D7F3Q,2025-10-13
B0799D7F3Q,2025-11-10
B0799D7F3Q,2025-12-08
B0799D7F3Q,2026-01-05
B0799D7F3Q,2026-02-02
B0799D7F3Q,2026-03-02
B0799DH4FL,2025-04-28
B0799DH4FL,2025-05-26
B0799DH4FL,2025-06-23
B0799DH4FL,2025-07-21
B0799DH4FL,2025-08-18
B0799DH4FL,2025-09-15
B0799DH4FL,2025-10-13
B0799DH4FL,2025-11-10
B0799DH4FL,2025-12-08
B0799DH4FL,2026-01-05
B0799DH4FL,2026-02-02
B0799DH4FL,2026-03-02
B079CFZCW1,2025-04-28
B079CFZCW1,2025-05-26
B079CFZCW1,2025-06-23
B079CFZCW1,2025-07-21
B079CFZCW1,2025-08-18
B079CFZCW1,2025-09-15
B079CFZCW1,2025-10-13
B079CFZCW1,2025-11-10
B079CFZCW1,2025-12-08
B079CFZCW1,2026-01-05
B079CFZCW1,2026-02-02
B079CFZCW1,2026-03-02
B079CGLT6Z,2025-04-28
B079CGLT6Z,2025-05-26
B079CGLT6Z,2025-06-23
B079CGLT6Z,2025-07-21
B079CGLT6Z,2025-08-18
B079CGLT6Z,2025-09-15
B079CGLT6Z,2025-10-13
B079CGLT6Z,2025-11-10
B079CGLT6Z,2025-12-08
B079CGLT6Z,2026-01-05
B079CGLT6Z,2026-02-02
B079CGLT6Z,2026-03-02
B079DM3NFQ,2025-04-28
B079DM3NFQ,2025-05-26
B079DM3NFQ,2025-06-23
B079DM3NFQ,2025-07-21
B079DM3NFQ,2025-08-18
B079DM3NFQ,2025-09-15
B079DM3NFQ,2025-10-13
B079DM3NFQ,2025-11-10
B079DM3NFQ,2025-12-08
B079DM3NFQ,2026-01-05
B079DM3NFQ,2026-02-02
B079DM3NFQ,2026-03-02
B079DNRST3,2025-04-28
B079DNRST3,2025-05-26
B079DNRST3,2025-06-23
B079DNRST3,2025-07-21
B079DNRST3,2025-08-18
B079DNRST3,2025-09-15
B079DNRST3,2025-10-13
B079DNRST3,2025-11-10
B079DNRST3,2025-12-08
B079DNRST3,2026-01-05
B079DNRST3,2026-02-02
B079DNRST3,2026-03-02
B079QJTH57,2025-04-28
B079QJTH57,2025-05-26
B079QJTH57,2025-06-23
B079QJTH57,2025-07-21
B079QJTH57,2025-08-18
B079QJTH57,2025-09-15
B079QJTH57,2025-10-13
B079QJTH57,2025-11-10
B079QJTH57,2025-12-08
B079QJTH57,2026-01-05
B079QJTH57,2026-02-02
B079QJTH57,2026-03-02
B079QJZ9V9,2025-04-28
B079QJZ9V9,2025-05-26
B079QJZ9V9,2025-06-23
B079QJZ9V9,2025-07-21
B079QJZ9V9,2025-08-18
B079QJZ9V9,2025-09-15
B079QJZ9V9,2025-10-13
B079QJZ9V9,2025-11-10
B079QJZ9V9,2025-12-08
B079QJZ9V9,2026-01-05
B079QJZ9V9,2026-02-02
B079QJZ9V9,2026-03-02
B079Z5CGR4,2025-04-28
B079Z5CGR4,2025-05-26
B079Z5CGR4,2025-06-23
B079Z5CGR4,2025-07-21
B079Z5CGR4,2025-08-18
B079Z5CGR4,2025-09-15
B079Z5CGR4,2025-10-13
B079Z5CGR4,2025-11-10
B079Z5CGR4,2025-12-08
B079Z5CGR4,2026-01-05
B079Z5CGR4,2026-02-02
B079Z5CGR4,2026-03-02
B079ZL4WS7,2025-04-28
B079ZL4WS7,2025-05-26
B079ZL4WS7,2025-06-23
B079ZL4WS7,2025-07-21
B079ZL4WS7,2025-08-18
B079ZL4WS7,2025-09-15
B079ZL4WS7,2025-10-13
B079ZL4WS7,2025-11-10
B079ZL4WS7,2025-12-08
B079ZL4WS7,2026-01-05
B079ZL4WS7,2026-02-02
B079ZL4WS7,2026-03-02
B07B24X11K,2025-04-28
B07B24X11K,2025-05-26
B07B24X11K,2025-06-23
B07B24X11K,2025-07-21
B07B24X11K,2025-08-18
B07B24X11K,2025-09-15
B07B24X11K,2025-10-13
B07B24X11K,2025-11-10
B07B24X11K,2025-12-08
B07B24X11K,2026-01-05
B07B24X11K,2026-02-02
B07B24X11K,2026-03-02
B07B294VBT,2025-04-28
B07B294VBT,2025-05-26
B07B294VBT,2025-06-23
B07B294VBT,2025-07-21
B07B294VBT,2025-08-18
B07B294VBT,2025-09-15
B07B294VBT,2025-10-13
B07B294VBT,2025-11-10
B07B294VBT,2025-12-08
B07B294VBT,2026-01-05
B07B294VBT,2026-02-02
B07B294VBT,2026-03-02
B07B3N3XDW,2025-04-28
B07B3N3XDW,2025-05-26
B07B3N3XDW,2025-06-23
B07B3N3XDW,2025-07-21
B07B3N3XDW,2025-08-18
B07B3N3XDW,2025-09-15
B07B3N3XDW,2025-10-13
B07B3N3XDW,2025-11-10
B07B3N3XDW,2025-12-08
B07B3N3XDW,2026-01-05
B07B3N3XDW,2026-02-02
B07B3N3XDW,2026-03-02
B07B3NJ9LJ,2025-04-28
B07B3NJ9LJ,2025-05-26
B07B3NJ9LJ,2025-06-23
B07B3NJ9LJ,2025-07-21
B07B3NJ9LJ,2025-08-18
B07B3NJ9LJ,2025-09-15
B07B3NJ9LJ,2025-10-13
B07B3NJ9LJ,2025-11-10
B07B3NJ9LJ,2025-12-08
B07B3NJ9LJ,2026-01-05
B07B3NJ9LJ,2026-02-02
B07B3NJ9LJ,2026-03-02
B07B4KP6ZM,2025-04-28
B07B4KP6ZM,2025-05-26
B07B4KP6ZM,2025-06-23
B07B4KP6ZM,2025-07-21
B07B4KP6ZM,2025-08-18
B07B4KP6ZM,2025-09-15
B07B4KP6ZM,2025-10-13
B07B4KP6ZM,2025-11-10
B07B4KP6ZM,2025-12-08
B07B4KP6ZM,2026-01-05
B07B4KP6ZM,2026-02-02
B07B4KP6ZM,2026-03-02
B07B4SJ5GY,2025-04-28
B07B4SJ5GY,2025-05-26
B07B4SJ5GY,2025-06-23
B07B4SJ5GY,2025-07-21
B07B4SJ5GY,2025-08-18
B07B4SJ5GY,2025-09-15
B07B4SJ5GY,2025-10-13
B07B4SJ5GY,2025-11-10
B07B4SJ5GY,2025-12-08
B07B4SJ5GY,2026-01-05
B07B4SJ5GY,2026-02-02
B07B4SJ5GY,2026-03-02
B07B4SPPHS,2025-04-28
B07B4SPPHS,2025-05-26
B07B4SPPHS,2025-06-23
B07B4SPPHS,2025-07-21
B07B4SPPHS,2025-08-18
B07B4SPPHS,2025-09-15
B07B4SPPHS,2025-10-13
B07B4SPPHS,2025-11-10
B07B4SPPHS,2025-12-08
B07B4SPPHS,2026-01-05
B07B4SPPHS,2026-02-02
B07B4SPPHS,2026-03-02
B07B8T3VS3,2025-04-28
B07B8T3VS3,2025-05-26
B07B8T3VS3,2025-06-23
B07B8T3VS3,2025-07-21
B07B8T3VS3,2025-08-18
B07B8T3VS3,2025-09-15
B07B8T3VS3,2025-10-13
B07B8T3VS3,2025-11-10
B07B8T3VS3,2025-12-08
B07B8T3VS3,2026-01-05
B07B8T3VS3,2026-02-02
B07B8T3VS3,2026-03-02
B07B8YP3RL,2025-04-28
B07B8YP3RL,2025-05-26
B07B8YP3RL,2025-06-23
B07B8YP3RL,2025-07-21
B07B8YP3RL,2025-08-18
B07B8YP3RL,2025-09-15
B07B8YP3RL,2025-10-13
B07B8YP3RL,2025-11-10
B07B8YP3RL,2025-12-08
B07B8YP3RL,2026-01-05
B07B8YP3RL,2026-02-02
B07B8YP3RL,2026-03-02
B07BBN69JB,2025-04-28
B07BBN69JB,2025-05-26
B07BBN69JB,2025-06-23
B07BBN69JB,2025-07-21
B07BBN69JB,2025-08-18
B07BBN69JB,2025-09-15
B07BBN69JB,2025-10-13
B07BBN69JB,2025-11-10
B07BBN69JB,2025-12-08
B07BBN69JB,2026-01-05
B07BBN69JB,2026-02-02
B07BBN69JB,2026-03-02
B07BBS555L,2025-04-28
B07BBS555L,2025-05-26
B07BBS555L,2025-06-23
B07BBS555L,2025-07-21
B07BBS555L,2025-08-18
B07BBS555L,2025-09-15
B07BBS555L,2025-10-13
B07BBS555L,2025-11-10
B07BBS555L,2025-12-08
B07BBS555L,2026-01-05
B07BBS555L,2026-02-02
B07BBS555L,2026-03-02
B07BKPDF9M,2025-04-28
B07BKPDF9M,2025-05-26
B07BKPDF9M,2025-06-23
B07BKPDF9M,2025-07-21
B07BKPDF9M,2025-08-18
B07BKPDF9M,2025-09-15
B07BKPDF9M,2025-10-13
B07BKPDF9M,2025-11-10
B07BKPDF9M,2025-12-08
B07BKPDF9M,2026-01-05
B07BKPDF9M,2026-02-02
B07BKPDF9M,2026-03-02
B07BKQ1Z1Z,2025-04-28
B07BKQ1Z1Z,2025-05-26
B07BKQ1Z1Z,2025-06-23
B07BKQ1Z1Z,2025-07-21
B07BKQ1Z1Z,2025-08-18
B07BKQ1Z1Z,2025-09-15
B07BKQ1Z1Z,2025-10-13
B07BKQ1Z1Z,2025-11-10
B07BKQ1Z1Z,2025-12-08
B07BKQ1Z1Z,2026-01-05
B07BKQ1Z1Z,2026-02-02
B07BKQ1Z1Z,2026-03-02
B07BKRMYVV,2025-04-28
B07BKRMYVV,2025-05-26
B07BKRMYVV,2025-06-23
B07BKRMYVV,2025-07-21
B07BKRMYVV,2025-08-18
B07BKRMYVV,2025-09-15
B07BKRMYVV,2025-10-13
B07BKRMYVV,2025-11-10
B07BKRMYVV,2025-12-08
B07BKRMYVV,2026-01-05
B07BKRMYVV,2026-02-02
B07BKRMYVV,2026-03-02
B07BKRRSZD,2025-04-28
B07BKRRSZD,2025-05-26
B07BKRRSZD,2025-06-23
B07BKRRSZD,2025-07-21
B07BKRRSZD,2025-08-18
B07BKRRSZD,2025-09-15
B07BKRRSZD,2025-10-13
B07BKRRSZD,2025-11-10
B07BKRRSZD,2025-12-08
B07BKRRSZD,2026-01-05
B07BKRRSZD,2026-02-02
B07BKRRSZD,2026-03-02
B07BKSNRSD,2025-04-28
B07BKSNRSD,2025-05-26
B07BKSNRSD,2025-06-23
B07BKSNRSD,2025-07-21
B07BKSNRSD,2025-08-18
B07BKSNRSD,2025-09-15
B07BKSNRSD,2025-10-13
B07BKSNRSD,2025-11-10
B07BKSNRSD,2025-12-08
B07BKSNRSD,2026-01-05
B07BKSNRSD,2026-02-02
B07BKSNRSD,2026-03-02
B07BKTKNF4,2025-04-28
B07BKTKNF4,2025-05-26
B07BKTKNF4,2025-06-23
B07BKTKNF4,2025-07-21
B07BKTKNF4,2025-08-18
B07BKTKNF4,2025-09-15
B07BKTKNF4,2025-10-13
B07BKTKNF4,2025-11-10
B07BKTKNF4,2025-12-08
B07BKTKNF4,2026-01-05
B07BKTKNF4,2026-02-02
B07BKTKNF4,2026-03-02
B07BW7RQ7D,2025-04-28
B07BW7RQ7D,2025-05-26
B07BW7RQ7D,2025-06-23
B07BW7RQ7D,2025-07-21
B07BW7RQ7D,2025-08-18
B07BW7RQ7D,2025-09-15
B07BW7RQ7D,2025-10-13
B07BW7RQ7D,2025-11-10
B07BW7RQ7D,2025-12-08
B07BW7RQ7D,2026-01-05
B07BW7RQ7D,2026-02-02
B07BW7RQ7D,2026-03-02
B07C14KY7K,2025-04-28
B07C14KY7K,2025-05-26
B07C14KY7K,2025-06-23
B07C14KY7K,2025-07-21
B07C14KY7K,2025-08-18
B07C14KY7K,2025-09-15
B07C14KY7K,2025-10-13
B07C14KY7K,2025-11-10
B07C14KY7K,2025-12-08
B07C14KY7K,2026-01-05
B07C14KY7K,2026-02-02
B07C14KY7K,2026-03-02
B07C5Y93WY,2025-04-28
B07C5Y93WY,2025-05-26
B07C5Y93WY,2025-06-23
B07C5Y93WY,2025-07-21
B07C5Y93WY,2025-08-18
B07C5Y93WY,2025-09-15
B07C5Y93WY,2025-10-13
B07C5Y93WY,2025-11-10
B07C5Y93WY,2025-12-08
B07C5Y93WY,2026-01-05
B07C5Y93WY,2026-02-02
B07C5Y93WY,2026-03-02
B07CBSPRKJ,2025-04-28
B07CBSPRKJ,2025-05-26
B07CBSPRKJ,2025-06-23
B07CBSPRKJ,2025-07-21
B07CBSPRKJ,2025-08-18
B07CBSPRKJ,2025-09-15
B07CBSPRKJ,2025-10-13
B07CBSPRKJ,2025-11-10
B07CBSPRKJ,2025-12-08
B07CBSPRKJ,2026-01-05
B07CBSPRKJ,2026-02-02
B07CBSPRKJ,2026-03-02
B07CNN79V8,2025-04-28
B07CNN79V8,2025-05-26
B07CNN79V8,2025-06-23
B07CNN79V8,2025-07-21
B07CNN79V8,2025-08-18
B07CNN79V8,2025-09-15
B07CNN79V8,2025-10-13
B07CNN79V8,2025-11-10
B07CNN79V8,2025-12-08
B07CNN79V8,2026-01-05
B07CNN79V8,2026-02-02
B07CNN79V8,2026-03-02
B07CNZR2XG,2025-04-28
B07CNZR2XG,2025-05-26
B07CNZR2XG,2025-06-23
B07CNZR2XG,2025-07-21
B07CNZR2XG,2025-08-18
B07CNZR2XG,2025-09-15
B07CNZR2XG,2025-10-13
B07CNZR2XG,2025-11-10
B07CNZR2XG,2025-12-08
B07CNZR2XG,2026-01-05
B07CNZR2XG,2026-02-02
B07CNZR2XG,2026-03-02
B07CVG7KVG,2025-04-28
B07CVG7KVG,2025-05-26
B07CVG7KVG,2025-06-23
B07CVG7KVG,2025-07-21
B07CVG7KVG,2025-08-18
B07CVG7KVG,2025-09-15
B07CVG7KVG,2025-10-13
B07CVG7KVG,2025-11-10
B07CVG7KVG,2025-12-08
B07CVG7KVG,2026-01-05
B07CVG7KVG,2026-02-02
B07CVG7KVG,2026-03-02
B07CVRGKX9,2025-04-28
B07CVRGKX9,2025-05-26
B07CVRGKX9,2025-06-23
B07CVRGKX9,2025-07-21
B07CVRGKX9,2025-08-18
B07CVRGKX9,2025-09-15
B07CVRGKX9,2025-10-13
B07CVRGKX9,2025-11-10
B07CVRGKX9,2025-12-08
B07CVRGKX9,2026-01-05
B07CVRGKX9,2026-02-02
B07CVRGKX9,2026-03-02
B07CVS72YQ,2025-04-28
B07CVS72YQ,2025-05-26
B07CVS72YQ,2025-06-23
B07CVS72YQ,2025-07-21
B07CVS72YQ,2025-08-18
B07CVS72YQ,2025-09-15
B07CVS72YQ,2025-10-13
B07CVS72YQ,2025-11-10
B07CVS72YQ,2025-12-08
B07CVS72YQ,2026-01-05
B07CVS72YQ,2026-02-02
B07CVS72YQ,2026-03-02
B07CVS9JZ7,2025-04-28
B07CVS9JZ7,2025-05-26
B07CVS9JZ7,2025-06-23
B07CVS9JZ7,2025-07-21
B07CVS9JZ7,2025-08-18
B07CVS9JZ7,2025-09-15
B07CVS9JZ7,2025-10-13
B07CVS9JZ7,2025-11-10
B07CVS9JZ7,2025-12-08
B07CVS9JZ7,2026-01-05
B07CVS9JZ7,2026-02-02
B07CVS9JZ7,2026-03-02
B07CVSTY4R,2025-04-28
B07CVSTY4R,2025-05-26
B07CVSTY4R,2025-06-23
B07CVSTY4R,2025-07-21
B07CVSTY4R,2025-08-18
B07CVSTY4R,2025-09-15
B07CVSTY4R,2025-10-13
B07CVSTY4R,2025-11-10
B07CVSTY4R,2025-12-08
B07CVSTY4R,2026-01-05
B07CVSTY4R,2026-02-02
B07CVSTY4R,2026-03-02
B07D1FCYB1,2025-04-28
B07D1FCYB1,2025-05-26
B07D1FCYB1,2025-06-23
B07D1FCYB1,2025-07-21
B07D1FCYB1,2025-08-18
B07D1FCYB1,2025-09-15
B07D1FCYB1,2025-10-13
B07D1FCYB1,2025-11-10
B07D1FCYB1,2025-12-08
B07D1FCYB1,2026-01-05
B07D1FCYB1,2026-02-02
B07D1FCYB1,2026-03-02
B07D4CQ2TR,2025-04-28
B07D4CQ2TR,2025-05-26
B07D4CQ2TR,2025-06-23
B07D4CQ2TR,2025-07-21
B07D4CQ2TR,2025-08-18
B07D4CQ2TR,2025-09-15
B07D4CQ2TR,2025-10-13
B07D4CQ2TR,2025-11-10
B07D4CQ2TR,2025-12-08
B07D4CQ2TR,2026-01-05
B07D4CQ2TR,2026-02-02
B07D4CQ2TR,2026-03-02
B07D4FHMS8,2025-04-28
B07D4FHMS8,2025-05-26
B07D4FHMS8,2025-06-23
B07D4FHMS8,2025-07-21
B07D4FHMS8,2025-08-18
B07D4FHMS8,2025-09-15
B07D4FHMS8,2025-10-13
B07D4FHMS8,2025-11-10
B07D4FHMS8,2025-12-08
B07D4FHMS8,2026-01-05
B07D4FHMS8,2026-02-02
B07D4FHMS8,2026-03-02
B07D7S16GC,2025-04-28
B07D7S16GC,2025-05-26
B07D7S16GC,2025-06-23
B07D7S16GC,2025-07-21
B07D7S16GC,2025-08-18
B07D7S16GC,2025-09-15
B07D7S16GC,2025-10-13
B07D7S16GC,2025-11-10
B07D7S16GC,2025-12-08
B07D7S16GC,2026-01-05
B07D7S16GC,2026-02-02
B07D7S16GC,2026-03-02
B07DGYZRBW,2025-04-28
B07DGYZRBW,2025-05-26
B07DGYZRBW,2025-06-23
B07DGYZRBW,2025-07-21
B07DGYZRBW,2025-08-18
B07DGYZRBW,2025-09-15
B07DGYZRBW,2025-10-13
B07DGYZRBW,2025-11-10
B07DGYZRBW,2025-12-08
B07DGYZRBW,2026-01-05
B07DGYZRBW,2026-02-02
B07DGYZRBW,2026-03-02
B07DNLZ6CY,2025-04-28
B07DNLZ6CY,2025-05-26
B07DNLZ6CY,2025-06-23
B07DNLZ6CY,2025-07-21
B07DNLZ6CY,2025-08-18
B07DNLZ6CY,2025-09-15
B07DNLZ6CY,2025-10-13
B07DNLZ6CY,2025-11-10
B07DNLZ6CY,2025-12-08
B07DNLZ6CY,2026-01-05
B07DNLZ6CY,2026-02-02
B07DNLZ6CY,2026-03-02
B07DNQ42KP,2025-04-28
B07DNQ42KP,2025-05-26
B07DNQ42KP,2025-06-23
B07DNQ42KP,2025-07-21
B07DNQ42KP,2025-08-18
B07DNQ42KP,2025-09-15
B07DNQ42KP,2025-10-13
B07DNQ42KP,2025-11-10
B07DNQ42KP,2025-12-08
B07DNQ42KP,2026-01-05
B07DNQ42KP,2026-02-02
B07DNQ42KP,2026-03-02
B07DNW2S87,2025-04-28
B07DNW2S87,2025-05-26
B07DNW2S87,2025-06-23
B07DNW2S87,2025-07-21
B07DNW2S87,2025-08-18
B07DNW2S87,2025-09-15
B07DNW2S87,2025-10-13
B07DNW2S87,2025-11-10
B07DNW2S87,2025-12-08
B07DNW2S87,2026-01-05
B07DNW2S87,2026-02-02
B07DNW2S87,2026-03-02
B07DPF9LW5,2025-04-28
B07DPF9LW5,2025-05-26
B07DPF9LW5,2025-06-23
B07DPF9LW5,2025-07-21
B07DPF9LW5,2025-08-18
B07DPF9LW5,2025-09-15
B07DPF9LW5,2025-10-13
B07DPF9LW5,2025-11-10
B07DPF9LW5,2025-12-08
B07DPF9LW5,2026-01-05
B07DPF9LW5,2026-02-02
B07DPF9LW5,2026-03-02
B07DPSM91T,2025-04-28
B07DPSM91T,2025-05-26
B07DPSM91T,2025-06-23
B07DPSM91T,2025-07-21
B07DPSM91T,2025-08-18
B07DPSM91T,2025-09-15
B07DPSM91T,2025-10-13
B07DPSM91T,2025-11-10
B07DPSM91T,2025-12-08
B07DPSM91T,2026-01-05
B07DPSM91T,2026-02-02
B07DPSM91T,2026-03-02
B07DWWVMMD,2025-04-28
B07DWWVMMD,2025-05-26
B07DWWVMMD,2025-06-23
B07DWWVMMD,2025-07-21
B07DWWVMMD,2025-08-18
B07DWWVMMD,2025-09-15
B07DWWVMMD,2025-10-13
B07DWWVMMD,2025-11-10
B07DWWVMMD,2025-12-08
B07DWWVMMD,2026-01-05
B07DWWVMMD,2026-02-02
B07DWWVMMD,2026-03-02
B07DX8J8DG,2025-04-28
B07DX8J8DG,2025-05-26
B07DX8J8DG,2025-06-23
B07DX8J8DG,2025-07-21
B07DX8J8DG,2025-08-18
B07DX8J8DG,2025-09-15
B07DX8J8DG,2025-10-13
B07DX8J8DG,2025-11-10
B07DX8J8DG,2025-12-08
B07DX8J8DG,2026-01-05
B07DX8J8DG,2026-02-02
B07DX8J8DG,2026-03-02
B07F7525RV,2025-04-28
B07F7525RV,2025-05-26
B07F7525RV,2025-06-23
B07F7525RV,2025-07-21
B07F7525RV,2025-08-18
B07F7525RV,2025-09-15
B07F7525RV,2025-10-13
B07F7525RV,2025-11-10
B07F7525RV,2025-12-08
B07F7525RV,2026-01-05
B07F7525RV,2026-02-02
B07F7525RV,2026-03-02
B07FQPT5MZ,2025-04-28
B07FQPT5MZ,2025-05-26
B07FQPT5MZ,2025-06-23
B07FQPT5MZ,2025-07-21
B07FQPT5MZ,2025-08-18
B07FQPT5MZ,2025-09-15
B07FQPT5MZ,2025-10-13
B07FQPT5MZ,2025-11-10
B07FQPT5MZ,2025-12-08
B07FQPT5MZ,2026-01-05
B07FQPT5MZ,2026-02-02
B07FQPT5MZ,2026-03-02
B07FR5D9ZD,2025-04-28
B07FR5D9ZD,2025-05-26
B07FR5D9ZD,2025-06-23
B07FR5D9ZD,2025-07-21
B07FR5D9ZD,2025-08-18
B07FR5D9ZD,2025-09-15
B07FR5D9ZD,2025-10-13
B07FR5D9ZD,2025-11-10
B07FR5D9ZD,2025-12-08
B07FR5D9ZD,2026-01-05
B07FR5D9ZD,2026-02-02
B07FR5D9ZD,2026-03-02
B07G36FFJH,2025-04-28
B07G36FFJH,2025-05-26
B07G36FFJH,2025-06-23
B07G36FFJH,2025-07-21
B07G36FFJH,2025-08-18
B07G36FFJH,2025-09-15
B07G36FFJH,2025-10-13
B07G36FFJH,2025-11-10
B07G36FFJH,2025-12-08
B07G36FFJH,2026-01-05
B07G36FFJH,2026-02-02
B07G36FFJH,2026-03-02
B07G385KLH,2025-04-28
B07G385KLH,2025-05-26
B07G385KLH,2025-06-23
B07G385KLH,2025-07-21
B07G385KLH,2025-08-18
B07G385KLH,2025-09-15
B07G385KLH,2025-10-13
B07G385KLH,2025-11-10
B07G385KLH,2025-12-08
B07G385KLH,2026-01-05
B07G385KLH,2026-02-02
B07G385KLH,2026-03-02
B07G4GWSMJ,2025-04-28
B07G4GWSMJ,2025-05-26
B07G4GWSMJ,2025-06-23
B07G4GWSMJ,2025-07-21
B07G4GWSMJ,2025-08-18
B07G4GWSMJ,2025-09-15
B07G4GWSMJ,2025-10-13
B07G4GWSMJ,2025-11-10
B07G4GWSMJ,2025-12-08
B07G4GWSMJ,2026-01-05
B07G4GWSMJ,2026-02-02
B07G4GWSMJ,2026-03-02
B07G5DK74Y,2025-04-28
B07G5DK74Y,2025-05-26
B07G5DK74Y,2025-06-23
B07G5DK74Y,2025-07-21
B07G5DK74Y,2025-08-18
B07G5DK74Y,2025-09-15
B07G5DK74Y,2025-10-13
B07G5DK74Y,2025-11-10
B07G5DK74Y,2025-12-08
B07G5DK74Y,2026-01-05
B07G5DK74Y,2026-02-02
B07G5DK74Y,2026-03-02
B07G718223,2025-04-28
B07G718223,2025-05-26
B07G718223,2025-06-23
B07G718223,2025-07-21
B07G718223,2025-08-18
B07G718223,2025-09-15
B07G718223,2025-10-13
B07G718223,2025-11-10
B07G718223,2025-12-08
B07G718223,2026-01-05
B07G718223,2026-02-02
B07G718223,2026-03-02
B07GBTNZRV,2025-04-28
B07GBTNZRV,2025-05-26
B07GBTNZRV,2025-06-23
B07GBTNZRV,2025-07-21
B07GBTNZRV,2025-08-18
B07GBTNZRV,2025-09-15
B07GBTNZRV,2025-10-13
B07GBTNZRV,2025-11-10
B07GBTNZRV,2025-12-08
B07GBTNZRV,2026-01-05
B07GBTNZRV,2026-02-02
B07GBTNZRV,2026-03-02
B07GBVJ9D8,2025-04-28
B07GBVJ9D8,2025-05-26
B07GBVJ9D8,2025-06-23
B07GBVJ9D8,2025-07-21
B07GBVJ9D8,2025-08-18
B07GBVJ9D8,2025-09-15
B07GBVJ9D8,2025-10-13
B07GBVJ9D8,2025-11-10
B07GBVJ9D8,2025-12-08
B07GBVJ9D8,2026-01-05
B07GBVJ9D8,2026-02-02
B07GBVJ9D8,2026-03-02
B07GBY265M,2025-04-28
B07GBY265M,2025-05-26
B07GBY265M,2025-06-23
B07GBY265M,2025-07-21
B07GBY265M,2025-08-18
B07GBY265M,2025-09-15
B07GBY265M,2025-10-13
B07GBY265M,2025-11-10
B07GBY265M,2025-12-08
B07GBY265M,2026-01-05
B07GBY265M,2026-02-02
B07GBY265M,2026-03-02
B07GBYPPCB,2025-04-28
B07GBYPPCB,2025-05-26
B07GBYPPCB,2025-06-23
B07GBYPPCB,2025-07-21
B07GBYPPCB,2025-08-18
B07GBYPPCB,2025-09-15
B07GBYPPCB,2025-10-13
B07GBYPPCB,2025-11-10
B07GBYPPCB,2025-12-08
B07GBYPPCB,2026-01-05
B07GBYPPCB,2026-02-02
B07GBYPPCB,2026-03-02
B07GJ3HF6D,2025-04-28
B07GJ3HF6D,2025-05-26
B07GJ3HF6D,2025-06-23
B07GJ3HF6D,2025-07-21
B07GJ3HF6D,2025-08-18
B07GJ3HF6D,2025-09-15
B07GJ3HF6D,2025-10-13
B07GJ3HF6D,2025-11-10
B07GJ3HF6D,2025-12-08
B07GJ3HF6D,2026-01-05
B07GJ3HF6D,2026-02-02
B07GJ3HF6D,2026-03-02
B07GJJ66RX,2025-04-28
B07GJJ66RX,2025-05-26
B07GJJ66RX,2025-06-23
B07GJJ66RX,2025-07-21
B07GJJ66RX,2025-08-18
B07GJJ66RX,2025-09-15
B07GJJ66RX,2025-10-13
B07GJJ66RX,2025-11-10
B07GJJ66RX,2025-12-08
B07GJJ66RX,2026-01-05
B07GJJ66RX,2026-02-02
B07GJJ66RX,2026-03-02
B07GJKCBV9,2025-04-28
B07GJKCBV9,2025-05-26
B07GJKCBV9,2025-06-23
B07GJKCBV9,2025-07-21
B07GJKCBV9,2025-08-18
B07GJKCBV9,2025-09-15
B07GJKCBV9,2025-10-13
B07GJKCBV9,2025-11-10
B07GJKCBV9,2025-12-08
B07GJKCBV9,2026-01-05
B07GJKCBV9,2026-02-02
B07GJKCBV9,2026-03-02
B07GSVQWQ9,2025-04-28
B07GSVQWQ9,2025-05-26
B07GSVQWQ9,2025-06-23
B07GSVQWQ9,2025-07-21
B07GSVQWQ9,2025-08-18
B07GSVQWQ9,2025-09-15
B07GSVQWQ9,2025-10-13
B07GSVQWQ9,2025-11-10
B07GSVQWQ9,2025-12-08
B07GSVQWQ9,2026-01-05
B07GSVQWQ9,2026-02-02
B07GSVQWQ9,2026-03-02
B07GYMGFWP,2025-04-28
B07GYMGFWP,2025-05-26
B07GYMGFWP,2025-06-23
B07GYMGFWP,2025-07-21
B07GYMGFWP,2025-08-18
B07GYMGFWP,2025-09-15
B07GYMGFWP,2025-10-13
B07GYMGFWP,2025-11-10
B07GYMGFWP,2025-12-08
B07GYMGFWP,2026-01-05
B07GYMGFWP,2026-02-02
B07GYMGFWP,2026-03-02
B07H8R3621,2025-04-28
B07H8R3621,2025-05-26
B07H8R3621,2025-06-23
B07H8R3621,2025-07-21
B07H8R3621,2025-08-18
B07H8R3621,2025-09-15
B07H8R3621,2025-10-13
B07H8R3621,2025-11-10
B07H8R3621,2025-12-08
B07H8R3621,2026-01-05
B07H8R3621,2026-02-02
B07H8R3621,2026-03-02
B07HGZBPQR,2025-04-28
B07HGZBPQR,2025-05-26
B07HGZBPQR,2025-06-23
B07HGZBPQR,2025-07-21
B07HGZBPQR,2025-08-18
B07HGZBPQR,2025-09-15
B07HGZBPQR,2025-10-13
B07HGZBPQR,2025-11-10
B07HGZBPQR,2025-12-08
B07HGZBPQR,2026-01-05
B07HGZBPQR,2026-02-02
B07HGZBPQR,2026-03-02
B07HQKVQ5H,2025-04-28
B07HQKVQ5H,2025-05-26
B07HQKVQ5H,2025-06-23
B07HQKVQ5H,2025-07-21
B07HQKVQ5H,2025-08-18
B07HQKVQ5H,2025-09-15
B07HQKVQ5H,2025-10-13
B07HQKVQ5H,2025-11-10
B07HQKVQ5H,2025-12-08
B07HQKVQ5H,2026-01-05
B07HQKVQ5H,2026-02-02
B07HQKVQ5H,2026-03-02
B07JB1N61V,2025-04-28
B07JB1N61V,2025-05-26
B07JB1N61V,2025-06-23
B07JB1N61V,2025-07-21
B07JB1N61V,2025-08-18
B07JB1N61V,2025-09-15
B07JB1N61V,2025-10-13
B07JB1N61V,2025-11-10
B07JB1N61V,2025-12-08
B07JB1N61V,2026-01-05
B07JB1N61V,2026-02-02
B07JB1N61V,2026-03-02
B07JLZD8PP,2025-04-28
B07JLZD8PP,2025-05-26
B07JLZD8PP,2025-06-23
B07JLZD8PP,2025-07-21
B07JLZD8PP,2025-08-18
B07JLZD8PP,2025-09-15
B07JLZD8PP,2025-10-13
B07JLZD8PP,2025-11-10
B07JLZD8PP,2025-12-08
B07JLZD8PP,2026-01-05
B07JLZD8PP,2026-02-02
B07JLZD8PP,2026-03-02
B07K7G1VJ6,2025-04-28
B07K7G1VJ6,2025-05-26
B07K7G1VJ6,2025-06-23
B07K7G1VJ6,2025-07-21
B07K7G1VJ6,2025-08-18
B07K7G1VJ6,2025-09-15
B07K7G1VJ6,2025-10-13
B07K7G1VJ6,2025-11-10
B07K7G1VJ6,2025-12-08
B07K7G1VJ6,2026-01-05
B07K7G1VJ6,2026-02-02
B07K7G1VJ6,2026-03-02
B07K8F1DH8,2025-04-28
B07K8F1DH8,2025-05-26
B07K8F1DH8,2025-06-23
B07K8F1DH8,2025-07-21
B07K8F1DH8,2025-08-18
B07K8F1DH8,2025-09-15
B07K8F1DH8,2025-10-13
B07K8F1DH8,2025-11-10
B07K8F1DH8,2025-12-08
B07K8F1DH8,2026-01-05
B07K8F1DH8,2026-02-02
B07K8F1DH8,2026-03-02
B07KPY4Z3R,2025-04-28
B07KPY4Z3R,2025-05-26
B07KPY4Z3R,2025-06-23
B07KPY4Z3R,2025-07-21
B07KPY4Z3R,2025-08-18
B07KPY4Z3R,2025-09-15
B07KPY4Z3R,2025-10-13
B07KPY4Z3R,2025-11-10
B07KPY4Z3R,2025-12-08
B07KPY4Z3R,2026-01-05
B07KPY4Z3R,2026-02-02
B07KPY4Z3R,2026-03-02
B07KPYMWJT,2025-04-28
B07KPYMWJT,2025-05-26
B07KPYMWJT,2025-06-23
B07KPYMWJT,2025-07-21
B07KPYMWJT,2025-08-18
B07KPYMWJT,2025-09-15
B07KPYMWJT,2025-10-13
B07KPYMWJT,2025-11-10
B07KPYMWJT,2025-12-08
B07KPYMWJT,2026-01-05
B07KPYMWJT,2026-02-02
B07KPYMWJT,2026-03-02
B07KZPT6WV,2025-04-28
B07KZPT6WV,2025-05-26
B07KZPT6WV,2025-06-23
B07KZPT6WV,2025-07-21
B07KZPT6WV,2025-08-18
B07KZPT6WV,2025-09-15
B07KZPT6WV,2025-10-13
B07KZPT6WV,2025-11-10
B07KZPT6WV,2025-12-08
B07KZPT6WV,2026-01-05
B07KZPT6WV,2026-02-02
B07KZPT6WV,2026-03-02
B07L155GBW,2025-04-28
B07L155GBW,2025-05-26
B07L155GBW,2025-06-23
B07L155GBW,2025-07-21
B07L155GBW,2025-08-18
B07L155GBW,2025-09-15
B07L155GBW,2025-10-13
B07L155GBW,2025-11-10
B07L155GBW,2025-12-08
B07L155GBW,2026-01-05
B07L155GBW,2026-02-02
B07L155GBW,2026-03-02
B07LFF88QF,2025-04-28
B07LFF88QF,2025-05-26
B07LFF88QF,2025-06-23
B07LFF88QF,2025-07-21
B07LFF88QF,2025-08-18
B07LFF88QF,2025-09-15
B07LFF88QF,2025-10-13
B07LFF88QF,2025-11-10
B07LFF88QF,2025-12-08
B07LFF88QF,2026-01-05
B07LFF88QF,2026-02-02
B07LFF88QF,2026-03-02
B07M5YQHKW,2025-04-28
B07M5YQHKW,2025-05-26
B07M5YQHKW,2025-06-23
B07M5YQHKW,2025-07-21
B07M5YQHKW,2025-08-18
B07M5YQHKW,2025-09-15
B07M5YQHKW,2025-10-13
B07M5YQHKW,2025-11-10
B07M5YQHKW,2025-12-08
B07M5YQHKW,2026-01-05
B07M5YQHKW,2026-02-02
B07M5YQHKW,2026-03-02
B07M7MGPHN,2025-04-28
B07M7MGPHN,2025-05-26
B07M7MGPHN,2025-06-23
B07M7MGPHN,2025-07-21
B07M7MGPHN,2025-08-18
B07M7MGPHN,2025-09-15
B07M7MGPHN,2025-10-13
B07M7MGPHN,2025-11-10
B07M7MGPHN,2025-12-08
B07M7MGPHN,2026-01-05
B07M7MGPHN,2026-02-02
B07M7MGPHN,2026-03-02
B07M9PZGNK,2025-04-28
B07M9PZGNK,2025-05-26
B07M9PZGNK,2025-06-23
B07M9PZGNK,2025-07-21
B07M9PZGNK,2025-08-18
B07M9PZGNK,2025-09-15
B07M9PZGNK,2025-10-13
B07M9PZGNK,2025-11-10
B07M9PZGNK,2025-12-08
B07M9PZGNK,2026-01-05
B07M9PZGNK,2026-02-02
B07M9PZGNK,2026-03-02
B07MDVWWS5,2025-04-28
B07MDVWWS5,2025-05-26
B07MDVWWS5,2025-06-23
B07MDVWWS5,2025-07-21
B07MDVWWS5,2025-08-18
B07MDVWWS5,2025-09-15
B07MDVWWS5,2025-10-13
B07MDVWWS5,2025-11-10
B07MDVWWS5,2025-12-08
B07MDVWWS5,2026-01-05
B07MDVWWS5,2026-02-02
B07MDVWWS5,2026-03-02
B07MDWCRK7,2025-04-28
B07MDWCRK7,2025-05-26
B07MDWCRK7,2025-06-23
B07MDWCRK7,2025-07-21
B07MDWCRK7,2025-08-18
B07MDWCRK7,2025-09-15
B07MDWCRK7,2025-10-13
B07MDWCRK7,2025-11-10
B07MDWCRK7,2025-12-08
B07MDWCRK7,2026-01-05
B07MDWCRK7,2026-02-02
B07MDWCRK7,2026-03-02
B07MZLSNYK,2025-04-28
B07MZLSNYK,2025-05-26
B07MZLSNYK,2025-06-23
B07MZLSNYK,2025-07-21
B07MZLSNYK,2025-08-18
B07MZLSNYK,2025-09-15
B07MZLSNYK,2025-10-13
B07MZLSNYK,2025-11-10
B07MZLSNYK,2025-12-08
B07MZLSNYK,2026-01-05
B07MZLSNYK,2026-02-02
B07MZLSNYK,2026-03-02
B07MZLW8LL,2025-04-28
B07MZLW8LL,2025-05-26
B07MZLW8LL,2025-06-23
B07MZLW8LL,2025-07-21
B07MZLW8LL,2025-08-18
B07MZLW8LL,2025-09-15
B07MZLW8LL,2025-10-13
B07MZLW8LL,2025-11-10
B07MZLW8LL,2025-12-08
B07MZLW8LL,2026-01-05
B07MZLW8LL,2026-02-02
B07MZLW8LL,2026-03-02
B07MZM1ZWB,2025-04-28
B07MZM1ZWB,2025-05-26
B07MZM1ZWB,2025-06-23
B07MZM1ZWB,2025-07-21
B07MZM1ZWB,2025-08-18
B07MZM1ZWB,2025-09-15
B07MZM1ZWB,2025-10-13
B07MZM1ZWB,2025-11-10
B07MZM1ZWB,2025-12-08
B07MZM1ZWB,2026-01-05
B07MZM1ZWB,2026-02-02
B07MZM1ZWB,2026-03-02
B07NK88XYQ,2025-04-28
B07NK88XYQ,2025-05-26
B07NK88XYQ,2025-06-23
B07NK88XYQ,2025-07-21
B07NK88XYQ,2025-08-18
B07NK88XYQ,2025-09-15
B07NK88XYQ,2025-10-13
B07NK88XYQ,2025-11-10
B07NK88XYQ,2025-12-08
B07NK88XYQ,2026-01-05
B07NK88XYQ,2026-02-02
B07NK88XYQ,2026-03-02
B07NL5N8W4,2025-04-28
B07NL5N8W4,2025-05-26
B07NL5N8W4,2025-06-23
B07NL5N8W4,2025-07-21
B07NL5N8W4,2025-08-18
B07NL5N8W4,2025-09-15
B07NL5N8W4,2025-10-13
B07NL5N8W4,2025-11-10
B07NL5N8W4,2025-12-08
B07NL5N8W4,2026-01-05
B07NL5N8W4,2026-02-02
B07NL5N8W4,2026-03-02
B07P2HSNLS,2025-04-28
B07P2HSNLS,2025-05-26
B07P2HSNLS,2025-06-23
B07P2HSNLS,2025-07-21
B07P2HSNLS,2025-08-18
B07P2HSNLS,2025-09-15
B07P2HSNLS,2025-10-13
B07P2HSNLS,2025-11-10
B07P2HSNLS,2025-12-08
B07P2HSNLS,2026-01-05
B07P2HSNLS,2026-02-02
B07P2HSNLS,2026-03-02
B07PJMTKZ4,2025-04-28
B07PJMTKZ4,2025-05-26
B07PJMTKZ4,2025-06-23
B07PJMTKZ4,2025-07-21
B07PJMTKZ4,2025-08-18
B07PJMTKZ4,2025-09-15
B07PJMTKZ4,2025-10-13
B07PJMTKZ4,2025-11-10
B07PJMTKZ4,2025-12-08
B07PJMTKZ4,2026-01-05
B07PJMTKZ4,2026-02-02
B07PJMTKZ4,2026-03-02
B07PLQ4XQ2,2025-04-28
B07PLQ4XQ2,2025-05-26
B07PLQ4XQ2,2025-06-23
B07PLQ4XQ2,2025-07-21
B07PLQ4XQ2,2025-08-18
B07PLQ4XQ2,2025-09-15
B07PLQ4XQ2,2025-10-13
B07PLQ4XQ2,2025-11-10
B07PLQ4XQ2,2025-12-08
B07PLQ4XQ2,2026-01-05
B07PLQ4XQ2,2026-02-02
B07PLQ4XQ2,2026-03-02
B07PLQ9F6N,2025-04-28
B07PLQ9F6N,2025-05-26
B07PLQ9F6N,2025-06-23
B07PLQ9F6N,2025-07-21
B07PLQ9F6N,2025-08-18
B07PLQ9F6N,2025-09-15
B07PLQ9F6N,2025-10-13
B07PLQ9F6N,2025-11-10
B07PLQ9F6N,2025-12-08
B07PLQ9F6N,2026-01-05
B07PLQ9F6N,2026-02-02
B07PLQ9F6N,2026-03-02
B07PLQM84P,2025-04-28
B07PLQM84P,2025-05-26
B07PLQM84P,2025-06-23
B07PLQM84P,2025-07-21
B07PLQM84P,2025-08-18
B07PLQM84P,2025-09-15
B07PLQM84P,2025-10-13
B07PLQM84P,2025-11-10
B07PLQM84P,2025-12-08
B07PLQM84P,2026-01-05
B07PLQM84P,2026-02-02
B07PLQM84P,2026-03-02
B07PLV2QNQ,2025-04-28
B07PLV2QNQ,2025-05-26
B07PLV2QNQ,2025-06-23
B07PLV2QNQ,2025-07-21
B07PLV2QNQ,2025-08-18
B07PLV2QNQ,2025-09-15
B07PLV2QNQ,2025-10-13
B07PLV2QNQ,2025-11-10
B07PLV2QNQ,2025-12-08
B07PLV2QNQ,2026-01-05
B07PLV2QNQ,2026-02-02
B07PLV2QNQ,2026-03-02
B07PMT5GDH,2025-04-28
B07PMT5GDH,2025-05-26
B07PMT5GDH,2025-06-23
B07PMT5GDH,2025-07-21
B07PMT5GDH,2025-08-18
B07PMT5GDH,2025-09-15
B07PMT5GDH,2025-10-13
B07PMT5GDH,2025-11-10
B07PMT5GDH,2025-12-08
B07PMT5GDH,2026-01-05
B07PMT5GDH,2026-02-02
B07PMT5GDH,2026-03-02
B07PMT5N7G,2025-04-28
B07PMT5N7G,2025-05-26
B07PMT5N7G,2025-06-23
B07PMT5N7G,2025-07-21
B07PMT5N7G,2025-08-18
B07PMT5N7G,2025-09-15
B07PMT5N7G,2025-10-13
B07PMT5N7G,2025-11-10
B07PMT5N7G,2025-12-08
B07PMT5N7G,2026-01-05
B07PMT5N7G,2026-02-02
B07PMT5N7G,2026-03-02
B07PRR2QK6,2025-04-28
B07PRR2QK6,2025-05-26
B07PRR2QK6,2025-06-23
B07PRR2QK6,2025-07-21
B07PRR2QK6,2025-08-18
B07PRR2QK6,2025-09-15
B07PRR2QK6,2025-10-13
B07PRR2QK6,2025-11-10
B07PRR2QK6,2025-12-08
B07PRR2QK6,2026-01-05
B07PRR2QK6,2026-02-02
B07PRR2QK6,2026-03-02
B07PT7LL7J,2025-04-28
B07PT7LL7J,2025-05-26
B07PT7LL7J,2025-06-23
B07PT7LL7J,2025-07-21
B07PT7LL7J,2025-08-18
B07PT7LL7J,2025-09-15
B07PT7LL7J,2025-10-13
B07PT7LL7J,2025-11-10
B07PT7LL7J,2025-12-08
B07PT7LL7J,2026-01-05
B07PT7LL7J,2026-02-02
B07PT7LL7J,2026-03-02
B07PV5XV16,2025-04-28
B07PV5XV16,2025-05-26
B07PV5XV16,2025-06-23
B07PV5XV16,2025-07-21
B07PV5XV16,2025-08-18
B07PV5XV16,2025-09-15
B07PV5XV16,2025-10-13
B07PV5XV16,2025-11-10
B07PV5XV16,2025-12-08
B07PV5XV16,2026-01-05
B07PV5XV16,2026-02-02
B07PV5XV16,2026-03-02
B07PV5Y452,2025-04-28
B07PV5Y452,2025-05-26
B07PV5Y452,2025-06-23
B07PV5Y452,2025-07-21
B07PV5Y452,2025-08-18
B07PV5Y452,2025-09-15
B07PV5Y452,2025-10-13
B07PV5Y452,2025-11-10
B07PV5Y452,2025-12-08
B07PV5Y452,2026-01-05
B07PV5Y452,2026-02-02
B07PV5Y452,2026-03-02
B07PX2FJ4Y,2025-04-28
B07PX2FJ4Y,2025-05-26
B07PX2FJ4Y,2025-06-23
B07PX2FJ4Y,2025-07-21
B07PX2FJ4Y,2025-08-18
B07PX2FJ4Y,2025-09-15
B07PX2FJ4Y,2025-10-13
B07PX2FJ4Y,2025-11-10
B07PX2FJ4Y,2025-12-08
B07PX2FJ4Y,2026-01-05
B07PX2FJ4Y,2026-02-02
B07PX2FJ4Y,2026-03-02
B07PXCC563,2025-04-28
B07PXCC563,2025-05-26
B07PXCC563,2025-06-23
B07PXCC563,2025-07-21
B07PXCC563,2025-08-18
B07PXCC563,2025-09-15
B07PXCC563,2025-10-13
B07PXCC563,2025-11-10
B07PXCC563,2025-12-08
B07PXCC563,2026-01-05
B07PXCC563,2026-02-02
B07PXCC563,2026-03-02
B07PXCCKS2,2025-04-28
B07PXCCKS2,2025-05-26
B07PXCCKS2,2025-06-23
B07PXCCKS2,2025-07-21
B07PXCCKS2,2025-08-18
B07PXCCKS2,2025-09-15
B07PXCCKS2,2025-10-13
B07PXCCKS2,2025-11-10
B07PXCCKS2,2025-12-08
B07PXCCKS2,2026-01-05
B07PXCCKS2,2026-02-02
B07PXCCKS2,2026-03-02
B07PY7Y41H,2025-04-28
B07PY7Y41H,2025-05-26
B07PY7Y41H,2025-06-23
B07PY7Y41H,2025-07-21
B07PY7Y41H,2025-08-18
B07PY7Y41H,2025-09-15
B07PY7Y41H,2025-10-13
B07PY7Y41H,2025-11-10
B07PY7Y41H,2025-12-08
B07PY7Y41H,2026-01-05
B07PY7Y41H,2026-02-02
B07PY7Y41H,2026-03-02
B07Q1GNMM1,2025-04-28
B07Q1GNMM1,2025-05-26
B07Q1GNMM1,2025-06-23
B07Q1GNMM1,2025-07-21
B07Q1GNMM1,2025-08-18
B07Q1GNMM1,2025-09-15
B07Q1GNMM1,2025-10-13
B07Q1GNMM1,2025-11-10
B07Q1GNMM1,2025-12-08
B07Q1GNMM1,2026-01-05
B07Q1GNMM1,2026-02-02
B07Q1GNMM1,2026-03-02
B07Q2BMM37,2025-04-28
B07Q2BMM37,2025-05-26
B07Q2BMM37,2025-06-23
B07Q2BMM37,2025-07-21
B07Q2BMM37,2025-08-18
B07Q2BMM37,2025-09-15
B07Q2BMM37,2025-10-13
B07Q2BMM37,2025-11-10
B07Q2BMM37,2025-12-08
B07Q2BMM37,2026-01-05
B07Q2BMM37,2026-02-02
B07Q2BMM37,2026-03-02
B07Q2S4JJG,2025-04-28
B07Q2S4JJG,2025-05-26
B07Q2S4JJG,2025-06-23
B07Q2S4JJG,2025-07-21
B07Q2S4JJG,2025-08-18
B07Q2S4JJG,2025-09-15
B07Q2S4JJG,2025-10-13
B07Q2S4JJG,2025-11-10
B07Q2S4JJG,2025-12-08
B07Q2S4JJG,2026-01-05
B07Q2S4JJG,2026-02-02
B07Q2S4JJG,2026-03-02
B07Q2VDH7L,2025-04-28
B07Q2VDH7L,2025-05-26
B07Q2VDH7L,2025-06-23
B07Q2VDH7L,2025-07-21
B07Q2VDH7L,2025-08-18
B07Q2VDH7L,2025-09-15
B07Q2VDH7L,2025-10-13
B07Q2VDH7L,2025-11-10
B07Q2VDH7L,2025-12-08
B07Q2VDH7L,2026-01-05
B07Q2VDH7L,2026-02-02
B07Q2VDH7L,2026-03-02
B07Q6WC6DY,2025-04-28
B07Q6WC6DY,2025-05-26
B07Q6WC6DY,2025-06-23
B07Q6WC6DY,2025-07-21
B07Q6WC6DY,2025-08-18
B07Q6WC6DY,2025-09-15
B07Q6WC6DY,2025-10-13
B07Q6WC6DY,2025-11-10
B07Q6WC6DY,2025-12-08
B07Q6WC6DY,2026-01-05
B07Q6WC6DY,2026-02-02
B07Q6WC6DY,2026-03-02
B07Q8V2J3Y,2025-04-28
B07Q8V2J3Y,2025-05-26
B07Q8V2J3Y,2025-06-23
B07Q8V2J3Y,2025-07-21
B07Q8V2J3Y,2025-08-18
B07Q8V2J3Y,2025-09-15
B07Q8V2J3Y,2025-10-13
B07Q8V2J3Y,2025-11-10
B07Q8V2J3Y,2025-12-08
B07Q8V2J3Y,2026-01-05
B07Q8V2J3Y,2026-02-02
B07Q8V2J3Y,2026-03-02
B07QF5QQZZ,2025-04-28
B07QF5QQZZ,2025-05-26
B07QF5QQZZ,2025-06-23
B07QF5QQZZ,2025-07-21
B07QF5QQZZ,2025-08-18
B07QF5QQZZ,2025-09-15
B07QF5QQZZ,2025-10-13
B07QF5QQZZ,2025-11-10
B07QF5QQZZ,2025-12-08
B07QF5QQZZ,2026-01-05
B07QF5QQZZ,2026-02-02
B07QF5QQZZ,2026-03-02
B07QGZTB8K,2025-04-28
B07QGZTB8K,2025-05-26
B07QGZTB8K,2025-06-23
B07QGZTB8K,2025-07-21
B07QGZTB8K,2025-08-18
B07QGZTB8K,2025-09-15
B07QGZTB8K,2025-10-13
B07QGZTB8K,2025-11-10
B07QGZTB8K,2025-12-08
B07QGZTB8K,2026-01-05
B07QGZTB8K,2026-02-02
B07QGZTB8K,2026-03-02
B07QK5TYQJ,2025-04-28
B07QK5TYQJ,2025-05-26
B07QK5TYQJ,2025-06-23
B07QK5TYQJ,2025-07-21
B07QK5TYQJ,2025-08-18
B07QK5TYQJ,2025-09-15
B07QK5TYQJ,2025-10-13
B07QK5TYQJ,2025-11-10
B07QK5TYQJ,2025-12-08
B07QK5TYQJ,2026-01-05
B07QK5TYQJ,2026-02-02
B07QK5TYQJ,2026-03-02
B07QLH7LSH,2025-04-28
B07QLH7LSH,2025-05-26
B07QLH7LSH,2025-06-23
B07QLH7LSH,2025-07-21
B07QLH7LSH,2025-08-18
B07QLH7LSH,2025-09-15
B07QLH7LSH,2025-10-13
B07QLH7LSH,2025-11-10
B07QLH7LSH,2025-12-08
B07QLH7LSH,2026-01-05
B07QLH7LSH,2026-02-02
B07QLH7LSH,2026-03-02
B07QV2KZD7,2025-04-28
B07QV2KZD7,2025-05-26
B07QV2KZD7,2025-06-23
B07QV2KZD7,2025-07-21
B07QV2KZD7,2025-08-18
B07QV2KZD7,2025-09-15
B07QV2KZD7,2025-10-13
B07QV2KZD7,2025-11-10
B07QV2KZD7,2025-12-08
B07QV2KZD7,2026-01-05
B07QV2KZD7,2026-02-02
B07QV2KZD7,2026-03-02
B07QVGB46W,2025-04-28
B07QVGB46W,2025-05-26
B07QVGB46W,2025-06-23
B07QVGB46W,2025-07-21
B07QVGB46W,2025-08-18
B07QVGB46W,2025-09-15
B07QVGB46W,2025-10-13
B07QVGB46W,2025-11-10
B07QVGB46W,2025-12-08
B07QVGB46W,2026-01-05
B07QVGB46W,2026-02-02
B07QVGB46W,2026-03-02
B07QVZSDK2,2025-04-28
B07QVZSDK2,2025-05-26
B07QVZSDK2,2025-06-23
B07QVZSDK2,2025-07-21
B07QVZSDK2,2025-08-18
B07QVZSDK2,2025-09-15
B07QVZSDK2,2025-10-13
B07QVZSDK2,2025-11-10
B07QVZSDK2,2025-12-08
B07QVZSDK2,2026-01-05
B07QVZSDK2,2026-02-02
B07QVZSDK2,2026-03-02
B07QYJN36F,2025-04-28
B07QYJN36F,2025-05-26
B07QYJN36F,2025-06-23
B07QYJN36F,2025-07-21
B07QYJN36F,2025-08-18
B07QYJN36F,2025-09-15
B07QYJN36F,2025-10-13
B07QYJN36F,2025-11-10
B07QYJN36F,2025-12-08
B07QYJN36F,2026-01-05
B07QYJN36F,2026-02-02
B07QYJN36F,2026-03-02
B07QZPS4WQ,2025-04-28
B07QZPS4WQ,2025-05-26
B07QZPS4WQ,2025-06-23
B07QZPS4WQ,2025-07-21
B07QZPS4WQ,2025-08-18
B07QZPS4WQ,2025-09-15
B07QZPS4WQ,2025-10-13
B07QZPS4WQ,2025-11-10
B07QZPS4WQ,2025-12-08
B07QZPS4WQ,2026-01-05
B07QZPS4WQ,2026-02-02
B07QZPS4WQ,2026-03-02
B07R1QV1DT,2025-04-28
B07R1QV1DT,2025-05-26
B07R1QV1DT,2025-06-23
B07R1QV1DT,2025-07-21
B07R1QV1DT,2025-08-18
B07R1QV1DT,2025-09-15
B07R1QV1DT,2025-10-13
B07R1QV1DT,2025-11-10
B07R1QV1DT,2025-12-08
B07R1QV1DT,2026-01-05
B07R1QV1DT,2026-02-02
B07R1QV1DT,2026-03-02
B07R1T2TYT,2025-04-28
B07R1T2TYT,2025-05-26
B07R1T2TYT,2025-06-23
B07R1T2TYT,2025-07-21
B07R1T2TYT,2025-08-18
B07R1T2TYT,2025-09-15
B07R1T2TYT,2025-10-13
B07R1T2TYT,2025-11-10
B07R1T2TYT,2025-12-08
B07R1T2TYT,2026-01-05
B07R1T2TYT,2026-02-02
B07R1T2TYT,2026-03-02
B07R1VY3XJ,2025-04-28
B07R1VY3XJ,2025-05-26
B07R1VY3XJ,2025-06-23
B07R1VY3XJ,2025-07-21
B07R1VY3XJ,2025-08-18
B07R1VY3XJ,2025-09-15
B07R1VY3XJ,2025-10-13
B07R1VY3XJ,2025-11-10
B07R1VY3XJ,2025-12-08
B07R1VY3XJ,2026-01-05
B07R1VY3XJ,2026-02-02
B07R1VY3XJ,2026-03-02
B07R4HCYZ7,2025-04-28
B07R4HCYZ7,2025-05-26
B07R4HCYZ7,2025-06-23
B07R4HCYZ7,2025-07-21
B07R4HCYZ7,2025-08-18
B07R4HCYZ7,2025-09-15
B07R4HCYZ7,2025-10-13
B07R4HCYZ7,2025-11-10
B07R4HCYZ7,2025-12-08
B07R4HCYZ7,2026-01-05
B07R4HCYZ7,2026-02-02
B07R4HCYZ7,2026-03-02
B07R4NKRDJ,2025-04-28
B07R4NKRDJ,2025-05-26
B07R4NKRDJ,2025-06-23
B07R4NKRDJ,2025-07-21
B07R4NKRDJ,2025-08-18
B07R4NKRDJ,2025-09-15
B07R4NKRDJ,2025-10-13
B07R4NKRDJ,2025-11-10
B07R4NKRDJ,2025-12-08
B07R4NKRDJ,2026-01-05
B07R4NKRDJ,2026-02-02
B07R4NKRDJ,2026-03-02
B07R5J6NKG,2025-04-28
B07R5J6NKG,2025-05-26
B07R5J6NKG,2025-06-23
B07R5J6NKG,2025-07-21
B07R5J6NKG,2025-08-18
B07R5J6NKG,2025-09-15
B07R5J6NKG,2025-10-13
B07R5J6NKG,2025-11-10
B07R5J6NKG,2025-12-08
B07R5J6NKG,2026-01-05
B07R5J6NKG,2026-02-02
B07R5J6NKG,2026-03-02
B07R7KCRVY,2025-04-28
B07R7KCRVY,2025-05-26
B07R7KCRVY,2025-06-23
B07R7KCRVY,2025-07-21
B07R7KCRVY,2025-08-18
B07R7KCRVY,2025-09-15
B07R7KCRVY,2025-10-13
B07R7KCRVY,2025-11-10
B07R7KCRVY,2025-12-08
B07R7KCRVY,2026-01-05
B07R7KCRVY,2026-02-02
B07R7KCRVY,2026-03-02
B07RBKZ5QR,2025-04-28
B07RBKZ5QR,2025-05-26
B07RBKZ5QR,2025-06-23
B07RBKZ5QR,2025-07-21
B07RBKZ5QR,2025-08-18
B07RBKZ5QR,2025-09-15
B07RBKZ5QR,2025-10-13
B07RBKZ5QR,2025-11-10
B07RBKZ5QR,2025-12-08
B07RBKZ5QR,2026-01-05
B07RBKZ5QR,2026-02-02
B07RBKZ5QR,2026-03-02
B07RBLLSN6,2025-04-28
B07RBLLSN6,2025-05-26
B07RBLLSN6,2025-06-23
B07RBLLSN6,2025-07-21
B07RBLLSN6,2025-08-18
B07RBLLSN6,2025-09-15
B07RBLLSN6,2025-10-13
B07RBLLSN6,2025-11-10
B07RBLLSN6,2025-12-08
B07RBLLSN6,2026-01-05
B07RBLLSN6,2026-02-02
B07RBLLSN6,2026-03-02
B07RGF7RK6,2025-04-28
B07RGF7RK6,2025-05-26
B07RGF7RK6,2025-06-23
B07RGF7RK6,2025-07-21
B07RGF7RK6,2025-08-18
B07RGF7RK6,2025-09-15
B07RGF7RK6,2025-10-13
B07RGF7RK6,2025-11-10
B07RGF7RK6,2025-12-08
B07RGF7RK6,2026-01-05
B07RGF7RK6,2026-02-02
B07RGF7RK6,2026-03-02
B07RJPDYVH,2025-04-28
B07RJPDYVH,2025-05-26
B07RJPDYVH,2025-06-23
B07RJPDYVH,2025-07-21
B07RJPDYVH,2025-08-18
B07RJPDYVH,2025-09-15
B07RJPDYVH,2025-10-13
B07RJPDYVH,2025-11-10
B07RJPDYVH,2025-12-08
B07RJPDYVH,2026-01-05
B07RJPDYVH,2026-02-02
B07RJPDYVH,2026-03-02
B07RKMH5TK,2025-04-28
B07RKMH5TK,2025-05-26
B07RKMH5TK,2025-06-23
B07RKMH5TK,2025-07-21
B07RKMH5TK,2025-08-18
B07RKMH5TK,2025-09-15
B07RKMH5TK,2025-10-13
B07RKMH5TK,2025-11-10
B07RKMH5TK,2025-12-08
B07RKMH5TK,2026-01-05
B07RKMH5TK,2026-02-02
B07RKMH5TK,2026-03-02
B07RKQ5T7X,2025-04-28
B07RKQ5T7X,2025-05-26
B07RKQ5T7X,2025-06-23
B07RKQ5T7X,2025-07-21
B07RKQ5T7X,2025-08-18
B07RKQ5T7X,2025-09-15
B07RKQ5T7X,2025-10-13
B07RKQ5T7X,2025-11-10
B07RKQ5T7X,2025-12-08
B07RKQ5T7X,2026-01-05
B07RKQ5T7X,2026-02-02
B07RKQ5T7X,2026-03-02
B07RP5T32Q,2025-04-28
B07RP5T32Q,2025-05-26
B07RP5T32Q,2025-06-23
B07RP5T32Q,2025-07-21
B07RP5T32Q,2025-08-18
B07RP5T32Q,2025-09-15
B07RP5T32Q,2025-10-13
B07RP5T32Q,2025-11-10
B07RP5T32Q,2025-12-08
B07RP5T32Q,2026-01-05
B07RP5T32Q,2026-02-02
B07RP5T32Q,2026-03-02
B07RQQT8M6,2025-04-28
B07RQQT8M6,2025-05-26
B07RQQT8M6,2025-06-23
B07RQQT8M6,2025-07-21
B07RQQT8M6,2025-08-18
B07RQQT8M6,2025-09-15
B07RQQT8M6,2025-10-13
B07RQQT8M6,2025-11-10
B07RQQT8M6,2025-12-08
B07RQQT8M6,2026-01-05
B07RQQT8M6,2026-02-02
B07RQQT8M6,2026-03-02
B07RQR6QD7,2025-04-28
B07RQR6QD7,2025-05-26
B07RQR6QD7,2025-06-23
B07RQR6QD7,2025-07-21
B07RQR6QD7,2025-08-18
B07RQR6QD7,2025-09-15
B07RQR6QD7,2025-10-13
B07RQR6QD7,2025-11-10
B07RQR6QD7,2025-12-08
B07RQR6QD7,2026-01-05
B07RQR6QD7,2026-02-02
B07RQR6QD7,2026-03-02
B07RRTLBG3,2025-04-28
B07RRTLBG3,2025-05-26
B07RRTLBG3,2025-06-23
B07RRTLBG3,2025-07-21
B07RRTLBG3,2025-08-18
B07RRTLBG3,2025-09-15
B07RRTLBG3,2025-10-13
B07RRTLBG3,2025-11-10
B07RRTLBG3,2025-12-08
B07RRTLBG3,2026-01-05
B07RRTLBG3,2026-02-02
B07RRTLBG3,2026-03-02
B07RTLP7HC,2025-04-28
B07RTLP7HC,2025-05-26
B07RTLP7HC,2025-06-23
B07RTLP7HC,2025-07-21
B07RTLP7HC,2025-08-18
B07RTLP7HC,2025-09-15
B07RTLP7HC,2025-10-13
B07RTLP7HC,2025-11-10
B07RTLP7HC,2025-12-08
B07RTLP7HC,2026-01-05
B07RTLP7HC,2026-02-02
B07RTLP7HC,2026-03-02
B07RYCH35G,2025-04-28
B07RYCH35G,2025-05-26
B07RYCH35G,2025-06-23
B07RYCH35G,2025-07-21
B07RYCH35G,2025-08-18
B07RYCH35G,2025-09-15
B07RYCH35G,2025-10-13
B07RYCH35G,2025-11-10
B07RYCH35G,2025-12-08
B07RYCH35G,2026-01-05
B07RYCH35G,2026-02-02
B07RYCH35G,2026-03-02
B07S19Q9GR,2025-04-28
B07S19Q9GR,2025-05-26
B07S19Q9GR,2025-06-23
B07S19Q9GR,2025-07-21
B07S19Q9GR,2025-08-18
B07S19Q9GR,2025-09-15
B07S19Q9GR,2025-10-13
B07S19Q9GR,2025-11-10
B07S19Q9GR,2025-12-08
B07S19Q9GR,2026-01-05
B07S19Q9GR,2026-02-02
B07S19Q9GR,2026-03-02
B07S1RG3QK,2025-04-28
B07S1RG3QK,2025-05-26
B07S1RG3QK,2025-06-23
B07S1RG3QK,2025-07-21
B07S1RG3QK,2025-08-18
B07S1RG3QK,2025-09-15
B07S1RG3QK,2025-10-13
B07S1RG3QK,2025-11-10
B07S1RG3QK,2025-12-08
B07S1RG3QK,2026-01-05
B07S1RG3QK,2026-02-02
B07S1RG3QK,2026-03-02
B07SGHHG69,2025-04-28
B07SGHHG69,2025-05-26
B07SGHHG69,2025-06-23
B07SGHHG69,2025-07-21
B07SGHHG69,2025-08-18
B07SGHHG69,2025-09-15
B07SGHHG69,2025-10-13
B07SGHHG69,2025-11-10
B07SGHHG69,2025-12-08
B07SGHHG69,2026-01-05
B07SGHHG69,2026-02-02
B07SGHHG69,2026-03-02
B07SJ8GLYP,2025-04-28
B07SJ8GLYP,2025-05-26
B07SJ8GLYP,2025-06-23
B07SJ8GLYP,2025-07-21
B07SJ8GLYP,2025-08-18
B07SJ8GLYP,2025-09-15
B07SJ8GLYP,2025-10-13
B07SJ8GLYP,2025-11-10
B07SJ8GLYP,2025-12-08
B07SJ8GLYP,2026-01-05
B07SJ8GLYP,2026-02-02
B07SJ8GLYP,2026-03-02
B07SMS25Q5,2025-04-28
B07SMS25Q5,2025-05-26
B07SMS25Q5,2025-06-23
B07SMS25Q5,2025-07-21
B07SMS25Q5,2025-08-18
B07SMS25Q5,2025-09-15
B07SMS25Q5,2025-10-13
B07SMS25Q5,2025-11-10
B07SMS25Q5,2025-12-08
B07SMS25Q5,2026-01-05
B07SMS25Q5,2026-02-02
B07SMS25Q5,2026-03-02
B07T1R5Z53,2025-04-28
B07T1R5Z53,2025-05-26
B07T1R5Z53,2025-06-23
B07T1R5Z53,2025-07-21
B07T1R5Z53,2025-08-18
B07T1R5Z53,2025-09-15
B07T1R5Z53,2025-10-13
B07T1R5Z53,2025-11-10
B07T1R5Z53,2025-12-08
B07T1R5Z53,2026-01-05
B07T1R5Z53,2026-02-02
B07T1R5Z53,2026-03-02
B07T485XWS,2025-04-28
B07T485XWS,2025-05-26
B07T485XWS,2025-06-23
B07T485XWS,2025-07-21
B07T485XWS,2025-08-18
B07T485XWS,2025-09-15
B07T485XWS,2025-10-13
B07T485XWS,2025-11-10
B07T485XWS,2025-12-08
B07T485XWS,2026-01-05
B07T485XWS,2026-02-02
B07T485XWS,2026-03-02
B07T6721C3,2025-04-28
B07T6721C3,2025-05-26
B07T6721C3,2025-06-23
B07T6721C3,2025-07-21
B07T6721C3,2025-08-18
B07T6721C3,2025-09-15
B07T6721C3,2025-10-13
B07T6721C3,2025-11-10
B07T6721C3,2025-12-08
B07T6721C3,2026-01-05
B07T6721C3,2026-02-02
B07T6721C3,2026-03-02
B07TGB8GGJ,2025-04-28
B07TGB8GGJ,2025-05-26
B07TGB8GGJ,2025-06-23
B07TGB8GGJ,2025-07-21
B07TGB8GGJ,2025-08-18
B07TGB8GGJ,2025-09-15
B07TGB8GGJ,2025-10-13
B07TGB8GGJ,2025-11-10
B07TGB8GGJ,2025-12-08
B07TGB8GGJ,2026-01-05
B07TGB8GGJ,2026-02-02
B07TGB8GGJ,2026-03-02
B07TP74NYD,2025-04-28
B07TP74NYD,2025-05-26
B07TP74NYD,2025-06-23
B07TP74NYD,2025-07-21
B07TP74NYD,2025-08-18
B07TP74NYD,2025-09-15
B07TP74NYD,2025-10-13
B07TP74NYD,2025-11-10
B07TP74NYD,2025-12-08
B07TP74NYD,2026-01-05
B07TP74NYD,2026-02-02
B07TP74NYD,2026-03-02
B07TQ78FQN,2025-04-28
B07TQ78FQN,2025-05-26
B07TQ78FQN,2025-06-23
B07TQ78FQN,2025-07-21
B07TQ78FQN,2025-08-18
B07TQ78FQN,2025-09-15
B07TQ78FQN,2025-10-13
B07TQ78FQN,2025-11-10
B07TQ78FQN,2025-12-08
B07TQ78FQN,2026-01-05
B07TQ78FQN,2026-02-02
B07TQ78FQN,2026-03-02
B07TTCBY8P,2025-04-28
B07TTCBY8P,2025-05-26
B07TTCBY8P,2025-06-23
B07TTCBY8P,2025-07-21
B07TTCBY8P,2025-08-18
B07TTCBY8P,2025-09-15
B07TTCBY8P,2025-10-13
B07TTCBY8P,2025-11-10
B07TTCBY8P,2025-12-08
B07TTCBY8P,2026-01-05
B07TTCBY8P,2026-02-02
B07TTCBY8P,2026-03-02
B07TZG98VS,2025-04-28
B07TZG98VS,2025-05-26
B07TZG98VS,2025-06-23
B07TZG98VS,2025-07-21
B07TZG98VS,2025-08-18
B07TZG98VS,2025-09-15
B07TZG98VS,2025-10-13
B07TZG98VS,2025-11-10
B07TZG98VS,2025-12-08
B07TZG98VS,2026-01-05
B07TZG98VS,2026-02-02
B07TZG98VS,2026-03-02
B07V2GW86W,2025-04-28
B07V2GW86W,2025-05-26
B07V2GW86W,2025-06-23
B07V2GW86W,2025-07-21
B07V2GW86W,2025-08-18
B07V2GW86W,2025-09-15
B07V2GW86W,2025-10-13
B07V2GW86W,2025-11-10
B07V2GW86W,2025-12-08
B07V2GW86W,2026-01-05
B07V2GW86W,2026-02-02
B07V2GW86W,2026-03-02
B07V2KNCH6,2025-04-28
B07V2KNCH6,2025-05-26
B07V2KNCH6,2025-06-23
B07V2KNCH6,2025-07-21
B07V2KNCH6,2025-08-18
B07V2KNCH6,2025-09-15
B07V2KNCH6,2025-10-13
B07V2KNCH6,2025-11-10
B07V2KNCH6,2025-12-08
B07V2KNCH6,2026-01-05
B07V2KNCH6,2026-02-02
B07V2KNCH6,2026-03-02
B07V5S8W4S,2025-04-28
B07V5S8W4S,2025-05-26
B07V5S8W4S,2025-06-23
B07V5S8W4S,2025-07-21
B07V5S8W4S,2025-08-18
B07V5S8W4S,2025-09-15
B07V5S8W4S,2025-10-13
B07V5S8W4S,2025-11-10
B07V5S8W4S,2025-12-08
B07V5S8W4S,2026-01-05
B07V5S8W4S,2026-02-02
B07V5S8W4S,2026-03-02
B07V6SN3GJ,2025-04-28
B07V6SN3GJ,2025-05-26
B07V6SN3GJ,2025-06-23
B07V6SN3GJ,2025-07-21
B07V6SN3GJ,2025-08-18
B07V6SN3GJ,2025-09-15
B07V6SN3GJ,2025-10-13
B07V6SN3GJ,2025-11-10
B07V6SN3GJ,2025-12-08
B07V6SN3GJ,2026-01-05
B07V6SN3GJ,2026-02-02
B07V6SN3GJ,2026-03-02
B07VPGJ7J1,2025-04-28
B07VPGJ7J1,2025-05-26
B07VPGJ7J1,2025-06-23
B07VPGJ7J1,2025-07-21
B07VPGJ7J1,2025-08-18
B07VPGJ7J1,2025-09-15
B07VPGJ7J1,2025-10-13
B07VPGJ7J1,2025-11-10
B07VPGJ7J1,2025-12-08
B07VPGJ7J1,2026-01-05
B07VPGJ7J1,2026-02-02
B07VPGJ7J1,2026-03-02
B07W4CDN9Q,2025-04-28
B07W4CDN9Q,2025-05-26
B07W4CDN9Q,2025-06-23
B07W4CDN9Q,2025-07-21
B07W4CDN9Q,2025-08-18
B07W4CDN9Q,2025-09-15
B07W4CDN9Q,2025-10-13
B07W4CDN9Q,2025-11-10
B07W4CDN9Q,2025-12-08
B07W4CDN9Q,2026-01-05
B07W4CDN9Q,2026-02-02
B07W4CDN9Q,2026-03-02
B07W8FSJC7,2025-04-28
B07W8FSJC7,2025-05-26
B07W8FSJC7,2025-06-23
B07W8FSJC7,2025-07-21
B07W8FSJC7,2025-08-18
B07W8FSJC7,2025-09-15
B07W8FSJC7,2025-10-13
B07W8FSJC7,2025-11-10
B07W8FSJC7,2025-12-08
B07W8FSJC7,2026-01-05
B07W8FSJC7,2026-02-02
B07W8FSJC7,2026-03-02
B07W9K24JH,2025-04-28
B07W9K24JH,2025-05-26
B07W9K24JH,2025-06-23
B07W9K24JH,2025-07-21
B07W9K24JH,2025-08-18
B07W9K24JH,2025-09-15
B07W9K24JH,2025-10-13
B07W9K24JH,2025-11-10
B07W9K24JH,2025-12-08
B07W9K24JH,2026-01-05
B07W9K24JH,2026-02-02
B07W9K24JH,2026-03-02
B07WDTNNJR,2025-04-28
B07WDTNNJR,2025-05-26
B07WDTNNJR,2025-06-23
B07WDTNNJR,2025-07-21
B07WDTNNJR,2025-08-18
B07WDTNNJR,2025-09-15
B07WDTNNJR,2025-10-13
B07WDTNNJR,2025-11-10
B07WDTNNJR,2025-12-08
B07WDTNNJR,2026-01-05
B07WDTNNJR,2026-02-02
B07WDTNNJR,2026-03-02
B07WFB3YDC,2025-04-28
B07WFB3YDC,2025-05-26
B07WFB3YDC,2025-06-23
B07WFB3YDC,2025-07-21
B07WFB3YDC,2025-08-18
B07WFB3YDC,2025-09-15
B07WFB3YDC,2025-10-13
B07WFB3YDC,2025-11-10
B07WFB3YDC,2025-12-08
B07WFB3YDC,2026-01-05
B07WFB3YDC,2026-02-02
B07WFB3YDC,2026-03-02
B07WG6DXS8,2025-04-28
B07WG6DXS8,2025-05-26
B07WG6DXS8,2025-06-23
B07WG6DXS8,2025-07-21
B07WG6DXS8,2025-08-18
B07WG6DXS8,2025-09-15
B07WG6DXS8,2025-10-13
B07WG6DXS8,2025-11-10
B07WG6DXS8,2025-12-08
B07WG6DXS8,2026-01-05
B07WG6DXS8,2026-02-02
B07WG6DXS8,2026-03-02
B07WJZBK4N,2025-04-28
B07WJZBK4N,2025-05-26
B07WJZBK4N,2025-06-23
B07WJZBK4N,2025-07-21
B07WJZBK4N,2025-08-18
B07WJZBK4N,2025-09-15
B07WJZBK4N,2025-10-13
B07WJZBK4N,2025-11-10
B07WJZBK4N,2025-12-08
B07WJZBK4N,2026-01-05
B07WJZBK4N,2026-02-02
B07WJZBK4N,2026-03-02
B07WZLY68G,2025-04-28
B07WZLY68G,2025-05-26
B07WZLY68G,2025-06-23
B07WZLY68G,2025-07-21
B07WZLY68G,2025-08-18
B07WZLY68G,2025-09-15
B07WZLY68G,2025-10-13
B07WZLY68G,2025-11-10
B07WZLY68G,2025-12-08
B07WZLY68G,2026-01-05
B07WZLY68G,2026-02-02
B07WZLY68G,2026-03-02
B07X5R1FK7,2025-04-28
B07X5R1FK7,2025-05-26
B07X5R1FK7,2025-06-23
B07X5R1FK7,2025-07-21
B07X5R1FK7,2025-08-18
B07X5R1FK7,2025-09-15
B07X5R1FK7,2025-10-13
B07X5R1FK7,2025-11-10
B07X5R1FK7,2025-12-08
B07X5R1FK7,2026-01-05
B07X5R1FK7,2026-02-02
B07X5R1FK7,2026-03-02
B07X5S984H,2025-04-28
B07X5S984H,2025-05-26
B07X5S984H,2025-06-23
B07X5S984H,2025-07-21
B07X5S984H,2025-08-18
B07X5S984H,2025-09-15
B07X5S984H,2025-10-13
B07X5S984H,2025-11-10
B07X5S984H,2025-12-08
B07X5S984H,2026-01-05
B07X5S984H,2026-02-02
B07X5S984H,2026-03-02
B07X7MPC6V,2025-04-28
B07X7MPC6V,2025-05-26
B07X7MPC6V,2025-06-23
B07X7MPC6V,2025-07-21
B07X7MPC6V,2025-08-18
B07X7MPC6V,2025-09-15
B07X7MPC6V,2025-10-13
B07X7MPC6V,2025-11-10
B07X7MPC6V,2025-12-08
B07X7MPC6V,2026-01-05
B07X7MPC6V,2026-02-02
B07X7MPC6V,2026-03-02
B07X7V8HNM,2025-04-28
B07X7V8HNM,2025-05-26
B07X7V8HNM,2025-06-23
B07X7V8HNM,2025-07-21
B07X7V8HNM,2025-08-18
B07X7V8HNM,2025-09-15
B07X7V8HNM,2025-10-13
B07X7V8HNM,2025-11-10
B07X7V8HNM,2025-12-08
B07X7V8HNM,2026-01-05
B07X7V8HNM,2026-02-02
B07X7V8HNM,2026-03-02
B07X8G2332,2025-04-28
B07X8G2332,2025-05-26
B07X8G2332,2025-06-23
B07X8G2332,2025-07-21
B07X8G2332,2025-08-18
B07X8G2332,2025-09-15
B07X8G2332,2025-10-13
B07X8G2332,2025-11-10
B07X8G2332,2025-12-08
B07X8G2332,2026-01-05
B07X8G2332,2026-02-02
B07X8G2332,2026-03-02
B07X9MN513,2025-04-28
B07X9MN513,2025-05-26
B07X9MN513,2025-06-23
B07X9MN513,2025-07-21
B07X9MN513,2025-08-18
B07X9MN513,2025-09-15
B07X9MN513,2025-10-13
B07X9MN513,2025-11-10
B07X9MN513,2025-12-08
B07X9MN513,2026-01-05
B07X9MN513,2026-02-02
B07X9MN513,2026-03-02
B07XBJSNBP,2025-04-28
B07XBJSNBP,2025-05-26
B07XBJSNBP,2025-06-23
B07XBJSNBP,2025-07-21
B07XBJSNBP,2025-08-18
B07XBJSNBP,2025-09-15
B07XBJSNBP,2025-10-13
B07XBJSNBP,2025-11-10
B07XBJSNBP,2025-12-08
B07XBJSNBP,2026-01-05
B07XBJSNBP,2026-02-02
B07XBJSNBP,2026-03-02
B07XBM6BG4,2025-04-28
B07XBM6BG4,2025-05-26
B07XBM6BG4,2025-06-23
B07XBM6BG4,2025-07-21
B07XBM6BG4,2025-08-18
B07XBM6BG4,2025-09-15
B07XBM6BG4,2025-10-13
B07XBM6BG4,2025-11-10
B07XBM6BG4,2025-12-08
B07XBM6BG4,2026-01-05
B07XBM6BG4,2026-02-02
B07XBM6BG4,2026-03-02
B07XCHC32G,2025-04-28
B07XCHC32G,2025-05-26
B07XCHC32G,2025-06-23
B07XCHC32G,2025-07-21
B07XCHC32G,2025-08-18
B07XCHC32G,2025-09-15
B07XCHC32G,2025-10-13
B07XCHC32G,2025-11-10
B07XCHC32G,2025-12-08
B07XCHC32G,2026-01-05
B07XCHC32G,2026-02-02
B07XCHC32G,2026-03-02
B07XCQH43P,2025-04-28
B07XCQH43P,2025-05-26
B07XCQH43P,2025-06-23
B07XCQH43P,2025-07-21
B07XCQH43P,2025-08-18
B07XCQH43P,2025-09-15
B07XCQH43P,2025-10-13
B07XCQH43P,2025-11-10
B07XCQH43P,2025-12-08
B07XCQH43P,2026-01-05
B07XCQH43P,2026-02-02
B07XCQH43P,2026-03-02
B07XNM1NJY,2025-04-28
B07XNM1NJY,2025-05-26
B07XNM1NJY,2025-06-23
B07XNM1NJY,2025-07-21
B07XNM1NJY,2025-08-18
B07XNM1NJY,2025-09-15
B07XNM1NJY,2025-10-13
B07XNM1NJY,2025-11-10
B07XNM1NJY,2025-12-08
B07XNM1NJY,2026-01-05
B07XNM1NJY,2026-02-02
B07XNM1NJY,2026-03-02
B07XYVZQ95,2025-04-28
B07XYVZQ95,2025-05-26
B07XYVZQ95,2025-06-23
B07XYVZQ95,2025-07-21
B07XYVZQ95,2025-08-18
B07XYVZQ95,2025-09-15
B07XYVZQ95,2025-10-13
B07XYVZQ95,2025-11-10
B07XYVZQ95,2025-12-08
B07XYVZQ95,2026-01-05
B07XYVZQ95,2026-02-02
B07XYVZQ95,2026-03-02
B07XZ63X5T,2025-04-28
B07XZ63X5T,2025-05-26
B07XZ63X5T,2025-06-23
B07XZ63X5T,2025-07-21
B07XZ63X5T,2025-08-18
B07XZ63X5T,2025-09-15
B07XZ63X5T,2025-10-13
B07XZ63X5T,2025-11-10
B07XZ63X5T,2025-12-08
B07XZ63X5T,2026-01-05
B07XZ63X5T,2026-02-02
B07XZ63X5T,2026-03-02
B07XZ84NJB,2025-04-28
B07XZ84NJB,2025-05-26
B07XZ84NJB,2025-06-23
B07XZ84NJB,2025-07-21
B07XZ84NJB,2025-08-18
B07XZ84NJB,2025-09-15
B07XZ84NJB,2025-10-13
B07XZ84NJB,2025-11-10
B07XZ84NJB,2025-12-08
B07XZ84NJB,2026-01-05
B07XZ84NJB,2026-02-02
B07XZ84NJB,2026-03-02
B07Y5NQJZJ,2025-04-28
B07Y5NQJZJ,2025-05-26
B07Y5NQJZJ,2025-06-23
B07Y5NQJZJ,2025-07-21
B07Y5NQJZJ,2025-08-18
B07Y5NQJZJ,2025-09-15
B07Y5NQJZJ,2025-10-13
B07Y5NQJZJ,2025-11-10
B07Y5NQJZJ,2025-12-08
B07Y5NQJZJ,2026-01-05
B07Y5NQJZJ,2026-02-02
B07Y5NQJZJ,2026-03-02
B07Y6YQFKC,2025-04-28
B07Y6YQFKC,2025-05-26
B07Y6YQFKC,2025-06-23
B07Y6YQFKC,2025-07-21
B07Y6YQFKC,2025-08-18
B07Y6YQFKC,2025-09-15
B07Y6YQFKC,2025-10-13
B07Y6YQFKC,2025-11-10
B07Y6YQFKC,2025-12-08
B07Y6YQFKC,2026-01-05
B07Y6YQFKC,2026-02-02
B07Y6YQFKC,2026-03-02
B07YC7Q2Z6,2025-04-28
B07YC7Q2Z6,2025-05-26
B07YC7Q2Z6,2025-06-23
B07YC7Q2Z6,2025-07-21
B07YC7Q2Z6,2025-08-18
B07YC7Q2Z6,2025-09-15
B07YC7Q2Z6,2025-10-13
B07YC7Q2Z6,2025-11-10
B07YC7Q2Z6,2025-12-08
B07YC7Q2Z6,2026-01-05
B07YC7Q2Z6,2026-02-02
B07YC7Q2Z6,2026-03-02
B07YKBY5JC,2025-04-28
B07YKBY5JC,2025-05-26
B07YKBY5JC,2025-06-23
B07YKBY5JC,2025-07-21
B07YKBY5JC,2025-08-18
B07YKBY5JC,2025-09-15
B07YKBY5JC,2025-10-13
B07YKBY5JC,2025-11-10
B07YKBY5JC,2025-12-08
B07YKBY5JC,2026-01-05
B07YKBY5JC,2026-02-02
B07YKBY5JC,2026-03-02
B07YKCXYK2,2025-04-28
B07YKCXYK2,2025-05-26
B07YKCXYK2,2025-06-23
B07YKCXYK2,2025-07-21
B07YKCXYK2,2025-08-18
B07YKCXYK2,2025-09-15
B07YKCXYK2,2025-10-13
B07YKCXYK2,2025-11-10
B07YKCXYK2,2025-12-08
B07YKCXYK2,2026-01-05
B07YKCXYK2,2026-02-02
B07YKCXYK2,2026-03-02
B07YKDJQNV,2025-04-28
B07YKDJQNV,2025-05-26
B07YKDJQNV,2025-06-23
B07YKDJQNV,2025-07-21
B07YKDJQNV,2025-08-18
B07YKDJQNV,2025-09-15
B07YKDJQNV,2025-10-13
B07YKDJQNV,2025-11-10
B07YKDJQNV,2025-12-08
B07YKDJQNV,2026-01-05
B07YKDJQNV,2026-02-02
B07YKDJQNV,2026-03-02
B07YTNY672,2025-04-28
B07YTNY672,2025-05-26
B07YTNY672,2025-06-23
B07YTNY672,2025-07-21
B07YTNY672,2025-08-18
B07YTNY672,2025-09-15
B07YTNY672,2025-10-13
B07YTNY672,2025-11-10
B07YTNY672,2025-12-08
B07YTNY672,2026-01-05
B07YTNY672,2026-02-02
B07YTNY672,2026-03-02
B07YVSMXXV,2025-04-28
B07YVSMXXV,2025-05-26
B07YVSMXXV,2025-06-23
B07YVSMXXV,2025-07-21
B07YVSMXXV,2025-08-18
B07YVSMXXV,2025-09-15
B07YVSMXXV,2025-10-13
B07YVSMXXV,2025-11-10
B07YVSMXXV,2025-12-08
B07YVSMXXV,2026-01-05
B07YVSMXXV,2026-02-02
B07YVSMXXV,2026-03-02
B07YVSRKNL,2025-04-28
B07YVSRKNL,2025-05-26
B07YVSRKNL,2025-06-23
B07YVSRKNL,2025-07-21
B07YVSRKNL,2025-08-18
B07YVSRKNL,2025-09-15
B07YVSRKNL,2025-10-13
B07YVSRKNL,2025-11-10
B07YVSRKNL,2025-12-08
B07YVSRKNL,2026-01-05
B07YVSRKNL,2026-02-02
B07YVSRKNL,2026-03-02
B07YYP3HLT,2025-04-28
B07YYP3HLT,2025-05-26
B07YYP3HLT,2025-06-23
B07YYP3HLT,2025-07-21
B07YYP3HLT,2025-08-18
B07YYP3HLT,2025-09-15
B07YYP3HLT,2025-10-13
B07YYP3HLT,2025-11-10
B07YYP3HLT,2025-12-08
B07YYP3HLT,2026-01-05
B07YYP3HLT,2026-02-02
B07YYP3HLT,2026-03-02
B07YZ9HM7Z,2025-04-28
B07YZ9HM7Z,2025-05-26
B07YZ9HM7Z,2025-06-23
B07YZ9HM7Z,2025-07-21
B07YZ9HM7Z,2025-08-18
B07YZ9HM7Z,2025-09-15
B07YZ9HM7Z,2025-10-13
B07YZ9HM7Z,2025-11-10
B07YZ9HM7Z,2025-12-08
B07YZ9HM7Z,2026-01-05
B07YZ9HM7Z,2026-02-02
B07YZ9HM7Z,2026-03-02
B07YZD7F3S,2025-04-28
B07YZD7F3S,2025-05-26
B07YZD7F3S,2025-06-23
B07YZD7F3S,2025-07-21
B07YZD7F3S,2025-08-18
B07YZD7F3S,2025-09-15
B07YZD7F3S,2025-10-13
B07YZD7F3S,2025-11-10
B07YZD7F3S,2025-12-08
B07YZD7F3S,2026-01-05
B07YZD7F3S,2026-02-02
B07YZD7F3S,2026-03-02
B07YZGRR2R,2025-04-28
B07YZGRR2R,2025-05-26
B07YZGRR2R,2025-06-23
B07YZGRR2R,2025-07-21
B07YZGRR2R,2025-08-18
B07YZGRR2R,2025-09-15
B07YZGRR2R,2025-10-13
B07YZGRR2R,2025-11-10
B07YZGRR2R,2025-12-08
B07YZGRR2R,2026-01-05
B07YZGRR2R,2026-02-02
B07YZGRR2R,2026-03-02
B07YZGVPQ3,2025-04-28
B07YZGVPQ3,2025-05-26
B07YZGVPQ3,2025-06-23
B07YZGVPQ3,2025-07-21
B07YZGVPQ3,2025-08-18
B07YZGVPQ3,2025-09-15
B07YZGVPQ3,2025-10-13
B07YZGVPQ3,2025-11-10
B07YZGVPQ3,2025-12-08
B07YZGVPQ3,2026-01-05
B07YZGVPQ3,2026-02-02
B07YZGVPQ3,2026-03-02
B07YZHC2RQ,2025-04-28
B07YZHC2RQ,2025-05-26
B07YZHC2RQ,2025-06-23
B07YZHC2RQ,2025-07-21
B07YZHC2RQ,2025-08-18
B07YZHC2RQ,2025-09-15
B07YZHC2RQ,2025-10-13
B07YZHC2RQ,2025-11-10
B07YZHC2RQ,2025-12-08
B07YZHC2RQ,2026-01-05
B07YZHC2RQ,2026-02-02
B07YZHC2RQ,2026-03-02
B07YZHGKWL,2025-04-28
B07YZHGKWL,2025-05-26
B07YZHGKWL,2025-06-23
B07YZHGKWL,2025-07-21
B07YZHGKWL,2025-08-18
B07YZHGKWL,2025-09-15
B07YZHGKWL,2025-10-13
B07YZHGKWL,2025-11-10
B07YZHGKWL,2025-12-08
B07YZHGKWL,2026-01-05
B07YZHGKWL,2026-02-02
B07YZHGKWL,2026-03-02
B07YZHL9H9,2025-04-28
B07YZHL9H9,2025-05-26
B07YZHL9H9,2025-06-23
B07YZHL9H9,2025-07-21
B07YZHL9H9,2025-08-18
B07YZHL9H9,2025-09-15
B07YZHL9H9,2025-10-13
B07YZHL9H9,2025-11-10
B07YZHL9H9,2025-12-08
B07YZHL9H9,2026-01-05
B07YZHL9H9,2026-02-02
B07YZHL9H9,2026-03-02
B07YZHRKK2,2025-04-28
B07YZHRKK2,2025-05-26
B07YZHRKK2,2025-06-23
B07YZHRKK2,2025-07-21
B07YZHRKK2,2025-08-18
B07YZHRKK2,2025-09-15
B07YZHRKK2,2025-10-13
B07YZHRKK2,2025-11-10
B07YZHRKK2,2025-12-08
B07YZHRKK2,2026-01-05
B07YZHRKK2,2026-02-02
B07YZHRKK2,2026-03-02
B07Z1QF6GW,2025-04-28
B07Z1QF6GW,2025-05-26
B07Z1QF6GW,2025-06-23
B07Z1QF6GW,2025-07-21
B07Z1QF6GW,2025-08-18
B07Z1QF6GW,2025-09-15
B07Z1QF6GW,2025-10-13
B07Z1QF6GW,2025-11-10
B07Z1QF6GW,2025-12-08
B07Z1QF6GW,2026-01-05
B07Z1QF6GW,2026-02-02
B07Z1QF6GW,2026-03-02
B07Z1R6X59,2025-04-28
B07Z1R6X59,2025-05-26
B07Z1R6X59,2025-06-23
B07Z1R6X59,2025-07-21
B07Z1R6X59,2025-08-18
B07Z1R6X59,2025-09-15
B07Z1R6X59,2025-10-13
B07Z1R6X59,2025-11-10
B07Z1R6X59,2025-12-08
B07Z1R6X59,2026-01-05
B07Z1R6X59,2026-02-02
B07Z1R6X59,2026-03-02
B07Z1R7WPZ,2025-04-28
B07Z1R7WPZ,2025-05-26
B07Z1R7WPZ,2025-06-23
B07Z1R7WPZ,2025-07-21
B07Z1R7WPZ,2025-08-18
B07Z1R7WPZ,2025-09-15
B07Z1R7WPZ,2025-10-13
B07Z1R7WPZ,2025-11-10
B07Z1R7WPZ,2025-12-08
B07Z1R7WPZ,2026-01-05
B07Z1R7WPZ,2026-02-02
B07Z1R7WPZ,2026-03-02
B07Z1RDCWQ,2025-04-28
B07Z1RDCWQ,2025-05-26
B07Z1RDCWQ,2025-06-23
B07Z1RDCWQ,2025-07-21
B07Z1RDCWQ,2025-08-18
B07Z1RDCWQ,2025-09-15
B07Z1RDCWQ,2025-10-13
B07Z1RDCWQ,2025-11-10
B07Z1RDCWQ,2025-12-08
B07Z1RDCWQ,2026-01-05
B07Z1RDCWQ,2026-02-02
B07Z1RDCWQ,2026-03-02
B07ZGJB6LW,2025-04-28
B07ZGJB6LW,2025-05-26
B07ZGJB6LW,2025-06-23
B07ZGJB6LW,2025-07-21
B07ZGJB6LW,2025-08-18
B07ZGJB6LW,2025-09-15
B07ZGJB6LW,2025-10-13
B07ZGJB6LW,2025-11-10
B07ZGJB6LW,2025-12-08
B07ZGJB6LW,2026-01-05
B07ZGJB6LW,2026-02-02
B07ZGJB6LW,2026-03-02
B07ZNJNBYT,2025-04-28
B07ZNJNBYT,2025-05-26
B07ZNJNBYT,2025-06-23
B07ZNJNBYT,2025-07-21
B07ZNJNBYT,2025-08-18
B07ZNJNBYT,2025-09-15
B07ZNJNBYT,2025-10-13
B07ZNJNBYT,2025-11-10
B07ZNJNBYT,2025-12-08
B07ZNJNBYT,2026-01-05
B07ZNJNBYT,2026-02-02
B07ZNJNBYT,2026-03-02
B07ZYYSKF5,2025-04-28
B07ZYYSKF5,2025-05-26
B07ZYYSKF5,2025-06-23
B07ZYYSKF5,2025-07-21
B07ZYYSKF5,2025-08-18
B07ZYYSKF5,2025-09-15
B07ZYYSKF5,2025-10-13
B07ZYYSKF5,2025-11-10
B07ZYYSKF5,2025-12-08
B07ZYYSKF5,2026-01-05
B07ZYYSKF5,2026-02-02
B07ZYYSKF5,2026-03-02
B0813WDXH5,2025-04-28
B0813WDXH5,2025-05-26
B0813WDXH5,2025-06-23
B0813WDXH5,2025-07-21
B0813WDXH5,2025-08-18
B0813WDXH5,2025-09-15
B0813WDXH5,2025-10-13
B0813WDXH5,2025-11-10
B0813WDXH5,2025-12-08
B0813WDXH5,2026-01-05
B0813WDXH5,2026-02-02
B0813WDXH5,2026-03-02
B0817RH3QQ,2025-04-28
B0817RH3QQ,2025-05-26
B0817RH3QQ,2025-06-23
B0817RH3QQ,2025-07-21
B0817RH3QQ,2025-08-18
B0817RH3QQ,2025-09-15
B0817RH3QQ,2025-10-13
B0817RH3QQ,2025-11-10
B0817RH3QQ,2025-12-08
B0817RH3QQ,2026-01-05
B0817RH3QQ,2026-02-02
B0817RH3QQ,2026-03-02
B081D2G854,2025-04-28
B081D2G854,2025-05-26
B081D2G854,2025-06-23
B081D2G854,2025-07-21
B081D2G854,2025-08-18
B081D2G854,2025-09-15
B081D2G854,2025-10-13
B081D2G854,2025-11-10
B081D2G854,2025-12-08
B081D2G854,2026-01-05
B081D2G854,2026-02-02
B081D2G854,2026-03-02
B081J2MCX2,2025-04-28
B081J2MCX2,2025-05-26
B081J2MCX2,2025-06-23
B081J2MCX2,2025-07-21
B081J2MCX2,2025-08-18
B081J2MCX2,2025-09-15
B081J2MCX2,2025-10-13
B081J2MCX2,2025-11-10
B081J2MCX2,2025-12-08
B081J2MCX2,2026-01-05
B081J2MCX2,2026-02-02
B081J2MCX2,2026-03-02
B081R5N8JK,2025-04-28
B081R5N8JK,2025-05-26
B081R5N8JK,2025-06-23
B081R5N8JK,2025-07-21
B081R5N8JK,2025-08-18
B081R5N8JK,2025-09-15
B081R5N8JK,2025-10-13
B081R5N8JK,2025-11-10
B081R5N8JK,2025-12-08
B081R5N8JK,2026-01-05
B081R5N8JK,2026-02-02
B081R5N8JK,2026-03-02
B081R62P5N,2025-04-28
B081R62P5N,2025-05-26
B081R62P5N,2025-06-23
B081R62P5N,2025-07-21
B081R62P5N,2025-08-18
B081R62P5N,2025-09-15
B081R62P5N,2025-10-13
B081R62P5N,2025-11-10
B081R62P5N,2025-12-08
B081R62P5N,2026-01-05
B081R62P5N,2026-02-02
B081R62P5N,2026-03-02
B08242TZ7R,2025-04-28
B08242TZ7R,2025-05-26
B08242TZ7R,2025-06-23
B08242TZ7R,2025-07-21
B08242TZ7R,2025-08-18
B08242TZ7R,2025-09-15
B08242TZ7R,2025-10-13
B08242TZ7R,2025-11-10
B08242TZ7R,2025-12-08
B08242TZ7R,2026-01-05
B08242TZ7R,2026-02-02
B08242TZ7R,2026-03-02
B08243633Q,2025-04-28
B08243633Q,2025-05-26
B08243633Q,2025-06-23
B08243633Q,2025-07-21
B08243633Q,2025-08-18
B08243633Q,2025-09-15
B08243633Q,2025-10-13
B08243633Q,2025-11-10
B08243633Q,2025-12-08
B08243633Q,2026-01-05
B08243633Q,2026-02-02
B08243633Q,2026-03-02
B0828LYJ8S,2025-04-28
B0828LYJ8S,2025-05-26
B0828LYJ8S,2025-06-23
B0828LYJ8S,2025-07-21
B0828LYJ8S,2025-08-18
B0828LYJ8S,2025-09-15
B0828LYJ8S,2025-10-13
B0828LYJ8S,2025-11-10
B0828LYJ8S,2025-12-08
B0828LYJ8S,2026-01-05
B0828LYJ8S,2026-02-02
B0828LYJ8S,2026-03-02
B0828MHXF3,2025-04-28
B0828MHXF3,2025-05-26
B0828MHXF3,2025-06-23
B0828MHXF3,2025-07-21
B0828MHXF3,2025-08-18
B0828MHXF3,2025-09-15
B0828MHXF3,2025-10-13
B0828MHXF3,2025-11-10
B0828MHXF3,2025-12-08
B0828MHXF3,2026-01-05
B0828MHXF3,2026-02-02
B0828MHXF3,2026-03-02
B0828MRYR5,2025-04-28
B0828MRYR5,2025-05-26
B0828MRYR5,2025-06-23
B0828MRYR5,2025-07-21
B0828MRYR5,2025-08-18
B0828MRYR5,2025-09-15
B0828MRYR5,2025-10-13
B0828MRYR5,2025-11-10
B0828MRYR5,2025-12-08
B0828MRYR5,2026-01-05
B0828MRYR5,2026-02-02
B0828MRYR5,2026-03-02
B08292V9NQ,2025-04-28
B08292V9NQ,2025-05-26
B08292V9NQ,2025-06-23
B08292V9NQ,2025-07-21
B08292V9NQ,2025-08-18
B08292V9NQ,2025-09-15
B08292V9NQ,2025-10-13
B08292V9NQ,2025-11-10
B08292V9NQ,2025-12-08
B08292V9NQ,2026-01-05
B08292V9NQ,2026-02-02
B08292V9NQ,2026-03-02
B0829WSMPB,2025-04-28
B0829WSMPB,2025-05-26
B0829WSMPB,2025-06-23
B0829WSMPB,2025-07-21
B0829WSMPB,2025-08-18
B0829WSMPB,2025-09-15
B0829WSMPB,2025-10-13
B0829WSMPB,2025-11-10
B0829WSMPB,2025-12-08
B0829WSMPB,2026-01-05
B0829WSMPB,2026-02-02
B0829WSMPB,2026-03-02
B082B1LDG7,2025-04-28
B082B1LDG7,2025-05-26
B082B1LDG7,2025-06-23
B082B1LDG7,2025-07-21
B082B1LDG7,2025-08-18
B082B1LDG7,2025-09-15
B082B1LDG7,2025-10-13
B082B1LDG7,2025-11-10
B082B1LDG7,2025-12-08
B082B1LDG7,2026-01-05
B082B1LDG7,2026-02-02
B082B1LDG7,2026-03-02
B082B2NRYB,2025-04-28
B082B2NRYB,2025-05-26
B082B2NRYB,2025-06-23
B082B2NRYB,2025-07-21
B082B2NRYB,2025-08-18
B082B2NRYB,2025-09-15
B082B2NRYB,2025-10-13
B082B2NRYB,2025-11-10
B082B2NRYB,2025-12-08
B082B2NRYB,2026-01-05
B082B2NRYB,2026-02-02
B082B2NRYB,2026-03-02
B082HQ6RJK,2025-04-28
B082HQ6RJK,2025-05-26
B082HQ6RJK,2025-06-23
B082HQ6RJK,2025-07-21
B082HQ6RJK,2025-08-18
B082HQ6RJK,2025-09-15
B082HQ6RJK,2025-10-13
B082HQ6RJK,2025-11-10
B082HQ6RJK,2025-12-08
B082HQ6RJK,2026-01-05
B082HQ6RJK,2026-02-02
B082HQ6RJK,2026-03-02
B082NJKT57,2025-04-28
B082NJKT57,2025-05-26
B082NJKT57,2025-06-23
B082NJKT57,2025-07-21
B082NJKT57,2025-08-18
B082NJKT57,2025-09-15
B082NJKT57,2025-10-13
B082NJKT57,2025-11-10
B082NJKT57,2025-12-08
B082NJKT57,2026-01-05
B082NJKT57,2026-02-02
B082NJKT57,2026-03-02
B082NLWBF1,2025-04-28
B082NLWBF1,2025-05-26
B082NLWBF1,2025-06-23
B082NLWBF1,2025-07-21
B082NLWBF1,2025-08-18
B082NLWBF1,2025-09-15
B082NLWBF1,2025-10-13
B082NLWBF1,2025-11-10
B082NLWBF1,2025-12-08
B082NLWBF1,2026-01-05
B082NLWBF1,2026-02-02
B082NLWBF1,2026-03-02
B082PDSBXD,2025-04-28
B082PDSBXD,2025-05-26
B082PDSBXD,2025-06-23
B082PDSBXD,2025-07-21
B082PDSBXD,2025-08-18
B082PDSBXD,2025-09-15
B082PDSBXD,2025-10-13
B082PDSBXD,2025-11-10
B082PDSBXD,2025-12-08
B082PDSBXD,2026-01-05
B082PDSBXD,2026-02-02
B082PDSBXD,2026-03-02
B082PFF2BT,2025-04-28
B082PFF2BT,2025-05-26
B082PFF2BT,2025-06-23
B082PFF2BT,2025-07-21
B082PFF2BT,2025-08-18
B082PFF2BT,2025-09-15
B082PFF2BT,2025-10-13
B082PFF2BT,2025-11-10
B082PFF2BT,2025-12-08
B082PFF2BT,2026-01-05
B082PFF2BT,2026-02-02
B082PFF2BT,2026-03-02
B082PH6QF1,2025-04-28
B082PH6QF1,2025-05-26
B082PH6QF1,2025-06-23
B082PH6QF1,2025-07-21
B082PH6QF1,2025-08-18
B082PH6QF1,2025-09-15
B082PH6QF1,2025-10-13
B082PH6QF1,2025-11-10
B082PH6QF1,2025-12-08
B082PH6QF1,2026-01-05
B082PH6QF1,2026-02-02
B082PH6QF1,2026-03-02
B082PXSFVR,2025-04-28
B082PXSFVR,2025-05-26
B082PXSFVR,2025-06-23
B082PXSFVR,2025-07-21
B082PXSFVR,2025-08-18
B082PXSFVR,2025-09-15
B082PXSFVR,2025-10-13
B082PXSFVR,2025-11-10
B082PXSFVR,2025-12-08
B082PXSFVR,2026-01-05
B082PXSFVR,2026-02-02
B082PXSFVR,2026-03-02
B082V3Q82X,2025-04-28
B082V3Q82X,2025-05-26
B082V3Q82X,2025-06-23
B082V3Q82X,2025-07-21
B082V3Q82X,2025-08-18
B082V3Q82X,2025-09-15
B082V3Q82X,2025-10-13
B082V3Q82X,2025-11-10
B082V3Q82X,2025-12-08
B082V3Q82X,2026-01-05
B082V3Q82X,2026-02-02
B082V3Q82X,2026-03-02
B082W8RZCH,2025-04-28
B082W8RZCH,2025-05-26
B082W8RZCH,2025-06-23
B082W8RZCH,2025-07-21
B082W8RZCH,2025-08-18
B082W8RZCH,2025-09-15
B082W8RZCH,2025-10-13
B082W8RZCH,2025-11-10
B082W8RZCH,2025-12-08
B082W8RZCH,2026-01-05
B082W8RZCH,2026-02-02
B082W8RZCH,2026-03-02
B082Y2VZMH,2025-04-28
B082Y2VZMH,2025-05-26
B082Y2VZMH,2025-06-23
B082Y2VZMH,2025-07-21
B082Y2VZMH,2025-08-18
B082Y2VZMH,2025-09-15
B082Y2VZMH,2025-10-13
B082Y2VZMH,2025-11-10
B082Y2VZMH,2025-12-08
B082Y2VZMH,2026-01-05
B082Y2VZMH,2026-02-02
B082Y2VZMH,2026-03-02
B0834TT88M,2025-04-28
B0834TT88M,2025-05-26
B0834TT88M,2025-06-23
B0834TT88M,2025-07-21
B0834TT88M,2025-08-18
B0834TT88M,2025-09-15
B0834TT88M,2025-10-13
B0834TT88M,2025-11-10
B0834TT88M,2025-12-08
B0834TT88M,2026-01-05
B0834TT88M,2026-02-02
B0834TT88M,2026-03-02
B0834VHBXC,2025-04-28
B0834VHBXC,2025-05-26
B0834VHBXC,2025-06-23
B0834VHBXC,2025-07-21
B0834VHBXC,2025-08-18
B0834VHBXC,2025-09-15
B0834VHBXC,2025-10-13
B0834VHBXC,2025-11-10
B0834VHBXC,2025-12-08
B0834VHBXC,2026-01-05
B0834VHBXC,2026-02-02
B0834VHBXC,2026-03-02
B0836LJFKW,2025-04-28
B0836LJFKW,2025-05-26
B0836LJFKW,2025-06-23
B0836LJFKW,2025-07-21
B0836LJFKW,2025-08-18
B0836LJFKW,2025-09-15
B0836LJFKW,2025-10-13
B0836LJFKW,2025-11-10
B0836LJFKW,2025-12-08
B0836LJFKW,2026-01-05
B0836LJFKW,2026-02-02
B0836LJFKW,2026-03-02
B0838YQH61,2025-04-28
B0838YQH61,2025-05-26
B0838YQH61,2025-06-23
B0838YQH61,2025-07-21
B0838YQH61,2025-08-18
B0838YQH61,2025-09-15
B0838YQH61,2025-10-13
B0838YQH61,2025-11-10
B0838YQH61,2025-12-08
B0838YQH61,2026-01-05
B0838YQH61,2026-02-02
B0838YQH61,2026-03-02
B083HYYK2T,2025-04-28
B083HYYK2T,2025-05-26
B083HYYK2T,2025-06-23
B083HYYK2T,2025-07-21
B083HYYK2T,2025-08-18
B083HYYK2T,2025-09-15
B083HYYK2T,2025-10-13
B083HYYK2T,2025-11-10
B083HYYK2T,2025-12-08
B083HYYK2T,2026-01-05
B083HYYK2T,2026-02-02
B083HYYK2T,2026-03-02
B083J7YTPB,2025-04-28
B083J7YTPB,2025-05-26
B083J7YTPB,2025-06-23
B083J7YTPB,2025-07-21
B083J7YTPB,2025-08-18
B083J7YTPB,2025-09-15
B083J7YTPB,2025-10-13
B083J7YTPB,2025-11-10
B083J7YTPB,2025-12-08
B083J7YTPB,2026-01-05
B083J7YTPB,2026-02-02
B083J7YTPB,2026-03-02
B083J86R46,2025-04-28
B083J86R46,2025-05-26
B083J86R46,2025-06-23
B083J86R46,2025-07-21
B083J86R46,2025-08-18
B083J86R46,2025-09-15
B083J86R46,2025-10-13
B083J86R46,2025-11-10
B083J86R46,2025-12-08
B083J86R46,2026-01-05
B083J86R46,2026-02-02
B083J86R46,2026-03-02
B083J894TY,2025-04-28
B083J894TY,2025-05-26
B083J894TY,2025-06-23
B083J894TY,2025-07-21
B083J894TY,2025-08-18
B083J894TY,2025-09-15
B083J894TY,2025-10-13
B083J894TY,2025-11-10
B083J894TY,2025-12-08
B083J894TY,2026-01-05
B083J894TY,2026-02-02
B083J894TY,2026-03-02
B083YZZGZ6,2025-04-28
B083YZZGZ6,2025-05-26
B083YZZGZ6,2025-06-23
B083YZZGZ6,2025-07-21
B083YZZGZ6,2025-08-18
B083YZZGZ6,2025-09-15
B083YZZGZ6,2025-10-13
B083YZZGZ6,2025-11-10
B083YZZGZ6,2025-12-08
B083YZZGZ6,2026-01-05
B083YZZGZ6,2026-02-02
B083YZZGZ6,2026-03-02
B084H2RRXQ,2025-04-28
B084H2RRXQ,2025-05-26
B084H2RRXQ,2025-06-23
B084H2RRXQ,2025-07-21
B084H2RRXQ,2025-08-18
B084H2RRXQ,2025-09-15
B084H2RRXQ,2025-10-13
B084H2RRXQ,2025-11-10
B084H2RRXQ,2025-12-08
B084H2RRXQ,2026-01-05
B084H2RRXQ,2026-02-02
B084H2RRXQ,2026-03-02
B084WSLNP8,2025-04-28
B084WSLNP8,2025-05-26
B084WSLNP8,2025-06-23
B084WSLNP8,2025-07-21
B084WSLNP8,2025-08-18
B084WSLNP8,2025-09-15
B084WSLNP8,2025-10-13
B084WSLNP8,2025-11-10
B084WSLNP8,2025-12-08
B084WSLNP8,2026-01-05
B084WSLNP8,2026-02-02
B084WSLNP8,2026-03-02
B084WTLRXK,2025-04-28
B084WTLRXK,2025-05-26
B084WTLRXK,2025-06-23
B084WTLRXK,2025-07-21
B084WTLRXK,2025-08-18
B084WTLRXK,2025-09-15
B084WTLRXK,2025-10-13
B084WTLRXK,2025-11-10
B084WTLRXK,2025-12-08
B084WTLRXK,2026-01-05
B084WTLRXK,2026-02-02
B084WTLRXK,2026-03-02
B08547XXLS,2025-04-28
B08547XXLS,2025-05-26
B08547XXLS,2025-06-23
B08547XXLS,2025-07-21
B08547XXLS,2025-08-18
B08547XXLS,2025-09-15
B08547XXLS,2025-10-13
B08547XXLS,2025-11-10
B08547XXLS,2025-12-08
B08547XXLS,2026-01-05
B08547XXLS,2026-02-02
B08547XXLS,2026-03-02
B0854BCYRK,2025-04-28
B0854BCYRK,2025-05-26
B0854BCYRK,2025-06-23
B0854BCYRK,2025-07-21
B0854BCYRK,2025-08-18
B0854BCYRK,2025-09-15
B0854BCYRK,2025-10-13
B0854BCYRK,2025-11-10
B0854BCYRK,2025-12-08
B0854BCYRK,2026-01-05
B0854BCYRK,2026-02-02
B0854BCYRK,2026-03-02
B085RRKCFF,2025-04-28
B085RRKCFF,2025-05-26
B085RRKCFF,2025-06-23
B085RRKCFF,2025-07-21
B085RRKCFF,2025-08-18
B085RRKCFF,2025-09-15
B085RRKCFF,2025-10-13
B085RRKCFF,2025-11-10
B085RRKCFF,2025-12-08
B085RRKCFF,2026-01-05
B085RRKCFF,2026-02-02
B085RRKCFF,2026-03-02
B085Y6RJVF,2025-04-28
B085Y6RJVF,2025-05-26
B085Y6RJVF,2025-06-23
B085Y6RJVF,2025-07-21
B085Y6RJVF,2025-08-18
B085Y6RJVF,2025-09-15
B085Y6RJVF,2025-10-13
B085Y6RJVF,2025-11-10
B085Y6RJVF,2025-12-08
B085Y6RJVF,2026-01-05
B085Y6RJVF,2026-02-02
B085Y6RJVF,2026-03-02
B086GQNHLT,2025-04-28
B086GQNHLT,2025-05-26
B086GQNHLT,2025-06-23
B086GQNHLT,2025-07-21
B086GQNHLT,2025-08-18
B086GQNHLT,2025-09-15
B086GQNHLT,2025-10-13
B086GQNHLT,2025-11-10
B086GQNHLT,2025-12-08
B086GQNHLT,2026-01-05
B086GQNHLT,2026-02-02
B086GQNHLT,2026-03-02
B08743S26D,2025-04-28
B08743S26D,2025-05-26
B08743S26D,2025-06-23
B08743S26D,2025-07-21
B08743S26D,2025-08-18
B08743S26D,2025-09-15
B08743S26D,2025-10-13
B08743S26D,2025-11-10
B08743S26D,2025-12-08
B08743S26D,2026-01-05
B08743S26D,2026-02-02
B08743S26D,2026-03-02
B08744Y4SC,2025-04-28
B08744Y4SC,2025-05-26
B08744Y4SC,2025-06-23
B08744Y4SC,2025-07-21
B08744Y4SC,2025-08-18
B08744Y4SC,2025-09-15
B08744Y4SC,2025-10-13
B08744Y4SC,2025-11-10
B08744Y4SC,2025-12-08
B08744Y4SC,2026-01-05
B08744Y4SC,2026-02-02
B08744Y4SC,2026-03-02
B087CVBXP8,2025-04-28
B087CVBXP8,2025-05-26
B087CVBXP8,2025-06-23
B087CVBXP8,2025-07-21
B087CVBXP8,2025-08-18
B087CVBXP8,2025-09-15
B087CVBXP8,2025-10-13
B087CVBXP8,2025-11-10
B087CVBXP8,2025-12-08
B087CVBXP8,2026-01-05
B087CVBXP8,2026-02-02
B087CVBXP8,2026-03-02
B087D163KZ,2025-04-28
B087D163KZ,2025-05-26
B087D163KZ,2025-06-23
B087D163KZ,2025-07-21
B087D163KZ,2025-08-18
B087D163KZ,2025-09-15
B087D163KZ,2025-10-13
B087D163KZ,2025-11-10
B087D163KZ,2025-12-08
B087D163KZ,2026-01-05
B087D163KZ,2026-02-02
B087D163KZ,2026-03-02
B087G2GNK4,2025-04-28
B087G2GNK4,2025-05-26
B087G2GNK4,2025-06-23
B087G2GNK4,2025-07-21
B087G2GNK4,2025-08-18
B087G2GNK4,2025-09-15
B087G2GNK4,2025-10-13
B087G2GNK4,2025-11-10
B087G2GNK4,2025-12-08
B087G2GNK4,2026-01-05
B087G2GNK4,2026-02-02
B087G2GNK4,2026-03-02
B087GBRQYC,2025-04-28
B087GBRQYC,2025-05-26
B087GBRQYC,2025-06-23
B087GBRQYC,2025-07-21
B087GBRQYC,2025-08-18
B087GBRQYC,2025-09-15
B087GBRQYC,2025-10-13
B087GBRQYC,2025-11-10
B087GBRQYC,2025-12-08
B087GBRQYC,2026-01-05
B087GBRQYC,2026-02-02
B087GBRQYC,2026-03-02
B087PC66MD,2025-04-28
B087PC66MD,2025-05-26
B087PC66MD,2025-06-23
B087PC66MD,2025-07-21
B087PC66MD,2025-08-18
B087PC66MD,2025-09-15
B087PC66MD,2025-10-13
B087PC66MD,2025-11-10
B087PC66MD,2025-12-08
B087PC66MD,2026-01-05
B087PC66MD,2026-02-02
B087PC66MD,2026-03-02
B087QFBFT8,2025-04-28
B087QFBFT8,2025-05-26
B087QFBFT8,2025-06-23
B087QFBFT8,2025-07-21
B087QFBFT8,2025-08-18
B087QFBFT8,2025-09-15
B087QFBFT8,2025-10-13
B087QFBFT8,2025-11-10
B087QFBFT8,2025-12-08
B087QFBFT8,2026-01-05
B087QFBFT8,2026-02-02
B087QFBFT8,2026-03-02
B0881S67PK,2025-04-28
B0881S67PK,2025-05-26
B0881S67PK,2025-06-23
B0881S67PK,2025-07-21
B0881S67PK,2025-08-18
B0881S67PK,2025-09-15
B0881S67PK,2025-10-13
B0881S67PK,2025-11-10
B0881S67PK,2025-12-08
B0881S67PK,2026-01-05
B0881S67PK,2026-02-02
B0881S67PK,2026-03-02
B088K8K6ZF,2025-04-28
B088K8K6ZF,2025-05-26
B088K8K6ZF,2025-06-23
B088K8K6ZF,2025-07-21
B088K8K6ZF,2025-08-18
B088K8K6ZF,2025-09-15
B088K8K6ZF,2025-10-13
B088K8K6ZF,2025-11-10
B088K8K6ZF,2025-12-08
B088K8K6ZF,2026-01-05
B088K8K6ZF,2026-02-02
B088K8K6ZF,2026-03-02
B088KCN1YG,2025-04-28
B088KCN1YG,2025-05-26
B088KCN1YG,2025-06-23
B088KCN1YG,2025-07-21
B088KCN1YG,2025-08-18
B088KCN1YG,2025-09-15
B088KCN1YG,2025-10-13
B088KCN1YG,2025-11-10
B088KCN1YG,2025-12-08
B088KCN1YG,2026-01-05
B088KCN1YG,2026-02-02
B088KCN1YG,2026-03-02
B088KDZ4W3,2025-04-28
B088KDZ4W3,2025-05-26
B088KDZ4W3,2025-06-23
B088KDZ4W3,2025-07-21
B088KDZ4W3,2025-08-18
B088KDZ4W3,2025-09-15
B088KDZ4W3,2025-10-13
B088KDZ4W3,2025-11-10
B088KDZ4W3,2025-12-08
B088KDZ4W3,2026-01-05
B088KDZ4W3,2026-02-02
B088KDZ4W3,2026-03-02
B088NHMYSX,2025-04-28
B088NHMYSX,2025-05-26
B088NHMYSX,2025-06-23
B088NHMYSX,2025-07-21
B088NHMYSX,2025-08-18
B088NHMYSX,2025-09-15
B088NHMYSX,2025-10-13
B088NHMYSX,2025-11-10
B088NHMYSX,2025-12-08
B088NHMYSX,2026-01-05
B088NHMYSX,2026-02-02
B088NHMYSX,2026-03-02
B088WBKRBP,2025-04-28
B088WBKRBP,2025-05-26
B088WBKRBP,2025-06-23
B088WBKRBP,2025-07-21
B088WBKRBP,2025-08-18
B088WBKRBP,2025-09-15
B088WBKRBP,2025-10-13
B088WBKRBP,2025-11-10
B088WBKRBP,2025-12-08
B088WBKRBP,2026-01-05
B088WBKRBP,2026-02-02
B088WBKRBP,2026-03-02
B088WHWPHJ,2025-04-28
B088WHWPHJ,2025-05-26
B088WHWPHJ,2025-06-23
B088WHWPHJ,2025-07-21
B088WHWPHJ,2025-08-18
B088WHWPHJ,2025-09-15
B088WHWPHJ,2025-10-13
B088WHWPHJ,2025-11-10
B088WHWPHJ,2025-12-08
B088WHWPHJ,2026-01-05
B088WHWPHJ,2026-02-02
B088WHWPHJ,2026-03-02
B0897NFC5Q,2025-04-28
B0897NFC5Q,2025-05-26
B0897NFC5Q,2025-06-23
B0897NFC5Q,2025-07-21
B0897NFC5Q,2025-08-18
B0897NFC5Q,2025-09-15
B0897NFC5Q,2025-10-13
B0897NFC5Q,2025-11-10
B0897NFC5Q,2025-12-08
B0897NFC5Q,2026-01-05
B0897NFC5Q,2026-02-02
B0897NFC5Q,2026-03-02
B089LQ3J7Y,2025-04-28
B089LQ3J7Y,2025-05-26
B089LQ3J7Y,2025-06-23
B089LQ3J7Y,2025-07-21
B089LQ3J7Y,2025-08-18
B089LQ3J7Y,2025-09-15
B089LQ3J7Y,2025-10-13
B089LQ3J7Y,2025-11-10
B089LQ3J7Y,2025-12-08
B089LQ3J7Y,2026-01-05
B089LQ3J7Y,2026-02-02
B089LQ3J7Y,2026-03-02
B089VM4L4P,2025-04-28
B089VM4L4P,2025-05-26
B089VM4L4P,2025-06-23
B089VM4L4P,2025-07-21
B089VM4L4P,2025-08-18
B089VM4L4P,2025-09-15
B089VM4L4P,2025-10-13
B089VM4L4P,2025-11-10
B089VM4L4P,2025-12-08
B089VM4L4P,2026-01-05
B089VM4L4P,2026-02-02
B089VM4L4P,2026-03-02
B08BG246PK,2025-04-28
B08BG246PK,2025-05-26
B08BG246PK,2025-06-23
B08BG246PK,2025-07-21
B08BG246PK,2025-08-18
B08BG246PK,2025-09-15
B08BG246PK,2025-10-13
B08BG246PK,2025-11-10
B08BG246PK,2025-12-08
B08BG246PK,2026-01-05
B08BG246PK,2026-02-02
B08BG246PK,2026-03-02
B08BJ6C5QQ,2025-04-28
B08BJ6C5QQ,2025-05-26
B08BJ6C5QQ,2025-06-23
B08BJ6C5QQ,2025-07-21
B08BJ6C5QQ,2025-08-18
B08BJ6C5QQ,2025-09-15
B08BJ6C5QQ,2025-10-13
B08BJ6C5QQ,2025-11-10
B08BJ6C5QQ,2025-12-08
B08BJ6C5QQ,2026-01-05
B08BJ6C5QQ,2026-02-02
B08BJ6C5QQ,2026-03-02
B08BJW8BV5,2025-04-28
B08BJW8BV5,2025-05-26
B08BJW8BV5,2025-06-23
B08BJW8BV5,2025-07-21
B08BJW8BV5,2025-08-18
B08BJW8BV5,2025-09-15
B08BJW8BV5,2025-10-13
B08BJW8BV5,2025-11-10
B08BJW8BV5,2025-12-08
B08BJW8BV5,2026-01-05
B08BJW8BV5,2026-02-02
B08BJW8BV5,2026-03-02
B08BX8WSR6,2025-04-28
B08BX8WSR6,2025-05-26
B08BX8WSR6,2025-06-23
B08BX8WSR6,2025-07-21
B08BX8WSR6,2025-08-18
B08BX8WSR6,2025-09-15
B08BX8WSR6,2025-10-13
B08BX8WSR6,2025-11-10
B08BX8WSR6,2025-12-08
B08BX8WSR6,2026-01-05
B08BX8WSR6,2026-02-02
B08BX8WSR6,2026-03-02
B08BZ3H857,2025-04-28
B08BZ3H857,2025-05-26
B08BZ3H857,2025-06-23
B08BZ3H857,2025-07-21
B08BZ3H857,2025-08-18
B08BZ3H857,2025-09-15
B08BZ3H857,2025-10-13
B08BZ3H857,2025-11-10
B08BZ3H857,2025-12-08
B08BZ3H857,2026-01-05
B08BZ3H857,2026-02-02
B08BZ3H857,2026-03-02
B08BZT6N5B,2025-04-28
B08BZT6N5B,2025-05-26
B08BZT6N5B,2025-06-23
B08BZT6N5B,2025-07-21
B08BZT6N5B,2025-08-18
B08BZT6N5B,2025-09-15
B08BZT6N5B,2025-10-13
B08BZT6N5B,2025-11-10
B08BZT6N5B,2025-12-08
B08BZT6N5B,2026-01-05
B08BZT6N5B,2026-02-02
B08BZT6N5B,2026-03-02
B08C27Z9JG,2025-04-28
B08C27Z9JG,2025-05-26
B08C27Z9JG,2025-06-23
B08C27Z9JG,2025-07-21
B08C27Z9JG,2025-08-18
B08C27Z9JG,2025-09-15
B08C27Z9JG,2025-10-13
B08C27Z9JG,2025-11-10
B08C27Z9JG,2025-12-08
B08C27Z9JG,2026-01-05
B08C27Z9JG,2026-02-02
B08C27Z9JG,2026-03-02
B08C2W7ZBK,2025-04-28
B08C2W7ZBK,2025-05-26
B08C2W7ZBK,2025-06-23
B08C2W7ZBK,2025-07-21
B08C2W7ZBK,2025-08-18
B08C2W7ZBK,2025-09-15
B08C2W7ZBK,2025-10-13
B08C2W7ZBK,2025-11-10
B08C2W7ZBK,2025-12-08
B08C2W7ZBK,2026-01-05
B08C2W7ZBK,2026-02-02
B08C2W7ZBK,2026-03-02
B08C68Z7QB,2025-04-28
B08C68Z7QB,2025-05-26
B08C68Z7QB,2025-06-23
B08C68Z7QB,2025-07-21
B08C68Z7QB,2025-08-18
B08C68Z7QB,2025-09-15
B08C68Z7QB,2025-10-13
B08C68Z7QB,2025-11-10
B08C68Z7QB,2025-12-08
B08C68Z7QB,2026-01-05
B08C68Z7QB,2026-02-02
B08C68Z7QB,2026-03-02
B08CBVSB25,2025-04-28
B08CBVSB25,2025-05-26
B08CBVSB25,2025-06-23
B08CBVSB25,2025-07-21
B08CBVSB25,2025-08-18
B08CBVSB25,2025-09-15
B08CBVSB25,2025-10-13
B08CBVSB25,2025-11-10
B08CBVSB25,2025-12-08
B08CBVSB25,2026-01-05
B08CBVSB25,2026-02-02
B08CBVSB25,2026-03-02
B08CGCJCXM,2025-04-28
B08CGCJCXM,2025-05-26
B08CGCJCXM,2025-06-23
B08CGCJCXM,2025-07-21
B08CGCJCXM,2025-08-18
B08CGCJCXM,2025-09-15
B08CGCJCXM,2025-10-13
B08CGCJCXM,2025-11-10
B08CGCJCXM,2025-12-08
B08CGCJCXM,2026-01-05
B08CGCJCXM,2026-02-02
B08CGCJCXM,2026-03-02
B08CRM6J84,2025-04-28
B08CRM6J84,2025-05-26
B08CRM6J84,2025-06-23
B08CRM6J84,2025-07-21
B08CRM6J84,2025-08-18
B08CRM6J84,2025-09-15
B08CRM6J84,2025-10-13
B08CRM6J84,2025-11-10
B08CRM6J84,2025-12-08
B08CRM6J84,2026-01-05
B08CRM6J84,2026-02-02
B08CRM6J84,2026-03-02
B08CSJ56GC,2025-04-28
B08CSJ56GC,2025-05-26
B08CSJ56GC,2025-06-23
B08CSJ56GC,2025-07-21
B08CSJ56GC,2025-08-18
B08CSJ56GC,2025-09-15
B08CSJ56GC,2025-10-13
B08CSJ56GC,2025-11-10
B08CSJ56GC,2025-12-08
B08CSJ56GC,2026-01-05
B08CSJ56GC,2026-02-02
B08CSJ56GC,2026-03-02
B08CZ188WZ,2025-04-28
B08CZ188WZ,2025-05-26
B08CZ188WZ,2025-06-23
B08CZ188WZ,2025-07-21
B08CZ188WZ,2025-08-18
B08CZ188WZ,2025-09-15
B08CZ188WZ,2025-10-13
B08CZ188WZ,2025-11-10
B08CZ188WZ,2025-12-08
B08CZ188WZ,2026-01-05
B08CZ188WZ,2026-02-02
B08CZ188WZ,2026-03-02
B08CZ282F7,2025-04-28
B08CZ282F7,2025-05-26
B08CZ282F7,2025-06-23
B08CZ282F7,2025-07-21
B08CZ282F7,2025-08-18
B08CZ282F7,2025-09-15
B08CZ282F7,2025-10-13
B08CZ282F7,2025-11-10
B08CZ282F7,2025-12-08
B08CZ282F7,2026-01-05
B08CZ282F7,2026-02-02
B08CZ282F7,2026-03-02
B08CZ9WPXZ,2025-04-28
B08CZ9WPXZ,2025-05-26
B08CZ9WPXZ,2025-06-23
B08CZ9WPXZ,2025-07-21
B08CZ9WPXZ,2025-08-18
B08CZ9WPXZ,2025-09-15
B08CZ9WPXZ,2025-10-13
B08CZ9WPXZ,2025-11-10
B08CZ9WPXZ,2025-12-08
B08CZ9WPXZ,2026-01-05
B08CZ9WPXZ,2026-02-02
B08CZ9WPXZ,2026-03-02
B08CZBRMP9,2025-04-28
B08CZBRMP9,2025-05-26
B08CZBRMP9,2025-06-23
B08CZBRMP9,2025-07-21
B08CZBRMP9,2025-08-18
B08CZBRMP9,2025-09-15
B08CZBRMP9,2025-10-13
B08CZBRMP9,2025-11-10
B08CZBRMP9,2025-12-08
B08CZBRMP9,2026-01-05
B08CZBRMP9,2026-02-02
B08CZBRMP9,2026-03-02
B08D3D88VL,2025-04-28
B08D3D88VL,2025-05-26
B08D3D88VL,2025-06-23
B08D3D88VL,2025-07-21
B08D3D88VL,2025-08-18
B08D3D88VL,2025-09-15
B08D3D88VL,2025-10-13
B08D3D88VL,2025-11-10
B08D3D88VL,2025-12-08
B08D3D88VL,2026-01-05
B08D3D88VL,2026-02-02
B08D3D88VL,2026-03-02
B08D3KLNN5,2025-04-28
B08D3KLNN5,2025-05-26
B08D3KLNN5,2025-06-23
B08D3KLNN5,2025-07-21
B08D3KLNN5,2025-08-18
B08D3KLNN5,2025-09-15
B08D3KLNN5,2025-10-13
B08D3KLNN5,2025-11-10
B08D3KLNN5,2025-12-08
B08D3KLNN5,2026-01-05
B08D3KLNN5,2026-02-02
B08D3KLNN5,2026-03-02
B08DFJ77BB,2025-04-28
B08DFJ77BB,2025-05-26
B08DFJ77BB,2025-06-23
B08DFJ77BB,2025-07-21
B08DFJ77BB,2025-08-18
B08DFJ77BB,2025-09-15
B08DFJ77BB,2025-10-13
B08DFJ77BB,2025-11-10
B08DFJ77BB,2025-12-08
B08DFJ77BB,2026-01-05
B08DFJ77BB,2026-02-02
B08DFJ77BB,2026-03-02
B08F58DNB8,2025-04-28
B08F58DNB8,2025-05-26
B08F58DNB8,2025-06-23
B08F58DNB8,2025-07-21
B08F58DNB8,2025-08-18
B08F58DNB8,2025-09-15
B08F58DNB8,2025-10-13
B08F58DNB8,2025-11-10
B08F58DNB8,2025-12-08
B08F58DNB8,2026-01-05
B08F58DNB8,2026-02-02
B08F58DNB8,2026-03-02
B08F59LJML,2025-04-28
B08F59LJML,2025-05-26
B08F59LJML,2025-06-23
B08F59LJML,2025-07-21
B08F59LJML,2025-08-18
B08F59LJML,2025-09-15
B08F59LJML,2025-10-13
B08F59LJML,2025-11-10
B08F59LJML,2025-12-08
B08F59LJML,2026-01-05
B08F59LJML,2026-02-02
B08F59LJML,2026-03-02
B08F59WRG5,2025-04-28
B08F59WRG5,2025-05-26
B08F59WRG5,2025-06-23
B08F59WRG5,2025-07-21
B08F59WRG5,2025-08-18
B08F59WRG5,2025-09-15
B08F59WRG5,2025-10-13
B08F59WRG5,2025-11-10
B08F59WRG5,2025-12-08
B08F59WRG5,2026-01-05
B08F59WRG5,2026-02-02
B08F59WRG5,2026-03-02
B08FBFY89R,2025-04-28
B08FBFY89R,2025-05-26
B08FBFY89R,2025-06-23
B08FBFY89R,2025-07-21
B08FBFY89R,2025-08-18
B08FBFY89R,2025-09-15
B08FBFY89R,2025-10-13
B08FBFY89R,2025-11-10
B08FBFY89R,2025-12-08
B08FBFY89R,2026-01-05
B08FBFY89R,2026-02-02
B08FBFY89R,2026-03-02
B08FBY1YV6,2025-04-28
B08FBY1YV6,2025-05-26
B08FBY1YV6,2025-06-23
B08FBY1YV6,2025-07-21
B08FBY1YV6,2025-08-18
B08FBY1YV6,2025-09-15
B08FBY1YV6,2025-10-13
B08FBY1YV6,2025-11-10
B08FBY1YV6,2025-12-08
B08FBY1YV6,2026-01-05
B08FBY1YV6,2026-02-02
B08FBY1YV6,2026-03-02
B08FMF44YF,2025-04-28
B08FMF44YF,2025-05-26
B08FMF44YF,2025-06-23
B08FMF44YF,2025-07-21
B08FMF44YF,2025-08-18
B08FMF44YF,2025-09-15
B08FMF44YF,2025-10-13
B08FMF44YF,2025-11-10
B08FMF44YF,2025-12-08
B08FMF44YF,2026-01-05
B08FMF44YF,2026-02-02
B08FMF44YF,2026-03-02
B08FNV5HKH,2025-04-28
B08FNV5HKH,2025-05-26
B08FNV5HKH,2025-06-23
B08FNV5HKH,2025-07-21
B08FNV5HKH,2025-08-18
B08FNV5HKH,2025-09-15
B08FNV5HKH,2025-10-13
B08FNV5HKH,2025-11-10
B08FNV5HKH,2025-12-08
B08FNV5HKH,2026-01-05
B08FNV5HKH,2026-02-02
B08FNV5HKH,2026-03-02
B08FR32TRG,2025-04-28
B08FR32TRG,2025-05-26
B08FR32TRG,2025-06-23
B08FR32TRG,2025-07-21
B08FR32TRG,2025-08-18
B08FR32TRG,2025-09-15
B08FR32TRG,2025-10-13
B08FR32TRG,2025-11-10
B08FR32TRG,2025-12-08
B08FR32TRG,2026-01-05
B08FR32TRG,2026-02-02
B08FR32TRG,2026-03-02
B08FRFQW76,2025-04-28
B08FRFQW76,2025-05-26
B08FRFQW76,2025-06-23
B08FRFQW76,2025-07-21
B08FRFQW76,2025-08-18
B08FRFQW76,2025-09-15
B08FRFQW76,2025-10-13
B08FRFQW76,2025-11-10
B08FRFQW76,2025-12-08
B08FRFQW76,2026-01-05
B08FRFQW76,2026-02-02
B08FRFQW76,2026-03-02
B08FRGXD2J,2025-04-28
B08FRGXD2J,2025-05-26
B08FRGXD2J,2025-06-23
B08FRGXD2J,2025-07-21
B08FRGXD2J,2025-08-18
B08FRGXD2J,2025-09-15
B08FRGXD2J,2025-10-13
B08FRGXD2J,2025-11-10
B08FRGXD2J,2025-12-08
B08FRGXD2J,2026-01-05
B08FRGXD2J,2026-02-02
B08FRGXD2J,2026-03-02
B08FRH9HN4,2025-04-28
B08FRH9HN4,2025-05-26
B08FRH9HN4,2025-06-23
B08FRH9HN4,2025-07-21
B08FRH9HN4,2025-08-18
B08FRH9HN4,2025-09-15
B08FRH9HN4,2025-10-13
B08FRH9HN4,2025-11-10
B08FRH9HN4,2025-12-08
B08FRH9HN4,2026-01-05
B08FRH9HN4,2026-02-02
B08FRH9HN4,2026-03-02
B08FRH9XLV,2025-04-28
B08FRH9XLV,2025-05-26
B08FRH9XLV,2025-06-23
B08FRH9XLV,2025-07-21
B08FRH9XLV,2025-08-18
B08FRH9XLV,2025-09-15
B08FRH9XLV,2025-10-13
B08FRH9XLV,2025-11-10
B08FRH9XLV,2025-12-08
B08FRH9XLV,2026-01-05
B08FRH9XLV,2026-02-02
B08FRH9XLV,2026-03-02
B08G1F6MCC,2025-04-28
B08G1F6MCC,2025-05-26
B08G1F6MCC,2025-06-23
B08G1F6MCC,2025-07-21
B08G1F6MCC,2025-08-18
B08G1F6MCC,2025-09-15
B08G1F6MCC,2025-10-13
B08G1F6MCC,2025-11-10
B08G1F6MCC,2025-12-08
B08G1F6MCC,2026-01-05
B08G1F6MCC,2026-02-02
B08G1F6MCC,2026-03-02
B08G1F74LV,2025-04-28
B08G1F74LV,2025-05-26
B08G1F74LV,2025-06-23
B08G1F74LV,2025-07-21
B08G1F74LV,2025-08-18
B08G1F74LV,2025-09-15
B08G1F74LV,2025-10-13
B08G1F74LV,2025-11-10
B08G1F74LV,2025-12-08
B08G1F74LV,2026-01-05
B08G1F74LV,2026-02-02
B08G1F74LV,2026-03-02
B08G1FST5S,2025-04-28
B08G1FST5S,2025-05-26
B08G1FST5S,2025-06-23
B08G1FST5S,2025-07-21
B08G1FST5S,2025-08-18
B08G1FST5S,2025-09-15
B08G1FST5S,2025-10-13
B08G1FST5S,2025-11-10
B08G1FST5S,2025-12-08
B08G1FST5S,2026-01-05
B08G1FST5S,2026-02-02
B08G1FST5S,2026-03-02
B08GBPR9V2,2025-04-28
B08GBPR9V2,2025-05-26
B08GBPR9V2,2025-06-23
B08GBPR9V2,2025-07-21
B08GBPR9V2,2025-08-18
B08GBPR9V2,2025-09-15
B08GBPR9V2,2025-10-13
B08GBPR9V2,2025-11-10
B08GBPR9V2,2025-12-08
B08GBPR9V2,2026-01-05
B08GBPR9V2,2026-02-02
B08GBPR9V2,2026-03-02
B08GC57KCS,2025-04-28
B08GC57KCS,2025-05-26
B08GC57KCS,2025-06-23
B08GC57KCS,2025-07-21
B08GC57KCS,2025-08-18
B08GC57KCS,2025-09-15
B08GC57KCS,2025-10-13
B08GC57KCS,2025-11-10
B08GC57KCS,2025-12-08
B08GC57KCS,2026-01-05
B08GC57KCS,2026-02-02
B08GC57KCS,2026-03-02
B08GKR33X7,2025-04-28
B08GKR33X7,2025-05-26
B08GKR33X7,2025-06-23
B08GKR33X7,2025-07-21
B08GKR33X7,2025-08-18
B08GKR33X7,2025-09-15
B08GKR33X7,2025-10-13
B08GKR33X7,2025-11-10
B08GKR33X7,2025-12-08
B08GKR33X7,2026-01-05
B08GKR33X7,2026-02-02
B08GKR33X7,2026-03-02
B08GL6FH9H,2025-04-28
B08GL6FH9H,2025-05-26
B08GL6FH9H,2025-06-23
B08GL6FH9H,2025-07-21
B08GL6FH9H,2025-08-18
B08GL6FH9H,2025-09-15
B08GL6FH9H,2025-10-13
B08GL6FH9H,2025-11-10
B08GL6FH9H,2025-12-08
B08GL6FH9H,2026-01-05
B08GL6FH9H,2026-02-02
B08GL6FH9H,2026-03-02
B08HCBXM4Z,2025-04-28
B08HCBXM4Z,2025-05-26
B08HCBXM4Z,2025-06-23
B08HCBXM4Z,2025-07-21
B08HCBXM4Z,2025-08-18
B08HCBXM4Z,2025-09-15
B08HCBXM4Z,2025-10-13
B08HCBXM4Z,2025-11-10
B08HCBXM4Z,2025-12-08
B08HCBXM4Z,2026-01-05
B08HCBXM4Z,2026-02-02
B08HCBXM4Z,2026-03-02
B08HMJZ78Z,2025-04-28
B08HMJZ78Z,2025-05-26
B08HMJZ78Z,2025-06-23
B08HMJZ78Z,2025-07-21
B08HMJZ78Z,2025-08-18
B08HMJZ78Z,2025-09-15
B08HMJZ78Z,2025-10-13
B08HMJZ78Z,2025-11-10
B08HMJZ78Z,2025-12-08
B08HMJZ78Z,2026-01-05
B08HMJZ78Z,2026-02-02
B08HMJZ78Z,2026-03-02
B08HRTPMYN,2025-04-28
B08HRTPMYN,2025-05-26
B08HRTPMYN,2025-06-23
B08HRTPMYN,2025-07-21
B08HRTPMYN,2025-08-18
B08HRTPMYN,2025-09-15
B08HRTPMYN,2025-10-13
B08HRTPMYN,2025-11-10
B08HRTPMYN,2025-12-08
B08HRTPMYN,2026-01-05
B08HRTPMYN,2026-02-02
B08HRTPMYN,2026-03-02
B08HRTWS2M,2025-04-28
B08HRTWS2M,2025-05-26
B08HRTWS2M,2025-06-23
B08HRTWS2M,2025-07-21
B08HRTWS2M,2025-08-18
B08HRTWS2M,2025-09-15
B08HRTWS2M,2025-10-13
B08HRTWS2M,2025-11-10
B08HRTWS2M,2025-12-08
B08HRTWS2M,2026-01-05
B08HRTWS2M,2026-02-02
B08HRTWS2M,2026-03-02
B08HVB6J2M,2025-04-28
B08HVB6J2M,2025-05-26
B08HVB6J2M,2025-06-23
B08HVB6J2M,2025-07-21
B08HVB6J2M,2025-08-18
B08HVB6J2M,2025-09-15
B08HVB6J2M,2025-10-13
B08HVB6J2M,2025-11-10
B08HVB6J2M,2025-12-08
B08HVB6J2M,2026-01-05
B08HVB6J2M,2026-02-02
B08HVB6J2M,2026-03-02
B08HVC31BQ,2025-04-28
B08HVC31BQ,2025-05-26
B08HVC31BQ,2025-06-23
B08HVC31BQ,2025-07-21
B08HVC31BQ,2025-08-18
B08HVC31BQ,2025-09-15
B08HVC31BQ,2025-10-13
B08HVC31BQ,2025-11-10
B08HVC31BQ,2025-12-08
B08HVC31BQ,2026-01-05
B08HVC31BQ,2026-02-02
B08HVC31BQ,2026-03-02
B08HVHHWNG,2025-04-28
B08HVHHWNG,2025-05-26
B08HVHHWNG,2025-06-23
B08HVHHWNG,2025-07-21
B08HVHHWNG,2025-08-18
B08HVHHWNG,2025-09-15
B08HVHHWNG,2025-10-13
B08HVHHWNG,2025-11-10
B08HVHHWNG,2025-12-08
B08HVHHWNG,2026-01-05
B08HVHHWNG,2026-02-02
B08HVHHWNG,2026-03-02
B08JGH19TQ,2025-04-28
B08JGH19TQ,2025-05-26
B08JGH19TQ,2025-06-23
B08JGH19TQ,2025-07-21
B08JGH19TQ,2025-08-18
B08JGH19TQ,2025-09-15
B08JGH19TQ,2025-10-13
B08JGH19TQ,2025-11-10
B08JGH19TQ,2025-12-08
B08JGH19TQ,2026-01-05
B08JGH19TQ,2026-02-02
B08JGH19TQ,2026-03-02
B08KDQPQZW,2025-04-28
B08KDQPQZW,2025-05-26
B08KDQPQZW,2025-06-23
B08KDQPQZW,2025-07-21
B08KDQPQZW,2025-08-18
B08KDQPQZW,2025-09-15
B08KDQPQZW,2025-10-13
B08KDQPQZW,2025-11-10
B08KDQPQZW,2025-12-08
B08KDQPQZW,2026-01-05
B08KDQPQZW,2026-02-02
B08KDQPQZW,2026-03-02
B08KLGF6CQ,2025-04-28
B08KLGF6CQ,2025-05-26
B08KLGF6CQ,2025-06-23
B08KLGF6CQ,2025-07-21
B08KLGF6CQ,2025-08-18
B08KLGF6CQ,2025-09-15
B08KLGF6CQ,2025-10-13
B08KLGF6CQ,2025-11-10
B08KLGF6CQ,2025-12-08
B08KLGF6CQ,2026-01-05
B08KLGF6CQ,2026-02-02
B08KLGF6CQ,2026-03-02
B08KS3G5HB,2025-04-28
B08KS3G5HB,2025-05-26
B08KS3G5HB,2025-06-23
B08KS3G5HB,2025-07-21
B08KS3G5HB,2025-08-18
B08KS3G5HB,2025-09-15
B08KS3G5HB,2025-10-13
B08KS3G5HB,2025-11-10
B08KS3G5HB,2025-12-08
B08KS3G5HB,2026-01-05
B08KS3G5HB,2026-02-02
B08KS3G5HB,2026-03-02
B08KSHTWD1,2025-04-28
B08KSHTWD1,2025-05-26
B08KSHTWD1,2025-06-23
B08KSHTWD1,2025-07-21
B08KSHTWD1,2025-08-18
B08KSHTWD1,2025-09-15
B08KSHTWD1,2025-10-13
B08KSHTWD1,2025-11-10
B08KSHTWD1,2025-12-08
B08KSHTWD1,2026-01-05
B08KSHTWD1,2026-02-02
B08KSHTWD1,2026-03-02
B08L34JRKJ,2025-04-28
B08L34JRKJ,2025-05-26
B08L34JRKJ,2025-06-23
B08L34JRKJ,2025-07-21
B08L34JRKJ,2025-08-18
B08L34JRKJ,2025-09-15
B08L34JRKJ,2025-10-13
B08L34JRKJ,2025-11-10
B08L34JRKJ,2025-12-08
B08L34JRKJ,2026-01-05
B08L34JRKJ,2026-02-02
B08L34JRKJ,2026-03-02
B08L3YWT6Y,2025-04-28
B08L3YWT6Y,2025-05-26
B08L3YWT6Y,2025-06-23
B08L3YWT6Y,2025-07-21
B08L3YWT6Y,2025-08-18
B08L3YWT6Y,2025-09-15
B08L3YWT6Y,2025-10-13
B08L3YWT6Y,2025-11-10
B08L3YWT6Y,2025-12-08
B08L3YWT6Y,2026-01-05
B08L3YWT6Y,2026-02-02
B08L3YWT6Y,2026-03-02
B08L6GX9PK,2025-04-28
B08L6GX9PK,2025-05-26
B08L6GX9PK,2025-06-23
B08L6GX9PK,2025-07-21
B08L6GX9PK,2025-08-18
B08L6GX9PK,2025-09-15
B08L6GX9PK,2025-10-13
B08L6GX9PK,2025-11-10
B08L6GX9PK,2025-12-08
B08L6GX9PK,2026-01-05
B08L6GX9PK,2026-02-02
B08L6GX9PK,2026-03-02
B08L93P4DF,2025-04-28
B08L93P4DF,2025-05-26
B08L93P4DF,2025-06-23
B08L93P4DF,2025-07-21
B08L93P4DF,2025-08-18
B08L93P4DF,2025-09-15
B08L93P4DF,2025-10-13
B08L93P4DF,2025-11-10
B08L93P4DF,2025-12-08
B08L93P4DF,2026-01-05
B08L93P4DF,2026-02-02
B08L93P4DF,2026-03-02
B08LSBMWXL,2025-04-28
B08LSBMWXL,2025-05-26
B08LSBMWXL,2025-06-23
B08LSBMWXL,2025-07-21
B08LSBMWXL,2025-08-18
B08LSBMWXL,2025-09-15
B08LSBMWXL,2025-10-13
B08LSBMWXL,2025-11-10
B08LSBMWXL,2025-12-08
B08LSBMWXL,2026-01-05
B08LSBMWXL,2026-02-02
B08LSBMWXL,2026-03-02
B08LSPV3ZW,2025-04-28
B08LSPV3ZW,2025-05-26
B08LSPV3ZW,2025-06-23
B08LSPV3ZW,2025-07-21
B08LSPV3ZW,2025-08-18
B08LSPV3ZW,2025-09-15
B08LSPV3ZW,2025-10-13
B08LSPV3ZW,2025-11-10
B08LSPV3ZW,2025-12-08
B08LSPV3ZW,2026-01-05
B08LSPV3ZW,2026-02-02
B08LSPV3ZW,2026-03-02
B08LSSPKW3,2025-04-28
B08LSSPKW3,2025-05-26
B08LSSPKW3,2025-06-23
B08LSSPKW3,2025-07-21
B08LSSPKW3,2025-08-18
B08LSSPKW3,2025-09-15
B08LSSPKW3,2025-10-13
B08LSSPKW3,2025-11-10
B08LSSPKW3,2025-12-08
B08LSSPKW3,2026-01-05
B08LSSPKW3,2026-02-02
B08LSSPKW3,2026-03-02
B08LSTPJ5F,2025-04-28
B08LSTPJ5F,2025-05-26
B08LSTPJ5F,2025-06-23
B08LSTPJ5F,2025-07-21
B08LSTPJ5F,2025-08-18
B08LSTPJ5F,2025-09-15
B08LSTPJ5F,2025-10-13
B08LSTPJ5F,2025-11-10
B08LSTPJ5F,2025-12-08
B08LSTPJ5F,2026-01-05
B08LSTPJ5F,2026-02-02
B08LSTPJ5F,2026-03-02
B08MF8FNS4,2025-04-28
B08MF8FNS4,2025-05-26
B08MF8FNS4,2025-06-23
B08MF8FNS4,2025-07-21
B08MF8FNS4,2025-08-18
B08MF8FNS4,2025-09-15
B08MF8FNS4,2025-10-13
B08MF8FNS4,2025-11-10
B08MF8FNS4,2025-12-08
B08MF8FNS4,2026-01-05
B08MF8FNS4,2026-02-02
B08MF8FNS4,2026-03-02
B08MF8WG4J,2025-04-28
B08MF8WG4J,2025-05-26
B08MF8WG4J,2025-06-23
B08MF8WG4J,2025-07-21
B08MF8WG4J,2025-08-18
B08MF8WG4J,2025-09-15
B08MF8WG4J,2025-10-13
B08MF8WG4J,2025-11-10
B08MF8WG4J,2025-12-08
B08MF8WG4J,2026-01-05
B08MF8WG4J,2026-02-02
B08MF8WG4J,2026-03-02
B08MF9HCHH,2025-04-28
B08MF9HCHH,2025-05-26
B08MF9HCHH,2025-06-23
B08MF9HCHH,2025-07-21
B08MF9HCHH,2025-08-18
B08MF9HCHH,2025-09-15
B08MF9HCHH,2025-10-13
B08MF9HCHH,2025-11-10
B08MF9HCHH,2025-12-08
B08MF9HCHH,2026-01-05
B08MF9HCHH,2026-02-02
B08MF9HCHH,2026-03-02
B08MF9QXC9,2025-04-28
B08MF9QXC9,2025-05-26
B08MF9QXC9,2025-06-23
B08MF9QXC9,2025-07-21
B08MF9QXC9,2025-08-18
B08MF9QXC9,2025-09-15
B08MF9QXC9,2025-10-13
B08MF9QXC9,2025-11-10
B08MF9QXC9,2025-12-08
B08MF9QXC9,2026-01-05
B08MF9QXC9,2026-02-02
B08MF9QXC9,2026-03-02
B08MFGHVYN,2025-04-28
B08MFGHVYN,2025-05-26
B08MFGHVYN,2025-06-23
B08MFGHVYN,2025-07-21
B08MFGHVYN,2025-08-18
B08MFGHVYN,2025-09-15
B08MFGHVYN,2025-10-13
B08MFGHVYN,2025-11-10
B08MFGHVYN,2025-12-08
B08MFGHVYN,2026-01-05
B08MFGHVYN,2026-02-02
B08MFGHVYN,2026-03-02
B08MTH4BD8,2025-04-28
B08MTH4BD8,2025-05-26
B08MTH4BD8,2025-06-23
B08MTH4BD8,2025-07-21
B08MTH4BD8,2025-08-18
B08MTH4BD8,2025-09-15
B08MTH4BD8,2025-10-13
B08MTH4BD8,2025-11-10
B08MTH4BD8,2025-12-08
B08MTH4BD8,2026-01-05
B08MTH4BD8,2026-02-02
B08MTH4BD8,2026-03-02
B08MVYCRBR,2025-04-28
B08MVYCRBR,2025-05-26
B08MVYCRBR,2025-06-23
B08MVYCRBR,2025-07-21
B08MVYCRBR,2025-08-18
B08MVYCRBR,2025-09-15
B08MVYCRBR,2025-10-13
B08MVYCRBR,2025-11-10
B08MVYCRBR,2025-12-08
B08MVYCRBR,2026-01-05
B08MVYCRBR,2026-02-02
B08MVYCRBR,2026-03-02
B08MYZH82W,2025-04-28
B08MYZH82W,2025-05-26
B08MYZH82W,2025-06-23
B08MYZH82W,2025-07-21
B08MYZH82W,2025-08-18
B08MYZH82W,2025-09-15
B08MYZH82W,2025-10-13
B08MYZH82W,2025-11-10
B08MYZH82W,2025-12-08
B08MYZH82W,2026-01-05
B08MYZH82W,2026-02-02
B08MYZH82W,2026-03-02
B08N4PG56Y,2025-04-28
B08N4PG56Y,2025-05-26
B08N4PG56Y,2025-06-23
B08N4PG56Y,2025-07-21
B08N4PG56Y,2025-08-18
B08N4PG56Y,2025-09-15
B08N4PG56Y,2025-10-13
B08N4PG56Y,2025-11-10
B08N4PG56Y,2025-12-08
B08N4PG56Y,2026-01-05
B08N4PG56Y,2026-02-02
B08N4PG56Y,2026-03-02
B08N5RZ53Z,2025-04-28
B08N5RZ53Z,2025-05-26
B08N5RZ53Z,2025-06-23
B08N5RZ53Z,2025-07-21
B08N5RZ53Z,2025-08-18
B08N5RZ53Z,2025-09-15
B08N5RZ53Z,2025-10-13
B08N5RZ53Z,2025-11-10
B08N5RZ53Z,2025-12-08
B08N5RZ53Z,2026-01-05
B08N5RZ53Z,2026-02-02
B08N5RZ53Z,2026-03-02
B08N5SGW62,2025-04-28
B08N5SGW62,2025-05-26
B08N5SGW62,2025-06-23
B08N5SGW62,2025-07-21
B08N5SGW62,2025-08-18
B08N5SGW62,2025-09-15
B08N5SGW62,2025-10-13
B08N5SGW62,2025-11-10
B08N5SGW62,2025-12-08
B08N5SGW62,2026-01-05
B08N5SGW62,2026-02-02
B08N5SGW62,2026-03-02
B08N5VFNVV,2025-04-28
B08N5VFNVV,2025-05-26
B08N5VFNVV,2025-06-23
B08N5VFNVV,2025-07-21
B08N5VFNVV,2025-08-18
B08N5VFNVV,2025-09-15
B08N5VFNVV,2025-10-13
B08N5VFNVV,2025-11-10
B08N5VFNVV,2025-12-08
B08N5VFNVV,2026-01-05
B08N5VFNVV,2026-02-02
B08N5VFNVV,2026-03-02
B08N5W5HYM,2025-04-28
B08N5W5HYM,2025-05-26
B08N5W5HYM,2025-06-23
B08N5W5HYM,2025-07-21
B08N5W5HYM,2025-08-18
B08N5W5HYM,2025-09-15
B08N5W5HYM,2025-10-13
B08N5W5HYM,2025-11-10
B08N5W5HYM,2025-12-08
B08N5W5HYM,2026-01-05
B08N5W5HYM,2026-02-02
B08N5W5HYM,2026-03-02
B08NC624X8,2025-04-28
B08NC624X8,2025-05-26
B08NC624X8,2025-06-23
B08NC624X8,2025-07-21
B08NC624X8,2025-08-18
B08NC624X8,2025-09-15
B08NC624X8,2025-10-13
B08NC624X8,2025-11-10
B08NC624X8,2025-12-08
B08NC624X8,2026-01-05
B08NC624X8,2026-02-02
B08NC624X8,2026-03-02
B08NSY75L9,2025-04-28
B08NSY75L9,2025-05-26
B08NSY75L9,2025-06-23
B08NSY75L9,2025-07-21
B08NSY75L9,2025-08-18
B08NSY75L9,2025-09-15
B08NSY75L9,2025-10-13
B08NSY75L9,2025-11-10
B08NSY75L9,2025-12-08
B08NSY75L9,2026-01-05
B08NSY75L9,2026-02-02
B08NSY75L9,2026-03-02
B08NXGVLFN,2025-04-28
B08NXGVLFN,2025-05-26
B08NXGVLFN,2025-06-23
B08NXGVLFN,2025-07-21
B08NXGVLFN,2025-08-18
B08NXGVLFN,2025-09-15
B08NXGVLFN,2025-10-13
B08NXGVLFN,2025-11-10
B08NXGVLFN,2025-12-08
B08NXGVLFN,2026-01-05
B08NXGVLFN,2026-02-02
B08NXGVLFN,2026-03-02
B08NZHC7QQ,2025-04-28
B08NZHC7QQ,2025-05-26
B08NZHC7QQ,2025-06-23
B08NZHC7QQ,2025-07-21
B08NZHC7QQ,2025-08-18
B08NZHC7QQ,2025-09-15
B08NZHC7QQ,2025-10-13
B08NZHC7QQ,2025-11-10
B08NZHC7QQ,2025-12-08
B08NZHC7QQ,2026-01-05
B08NZHC7QQ,2026-02-02
B08NZHC7QQ,2026-03-02
B08P3N19LD,2025-04-28
B08P3N19LD,2025-05-26
B08P3N19LD,2025-06-23
B08P3N19LD,2025-07-21
B08P3N19LD,2025-08-18
B08P3N19LD,2025-09-15
B08P3N19LD,2025-10-13
B08P3N19LD,2025-11-10
B08P3N19LD,2025-12-08
B08P3N19LD,2026-01-05
B08P3N19LD,2026-02-02
B08P3N19LD,2026-03-02
B08P4BV2YN,2025-04-28
B08P4BV2YN,2025-05-26
B08P4BV2YN,2025-06-23
B08P4BV2YN,2025-07-21
B08P4BV2YN,2025-08-18
B08P4BV2YN,2025-09-15
B08P4BV2YN,2025-10-13
B08P4BV2YN,2025-11-10
B08P4BV2YN,2025-12-08
B08P4BV2YN,2026-01-05
B08P4BV2YN,2026-02-02
B08P4BV2YN,2026-03-02
B08P8GTDD6,2025-04-28
B08P8GTDD6,2025-05-26
B08P8GTDD6,2025-06-23
B08P8GTDD6,2025-07-21
B08P8GTDD6,2025-08-18
B08P8GTDD6,2025-09-15
B08P8GTDD6,2025-10-13
B08P8GTDD6,2025-11-10
B08P8GTDD6,2025-12-08
B08P8GTDD6,2026-01-05
B08P8GTDD6,2026-02-02
B08P8GTDD6,2026-03-02
B08P9PBBKM,2025-04-28
B08P9PBBKM,2025-05-26
B08P9PBBKM,2025-06-23
B08P9PBBKM,2025-07-21
B08P9PBBKM,2025-08-18
B08P9PBBKM,2025-09-15
B08P9PBBKM,2025-10-13
B08P9PBBKM,2025-11-10
B08P9PBBKM,2025-12-08
B08P9PBBKM,2026-01-05
B08P9PBBKM,2026-02-02
B08P9PBBKM,2026-03-02
B08PDP224C,2025-04-28
B08PDP224C,2025-05-26
B08PDP224C,2025-06-23
B08PDP224C,2025-07-21
B08PDP224C,2025-08-18
B08PDP224C,2025-09-15
B08PDP224C,2025-10-13
B08PDP224C,2025-11-10
B08PDP224C,2025-12-08
B08PDP224C,2026-01-05
B08PDP224C,2026-02-02
B08PDP224C,2026-03-02
B08PDTC2BC,2025-04-28
B08PDTC2BC,2025-05-26
B08PDTC2BC,2025-06-23
B08PDTC2BC,2025-07-21
B08PDTC2BC,2025-08-18
B08PDTC2BC,2025-09-15
B08PDTC2BC,2025-10-13
B08PDTC2BC,2025-11-10
B08PDTC2BC,2025-12-08
B08PDTC2BC,2026-01-05
B08PDTC2BC,2026-02-02
B08PDTC2BC,2026-03-02
B08PDW4RGL,2025-04-28
B08PDW4RGL,2025-05-26
B08PDW4RGL,2025-06-23
B08PDW4RGL,2025-07-21
B08PDW4RGL,2025-08-18
B08PDW4RGL,2025-09-15
B08PDW4RGL,2025-10-13
B08PDW4RGL,2025-11-10
B08PDW4RGL,2025-12-08
B08PDW4RGL,2026-01-05
B08PDW4RGL,2026-02-02
B08PDW4RGL,2026-03-02
B08PKGDN63,2025-04-28
B08PKGDN63,2025-05-26
B08PKGDN63,2025-06-23
B08PKGDN63,2025-07-21
B08PKGDN63,2025-08-18
B08PKGDN63,2025-09-15
B08PKGDN63,2025-10-13
B08PKGDN63,2025-11-10
B08PKGDN63,2025-12-08
B08PKGDN63,2026-01-05
B08PKGDN63,2026-02-02
B08PKGDN63,2026-03-02
B08PVQL96T,2025-04-28
B08PVQL96T,2025-05-26
B08PVQL96T,2025-06-23
B08PVQL96T,2025-07-21
B08PVQL96T,2025-08-18
B08PVQL96T,2025-09-15
B08PVQL96T,2025-10-13
B08PVQL96T,2025-11-10
B08PVQL96T,2025-12-08
B08PVQL96T,2026-01-05
B08PVQL96T,2026-02-02
B08PVQL96T,2026-03-02
B08PYMKCMV,2025-04-28
B08PYMKCMV,2025-05-26
B08PYMKCMV,2025-06-23
B08PYMKCMV,2025-07-21
B08PYMKCMV,2025-08-18
B08PYMKCMV,2025-09-15
B08PYMKCMV,2025-10-13
B08PYMKCMV,2025-11-10
B08PYMKCMV,2025-12-08
B08PYMKCMV,2026-01-05
B08PYMKCMV,2026-02-02
B08PYMKCMV,2026-03-02
B08Q7DGLTQ,2025-04-28
B08Q7DGLTQ,2025-05-26
B08Q7DGLTQ,2025-06-23
B08Q7DGLTQ,2025-07-21
B08Q7DGLTQ,2025-08-18
B08Q7DGLTQ,2025-09-15
B08Q7DGLTQ,2025-10-13
B08Q7DGLTQ,2025-11-10
B08Q7DGLTQ,2025-12-08
B08Q7DGLTQ,2026-01-05
B08Q7DGLTQ,2026-02-02
B08Q7DGLTQ,2026-03-02
B08Q7LQSHW,2025-04-28
B08Q7LQSHW,2025-05-26
B08Q7LQSHW,2025-06-23
B08Q7LQSHW,2025-07-21
B08Q7LQSHW,2025-08-18
B08Q7LQSHW,2025-09-15
B08Q7LQSHW,2025-10-13
B08Q7LQSHW,2025-11-10
B08Q7LQSHW,2025-12-08
B08Q7LQSHW,2026-01-05
B08Q7LQSHW,2026-02-02
B08Q7LQSHW,2026-03-02
B08QBRHL9B,2025-04-28
B08QBRHL9B,2025-05-26
B08QBRHL9B,2025-06-23
B08QBRHL9B,2025-07-21
B08QBRHL9B,2025-08-18
B08QBRHL9B,2025-09-15
B08QBRHL9B,2025-10-13
B08QBRHL9B,2025-11-10
B08QBRHL9B,2025-12-08
B08QBRHL9B,2026-01-05
B08QBRHL9B,2026-02-02
B08QBRHL9B,2026-03-02
B08QHQ3P3R,2025-04-28
B08QHQ3P3R,2025-05-26
B08QHQ3P3R,2025-06-23
B08QHQ3P3R,2025-07-21
B08QHQ3P3R,2025-08-18
B08QHQ3P3R,2025-09-15
B08QHQ3P3R,2025-10-13
B08QHQ3P3R,2025-11-10
B08QHQ3P3R,2025-12-08
B08QHQ3P3R,2026-01-05
B08QHQ3P3R,2026-02-02
B08QHQ3P3R,2026-03-02
B08QHRF7SR,2025-04-28
B08QHRF7SR,2025-05-26
B08QHRF7SR,2025-06-23
B08QHRF7SR,2025-07-21
B08QHRF7SR,2025-08-18
B08QHRF7SR,2025-09-15
B08QHRF7SR,2025-10-13
B08QHRF7SR,2025-11-10
B08QHRF7SR,2025-12-08
B08QHRF7SR,2026-01-05
B08QHRF7SR,2026-02-02
B08QHRF7SR,2026-03-02
B08QM9VHMN,2025-04-28
B08QM9VHMN,2025-05-26
B08QM9VHMN,2025-06-23
B08QM9VHMN,2025-07-21
B08QM9VHMN,2025-08-18
B08QM9VHMN,2025-09-15
B08QM9VHMN,2025-10-13
B08QM9VHMN,2025-11-10
B08QM9VHMN,2025-12-08
B08QM9VHMN,2026-01-05
B08QM9VHMN,2026-02-02
B08QM9VHMN,2026-03-02
B08QMG9PX2,2025-04-28
B08QMG9PX2,2025-05-26
B08QMG9PX2,2025-06-23
B08QMG9PX2,2025-07-21
B08QMG9PX2,2025-08-18
B08QMG9PX2,2025-09-15
B08QMG9PX2,2025-10-13
B08QMG9PX2,2025-11-10
B08QMG9PX2,2025-12-08
B08QMG9PX2,2026-01-05
B08QMG9PX2,2026-02-02
B08QMG9PX2,2026-03-02
B08QV9B5PV,2025-04-28
B08QV9B5PV,2025-05-26
B08QV9B5PV,2025-06-23
B08QV9B5PV,2025-07-21
B08QV9B5PV,2025-08-18
B08QV9B5PV,2025-09-15
B08QV9B5PV,2025-10-13
B08QV9B5PV,2025-11-10
B08QV9B5PV,2025-12-08
B08QV9B5PV,2026-01-05
B08QV9B5PV,2026-02-02
B08QV9B5PV,2026-03-02
B08QZ1FYYV,2025-04-28
B08QZ1FYYV,2025-05-26
B08QZ1FYYV,2025-06-23
B08QZ1FYYV,2025-07-21
B08QZ1FYYV,2025-08-18
B08QZ1FYYV,2025-09-15
B08QZ1FYYV,2025-10-13
B08QZ1FYYV,2025-11-10
B08QZ1FYYV,2025-12-08
B08QZ1FYYV,2026-01-05
B08QZ1FYYV,2026-02-02
B08QZ1FYYV,2026-03-02
B08QZ8JTDN,2025-04-28
B08QZ8JTDN,2025-05-26
B08QZ8JTDN,2025-06-23
B08QZ8JTDN,2025-07-21
B08QZ8JTDN,2025-08-18
B08QZ8JTDN,2025-09-15
B08QZ8JTDN,2025-10-13
B08QZ8JTDN,2025-11-10
B08QZ8JTDN,2025-12-08
B08QZ8JTDN,2026-01-05
B08QZ8JTDN,2026-02-02
B08QZ8JTDN,2026-03-02
B08QZK79CY,2025-04-28
B08QZK79CY,2025-05-26
B08QZK79CY,2025-06-23
B08QZK79CY,2025-07-21
B08QZK79CY,2025-08-18
B08QZK79CY,2025-09-15
B08QZK79CY,2025-10-13
B08QZK79CY,2025-11-10
B08QZK79CY,2025-12-08
B08QZK79CY,2026-01-05
B08QZK79CY,2026-02-02
B08QZK79CY,2026-03-02
B08R17THCK,2025-04-28
B08R17THCK,2025-05-26
B08R17THCK,2025-06-23
B08R17THCK,2025-07-21
B08R17THCK,2025-08-18
B08R17THCK,2025-09-15
B08R17THCK,2025-10-13
B08R17THCK,2025-11-10
B08R17THCK,2025-12-08
B08R17THCK,2026-01-05
B08R17THCK,2026-02-02
B08R17THCK,2026-03-02
B08R5LF233,2025-04-28
B08R5LF233,2025-05-26
B08R5LF233,2025-06-23
B08R5LF233,2025-07-21
B08R5LF233,2025-08-18
B08R5LF233,2025-09-15
B08R5LF233,2025-10-13
B08R5LF233,2025-11-10
B08R5LF233,2025-12-08
B08R5LF233,2026-01-05
B08R5LF233,2026-02-02
B08R5LF233,2026-03-02
B08R6TGPC1,2025-04-28
B08R6TGPC1,2025-05-26
B08R6TGPC1,2025-06-23
B08R6TGPC1,2025-07-21
B08R6TGPC1,2025-08-18
B08R6TGPC1,2025-09-15
B08R6TGPC1,2025-10-13
B08R6TGPC1,2025-11-10
B08R6TGPC1,2025-12-08
B08R6TGPC1,2026-01-05
B08R6TGPC1,2026-02-02
B08R6TGPC1,2026-03-02
B08RN4LX9N,2025-04-28
B08RN4LX9N,2025-05-26
B08RN4LX9N,2025-06-23
B08RN4LX9N,2025-07-21
B08RN4LX9N,2025-08-18
B08RN4LX9N,2025-09-15
B08RN4LX9N,2025-10-13
B08RN4LX9N,2025-11-10
B08RN4LX9N,2025-12-08
B08RN4LX9N,2026-01-05
B08RN4LX9N,2026-02-02
B08RN4LX9N,2026-03-02
B08RYZK4ZW,2025-04-28
B08RYZK4ZW,2025-05-26
B08RYZK4ZW,2025-06-23
B08RYZK4ZW,2025-07-21
B08RYZK4ZW,2025-08-18
B08RYZK4ZW,2025-09-15
B08RYZK4ZW,2025-10-13
B08RYZK4ZW,2025-11-10
B08RYZK4ZW,2025-12-08
B08RYZK4ZW,2026-01-05
B08RYZK4ZW,2026-02-02
B08RYZK4ZW,2026-03-02
B08S2Z3QN1,2025-04-28
B08S2Z3QN1,2025-05-26
B08S2Z3QN1,2025-06-23
B08S2Z3QN1,2025-07-21
B08S2Z3QN1,2025-08-18
B08S2Z3QN1,2025-09-15
B08S2Z3QN1,2025-10-13
B08S2Z3QN1,2025-11-10
B08S2Z3QN1,2025-12-08
B08S2Z3QN1,2026-01-05
B08S2Z3QN1,2026-02-02
B08S2Z3QN1,2026-03-02
B08S3CPR97,2025-04-28
B08S3CPR97,2025-05-26
B08S3CPR97,2025-06-23
B08S3CPR97,2025-07-21
B08S3CPR97,2025-08-18
B08S3CPR97,2025-09-15
B08S3CPR97,2025-10-13
B08S3CPR97,2025-11-10
B08S3CPR97,2025-12-08
B08S3CPR97,2026-01-05
B08S3CPR97,2026-02-02
B08S3CPR97,2026-03-02
B08S3PYP2D,2025-04-28
B08S3PYP2D,2025-05-26
B08S3PYP2D,2025-06-23
B08S3PYP2D,2025-07-21
B08S3PYP2D,2025-08-18
B08S3PYP2D,2025-09-15
B08S3PYP2D,2025-10-13
B08S3PYP2D,2025-11-10
B08S3PYP2D,2025-12-08
B08S3PYP2D,2026-01-05
B08S3PYP2D,2026-02-02
B08S3PYP2D,2026-03-02
B08SM3CYTH,2025-04-28
B08SM3CYTH,2025-05-26
B08SM3CYTH,2025-06-23
B08SM3CYTH,2025-07-21
B08SM3CYTH,2025-08-18
B08SM3CYTH,2025-09-15
B08SM3CYTH,2025-10-13
B08SM3CYTH,2025-11-10
B08SM3CYTH,2025-12-08
B08SM3CYTH,2026-01-05
B08SM3CYTH,2026-02-02
B08SM3CYTH,2026-03-02
B08TBVDR2Q,2025-04-28
B08TBVDR2Q,2025-05-26
B08TBVDR2Q,2025-06-23
B08TBVDR2Q,2025-07-21
B08TBVDR2Q,2025-08-18
B08TBVDR2Q,2025-09-15
B08TBVDR2Q,2025-10-13
B08TBVDR2Q,2025-11-10
B08TBVDR2Q,2025-12-08
B08TBVDR2Q,2026-01-05
B08TBVDR2Q,2026-02-02
B08TBVDR2Q,2026-03-02
B08TBVGPKS,2025-04-28
B08TBVGPKS,2025-05-26
B08TBVGPKS,2025-06-23
B08TBVGPKS,2025-07-21
B08TBVGPKS,2025-08-18
B08TBVGPKS,2025-09-15
B08TBVGPKS,2025-10-13
B08TBVGPKS,2025-11-10
B08TBVGPKS,2025-12-08
B08TBVGPKS,2026-01-05
B08TBVGPKS,2026-02-02
B08TBVGPKS,2026-03-02
B08TBWGZP2,2025-04-28
B08TBWGZP2,2025-05-26
B08TBWGZP2,2025-06-23
B08TBWGZP2,2025-07-21
B08TBWGZP2,2025-08-18
B08TBWGZP2,2025-09-15
B08TBWGZP2,2025-10-13
B08TBWGZP2,2025-11-10
B08TBWGZP2,2025-12-08
B08TBWGZP2,2026-01-05
B08TBWGZP2,2026-02-02
B08TBWGZP2,2026-03-02
B08TLWN6XJ,2025-04-28
B08TLWN6XJ,2025-05-26
B08TLWN6XJ,2025-06-23
B08TLWN6XJ,2025-07-21
B08TLWN6XJ,2025-08-18
B08TLWN6XJ,2025-09-15
B08TLWN6XJ,2025-10-13
B08TLWN6XJ,2025-11-10
B08TLWN6XJ,2025-12-08
B08TLWN6XJ,2026-01-05
B08TLWN6XJ,2026-02-02
B08TLWN6XJ,2026-03-02
B08TLZ9MRX,2025-04-28
B08TLZ9MRX,2025-05-26
B08TLZ9MRX,2025-06-23
B08TLZ9MRX,2025-07-21
B08TLZ9MRX,2025-08-18
B08TLZ9MRX,2025-09-15
B08TLZ9MRX,2025-10-13
B08TLZ9MRX,2025-11-10
B08TLZ9MRX,2025-12-08
B08TLZ9MRX,2026-01-05
B08TLZ9MRX,2026-02-02
B08TLZ9MRX,2026-03-02
B08TM4RYF9,2025-04-28
B08TM4RYF9,2025-05-26
B08TM4RYF9,2025-06-23
B08TM4RYF9,2025-07-21
B08TM4RYF9,2025-08-18
B08TM4RYF9,2025-09-15
B08TM4RYF9,2025-10-13
B08TM4RYF9,2025-11-10
B08TM4RYF9,2025-12-08
B08TM4RYF9,2026-01-05
B08TM4RYF9,2026-02-02
B08TM4RYF9,2026-03-02
B08TM9BTZC,2025-04-28
B08TM9BTZC,2025-05-26
B08TM9BTZC,2025-06-23
B08TM9BTZC,2025-07-21
B08TM9BTZC,2025-08-18
B08TM9BTZC,2025-09-15
B08TM9BTZC,2025-10-13
B08TM9BTZC,2025-11-10
B08TM9BTZC,2025-12-08
B08TM9BTZC,2026-01-05
B08TM9BTZC,2026-02-02
B08TM9BTZC,2026-03-02
B08TMHLPWJ,2025-04-28
B08TMHLPWJ,2025-05-26
B08TMHLPWJ,2025-06-23
B08TMHLPWJ,2025-07-21
B08TMHLPWJ,2025-08-18
B08TMHLPWJ,2025-09-15
B08TMHLPWJ,2025-10-13
B08TMHLPWJ,2025-11-10
B08TMHLPWJ,2025-12-08
B08TMHLPWJ,2026-01-05
B08TMHLPWJ,2026-02-02
B08TMHLPWJ,2026-03-02
B08TX2TL1H,2025-04-28
B08TX2TL1H,2025-05-26
B08TX2TL1H,2025-06-23
B08TX2TL1H,2025-07-21
B08TX2TL1H,2025-08-18
B08TX2TL1H,2025-09-15
B08TX2TL1H,2025-10-13
B08TX2TL1H,2025-11-10
B08TX2TL1H,2025-12-08
B08TX2TL1H,2026-01-05
B08TX2TL1H,2026-02-02
B08TX2TL1H,2026-03-02
B08VBY659F,2025-04-28
B08VBY659F,2025-05-26
B08VBY659F,2025-06-23
B08VBY659F,2025-07-21
B08VBY659F,2025-08-18
B08VBY659F,2025-09-15
B08VBY659F,2025-10-13
B08VBY659F,2025-11-10
B08VBY659F,2025-12-08
B08VBY659F,2026-01-05
B08VBY659F,2026-02-02
B08VBY659F,2026-03-02
B08VJ9M47R,2025-04-28
B08VJ9M47R,2025-05-26
B08VJ9M47R,2025-06-23
B08VJ9M47R,2025-07-21
B08VJ9M47R,2025-08-18
B08VJ9M47R,2025-09-15
B08VJ9M47R,2025-10-13
B08VJ9M47R,2025-11-10
B08VJ9M47R,2025-12-08
B08VJ9M47R,2026-01-05
B08VJ9M47R,2026-02-02
B08VJ9M47R,2026-03-02
B08VJ9Y3BP,2025-04-28
B08VJ9Y3BP,2025-05-26
B08VJ9Y3BP,2025-06-23
B08VJ9Y3BP,2025-07-21
B08VJ9Y3BP,2025-08-18
B08VJ9Y3BP,2025-09-15
B08VJ9Y3BP,2025-10-13
B08VJ9Y3BP,2025-11-10
B08VJ9Y3BP,2025-12-08
B08VJ9Y3BP,2026-01-05
B08VJ9Y3BP,2026-02-02
B08VJ9Y3BP,2026-03-02
B08VJBRCGQ,2025-04-28
B08VJBRCGQ,2025-05-26
B08VJBRCGQ,2025-06-23
B08VJBRCGQ,2025-07-21
B08VJBRCGQ,2025-08-18
B08VJBRCGQ,2025-09-15
B08VJBRCGQ,2025-10-13
B08VJBRCGQ,2025-11-10
B08VJBRCGQ,2025-12-08
B08VJBRCGQ,2026-01-05
B08VJBRCGQ,2026-02-02
B08VJBRCGQ,2026-03-02
B08VJKM4GB,2025-04-28
B08VJKM4GB,2025-05-26
B08VJKM4GB,2025-06-23
B08VJKM4GB,2025-07-21
B08VJKM4GB,2025-08-18
B08VJKM4GB,2025-09-15
B08VJKM4GB,2025-10-13
B08VJKM4GB,2025-11-10
B08VJKM4GB,2025-12-08
B08VJKM4GB,2026-01-05
B08VJKM4GB,2026-02-02
B08VJKM4GB,2026-03-02
B08XLDQZRL,2025-04-28
B08XLDQZRL,2025-05-26
B08XLDQZRL,2025-06-23
B08XLDQZRL,2025-07-21
B08XLDQZRL,2025-08-18
B08XLDQZRL,2025-09-15
B08XLDQZRL,2025-10-13
B08XLDQZRL,2025-11-10
B08XLDQZRL,2025-12-08
B08XLDQZRL,2026-01-05
B08XLDQZRL,2026-02-02
B08XLDQZRL,2026-03-02
B08XXZNHCT,2025-04-28
B08XXZNHCT,2025-05-26
B08XXZNHCT,2025-06-23
B08XXZNHCT,2025-07-21
B08XXZNHCT,2025-08-18
B08XXZNHCT,2025-09-15
B08XXZNHCT,2025-10-13
B08XXZNHCT,2025-11-10
B08XXZNHCT,2025-12-08
B08XXZNHCT,2026-01-05
B08XXZNHCT,2026-02-02
B08XXZNHCT,2026-03-02
B08Y1LKR76,2025-04-28
B08Y1LKR76,2025-05-26
B08Y1LKR76,2025-06-23
B08Y1LKR76,2025-07-21
B08Y1LKR76,2025-08-18
B08Y1LKR76,2025-09-15
B08Y1LKR76,2025-10-13
B08Y1LKR76,2025-11-10
B08Y1LKR76,2025-12-08
B08Y1LKR76,2026-01-05
B08Y1LKR76,2026-02-02
B08Y1LKR76,2026-03-02
B08Y5KZNQB,2025-04-28
B08Y5KZNQB,2025-05-26
B08Y5KZNQB,2025-06-23
B08Y5KZNQB,2025-07-21
B08Y5KZNQB,2025-08-18
B08Y5KZNQB,2025-09-15
B08Y5KZNQB,2025-10-13
B08Y5KZNQB,2025-11-10
B08Y5KZNQB,2025-12-08
B08Y5KZNQB,2026-01-05
B08Y5KZNQB,2026-02-02
B08Y5KZNQB,2026-03-02
B08Y5R31HH,2025-04-28
B08Y5R31HH,2025-05-26
B08Y5R31HH,2025-06-23
B08Y5R31HH,2025-07-21
B08Y5R31HH,2025-08-18
B08Y5R31HH,2025-09-15
B08Y5R31HH,2025-10-13
B08Y5R31HH,2025-11-10
B08Y5R31HH,2025-12-08
B08Y5R31HH,2026-01-05
B08Y5R31HH,2026-02-02
B08Y5R31HH,2026-03-02
B08YJZNK76,2025-04-28
B08YJZNK76,2025-05-26
B08YJZNK76,2025-06-23
B08YJZNK76,2025-07-21
B08YJZNK76,2025-08-18
B08YJZNK76,2025-09-15
B08YJZNK76,2025-10-13
B08YJZNK76,2025-11-10
B08YJZNK76,2025-12-08
B08YJZNK76,2026-01-05
B08YJZNK76,2026-02-02
B08YJZNK76,2026-03-02
B08YK2D9VP,2025-04-28
B08YK2D9VP,2025-05-26
B08YK2D9VP,2025-06-23
B08YK2D9VP,2025-07-21
B08YK2D9VP,2025-08-18
B08YK2D9VP,2025-09-15
B08YK2D9VP,2025-10-13
B08YK2D9VP,2025-11-10
B08YK2D9VP,2025-12-08
B08YK2D9VP,2026-01-05
B08YK2D9VP,2026-02-02
B08YK2D9VP,2026-03-02
B08YNGSVX7,2025-04-28
B08YNGSVX7,2025-05-26
B08YNGSVX7,2025-06-23
B08YNGSVX7,2025-07-21
B08YNGSVX7,2025-08-18
B08YNGSVX7,2025-09-15
B08YNGSVX7,2025-10-13
B08YNGSVX7,2025-11-10
B08YNGSVX7,2025-12-08
B08YNGSVX7,2026-01-05
B08YNGSVX7,2026-02-02
B08YNGSVX7,2026-03-02
B08YYRH74X,2025-04-28
B08YYRH74X,2025-05-26
B08YYRH74X,2025-06-23
B08YYRH74X,2025-07-21
B08YYRH74X,2025-08-18
B08YYRH74X,2025-09-15
B08YYRH74X,2025-10-13
B08YYRH74X,2025-11-10
B08YYRH74X,2025-12-08
B08YYRH74X,2026-01-05
B08YYRH74X,2026-02-02
B08YYRH74X,2026-03-02
B08Z25TDHG,2025-04-28
B08Z25TDHG,2025-05-26
B08Z25TDHG,2025-06-23
B08Z25TDHG,2025-07-21
B08Z25TDHG,2025-08-18
B08Z25TDHG,2025-09-15
B08Z25TDHG,2025-10-13
B08Z25TDHG,2025-11-10
B08Z25TDHG,2025-12-08
B08Z25TDHG,2026-01-05
B08Z25TDHG,2026-02-02
B08Z25TDHG,2026-03-02
B08Z7MJSKN,2025-04-28
B08Z7MJSKN,2025-05-26
B08Z7MJSKN,2025-06-23
B08Z7MJSKN,2025-07-21
B08Z7MJSKN,2025-08-18
B08Z7MJSKN,2025-09-15
B08Z7MJSKN,2025-10-13
B08Z7MJSKN,2025-11-10
B08Z7MJSKN,2025-12-08
B08Z7MJSKN,2026-01-05
B08Z7MJSKN,2026-02-02
B08Z7MJSKN,2026-03-02
B08ZCJ1CM1,2025-04-28
B08ZCJ1CM1,2025-05-26
B08ZCJ1CM1,2025-06-23
B08ZCJ1CM1,2025-07-21
B08ZCJ1CM1,2025-08-18
B08ZCJ1CM1,2025-09-15
B08ZCJ1CM1,2025-10-13
B08ZCJ1CM1,2025-11-10
B08ZCJ1CM1,2025-12-08
B08ZCJ1CM1,2026-01-05
B08ZCJ1CM1,2026-02-02
B08ZCJ1CM1,2026-03-02
B08ZCRSJQJ,2025-04-28
B08ZCRSJQJ,2025-05-26
B08ZCRSJQJ,2025-06-23
B08ZCRSJQJ,2025-07-21
B08ZCRSJQJ,2025-08-18
B08ZCRSJQJ,2025-09-15
B08ZCRSJQJ,2025-10-13
B08ZCRSJQJ,2025-11-10
B08ZCRSJQJ,2025-12-08
B08ZCRSJQJ,2026-01-05
B08ZCRSJQJ,2026-02-02
B08ZCRSJQJ,2026-03-02
B08ZHFZZTW,2025-04-28
B08ZHFZZTW,2025-05-26
B08ZHFZZTW,2025-06-23
B08ZHFZZTW,2025-07-21
B08ZHFZZTW,2025-08-18
B08ZHFZZTW,2025-09-15
B08ZHFZZTW,2025-10-13
B08ZHFZZTW,2025-11-10
B08ZHFZZTW,2025-12-08
B08ZHFZZTW,2026-01-05
B08ZHFZZTW,2026-02-02
B08ZHFZZTW,2026-03-02
B08ZHG1TRM,2025-04-28
B08ZHG1TRM,2025-05-26
B08ZHG1TRM,2025-06-23
B08ZHG1TRM,2025-07-21
B08ZHG1TRM,2025-08-18
B08ZHG1TRM,2025-09-15
B08ZHG1TRM,2025-10-13
B08ZHG1TRM,2025-11-10
B08ZHG1TRM,2025-12-08
B08ZHG1TRM,2026-01-05
B08ZHG1TRM,2026-02-02
B08ZHG1TRM,2026-03-02
B08ZHS3M5T,2025-04-28
B08ZHS3M5T,2025-05-26
B08ZHS3M5T,2025-06-23
B08ZHS3M5T,2025-07-21
B08ZHS3M5T,2025-08-18
B08ZHS3M5T,2025-09-15
B08ZHS3M5T,2025-10-13
B08ZHS3M5T,2025-11-10
B08ZHS3M5T,2025-12-08
B08ZHS3M5T,2026-01-05
B08ZHS3M5T,2026-02-02
B08ZHS3M5T,2026-03-02
B08ZNQDQKV,2025-04-28
B08ZNQDQKV,2025-05-26
B08ZNQDQKV,2025-06-23
B08ZNQDQKV,2025-07-21
B08ZNQDQKV,2025-08-18
B08ZNQDQKV,2025-09-15
B08ZNQDQKV,2025-10-13
B08ZNQDQKV,2025-11-10
B08ZNQDQKV,2025-12-08
B08ZNQDQKV,2026-01-05
B08ZNQDQKV,2026-02-02
B08ZNQDQKV,2026-03-02
B08ZWQHCBH,2025-04-28
B08ZWQHCBH,2025-05-26
B08ZWQHCBH,2025-06-23
B08ZWQHCBH,2025-07-21
B08ZWQHCBH,2025-08-18
B08ZWQHCBH,2025-09-15
B08ZWQHCBH,2025-10-13
B08ZWQHCBH,2025-11-10
B08ZWQHCBH,2025-12-08
B08ZWQHCBH,2026-01-05
B08ZWQHCBH,2026-02-02
B08ZWQHCBH,2026-03-02
B08ZXNP8Z1,2025-04-28
B08ZXNP8Z1,2025-05-26
B08ZXNP8Z1,2025-06-23
B08ZXNP8Z1,2025-07-21
B08ZXNP8Z1,2025-08-18
B08ZXNP8Z1,2025-09-15
B08ZXNP8Z1,2025-10-13
B08ZXNP8Z1,2025-11-10
B08ZXNP8Z1,2025-12-08
B08ZXNP8Z1,2026-01-05
B08ZXNP8Z1,2026-02-02
B08ZXNP8Z1,2026-03-02
B0919NFC1J,2025-04-28
B0919NFC1J,2025-05-26
B0919NFC1J,2025-06-23
B0919NFC1J,2025-07-21
B0919NFC1J,2025-08-18
B0919NFC1J,2025-09-15
B0919NFC1J,2025-10-13
B0919NFC1J,2025-11-10
B0919NFC1J,2025-12-08
B0919NFC1J,2026-01-05
B0919NFC1J,2026-02-02
B0919NFC1J,2026-03-02
B0919S52HS,2025-04-28
B0919S52HS,2025-05-26
B0919S52HS,2025-06-23
B0919S52HS,2025-07-21
B0919S52HS,2025-08-18
B0919S52HS,2025-09-15
B0919S52HS,2025-10-13
B0919S52HS,2025-11-10
B0919S52HS,2025-12-08
B0919S52HS,2026-01-05
B0919S52HS,2026-02-02
B0919S52HS,2026-03-02
B091DM6VV6,2025-04-28
B091DM6VV6,2025-05-26
B091DM6VV6,2025-06-23
B091DM6VV6,2025-07-21
B091DM6VV6,2025-08-18
B091DM6VV6,2025-09-15
B091DM6VV6,2025-10-13
B091DM6VV6,2025-11-10
B091DM6VV6,2025-12-08
B091DM6VV6,2026-01-05
B091DM6VV6,2026-02-02
B091DM6VV6,2026-03-02
B091DVPFLT,2025-04-28
B091DVPFLT,2025-05-26
B091DVPFLT,2025-06-23
B091DVPFLT,2025-07-21
B091DVPFLT,2025-08-18
B091DVPFLT,2025-09-15
B091DVPFLT,2025-10-13
B091DVPFLT,2025-11-10
B091DVPFLT,2025-12-08
B091DVPFLT,2026-01-05
B091DVPFLT,2026-02-02
B091DVPFLT,2026-03-02
B091FNRNB1,2025-04-28
B091FNRNB1,2025-05-26
B091FNRNB1,2025-06-23
B091FNRNB1,2025-07-21
B091FNRNB1,2025-08-18
B091FNRNB1,2025-09-15
B091FNRNB1,2025-10-13
B091FNRNB1,2025-11-10
B091FNRNB1,2025-12-08
B091FNRNB1,2026-01-05
B091FNRNB1,2026-02-02
B091FNRNB1,2026-03-02
B091GWXQXP,2025-04-28
B091GWXQXP,2025-05-26
B091GWXQXP,2025-06-23
B091GWXQXP,2025-07-21
B091GWXQXP,2025-08-18
B091GWXQXP,2025-09-15
B091GWXQXP,2025-10-13
B091GWXQXP,2025-11-10
B091GWXQXP,2025-12-08
B091GWXQXP,2026-01-05
B091GWXQXP,2026-02-02
B091GWXQXP,2026-03-02
B091KVFGLP,2025-04-28
B091KVFGLP,2025-05-26
B091KVFGLP,2025-06-23
B091KVFGLP,2025-07-21
B091KVFGLP,2025-08-18
B091KVFGLP,2025-09-15
B091KVFGLP,2025-10-13
B091KVFGLP,2025-11-10
B091KVFGLP,2025-12-08
B091KVFGLP,2026-01-05
B091KVFGLP,2026-02-02
B091KVFGLP,2026-03-02
B091KWLZ5W,2025-04-28
B091KWLZ5W,2025-05-26
B091KWLZ5W,2025-06-23
B091KWLZ5W,2025-07-21
B091KWLZ5W,2025-08-18
B091KWLZ5W,2025-09-15
B091KWLZ5W,2025-10-13
B091KWLZ5W,2025-11-10
B091KWLZ5W,2025-12-08
B091KWLZ5W,2026-01-05
B091KWLZ5W,2026-02-02
B091KWLZ5W,2026-03-02
B091XN4H8J,2025-04-28
B091XN4H8J,2025-05-26
B091XN4H8J,2025-06-23
B091XN4H8J,2025-07-21
B091XN4H8J,2025-08-18
B091XN4H8J,2025-09-15
B091XN4H8J,2025-10-13
B091XN4H8J,2025-11-10
B091XN4H8J,2025-12-08
B091XN4H8J,2026-01-05
B091XN4H8J,2026-02-02
B091XN4H8J,2026-03-02
B091XPBZ5V,2025-04-28
B091XPBZ5V,2025-05-26
B091XPBZ5V,2025-06-23
B091XPBZ5V,2025-07-21
B091XPBZ5V,2025-08-18
B091XPBZ5V,2025-09-15
B091XPBZ5V,2025-10-13
B091XPBZ5V,2025-11-10
B091XPBZ5V,2025-12-08
B091XPBZ5V,2026-01-05
B091XPBZ5V,2026-02-02
B091XPBZ5V,2026-03-02
B091XTDTJL,2025-04-28
B091XTDTJL,2025-05-26
B091XTDTJL,2025-06-23
B091XTDTJL,2025-07-21
B091XTDTJL,2025-08-18
B091XTDTJL,2025-09-15
B091XTDTJL,2025-10-13
B091XTDTJL,2025-11-10
B091XTDTJL,2025-12-08
B091XTDTJL,2026-01-05
B091XTDTJL,2026-02-02
B091XTDTJL,2026-03-02
B091Y6H5SJ,2025-04-28
B091Y6H5SJ,2025-05-26
B091Y6H5SJ,2025-06-23
B091Y6H5SJ,2025-07-21
B091Y6H5SJ,2025-08-18
B091Y6H5SJ,2025-09-15
B091Y6H5SJ,2025-10-13
B091Y6H5SJ,2025-11-10
B091Y6H5SJ,2025-12-08
B091Y6H5SJ,2026-01-05
B091Y6H5SJ,2026-02-02
B091Y6H5SJ,2026-03-02
B091Y6ZK5M,2025-04-28
B091Y6ZK5M,2025-05-26
B091Y6ZK5M,2025-06-23
B091Y6ZK5M,2025-07-21
B091Y6ZK5M,2025-08-18
B091Y6ZK5M,2025-09-15
B091Y6ZK5M,2025-10-13
B091Y6ZK5M,2025-11-10
B091Y6ZK5M,2025-12-08
B091Y6ZK5M,2026-01-05
B091Y6ZK5M,2026-02-02
B091Y6ZK5M,2026-03-02
B091YFXPS2,2025-04-28
B091YFXPS2,2025-05-26
B091YFXPS2,2025-06-23
B091YFXPS2,2025-07-21
B091YFXPS2,2025-08-18
B091YFXPS2,2025-09-15
B091YFXPS2,2025-10-13
B091YFXPS2,2025-11-10
B091YFXPS2,2025-12-08
B091YFXPS2,2026-01-05
B091YFXPS2,2026-02-02
B091YFXPS2,2026-03-02
B091YG6Y1F,2025-04-28
B091YG6Y1F,2025-05-26
B091YG6Y1F,2025-06-23
B091YG6Y1F,2025-07-21
B091YG6Y1F,2025-08-18
B091YG6Y1F,2025-09-15
B091YG6Y1F,2025-10-13
B091YG6Y1F,2025-11-10
B091YG6Y1F,2025-12-08
B091YG6Y1F,2026-01-05
B091YG6Y1F,2026-02-02
B091YG6Y1F,2026-03-02
B091YG6Y1G,2025-04-28
B091YG6Y1G,2025-05-26
B091YG6Y1G,2025-06-23
B091YG6Y1G,2025-07-21
B091YG6Y1G,2025-08-18
B091YG6Y1G,2025-09-15
B091YG6Y1G,2025-10-13
B091YG6Y1G,2025-11-10
B091YG6Y1G,2025-12-08
B091YG6Y1G,2026-01-05
B091YG6Y1G,2026-02-02
B091YG6Y1G,2026-03-02
B091YLTCSZ,2025-04-28
B091YLTCSZ,2025-05-26
B091YLTCSZ,2025-06-23
B091YLTCSZ,2025-07-21
B091YLTCSZ,2025-08-18
B091YLTCSZ,2025-09-15
B091YLTCSZ,2025-10-13
B091YLTCSZ,2025-11-10
B091YLTCSZ,2025-12-08
B091YLTCSZ,2026-01-05
B091YLTCSZ,2026-02-02
B091YLTCSZ,2026-03-02
B09228ZPP8,2025-04-28
B09228ZPP8,2025-05-26
B09228ZPP8,2025-06-23
B09228ZPP8,2025-07-21
B09228ZPP8,2025-08-18
B09228ZPP8,2025-09-15
B09228ZPP8,2025-10-13
B09228ZPP8,2025-11-10
B09228ZPP8,2025-12-08
B09228ZPP8,2026-01-05
B09228ZPP8,2026-02-02
B09228ZPP8,2026-03-02
B092511PGJ,2025-04-28
B092511PGJ,2025-05-26
B092511PGJ,2025-06-23
B092511PGJ,2025-07-21
B092511PGJ,2025-08-18
B092511PGJ,2025-09-15
B092511PGJ,2025-10-13
B092511PGJ,2025-11-10
B092511PGJ,2025-12-08
B092511PGJ,2026-01-05
B092511PGJ,2026-02-02
B092511PGJ,2026-03-02
B0925H1HKG,2025-04-28
B0925H1HKG,2025-05-26
B0925H1HKG,2025-06-23
B0925H1HKG,2025-07-21
B0925H1HKG,2025-08-18
B0925H1HKG,2025-09-15
B0925H1HKG,2025-10-13
B0925H1HKG,2025-11-10
B0925H1HKG,2025-12-08
B0925H1HKG,2026-01-05
B0925H1HKG,2026-02-02
B0925H1HKG,2026-03-02
B09262CTZN,2025-04-28
B09262CTZN,2025-05-26
B09262CTZN,2025-06-23
B09262CTZN,2025-07-21
B09262CTZN,2025-08-18
B09262CTZN,2025-09-15
B09262CTZN,2025-10-13
B09262CTZN,2025-11-10
B09262CTZN,2025-12-08
B09262CTZN,2026-01-05
B09262CTZN,2026-02-02
B09262CTZN,2026-03-02
B092D48K7G,2025-04-28
B092D48K7G,2025-05-26
B092D48K7G,2025-06-23
B092D48K7G,2025-07-21
B092D48K7G,2025-08-18
B092D48K7G,2025-09-15
B092D48K7G,2025-10-13
B092D48K7G,2025-11-10
B092D48K7G,2025-12-08
B092D48K7G,2026-01-05
B092D48K7G,2026-02-02
B092D48K7G,2026-03-02
B092DK1RYF,2025-04-28
B092DK1RYF,2025-05-26
B092DK1RYF,2025-06-23
B092DK1RYF,2025-07-21
B092DK1RYF,2025-08-18
B092DK1RYF,2025-09-15
B092DK1RYF,2025-10-13
B092DK1RYF,2025-11-10
B092DK1RYF,2025-12-08
B092DK1RYF,2026-01-05
B092DK1RYF,2026-02-02
B092DK1RYF,2026-03-02
B092M5MM4W,2025-04-28
B092M5MM4W,2025-05-26
B092M5MM4W,2025-06-23
B092M5MM4W,2025-07-21
B092M5MM4W,2025-08-18
B092M5MM4W,2025-09-15
B092M5MM4W,2025-10-13
B092M5MM4W,2025-11-10
B092M5MM4W,2025-12-08
B092M5MM4W,2026-01-05
B092M5MM4W,2026-02-02
B092M5MM4W,2026-03-02
B092QGXN8C,2025-04-28
B092QGXN8C,2025-05-26
B092QGXN8C,2025-06-23
B092QGXN8C,2025-07-21
B092QGXN8C,2025-08-18
B092QGXN8C,2025-09-15
B092QGXN8C,2025-10-13
B092QGXN8C,2025-11-10
B092QGXN8C,2025-12-08
B092QGXN8C,2026-01-05
B092QGXN8C,2026-02-02
B092QGXN8C,2026-03-02
B092QLGY7W,2025-04-28
B092QLGY7W,2025-05-26
B092QLGY7W,2025-06-23
B092QLGY7W,2025-07-21
B092QLGY7W,2025-08-18
B092QLGY7W,2025-09-15
B092QLGY7W,2025-10-13
B092QLGY7W,2025-11-10
B092QLGY7W,2025-12-08
B092QLGY7W,2026-01-05
B092QLGY7W,2026-02-02
B092QLGY7W,2026-03-02
B092QWYHXN,2025-04-28
B092QWYHXN,2025-05-26
B092QWYHXN,2025-06-23
B092QWYHXN,2025-07-21
B092QWYHXN,2025-08-18
B092QWYHXN,2025-09-15
B092QWYHXN,2025-10-13
B092QWYHXN,2025-11-10
B092QWYHXN,2025-12-08
B092QWYHXN,2026-01-05
B092QWYHXN,2026-02-02
B092QWYHXN,2026-03-02
B092QY3YHW,2025-04-28
B092QY3YHW,2025-05-26
B092QY3YHW,2025-06-23
B092QY3YHW,2025-07-21
B092QY3YHW,2025-08-18
B092QY3YHW,2025-09-15
B092QY3YHW,2025-10-13
B092QY3YHW,2025-11-10
B092QY3YHW,2025-12-08
B092QY3YHW,2026-01-05
B092QY3YHW,2026-02-02
B092QY3YHW,2026-03-02
B092QY77K7,2025-04-28
B092QY77K7,2025-05-26
B092QY77K7,2025-06-23
B092QY77K7,2025-07-21
B092QY77K7,2025-08-18
B092QY77K7,2025-09-15
B092QY77K7,2025-10-13
B092QY77K7,2025-11-10
B092QY77K7,2025-12-08
B092QY77K7,2026-01-05
B092QY77K7,2026-02-02
B092QY77K7,2026-03-02
B0935ZPLZX,2025-04-28
B0935ZPLZX,2025-05-26
B0935ZPLZX,2025-06-23
B0935ZPLZX,2025-07-21
B0935ZPLZX,2025-08-18
B0935ZPLZX,2025-09-15
B0935ZPLZX,2025-10-13
B0935ZPLZX,2025-11-10
B0935ZPLZX,2025-12-08
B0935ZPLZX,2026-01-05
B0935ZPLZX,2026-02-02
B0935ZPLZX,2026-03-02
B0936CDBKQ,2025-04-28
B0936CDBKQ,2025-05-26
B0936CDBKQ,2025-06-23
B0936CDBKQ,2025-07-21
B0936CDBKQ,2025-08-18
B0936CDBKQ,2025-09-15
B0936CDBKQ,2025-10-13
B0936CDBKQ,2025-11-10
B0936CDBKQ,2025-12-08
B0936CDBKQ,2026-01-05
B0936CDBKQ,2026-02-02
B0936CDBKQ,2026-03-02
B0936VW77N,2025-04-28
B0936VW77N,2025-05-26
B0936VW77N,2025-06-23
B0936VW77N,2025-07-21
B0936VW77N,2025-08-18
B0936VW77N,2025-09-15
B0936VW77N,2025-10-13
B0936VW77N,2025-11-10
B0936VW77N,2025-12-08
B0936VW77N,2026-01-05
B0936VW77N,2026-02-02
B0936VW77N,2026-03-02
B0936ZNBNR,2025-04-28
B0936ZNBNR,2025-05-26
B0936ZNBNR,2025-06-23
B0936ZNBNR,2025-07-21
B0936ZNBNR,2025-08-18
B0936ZNBNR,2025-09-15
B0936ZNBNR,2025-10-13
B0936ZNBNR,2025-11-10
B0936ZNBNR,2025-12-08
B0936ZNBNR,2026-01-05
B0936ZNBNR,2026-02-02
B0936ZNBNR,2026-03-02
B09371WZYB,2025-04-28
B09371WZYB,2025-05-26
B09371WZYB,2025-06-23
B09371WZYB,2025-07-21
B09371WZYB,2025-08-18
B09371WZYB,2025-09-15
B09371WZYB,2025-10-13
B09371WZYB,2025-11-10
B09371WZYB,2025-12-08
B09371WZYB,2026-01-05
B09371WZYB,2026-02-02
B09371WZYB,2026-03-02
B093L64BFT,2025-04-28
B093L64BFT,2025-05-26
B093L64BFT,2025-06-23
B093L64BFT,2025-07-21
B093L64BFT,2025-08-18
B093L64BFT,2025-09-15
B093L64BFT,2025-10-13
B093L64BFT,2025-11-10
B093L64BFT,2025-12-08
B093L64BFT,2026-01-05
B093L64BFT,2026-02-02
B093L64BFT,2026-03-02
B093L7JWMD,2025-04-28
B093L7JWMD,2025-05-26
B093L7JWMD,2025-06-23
B093L7JWMD,2025-07-21
B093L7JWMD,2025-08-18
B093L7JWMD,2025-09-15
B093L7JWMD,2025-10-13
B093L7JWMD,2025-11-10
B093L7JWMD,2025-12-08
B093L7JWMD,2026-01-05
B093L7JWMD,2026-02-02
B093L7JWMD,2026-03-02
B093L7SMNW,2025-04-28
B093L7SMNW,2025-05-26
B093L7SMNW,2025-06-23
B093L7SMNW,2025-07-21
B093L7SMNW,2025-08-18
B093L7SMNW,2025-09-15
B093L7SMNW,2025-10-13
B093L7SMNW,2025-11-10
B093L7SMNW,2025-12-08
B093L7SMNW,2026-01-05
B093L7SMNW,2026-02-02
B093L7SMNW,2026-03-02
B093QDLRQM,2025-04-28
B093QDLRQM,2025-05-26
B093QDLRQM,2025-06-23
B093QDLRQM,2025-07-21
B093QDLRQM,2025-08-18
B093QDLRQM,2025-09-15
B093QDLRQM,2025-10-13
B093QDLRQM,2025-11-10
B093QDLRQM,2025-12-08
B093QDLRQM,2026-01-05
B093QDLRQM,2026-02-02
B093QDLRQM,2026-03-02
B093QFMQPP,2025-04-28
B093QFMQPP,2025-05-26
B093QFMQPP,2025-06-23
B093QFMQPP,2025-07-21
B093QFMQPP,2025-08-18
B093QFMQPP,2025-09-15
B093QFMQPP,2025-10-13
B093QFMQPP,2025-11-10
B093QFMQPP,2025-12-08
B093QFMQPP,2026-01-05
B093QFMQPP,2026-02-02
B093QFMQPP,2026-03-02
B093QFYVZ7,2025-04-28
B093QFYVZ7,2025-05-26
B093QFYVZ7,2025-06-23
B093QFYVZ7,2025-07-21
B093QFYVZ7,2025-08-18
B093QFYVZ7,2025-09-15
B093QFYVZ7,2025-10-13
B093QFYVZ7,2025-11-10
B093QFYVZ7,2025-12-08
B093QFYVZ7,2026-01-05
B093QFYVZ7,2026-02-02
B093QFYVZ7,2026-03-02
B093RDJVLB,2025-04-28
B093RDJVLB,2025-05-26
B093RDJVLB,2025-06-23
B093RDJVLB,2025-07-21
B093RDJVLB,2025-08-18
B093RDJVLB,2025-09-15
B093RDJVLB,2025-10-13
B093RDJVLB,2025-11-10
B093RDJVLB,2025-12-08
B093RDJVLB,2026-01-05
B093RDJVLB,2026-02-02
B093RDJVLB,2026-03-02
B093RVSC35,2025-04-28
B093RVSC35,2025-05-26
B093RVSC35,2025-06-23
B093RVSC35,2025-07-21
B093RVSC35,2025-08-18
B093RVSC35,2025-09-15
B093RVSC35,2025-10-13
B093RVSC35,2025-11-10
B093RVSC35,2025-12-08
B093RVSC35,2026-01-05
B093RVSC35,2026-02-02
B093RVSC35,2026-03-02
B093T8DWYY,2025-04-28
B093T8DWYY,2025-05-26
B093T8DWYY,2025-06-23
B093T8DWYY,2025-07-21
B093T8DWYY,2025-08-18
B093T8DWYY,2025-09-15
B093T8DWYY,2025-10-13
B093T8DWYY,2025-11-10
B093T8DWYY,2025-12-08
B093T8DWYY,2026-01-05
B093T8DWYY,2026-02-02
B093T8DWYY,2026-03-02
B093TB4TTR,2025-04-28
B093TB4TTR,2025-05-26
B093TB4TTR,2025-06-23
B093TB4TTR,2025-07-21
B093TB4TTR,2025-08-18
B093TB4TTR,2025-09-15
B093TB4TTR,2025-10-13
B093TB4TTR,2025-11-10
B093TB4TTR,2025-12-08
B093TB4TTR,2026-01-05
B093TB4TTR,2026-02-02
B093TB4TTR,2026-03-02
B093VCL21X,2025-04-28
B093VCL21X,2025-05-26
B093VCL21X,2025-06-23
B093VCL21X,2025-07-21
B093VCL21X,2025-08-18
B093VCL21X,2025-09-15
B093VCL21X,2025-10-13
B093VCL21X,2025-11-10
B093VCL21X,2025-12-08
B093VCL21X,2026-01-05
B093VCL21X,2026-02-02
B093VCL21X,2026-03-02
B093VCNKS3,2025-04-28
B093VCNKS3,2025-05-26
B093VCNKS3,2025-06-23
B093VCNKS3,2025-07-21
B093VCNKS3,2025-08-18
B093VCNKS3,2025-09-15
B093VCNKS3,2025-10-13
B093VCNKS3,2025-11-10
B093VCNKS3,2025-12-08
B093VCNKS3,2026-01-05
B093VCNKS3,2026-02-02
B093VCNKS3,2026-03-02
B093VGZL7G,2025-04-28
B093VGZL7G,2025-05-26
B093VGZL7G,2025-06-23
B093VGZL7G,2025-07-21
B093VGZL7G,2025-08-18
B093VGZL7G,2025-09-15
B093VGZL7G,2025-10-13
B093VGZL7G,2025-11-10
B093VGZL7G,2025-12-08
B093VGZL7G,2026-01-05
B093VGZL7G,2026-02-02
B093VGZL7G,2026-03-02
B09432PL6V,2025-04-28
B09432PL6V,2025-05-26
B09432PL6V,2025-06-23
B09432PL6V,2025-07-21
B09432PL6V,2025-08-18
B09432PL6V,2025-09-15
B09432PL6V,2025-10-13
B09432PL6V,2025-11-10
B09432PL6V,2025-12-08
B09432PL6V,2026-01-05
B09432PL6V,2026-02-02
B09432PL6V,2026-03-02
B0948QQM5Q,2025-04-28
B0948QQM5Q,2025-05-26
B0948QQM5Q,2025-06-23
B0948QQM5Q,2025-07-21
B0948QQM5Q,2025-08-18
B0948QQM5Q,2025-09-15
B0948QQM5Q,2025-10-13
B0948QQM5Q,2025-11-10
B0948QQM5Q,2025-12-08
B0948QQM5Q,2026-01-05
B0948QQM5Q,2026-02-02
B0948QQM5Q,2026-03-02
B0948WRJDC,2025-04-28
B0948WRJDC,2025-05-26
B0948WRJDC,2025-06-23
B0948WRJDC,2025-07-21
B0948WRJDC,2025-08-18
B0948WRJDC,2025-09-15
B0948WRJDC,2025-10-13
B0948WRJDC,2025-11-10
B0948WRJDC,2025-12-08
B0948WRJDC,2026-01-05
B0948WRJDC,2026-02-02
B0948WRJDC,2026-03-02
B094CXSW46,2025-04-28
B094CXSW46,2025-05-26
B094CXSW46,2025-06-23
B094CXSW46,2025-07-21
B094CXSW46,2025-08-18
B094CXSW46,2025-09-15
B094CXSW46,2025-10-13
B094CXSW46,2025-11-10
B094CXSW46,2025-12-08
B094CXSW46,2026-01-05
B094CXSW46,2026-02-02
B094CXSW46,2026-03-02
B094FMMPC9,2025-04-28
B094FMMPC9,2025-05-26
B094FMMPC9,2025-06-23
B094FMMPC9,2025-07-21
B094FMMPC9,2025-08-18
B094FMMPC9,2025-09-15
B094FMMPC9,2025-10-13
B094FMMPC9,2025-11-10
B094FMMPC9,2025-12-08
B094FMMPC9,2026-01-05
B094FMMPC9,2026-02-02
B094FMMPC9,2026-03-02
B094FSQWX6,2025-04-28
B094FSQWX6,2025-05-26
B094FSQWX6,2025-06-23
B094FSQWX6,2025-07-21
B094FSQWX6,2025-08-18
B094FSQWX6,2025-09-15
B094FSQWX6,2025-10-13
B094FSQWX6,2025-11-10
B094FSQWX6,2025-12-08
B094FSQWX6,2026-01-05
B094FSQWX6,2026-02-02
B094FSQWX6,2026-03-02
B094G2VVGH,2025-04-28
B094G2VVGH,2025-05-26
B094G2VVGH,2025-06-23
B094G2VVGH,2025-07-21
B094G2VVGH,2025-08-18
B094G2VVGH,2025-09-15
B094G2VVGH,2025-10-13
B094G2VVGH,2025-11-10
B094G2VVGH,2025-12-08
B094G2VVGH,2026-01-05
B094G2VVGH,2026-02-02
B094G2VVGH,2026-03-02
B094JZH92G,2025-04-28
B094JZH92G,2025-05-26
B094JZH92G,2025-06-23
B094JZH92G,2025-07-21
B094JZH92G,2025-08-18
B094JZH92G,2025-09-15
B094JZH92G,2025-10-13
B094JZH92G,2025-11-10
B094JZH92G,2025-12-08
B094JZH92G,2026-01-05
B094JZH92G,2026-02-02
B094JZH92G,2026-03-02
B094LG2QX9,2025-04-28
B094LG2QX9,2025-05-26
B094LG2QX9,2025-06-23
B094LG2QX9,2025-07-21
B094LG2QX9,2025-08-18
B094LG2QX9,2025-09-15
B094LG2QX9,2025-10-13
B094LG2QX9,2025-11-10
B094LG2QX9,2025-12-08
B094LG2QX9,2026-01-05
B094LG2QX9,2026-02-02
B094LG2QX9,2026-03-02
B094LYC635,2025-04-28
B094LYC635,2025-05-26
B094LYC635,2025-06-23
B094LYC635,2025-07-21
B094LYC635,2025-08-18
B094LYC635,2025-09-15
B094LYC635,2025-10-13
B094LYC635,2025-11-10
B094LYC635,2025-12-08
B094LYC635,2026-01-05
B094LYC635,2026-02-02
B094LYC635,2026-03-02
B094NTSG6D,2025-04-28
B094NTSG6D,2025-05-26
B094NTSG6D,2025-06-23
B094NTSG6D,2025-07-21
B094NTSG6D,2025-08-18
B094NTSG6D,2025-09-15
B094NTSG6D,2025-10-13
B094NTSG6D,2025-11-10
B094NTSG6D,2025-12-08
B094NTSG6D,2026-01-05
B094NTSG6D,2026-02-02
B094NTSG6D,2026-03-02
B094ZL7KSH,2025-04-28
B094ZL7KSH,2025-05-26
B094ZL7KSH,2025-06-23
B094ZL7KSH,2025-07-21
B094ZL7KSH,2025-08-18
B094ZL7KSH,2025-09-15
B094ZL7KSH,2025-10-13
B094ZL7KSH,2025-11-10
B094ZL7KSH,2025-12-08
B094ZL7KSH,2026-01-05
B094ZL7KSH,2026-02-02
B094ZL7KSH,2026-03-02
B09578YJBD,2025-04-28
B09578YJBD,2025-05-26
B09578YJBD,2025-06-23
B09578YJBD,2025-07-21
B09578YJBD,2025-08-18
B09578YJBD,2025-09-15
B09578YJBD,2025-10-13
B09578YJBD,2025-11-10
B09578YJBD,2025-12-08
B09578YJBD,2026-01-05
B09578YJBD,2026-02-02
B09578YJBD,2026-03-02
B095HF1PDN,2025-04-28
B095HF1PDN,2025-05-26
B095HF1PDN,2025-06-23
B095HF1PDN,2025-07-21
B095HF1PDN,2025-08-18
B095HF1PDN,2025-09-15
B095HF1PDN,2025-10-13
B095HF1PDN,2025-11-10
B095HF1PDN,2025-12-08
B095HF1PDN,2026-01-05
B095HF1PDN,2026-02-02
B095HF1PDN,2026-03-02
B095HMG1JG,2025-04-28
B095HMG1JG,2025-05-26
B095HMG1JG,2025-06-23
B095HMG1JG,2025-07-21
B095HMG1JG,2025-08-18
B095HMG1JG,2025-09-15
B095HMG1JG,2025-10-13
B095HMG1JG,2025-11-10
B095HMG1JG,2025-12-08
B095HMG1JG,2026-01-05
B095HMG1JG,2026-02-02
B095HMG1JG,2026-03-02
B095JRSNZ6,2025-04-28
B095JRSNZ6,2025-05-26
B095JRSNZ6,2025-06-23
B095JRSNZ6,2025-07-21
B095JRSNZ6,2025-08-18
B095JRSNZ6,2025-09-15
B095JRSNZ6,2025-10-13
B095JRSNZ6,2025-11-10
B095JRSNZ6,2025-12-08
B095JRSNZ6,2026-01-05
B095JRSNZ6,2026-02-02
B095JRSNZ6,2026-03-02
B095JSQQ4C,2025-04-28
B095JSQQ4C,2025-05-26
B095JSQQ4C,2025-06-23
B095JSQQ4C,2025-07-21
B095JSQQ4C,2025-08-18
B095JSQQ4C,2025-09-15
B095JSQQ4C,2025-10-13
B095JSQQ4C,2025-11-10
B095JSQQ4C,2025-12-08
B095JSQQ4C,2026-01-05
B095JSQQ4C,2026-02-02
B095JSQQ4C,2026-03-02
B095L1H21L,2025-04-28
B095L1H21L,2025-05-26
B095L1H21L,2025-06-23
B095L1H21L,2025-07-21
B095L1H21L,2025-08-18
B095L1H21L,2025-09-15
B095L1H21L,2025-10-13
B095L1H21L,2025-11-10
B095L1H21L,2025-12-08
B095L1H21L,2026-01-05
B095L1H21L,2026-02-02
B095L1H21L,2026-03-02
B095LVW2M9,2025-04-28
B095LVW2M9,2025-05-26
B095LVW2M9,2025-06-23
B095LVW2M9,2025-07-21
B095LVW2M9,2025-08-18
B095LVW2M9,2025-09-15
B095LVW2M9,2025-10-13
B095LVW2M9,2025-11-10
B095LVW2M9,2025-12-08
B095LVW2M9,2026-01-05
B095LVW2M9,2026-02-02
B095LVW2M9,2026-03-02
B0961654JT,2025-04-28
B0961654JT,2025-05-26
B0961654JT,2025-06-23
B0961654JT,2025-07-21
B0961654JT,2025-08-18
B0961654JT,2025-09-15
B0961654JT,2025-10-13
B0961654JT,2025-11-10
B0961654JT,2025-12-08
B0961654JT,2026-01-05
B0961654JT,2026-02-02
B0961654JT,2026-03-02
B0962NNTFH,2025-04-28
B0962NNTFH,2025-05-26
B0962NNTFH,2025-06-23
B0962NNTFH,2025-07-21
B0962NNTFH,2025-08-18
B0962NNTFH,2025-09-15
B0962NNTFH,2025-10-13
B0962NNTFH,2025-11-10
B0962NNTFH,2025-12-08
B0962NNTFH,2026-01-05
B0962NNTFH,2026-02-02
B0962NNTFH,2026-03-02
B0962T2QJ6,2025-04-28
B0962T2QJ6,2025-05-26
B0962T2QJ6,2025-06-23
B0962T2QJ6,2025-07-21
B0962T2QJ6,2025-08-18
B0962T2QJ6,2025-09-15
B0962T2QJ6,2025-10-13
B0962T2QJ6,2025-11-10
B0962T2QJ6,2025-12-08
B0962T2QJ6,2026-01-05
B0962T2QJ6,2026-02-02
B0962T2QJ6,2026-03-02
B09633J67H,2025-04-28
B09633J67H,2025-05-26
B09633J67H,2025-06-23
B09633J67H,2025-07-21
B09633J67H,2025-08-18
B09633J67H,2025-09-15
B09633J67H,2025-10-13
B09633J67H,2025-11-10
B09633J67H,2025-12-08
B09633J67H,2026-01-05
B09633J67H,2026-02-02
B09633J67H,2026-03-02
B0963BGXPD,2025-04-28
B0963BGXPD,2025-05-26
B0963BGXPD,2025-06-23
B0963BGXPD,2025-07-21
B0963BGXPD,2025-08-18
B0963BGXPD,2025-09-15
B0963BGXPD,2025-10-13
B0963BGXPD,2025-11-10
B0963BGXPD,2025-12-08
B0963BGXPD,2026-01-05
B0963BGXPD,2026-02-02
B0963BGXPD,2026-03-02
B0969L1WZX,2025-04-28
B0969L1WZX,2025-05-26
B0969L1WZX,2025-06-23
B0969L1WZX,2025-07-21
B0969L1WZX,2025-08-18
B0969L1WZX,2025-09-15
B0969L1WZX,2025-10-13
B0969L1WZX,2025-11-10
B0969L1WZX,2025-12-08
B0969L1WZX,2026-01-05
B0969L1WZX,2026-02-02
B0969L1WZX,2026-03-02
B096FCLWH7,2025-04-28
B096FCLWH7,2025-05-26
B096FCLWH7,2025-06-23
B096FCLWH7,2025-07-21
B096FCLWH7,2025-08-18
B096FCLWH7,2025-09-15
B096FCLWH7,2025-10-13
B096FCLWH7,2025-11-10
B096FCLWH7,2025-12-08
B096FCLWH7,2026-01-05
B096FCLWH7,2026-02-02
B096FCLWH7,2026-03-02
B096KMHHSK,2025-04-28
B096KMHHSK,2025-05-26
B096KMHHSK,2025-06-23
B096KMHHSK,2025-07-21
B096KMHHSK,2025-08-18
B096KMHHSK,2025-09-15
B096KMHHSK,2025-10-13
B096KMHHSK,2025-11-10
B096KMHHSK,2025-12-08
B096KMHHSK,2026-01-05
B096KMHHSK,2026-02-02
B096KMHHSK,2026-03-02
B096LXBG2B,2025-04-28
B096LXBG2B,2025-05-26
B096LXBG2B,2025-06-23
B096LXBG2B,2025-07-21
B096LXBG2B,2025-08-18
B096LXBG2B,2025-09-15
B096LXBG2B,2025-10-13
B096LXBG2B,2025-11-10
B096LXBG2B,2025-12-08
B096LXBG2B,2026-01-05
B096LXBG2B,2026-02-02
B096LXBG2B,2026-03-02
B096Q9FBR8,2025-04-28
B096Q9FBR8,2025-05-26
B096Q9FBR8,2025-06-23
B096Q9FBR8,2025-07-21
B096Q9FBR8,2025-08-18
B096Q9FBR8,2025-09-15
B096Q9FBR8,2025-10-13
B096Q9FBR8,2025-11-10
B096Q9FBR8,2025-12-08
B096Q9FBR8,2026-01-05
B096Q9FBR8,2026-02-02
B096Q9FBR8,2026-03-02
B096VKFX8R,2025-04-28
B096VKFX8R,2025-05-26
B096VKFX8R,2025-06-23
B096VKFX8R,2025-07-21
B096VKFX8R,2025-08-18
B096VKFX8R,2025-09-15
B096VKFX8R,2025-10-13
B096VKFX8R,2025-11-10
B096VKFX8R,2025-12-08
B096VKFX8R,2026-01-05
B096VKFX8R,2026-02-02
B096VKFX8R,2026-03-02
B096W3S96Z,2025-04-28
B096W3S96Z,2025-05-26
B096W3S96Z,2025-06-23
B096W3S96Z,2025-07-21
B096W3S96Z,2025-08-18
B096W3S96Z,2025-09-15
B096W3S96Z,2025-10-13
B096W3S96Z,2025-11-10
B096W3S96Z,2025-12-08
B096W3S96Z,2026-01-05
B096W3S96Z,2026-02-02
B096W3S96Z,2026-03-02
B096XNB969,2025-04-28
B096XNB969,2025-05-26
B096XNB969,2025-06-23
B096XNB969,2025-07-21
B096XNB969,2025-08-18
B096XNB969,2025-09-15
B096XNB969,2025-10-13
B096XNB969,2025-11-10
B096XNB969,2025-12-08
B096XNB969,2026-01-05
B096XNB969,2026-02-02
B096XNB969,2026-03-02
B096XTXGX1,2025-04-28
B096XTXGX1,2025-05-26
B096XTXGX1,2025-06-23
B096XTXGX1,2025-07-21
B096XTXGX1,2025-08-18
B096XTXGX1,2025-09-15
B096XTXGX1,2025-10-13
B096XTXGX1,2025-11-10
B096XTXGX1,2025-12-08
B096XTXGX1,2026-01-05
B096XTXGX1,2026-02-02
B096XTXGX1,2026-03-02
B096ZMT47X,2025-04-28
B096ZMT47X,2025-05-26
B096ZMT47X,2025-06-23
B096ZMT47X,2025-07-21
B096ZMT47X,2025-08-18
B096ZMT47X,2025-09-15
B096ZMT47X,2025-10-13
B096ZMT47X,2025-11-10
B096ZMT47X,2025-12-08
B096ZMT47X,2026-01-05
B096ZMT47X,2026-02-02
B096ZMT47X,2026-03-02
B0976ZDTF1,2025-04-28
B0976ZDTF1,2025-05-26
B0976ZDTF1,2025-06-23
B0976ZDTF1,2025-07-21
B0976ZDTF1,2025-08-18
B0976ZDTF1,2025-09-15
B0976ZDTF1,2025-10-13
B0976ZDTF1,2025-11-10
B0976ZDTF1,2025-12-08
B0976ZDTF1,2026-01-05
B0976ZDTF1,2026-02-02
B0976ZDTF1,2026-03-02
B097798F64,2025-04-28
B097798F64,2025-05-26
B097798F64,2025-06-23
B097798F64,2025-07-21
B097798F64,2025-08-18
B097798F64,2025-09-15
B097798F64,2025-10-13
B097798F64,2025-11-10
B097798F64,2025-12-08
B097798F64,2026-01-05
B097798F64,2026-02-02
B097798F64,2026-03-02
B097CB66DZ,2025-04-28
B097CB66DZ,2025-05-26
B097CB66DZ,2025-06-23
B097CB66DZ,2025-07-21
B097CB66DZ,2025-08-18
B097CB66DZ,2025-09-15
B097CB66DZ,2025-10-13
B097CB66DZ,2025-11-10
B097CB66DZ,2025-12-08
B097CB66DZ,2026-01-05
B097CB66DZ,2026-02-02
B097CB66DZ,2026-03-02
B097HHMSLZ,2025-04-28
B097HHMSLZ,2025-05-26
B097HHMSLZ,2025-06-23
B097HHMSLZ,2025-07-21
B097HHMSLZ,2025-08-18
B097HHMSLZ,2025-09-15
B097HHMSLZ,2025-10-13
B097HHMSLZ,2025-11-10
B097HHMSLZ,2025-12-08
B097HHMSLZ,2026-01-05
B097HHMSLZ,2026-02-02
B097HHMSLZ,2026-03-02
B097HHZQNP,2025-04-28
B097HHZQNP,2025-05-26
B097HHZQNP,2025-06-23
B097HHZQNP,2025-07-21
B097HHZQNP,2025-08-18
B097HHZQNP,2025-09-15
B097HHZQNP,2025-10-13
B097HHZQNP,2025-11-10
B097HHZQNP,2025-12-08
B097HHZQNP,2026-01-05
B097HHZQNP,2026-02-02
B097HHZQNP,2026-03-02
B097HJGNP3,2025-04-28
B097HJGNP3,2025-05-26
B097HJGNP3,2025-06-23
B097HJGNP3,2025-07-21
B097HJGNP3,2025-08-18
B097HJGNP3,2025-09-15
B097HJGNP3,2025-10-13
B097HJGNP3,2025-11-10
B097HJGNP3,2025-12-08
B097HJGNP3,2026-01-05
B097HJGNP3,2026-02-02
B097HJGNP3,2026-03-02
B097JV3YQV,2025-04-28
B097JV3YQV,2025-05-26
B097JV3YQV,2025-06-23
B097JV3YQV,2025-07-21
B097JV3YQV,2025-08-18
B097JV3YQV,2025-09-15
B097JV3YQV,2025-10-13
B097JV3YQV,2025-11-10
B097JV3YQV,2025-12-08
B097JV3YQV,2026-01-05
B097JV3YQV,2026-02-02
B097JV3YQV,2026-03-02
B097K7H7N4,2025-04-28
B097K7H7N4,2025-05-26
B097K7H7N4,2025-06-23
B097K7H7N4,2025-07-21
B097K7H7N4,2025-08-18
B097K7H7N4,2025-09-15
B097K7H7N4,2025-10-13
B097K7H7N4,2025-11-10
B097K7H7N4,2025-12-08
B097K7H7N4,2026-01-05
B097K7H7N4,2026-02-02
B097K7H7N4,2026-03-02
B097MYWJPH,2025-04-28
B097MYWJPH,2025-05-26
B097MYWJPH,2025-06-23
B097MYWJPH,2025-07-21
B097MYWJPH,2025-08-18
B097MYWJPH,2025-09-15
B097MYWJPH,2025-10-13
B097MYWJPH,2025-11-10
B097MYWJPH,2025-12-08
B097MYWJPH,2026-01-05
B097MYWJPH,2026-02-02
B097MYWJPH,2026-03-02
B097PBSN9B,2025-04-28
B097PBSN9B,2025-05-26
B097PBSN9B,2025-06-23
B097PBSN9B,2025-07-21
B097PBSN9B,2025-08-18
B097PBSN9B,2025-09-15
B097PBSN9B,2025-10-13
B097PBSN9B,2025-11-10
B097PBSN9B,2025-12-08
B097PBSN9B,2026-01-05
B097PBSN9B,2026-02-02
B097PBSN9B,2026-03-02
B097PKM6Y4,2025-04-28
B097PKM6Y4,2025-05-26
B097PKM6Y4,2025-06-23
B097PKM6Y4,2025-07-21
B097PKM6Y4,2025-08-18
B097PKM6Y4,2025-09-15
B097PKM6Y4,2025-10-13
B097PKM6Y4,2025-11-10
B097PKM6Y4,2025-12-08
B097PKM6Y4,2026-01-05
B097PKM6Y4,2026-02-02
B097PKM6Y4,2026-03-02
B097PMBHBS,2025-04-28
B097PMBHBS,2025-05-26
B097PMBHBS,2025-06-23
B097PMBHBS,2025-07-21
B097PMBHBS,2025-08-18
B097PMBHBS,2025-09-15
B097PMBHBS,2025-10-13
B097PMBHBS,2025-11-10
B097PMBHBS,2025-12-08
B097PMBHBS,2026-01-05
B097PMBHBS,2026-02-02
B097PMBHBS,2026-03-02
B097PMJ78R,2025-04-28
B097PMJ78R,2025-05-26
B097PMJ78R,2025-06-23
B097PMJ78R,2025-07-21
B097PMJ78R,2025-08-18
B097PMJ78R,2025-09-15
B097PMJ78R,2025-10-13
B097PMJ78R,2025-11-10
B097PMJ78R,2025-12-08
B097PMJ78R,2026-01-05
B097PMJ78R,2026-02-02
B097PMJ78R,2026-03-02
B097PMQTG7,2025-04-28
B097PMQTG7,2025-05-26
B097PMQTG7,2025-06-23
B097PMQTG7,2025-07-21
B097PMQTG7,2025-08-18
B097PMQTG7,2025-09-15
B097PMQTG7,2025-10-13
B097PMQTG7,2025-11-10
B097PMQTG7,2025-12-08
B097PMQTG7,2026-01-05
B097PMQTG7,2026-02-02
B097PMQTG7,2026-03-02
B097PMSR8M,2025-04-28
B097PMSR8M,2025-05-26
B097PMSR8M,2025-06-23
B097PMSR8M,2025-07-21
B097PMSR8M,2025-08-18
B097PMSR8M,2025-09-15
B097PMSR8M,2025-10-13
B097PMSR8M,2025-11-10
B097PMSR8M,2025-12-08
B097PMSR8M,2026-01-05
B097PMSR8M,2026-02-02
B097PMSR8M,2026-03-02
B097SYZFBK,2025-04-28
B097SYZFBK,2025-05-26
B097SYZFBK,2025-06-23
B097SYZFBK,2025-07-21
B097SYZFBK,2025-08-18
B097SYZFBK,2025-09-15
B097SYZFBK,2025-10-13
B097SYZFBK,2025-11-10
B097SYZFBK,2025-12-08
B097SYZFBK,2026-01-05
B097SYZFBK,2026-02-02
B097SYZFBK,2026-03-02
B097TB3WTP,2025-04-28
B097TB3WTP,2025-05-26
B097TB3WTP,2025-06-23
B097TB3WTP,2025-07-21
B097TB3WTP,2025-08-18
B097TB3WTP,2025-09-15
B097TB3WTP,2025-10-13
B097TB3WTP,2025-11-10
B097TB3WTP,2025-12-08
B097TB3WTP,2026-01-05
B097TB3WTP,2026-02-02
B097TB3WTP,2026-03-02
B097TFN4ML,2025-04-28
B097TFN4ML,2025-05-26
B097TFN4ML,2025-06-23
B097TFN4ML,2025-07-21
B097TFN4ML,2025-08-18
B097TFN4ML,2025-09-15
B097TFN4ML,2025-10-13
B097TFN4ML,2025-11-10
B097TFN4ML,2025-12-08
B097TFN4ML,2026-01-05
B097TFN4ML,2026-02-02
B097TFN4ML,2026-03-02
B097XYK4JY,2025-04-28
B097XYK4JY,2025-05-26
B097XYK4JY,2025-06-23
B097XYK4JY,2025-07-21
B097XYK4JY,2025-08-18
B097XYK4JY,2025-09-15
B097XYK4JY,2025-10-13
B097XYK4JY,2025-11-10
B097XYK4JY,2025-12-08
B097XYK4JY,2026-01-05
B097XYK4JY,2026-02-02
B097XYK4JY,2026-03-02
B0981Y16CV,2025-04-28
B0981Y16CV,2025-05-26
B0981Y16CV,2025-06-23
B0981Y16CV,2025-07-21
B0981Y16CV,2025-08-18
B0981Y16CV,2025-09-15
B0981Y16CV,2025-10-13
B0981Y16CV,2025-11-10
B0981Y16CV,2025-12-08
B0981Y16CV,2026-01-05
B0981Y16CV,2026-02-02
B0981Y16CV,2026-03-02
B0981YKBNJ,2025-04-28
B0981YKBNJ,2025-05-26
B0981YKBNJ,2025-06-23
B0981YKBNJ,2025-07-21
B0981YKBNJ,2025-08-18
B0981YKBNJ,2025-09-15
B0981YKBNJ,2025-10-13
B0981YKBNJ,2025-11-10
B0981YKBNJ,2025-12-08
B0981YKBNJ,2026-01-05
B0981YKBNJ,2026-02-02
B0981YKBNJ,2026-03-02
B0983L2N9G,2025-04-28
B0983L2N9G,2025-05-26
B0983L2N9G,2025-06-23
B0983L2N9G,2025-07-21
B0983L2N9G,2025-08-18
B0983L2N9G,2025-09-15
B0983L2N9G,2025-10-13
B0983L2N9G,2025-11-10
B0983L2N9G,2025-12-08
B0983L2N9G,2026-01-05
B0983L2N9G,2026-02-02
B0983L2N9G,2026-03-02
B098DGDF17,2025-04-28
B098DGDF17,2025-05-26
B098DGDF17,2025-06-23
B098DGDF17,2025-07-21
B098DGDF17,2025-08-18
B098DGDF17,2025-09-15
B098DGDF17,2025-10-13
B098DGDF17,2025-11-10
B098DGDF17,2025-12-08
B098DGDF17,2026-01-05
B098DGDF17,2026-02-02
B098DGDF17,2026-03-02
B098VX1J4K,2025-04-28
B098VX1J4K,2025-05-26
B098VX1J4K,2025-06-23
B098VX1J4K,2025-07-21
B098VX1J4K,2025-08-18
B098VX1J4K,2025-09-15
B098VX1J4K,2025-10-13
B098VX1J4K,2025-11-10
B098VX1J4K,2025-12-08
B098VX1J4K,2026-01-05
B098VX1J4K,2026-02-02
B098VX1J4K,2026-03-02
B0993F97K1,2025-04-28
B0993F97K1,2025-05-26
B0993F97K1,2025-06-23
B0993F97K1,2025-07-21
B0993F97K1,2025-08-18
B0993F97K1,2025-09-15
B0993F97K1,2025-10-13
B0993F97K1,2025-11-10
B0993F97K1,2025-12-08
B0993F97K1,2026-01-05
B0993F97K1,2026-02-02
B0993F97K1,2026-03-02
B099MW7XM7,2025-04-28
B099MW7XM7,2025-05-26
B099MW7XM7,2025-06-23
B099MW7XM7,2025-07-21
B099MW7XM7,2025-08-18
B099MW7XM7,2025-09-15
B099MW7XM7,2025-10-13
B099MW7XM7,2025-11-10
B099MW7XM7,2025-12-08
B099MW7XM7,2026-01-05
B099MW7XM7,2026-02-02
B099MW7XM7,2026-03-02
B099W94R5P,2025-04-28
B099W94R5P,2025-05-26
B099W94R5P,2025-06-23
B099W94R5P,2025-07-21
B099W94R5P,2025-08-18
B099W94R5P,2025-09-15
B099W94R5P,2025-10-13
B099W94R5P,2025-11-10
B099W94R5P,2025-12-08
B099W94R5P,2026-01-05
B099W94R5P,2026-02-02
B099W94R5P,2026-03-02
B099W9HYV5,2025-04-28
B099W9HYV5,2025-05-26
B099W9HYV5,2025-06-23
B099W9HYV5,2025-07-21
B099W9HYV5,2025-08-18
B099W9HYV5,2025-09-15
B099W9HYV5,2025-10-13
B099W9HYV5,2025-11-10
B099W9HYV5,2025-12-08
B099W9HYV5,2026-01-05
B099W9HYV5,2026-02-02
B099W9HYV5,2026-03-02
B099WKN11C,2025-04-28
B099WKN11C,2025-05-26
B099WKN11C,2025-06-23
B099WKN11C,2025-07-21
B099WKN11C,2025-08-18
B099WKN11C,2025-09-15
B099WKN11C,2025-10-13
B099WKN11C,2025-11-10
B099WKN11C,2025-12-08
B099WKN11C,2026-01-05
B099WKN11C,2026-02-02
B099WKN11C,2026-03-02
B099ZJR8ZK,2025-04-28
B099ZJR8ZK,2025-05-26
B099ZJR8ZK,2025-06-23
B099ZJR8ZK,2025-07-21
B099ZJR8ZK,2025-08-18
B099ZJR8ZK,2025-09-15
B099ZJR8ZK,2025-10-13
B099ZJR8ZK,2025-11-10
B099ZJR8ZK,2025-12-08
B099ZJR8ZK,2026-01-05
B099ZJR8ZK,2026-02-02
B099ZJR8ZK,2026-03-02
B09B61KJPC,2025-04-28
B09B61KJPC,2025-05-26
B09B61KJPC,2025-06-23
B09B61KJPC,2025-07-21
B09B61KJPC,2025-08-18
B09B61KJPC,2025-09-15
B09B61KJPC,2025-10-13
B09B61KJPC,2025-11-10
B09B61KJPC,2025-12-08
B09B61KJPC,2026-01-05
B09B61KJPC,2026-02-02
B09B61KJPC,2026-03-02
B09B74NJZL,2025-04-28
B09B74NJZL,2025-05-26
B09B74NJZL,2025-06-23
B09B74NJZL,2025-07-21
B09B74NJZL,2025-08-18
B09B74NJZL,2025-09-15
B09B74NJZL,2025-10-13
B09B74NJZL,2025-11-10
B09B74NJZL,2025-12-08
B09B74NJZL,2026-01-05
B09B74NJZL,2026-02-02
B09B74NJZL,2026-03-02
B09B77RZHD,2025-04-28
B09B77RZHD,2025-05-26
B09B77RZHD,2025-06-23
B09B77RZHD,2025-07-21
B09B77RZHD,2025-08-18
B09B77RZHD,2025-09-15
B09B77RZHD,2025-10-13
B09B77RZHD,2025-11-10
B09B77RZHD,2025-12-08
B09B77RZHD,2026-01-05
B09B77RZHD,2026-02-02
B09B77RZHD,2026-03-02
B09BCNH27W,2025-04-28
B09BCNH27W,2025-05-26
B09BCNH27W,2025-06-23
B09BCNH27W,2025-07-21
B09BCNH27W,2025-08-18
B09BCNH27W,2025-09-15
B09BCNH27W,2025-10-13
B09BCNH27W,2025-11-10
B09BCNH27W,2025-12-08
B09BCNH27W,2026-01-05
B09BCNH27W,2026-02-02
B09BCNH27W,2026-03-02
B09BCNL55D,2025-04-28
B09BCNL55D,2025-05-26
B09BCNL55D,2025-06-23
B09BCNL55D,2025-07-21
B09BCNL55D,2025-08-18
B09BCNL55D,2025-09-15
B09BCNL55D,2025-10-13
B09BCNL55D,2025-11-10
B09BCNL55D,2025-12-08
B09BCNL55D,2026-01-05
B09BCNL55D,2026-02-02
B09BCNL55D,2026-03-02
B09BMT7BR9,2025-04-28
B09BMT7BR9,2025-05-26
B09BMT7BR9,2025-06-23
B09BMT7BR9,2025-07-21
B09BMT7BR9,2025-08-18
B09BMT7BR9,2025-09-15
B09BMT7BR9,2025-10-13
B09BMT7BR9,2025-11-10
B09BMT7BR9,2025-12-08
B09BMT7BR9,2026-01-05
B09BMT7BR9,2026-02-02
B09BMT7BR9,2026-03-02
B09BN6HTDC,2025-04-28
B09BN6HTDC,2025-05-26
B09BN6HTDC,2025-06-23
B09BN6HTDC,2025-07-21
B09BN6HTDC,2025-08-18
B09BN6HTDC,2025-09-15
B09BN6HTDC,2025-10-13
B09BN6HTDC,2025-11-10
B09BN6HTDC,2025-12-08
B09BN6HTDC,2026-01-05
B09BN6HTDC,2026-02-02
B09BN6HTDC,2026-03-02
B09BN7CHLY,2025-04-28
B09BN7CHLY,2025-05-26
B09BN7CHLY,2025-06-23
B09BN7CHLY,2025-07-21
B09BN7CHLY,2025-08-18
B09BN7CHLY,2025-09-15
B09BN7CHLY,2025-10-13
B09BN7CHLY,2025-11-10
B09BN7CHLY,2025-12-08
B09BN7CHLY,2026-01-05
B09BN7CHLY,2026-02-02
B09BN7CHLY,2026-03-02
B09BN7J55F,2025-04-28
B09BN7J55F,2025-05-26
B09BN7J55F,2025-06-23
B09BN7J55F,2025-07-21
B09BN7J55F,2025-08-18
B09BN7J55F,2025-09-15
B09BN7J55F,2025-10-13
B09BN7J55F,2025-11-10
B09BN7J55F,2025-12-08
B09BN7J55F,2026-01-05
B09BN7J55F,2026-02-02
B09BN7J55F,2026-03-02
B09BN9B86Y,2025-04-28
B09BN9B86Y,2025-05-26
B09BN9B86Y,2025-06-23
B09BN9B86Y,2025-07-21
B09BN9B86Y,2025-08-18
B09BN9B86Y,2025-09-15
B09BN9B86Y,2025-10-13
B09BN9B86Y,2025-11-10
B09BN9B86Y,2025-12-08
B09BN9B86Y,2026-01-05
B09BN9B86Y,2026-02-02
B09BN9B86Y,2026-03-02
B09BQYXWY7,2025-04-28
B09BQYXWY7,2025-05-26
B09BQYXWY7,2025-06-23
B09BQYXWY7,2025-07-21
B09BQYXWY7,2025-08-18
B09BQYXWY7,2025-09-15
B09BQYXWY7,2025-10-13
B09BQYXWY7,2025-11-10
B09BQYXWY7,2025-12-08
B09BQYXWY7,2026-01-05
B09BQYXWY7,2026-02-02
B09BQYXWY7,2026-03-02
B09BYX4RCT,2025-04-28
B09BYX4RCT,2025-05-26
B09BYX4RCT,2025-06-23
B09BYX4RCT,2025-07-21
B09BYX4RCT,2025-08-18
B09BYX4RCT,2025-09-15
B09BYX4RCT,2025-10-13
B09BYX4RCT,2025-11-10
B09BYX4RCT,2025-12-08
B09BYX4RCT,2026-01-05
B09BYX4RCT,2026-02-02
B09BYX4RCT,2026-03-02
B09C61YWBT,2025-04-28
B09C61YWBT,2025-05-26
B09C61YWBT,2025-06-23
B09C61YWBT,2025-07-21
B09C61YWBT,2025-08-18
B09C61YWBT,2025-09-15
B09C61YWBT,2025-10-13
B09C61YWBT,2025-11-10
B09C61YWBT,2025-12-08
B09C61YWBT,2026-01-05
B09C61YWBT,2026-02-02
B09C61YWBT,2026-03-02
B09C62DGW9,2025-04-28
B09C62DGW9,2025-05-26
B09C62DGW9,2025-06-23
B09C62DGW9,2025-07-21
B09C62DGW9,2025-08-18
B09C62DGW9,2025-09-15
B09C62DGW9,2025-10-13
B09C62DGW9,2025-11-10
B09C62DGW9,2025-12-08
B09C62DGW9,2026-01-05
B09C62DGW9,2026-02-02
B09C62DGW9,2026-03-02
B09CTGS357,2025-04-28
B09CTGS357,2025-05-26
B09CTGS357,2025-06-23
B09CTGS357,2025-07-21
B09CTGS357,2025-08-18
B09CTGS357,2025-09-15
B09CTGS357,2025-10-13
B09CTGS357,2025-11-10
B09CTGS357,2025-12-08
B09CTGS357,2026-01-05
B09CTGS357,2026-02-02
B09CTGS357,2026-03-02
B09CTH2FC3,2025-04-28
B09CTH2FC3,2025-05-26
B09CTH2FC3,2025-06-23
B09CTH2FC3,2025-07-21
B09CTH2FC3,2025-08-18
B09CTH2FC3,2025-09-15
B09CTH2FC3,2025-10-13
B09CTH2FC3,2025-11-10
B09CTH2FC3,2025-12-08
B09CTH2FC3,2026-01-05
B09CTH2FC3,2026-02-02
B09CTH2FC3,2026-03-02
B09CTWBM4L,2025-04-28
B09CTWBM4L,2025-05-26
B09CTWBM4L,2025-06-23
B09CTWBM4L,2025-07-21
B09CTWBM4L,2025-08-18
B09CTWBM4L,2025-09-15
B09CTWBM4L,2025-10-13
B09CTWBM4L,2025-11-10
B09CTWBM4L,2025-12-08
B09CTWBM4L,2026-01-05
B09CTWBM4L,2026-02-02
B09CTWBM4L,2026-03-02
B09D8SYTDS,2025-04-28
B09D8SYTDS,2025-05-26
B09D8SYTDS,2025-06-23
B09D8SYTDS,2025-07-21
B09D8SYTDS,2025-08-18
B09D8SYTDS,2025-09-15
B09D8SYTDS,2025-10-13
B09D8SYTDS,2025-11-10
B09D8SYTDS,2025-12-08
B09D8SYTDS,2026-01-05
B09D8SYTDS,2026-02-02
B09D8SYTDS,2026-03-02
B09D9G8W3J,2025-04-28
B09D9G8W3J,2025-05-26
B09D9G8W3J,2025-06-23
B09D9G8W3J,2025-07-21
B09D9G8W3J,2025-08-18
B09D9G8W3J,2025-09-15
B09D9G8W3J,2025-10-13
B09D9G8W3J,2025-11-10
B09D9G8W3J,2025-12-08
B09D9G8W3J,2026-01-05
B09D9G8W3J,2026-02-02
B09D9G8W3J,2026-03-02
B09DCC21B1,2025-04-28
B09DCC21B1,2025-05-26
B09DCC21B1,2025-06-23
B09DCC21B1,2025-07-21
B09DCC21B1,2025-08-18
B09DCC21B1,2025-09-15
B09DCC21B1,2025-10-13
B09DCC21B1,2025-11-10
B09DCC21B1,2025-12-08
B09DCC21B1,2026-01-05
B09DCC21B1,2026-02-02
B09DCC21B1,2026-03-02
B09DCCQFQL,2025-04-28
B09DCCQFQL,2025-05-26
B09DCCQFQL,2025-06-23
B09DCCQFQL,2025-07-21
B09DCCQFQL,2025-08-18
B09DCCQFQL,2025-09-15
B09DCCQFQL,2025-10-13
B09DCCQFQL,2025-11-10
B09DCCQFQL,2025-12-08
B09DCCQFQL,2026-01-05
B09DCCQFQL,2026-02-02
B09DCCQFQL,2026-03-02
B09DKZNSTS,2025-04-28
B09DKZNSTS,2025-05-26
B09DKZNSTS,2025-06-23
B09DKZNSTS,2025-07-21
B09DKZNSTS,2025-08-18
B09DKZNSTS,2025-09-15
B09DKZNSTS,2025-10-13
B09DKZNSTS,2025-11-10
B09DKZNSTS,2025-12-08
B09DKZNSTS,2026-01-05
B09DKZNSTS,2026-02-02
B09DKZNSTS,2026-03-02
B09DVYRV3X,2025-04-28
B09DVYRV3X,2025-05-26
B09DVYRV3X,2025-06-23
B09DVYRV3X,2025-07-21
B09DVYRV3X,2025-08-18
B09DVYRV3X,2025-09-15
B09DVYRV3X,2025-10-13
B09DVYRV3X,2025-11-10
B09DVYRV3X,2025-12-08
B09DVYRV3X,2026-01-05
B09DVYRV3X,2026-02-02
B09DVYRV3X,2026-03-02
B09DYFFPML,2025-04-28
B09DYFFPML,2025-05-26
B09DYFFPML,2025-06-23
B09DYFFPML,2025-07-21
B09DYFFPML,2025-08-18
B09DYFFPML,2025-09-15
B09DYFFPML,2025-10-13
B09DYFFPML,2025-11-10
B09DYFFPML,2025-12-08
B09DYFFPML,2026-01-05
B09DYFFPML,2026-02-02
B09DYFFPML,2026-03-02
B09DYG2V47,2025-04-28
B09DYG2V47,2025-05-26
B09DYG2V47,2025-06-23
B09DYG2V47,2025-07-21
B09DYG2V47,2025-08-18
B09DYG2V47,2025-09-15
B09DYG2V47,2025-10-13
B09DYG2V47,2025-11-10
B09DYG2V47,2025-12-08
B09DYG2V47,2026-01-05
B09DYG2V47,2026-02-02
B09DYG2V47,2026-03-02
B09FDDTBXJ,2025-04-28
B09FDDTBXJ,2025-05-26
B09FDDTBXJ,2025-06-23
B09FDDTBXJ,2025-07-21
B09FDDTBXJ,2025-08-18
B09FDDTBXJ,2025-09-15
B09FDDTBXJ,2025-10-13
B09FDDTBXJ,2025-11-10
B09FDDTBXJ,2025-12-08
B09FDDTBXJ,2026-01-05
B09FDDTBXJ,2026-02-02
B09FDDTBXJ,2026-03-02
B09FPB75MH,2025-04-28
B09FPB75MH,2025-05-26
B09FPB75MH,2025-06-23
B09FPB75MH,2025-07-21
B09FPB75MH,2025-08-18
B09FPB75MH,2025-09-15
B09FPB75MH,2025-10-13
B09FPB75MH,2025-11-10
B09FPB75MH,2025-12-08
B09FPB75MH,2026-01-05
B09FPB75MH,2026-02-02
B09FPB75MH,2026-03-02
B09FPYVXWB,2025-04-28
B09FPYVXWB,2025-05-26
B09FPYVXWB,2025-06-23
B09FPYVXWB,2025-07-21
B09FPYVXWB,2025-08-18
B09FPYVXWB,2025-09-15
B09FPYVXWB,2025-10-13
B09FPYVXWB,2025-11-10
B09FPYVXWB,2025-12-08
B09FPYVXWB,2026-01-05
B09FPYVXWB,2026-02-02
B09FPYVXWB,2026-03-02
B09GB489RB,2025-04-28
B09GB489RB,2025-05-26
B09GB489RB,2025-06-23
B09GB489RB,2025-07-21
B09GB489RB,2025-08-18
B09GB489RB,2025-09-15
B09GB489RB,2025-10-13
B09GB489RB,2025-11-10
B09GB489RB,2025-12-08
B09GB489RB,2026-01-05
B09GB489RB,2026-02-02
B09GB489RB,2026-03-02
B09GFDGKSX,2025-04-28
B09GFDGKSX,2025-05-26
B09GFDGKSX,2025-06-23
B09GFDGKSX,2025-07-21
B09GFDGKSX,2025-08-18
B09GFDGKSX,2025-09-15
B09GFDGKSX,2025-10-13
B09GFDGKSX,2025-11-10
B09GFDGKSX,2025-12-08
B09GFDGKSX,2026-01-05
B09GFDGKSX,2026-02-02
B09GFDGKSX,2026-03-02
B09GFDM1CL,2025-04-28
B09GFDM1CL,2025-05-26
B09GFDM1CL,2025-06-23
B09GFDM1CL,2025-07-21
B09GFDM1CL,2025-08-18
B09GFDM1CL,2025-09-15
B09GFDM1CL,2025-10-13
B09GFDM1CL,2025-11-10
B09GFDM1CL,2025-12-08
B09GFDM1CL,2026-01-05
B09GFDM1CL,2026-02-02
B09GFDM1CL,2026-03-02
B09GLXXGMJ,2025-04-28
B09GLXXGMJ,2025-05-26
B09GLXXGMJ,2025-06-23
B09GLXXGMJ,2025-07-21
B09GLXXGMJ,2025-08-18
B09GLXXGMJ,2025-09-15
B09GLXXGMJ,2025-10-13
B09GLXXGMJ,2025-11-10
B09GLXXGMJ,2025-12-08
B09GLXXGMJ,2026-01-05
B09GLXXGMJ,2026-02-02
B09GLXXGMJ,2026-03-02
B09GVJSF39,2025-04-28
B09GVJSF39,2025-05-26
B09GVJSF39,2025-06-23
B09GVJSF39,2025-07-21
B09GVJSF39,2025-08-18
B09GVJSF39,2025-09-15
B09GVJSF39,2025-10-13
B09GVJSF39,2025-11-10
B09GVJSF39,2025-12-08
B09GVJSF39,2026-01-05
B09GVJSF39,2026-02-02
B09GVJSF39,2026-03-02
B09GVKL8JS,2025-04-28
B09GVKL8JS,2025-05-26
B09GVKL8JS,2025-06-23
B09GVKL8JS,2025-07-21
B09GVKL8JS,2025-08-18
B09GVKL8JS,2025-09-15
B09GVKL8JS,2025-10-13
B09GVKL8JS,2025-11-10
B09GVKL8JS,2025-12-08
B09GVKL8JS,2026-01-05
B09GVKL8JS,2026-02-02
B09GVKL8JS,2026-03-02
B09GYRXMHP,2025-04-28
B09GYRXMHP,2025-05-26
B09GYRXMHP,2025-06-23
B09GYRXMHP,2025-07-21
B09GYRXMHP,2025-08-18
B09GYRXMHP,2025-09-15
B09GYRXMHP,2025-10-13
B09GYRXMHP,2025-11-10
B09GYRXMHP,2025-12-08
B09GYRXMHP,2026-01-05
B09GYRXMHP,2026-02-02
B09GYRXMHP,2026-03-02
B09GYSSDM8,2025-04-28
B09GYSSDM8,2025-05-26
B09GYSSDM8,2025-06-23
B09GYSSDM8,2025-07-21
B09GYSSDM8,2025-08-18
B09GYSSDM8,2025-09-15
B09GYSSDM8,2025-10-13
B09GYSSDM8,2025-11-10
B09GYSSDM8,2025-12-08
B09GYSSDM8,2026-01-05
B09GYSSDM8,2026-02-02
B09GYSSDM8,2026-03-02
B09H2ND6WB,2025-04-28
B09H2ND6WB,2025-05-26
B09H2ND6WB,2025-06-23
B09H2ND6WB,2025-07-21
B09H2ND6WB,2025-08-18
B09H2ND6WB,2025-09-15
B09H2ND6WB,2025-10-13
B09H2ND6WB,2025-11-10
B09H2ND6WB,2025-12-08
B09H2ND6WB,2026-01-05
B09H2ND6WB,2026-02-02
B09H2ND6WB,2026-03-02
B09H2PXFX7,2025-04-28
B09H2PXFX7,2025-05-26
B09H2PXFX7,2025-06-23
B09H2PXFX7,2025-07-21
B09H2PXFX7,2025-08-18
B09H2PXFX7,2025-09-15
B09H2PXFX7,2025-10-13
B09H2PXFX7,2025-11-10
B09H2PXFX7,2025-12-08
B09H2PXFX7,2026-01-05
B09H2PXFX7,2026-02-02
B09H2PXFX7,2026-03-02
B09H4KL868,2025-04-28
B09H4KL868,2025-05-26
B09H4KL868,2025-06-23
B09H4KL868,2025-07-21
B09H4KL868,2025-08-18
B09H4KL868,2025-09-15
B09H4KL868,2025-10-13
B09H4KL868,2025-11-10
B09H4KL868,2025-12-08
B09H4KL868,2026-01-05
B09H4KL868,2026-02-02
B09H4KL868,2026-03-02
B09H625H7P,2025-04-28
B09H625H7P,2025-05-26
B09H625H7P,2025-06-23
B09H625H7P,2025-07-21
B09H625H7P,2025-08-18
B09H625H7P,2025-09-15
B09H625H7P,2025-10-13
B09H625H7P,2025-11-10
B09H625H7P,2025-12-08
B09H625H7P,2026-01-05
B09H625H7P,2026-02-02
B09H625H7P,2026-03-02
B09H7NRFB1,2025-04-28
B09H7NRFB1,2025-05-26
B09H7NRFB1,2025-06-23
B09H7NRFB1,2025-07-21
B09H7NRFB1,2025-08-18
B09H7NRFB1,2025-09-15
B09H7NRFB1,2025-10-13
B09H7NRFB1,2025-11-10
B09H7NRFB1,2025-12-08
B09H7NRFB1,2026-01-05
B09H7NRFB1,2026-02-02
B09H7NRFB1,2026-03-02
B09HBQ7LXC,2025-04-28
B09HBQ7LXC,2025-05-26
B09HBQ7LXC,2025-06-23
B09HBQ7LXC,2025-07-21
B09HBQ7LXC,2025-08-18
B09HBQ7LXC,2025-09-15
B09HBQ7LXC,2025-10-13
B09HBQ7LXC,2025-11-10
B09HBQ7LXC,2025-12-08
B09HBQ7LXC,2026-01-05
B09HBQ7LXC,2026-02-02
B09HBQ7LXC,2026-03-02
B09HK7YSBW,2025-04-28
B09HK7YSBW,2025-05-26
B09HK7YSBW,2025-06-23
B09HK7YSBW,2025-07-21
B09HK7YSBW,2025-08-18
B09HK7YSBW,2025-09-15
B09HK7YSBW,2025-10-13
B09HK7YSBW,2025-11-10
B09HK7YSBW,2025-12-08
B09HK7YSBW,2026-01-05
B09HK7YSBW,2026-02-02
B09HK7YSBW,2026-03-02
B09HQLNBDF,2025-04-28
B09HQLNBDF,2025-05-26
B09HQLNBDF,2025-06-23
B09HQLNBDF,2025-07-21
B09HQLNBDF,2025-08-18
B09HQLNBDF,2025-09-15
B09HQLNBDF,2025-10-13
B09HQLNBDF,2025-11-10
B09HQLNBDF,2025-12-08
B09HQLNBDF,2026-01-05
B09HQLNBDF,2026-02-02
B09HQLNBDF,2026-03-02
B09HQMPZJ2,2025-04-28
B09HQMPZJ2,2025-05-26
B09HQMPZJ2,2025-06-23
B09HQMPZJ2,2025-07-21
B09HQMPZJ2,2025-08-18
B09HQMPZJ2,2025-09-15
B09HQMPZJ2,2025-10-13
B09HQMPZJ2,2025-11-10
B09HQMPZJ2,2025-12-08
B09HQMPZJ2,2026-01-05
B09HQMPZJ2,2026-02-02
B09HQMPZJ2,2026-03-02
B09HRZN87P,2025-04-28
B09HRZN87P,2025-05-26
B09HRZN87P,2025-06-23
B09HRZN87P,2025-07-21
B09HRZN87P,2025-08-18
B09HRZN87P,2025-09-15
B09HRZN87P,2025-10-13
B09HRZN87P,2025-11-10
B09HRZN87P,2025-12-08
B09HRZN87P,2026-01-05
B09HRZN87P,2026-02-02
B09HRZN87P,2026-03-02
B09HVFCDJL,2025-04-28
B09HVFCDJL,2025-05-26
B09HVFCDJL,2025-06-23
B09HVFCDJL,2025-07-21
B09HVFCDJL,2025-08-18
B09HVFCDJL,2025-09-15
B09HVFCDJL,2025-10-13
B09HVFCDJL,2025-11-10
B09HVFCDJL,2025-12-08
B09HVFCDJL,2026-01-05
B09HVFCDJL,2026-02-02
B09HVFCDJL,2026-03-02
B09JC7BMFQ,2025-04-28
B09JC7BMFQ,2025-05-26
B09JC7BMFQ,2025-06-23
B09JC7BMFQ,2025-07-21
B09JC7BMFQ,2025-08-18
B09JC7BMFQ,2025-09-15
B09JC7BMFQ,2025-10-13
B09JC7BMFQ,2025-11-10
B09JC7BMFQ,2025-12-08
B09JC7BMFQ,2026-01-05
B09JC7BMFQ,2026-02-02
B09JC7BMFQ,2026-03-02
B09JC7LF8L,2025-04-28
B09JC7LF8L,2025-05-26
B09JC7LF8L,2025-06-23
B09JC7LF8L,2025-07-21
B09JC7LF8L,2025-08-18
B09JC7LF8L,2025-09-15
B09JC7LF8L,2025-10-13
B09JC7LF8L,2025-11-10
B09JC7LF8L,2025-12-08
B09JC7LF8L,2026-01-05
B09JC7LF8L,2026-02-02
B09JC7LF8L,2026-03-02
B09JCFYTY7,2025-04-28
B09JCFYTY7,2025-05-26
B09JCFYTY7,2025-06-23
B09JCFYTY7,2025-07-21
B09JCFYTY7,2025-08-18
B09JCFYTY7,2025-09-15
B09JCFYTY7,2025-10-13
B09JCFYTY7,2025-11-10
B09JCFYTY7,2025-12-08
B09JCFYTY7,2026-01-05
B09JCFYTY7,2026-02-02
B09JCFYTY7,2026-03-02
B09JFZD54T,2025-04-28
B09JFZD54T,2025-05-26
B09JFZD54T,2025-06-23
B09JFZD54T,2025-07-21
B09JFZD54T,2025-08-18
B09JFZD54T,2025-09-15
B09JFZD54T,2025-10-13
B09JFZD54T,2025-11-10
B09JFZD54T,2025-12-08
B09JFZD54T,2026-01-05
B09JFZD54T,2026-02-02
B09JFZD54T,2026-03-02
B09JG2FRCX,2025-04-28
B09JG2FRCX,2025-05-26
B09JG2FRCX,2025-06-23
B09JG2FRCX,2025-07-21
B09JG2FRCX,2025-08-18
B09JG2FRCX,2025-09-15
B09JG2FRCX,2025-10-13
B09JG2FRCX,2025-11-10
B09JG2FRCX,2025-12-08
B09JG2FRCX,2026-01-05
B09JG2FRCX,2026-02-02
B09JG2FRCX,2026-03-02
B09JGK28T1,2025-04-28
B09JGK28T1,2025-05-26
B09JGK28T1,2025-06-23
B09JGK28T1,2025-07-21
B09JGK28T1,2025-08-18
B09JGK28T1,2025-09-15
B09JGK28T1,2025-10-13
B09JGK28T1,2025-11-10
B09JGK28T1,2025-12-08
B09JGK28T1,2026-01-05
B09JGK28T1,2026-02-02
B09JGK28T1,2026-03-02
B09JQHWCBV,2025-04-28
B09JQHWCBV,2025-05-26
B09JQHWCBV,2025-06-23
B09JQHWCBV,2025-07-21
B09JQHWCBV,2025-08-18
B09JQHWCBV,2025-09-15
B09JQHWCBV,2025-10-13
B09JQHWCBV,2025-11-10
B09JQHWCBV,2025-12-08
B09JQHWCBV,2026-01-05
B09JQHWCBV,2026-02-02
B09JQHWCBV,2026-03-02
B09JW526HN,2025-04-28
B09JW526HN,2025-05-26
B09JW526HN,2025-06-23
B09JW526HN,2025-07-21
B09JW526HN,2025-08-18
B09JW526HN,2025-09-15
B09JW526HN,2025-10-13
B09JW526HN,2025-11-10
B09JW526HN,2025-12-08
B09JW526HN,2026-01-05
B09JW526HN,2026-02-02
B09JW526HN,2026-03-02
B09K76JP3R,2025-04-28
B09K76JP3R,2025-05-26
B09K76JP3R,2025-06-23
B09K76JP3R,2025-07-21
B09K76JP3R,2025-08-18
B09K76JP3R,2025-09-15
B09K76JP3R,2025-10-13
B09K76JP3R,2025-11-10
B09K76JP3R,2025-12-08
B09K76JP3R,2026-01-05
B09K76JP3R,2026-02-02
B09K76JP3R,2026-03-02
B09KG1DDT7,2025-04-28
B09KG1DDT7,2025-05-26
B09KG1DDT7,2025-06-23
B09KG1DDT7,2025-07-21
B09KG1DDT7,2025-08-18
B09KG1DDT7,2025-09-15
B09KG1DDT7,2025-10-13
B09KG1DDT7,2025-11-10
B09KG1DDT7,2025-12-08
B09KG1DDT7,2026-01-05
B09KG1DDT7,2026-02-02
B09KG1DDT7,2026-03-02
B09KGF289X,2025-04-28
B09KGF289X,2025-05-26
B09KGF289X,2025-06-23
B09KGF289X,2025-07-21
B09KGF289X,2025-08-18
B09KGF289X,2025-09-15
B09KGF289X,2025-10-13
B09KGF289X,2025-11-10
B09KGF289X,2025-12-08
B09KGF289X,2026-01-05
B09KGF289X,2026-02-02
B09KGF289X,2026-03-02
B09KLRZBX9,2025-04-28
B09KLRZBX9,2025-05-26
B09KLRZBX9,2025-06-23
B09KLRZBX9,2025-07-21
B09KLRZBX9,2025-08-18
B09KLRZBX9,2025-09-15
B09KLRZBX9,2025-10-13
B09KLRZBX9,2025-11-10
B09KLRZBX9,2025-12-08
B09KLRZBX9,2026-01-05
B09KLRZBX9,2026-02-02
B09KLRZBX9,2026-03-02
B09KSV89WZ,2025-04-28
B09KSV89WZ,2025-05-26
B09KSV89WZ,2025-06-23
B09KSV89WZ,2025-07-21
B09KSV89WZ,2025-08-18
B09KSV89WZ,2025-09-15
B09KSV89WZ,2025-10-13
B09KSV89WZ,2025-11-10
B09KSV89WZ,2025-12-08
B09KSV89WZ,2026-01-05
B09KSV89WZ,2026-02-02
B09KSV89WZ,2026-03-02
B09L4STP95,2025-04-28
B09L4STP95,2025-05-26
B09L4STP95,2025-06-23
B09L4STP95,2025-07-21
B09L4STP95,2025-08-18
B09L4STP95,2025-09-15
B09L4STP95,2025-10-13
B09L4STP95,2025-11-10
B09L4STP95,2025-12-08
B09L4STP95,2026-01-05
B09L4STP95,2026-02-02
B09L4STP95,2026-03-02
B09L8BT4F2,2025-04-28
B09L8BT4F2,2025-05-26
B09L8BT4F2,2025-06-23
B09L8BT4F2,2025-07-21
B09L8BT4F2,2025-08-18
B09L8BT4F2,2025-09-15
B09L8BT4F2,2025-10-13
B09L8BT4F2,2025-11-10
B09L8BT4F2,2025-12-08
B09L8BT4F2,2026-01-05
B09L8BT4F2,2026-02-02
B09L8BT4F2,2026-03-02
B09LH7YXCX,2025-04-28
B09LH7YXCX,2025-05-26
B09LH7YXCX,2025-06-23
B09LH7YXCX,2025-07-21
B09LH7YXCX,2025-08-18
B09LH7YXCX,2025-09-15
B09LH7YXCX,2025-10-13
B09LH7YXCX,2025-11-10
B09LH7YXCX,2025-12-08
B09LH7YXCX,2026-01-05
B09LH7YXCX,2026-02-02
B09LH7YXCX,2026-03-02
B09LH87QKX,2025-04-28
B09LH87QKX,2025-05-26
B09LH87QKX,2025-06-23
B09LH87QKX,2025-07-21
B09LH87QKX,2025-08-18
B09LH87QKX,2025-09-15
B09LH87QKX,2025-10-13
B09LH87QKX,2025-11-10
B09LH87QKX,2025-12-08
B09LH87QKX,2026-01-05
B09LH87QKX,2026-02-02
B09LH87QKX,2026-03-02
B09LHD22SF,2025-04-28
B09LHD22SF,2025-05-26
B09LHD22SF,2025-06-23
B09LHD22SF,2025-07-21
B09LHD22SF,2025-08-18
B09LHD22SF,2025-09-15
B09LHD22SF,2025-10-13
B09LHD22SF,2025-11-10
B09LHD22SF,2025-12-08
B09LHD22SF,2026-01-05
B09LHD22SF,2026-02-02
B09LHD22SF,2026-03-02
B09LHD7V1J,2025-04-28
B09LHD7V1J,2025-05-26
B09LHD7V1J,2025-06-23
B09LHD7V1J,2025-07-21
B09LHD7V1J,2025-08-18
B09LHD7V1J,2025-09-15
B09LHD7V1J,2025-10-13
B09LHD7V1J,2025-11-10
B09LHD7V1J,2025-12-08
B09LHD7V1J,2026-01-05
B09LHD7V1J,2026-02-02
B09LHD7V1J,2026-03-02
B09LPQ5QPN,2025-04-28
B09LPQ5QPN,2025-05-26
B09LPQ5QPN,2025-06-23
B09LPQ5QPN,2025-07-21
B09LPQ5QPN,2025-08-18
B09LPQ5QPN,2025-09-15
B09LPQ5QPN,2025-10-13
B09LPQ5QPN,2025-11-10
B09LPQ5QPN,2025-12-08
B09LPQ5QPN,2026-01-05
B09LPQ5QPN,2026-02-02
B09LPQ5QPN,2026-03-02
B09LV2291Y,2025-04-28
B09LV2291Y,2025-05-26
B09LV2291Y,2025-06-23
B09LV2291Y,2025-07-21
B09LV2291Y,2025-08-18
B09LV2291Y,2025-09-15
B09LV2291Y,2025-10-13
B09LV2291Y,2025-11-10
B09LV2291Y,2025-12-08
B09LV2291Y,2026-01-05
B09LV2291Y,2026-02-02
B09LV2291Y,2026-03-02
B09LXK3W98,2025-04-28
B09LXK3W98,2025-05-26
B09LXK3W98,2025-06-23
B09LXK3W98,2025-07-21
B09LXK3W98,2025-08-18
B09LXK3W98,2025-09-15
B09LXK3W98,2025-10-13
B09LXK3W98,2025-11-10
B09LXK3W98,2025-12-08
B09LXK3W98,2026-01-05
B09LXK3W98,2026-02-02
B09LXK3W98,2026-03-02
B09LY6D556,2025-04-28
B09LY6D556,2025-05-26
B09LY6D556,2025-06-23
B09LY6D556,2025-07-21
B09LY6D556,2025-08-18
B09LY6D556,2025-09-15
B09LY6D556,2025-10-13
B09LY6D556,2025-11-10
B09LY6D556,2025-12-08
B09LY6D556,2026-01-05
B09LY6D556,2026-02-02
B09LY6D556,2026-03-02
B09M417SZ5,2025-04-28
B09M417SZ5,2025-05-26
B09M417SZ5,2025-06-23
B09M417SZ5,2025-07-21
B09M417SZ5,2025-08-18
B09M417SZ5,2025-09-15
B09M417SZ5,2025-10-13
B09M417SZ5,2025-11-10
B09M417SZ5,2025-12-08
B09M417SZ5,2026-01-05
B09M417SZ5,2026-02-02
B09M417SZ5,2026-03-02
B09MG1M48S,2025-04-28
B09MG1M48S,2025-05-26
B09MG1M48S,2025-06-23
B09MG1M48S,2025-07-21
B09MG1M48S,2025-08-18
B09MG1M48S,2025-09-15
B09MG1M48S,2025-10-13
B09MG1M48S,2025-11-10
B09MG1M48S,2025-12-08
B09MG1M48S,2026-01-05
B09MG1M48S,2026-02-02
B09MG1M48S,2026-03-02
B09MHY78R8,2025-04-28
B09MHY78R8,2025-05-26
B09MHY78R8,2025-06-23
B09MHY78R8,2025-07-21
B09MHY78R8,2025-08-18
B09MHY78R8,2025-09-15
B09MHY78R8,2025-10-13
B09MHY78R8,2025-11-10
B09MHY78R8,2025-12-08
B09MHY78R8,2026-01-05
B09MHY78R8,2026-02-02
B09MHY78R8,2026-03-02
B09MJW1T67,2025-04-28
B09MJW1T67,2025-05-26
B09MJW1T67,2025-06-23
B09MJW1T67,2025-07-21
B09MJW1T67,2025-08-18
B09MJW1T67,2025-09-15
B09MJW1T67,2025-10-13
B09MJW1T67,2025-11-10
B09MJW1T67,2025-12-08
B09MJW1T67,2026-01-05
B09MJW1T67,2026-02-02
B09MJW1T67,2026-03-02
B09MJW82ZX,2025-04-28
B09MJW82ZX,2025-05-26
B09MJW82ZX,2025-06-23
B09MJW82ZX,2025-07-21
B09MJW82ZX,2025-08-18
B09MJW82ZX,2025-09-15
B09MJW82ZX,2025-10-13
B09MJW82ZX,2025-11-10
B09MJW82ZX,2025-12-08
B09MJW82ZX,2026-01-05
B09MJW82ZX,2026-02-02
B09MJW82ZX,2026-03-02
B09MLF5ZFQ,2025-04-28
B09MLF5ZFQ,2025-05-26
B09MLF5ZFQ,2025-06-23
B09MLF5ZFQ,2025-07-21
B09MLF5ZFQ,2025-08-18
B09MLF5ZFQ,2025-09-15
B09MLF5ZFQ,2025-10-13
B09MLF5ZFQ,2025-11-10
B09MLF5ZFQ,2025-12-08
B09MLF5ZFQ,2026-01-05
B09MLF5ZFQ,2026-02-02
B09MLF5ZFQ,2026-03-02
B09MLNRP2V,2025-04-28
B09MLNRP2V,2025-05-26
B09MLNRP2V,2025-06-23
B09MLNRP2V,2025-07-21
B09MLNRP2V,2025-08-18
B09MLNRP2V,2025-09-15
B09MLNRP2V,2025-10-13
B09MLNRP2V,2025-11-10
B09MLNRP2V,2025-12-08
B09MLNRP2V,2026-01-05
B09MLNRP2V,2026-02-02
B09MLNRP2V,2026-03-02
B09MLPVZB4,2025-04-28
B09MLPVZB4,2025-05-26
B09MLPVZB4,2025-06-23
B09MLPVZB4,2025-07-21
B09MLPVZB4,2025-08-18
B09MLPVZB4,2025-09-15
B09MLPVZB4,2025-10-13
B09MLPVZB4,2025-11-10
B09MLPVZB4,2025-12-08
B09MLPVZB4,2026-01-05
B09MLPVZB4,2026-02-02
B09MLPVZB4,2026-03-02
B09MQ2T2HQ,2025-04-28
B09MQ2T2HQ,2025-05-26
B09MQ2T2HQ,2025-06-23
B09MQ2T2HQ,2025-07-21
B09MQ2T2HQ,2025-08-18
B09MQ2T2HQ,2025-09-15
B09MQ2T2HQ,2025-10-13
B09MQ2T2HQ,2025-11-10
B09MQ2T2HQ,2025-12-08
B09MQ2T2HQ,2026-01-05
B09MQ2T2HQ,2026-02-02
B09MQ2T2HQ,2026-03-02
B09MQ3SKP4,2025-04-28
B09MQ3SKP4,2025-05-26
B09MQ3SKP4,2025-06-23
B09MQ3SKP4,2025-07-21
B09MQ3SKP4,2025-08-18
B09MQ3SKP4,2025-09-15
B09MQ3SKP4,2025-10-13
B09MQ3SKP4,2025-11-10
B09MQ3SKP4,2025-12-08
B09MQ3SKP4,2026-01-05
B09MQ3SKP4,2026-02-02
B09MQ3SKP4,2026-03-02
B09MQDYWZH,2025-04-28
B09MQDYWZH,2025-05-26
B09MQDYWZH,2025-06-23
B09MQDYWZH,2025-07-21
B09MQDYWZH,2025-08-18
B09MQDYWZH,2025-09-15
B09MQDYWZH,2025-10-13
B09MQDYWZH,2025-11-10
B09MQDYWZH,2025-12-08
B09MQDYWZH,2026-01-05
B09MQDYWZH,2026-02-02
B09MQDYWZH,2026-03-02
B09MQFD81Z,2025-04-28
B09MQFD81Z,2025-05-26
B09MQFD81Z,2025-06-23
B09MQFD81Z,2025-07-21
B09MQFD81Z,2025-08-18
B09MQFD81Z,2025-09-15
B09MQFD81Z,2025-10-13
B09MQFD81Z,2025-11-10
B09MQFD81Z,2025-12-08
B09MQFD81Z,2026-01-05
B09MQFD81Z,2026-02-02
B09MQFD81Z,2026-03-02
B09MQFDYDS,2025-04-28
B09MQFDYDS,2025-05-26
B09MQFDYDS,2025-06-23
B09MQFDYDS,2025-07-21
B09MQFDYDS,2025-08-18
B09MQFDYDS,2025-09-15
B09MQFDYDS,2025-10-13
B09MQFDYDS,2025-11-10
B09MQFDYDS,2025-12-08
B09MQFDYDS,2026-01-05
B09MQFDYDS,2026-02-02
B09MQFDYDS,2026-03-02
B09MQFF9SX,2025-04-28
B09MQFF9SX,2025-05-26
B09MQFF9SX,2025-06-23
B09MQFF9SX,2025-07-21
B09MQFF9SX,2025-08-18
B09MQFF9SX,2025-09-15
B09MQFF9SX,2025-10-13
B09MQFF9SX,2025-11-10
B09MQFF9SX,2025-12-08
B09MQFF9SX,2026-01-05
B09MQFF9SX,2026-02-02
B09MQFF9SX,2026-03-02
B09MRHZCLS,2025-04-28
B09MRHZCLS,2025-05-26
B09MRHZCLS,2025-06-23
B09MRHZCLS,2025-07-21
B09MRHZCLS,2025-08-18
B09MRHZCLS,2025-09-15
B09MRHZCLS,2025-10-13
B09MRHZCLS,2025-11-10
B09MRHZCLS,2025-12-08
B09MRHZCLS,2026-01-05
B09MRHZCLS,2026-02-02
B09MRHZCLS,2026-03-02
B09MS4WT75,2025-04-28
B09MS4WT75,2025-05-26
B09MS4WT75,2025-06-23
B09MS4WT75,2025-07-21
B09MS4WT75,2025-08-18
B09MS4WT75,2025-09-15
B09MS4WT75,2025-10-13
B09MS4WT75,2025-11-10
B09MS4WT75,2025-12-08
B09MS4WT75,2026-01-05
B09MS4WT75,2026-02-02
B09MS4WT75,2026-03-02
B09MSZLBLG,2025-04-28
B09MSZLBLG,2025-05-26
B09MSZLBLG,2025-06-23
B09MSZLBLG,2025-07-21
B09MSZLBLG,2025-08-18
B09MSZLBLG,2025-09-15
B09MSZLBLG,2025-10-13
B09MSZLBLG,2025-11-10
B09MSZLBLG,2025-12-08
B09MSZLBLG,2026-01-05
B09MSZLBLG,2026-02-02
B09MSZLBLG,2026-03-02
B09MTFBFY3,2025-04-28
B09MTFBFY3,2025-05-26
B09MTFBFY3,2025-06-23
B09MTFBFY3,2025-07-21
B09MTFBFY3,2025-08-18
B09MTFBFY3,2025-09-15
B09MTFBFY3,2025-10-13
B09MTFBFY3,2025-11-10
B09MTFBFY3,2025-12-08
B09MTFBFY3,2026-01-05
B09MTFBFY3,2026-02-02
B09MTFBFY3,2026-03-02
B09MTHWQJ9,2025-04-28
B09MTHWQJ9,2025-05-26
B09MTHWQJ9,2025-06-23
B09MTHWQJ9,2025-07-21
B09MTHWQJ9,2025-08-18
B09MTHWQJ9,2025-09-15
B09MTHWQJ9,2025-10-13
B09MTHWQJ9,2025-11-10
B09MTHWQJ9,2025-12-08
B09MTHWQJ9,2026-01-05
B09MTHWQJ9,2026-02-02
B09MTHWQJ9,2026-03-02
B09MVR4W43,2025-04-28
B09MVR4W43,2025-05-26
B09MVR4W43,2025-06-23
B09MVR4W43,2025-07-21
B09MVR4W43,2025-08-18
B09MVR4W43,2025-09-15
B09MVR4W43,2025-10-13
B09MVR4W43,2025-11-10
B09MVR4W43,2025-12-08
B09MVR4W43,2026-01-05
B09MVR4W43,2026-02-02
B09MVR4W43,2026-03-02
B09MVR987G,2025-04-28
B09MVR987G,2025-05-26
B09MVR987G,2025-06-23
B09MVR987G,2025-07-21
B09MVR987G,2025-08-18
B09MVR987G,2025-09-15
B09MVR987G,2025-10-13
B09MVR987G,2025-11-10
B09MVR987G,2025-12-08
B09MVR987G,2026-01-05
B09MVR987G,2026-02-02
B09MVR987G,2026-03-02
B09N3J957H,2025-04-28
B09N3J957H,2025-05-26
B09N3J957H,2025-06-23
B09N3J957H,2025-07-21
B09N3J957H,2025-08-18
B09N3J957H,2025-09-15
B09N3J957H,2025-10-13
B09N3J957H,2025-11-10
B09N3J957H,2025-12-08
B09N3J957H,2026-01-05
B09N3J957H,2026-02-02
B09N3J957H,2026-03-02
B09N3KD9KY,2025-04-28
B09N3KD9KY,2025-05-26
B09N3KD9KY,2025-06-23
B09N3KD9KY,2025-07-21
B09N3KD9KY,2025-08-18
B09N3KD9KY,2025-09-15
B09N3KD9KY,2025-10-13
B09N3KD9KY,2025-11-10
B09N3KD9KY,2025-12-08
B09N3KD9KY,2026-01-05
B09N3KD9KY,2026-02-02
B09N3KD9KY,2026-03-02
B09N3L5V9K,2025-04-28
B09N3L5V9K,2025-05-26
B09N3L5V9K,2025-06-23
B09N3L5V9K,2025-07-21
B09N3L5V9K,2025-08-18
B09N3L5V9K,2025-09-15
B09N3L5V9K,2025-10-13
B09N3L5V9K,2025-11-10
B09N3L5V9K,2025-12-08
B09N3L5V9K,2026-01-05
B09N3L5V9K,2026-02-02
B09N3L5V9K,2026-03-02
B09N3LD7QZ,2025-04-28
B09N3LD7QZ,2025-05-26
B09N3LD7QZ,2025-06-23
B09N3LD7QZ,2025-07-21
B09N3LD7QZ,2025-08-18
B09N3LD7QZ,2025-09-15
B09N3LD7QZ,2025-10-13
B09N3LD7QZ,2025-11-10
B09N3LD7QZ,2025-12-08
B09N3LD7QZ,2026-01-05
B09N3LD7QZ,2026-02-02
B09N3LD7QZ,2026-03-02
B09N3LMW4K,2025-04-28
B09N3LMW4K,2025-05-26
B09N3LMW4K,2025-06-23
B09N3LMW4K,2025-07-21
B09N3LMW4K,2025-08-18
B09N3LMW4K,2025-09-15
B09N3LMW4K,2025-10-13
B09N3LMW4K,2025-11-10
B09N3LMW4K,2025-12-08
B09N3LMW4K,2026-01-05
B09N3LMW4K,2026-02-02
B09N3LMW4K,2026-03-02
B09N3M9V2W,2025-04-28
B09N3M9V2W,2025-05-26
B09N3M9V2W,2025-06-23
B09N3M9V2W,2025-07-21
B09N3M9V2W,2025-08-18
B09N3M9V2W,2025-09-15
B09N3M9V2W,2025-10-13
B09N3M9V2W,2025-11-10
B09N3M9V2W,2025-12-08
B09N3M9V2W,2026-01-05
B09N3M9V2W,2026-02-02
B09N3M9V2W,2026-03-02
B09N3P92LN,2025-04-28
B09N3P92LN,2025-05-26
B09N3P92LN,2025-06-23
B09N3P92LN,2025-07-21
B09N3P92LN,2025-08-18
B09N3P92LN,2025-09-15
B09N3P92LN,2025-10-13
B09N3P92LN,2025-11-10
B09N3P92LN,2025-12-08
B09N3P92LN,2026-01-05
B09N3P92LN,2026-02-02
B09N3P92LN,2026-03-02
B09N3Q9M9L,2025-04-28
B09N3Q9M9L,2025-05-26
B09N3Q9M9L,2025-06-23
B09N3Q9M9L,2025-07-21
B09N3Q9M9L,2025-08-18
B09N3Q9M9L,2025-09-15
B09N3Q9M9L,2025-10-13
B09N3Q9M9L,2025-11-10
B09N3Q9M9L,2025-12-08
B09N3Q9M9L,2026-01-05
B09N3Q9M9L,2026-02-02
B09N3Q9M9L,2026-03-02
B09N79WNGH,2025-04-28
B09N79WNGH,2025-05-26
B09N79WNGH,2025-06-23
B09N79WNGH,2025-07-21
B09N79WNGH,2025-08-18
B09N79WNGH,2025-09-15
B09N79WNGH,2025-10-13
B09N79WNGH,2025-11-10
B09N79WNGH,2025-12-08
B09N79WNGH,2026-01-05
B09N79WNGH,2026-02-02
B09N79WNGH,2026-03-02
B09NKCM8M6,2025-04-28
B09NKCM8M6,2025-05-26
B09NKCM8M6,2025-06-23
B09NKCM8M6,2025-07-21
B09NKCM8M6,2025-08-18
B09NKCM8M6,2025-09-15
B09NKCM8M6,2025-10-13
B09NKCM8M6,2025-11-10
B09NKCM8M6,2025-12-08
B09NKCM8M6,2026-01-05
B09NKCM8M6,2026-02-02
B09NKCM8M6,2026-03-02
B09NKHDQGK,2025-04-28
B09NKHDQGK,2025-05-26
B09NKHDQGK,2025-06-23
B09NKHDQGK,2025-07-21
B09NKHDQGK,2025-08-18
B09NKHDQGK,2025-09-15
B09NKHDQGK,2025-10-13
B09NKHDQGK,2025-11-10
B09NKHDQGK,2025-12-08
B09NKHDQGK,2026-01-05
B09NKHDQGK,2026-02-02
B09NKHDQGK,2026-03-02
B09NKMHRFH,2025-04-28
B09NKMHRFH,2025-05-26
B09NKMHRFH,2025-06-23
B09NKMHRFH,2025-07-21
B09NKMHRFH,2025-08-18
B09NKMHRFH,2025-09-15
B09NKMHRFH,2025-10-13
B09NKMHRFH,2025-11-10
B09NKMHRFH,2025-12-08
B09NKMHRFH,2026-01-05
B09NKMHRFH,2026-02-02
B09NKMHRFH,2026-03-02
B09NLL5XYH,2025-04-28
B09NLL5XYH,2025-05-26
B09NLL5XYH,2025-06-23
B09NLL5XYH,2025-07-21
B09NLL5XYH,2025-08-18
B09NLL5XYH,2025-09-15
B09NLL5XYH,2025-10-13
B09NLL5XYH,2025-11-10
B09NLL5XYH,2025-12-08
B09NLL5XYH,2026-01-05
B09NLL5XYH,2026-02-02
B09NLL5XYH,2026-03-02
B09NLLV14Q,2025-04-28
B09NLLV14Q,2025-05-26
B09NLLV14Q,2025-06-23
B09NLLV14Q,2025-07-21
B09NLLV14Q,2025-08-18
B09NLLV14Q,2025-09-15
B09NLLV14Q,2025-10-13
B09NLLV14Q,2025-11-10
B09NLLV14Q,2025-12-08
B09NLLV14Q,2026-01-05
B09NLLV14Q,2026-02-02
B09NLLV14Q,2026-03-02
B09NMJRX2M,2025-04-28
B09NMJRX2M,2025-05-26
B09NMJRX2M,2025-06-23
B09NMJRX2M,2025-07-21
B09NMJRX2M,2025-08-18
B09NMJRX2M,2025-09-15
B09NMJRX2M,2025-10-13
B09NMJRX2M,2025-11-10
B09NMJRX2M,2025-12-08
B09NMJRX2M,2026-01-05
B09NMJRX2M,2026-02-02
B09NMJRX2M,2026-03-02
B09NMJXD33,2025-04-28
B09NMJXD33,2025-05-26
B09NMJXD33,2025-06-23
B09NMJXD33,2025-07-21
B09NMJXD33,2025-08-18
B09NMJXD33,2025-09-15
B09NMJXD33,2025-10-13
B09NMJXD33,2025-11-10
B09NMJXD33,2025-12-08
B09NMJXD33,2026-01-05
B09NMJXD33,2026-02-02
B09NMJXD33,2026-03-02
B09NMKF6VM,2025-04-28
B09NMKF6VM,2025-05-26
B09NMKF6VM,2025-06-23
B09NMKF6VM,2025-07-21
B09NMKF6VM,2025-08-18
B09NMKF6VM,2025-09-15
B09NMKF6VM,2025-10-13
B09NMKF6VM,2025-11-10
B09NMKF6VM,2025-12-08
B09NMKF6VM,2026-01-05
B09NMKF6VM,2026-02-02
B09NMKF6VM,2026-03-02
B09NN3DQBD,2025-04-28
B09NN3DQBD,2025-05-26
B09NN3DQBD,2025-06-23
B09NN3DQBD,2025-07-21
B09NN3DQBD,2025-08-18
B09NN3DQBD,2025-09-15
B09NN3DQBD,2025-10-13
B09NN3DQBD,2025-11-10
B09NN3DQBD,2025-12-08
B09NN3DQBD,2026-01-05
B09NN3DQBD,2026-02-02
B09NN3DQBD,2026-03-02
B09NPQ52VD,2025-04-28
B09NPQ52VD,2025-05-26
B09NPQ52VD,2025-06-23
B09NPQ52VD,2025-07-21
B09NPQ52VD,2025-08-18
B09NPQ52VD,2025-09-15
B09NPQ52VD,2025-10-13
B09NPQ52VD,2025-11-10
B09NPQ52VD,2025-12-08
B09NPQ52VD,2026-01-05
B09NPQ52VD,2026-02-02
B09NPQ52VD,2026-03-02
B09NST2CPQ,2025-04-28
B09NST2CPQ,2025-05-26
B09NST2CPQ,2025-06-23
B09NST2CPQ,2025-07-21
B09NST2CPQ,2025-08-18
B09NST2CPQ,2025-09-15
B09NST2CPQ,2025-10-13
B09NST2CPQ,2025-11-10
B09NST2CPQ,2025-12-08
B09NST2CPQ,2026-01-05
B09NST2CPQ,2026-02-02
B09NST2CPQ,2026-03-02
B09NSTBFKD,2025-04-28
B09NSTBFKD,2025-05-26
B09NSTBFKD,2025-06-23
B09NSTBFKD,2025-07-21
B09NSTBFKD,2025-08-18
B09NSTBFKD,2025-09-15
B09NSTBFKD,2025-10-13
B09NSTBFKD,2025-11-10
B09NSTBFKD,2025-12-08
B09NSTBFKD,2026-01-05
B09NSTBFKD,2026-02-02
B09NSTBFKD,2026-03-02
B09NVL94TC,2025-04-28
B09NVL94TC,2025-05-26
B09NVL94TC,2025-06-23
B09NVL94TC,2025-07-21
B09NVL94TC,2025-08-18
B09NVL94TC,2025-09-15
B09NVL94TC,2025-10-13
B09NVL94TC,2025-11-10
B09NVL94TC,2025-12-08
B09NVL94TC,2026-01-05
B09NVL94TC,2026-02-02
B09NVL94TC,2026-03-02
B09P1BWMSX,2025-04-28
B09P1BWMSX,2025-05-26
B09P1BWMSX,2025-06-23
B09P1BWMSX,2025-07-21
B09P1BWMSX,2025-08-18
B09P1BWMSX,2025-09-15
B09P1BWMSX,2025-10-13
B09P1BWMSX,2025-11-10
B09P1BWMSX,2025-12-08
B09P1BWMSX,2026-01-05
B09P1BWMSX,2026-02-02
B09P1BWMSX,2026-03-02
B09P1BWSZ3,2025-04-28
B09P1BWSZ3,2025-05-26
B09P1BWSZ3,2025-06-23
B09P1BWSZ3,2025-07-21
B09P1BWSZ3,2025-08-18
B09P1BWSZ3,2025-09-15
B09P1BWSZ3,2025-10-13
B09P1BWSZ3,2025-11-10
B09P1BWSZ3,2025-12-08
B09P1BWSZ3,2026-01-05
B09P1BWSZ3,2026-02-02
B09P1BWSZ3,2026-03-02
B09P1CXH8B,2025-04-28
B09P1CXH8B,2025-05-26
B09P1CXH8B,2025-06-23
B09P1CXH8B,2025-07-21
B09P1CXH8B,2025-08-18
B09P1CXH8B,2025-09-15
B09P1CXH8B,2025-10-13
B09P1CXH8B,2025-11-10
B09P1CXH8B,2025-12-08
B09P1CXH8B,2026-01-05
B09P1CXH8B,2026-02-02
B09P1CXH8B,2026-03-02
B09P1DMR2M,2025-04-28
B09P1DMR2M,2025-05-26
B09P1DMR2M,2025-06-23
B09P1DMR2M,2025-07-21
B09P1DMR2M,2025-08-18
B09P1DMR2M,2025-09-15
B09P1DMR2M,2025-10-13
B09P1DMR2M,2025-11-10
B09P1DMR2M,2025-12-08
B09P1DMR2M,2026-01-05
B09P1DMR2M,2026-02-02
B09P1DMR2M,2026-03-02
B09P2X7H1V,2025-04-28
B09P2X7H1V,2025-05-26
B09P2X7H1V,2025-06-23
B09P2X7H1V,2025-07-21
B09P2X7H1V,2025-08-18
B09P2X7H1V,2025-09-15
B09P2X7H1V,2025-10-13
B09P2X7H1V,2025-11-10
B09P2X7H1V,2025-12-08
B09P2X7H1V,2026-01-05
B09P2X7H1V,2026-02-02
B09P2X7H1V,2026-03-02
B09P2XZ9GF,2025-04-28
B09P2XZ9GF,2025-05-26
B09P2XZ9GF,2025-06-23
B09P2XZ9GF,2025-07-21
B09P2XZ9GF,2025-08-18
B09P2XZ9GF,2025-09-15
B09P2XZ9GF,2025-10-13
B09P2XZ9GF,2025-11-10
B09P2XZ9GF,2025-12-08
B09P2XZ9GF,2026-01-05
B09P2XZ9GF,2026-02-02
B09P2XZ9GF,2026-03-02
B09P8633LF,2025-04-28
B09P8633LF,2025-05-26
B09P8633LF,2025-06-23
B09P8633LF,2025-07-21
B09P8633LF,2025-08-18
B09P8633LF,2025-09-15
B09P8633LF,2025-10-13
B09P8633LF,2025-11-10
B09P8633LF,2025-12-08
B09P8633LF,2026-01-05
B09P8633LF,2026-02-02
B09P8633LF,2026-03-02
B09PBRBNY9,2025-04-28
B09PBRBNY9,2025-05-26
B09PBRBNY9,2025-06-23
B09PBRBNY9,2025-07-21
B09PBRBNY9,2025-08-18
B09PBRBNY9,2025-09-15
B09PBRBNY9,2025-10-13
B09PBRBNY9,2025-11-10
B09PBRBNY9,2025-12-08
B09PBRBNY9,2026-01-05
B09PBRBNY9,2026-02-02
B09PBRBNY9,2026-03-02
B09PL71MK2,2025-04-28
B09PL71MK2,2025-05-26
B09PL71MK2,2025-06-23
B09PL71MK2,2025-07-21
B09PL71MK2,2025-08-18
B09PL71MK2,2025-09-15
B09PL71MK2,2025-10-13
B09PL71MK2,2025-11-10
B09PL71MK2,2025-12-08
B09PL71MK2,2026-01-05
B09PL71MK2,2026-02-02
B09PL71MK2,2026-03-02
B09PM8MXDN,2025-04-28
B09PM8MXDN,2025-05-26
B09PM8MXDN,2025-06-23
B09PM8MXDN,2025-07-21
B09PM8MXDN,2025-08-18
B09PM8MXDN,2025-09-15
B09PM8MXDN,2025-10-13
B09PM8MXDN,2025-11-10
B09PM8MXDN,2025-12-08
B09PM8MXDN,2026-01-05
B09PM8MXDN,2026-02-02
B09PM8MXDN,2026-03-02
B09PMDHYXS,2025-04-28
B09PMDHYXS,2025-05-26
B09PMDHYXS,2025-06-23
B09PMDHYXS,2025-07-21
B09PMDHYXS,2025-08-18
B09PMDHYXS,2025-09-15
B09PMDHYXS,2025-10-13
B09PMDHYXS,2025-11-10
B09PMDHYXS,2025-12-08
B09PMDHYXS,2026-01-05
B09PMDHYXS,2026-02-02
B09PMDHYXS,2026-03-02
B09Q312NKM,2025-04-28
B09Q312NKM,2025-05-26
B09Q312NKM,2025-06-23
B09Q312NKM,2025-07-21
B09Q312NKM,2025-08-18
B09Q312NKM,2025-09-15
B09Q312NKM,2025-10-13
B09Q312NKM,2025-11-10
B09Q312NKM,2025-12-08
B09Q312NKM,2026-01-05
B09Q312NKM,2026-02-02
B09Q312NKM,2026-03-02
B09Q38Z3WS,2025-04-28
B09Q38Z3WS,2025-05-26
B09Q38Z3WS,2025-06-23
B09Q38Z3WS,2025-07-21
B09Q38Z3WS,2025-08-18
B09Q38Z3WS,2025-09-15
B09Q38Z3WS,2025-10-13
B09Q38Z3WS,2025-11-10
B09Q38Z3WS,2025-12-08
B09Q38Z3WS,2026-01-05
B09Q38Z3WS,2026-02-02
B09Q38Z3WS,2026-03-02
B09QFRWL4Y,2025-04-28
B09QFRWL4Y,2025-05-26
B09QFRWL4Y,2025-06-23
B09QFRWL4Y,2025-07-21
B09QFRWL4Y,2025-08-18
B09QFRWL4Y,2025-09-15
B09QFRWL4Y,2025-10-13
B09QFRWL4Y,2025-11-10
B09QFRWL4Y,2025-12-08
B09QFRWL4Y,2026-01-05
B09QFRWL4Y,2026-02-02
B09QFRWL4Y,2026-03-02
B09QJNWW2J,2025-04-28
B09QJNWW2J,2025-05-26
B09QJNWW2J,2025-06-23
B09QJNWW2J,2025-07-21
B09QJNWW2J,2025-08-18
B09QJNWW2J,2025-09-15
B09QJNWW2J,2025-10-13
B09QJNWW2J,2025-11-10
B09QJNWW2J,2025-12-08
B09QJNWW2J,2026-01-05
B09QJNWW2J,2026-02-02
B09QJNWW2J,2026-03-02
B09QJPWW5V,2025-04-28
B09QJPWW5V,2025-05-26
B09QJPWW5V,2025-06-23
B09QJPWW5V,2025-07-21
B09QJPWW5V,2025-08-18
B09QJPWW5V,2025-09-15
B09QJPWW5V,2025-10-13
B09QJPWW5V,2025-11-10
B09QJPWW5V,2025-12-08
B09QJPWW5V,2026-01-05
B09QJPWW5V,2026-02-02
B09QJPWW5V,2026-03-02
B09QKWZYGM,2025-04-28
B09QKWZYGM,2025-05-26
B09QKWZYGM,2025-06-23
B09QKWZYGM,2025-07-21
B09QKWZYGM,2025-08-18
B09QKWZYGM,2025-09-15
B09QKWZYGM,2025-10-13
B09QKWZYGM,2025-11-10
B09QKWZYGM,2025-12-08
B09QKWZYGM,2026-01-05
B09QKWZYGM,2026-02-02
B09QKWZYGM,2026-03-02
B09QKX7SST,2025-04-28
B09QKX7SST,2025-05-26
B09QKX7SST,2025-06-23
B09QKX7SST,2025-07-21
B09QKX7SST,2025-08-18
B09QKX7SST,2025-09-15
B09QKX7SST,2025-10-13
B09QKX7SST,2025-11-10
B09QKX7SST,2025-12-08
B09QKX7SST,2026-01-05
B09QKX7SST,2026-02-02
B09QKX7SST,2026-03-02
B09QLYR9CC,2025-04-28
B09QLYR9CC,2025-05-26
B09QLYR9CC,2025-06-23
B09QLYR9CC,2025-07-21
B09QLYR9CC,2025-08-18
B09QLYR9CC,2025-09-15
B09QLYR9CC,2025-10-13
B09QLYR9CC,2025-11-10
B09QLYR9CC,2025-12-08
B09QLYR9CC,2026-01-05
B09QLYR9CC,2026-02-02
B09QLYR9CC,2026-03-02
B09QLYXD6K,2025-04-28
B09QLYXD6K,2025-05-26
B09QLYXD6K,2025-06-23
B09QLYXD6K,2025-07-21
B09QLYXD6K,2025-08-18
B09QLYXD6K,2025-09-15
B09QLYXD6K,2025-10-13
B09QLYXD6K,2025-11-10
B09QLYXD6K,2025-12-08
B09QLYXD6K,2026-01-05
B09QLYXD6K,2026-02-02
B09QLYXD6K,2026-03-02
B09QP9DDWK,2025-04-28
B09QP9DDWK,2025-05-26
B09QP9DDWK,2025-06-23
B09QP9DDWK,2025-07-21
B09QP9DDWK,2025-08-18
B09QP9DDWK,2025-09-15
B09QP9DDWK,2025-10-13
B09QP9DDWK,2025-11-10
B09QP9DDWK,2025-12-08
B09QP9DDWK,2026-01-05
B09QP9DDWK,2026-02-02
B09QP9DDWK,2026-03-02
B09QPLR1JB,2025-04-28
B09QPLR1JB,2025-05-26
B09QPLR1JB,2025-06-23
B09QPLR1JB,2025-07-21
B09QPLR1JB,2025-08-18
B09QPLR1JB,2025-09-15
B09QPLR1JB,2025-10-13
B09QPLR1JB,2025-11-10
B09QPLR1JB,2025-12-08
B09QPLR1JB,2026-01-05
B09QPLR1JB,2026-02-02
B09QPLR1JB,2026-03-02
B09QPQDJM2,2025-04-28
B09QPQDJM2,2025-05-26
B09QPQDJM2,2025-06-23
B09QPQDJM2,2025-07-21
B09QPQDJM2,2025-08-18
B09QPQDJM2,2025-09-15
B09QPQDJM2,2025-10-13
B09QPQDJM2,2025-11-10
B09QPQDJM2,2025-12-08
B09QPQDJM2,2026-01-05
B09QPQDJM2,2026-02-02
B09QPQDJM2,2026-03-02
B09QPRY9DW,2025-04-28
B09QPRY9DW,2025-05-26
B09QPRY9DW,2025-06-23
B09QPRY9DW,2025-07-21
B09QPRY9DW,2025-08-18
B09QPRY9DW,2025-09-15
B09QPRY9DW,2025-10-13
B09QPRY9DW,2025-11-10
B09QPRY9DW,2025-12-08
B09QPRY9DW,2026-01-05
B09QPRY9DW,2026-02-02
B09QPRY9DW,2026-03-02
B09QPVLZ9T,2025-04-28
B09QPVLZ9T,2025-05-26
B09QPVLZ9T,2025-06-23
B09QPVLZ9T,2025-07-21
B09QPVLZ9T,2025-08-18
B09QPVLZ9T,2025-09-15
B09QPVLZ9T,2025-10-13
B09QPVLZ9T,2025-11-10
B09QPVLZ9T,2025-12-08
B09QPVLZ9T,2026-01-05
B09QPVLZ9T,2026-02-02
B09QPVLZ9T,2026-03-02
B09QPXHFPB,2025-04-28
B09QPXHFPB,2025-05-26
B09QPXHFPB,2025-06-23
B09QPXHFPB,2025-07-21
B09QPXHFPB,2025-08-18
B09QPXHFPB,2025-09-15
B09QPXHFPB,2025-10-13
B09QPXHFPB,2025-11-10
B09QPXHFPB,2025-12-08
B09QPXHFPB,2026-01-05
B09QPXHFPB,2026-02-02
B09QPXHFPB,2026-03-02
B09QQ5X4T8,2025-04-28
B09QQ5X4T8,2025-05-26
B09QQ5X4T8,2025-06-23
B09QQ5X4T8,2025-07-21
B09QQ5X4T8,2025-08-18
B09QQ5X4T8,2025-09-15
B09QQ5X4T8,2025-10-13
B09QQ5X4T8,2025-11-10
B09QQ5X4T8,2025-12-08
B09QQ5X4T8,2026-01-05
B09QQ5X4T8,2026-02-02
B09QQ5X4T8,2026-03-02
B09QWFY6PM,2025-04-28
B09QWFY6PM,2025-05-26
B09QWFY6PM,2025-06-23
B09QWFY6PM,2025-07-21
B09QWFY6PM,2025-08-18
B09QWFY6PM,2025-09-15
B09QWFY6PM,2025-10-13
B09QWFY6PM,2025-11-10
B09QWFY6PM,2025-12-08
B09QWFY6PM,2026-01-05
B09QWFY6PM,2026-02-02
B09QWFY6PM,2026-03-02
B09RTD9N4P,2025-04-28
B09RTD9N4P,2025-05-26
B09RTD9N4P,2025-06-23
B09RTD9N4P,2025-07-21
B09RTD9N4P,2025-08-18
B09RTD9N4P,2025-09-15
B09RTD9N4P,2025-10-13
B09RTD9N4P,2025-11-10
B09RTD9N4P,2025-12-08
B09RTD9N4P,2026-01-05
B09RTD9N4P,2026-02-02
B09RTD9N4P,2026-03-02
B09S3DZQLZ,2025-04-28
B09S3DZQLZ,2025-05-26
B09S3DZQLZ,2025-06-23
B09S3DZQLZ,2025-07-21
B09S3DZQLZ,2025-08-18
B09S3DZQLZ,2025-09-15
B09S3DZQLZ,2025-10-13
B09S3DZQLZ,2025-11-10
B09S3DZQLZ,2025-12-08
B09S3DZQLZ,2026-01-05
B09S3DZQLZ,2026-02-02
B09S3DZQLZ,2026-03-02
B09S3HSQYB,2025-04-28
B09S3HSQYB,2025-05-26
B09S3HSQYB,2025-06-23
B09S3HSQYB,2025-07-21
B09S3HSQYB,2025-08-18
B09S3HSQYB,2025-09-15
B09S3HSQYB,2025-10-13
B09S3HSQYB,2025-11-10
B09S3HSQYB,2025-12-08
B09S3HSQYB,2026-01-05
B09S3HSQYB,2026-02-02
B09S3HSQYB,2026-03-02
B09S92922R,2025-04-28
B09S92922R,2025-05-26
B09S92922R,2025-06-23
B09S92922R,2025-07-21
B09S92922R,2025-08-18
B09S92922R,2025-09-15
B09S92922R,2025-10-13
B09S92922R,2025-11-10
B09S92922R,2025-12-08
B09S92922R,2026-01-05
B09S92922R,2026-02-02
B09S92922R,2026-03-02
B09S9XPCDR,2025-04-28
B09S9XPCDR,2025-05-26
B09S9XPCDR,2025-06-23
B09S9XPCDR,2025-07-21
B09S9XPCDR,2025-08-18
B09S9XPCDR,2025-09-15
B09S9XPCDR,2025-10-13
B09S9XPCDR,2025-11-10
B09S9XPCDR,2025-12-08
B09S9XPCDR,2026-01-05
B09S9XPCDR,2026-02-02
B09S9XPCDR,2026-03-02
B09SBC335N,2025-04-28
B09SBC335N,2025-05-26
B09SBC335N,2025-06-23
B09SBC335N,2025-07-21
B09SBC335N,2025-08-18
B09SBC335N,2025-09-15
B09SBC335N,2025-10-13
B09SBC335N,2025-11-10
B09SBC335N,2025-12-08
B09SBC335N,2026-01-05
B09SBC335N,2026-02-02
B09SBC335N,2026-03-02
B09SCQSB3K,2025-04-28
B09SCQSB3K,2025-05-26
B09SCQSB3K,2025-06-23
B09SCQSB3K,2025-07-21
B09SCQSB3K,2025-08-18
B09SCQSB3K,2025-09-15
B09SCQSB3K,2025-10-13
B09SCQSB3K,2025-11-10
B09SCQSB3K,2025-12-08
B09SCQSB3K,2026-01-05
B09SCQSB3K,2026-02-02
B09SCQSB3K,2026-03-02
B09SCZMRH4,2025-04-28
B09SCZMRH4,2025-05-26
B09SCZMRH4,2025-06-23
B09SCZMRH4,2025-07-21
B09SCZMRH4,2025-08-18
B09SCZMRH4,2025-09-15
B09SCZMRH4,2025-10-13
B09SCZMRH4,2025-11-10
B09SCZMRH4,2025-12-08
B09SCZMRH4,2026-01-05
B09SCZMRH4,2026-02-02
B09SCZMRH4,2026-03-02
B09SVRLY5D,2025-04-28
B09SVRLY5D,2025-05-26
B09SVRLY5D,2025-06-23
B09SVRLY5D,2025-07-21
B09SVRLY5D,2025-08-18
B09SVRLY5D,2025-09-15
B09SVRLY5D,2025-10-13
B09SVRLY5D,2025-11-10
B09SVRLY5D,2025-12-08
B09SVRLY5D,2026-01-05
B09SVRLY5D,2026-02-02
B09SVRLY5D,2026-03-02
B09SVSP6RD,2025-04-28
B09SVSP6RD,2025-05-26
B09SVSP6RD,2025-06-23
B09SVSP6RD,2025-07-21
B09SVSP6RD,2025-08-18
B09SVSP6RD,2025-09-15
B09SVSP6RD,2025-10-13
B09SVSP6RD,2025-11-10
B09SVSP6RD,2025-12-08
B09SVSP6RD,2026-01-05
B09SVSP6RD,2026-02-02
B09SVSP6RD,2026-03-02
B09SWLR97S,2025-04-28
B09SWLR97S,2025-05-26
B09SWLR97S,2025-06-23
B09SWLR97S,2025-07-21
B09SWLR97S,2025-08-18
B09SWLR97S,2025-09-15
B09SWLR97S,2025-10-13
B09SWLR97S,2025-11-10
B09SWLR97S,2025-12-08
B09SWLR97S,2026-01-05
B09SWLR97S,2026-02-02
B09SWLR97S,2026-03-02
B09T9RXRWR,2025-04-28
B09T9RXRWR,2025-05-26
B09T9RXRWR,2025-06-23
B09T9RXRWR,2025-07-21
B09T9RXRWR,2025-08-18
B09T9RXRWR,2025-09-15
B09T9RXRWR,2025-10-13
B09T9RXRWR,2025-11-10
B09T9RXRWR,2025-12-08
B09T9RXRWR,2026-01-05
B09T9RXRWR,2026-02-02
B09T9RXRWR,2026-03-02
B09T9V1STY,2025-04-28
B09T9V1STY,2025-05-26
B09T9V1STY,2025-06-23
B09T9V1STY,2025-07-21
B09T9V1STY,2025-08-18
B09T9V1STY,2025-09-15
B09T9V1STY,2025-10-13
B09T9V1STY,2025-11-10
B09T9V1STY,2025-12-08
B09T9V1STY,2026-01-05
B09T9V1STY,2026-02-02
B09T9V1STY,2026-03-02
B09T9Y9Q5W,2025-04-28
B09T9Y9Q5W,2025-05-26
B09T9Y9Q5W,2025-06-23
B09T9Y9Q5W,2025-07-21
B09T9Y9Q5W,2025-08-18
B09T9Y9Q5W,2025-09-15
B09T9Y9Q5W,2025-10-13
B09T9Y9Q5W,2025-11-10
B09T9Y9Q5W,2025-12-08
B09T9Y9Q5W,2026-01-05
B09T9Y9Q5W,2026-02-02
B09T9Y9Q5W,2026-03-02
B09TDM1CD5,2025-04-28
B09TDM1CD5,2025-05-26
B09TDM1CD5,2025-06-23
B09TDM1CD5,2025-07-21
B09TDM1CD5,2025-08-18
B09TDM1CD5,2025-09-15
B09TDM1CD5,2025-10-13
B09TDM1CD5,2025-11-10
B09TDM1CD5,2025-12-08
B09TDM1CD5,2026-01-05
B09TDM1CD5,2026-02-02
B09TDM1CD5,2026-03-02
B09TH1RRG8,2025-04-28
B09TH1RRG8,2025-05-26
B09TH1RRG8,2025-06-23
B09TH1RRG8,2025-07-21
B09TH1RRG8,2025-08-18
B09TH1RRG8,2025-09-15
B09TH1RRG8,2025-10-13
B09TH1RRG8,2025-11-10
B09TH1RRG8,2025-12-08
B09TH1RRG8,2026-01-05
B09TH1RRG8,2026-02-02
B09TH1RRG8,2026-03-02
B09TH4CTBL,2025-04-28
B09TH4CTBL,2025-05-26
B09TH4CTBL,2025-06-23
B09TH4CTBL,2025-07-21
B09TH4CTBL,2025-08-18
B09TH4CTBL,2025-09-15
B09TH4CTBL,2025-10-13
B09TH4CTBL,2025-11-10
B09TH4CTBL,2025-12-08
B09TH4CTBL,2026-01-05
B09TH4CTBL,2026-02-02
B09TH4CTBL,2026-03-02
B09TW7K7XJ,2025-04-28
B09TW7K7XJ,2025-05-26
B09TW7K7XJ,2025-06-23
B09TW7K7XJ,2025-07-21
B09TW7K7XJ,2025-08-18
B09TW7K7XJ,2025-09-15
B09TW7K7XJ,2025-10-13
B09TW7K7XJ,2025-11-10
B09TW7K7XJ,2025-12-08
B09TW7K7XJ,2026-01-05
B09TW7K7XJ,2026-02-02
B09TW7K7XJ,2026-03-02
B09TW95VZL,2025-04-28
B09TW95VZL,2025-05-26
B09TW95VZL,2025-06-23
B09TW95VZL,2025-07-21
B09TW95VZL,2025-08-18
B09TW95VZL,2025-09-15
B09TW95VZL,2025-10-13
B09TW95VZL,2025-11-10
B09TW95VZL,2025-12-08
B09TW95VZL,2026-01-05
B09TW95VZL,2026-02-02
B09TW95VZL,2026-03-02
B09TZQF8ZN,2025-04-28
B09TZQF8ZN,2025-05-26
B09TZQF8ZN,2025-06-23
B09TZQF8ZN,2025-07-21
B09TZQF8ZN,2025-08-18
B09TZQF8ZN,2025-09-15
B09TZQF8ZN,2025-10-13
B09TZQF8ZN,2025-11-10
B09TZQF8ZN,2025-12-08
B09TZQF8ZN,2026-01-05
B09TZQF8ZN,2026-02-02
B09TZQF8ZN,2026-03-02
B09TZQWH4Y,2025-04-28
B09TZQWH4Y,2025-05-26
B09TZQWH4Y,2025-06-23
B09TZQWH4Y,2025-07-21
B09TZQWH4Y,2025-08-18
B09TZQWH4Y,2025-09-15
B09TZQWH4Y,2025-10-13
B09TZQWH4Y,2025-11-10
B09TZQWH4Y,2025-12-08
B09TZQWH4Y,2026-01-05
B09TZQWH4Y,2026-02-02
B09TZQWH4Y,2026-03-02
B09TZR8MZL,2025-04-28
B09TZR8MZL,2025-05-26
B09TZR8MZL,2025-06-23
B09TZR8MZL,2025-07-21
B09TZR8MZL,2025-08-18
B09TZR8MZL,2025-09-15
B09TZR8MZL,2025-10-13
B09TZR8MZL,2025-11-10
B09TZR8MZL,2025-12-08
B09TZR8MZL,2026-01-05
B09TZR8MZL,2026-02-02
B09TZR8MZL,2026-03-02
B09TZYFBC4,2025-04-28
B09TZYFBC4,2025-05-26
B09TZYFBC4,2025-06-23
B09TZYFBC4,2025-07-21
B09TZYFBC4,2025-08-18
B09TZYFBC4,2025-09-15
B09TZYFBC4,2025-10-13
B09TZYFBC4,2025-11-10
B09TZYFBC4,2025-12-08
B09TZYFBC4,2026-01-05
B09TZYFBC4,2026-02-02
B09TZYFBC4,2026-03-02
B09VDKVQHF,2025-04-28
B09VDKVQHF,2025-05-26
B09VDKVQHF,2025-06-23
B09VDKVQHF,2025-07-21
B09VDKVQHF,2025-08-18
B09VDKVQHF,2025-09-15
B09VDKVQHF,2025-10-13
B09VDKVQHF,2025-11-10
B09VDKVQHF,2025-12-08
B09VDKVQHF,2026-01-05
B09VDKVQHF,2026-02-02
B09VDKVQHF,2026-03-02
B09VDMJD2S,2025-04-28
B09VDMJD2S,2025-05-26
B09VDMJD2S,2025-06-23
B09VDMJD2S,2025-07-21
B09VDMJD2S,2025-08-18
B09VDMJD2S,2025-09-15
B09VDMJD2S,2025-10-13
B09VDMJD2S,2025-11-10
B09VDMJD2S,2025-12-08
B09VDMJD2S,2026-01-05
B09VDMJD2S,2026-02-02
B09VDMJD2S,2026-03-02
B09VP4QK5Y,2025-04-28
B09VP4QK5Y,2025-05-26
B09VP4QK5Y,2025-06-23
B09VP4QK5Y,2025-07-21
B09VP4QK5Y,2025-08-18
B09VP4QK5Y,2025-09-15
B09VP4QK5Y,2025-10-13
B09VP4QK5Y,2025-11-10
B09VP4QK5Y,2025-12-08
B09VP4QK5Y,2026-01-05
B09VP4QK5Y,2026-02-02
B09VP4QK5Y,2026-03-02
B09VP657XB,2025-04-28
B09VP657XB,2025-05-26
B09VP657XB,2025-06-23
B09VP657XB,2025-07-21
B09VP657XB,2025-08-18
B09VP657XB,2025-09-15
B09VP657XB,2025-10-13
B09VP657XB,2025-11-10
B09VP657XB,2025-12-08
B09VP657XB,2026-01-05
B09VP657XB,2026-02-02
B09VP657XB,2026-03-02
B09VP7LYGN,2025-04-28
B09VP7LYGN,2025-05-26
B09VP7LYGN,2025-06-23
B09VP7LYGN,2025-07-21
B09VP7LYGN,2025-08-18
B09VP7LYGN,2025-09-15
B09VP7LYGN,2025-10-13
B09VP7LYGN,2025-11-10
B09VP7LYGN,2025-12-08
B09VP7LYGN,2026-01-05
B09VP7LYGN,2026-02-02
B09VP7LYGN,2026-03-02
B09VPG56G1,2025-04-28
B09VPG56G1,2025-05-26
B09VPG56G1,2025-06-23
B09VPG56G1,2025-07-21
B09VPG56G1,2025-08-18
B09VPG56G1,2025-09-15
B09VPG56G1,2025-10-13
B09VPG56G1,2025-11-10
B09VPG56G1,2025-12-08
B09VPG56G1,2026-01-05
B09VPG56G1,2026-02-02
B09VPG56G1,2026-03-02
B09VRSNS8J,2025-04-28
B09VRSNS8J,2025-05-26
B09VRSNS8J,2025-06-23
B09VRSNS8J,2025-07-21
B09VRSNS8J,2025-08-18
B09VRSNS8J,2025-09-15
B09VRSNS8J,2025-10-13
B09VRSNS8J,2025-11-10
B09VRSNS8J,2025-12-08
B09VRSNS8J,2026-01-05
B09VRSNS8J,2026-02-02
B09VRSNS8J,2026-03-02
B09VRX15K5,2025-04-28
B09VRX15K5,2025-05-26
B09VRX15K5,2025-06-23
B09VRX15K5,2025-07-21
B09VRX15K5,2025-08-18
B09VRX15K5,2025-09-15
B09VRX15K5,2025-10-13
B09VRX15K5,2025-11-10
B09VRX15K5,2025-12-08
B09VRX15K5,2026-01-05
B09VRX15K5,2026-02-02
B09VRX15K5,2026-03-02
B09VSVBB2Y,2025-04-28
B09VSVBB2Y,2025-05-26
B09VSVBB2Y,2025-06-23
B09VSVBB2Y,2025-07-21
B09VSVBB2Y,2025-08-18
B09VSVBB2Y,2025-09-15
B09VSVBB2Y,2025-10-13
B09VSVBB2Y,2025-11-10
B09VSVBB2Y,2025-12-08
B09VSVBB2Y,2026-01-05
B09VSVBB2Y,2026-02-02
B09VSVBB2Y,2026-03-02
B09VT9F2RL,2025-04-28
B09VT9F2RL,2025-05-26
B09VT9F2RL,2025-06-23
B09VT9F2RL,2025-07-21
B09VT9F2RL,2025-08-18
B09VT9F2RL,2025-09-15
B09VT9F2RL,2025-10-13
B09VT9F2RL,2025-11-10
B09VT9F2RL,2025-12-08
B09VT9F2RL,2026-01-05
B09VT9F2RL,2026-02-02
B09VT9F2RL,2026-03-02
B09VZ4PNTG,2025-04-28
B09VZ4PNTG,2025-05-26
B09VZ4PNTG,2025-06-23
B09VZ4PNTG,2025-07-21
B09VZ4PNTG,2025-08-18
B09VZ4PNTG,2025-09-15
B09VZ4PNTG,2025-10-13
B09VZ4PNTG,2025-11-10
B09VZ4PNTG,2025-12-08
B09VZ4PNTG,2026-01-05
B09VZ4PNTG,2026-02-02
B09VZ4PNTG,2026-03-02
B09W2MBFQD,2025-04-28
B09W2MBFQD,2025-05-26
B09W2MBFQD,2025-06-23
B09W2MBFQD,2025-07-21
B09W2MBFQD,2025-08-18
B09W2MBFQD,2025-09-15
B09W2MBFQD,2025-10-13
B09W2MBFQD,2025-11-10
B09W2MBFQD,2025-12-08
B09W2MBFQD,2026-01-05
B09W2MBFQD,2026-02-02
B09W2MBFQD,2026-03-02
B09W2P43PG,2025-04-28
B09W2P43PG,2025-05-26
B09W2P43PG,2025-06-23
B09W2P43PG,2025-07-21
B09W2P43PG,2025-08-18
B09W2P43PG,2025-09-15
B09W2P43PG,2025-10-13
B09W2P43PG,2025-11-10
B09W2P43PG,2025-12-08
B09W2P43PG,2026-01-05
B09W2P43PG,2026-02-02
B09W2P43PG,2026-03-02
B09W2QSBJS,2025-04-28
B09W2QSBJS,2025-05-26
B09W2QSBJS,2025-06-23
B09W2QSBJS,2025-07-21
B09W2QSBJS,2025-08-18
B09W2QSBJS,2025-09-15
B09W2QSBJS,2025-10-13
B09W2QSBJS,2025-11-10
B09W2QSBJS,2025-12-08
B09W2QSBJS,2026-01-05
B09W2QSBJS,2026-02-02
B09W2QSBJS,2026-03-02
B09W9NBF68,2025-04-28
B09W9NBF68,2025-05-26
B09W9NBF68,2025-06-23
B09W9NBF68,2025-07-21
B09W9NBF68,2025-08-18
B09W9NBF68,2025-09-15
B09W9NBF68,2025-10-13
B09W9NBF68,2025-11-10
B09W9NBF68,2025-12-08
B09W9NBF68,2026-01-05
B09W9NBF68,2026-02-02
B09W9NBF68,2026-03-02
B09WDHZWY8,2025-04-28
B09WDHZWY8,2025-05-26
B09WDHZWY8,2025-06-23
B09WDHZWY8,2025-07-21
B09WDHZWY8,2025-08-18
B09WDHZWY8,2025-09-15
B09WDHZWY8,2025-10-13
B09WDHZWY8,2025-11-10
B09WDHZWY8,2025-12-08
B09WDHZWY8,2026-01-05
B09WDHZWY8,2026-02-02
B09WDHZWY8,2026-03-02
B09WGRSZLQ,2025-04-28
B09WGRSZLQ,2025-05-26
B09WGRSZLQ,2025-06-23
B09WGRSZLQ,2025-07-21
B09WGRSZLQ,2025-08-18
B09WGRSZLQ,2025-09-15
B09WGRSZLQ,2025-10-13
B09WGRSZLQ,2025-11-10
B09WGRSZLQ,2025-12-08
B09WGRSZLQ,2026-01-05
B09WGRSZLQ,2026-02-02
B09WGRSZLQ,2026-03-02
B09WGTJH98,2025-04-28
B09WGTJH98,2025-05-26
B09WGTJH98,2025-06-23
B09WGTJH98,2025-07-21
B09WGTJH98,2025-08-18
B09WGTJH98,2025-09-15
B09WGTJH98,2025-10-13
B09WGTJH98,2025-11-10
B09WGTJH98,2025-12-08
B09WGTJH98,2026-01-05
B09WGTJH98,2026-02-02
B09WGTJH98,2026-03-02
B09WHDZ49Q,2025-04-28
B09WHDZ49Q,2025-05-26
B09WHDZ49Q,2025-06-23
B09WHDZ49Q,2025-07-21
B09WHDZ49Q,2025-08-18
B09WHDZ49Q,2025-09-15
B09WHDZ49Q,2025-10-13
B09WHDZ49Q,2025-11-10
B09WHDZ49Q,2025-12-08
B09WHDZ49Q,2026-01-05
B09WHDZ49Q,2026-02-02
B09WHDZ49Q,2026-03-02
B09WHT4D9R,2025-04-28
B09WHT4D9R,2025-05-26
B09WHT4D9R,2025-06-23
B09WHT4D9R,2025-07-21
B09WHT4D9R,2025-08-18
B09WHT4D9R,2025-09-15
B09WHT4D9R,2025-10-13
B09WHT4D9R,2025-11-10
B09WHT4D9R,2025-12-08
B09WHT4D9R,2026-01-05
B09WHT4D9R,2026-02-02
B09WHT4D9R,2026-03-02
B09WJ4YYHC,2025-04-28
B09WJ4YYHC,2025-05-26
B09WJ4YYHC,2025-06-23
B09WJ4YYHC,2025-07-21
B09WJ4YYHC,2025-08-18
B09WJ4YYHC,2025-09-15
B09WJ4YYHC,2025-10-13
B09WJ4YYHC,2025-11-10
B09WJ4YYHC,2025-12-08
B09WJ4YYHC,2026-01-05
B09WJ4YYHC,2026-02-02
B09WJ4YYHC,2026-03-02
B09WML6KHL,2025-04-28
B09WML6KHL,2025-05-26
B09WML6KHL,2025-06-23
B09WML6KHL,2025-07-21
B09WML6KHL,2025-08-18
B09WML6KHL,2025-09-15
B09WML6KHL,2025-10-13
B09WML6KHL,2025-11-10
B09WML6KHL,2025-12-08
B09WML6KHL,2026-01-05
B09WML6KHL,2026-02-02
B09WML6KHL,2026-03-02
B09WZFDBT5,2025-04-28
B09WZFDBT5,2025-05-26
B09WZFDBT5,2025-06-23
B09WZFDBT5,2025-07-21
B09WZFDBT5,2025-08-18
B09WZFDBT5,2025-09-15
B09WZFDBT5,2025-10-13
B09WZFDBT5,2025-11-10
B09WZFDBT5,2025-12-08
B09WZFDBT5,2026-01-05
B09WZFDBT5,2026-02-02
B09WZFDBT5,2026-03-02
B09X2TTRSW,2025-04-28
B09X2TTRSW,2025-05-26
B09X2TTRSW,2025-06-23
B09X2TTRSW,2025-07-21
B09X2TTRSW,2025-08-18
B09X2TTRSW,2025-09-15
B09X2TTRSW,2025-10-13
B09X2TTRSW,2025-11-10
B09X2TTRSW,2025-12-08
B09X2TTRSW,2026-01-05
B09X2TTRSW,2026-02-02
B09X2TTRSW,2026-03-02
B09X3XHFDF,2025-04-28
B09X3XHFDF,2025-05-26
B09X3XHFDF,2025-06-23
B09X3XHFDF,2025-07-21
B09X3XHFDF,2025-08-18
B09X3XHFDF,2025-09-15
B09X3XHFDF,2025-10-13
B09X3XHFDF,2025-11-10
B09X3XHFDF,2025-12-08
B09X3XHFDF,2026-01-05
B09X3XHFDF,2026-02-02
B09X3XHFDF,2026-03-02
B09X3Z12YS,2025-04-28
B09X3Z12YS,2025-05-26
B09X3Z12YS,2025-06-23
B09X3Z12YS,2025-07-21
B09X3Z12YS,2025-08-18
B09X3Z12YS,2025-09-15
B09X3Z12YS,2025-10-13
B09X3Z12YS,2025-11-10
B09X3Z12YS,2025-12-08
B09X3Z12YS,2026-01-05
B09X3Z12YS,2026-02-02
B09X3Z12YS,2026-03-02
B09X41J1BF,2025-04-28
B09X41J1BF,2025-05-26
B09X41J1BF,2025-06-23
B09X41J1BF,2025-07-21
B09X41J1BF,2025-08-18
B09X41J1BF,2025-09-15
B09X41J1BF,2025-10-13
B09X41J1BF,2025-11-10
B09X41J1BF,2025-12-08
B09X41J1BF,2026-01-05
B09X41J1BF,2026-02-02
B09X41J1BF,2026-03-02
B09X9TDSW1,2025-04-28
B09X9TDSW1,2025-05-26
B09X9TDSW1,2025-06-23
B09X9TDSW1,2025-07-21
B09X9TDSW1,2025-08-18
B09X9TDSW1,2025-09-15
B09X9TDSW1,2025-10-13
B09X9TDSW1,2025-11-10
B09X9TDSW1,2025-12-08
B09X9TDSW1,2026-01-05
B09X9TDSW1,2026-02-02
B09X9TDSW1,2026-03-02
B09X9V253S,2025-04-28
B09X9V253S,2025-05-26
B09X9V253S,2025-06-23
B09X9V253S,2025-07-21
B09X9V253S,2025-08-18
B09X9V253S,2025-09-15
B09X9V253S,2025-10-13
B09X9V253S,2025-11-10
B09X9V253S,2025-12-08
B09X9V253S,2026-01-05
B09X9V253S,2026-02-02
B09X9V253S,2026-03-02
B09X9VWJQR,2025-04-28
B09X9VWJQR,2025-05-26
B09X9VWJQR,2025-06-23
B09X9VWJQR,2025-07-21
B09X9VWJQR,2025-08-18
B09X9VWJQR,2025-09-15
B09X9VWJQR,2025-10-13
B09X9VWJQR,2025-11-10
B09X9VWJQR,2025-12-08
B09X9VWJQR,2026-01-05
B09X9VWJQR,2026-02-02
B09X9VWJQR,2026-03-02
B09XHMMQJ2,2025-04-28
B09XHMMQJ2,2025-05-26
B09XHMMQJ2,2025-06-23
B09XHMMQJ2,2025-07-21
B09XHMMQJ2,2025-08-18
B09XHMMQJ2,2025-09-15
B09XHMMQJ2,2025-10-13
B09XHMMQJ2,2025-11-10
B09XHMMQJ2,2025-12-08
B09XHMMQJ2,2026-01-05
B09XHMMQJ2,2026-02-02
B09XHMMQJ2,2026-03-02
B09XJ7MWPM,2025-04-28
B09XJ7MWPM,2025-05-26
B09XJ7MWPM,2025-06-23
B09XJ7MWPM,2025-07-21
B09XJ7MWPM,2025-08-18
B09XJ7MWPM,2025-09-15
B09XJ7MWPM,2025-10-13
B09XJ7MWPM,2025-11-10
B09XJ7MWPM,2025-12-08
B09XJ7MWPM,2026-01-05
B09XJ7MWPM,2026-02-02
B09XJ7MWPM,2026-03-02
B09XKL29NC,2025-04-28
B09XKL29NC,2025-05-26
B09XKL29NC,2025-06-23
B09XKL29NC,2025-07-21
B09XKL29NC,2025-08-18
B09XKL29NC,2025-09-15
B09XKL29NC,2025-10-13
B09XKL29NC,2025-11-10
B09XKL29NC,2025-12-08
B09XKL29NC,2026-01-05
B09XKL29NC,2026-02-02
B09XKL29NC,2026-03-02
B09XLJKRY2,2025-04-28
B09XLJKRY2,2025-05-26
B09XLJKRY2,2025-06-23
B09XLJKRY2,2025-07-21
B09XLJKRY2,2025-08-18
B09XLJKRY2,2025-09-15
B09XLJKRY2,2025-10-13
B09XLJKRY2,2025-11-10
B09XLJKRY2,2025-12-08
B09XLJKRY2,2026-01-05
B09XLJKRY2,2026-02-02
B09XLJKRY2,2026-03-02
B09XQ75JF2,2025-04-28
B09XQ75JF2,2025-05-26
B09XQ75JF2,2025-06-23
B09XQ75JF2,2025-07-21
B09XQ75JF2,2025-08-18
B09XQ75JF2,2025-09-15
B09XQ75JF2,2025-10-13
B09XQ75JF2,2025-11-10
B09XQ75JF2,2025-12-08
B09XQ75JF2,2026-01-05
B09XQ75JF2,2026-02-02
B09XQ75JF2,2026-03-02
B09Y1R2J4L,2025-04-28
B09Y1R2J4L,2025-05-26
B09Y1R2J4L,2025-06-23
B09Y1R2J4L,2025-07-21
B09Y1R2J4L,2025-08-18
B09Y1R2J4L,2025-09-15
B09Y1R2J4L,2025-10-13
B09Y1R2J4L,2025-11-10
B09Y1R2J4L,2025-12-08
B09Y1R2J4L,2026-01-05
B09Y1R2J4L,2026-02-02
B09Y1R2J4L,2026-03-02
B09Y1X3DCW,2025-04-28
B09Y1X3DCW,2025-05-26
B09Y1X3DCW,2025-06-23
B09Y1X3DCW,2025-07-21
B09Y1X3DCW,2025-08-18
B09Y1X3DCW,2025-09-15
B09Y1X3DCW,2025-10-13
B09Y1X3DCW,2025-11-10
B09Y1X3DCW,2025-12-08
B09Y1X3DCW,2026-01-05
B09Y1X3DCW,2026-02-02
B09Y1X3DCW,2026-03-02
B09Y1XWZWJ,2025-04-28
B09Y1XWZWJ,2025-05-26
B09Y1XWZWJ,2025-06-23
B09Y1XWZWJ,2025-07-21
B09Y1XWZWJ,2025-08-18
B09Y1XWZWJ,2025-09-15
B09Y1XWZWJ,2025-10-13
B09Y1XWZWJ,2025-11-10
B09Y1XWZWJ,2025-12-08
B09Y1XWZWJ,2026-01-05
B09Y1XWZWJ,2026-02-02
B09Y1XWZWJ,2026-03-02
B09YC4LPTJ,2025-04-28
B09YC4LPTJ,2025-05-26
B09YC4LPTJ,2025-06-23
B09YC4LPTJ,2025-07-21
B09YC4LPTJ,2025-08-18
B09YC4LPTJ,2025-09-15
B09YC4LPTJ,2025-10-13
B09YC4LPTJ,2025-11-10
B09YC4LPTJ,2025-12-08
B09YC4LPTJ,2026-01-05
B09YC4LPTJ,2026-02-02
B09YC4LPTJ,2026-03-02
B09YCDVWV7,2025-04-28
B09YCDVWV7,2025-05-26
B09YCDVWV7,2025-06-23
B09YCDVWV7,2025-07-21
B09YCDVWV7,2025-08-18
B09YCDVWV7,2025-09-15
B09YCDVWV7,2025-10-13
B09YCDVWV7,2025-11-10
B09YCDVWV7,2025-12-08
B09YCDVWV7,2026-01-05
B09YCDVWV7,2026-02-02
B09YCDVWV7,2026-03-02
B09YDCD27N,2025-04-28
B09YDCD27N,2025-05-26
B09YDCD27N,2025-06-23
B09YDCD27N,2025-07-21
B09YDCD27N,2025-08-18
B09YDCD27N,2025-09-15
B09YDCD27N,2025-10-13
B09YDCD27N,2025-11-10
B09YDCD27N,2025-12-08
B09YDCD27N,2026-01-05
B09YDCD27N,2026-02-02
B09YDCD27N,2026-03-02
B09YGWBZ23,2025-04-28
B09YGWBZ23,2025-05-26
B09YGWBZ23,2025-06-23
B09YGWBZ23,2025-07-21
B09YGWBZ23,2025-08-18
B09YGWBZ23,2025-09-15
B09YGWBZ23,2025-10-13
B09YGWBZ23,2025-11-10
B09YGWBZ23,2025-12-08
B09YGWBZ23,2026-01-05
B09YGWBZ23,2026-02-02
B09YGWBZ23,2026-03-02
B09YH4FMRZ,2025-04-28
B09YH4FMRZ,2025-05-26
B09YH4FMRZ,2025-06-23
B09YH4FMRZ,2025-07-21
B09YH4FMRZ,2025-08-18
B09YH4FMRZ,2025-09-15
B09YH4FMRZ,2025-10-13
B09YH4FMRZ,2025-11-10
B09YH4FMRZ,2025-12-08
B09YH4FMRZ,2026-01-05
B09YH4FMRZ,2026-02-02
B09YH4FMRZ,2026-03-02
B09YHKPNCH,2025-04-28
B09YHKPNCH,2025-05-26
B09YHKPNCH,2025-06-23
B09YHKPNCH,2025-07-21
B09YHKPNCH,2025-08-18
B09YHKPNCH,2025-09-15
B09YHKPNCH,2025-10-13
B09YHKPNCH,2025-11-10
B09YHKPNCH,2025-12-08
B09YHKPNCH,2026-01-05
B09YHKPNCH,2026-02-02
B09YHKPNCH,2026-03-02
B09YHL2XKW,2025-04-28
B09YHL2XKW,2025-05-26
B09YHL2XKW,2025-06-23
B09YHL2XKW,2025-07-21
B09YHL2XKW,2025-08-18
B09YHL2XKW,2025-09-15
B09YHL2XKW,2025-10-13
B09YHL2XKW,2025-11-10
B09YHL2XKW,2025-12-08
B09YHL2XKW,2026-01-05
B09YHL2XKW,2026-02-02
B09YHL2XKW,2026-03-02
B09YHPNXH6,2025-04-28
B09YHPNXH6,2025-05-26
B09YHPNXH6,2025-06-23
B09YHPNXH6,2025-07-21
B09YHPNXH6,2025-08-18
B09YHPNXH6,2025-09-15
B09YHPNXH6,2025-10-13
B09YHPNXH6,2025-11-10
B09YHPNXH6,2025-12-08
B09YHPNXH6,2026-01-05
B09YHPNXH6,2026-02-02
B09YHPNXH6,2026-03-02
B09YHQZ419,2025-04-28
B09YHQZ419,2025-05-26
B09YHQZ419,2025-06-23
B09YHQZ419,2025-07-21
B09YHQZ419,2025-08-18
B09YHQZ419,2025-09-15
B09YHQZ419,2025-10-13
B09YHQZ419,2025-11-10
B09YHQZ419,2025-12-08
B09YHQZ419,2026-01-05
B09YHQZ419,2026-02-02
B09YHQZ419,2026-03-02
B09YHRDW43,2025-04-28
B09YHRDW43,2025-05-26
B09YHRDW43,2025-06-23
B09YHRDW43,2025-07-21
B09YHRDW43,2025-08-18
B09YHRDW43,2025-09-15
B09YHRDW43,2025-10-13
B09YHRDW43,2025-11-10
B09YHRDW43,2025-12-08
B09YHRDW43,2026-01-05
B09YHRDW43,2026-02-02
B09YHRDW43,2026-03-02
B09YHTNYTH,2025-04-28
B09YHTNYTH,2025-05-26
B09YHTNYTH,2025-06-23
B09YHTNYTH,2025-07-21
B09YHTNYTH,2025-08-18
B09YHTNYTH,2025-09-15
B09YHTNYTH,2025-10-13
B09YHTNYTH,2025-11-10
B09YHTNYTH,2025-12-08
B09YHTNYTH,2026-01-05
B09YHTNYTH,2026-02-02
B09YHTNYTH,2026-03-02
B09YLQVN6N,2025-04-28
B09YLQVN6N,2025-05-26
B09YLQVN6N,2025-06-23
B09YLQVN6N,2025-07-21
B09YLQVN6N,2025-08-18
B09YLQVN6N,2025-09-15
B09YLQVN6N,2025-10-13
B09YLQVN6N,2025-11-10
B09YLQVN6N,2025-12-08
B09YLQVN6N,2026-01-05
B09YLQVN6N,2026-02-02
B09YLQVN6N,2026-03-02
B09YM9X2CX,2025-04-28
B09YM9X2CX,2025-05-26
B09YM9X2CX,2025-06-23
B09YM9X2CX,2025-07-21
B09YM9X2CX,2025-08-18
B09YM9X2CX,2025-09-15
B09YM9X2CX,2025-10-13
B09YM9X2CX,2025-11-10
B09YM9X2CX,2025-12-08
B09YM9X2CX,2026-01-05
B09YM9X2CX,2026-02-02
B09YM9X2CX,2026-03-02
B09YMD1QPG,2025-04-28
B09YMD1QPG,2025-05-26
B09YMD1QPG,2025-06-23
B09YMD1QPG,2025-07-21
B09YMD1QPG,2025-08-18
B09YMD1QPG,2025-09-15
B09YMD1QPG,2025-10-13
B09YMD1QPG,2025-11-10
B09YMD1QPG,2025-12-08
B09YMD1QPG,2026-01-05
B09YMD1QPG,2026-02-02
B09YMD1QPG,2026-03-02
B09YNL4TS1,2025-04-28
B09YNL4TS1,2025-05-26
B09YNL4TS1,2025-06-23
B09YNL4TS1,2025-07-21
B09YNL4TS1,2025-08-18
B09YNL4TS1,2025-09-15
B09YNL4TS1,2025-10-13
B09YNL4TS1,2025-11-10
B09YNL4TS1,2025-12-08
B09YNL4TS1,2026-01-05
B09YNL4TS1,2026-02-02
B09YNL4TS1,2026-03-02
B09YRNHV9S,2025-04-28
B09YRNHV9S,2025-05-26
B09YRNHV9S,2025-06-23
B09YRNHV9S,2025-07-21
B09YRNHV9S,2025-08-18
B09YRNHV9S,2025-09-15
B09YRNHV9S,2025-10-13
B09YRNHV9S,2025-11-10
B09YRNHV9S,2025-12-08
B09YRNHV9S,2026-01-05
B09YRNHV9S,2026-02-02
B09YRNHV9S,2026-03-02
B09YRNQJ8F,2025-04-28
B09YRNQJ8F,2025-05-26
B09YRNQJ8F,2025-06-23
B09YRNQJ8F,2025-07-21
B09YRNQJ8F,2025-08-18
B09YRNQJ8F,2025-09-15
B09YRNQJ8F,2025-10-13
B09YRNQJ8F,2025-11-10
B09YRNQJ8F,2025-12-08
B09YRNQJ8F,2026-01-05
B09YRNQJ8F,2026-02-02
B09YRNQJ8F,2026-03-02
B09YRP9DFC,2025-04-28
B09YRP9DFC,2025-05-26
B09YRP9DFC,2025-06-23
B09YRP9DFC,2025-07-21
B09YRP9DFC,2025-08-18
B09YRP9DFC,2025-09-15
B09YRP9DFC,2025-10-13
B09YRP9DFC,2025-11-10
B09YRP9DFC,2025-12-08
B09YRP9DFC,2026-01-05
B09YRP9DFC,2026-02-02
B09YRP9DFC,2026-03-02
B09YRPSDTV,2025-04-28
B09YRPSDTV,2025-05-26
B09YRPSDTV,2025-06-23
B09YRPSDTV,2025-07-21
B09YRPSDTV,2025-08-18
B09YRPSDTV,2025-09-15
B09YRPSDTV,2025-10-13
B09YRPSDTV,2025-11-10
B09YRPSDTV,2025-12-08
B09YRPSDTV,2026-01-05
B09YRPSDTV,2026-02-02
B09YRPSDTV,2026-03-02
B09YTSVPGG,2025-04-28
B09YTSVPGG,2025-05-26
B09YTSVPGG,2025-06-23
B09YTSVPGG,2025-07-21
B09YTSVPGG,2025-08-18
B09YTSVPGG,2025-09-15
B09YTSVPGG,2025-10-13
B09YTSVPGG,2025-11-10
B09YTSVPGG,2025-12-08
B09YTSVPGG,2026-01-05
B09YTSVPGG,2026-02-02
B09YTSVPGG,2026-03-02
B09YTT48XP,2025-04-28
B09YTT48XP,2025-05-26
B09YTT48XP,2025-06-23
B09YTT48XP,2025-07-21
B09YTT48XP,2025-08-18
B09YTT48XP,2025-09-15
B09YTT48XP,2025-10-13
B09YTT48XP,2025-11-10
B09YTT48XP,2025-12-08
B09YTT48XP,2026-01-05
B09YTT48XP,2026-02-02
B09YTT48XP,2026-03-02
B09YTTQ39T,2025-04-28
B09YTTQ39T,2025-05-26
B09YTTQ39T,2025-06-23
B09YTTQ39T,2025-07-21
B09YTTQ39T,2025-08-18
B09YTTQ39T,2025-09-15
B09YTTQ39T,2025-10-13
B09YTTQ39T,2025-11-10
B09YTTQ39T,2025-12-08
B09YTTQ39T,2026-01-05
B09YTTQ39T,2026-02-02
B09YTTQ39T,2026-03-02
B09YWST51R,2025-04-28
B09YWST51R,2025-05-26
B09YWST51R,2025-06-23
B09YWST51R,2025-07-21
B09YWST51R,2025-08-18
B09YWST51R,2025-09-15
B09YWST51R,2025-10-13
B09YWST51R,2025-11-10
B09YWST51R,2025-12-08
B09YWST51R,2026-01-05
B09YWST51R,2026-02-02
B09YWST51R,2026-03-02
B09YWZ6KXH,2025-04-28
B09YWZ6KXH,2025-05-26
B09YWZ6KXH,2025-06-23
B09YWZ6KXH,2025-07-21
B09YWZ6KXH,2025-08-18
B09YWZ6KXH,2025-09-15
B09YWZ6KXH,2025-10-13
B09YWZ6KXH,2025-11-10
B09YWZ6KXH,2025-12-08
B09YWZ6KXH,2026-01-05
B09YWZ6KXH,2026-02-02
B09YWZ6KXH,2026-03-02
B09YX5Y2H4,2025-04-28
B09YX5Y2H4,2025-05-26
B09YX5Y2H4,2025-06-23
B09YX5Y2H4,2025-07-21
B09YX5Y2H4,2025-08-18
B09YX5Y2H4,2025-09-15
B09YX5Y2H4,2025-10-13
B09YX5Y2H4,2025-11-10
B09YX5Y2H4,2025-12-08
B09YX5Y2H4,2026-01-05
B09YX5Y2H4,2026-02-02
B09YX5Y2H4,2026-03-02
B09YY4KYTG,2025-04-28
B09YY4KYTG,2025-05-26
B09YY4KYTG,2025-06-23
B09YY4KYTG,2025-07-21
B09YY4KYTG,2025-08-18
B09YY4KYTG,2025-09-15
B09YY4KYTG,2025-10-13
B09YY4KYTG,2025-11-10
B09YY4KYTG,2025-12-08
B09YY4KYTG,2026-01-05
B09YY4KYTG,2026-02-02
B09YY4KYTG,2026-03-02
B09ZHL76FF,2025-04-28
B09ZHL76FF,2025-05-26
B09ZHL76FF,2025-06-23
B09ZHL76FF,2025-07-21
B09ZHL76FF,2025-08-18
B09ZHL76FF,2025-09-15
B09ZHL76FF,2025-10-13
B09ZHL76FF,2025-11-10
B09ZHL76FF,2025-12-08
B09ZHL76FF,2026-01-05
B09ZHL76FF,2026-02-02
B09ZHL76FF,2026-03-02
B09ZKDRCNJ,2025-04-28
B09ZKDRCNJ,2025-05-26
B09ZKDRCNJ,2025-06-23
B09ZKDRCNJ,2025-07-21
B09ZKDRCNJ,2025-08-18
B09ZKDRCNJ,2025-09-15
B09ZKDRCNJ,2025-10-13
B09ZKDRCNJ,2025-11-10
B09ZKDRCNJ,2025-12-08
B09ZKDRCNJ,2026-01-05
B09ZKDRCNJ,2026-02-02
B09ZKDRCNJ,2026-03-02
B09ZKS9DYV,2025-04-28
B09ZKS9DYV,2025-05-26
B09ZKS9DYV,2025-06-23
B09ZKS9DYV,2025-07-21
B09ZKS9DYV,2025-08-18
B09ZKS9DYV,2025-09-15
B09ZKS9DYV,2025-10-13
B09ZKS9DYV,2025-11-10
B09ZKS9DYV,2025-12-08
B09ZKS9DYV,2026-01-05
B09ZKS9DYV,2026-02-02
B09ZKS9DYV,2026-03-02
B09ZKWP4GD,2025-04-28
B09ZKWP4GD,2025-05-26
B09ZKWP4GD,2025-06-23
B09ZKWP4GD,2025-07-21
B09ZKWP4GD,2025-08-18
B09ZKWP4GD,2025-09-15
B09ZKWP4GD,2025-10-13
B09ZKWP4GD,2025-11-10
B09ZKWP4GD,2025-12-08
B09ZKWP4GD,2026-01-05
B09ZKWP4GD,2026-02-02
B09ZKWP4GD,2026-03-02
B09ZKXMTKC,2025-04-28
B09ZKXMTKC,2025-05-26
B09ZKXMTKC,2025-06-23
B09ZKXMTKC,2025-07-21
B09ZKXMTKC,2025-08-18
B09ZKXMTKC,2025-09-15
B09ZKXMTKC,2025-10-13
B09ZKXMTKC,2025-11-10
B09ZKXMTKC,2025-12-08
B09ZKXMTKC,2026-01-05
B09ZKXMTKC,2026-02-02
B09ZKXMTKC,2026-03-02
B09ZKYG2P1,2025-04-28
B09ZKYG2P1,2025-05-26
B09ZKYG2P1,2025-06-23
B09ZKYG2P1,2025-07-21
B09ZKYG2P1,2025-08-18
B09ZKYG2P1,2025-09-15
B09ZKYG2P1,2025-10-13
B09ZKYG2P1,2025-11-10
B09ZKYG2P1,2025-12-08
B09ZKYG2P1,2026-01-05
B09ZKYG2P1,2026-02-02
B09ZKYG2P1,2026-03-02
B09ZLK89CK,2025-04-28
B09ZLK89CK,2025-05-26
B09ZLK89CK,2025-06-23
B09ZLK89CK,2025-07-21
B09ZLK89CK,2025-08-18
B09ZLK89CK,2025-09-15
B09ZLK89CK,2025-10-13
B09ZLK89CK,2025-11-10
B09ZLK89CK,2025-12-08
B09ZLK89CK,2026-01-05
B09ZLK89CK,2026-02-02
B09ZLK89CK,2026-03-02
B09ZNT8C1W,2025-04-28
B09ZNT8C1W,2025-05-26
B09ZNT8C1W,2025-06-23
B09ZNT8C1W,2025-07-21
B09ZNT8C1W,2025-08-18
B09ZNT8C1W,2025-09-15
B09ZNT8C1W,2025-10-13
B09ZNT8C1W,2025-11-10
B09ZNT8C1W,2025-12-08
B09ZNT8C1W,2026-01-05
B09ZNT8C1W,2026-02-02
B09ZNT8C1W,2026-03-02
B09ZQC3656,2025-04-28
B09ZQC3656,2025-05-26
B09ZQC3656,2025-06-23
B09ZQC3656,2025-07-21
B09ZQC3656,2025-08-18
B09ZQC3656,2025-09-15
B09ZQC3656,2025-10-13
B09ZQC3656,2025-11-10
B09ZQC3656,2025-12-08
B09ZQC3656,2026-01-05
B09ZQC3656,2026-02-02
B09ZQC3656,2026-03-02
B09ZQCX1MR,2025-04-28
B09ZQCX1MR,2025-05-26
B09ZQCX1MR,2025-06-23
B09ZQCX1MR,2025-07-21
B09ZQCX1MR,2025-08-18
B09ZQCX1MR,2025-09-15
B09ZQCX1MR,2025-10-13
B09ZQCX1MR,2025-11-10
B09ZQCX1MR,2025-12-08
B09ZQCX1MR,2026-01-05
B09ZQCX1MR,2026-02-02
B09ZQCX1MR,2026-03-02
B09ZTC1P5J,2025-04-28
B09ZTC1P5J,2025-05-26
B09ZTC1P5J,2025-06-23
B09ZTC1P5J,2025-07-21
B09ZTC1P5J,2025-08-18
B09ZTC1P5J,2025-09-15
B09ZTC1P5J,2025-10-13
B09ZTC1P5J,2025-11-10
B09ZTC1P5J,2025-12-08
B09ZTC1P5J,2026-01-05
B09ZTC1P5J,2026-02-02
B09ZTC1P5J,2026-03-02
B09ZV6NRP7,2025-04-28
B09ZV6NRP7,2025-05-26
B09ZV6NRP7,2025-06-23
B09ZV6NRP7,2025-07-21
B09ZV6NRP7,2025-08-18
B09ZV6NRP7,2025-09-15
B09ZV6NRP7,2025-10-13
B09ZV6NRP7,2025-11-10
B09ZV6NRP7,2025-12-08
B09ZV6NRP7,2026-01-05
B09ZV6NRP7,2026-02-02
B09ZV6NRP7,2026-03-02
B09ZYHY8H5,2025-04-28
B09ZYHY8H5,2025-05-26
B09ZYHY8H5,2025-06-23
B09ZYHY8H5,2025-07-21
B09ZYHY8H5,2025-08-18
B09ZYHY8H5,2025-09-15
B09ZYHY8H5,2025-10-13
B09ZYHY8H5,2025-11-10
B09ZYHY8H5,2025-12-08
B09ZYHY8H5,2026-01-05
B09ZYHY8H5,2026-02-02
B09ZYHY8H5,2026-03-02
B0B11MFHKX,2025-04-28
B0B11MFHKX,2025-05-26
B0B11MFHKX,2025-06-23
B0B11MFHKX,2025-07-21
B0B11MFHKX,2025-08-18
B0B11MFHKX,2025-09-15
B0B11MFHKX,2025-10-13
B0B11MFHKX,2025-11-10
B0B11MFHKX,2025-12-08
B0B11MFHKX,2026-01-05
B0B11MFHKX,2026-02-02
B0B11MFHKX,2026-03-02
B0B11YMMZH,2025-04-28
B0B11YMMZH,2025-05-26
B0B11YMMZH,2025-06-23
B0B11YMMZH,2025-07-21
B0B11YMMZH,2025-08-18
B0B11YMMZH,2025-09-15
B0B11YMMZH,2025-10-13
B0B11YMMZH,2025-11-10
B0B11YMMZH,2025-12-08
B0B11YMMZH,2026-01-05
B0B11YMMZH,2026-02-02
B0B11YMMZH,2026-03-02
B0B12L1VXP,2025-04-28
B0B12L1VXP,2025-05-26
B0B12L1VXP,2025-06-23
B0B12L1VXP,2025-07-21
B0B12L1VXP,2025-08-18
B0B12L1VXP,2025-09-15
B0B12L1VXP,2025-10-13
B0B12L1VXP,2025-11-10
B0B12L1VXP,2025-12-08
B0B12L1VXP,2026-01-05
B0B12L1VXP,2026-02-02
B0B12L1VXP,2026-03-02
B0B12MLJH6,2025-04-28
B0B12MLJH6,2025-05-26
B0B12MLJH6,2025-06-23
B0B12MLJH6,2025-07-21
B0B12MLJH6,2025-08-18
B0B12MLJH6,2025-09-15
B0B12MLJH6,2025-10-13
B0B12MLJH6,2025-11-10
B0B12MLJH6,2025-12-08
B0B12MLJH6,2026-01-05
B0B12MLJH6,2026-02-02
B0B12MLJH6,2026-03-02
B0B12NJ9RM,2025-04-28
B0B12NJ9RM,2025-05-26
B0B12NJ9RM,2025-06-23
B0B12NJ9RM,2025-07-21
B0B12NJ9RM,2025-08-18
B0B12NJ9RM,2025-09-15
B0B12NJ9RM,2025-10-13
B0B12NJ9RM,2025-11-10
B0B12NJ9RM,2025-12-08
B0B12NJ9RM,2026-01-05
B0B12NJ9RM,2026-02-02
B0B12NJ9RM,2026-03-02
B0B13YM4K3,2025-04-28
B0B13YM4K3,2025-05-26
B0B13YM4K3,2025-06-23
B0B13YM4K3,2025-07-21
B0B13YM4K3,2025-08-18
B0B13YM4K3,2025-09-15
B0B13YM4K3,2025-10-13
B0B13YM4K3,2025-11-10
B0B13YM4K3,2025-12-08
B0B13YM4K3,2026-01-05
B0B13YM4K3,2026-02-02
B0B13YM4K3,2026-03-02
B0B17F8LTC,2025-04-28
B0B17F8LTC,2025-05-26
B0B17F8LTC,2025-06-23
B0B17F8LTC,2025-07-21
B0B17F8LTC,2025-08-18
B0B17F8LTC,2025-09-15
B0B17F8LTC,2025-10-13
B0B17F8LTC,2025-11-10
B0B17F8LTC,2025-12-08
B0B17F8LTC,2026-01-05
B0B17F8LTC,2026-02-02
B0B17F8LTC,2026-03-02
B0B1CSZ3D6,2025-04-28
B0B1CSZ3D6,2025-05-26
B0B1CSZ3D6,2025-06-23
B0B1CSZ3D6,2025-07-21
B0B1CSZ3D6,2025-08-18
B0B1CSZ3D6,2025-09-15
B0B1CSZ3D6,2025-10-13
B0B1CSZ3D6,2025-11-10
B0B1CSZ3D6,2025-12-08
B0B1CSZ3D6,2026-01-05
B0B1CSZ3D6,2026-02-02
B0B1CSZ3D6,2026-03-02
B0B1CT36LF,2025-04-28
B0B1CT36LF,2025-05-26
B0B1CT36LF,2025-06-23
B0B1CT36LF,2025-07-21
B0B1CT36LF,2025-08-18
B0B1CT36LF,2025-09-15
B0B1CT36LF,2025-10-13
B0B1CT36LF,2025-11-10
B0B1CT36LF,2025-12-08
B0B1CT36LF,2026-01-05
B0B1CT36LF,2026-02-02
B0B1CT36LF,2026-03-02
B0B1HTF7KM,2025-04-28
B0B1HTF7KM,2025-05-26
B0B1HTF7KM,2025-06-23
B0B1HTF7KM,2025-07-21
B0B1HTF7KM,2025-08-18
B0B1HTF7KM,2025-09-15
B0B1HTF7KM,2025-10-13
B0B1HTF7KM,2025-11-10
B0B1HTF7KM,2025-12-08
B0B1HTF7KM,2026-01-05
B0B1HTF7KM,2026-02-02
B0B1HTF7KM,2026-03-02
B0B1HW5BPB,2025-04-28
B0B1HW5BPB,2025-05-26
B0B1HW5BPB,2025-06-23
B0B1HW5BPB,2025-07-21
B0B1HW5BPB,2025-08-18
B0B1HW5BPB,2025-09-15
B0B1HW5BPB,2025-10-13
B0B1HW5BPB,2025-11-10
B0B1HW5BPB,2025-12-08
B0B1HW5BPB,2026-01-05
B0B1HW5BPB,2026-02-02
B0B1HW5BPB,2026-03-02
B0B1V551FN,2025-04-28
B0B1V551FN,2025-05-26
B0B1V551FN,2025-06-23
B0B1V551FN,2025-07-21
B0B1V551FN,2025-08-18
B0B1V551FN,2025-09-15
B0B1V551FN,2025-10-13
B0B1V551FN,2025-11-10
B0B1V551FN,2025-12-08
B0B1V551FN,2026-01-05
B0B1V551FN,2026-02-02
B0B1V551FN,2026-03-02
B0B1ZBMR1Z,2025-04-28
B0B1ZBMR1Z,2025-05-26
B0B1ZBMR1Z,2025-06-23
B0B1ZBMR1Z,2025-07-21
B0B1ZBMR1Z,2025-08-18
B0B1ZBMR1Z,2025-09-15
B0B1ZBMR1Z,2025-10-13
B0B1ZBMR1Z,2025-11-10
B0B1ZBMR1Z,2025-12-08
B0B1ZBMR1Z,2026-01-05
B0B1ZBMR1Z,2026-02-02
B0B1ZBMR1Z,2026-03-02
B0B1ZCKW5B,2025-04-28
B0B1ZCKW5B,2025-05-26
B0B1ZCKW5B,2025-06-23
B0B1ZCKW5B,2025-07-21
B0B1ZCKW5B,2025-08-18
B0B1ZCKW5B,2025-09-15
B0B1ZCKW5B,2025-10-13
B0B1ZCKW5B,2025-11-10
B0B1ZCKW5B,2025-12-08
B0B1ZCKW5B,2026-01-05
B0B1ZCKW5B,2026-02-02
B0B1ZCKW5B,2026-03-02
B0B1ZCMZSM,2025-04-28
B0B1ZCMZSM,2025-05-26
B0B1ZCMZSM,2025-06-23
B0B1ZCMZSM,2025-07-21
B0B1ZCMZSM,2025-08-18
B0B1ZCMZSM,2025-09-15
B0B1ZCMZSM,2025-10-13
B0B1ZCMZSM,2025-11-10
B0B1ZCMZSM,2025-12-08
B0B1ZCMZSM,2026-01-05
B0B1ZCMZSM,2026-02-02
B0B1ZCMZSM,2026-03-02
B0B1ZD8LT4,2025-04-28
B0B1ZD8LT4,2025-05-26
B0B1ZD8LT4,2025-06-23
B0B1ZD8LT4,2025-07-21
B0B1ZD8LT4,2025-08-18
B0B1ZD8LT4,2025-09-15
B0B1ZD8LT4,2025-10-13
B0B1ZD8LT4,2025-11-10
B0B1ZD8LT4,2025-12-08
B0B1ZD8LT4,2026-01-05
B0B1ZD8LT4,2026-02-02
B0B1ZD8LT4,2026-03-02
B0B1ZSSN4J,2025-04-28
B0B1ZSSN4J,2025-05-26
B0B1ZSSN4J,2025-06-23
B0B1ZSSN4J,2025-07-21
B0B1ZSSN4J,2025-08-18
B0B1ZSSN4J,2025-09-15
B0B1ZSSN4J,2025-10-13
B0B1ZSSN4J,2025-11-10
B0B1ZSSN4J,2025-12-08
B0B1ZSSN4J,2026-01-05
B0B1ZSSN4J,2026-02-02
B0B1ZSSN4J,2026-03-02
B0B1ZV2VBJ,2025-04-28
B0B1ZV2VBJ,2025-05-26
B0B1ZV2VBJ,2025-06-23
B0B1ZV2VBJ,2025-07-21
B0B1ZV2VBJ,2025-08-18
B0B1ZV2VBJ,2025-09-15
B0B1ZV2VBJ,2025-10-13
B0B1ZV2VBJ,2025-11-10
B0B1ZV2VBJ,2025-12-08
B0B1ZV2VBJ,2026-01-05
B0B1ZV2VBJ,2026-02-02
B0B1ZV2VBJ,2026-03-02
B0B24DFXLQ,2025-04-28
B0B24DFXLQ,2025-05-26
B0B24DFXLQ,2025-06-23
B0B24DFXLQ,2025-07-21
B0B24DFXLQ,2025-08-18
B0B24DFXLQ,2025-09-15
B0B24DFXLQ,2025-10-13
B0B24DFXLQ,2025-11-10
B0B24DFXLQ,2025-12-08
B0B24DFXLQ,2026-01-05
B0B24DFXLQ,2026-02-02
B0B24DFXLQ,2026-03-02
B0B24KFF4Q,2025-04-28
B0B24KFF4Q,2025-05-26
B0B24KFF4Q,2025-06-23
B0B24KFF4Q,2025-07-21
B0B24KFF4Q,2025-08-18
B0B24KFF4Q,2025-09-15
B0B24KFF4Q,2025-10-13
B0B24KFF4Q,2025-11-10
B0B24KFF4Q,2025-12-08
B0B24KFF4Q,2026-01-05
B0B24KFF4Q,2026-02-02
B0B24KFF4Q,2026-03-02
B0B27JC8K6,2025-04-28
B0B27JC8K6,2025-05-26
B0B27JC8K6,2025-06-23
B0B27JC8K6,2025-07-21
B0B27JC8K6,2025-08-18
B0B27JC8K6,2025-09-15
B0B27JC8K6,2025-10-13
B0B27JC8K6,2025-11-10
B0B27JC8K6,2025-12-08
B0B27JC8K6,2026-01-05
B0B27JC8K6,2026-02-02
B0B27JC8K6,2026-03-02
B0B282GM9N,2025-04-28
B0B282GM9N,2025-05-26
B0B282GM9N,2025-06-23
B0B282GM9N,2025-07-21
B0B282GM9N,2025-08-18
B0B282GM9N,2025-09-15
B0B282GM9N,2025-10-13
B0B282GM9N,2025-11-10
B0B282GM9N,2025-12-08
B0B282GM9N,2026-01-05
B0B282GM9N,2026-02-02
B0B282GM9N,2026-03-02
B0B2DKT3BR,2025-04-28
B0B2DKT3BR,2025-05-26
B0B2DKT3BR,2025-06-23
B0B2DKT3BR,2025-07-21
B0B2DKT3BR,2025-08-18
B0B2DKT3BR,2025-09-15
B0B2DKT3BR,2025-10-13
B0B2DKT3BR,2025-11-10
B0B2DKT3BR,2025-12-08
B0B2DKT3BR,2026-01-05
B0B2DKT3BR,2026-02-02
B0B2DKT3BR,2026-03-02
B0B2QZ9L55,2025-04-28
B0B2QZ9L55,2025-05-26
B0B2QZ9L55,2025-06-23
B0B2QZ9L55,2025-07-21
B0B2QZ9L55,2025-08-18
B0B2QZ9L55,2025-09-15
B0B2QZ9L55,2025-10-13
B0B2QZ9L55,2025-11-10
B0B2QZ9L55,2025-12-08
B0B2QZ9L55,2026-01-05
B0B2QZ9L55,2026-02-02
B0B2QZ9L55,2026-03-02
B0B2RL4BKT,2025-04-28
B0B2RL4BKT,2025-05-26
B0B2RL4BKT,2025-06-23
B0B2RL4BKT,2025-07-21
B0B2RL4BKT,2025-08-18
B0B2RL4BKT,2025-09-15
B0B2RL4BKT,2025-10-13
B0B2RL4BKT,2025-11-10
B0B2RL4BKT,2025-12-08
B0B2RL4BKT,2026-01-05
B0B2RL4BKT,2026-02-02
B0B2RL4BKT,2026-03-02
B0B2VHKB63,2025-04-28
B0B2VHKB63,2025-05-26
B0B2VHKB63,2025-06-23
B0B2VHKB63,2025-07-21
B0B2VHKB63,2025-08-18
B0B2VHKB63,2025-09-15
B0B2VHKB63,2025-10-13
B0B2VHKB63,2025-11-10
B0B2VHKB63,2025-12-08
B0B2VHKB63,2026-01-05
B0B2VHKB63,2026-02-02
B0B2VHKB63,2026-03-02
B0B2VTWY8X,2025-04-28
B0B2VTWY8X,2025-05-26
B0B2VTWY8X,2025-06-23
B0B2VTWY8X,2025-07-21
B0B2VTWY8X,2025-08-18
B0B2VTWY8X,2025-09-15
B0B2VTWY8X,2025-10-13
B0B2VTWY8X,2025-11-10
B0B2VTWY8X,2025-12-08
B0B2VTWY8X,2026-01-05
B0B2VTWY8X,2026-02-02
B0B2VTWY8X,2026-03-02
B0B2VXSGMZ,2025-04-28
B0B2VXSGMZ,2025-05-26
B0B2VXSGMZ,2025-06-23
B0B2VXSGMZ,2025-07-21
B0B2VXSGMZ,2025-08-18
B0B2VXSGMZ,2025-09-15
B0B2VXSGMZ,2025-10-13
B0B2VXSGMZ,2025-11-10
B0B2VXSGMZ,2025-12-08
B0B2VXSGMZ,2026-01-05
B0B2VXSGMZ,2026-02-02
B0B2VXSGMZ,2026-03-02
B0B2W74FHX,2025-04-28
B0B2W74FHX,2025-05-26
B0B2W74FHX,2025-06-23
B0B2W74FHX,2025-07-21
B0B2W74FHX,2025-08-18
B0B2W74FHX,2025-09-15
B0B2W74FHX,2025-10-13
B0B2W74FHX,2025-11-10
B0B2W74FHX,2025-12-08
B0B2W74FHX,2026-01-05
B0B2W74FHX,2026-02-02
B0B2W74FHX,2026-03-02
B0B2W89RY3,2025-04-28
B0B2W89RY3,2025-05-26
B0B2W89RY3,2025-06-23
B0B2W89RY3,2025-07-21
B0B2W89RY3,2025-08-18
B0B2W89RY3,2025-09-15
B0B2W89RY3,2025-10-13
B0B2W89RY3,2025-11-10
B0B2W89RY3,2025-12-08
B0B2W89RY3,2026-01-05
B0B2W89RY3,2026-02-02
B0B2W89RY3,2026-03-02
B0B2WCV47M,2025-04-28
B0B2WCV47M,2025-05-26
B0B2WCV47M,2025-06-23
B0B2WCV47M,2025-07-21
B0B2WCV47M,2025-08-18
B0B2WCV47M,2025-09-15
B0B2WCV47M,2025-10-13
B0B2WCV47M,2025-11-10
B0B2WCV47M,2025-12-08
B0B2WCV47M,2026-01-05
B0B2WCV47M,2026-02-02
B0B2WCV47M,2026-03-02
B0B2WDYBH6,2025-04-28
B0B2WDYBH6,2025-05-26
B0B2WDYBH6,2025-06-23
B0B2WDYBH6,2025-07-21
B0B2WDYBH6,2025-08-18
B0B2WDYBH6,2025-09-15
B0B2WDYBH6,2025-10-13
B0B2WDYBH6,2025-11-10
B0B2WDYBH6,2025-12-08
B0B2WDYBH6,2026-01-05
B0B2WDYBH6,2026-02-02
B0B2WDYBH6,2026-03-02
B0B2ZDTCCT,2025-04-28
B0B2ZDTCCT,2025-05-26
B0B2ZDTCCT,2025-06-23
B0B2ZDTCCT,2025-07-21
B0B2ZDTCCT,2025-08-18
B0B2ZDTCCT,2025-09-15
B0B2ZDTCCT,2025-10-13
B0B2ZDTCCT,2025-11-10
B0B2ZDTCCT,2025-12-08
B0B2ZDTCCT,2026-01-05
B0B2ZDTCCT,2026-02-02
B0B2ZDTCCT,2026-03-02
B0B2ZHK9G2,2025-04-28
B0B2ZHK9G2,2025-05-26
B0B2ZHK9G2,2025-06-23
B0B2ZHK9G2,2025-07-21
B0B2ZHK9G2,2025-08-18
B0B2ZHK9G2,2025-09-15
B0B2ZHK9G2,2025-10-13
B0B2ZHK9G2,2025-11-10
B0B2ZHK9G2,2025-12-08
B0B2ZHK9G2,2026-01-05
B0B2ZHK9G2,2026-02-02
B0B2ZHK9G2,2026-03-02
B0B2ZPJYN9,2025-04-28
B0B2ZPJYN9,2025-05-26
B0B2ZPJYN9,2025-06-23
B0B2ZPJYN9,2025-07-21
B0B2ZPJYN9,2025-08-18
B0B2ZPJYN9,2025-09-15
B0B2ZPJYN9,2025-10-13
B0B2ZPJYN9,2025-11-10
B0B2ZPJYN9,2025-12-08
B0B2ZPJYN9,2026-01-05
B0B2ZPJYN9,2026-02-02
B0B2ZPJYN9,2026-03-02
B0B31HJYTH,2025-04-28
B0B31HJYTH,2025-05-26
B0B31HJYTH,2025-06-23
B0B31HJYTH,2025-07-21
B0B31HJYTH,2025-08-18
B0B31HJYTH,2025-09-15
B0B31HJYTH,2025-10-13
B0B31HJYTH,2025-11-10
B0B31HJYTH,2025-12-08
B0B31HJYTH,2026-01-05
B0B31HJYTH,2026-02-02
B0B31HJYTH,2026-03-02
B0B31ZYW4Q,2025-04-28
B0B31ZYW4Q,2025-05-26
B0B31ZYW4Q,2025-06-23
B0B31ZYW4Q,2025-07-21
B0B31ZYW4Q,2025-08-18
B0B31ZYW4Q,2025-09-15
B0B31ZYW4Q,2025-10-13
B0B31ZYW4Q,2025-11-10
B0B31ZYW4Q,2025-12-08
B0B31ZYW4Q,2026-01-05
B0B31ZYW4Q,2026-02-02
B0B31ZYW4Q,2026-03-02
B0B323PXN2,2025-04-28
B0B323PXN2,2025-05-26
B0B323PXN2,2025-06-23
B0B323PXN2,2025-07-21
B0B323PXN2,2025-08-18
B0B323PXN2,2025-09-15
B0B323PXN2,2025-10-13
B0B323PXN2,2025-11-10
B0B323PXN2,2025-12-08
B0B323PXN2,2026-01-05
B0B323PXN2,2026-02-02
B0B323PXN2,2026-03-02
B0B3F987BH,2025-04-28
B0B3F987BH,2025-05-26
B0B3F987BH,2025-06-23
B0B3F987BH,2025-07-21
B0B3F987BH,2025-08-18
B0B3F987BH,2025-09-15
B0B3F987BH,2025-10-13
B0B3F987BH,2025-11-10
B0B3F987BH,2025-12-08
B0B3F987BH,2026-01-05
B0B3F987BH,2026-02-02
B0B3F987BH,2026-03-02
B0B3HWGXZJ,2025-04-28
B0B3HWGXZJ,2025-05-26
B0B3HWGXZJ,2025-06-23
B0B3HWGXZJ,2025-07-21
B0B3HWGXZJ,2025-08-18
B0B3HWGXZJ,2025-09-15
B0B3HWGXZJ,2025-10-13
B0B3HWGXZJ,2025-11-10
B0B3HWGXZJ,2025-12-08
B0B3HWGXZJ,2026-01-05
B0B3HWGXZJ,2026-02-02
B0B3HWGXZJ,2026-03-02
B0B42K3CJQ,2025-04-28
B0B42K3CJQ,2025-05-26
B0B42K3CJQ,2025-06-23
B0B42K3CJQ,2025-07-21
B0B42K3CJQ,2025-08-18
B0B42K3CJQ,2025-09-15
B0B42K3CJQ,2025-10-13
B0B42K3CJQ,2025-11-10
B0B42K3CJQ,2025-12-08
B0B42K3CJQ,2026-01-05
B0B42K3CJQ,2026-02-02
B0B42K3CJQ,2026-03-02
B0B42LG5MD,2025-04-28
B0B42LG5MD,2025-05-26
B0B42LG5MD,2025-06-23
B0B42LG5MD,2025-07-21
B0B42LG5MD,2025-08-18
B0B42LG5MD,2025-09-15
B0B42LG5MD,2025-10-13
B0B42LG5MD,2025-11-10
B0B42LG5MD,2025-12-08
B0B42LG5MD,2026-01-05
B0B42LG5MD,2026-02-02
B0B42LG5MD,2026-03-02
B0B456JC6K,2025-04-28
B0B456JC6K,2025-05-26
B0B456JC6K,2025-06-23
B0B456JC6K,2025-07-21
B0B456JC6K,2025-08-18
B0B456JC6K,2025-09-15
B0B456JC6K,2025-10-13
B0B456JC6K,2025-11-10
B0B456JC6K,2025-12-08
B0B456JC6K,2026-01-05
B0B456JC6K,2026-02-02
B0B456JC6K,2026-03-02
B0B4787QXT,2025-04-28
B0B4787QXT,2025-05-26
B0B4787QXT,2025-06-23
B0B4787QXT,2025-07-21
B0B4787QXT,2025-08-18
B0B4787QXT,2025-09-15
B0B4787QXT,2025-10-13
B0B4787QXT,2025-11-10
B0B4787QXT,2025-12-08
B0B4787QXT,2026-01-05
B0B4787QXT,2026-02-02
B0B4787QXT,2026-03-02
B0B49HNTMJ,2025-04-28
B0B49HNTMJ,2025-05-26
B0B49HNTMJ,2025-06-23
B0B49HNTMJ,2025-07-21
B0B49HNTMJ,2025-08-18
B0B49HNTMJ,2025-09-15
B0B49HNTMJ,2025-10-13
B0B49HNTMJ,2025-11-10
B0B49HNTMJ,2025-12-08
B0B49HNTMJ,2026-01-05
B0B49HNTMJ,2026-02-02
B0B49HNTMJ,2026-03-02
B0B4D9GT3G,2025-04-28
B0B4D9GT3G,2025-05-26
B0B4D9GT3G,2025-06-23
B0B4D9GT3G,2025-07-21
B0B4D9GT3G,2025-08-18
B0B4D9GT3G,2025-09-15
B0B4D9GT3G,2025-10-13
B0B4D9GT3G,2025-11-10
B0B4D9GT3G,2025-12-08
B0B4D9GT3G,2026-01-05
B0B4D9GT3G,2026-02-02
B0B4D9GT3G,2026-03-02
B0B4DB7JCJ,2025-04-28
B0B4DB7JCJ,2025-05-26
B0B4DB7JCJ,2025-06-23
B0B4DB7JCJ,2025-07-21
B0B4DB7JCJ,2025-08-18
B0B4DB7JCJ,2025-09-15
B0B4DB7JCJ,2025-10-13
B0B4DB7JCJ,2025-11-10
B0B4DB7JCJ,2025-12-08
B0B4DB7JCJ,2026-01-05
B0B4DB7JCJ,2026-02-02
B0B4DB7JCJ,2026-03-02
B0B4DBZG2C,2025-04-28
B0B4DBZG2C,2025-05-26
B0B4DBZG2C,2025-06-23
B0B4DBZG2C,2025-07-21
B0B4DBZG2C,2025-08-18
B0B4DBZG2C,2025-09-15
B0B4DBZG2C,2025-10-13
B0B4DBZG2C,2025-11-10
B0B4DBZG2C,2025-12-08
B0B4DBZG2C,2026-01-05
B0B4DBZG2C,2026-02-02
B0B4DBZG2C,2026-03-02
B0B4DPN862,2025-04-28
B0B4DPN862,2025-05-26
B0B4DPN862,2025-06-23
B0B4DPN862,2025-07-21
B0B4DPN862,2025-08-18
B0B4DPN862,2025-09-15
B0B4DPN862,2025-10-13
B0B4DPN862,2025-11-10
B0B4DPN862,2025-12-08
B0B4DPN862,2026-01-05
B0B4DPN862,2026-02-02
B0B4DPN862,2026-03-02
B0B4F1GFPN,2025-04-28
B0B4F1GFPN,2025-05-26
B0B4F1GFPN,2025-06-23
B0B4F1GFPN,2025-07-21
B0B4F1GFPN,2025-08-18
B0B4F1GFPN,2025-09-15
B0B4F1GFPN,2025-10-13
B0B4F1GFPN,2025-11-10
B0B4F1GFPN,2025-12-08
B0B4F1GFPN,2026-01-05
B0B4F1GFPN,2026-02-02
B0B4F1GFPN,2026-03-02
B0B4HB57PT,2025-04-28
B0B4HB57PT,2025-05-26
B0B4HB57PT,2025-06-23
B0B4HB57PT,2025-07-21
B0B4HB57PT,2025-08-18
B0B4HB57PT,2025-09-15
B0B4HB57PT,2025-10-13
B0B4HB57PT,2025-11-10
B0B4HB57PT,2025-12-08
B0B4HB57PT,2026-01-05
B0B4HB57PT,2026-02-02
B0B4HB57PT,2026-03-02
B0B4KKLG8W,2025-04-28
B0B4KKLG8W,2025-05-26
B0B4KKLG8W,2025-06-23
B0B4KKLG8W,2025-07-21
B0B4KKLG8W,2025-08-18
B0B4KKLG8W,2025-09-15
B0B4KKLG8W,2025-10-13
B0B4KKLG8W,2025-11-10
B0B4KKLG8W,2025-12-08
B0B4KKLG8W,2026-01-05
B0B4KKLG8W,2026-02-02
B0B4KKLG8W,2026-03-02
B0B4KNYQG2,2025-04-28
B0B4KNYQG2,2025-05-26
B0B4KNYQG2,2025-06-23
B0B4KNYQG2,2025-07-21
B0B4KNYQG2,2025-08-18
B0B4KNYQG2,2025-09-15
B0B4KNYQG2,2025-10-13
B0B4KNYQG2,2025-11-10
B0B4KNYQG2,2025-12-08
B0B4KNYQG2,2026-01-05
B0B4KNYQG2,2026-02-02
B0B4KNYQG2,2026-03-02
B0B4N31GXK,2025-04-28
B0B4N31GXK,2025-05-26
B0B4N31GXK,2025-06-23
B0B4N31GXK,2025-07-21
B0B4N31GXK,2025-08-18
B0B4N31GXK,2025-09-15
B0B4N31GXK,2025-10-13
B0B4N31GXK,2025-11-10
B0B4N31GXK,2025-12-08
B0B4N31GXK,2026-01-05
B0B4N31GXK,2026-02-02
B0B4N31GXK,2026-03-02
B0B4W7PDDQ,2025-04-28
B0B4W7PDDQ,2025-05-26
B0B4W7PDDQ,2025-06-23
B0B4W7PDDQ,2025-07-21
B0B4W7PDDQ,2025-08-18
B0B4W7PDDQ,2025-09-15
B0B4W7PDDQ,2025-10-13
B0B4W7PDDQ,2025-11-10
B0B4W7PDDQ,2025-12-08
B0B4W7PDDQ,2026-01-05
B0B4W7PDDQ,2026-02-02
B0B4W7PDDQ,2026-03-02
B0B55NJDMP,2025-04-28
B0B55NJDMP,2025-05-26
B0B55NJDMP,2025-06-23
B0B55NJDMP,2025-07-21
B0B55NJDMP,2025-08-18
B0B55NJDMP,2025-09-15
B0B55NJDMP,2025-10-13
B0B55NJDMP,2025-11-10
B0B55NJDMP,2025-12-08
B0B55NJDMP,2026-01-05
B0B55NJDMP,2026-02-02
B0B55NJDMP,2026-03-02
B0B58ZJW7D,2025-04-28
B0B58ZJW7D,2025-05-26
B0B58ZJW7D,2025-06-23
B0B58ZJW7D,2025-07-21
B0B58ZJW7D,2025-08-18
B0B58ZJW7D,2025-09-15
B0B58ZJW7D,2025-10-13
B0B58ZJW7D,2025-11-10
B0B58ZJW7D,2025-12-08
B0B58ZJW7D,2026-01-05
B0B58ZJW7D,2026-02-02
B0B58ZJW7D,2026-03-02
B0B5913784,2025-04-28
B0B5913784,2025-05-26
B0B5913784,2025-06-23
B0B5913784,2025-07-21
B0B5913784,2025-08-18
B0B5913784,2025-09-15
B0B5913784,2025-10-13
B0B5913784,2025-11-10
B0B5913784,2025-12-08
B0B5913784,2026-01-05
B0B5913784,2026-02-02
B0B5913784,2026-03-02
B0B5CHQX78,2025-04-28
B0B5CHQX78,2025-05-26
B0B5CHQX78,2025-06-23
B0B5CHQX78,2025-07-21
B0B5CHQX78,2025-08-18
B0B5CHQX78,2025-09-15
B0B5CHQX78,2025-10-13
B0B5CHQX78,2025-11-10
B0B5CHQX78,2025-12-08
B0B5CHQX78,2026-01-05
B0B5CHQX78,2026-02-02
B0B5CHQX78,2026-03-02
B0B5GY5SHW,2025-04-28
B0B5GY5SHW,2025-05-26
B0B5GY5SHW,2025-06-23
B0B5GY5SHW,2025-07-21
B0B5GY5SHW,2025-08-18
B0B5GY5SHW,2025-09-15
B0B5GY5SHW,2025-10-13
B0B5GY5SHW,2025-11-10
B0B5GY5SHW,2025-12-08
B0B5GY5SHW,2026-01-05
B0B5GY5SHW,2026-02-02
B0B5GY5SHW,2026-03-02
B0B5HT4PYF,2025-04-28
B0B5HT4PYF,2025-05-26
B0B5HT4PYF,2025-06-23
B0B5HT4PYF,2025-07-21
B0B5HT4PYF,2025-08-18
B0B5HT4PYF,2025-09-15
B0B5HT4PYF,2025-10-13
B0B5HT4PYF,2025-11-10
B0B5HT4PYF,2025-12-08
B0B5HT4PYF,2026-01-05
B0B5HT4PYF,2026-02-02
B0B5HT4PYF,2026-03-02
B0B5K4PCF1,2025-04-28
B0B5K4PCF1,2025-05-26
B0B5K4PCF1,2025-06-23
B0B5K4PCF1,2025-07-21
B0B5K4PCF1,2025-08-18
B0B5K4PCF1,2025-09-15
B0B5K4PCF1,2025-10-13
B0B5K4PCF1,2025-11-10
B0B5K4PCF1,2025-12-08
B0B5K4PCF1,2026-01-05
B0B5K4PCF1,2026-02-02
B0B5K4PCF1,2026-03-02
B0B5LLTCST,2025-04-28
B0B5LLTCST,2025-05-26
B0B5LLTCST,2025-06-23
B0B5LLTCST,2025-07-21
B0B5LLTCST,2025-08-18
B0B5LLTCST,2025-09-15
B0B5LLTCST,2025-10-13
B0B5LLTCST,2025-11-10
B0B5LLTCST,2025-12-08
B0B5LLTCST,2026-01-05
B0B5LLTCST,2026-02-02
B0B5LLTCST,2026-03-02
B0B5LMZJBC,2025-04-28
B0B5LMZJBC,2025-05-26
B0B5LMZJBC,2025-06-23
B0B5LMZJBC,2025-07-21
B0B5LMZJBC,2025-08-18
B0B5LMZJBC,2025-09-15
B0B5LMZJBC,2025-10-13
B0B5LMZJBC,2025-11-10
B0B5LMZJBC,2025-12-08
B0B5LMZJBC,2026-01-05
B0B5LMZJBC,2026-02-02
B0B5LMZJBC,2026-03-02
B0B5LR7FTF,2025-04-28
B0B5LR7FTF,2025-05-26
B0B5LR7FTF,2025-06-23
B0B5LR7FTF,2025-07-21
B0B5LR7FTF,2025-08-18
B0B5LR7FTF,2025-09-15
B0B5LR7FTF,2025-10-13
B0B5LR7FTF,2025-11-10
B0B5LR7FTF,2025-12-08
B0B5LR7FTF,2026-01-05
B0B5LR7FTF,2026-02-02
B0B5LR7FTF,2026-03-02
B0B5LRKFPP,2025-04-28
B0B5LRKFPP,2025-05-26
B0B5LRKFPP,2025-06-23
B0B5LRKFPP,2025-07-21
B0B5LRKFPP,2025-08-18
B0B5LRKFPP,2025-09-15
B0B5LRKFPP,2025-10-13
B0B5LRKFPP,2025-11-10
B0B5LRKFPP,2025-12-08
B0B5LRKFPP,2026-01-05
B0B5LRKFPP,2026-02-02
B0B5LRKFPP,2026-03-02
B0B5M67W9W,2025-04-28
B0B5M67W9W,2025-05-26
B0B5M67W9W,2025-06-23
B0B5M67W9W,2025-07-21
B0B5M67W9W,2025-08-18
B0B5M67W9W,2025-09-15
B0B5M67W9W,2025-10-13
B0B5M67W9W,2025-11-10
B0B5M67W9W,2025-12-08
B0B5M67W9W,2026-01-05
B0B5M67W9W,2026-02-02
B0B5M67W9W,2026-03-02
B0B5TZNQYB,2025-04-28
B0B5TZNQYB,2025-05-26
B0B5TZNQYB,2025-06-23
B0B5TZNQYB,2025-07-21
B0B5TZNQYB,2025-08-18
B0B5TZNQYB,2025-09-15
B0B5TZNQYB,2025-10-13
B0B5TZNQYB,2025-11-10
B0B5TZNQYB,2025-12-08
B0B5TZNQYB,2026-01-05
B0B5TZNQYB,2026-02-02
B0B5TZNQYB,2026-03-02
B0B5V2CF59,2025-04-28
B0B5V2CF59,2025-05-26
B0B5V2CF59,2025-06-23
B0B5V2CF59,2025-07-21
B0B5V2CF59,2025-08-18
B0B5V2CF59,2025-09-15
B0B5V2CF59,2025-10-13
B0B5V2CF59,2025-11-10
B0B5V2CF59,2025-12-08
B0B5V2CF59,2026-01-05
B0B5V2CF59,2026-02-02
B0B5V2CF59,2026-03-02
B0B5X3F4D3,2025-04-28
B0B5X3F4D3,2025-05-26
B0B5X3F4D3,2025-06-23
B0B5X3F4D3,2025-07-21
B0B5X3F4D3,2025-08-18
B0B5X3F4D3,2025-09-15
B0B5X3F4D3,2025-10-13
B0B5X3F4D3,2025-11-10
B0B5X3F4D3,2025-12-08
B0B5X3F4D3,2026-01-05
B0B5X3F4D3,2026-02-02
B0B5X3F4D3,2026-03-02
B0B5X3NW2J,2025-04-28
B0B5X3NW2J,2025-05-26
B0B5X3NW2J,2025-06-23
B0B5X3NW2J,2025-07-21
B0B5X3NW2J,2025-08-18
B0B5X3NW2J,2025-09-15
B0B5X3NW2J,2025-10-13
B0B5X3NW2J,2025-11-10
B0B5X3NW2J,2025-12-08
B0B5X3NW2J,2026-01-05
B0B5X3NW2J,2026-02-02
B0B5X3NW2J,2026-03-02
B0B63FJP42,2025-04-28
B0B63FJP42,2025-05-26
B0B63FJP42,2025-06-23
B0B63FJP42,2025-07-21
B0B63FJP42,2025-08-18
B0B63FJP42,2025-09-15
B0B63FJP42,2025-10-13
B0B63FJP42,2025-11-10
B0B63FJP42,2025-12-08
B0B63FJP42,2026-01-05
B0B63FJP42,2026-02-02
B0B63FJP42,2026-03-02
B0B63LGP8Z,2025-04-28
B0B63LGP8Z,2025-05-26
B0B63LGP8Z,2025-06-23
B0B63LGP8Z,2025-07-21
B0B63LGP8Z,2025-08-18
B0B63LGP8Z,2025-09-15
B0B63LGP8Z,2025-10-13
B0B63LGP8Z,2025-11-10
B0B63LGP8Z,2025-12-08
B0B63LGP8Z,2026-01-05
B0B63LGP8Z,2026-02-02
B0B63LGP8Z,2026-03-02
B0B63LGQ48,2025-04-28
B0B63LGQ48,2025-05-26
B0B63LGQ48,2025-06-23
B0B63LGQ48,2025-07-21
B0B63LGQ48,2025-08-18
B0B63LGQ48,2025-09-15
B0B63LGQ48,2025-10-13
B0B63LGQ48,2025-11-10
B0B63LGQ48,2025-12-08
B0B63LGQ48,2026-01-05
B0B63LGQ48,2026-02-02
B0B63LGQ48,2026-03-02
B0B6BC3LCD,2025-04-28
B0B6BC3LCD,2025-05-26
B0B6BC3LCD,2025-06-23
B0B6BC3LCD,2025-07-21
B0B6BC3LCD,2025-08-18
B0B6BC3LCD,2025-09-15
B0B6BC3LCD,2025-10-13
B0B6BC3LCD,2025-11-10
B0B6BC3LCD,2025-12-08
B0B6BC3LCD,2026-01-05
B0B6BC3LCD,2026-02-02
B0B6BC3LCD,2026-03-02
B0B6BPHQYG,2025-04-28
B0B6BPHQYG,2025-05-26
B0B6BPHQYG,2025-06-23
B0B6BPHQYG,2025-07-21
B0B6BPHQYG,2025-08-18
B0B6BPHQYG,2025-09-15
B0B6BPHQYG,2025-10-13
B0B6BPHQYG,2025-11-10
B0B6BPHQYG,2025-12-08
B0B6BPHQYG,2026-01-05
B0B6BPHQYG,2026-02-02
B0B6BPHQYG,2026-03-02
B0B6F73CPG,2025-04-28
B0B6F73CPG,2025-05-26
B0B6F73CPG,2025-06-23
B0B6F73CPG,2025-07-21
B0B6F73CPG,2025-08-18
B0B6F73CPG,2025-09-15
B0B6F73CPG,2025-10-13
B0B6F73CPG,2025-11-10
B0B6F73CPG,2025-12-08
B0B6F73CPG,2026-01-05
B0B6F73CPG,2026-02-02
B0B6F73CPG,2026-03-02
B0B6FWX6HR,2025-04-28
B0B6FWX6HR,2025-05-26
B0B6FWX6HR,2025-06-23
B0B6FWX6HR,2025-07-21
B0B6FWX6HR,2025-08-18
B0B6FWX6HR,2025-09-15
B0B6FWX6HR,2025-10-13
B0B6FWX6HR,2025-11-10
B0B6FWX6HR,2025-12-08
B0B6FWX6HR,2026-01-05
B0B6FWX6HR,2026-02-02
B0B6FWX6HR,2026-03-02
B0B6G2XCJ7,2025-04-28
B0B6G2XCJ7,2025-05-26
B0B6G2XCJ7,2025-06-23
B0B6G2XCJ7,2025-07-21
B0B6G2XCJ7,2025-08-18
B0B6G2XCJ7,2025-09-15
B0B6G2XCJ7,2025-10-13
B0B6G2XCJ7,2025-11-10
B0B6G2XCJ7,2025-12-08
B0B6G2XCJ7,2026-01-05
B0B6G2XCJ7,2026-02-02
B0B6G2XCJ7,2026-03-02
B0B6G5MW12,2025-04-28
B0B6G5MW12,2025-05-26
B0B6G5MW12,2025-06-23
B0B6G5MW12,2025-07-21
B0B6G5MW12,2025-08-18
B0B6G5MW12,2025-09-15
B0B6G5MW12,2025-10-13
B0B6G5MW12,2025-11-10
B0B6G5MW12,2025-12-08
B0B6G5MW12,2026-01-05
B0B6G5MW12,2026-02-02
B0B6G5MW12,2026-03-02
B0B72F2TGM,2025-04-28
B0B72F2TGM,2025-05-26
B0B72F2TGM,2025-06-23
B0B72F2TGM,2025-07-21
B0B72F2TGM,2025-08-18
B0B72F2TGM,2025-09-15
B0B72F2TGM,2025-10-13
B0B72F2TGM,2025-11-10
B0B72F2TGM,2025-12-08
B0B72F2TGM,2026-01-05
B0B72F2TGM,2026-02-02
B0B72F2TGM,2026-03-02
B0B72JF48T,2025-04-28
B0B72JF48T,2025-05-26
B0B72JF48T,2025-06-23
B0B72JF48T,2025-07-21
B0B72JF48T,2025-08-18
B0B72JF48T,2025-09-15
B0B72JF48T,2025-10-13
B0B72JF48T,2025-11-10
B0B72JF48T,2025-12-08
B0B72JF48T,2026-01-05
B0B72JF48T,2026-02-02
B0B72JF48T,2026-03-02
B0B779P9F2,2025-04-28
B0B779P9F2,2025-05-26
B0B779P9F2,2025-06-23
B0B779P9F2,2025-07-21
B0B779P9F2,2025-08-18
B0B779P9F2,2025-09-15
B0B779P9F2,2025-10-13
B0B779P9F2,2025-11-10
B0B779P9F2,2025-12-08
B0B779P9F2,2026-01-05
B0B779P9F2,2026-02-02
B0B779P9F2,2026-03-02
B0B77D8PLV,2025-04-28
B0B77D8PLV,2025-05-26
B0B77D8PLV,2025-06-23
B0B77D8PLV,2025-07-21
B0B77D8PLV,2025-08-18
B0B77D8PLV,2025-09-15
B0B77D8PLV,2025-10-13
B0B77D8PLV,2025-11-10
B0B77D8PLV,2025-12-08
B0B77D8PLV,2026-01-05
B0B77D8PLV,2026-02-02
B0B77D8PLV,2026-03-02
B0B77DHMK9,2025-04-28
B0B77DHMK9,2025-05-26
B0B77DHMK9,2025-06-23
B0B77DHMK9,2025-07-21
B0B77DHMK9,2025-08-18
B0B77DHMK9,2025-09-15
B0B77DHMK9,2025-10-13
B0B77DHMK9,2025-11-10
B0B77DHMK9,2025-12-08
B0B77DHMK9,2026-01-05
B0B77DHMK9,2026-02-02
B0B77DHMK9,2026-03-02
B0B7BDK1DT,2025-04-28
B0B7BDK1DT,2025-05-26
B0B7BDK1DT,2025-06-23
B0B7BDK1DT,2025-07-21
B0B7BDK1DT,2025-08-18
B0B7BDK1DT,2025-09-15
B0B7BDK1DT,2025-10-13
B0B7BDK1DT,2025-11-10
B0B7BDK1DT,2025-12-08
B0B7BDK1DT,2026-01-05
B0B7BDK1DT,2026-02-02
B0B7BDK1DT,2026-03-02
B0B7BGM9WQ,2025-04-28
B0B7BGM9WQ,2025-05-26
B0B7BGM9WQ,2025-06-23
B0B7BGM9WQ,2025-07-21
B0B7BGM9WQ,2025-08-18
B0B7BGM9WQ,2025-09-15
B0B7BGM9WQ,2025-10-13
B0B7BGM9WQ,2025-11-10
B0B7BGM9WQ,2025-12-08
B0B7BGM9WQ,2026-01-05
B0B7BGM9WQ,2026-02-02
B0B7BGM9WQ,2026-03-02
B0B7BMKGTQ,2025-04-28
B0B7BMKGTQ,2025-05-26
B0B7BMKGTQ,2025-06-23
B0B7BMKGTQ,2025-07-21
B0B7BMKGTQ,2025-08-18
B0B7BMKGTQ,2025-09-15
B0B7BMKGTQ,2025-10-13
B0B7BMKGTQ,2025-11-10
B0B7BMKGTQ,2025-12-08
B0B7BMKGTQ,2026-01-05
B0B7BMKGTQ,2026-02-02
B0B7BMKGTQ,2026-03-02
B0B7HKYHM3,2025-04-28
B0B7HKYHM3,2025-05-26
B0B7HKYHM3,2025-06-23
B0B7HKYHM3,2025-07-21
B0B7HKYHM3,2025-08-18
B0B7HKYHM3,2025-09-15
B0B7HKYHM3,2025-10-13
B0B7HKYHM3,2025-11-10
B0B7HKYHM3,2025-12-08
B0B7HKYHM3,2026-01-05
B0B7HKYHM3,2026-02-02
B0B7HKYHM3,2026-03-02
B0B7HM5228,2025-04-28
B0B7HM5228,2025-05-26
B0B7HM5228,2025-06-23
B0B7HM5228,2025-07-21
B0B7HM5228,2025-08-18
B0B7HM5228,2025-09-15
B0B7HM5228,2025-10-13
B0B7HM5228,2025-11-10
B0B7HM5228,2025-12-08
B0B7HM5228,2026-01-05
B0B7HM5228,2026-02-02
B0B7HM5228,2026-03-02
B0B7HMJ2S8,2025-04-28
B0B7HMJ2S8,2025-05-26
B0B7HMJ2S8,2025-06-23
B0B7HMJ2S8,2025-07-21
B0B7HMJ2S8,2025-08-18
B0B7HMJ2S8,2025-09-15
B0B7HMJ2S8,2025-10-13
B0B7HMJ2S8,2025-11-10
B0B7HMJ2S8,2025-12-08
B0B7HMJ2S8,2026-01-05
B0B7HMJ2S8,2026-02-02
B0B7HMJ2S8,2026-03-02
B0B7HMPMW5,2025-04-28
B0B7HMPMW5,2025-05-26
B0B7HMPMW5,2025-06-23
B0B7HMPMW5,2025-07-21
B0B7HMPMW5,2025-08-18
B0B7HMPMW5,2025-09-15
B0B7HMPMW5,2025-10-13
B0B7HMPMW5,2025-11-10
B0B7HMPMW5,2025-12-08
B0B7HMPMW5,2026-01-05
B0B7HMPMW5,2026-02-02
B0B7HMPMW5,2026-03-02
B0B7JFHMPY,2025-04-28
B0B7JFHMPY,2025-05-26
B0B7JFHMPY,2025-06-23
B0B7JFHMPY,2025-07-21
B0B7JFHMPY,2025-08-18
B0B7JFHMPY,2025-09-15
B0B7JFHMPY,2025-10-13
B0B7JFHMPY,2025-11-10
B0B7JFHMPY,2025-12-08
B0B7JFHMPY,2026-01-05
B0B7JFHMPY,2026-02-02
B0B7JFHMPY,2026-03-02
B0B7YX971J,2025-04-28
B0B7YX971J,2025-05-26
B0B7YX971J,2025-06-23
B0B7YX971J,2025-07-21
B0B7YX971J,2025-08-18
B0B7YX971J,2025-09-15
B0B7YX971J,2025-10-13
B0B7YX971J,2025-11-10
B0B7YX971J,2025-12-08
B0B7YX971J,2026-01-05
B0B7YX971J,2026-02-02
B0B7YX971J,2026-03-02
B0B81R9KF3,2025-04-28
B0B81R9KF3,2025-05-26
B0B81R9KF3,2025-06-23
B0B81R9KF3,2025-07-21
B0B81R9KF3,2025-08-18
B0B81R9KF3,2025-09-15
B0B81R9KF3,2025-10-13
B0B81R9KF3,2025-11-10
B0B81R9KF3,2025-12-08
B0B81R9KF3,2026-01-05
B0B81R9KF3,2026-02-02
B0B81R9KF3,2026-03-02
B0B81RGX88,2025-04-28
B0B81RGX88,2025-05-26
B0B81RGX88,2025-06-23
B0B81RGX88,2025-07-21
B0B81RGX88,2025-08-18
B0B81RGX88,2025-09-15
B0B81RGX88,2025-10-13
B0B81RGX88,2025-11-10
B0B81RGX88,2025-12-08
B0B81RGX88,2026-01-05
B0B81RGX88,2026-02-02
B0B81RGX88,2026-03-02
B0B81SQFCX,2025-04-28
B0B81SQFCX,2025-05-26
B0B81SQFCX,2025-06-23
B0B81SQFCX,2025-07-21
B0B81SQFCX,2025-08-18
B0B81SQFCX,2025-09-15
B0B81SQFCX,2025-10-13
B0B81SQFCX,2025-11-10
B0B81SQFCX,2025-12-08
B0B81SQFCX,2026-01-05
B0B81SQFCX,2026-02-02
B0B81SQFCX,2026-03-02
B0B83ZSDLN,2025-04-28
B0B83ZSDLN,2025-05-26
B0B83ZSDLN,2025-06-23
B0B83ZSDLN,2025-07-21
B0B83ZSDLN,2025-08-18
B0B83ZSDLN,2025-09-15
B0B83ZSDLN,2025-10-13
B0B83ZSDLN,2025-11-10
B0B83ZSDLN,2025-12-08
B0B83ZSDLN,2026-01-05
B0B83ZSDLN,2026-02-02
B0B83ZSDLN,2026-03-02
B0B8HCR9CZ,2025-04-28
B0B8HCR9CZ,2025-05-26
B0B8HCR9CZ,2025-06-23
B0B8HCR9CZ,2025-07-21
B0B8HCR9CZ,2025-08-18
B0B8HCR9CZ,2025-09-15
B0B8HCR9CZ,2025-10-13
B0B8HCR9CZ,2025-11-10
B0B8HCR9CZ,2025-12-08
B0B8HCR9CZ,2026-01-05
B0B8HCR9CZ,2026-02-02
B0B8HCR9CZ,2026-03-02
B0B8HCXSRG,2025-04-28
B0B8HCXSRG,2025-05-26
B0B8HCXSRG,2025-06-23
B0B8HCXSRG,2025-07-21
B0B8HCXSRG,2025-08-18
B0B8HCXSRG,2025-09-15
B0B8HCXSRG,2025-10-13
B0B8HCXSRG,2025-11-10
B0B8HCXSRG,2025-12-08
B0B8HCXSRG,2026-01-05
B0B8HCXSRG,2026-02-02
B0B8HCXSRG,2026-03-02
B0B8HDM79J,2025-04-28
B0B8HDM79J,2025-05-26
B0B8HDM79J,2025-06-23
B0B8HDM79J,2025-07-21
B0B8HDM79J,2025-08-18
B0B8HDM79J,2025-09-15
B0B8HDM79J,2025-10-13
B0B8HDM79J,2025-11-10
B0B8HDM79J,2025-12-08
B0B8HDM79J,2026-01-05
B0B8HDM79J,2026-02-02
B0B8HDM79J,2026-03-02
B0B8HFVXFJ,2025-04-28
B0B8HFVXFJ,2025-05-26
B0B8HFVXFJ,2025-06-23
B0B8HFVXFJ,2025-07-21
B0B8HFVXFJ,2025-08-18
B0B8HFVXFJ,2025-09-15
B0B8HFVXFJ,2025-10-13
B0B8HFVXFJ,2025-11-10
B0B8HFVXFJ,2025-12-08
B0B8HFVXFJ,2026-01-05
B0B8HFVXFJ,2026-02-02
B0B8HFVXFJ,2026-03-02
B0B8HFZV9Z,2025-04-28
B0B8HFZV9Z,2025-05-26
B0B8HFZV9Z,2025-06-23
B0B8HFZV9Z,2025-07-21
B0B8HFZV9Z,2025-08-18
B0B8HFZV9Z,2025-09-15
B0B8HFZV9Z,2025-10-13
B0B8HFZV9Z,2025-11-10
B0B8HFZV9Z,2025-12-08
B0B8HFZV9Z,2026-01-05
B0B8HFZV9Z,2026-02-02
B0B8HFZV9Z,2026-03-02
B0B8HH1TDN,2025-04-28
B0B8HH1TDN,2025-05-26
B0B8HH1TDN,2025-06-23
B0B8HH1TDN,2025-07-21
B0B8HH1TDN,2025-08-18
B0B8HH1TDN,2025-09-15
B0B8HH1TDN,2025-10-13
B0B8HH1TDN,2025-11-10
B0B8HH1TDN,2025-12-08
B0B8HH1TDN,2026-01-05
B0B8HH1TDN,2026-02-02
B0B8HH1TDN,2026-03-02
B0B8HJCQ7C,2025-04-28
B0B8HJCQ7C,2025-05-26
B0B8HJCQ7C,2025-06-23
B0B8HJCQ7C,2025-07-21
B0B8HJCQ7C,2025-08-18
B0B8HJCQ7C,2025-09-15
B0B8HJCQ7C,2025-10-13
B0B8HJCQ7C,2025-11-10
B0B8HJCQ7C,2025-12-08
B0B8HJCQ7C,2026-01-05
B0B8HJCQ7C,2026-02-02
B0B8HJCQ7C,2026-03-02
B0B8MWV6C9,2025-04-28
B0B8MWV6C9,2025-05-26
B0B8MWV6C9,2025-06-23
B0B8MWV6C9,2025-07-21
B0B8MWV6C9,2025-08-18
B0B8MWV6C9,2025-09-15
B0B8MWV6C9,2025-10-13
B0B8MWV6C9,2025-11-10
B0B8MWV6C9,2025-12-08
B0B8MWV6C9,2026-01-05
B0B8MWV6C9,2026-02-02
B0B8MWV6C9,2026-03-02
B0B8R78T5W,2025-04-28
B0B8R78T5W,2025-05-26
B0B8R78T5W,2025-06-23
B0B8R78T5W,2025-07-21
B0B8R78T5W,2025-08-18
B0B8R78T5W,2025-09-15
B0B8R78T5W,2025-10-13
B0B8R78T5W,2025-11-10
B0B8R78T5W,2025-12-08
B0B8R78T5W,2026-01-05
B0B8R78T5W,2026-02-02
B0B8R78T5W,2026-03-02
B0B8RSYNXG,2025-04-28
B0B8RSYNXG,2025-05-26
B0B8RSYNXG,2025-06-23
B0B8RSYNXG,2025-07-21
B0B8RSYNXG,2025-08-18
B0B8RSYNXG,2025-09-15
B0B8RSYNXG,2025-10-13
B0B8RSYNXG,2025-11-10
B0B8RSYNXG,2025-12-08
B0B8RSYNXG,2026-01-05
B0B8RSYNXG,2026-02-02
B0B8RSYNXG,2026-03-02
B0B8ZWHRL6,2025-04-28
B0B8ZWHRL6,2025-05-26
B0B8ZWHRL6,2025-06-23
B0B8ZWHRL6,2025-07-21
B0B8ZWHRL6,2025-08-18
B0B8ZWHRL6,2025-09-15
B0B8ZWHRL6,2025-10-13
B0B8ZWHRL6,2025-11-10
B0B8ZWHRL6,2025-12-08
B0B8ZWHRL6,2026-01-05
B0B8ZWHRL6,2026-02-02
B0B8ZWHRL6,2026-03-02
B0B937Y4MC,2025-04-28
B0B937Y4MC,2025-05-26
B0B937Y4MC,2025-06-23
B0B937Y4MC,2025-07-21
B0B937Y4MC,2025-08-18
B0B937Y4MC,2025-09-15
B0B937Y4MC,2025-10-13
B0B937Y4MC,2025-11-10
B0B937Y4MC,2025-12-08
B0B937Y4MC,2026-01-05
B0B937Y4MC,2026-02-02
B0B937Y4MC,2026-03-02
B0B9BG5GV8,2025-04-28
B0B9BG5GV8,2025-05-26
B0B9BG5GV8,2025-06-23
B0B9BG5GV8,2025-07-21
B0B9BG5GV8,2025-08-18
B0B9BG5GV8,2025-09-15
B0B9BG5GV8,2025-10-13
B0B9BG5GV8,2025-11-10
B0B9BG5GV8,2025-12-08
B0B9BG5GV8,2026-01-05
B0B9BG5GV8,2026-02-02
B0B9BG5GV8,2026-03-02
B0B9H6HJW3,2025-04-28
B0B9H6HJW3,2025-05-26
B0B9H6HJW3,2025-06-23
B0B9H6HJW3,2025-07-21
B0B9H6HJW3,2025-08-18
B0B9H6HJW3,2025-09-15
B0B9H6HJW3,2025-10-13
B0B9H6HJW3,2025-11-10
B0B9H6HJW3,2025-12-08
B0B9H6HJW3,2026-01-05
B0B9H6HJW3,2026-02-02
B0B9H6HJW3,2026-03-02
B0B9SKYZ8F,2025-04-28
B0B9SKYZ8F,2025-05-26
B0B9SKYZ8F,2025-06-23
B0B9SKYZ8F,2025-07-21
B0B9SKYZ8F,2025-08-18
B0B9SKYZ8F,2025-09-15
B0B9SKYZ8F,2025-10-13
B0B9SKYZ8F,2025-11-10
B0B9SKYZ8F,2025-12-08
B0B9SKYZ8F,2026-01-05
B0B9SKYZ8F,2026-02-02
B0B9SKYZ8F,2026-03-02
B0B9T1FJM7,2025-04-28
B0B9T1FJM7,2025-05-26
B0B9T1FJM7,2025-06-23
B0B9T1FJM7,2025-07-21
B0B9T1FJM7,2025-08-18
B0B9T1FJM7,2025-09-15
B0B9T1FJM7,2025-10-13
B0B9T1FJM7,2025-11-10
B0B9T1FJM7,2025-12-08
B0B9T1FJM7,2026-01-05
B0B9T1FJM7,2026-02-02
B0B9T1FJM7,2026-03-02
B0B9YPH1ZG,2025-04-28
B0B9YPH1ZG,2025-05-26
B0B9YPH1ZG,2025-06-23
B0B9YPH1ZG,2025-07-21
B0B9YPH1ZG,2025-08-18
B0B9YPH1ZG,2025-09-15
B0B9YPH1ZG,2025-10-13
B0B9YPH1ZG,2025-11-10
B0B9YPH1ZG,2025-12-08
B0B9YPH1ZG,2026-01-05
B0B9YPH1ZG,2026-02-02
B0B9YPH1ZG,2026-03-02
B0B9Z3X5FT,2025-04-28
B0B9Z3X5FT,2025-05-26
B0B9Z3X5FT,2025-06-23
B0B9Z3X5FT,2025-07-21
B0B9Z3X5FT,2025-08-18
B0B9Z3X5FT,2025-09-15
B0B9Z3X5FT,2025-10-13
B0B9Z3X5FT,2025-11-10
B0B9Z3X5FT,2025-12-08
B0B9Z3X5FT,2026-01-05
B0B9Z3X5FT,2026-02-02
B0B9Z3X5FT,2026-03-02
B0BB28C7J8,2025-04-28
B0BB28C7J8,2025-05-26
B0BB28C7J8,2025-06-23
B0BB28C7J8,2025-07-21
B0BB28C7J8,2025-08-18
B0BB28C7J8,2025-09-15
B0BB28C7J8,2025-10-13
B0BB28C7J8,2025-11-10
B0BB28C7J8,2025-12-08
B0BB28C7J8,2026-01-05
B0BB28C7J8,2026-02-02
B0BB28C7J8,2026-03-02
B0BB28PF25,2025-04-28
B0BB28PF25,2025-05-26
B0BB28PF25,2025-06-23
B0BB28PF25,2025-07-21
B0BB28PF25,2025-08-18
B0BB28PF25,2025-09-15
B0BB28PF25,2025-10-13
B0BB28PF25,2025-11-10
B0BB28PF25,2025-12-08
B0BB28PF25,2026-01-05
B0BB28PF25,2026-02-02
B0BB28PF25,2026-03-02
B0BBM8CWRM,2025-04-28
B0BBM8CWRM,2025-05-26
B0BBM8CWRM,2025-06-23
B0BBM8CWRM,2025-07-21
B0BBM8CWRM,2025-08-18
B0BBM8CWRM,2025-09-15
B0BBM8CWRM,2025-10-13
B0BBM8CWRM,2025-11-10
B0BBM8CWRM,2025-12-08
B0BBM8CWRM,2026-01-05
B0BBM8CWRM,2026-02-02
B0BBM8CWRM,2026-03-02
B0BBMBV34P,2025-04-28
B0BBMBV34P,2025-05-26
B0BBMBV34P,2025-06-23
B0BBMBV34P,2025-07-21
B0BBMBV34P,2025-08-18
B0BBMBV34P,2025-09-15
B0BBMBV34P,2025-10-13
B0BBMBV34P,2025-11-10
B0BBMBV34P,2025-12-08
B0BBMBV34P,2026-01-05
B0BBMBV34P,2026-02-02
B0BBMBV34P,2026-03-02
B0BBNBFR9X,2025-04-28
B0BBNBFR9X,2025-05-26
B0BBNBFR9X,2025-06-23
B0BBNBFR9X,2025-07-21
B0BBNBFR9X,2025-08-18
B0BBNBFR9X,2025-09-15
B0BBNBFR9X,2025-10-13
B0BBNBFR9X,2025-11-10
B0BBNBFR9X,2025-12-08
B0BBNBFR9X,2026-01-05
B0BBNBFR9X,2026-02-02
B0BBNBFR9X,2026-03-02
B0BBNFVVGF,2025-04-28
B0BBNFVVGF,2025-05-26
B0BBNFVVGF,2025-06-23
B0BBNFVVGF,2025-07-21
B0BBNFVVGF,2025-08-18
B0BBNFVVGF,2025-09-15
B0BBNFVVGF,2025-10-13
B0BBNFVVGF,2025-11-10
B0BBNFVVGF,2025-12-08
B0BBNFVVGF,2026-01-05
B0BBNFVVGF,2026-02-02
B0BBNFVVGF,2026-03-02
B0BBQHJ81G,2025-04-28
B0BBQHJ81G,2025-05-26
B0BBQHJ81G,2025-06-23
B0BBQHJ81G,2025-07-21
B0BBQHJ81G,2025-08-18
B0BBQHJ81G,2025-09-15
B0BBQHJ81G,2025-10-13
B0BBQHJ81G,2025-11-10
B0BBQHJ81G,2025-12-08
B0BBQHJ81G,2026-01-05
B0BBQHJ81G,2026-02-02
B0BBQHJ81G,2026-03-02
B0BBRD2X4H,2025-04-28
B0BBRD2X4H,2025-05-26
B0BBRD2X4H,2025-06-23
B0BBRD2X4H,2025-07-21
B0BBRD2X4H,2025-08-18
B0BBRD2X4H,2025-09-15
B0BBRD2X4H,2025-10-13
B0BBRD2X4H,2025-11-10
B0BBRD2X4H,2025-12-08
B0BBRD2X4H,2026-01-05
B0BBRD2X4H,2026-02-02
B0BBRD2X4H,2026-03-02
B0BBTZC2Z3,2025-04-28
B0BBTZC2Z3,2025-05-26
B0BBTZC2Z3,2025-06-23
B0BBTZC2Z3,2025-07-21
B0BBTZC2Z3,2025-08-18
B0BBTZC2Z3,2025-09-15
B0BBTZC2Z3,2025-10-13
B0BBTZC2Z3,2025-11-10
B0BBTZC2Z3,2025-12-08
B0BBTZC2Z3,2026-01-05
B0BBTZC2Z3,2026-02-02
B0BBTZC2Z3,2026-03-02
B0BBZLX1XM,2025-04-28
B0BBZLX1XM,2025-05-26
B0BBZLX1XM,2025-06-23
B0BBZLX1XM,2025-07-21
B0BBZLX1XM,2025-08-18
B0BBZLX1XM,2025-09-15
B0BBZLX1XM,2025-10-13
B0BBZLX1XM,2025-11-10
B0BBZLX1XM,2025-12-08
B0BBZLX1XM,2026-01-05
B0BBZLX1XM,2026-02-02
B0BBZLX1XM,2026-03-02
B0BCFSSCB4,2025-04-28
B0BCFSSCB4,2025-05-26
B0BCFSSCB4,2025-06-23
B0BCFSSCB4,2025-07-21
B0BCFSSCB4,2025-08-18
B0BCFSSCB4,2025-09-15
B0BCFSSCB4,2025-10-13
B0BCFSSCB4,2025-11-10
B0BCFSSCB4,2025-12-08
B0BCFSSCB4,2026-01-05
B0BCFSSCB4,2026-02-02
B0BCFSSCB4,2026-03-02
B0BCNGSVHX,2025-04-28
B0BCNGSVHX,2025-05-26
B0BCNGSVHX,2025-06-23
B0BCNGSVHX,2025-07-21
B0BCNGSVHX,2025-08-18
B0BCNGSVHX,2025-09-15
B0BCNGSVHX,2025-10-13
B0BCNGSVHX,2025-11-10
B0BCNGSVHX,2025-12-08
B0BCNGSVHX,2026-01-05
B0BCNGSVHX,2026-02-02
B0BCNGSVHX,2026-03-02
B0BCPNG3N7,2025-04-28
B0BCPNG3N7,2025-05-26
B0BCPNG3N7,2025-06-23
B0BCPNG3N7,2025-07-21
B0BCPNG3N7,2025-08-18
B0BCPNG3N7,2025-09-15
B0BCPNG3N7,2025-10-13
B0BCPNG3N7,2025-11-10
B0BCPNG3N7,2025-12-08
B0BCPNG3N7,2026-01-05
B0BCPNG3N7,2026-02-02
B0BCPNG3N7,2026-03-02
B0BCW3X41R,2025-04-28
B0BCW3X41R,2025-05-26
B0BCW3X41R,2025-06-23
B0BCW3X41R,2025-07-21
B0BCW3X41R,2025-08-18
B0BCW3X41R,2025-09-15
B0BCW3X41R,2025-10-13
B0BCW3X41R,2025-11-10
B0BCW3X41R,2025-12-08
B0BCW3X41R,2026-01-05
B0BCW3X41R,2026-02-02
B0BCW3X41R,2026-03-02
B0BDDCBDZM,2025-04-28
B0BDDCBDZM,2025-05-26
B0BDDCBDZM,2025-06-23
B0BDDCBDZM,2025-07-21
B0BDDCBDZM,2025-08-18
B0BDDCBDZM,2025-09-15
B0BDDCBDZM,2025-10-13
B0BDDCBDZM,2025-11-10
B0BDDCBDZM,2025-12-08
B0BDDCBDZM,2026-01-05
B0BDDCBDZM,2026-02-02
B0BDDCBDZM,2026-03-02
B0BDDSCKPX,2025-04-28
B0BDDSCKPX,2025-05-26
B0BDDSCKPX,2025-06-23
B0BDDSCKPX,2025-07-21
B0BDDSCKPX,2025-08-18
B0BDDSCKPX,2025-09-15
B0BDDSCKPX,2025-10-13
B0BDDSCKPX,2025-11-10
B0BDDSCKPX,2025-12-08
B0BDDSCKPX,2026-01-05
B0BDDSCKPX,2026-02-02
B0BDDSCKPX,2026-03-02
B0BDFD78MX,2025-04-28
B0BDFD78MX,2025-05-26
B0BDFD78MX,2025-06-23
B0BDFD78MX,2025-07-21
B0BDFD78MX,2025-08-18
B0BDFD78MX,2025-09-15
B0BDFD78MX,2025-10-13
B0BDFD78MX,2025-11-10
B0BDFD78MX,2025-12-08
B0BDFD78MX,2026-01-05
B0BDFD78MX,2026-02-02
B0BDFD78MX,2026-03-02
B0BDFG44M5,2025-04-28
B0BDFG44M5,2025-05-26
B0BDFG44M5,2025-06-23
B0BDFG44M5,2025-07-21
B0BDFG44M5,2025-08-18
B0BDFG44M5,2025-09-15
B0BDFG44M5,2025-10-13
B0BDFG44M5,2025-11-10
B0BDFG44M5,2025-12-08
B0BDFG44M5,2026-01-05
B0BDFG44M5,2026-02-02
B0BDFG44M5,2026-03-02
B0BDKBCFJD,2025-04-28
B0BDKBCFJD,2025-05-26
B0BDKBCFJD,2025-06-23
B0BDKBCFJD,2025-07-21
B0BDKBCFJD,2025-08-18
B0BDKBCFJD,2025-09-15
B0BDKBCFJD,2025-10-13
B0BDKBCFJD,2025-11-10
B0BDKBCFJD,2025-12-08
B0BDKBCFJD,2026-01-05
B0BDKBCFJD,2026-02-02
B0BDKBCFJD,2026-03-02
B0BDLFSC73,2025-04-28
B0BDLFSC73,2025-05-26
B0BDLFSC73,2025-06-23
B0BDLFSC73,2025-07-21
B0BDLFSC73,2025-08-18
B0BDLFSC73,2025-09-15
B0BDLFSC73,2025-10-13
B0BDLFSC73,2025-11-10
B0BDLFSC73,2025-12-08
B0BDLFSC73,2026-01-05
B0BDLFSC73,2026-02-02
B0BDLFSC73,2026-03-02
B0BDZCMMCQ,2025-04-28
B0BDZCMMCQ,2025-05-26
B0BDZCMMCQ,2025-06-23
B0BDZCMMCQ,2025-07-21
B0BDZCMMCQ,2025-08-18
B0BDZCMMCQ,2025-09-15
B0BDZCMMCQ,2025-10-13
B0BDZCMMCQ,2025-11-10
B0BDZCMMCQ,2025-12-08
B0BDZCMMCQ,2026-01-05
B0BDZCMMCQ,2026-02-02
B0BDZCMMCQ,2026-03-02
B0BF4MBNS5,2025-04-28
B0BF4MBNS5,2025-05-26
B0BF4MBNS5,2025-06-23
B0BF4MBNS5,2025-07-21
B0BF4MBNS5,2025-08-18
B0BF4MBNS5,2025-09-15
B0BF4MBNS5,2025-10-13
B0BF4MBNS5,2025-11-10
B0BF4MBNS5,2025-12-08
B0BF4MBNS5,2026-01-05
B0BF4MBNS5,2026-02-02
B0BF4MBNS5,2026-03-02
B0BFDV7725,2025-04-28
B0BFDV7725,2025-05-26
B0BFDV7725,2025-06-23
B0BFDV7725,2025-07-21
B0BFDV7725,2025-08-18
B0BFDV7725,2025-09-15
B0BFDV7725,2025-10-13
B0BFDV7725,2025-11-10
B0BFDV7725,2025-12-08
B0BFDV7725,2026-01-05
B0BFDV7725,2026-02-02
B0BFDV7725,2026-03-02
B0BFHRRQ5T,2025-04-28
B0BFHRRQ5T,2025-05-26
B0BFHRRQ5T,2025-06-23
B0BFHRRQ5T,2025-07-21
B0BFHRRQ5T,2025-08-18
B0BFHRRQ5T,2025-09-15
B0BFHRRQ5T,2025-10-13
B0BFHRRQ5T,2025-11-10
B0BFHRRQ5T,2025-12-08
B0BFHRRQ5T,2026-01-05
B0BFHRRQ5T,2026-02-02
B0BFHRRQ5T,2026-03-02
B0BFVQZBJF,2025-04-28
B0BFVQZBJF,2025-05-26
B0BFVQZBJF,2025-06-23
B0BFVQZBJF,2025-07-21
B0BFVQZBJF,2025-08-18
B0BFVQZBJF,2025-09-15
B0BFVQZBJF,2025-10-13
B0BFVQZBJF,2025-11-10
B0BFVQZBJF,2025-12-08
B0BFVQZBJF,2026-01-05
B0BFVQZBJF,2026-02-02
B0BFVQZBJF,2026-03-02
B0BFVWGZQQ,2025-04-28
B0BFVWGZQQ,2025-05-26
B0BFVWGZQQ,2025-06-23
B0BFVWGZQQ,2025-07-21
B0BFVWGZQQ,2025-08-18
B0BFVWGZQQ,2025-09-15
B0BFVWGZQQ,2025-10-13
B0BFVWGZQQ,2025-11-10
B0BFVWGZQQ,2025-12-08
B0BFVWGZQQ,2026-01-05
B0BFVWGZQQ,2026-02-02
B0BFVWGZQQ,2026-03-02
B0BG2GHV9C,2025-04-28
B0BG2GHV9C,2025-05-26
B0BG2GHV9C,2025-06-23
B0BG2GHV9C,2025-07-21
B0BG2GHV9C,2025-08-18
B0BG2GHV9C,2025-09-15
B0BG2GHV9C,2025-10-13
B0BG2GHV9C,2025-11-10
B0BG2GHV9C,2025-12-08
B0BG2GHV9C,2026-01-05
B0BG2GHV9C,2026-02-02
B0BG2GHV9C,2026-03-02
B0BG961YNS,2025-04-28
B0BG961YNS,2025-05-26
B0BG961YNS,2025-06-23
B0BG961YNS,2025-07-21
B0BG961YNS,2025-08-18
B0BG961YNS,2025-09-15
B0BG961YNS,2025-10-13
B0BG961YNS,2025-11-10
B0BG961YNS,2025-12-08
B0BG961YNS,2026-01-05
B0BG961YNS,2026-02-02
B0BG961YNS,2026-03-02
B0BGGGP75D,2025-04-28
B0BGGGP75D,2025-05-26
B0BGGGP75D,2025-06-23
B0BGGGP75D,2025-07-21
B0BGGGP75D,2025-08-18
B0BGGGP75D,2025-09-15
B0BGGGP75D,2025-10-13
B0BGGGP75D,2025-11-10
B0BGGGP75D,2025-12-08
B0BGGGP75D,2026-01-05
B0BGGGP75D,2026-02-02
B0BGGGP75D,2026-03-02
B0BGR7P152,2025-04-28
B0BGR7P152,2025-05-26
B0BGR7P152,2025-06-23
B0BGR7P152,2025-07-21
B0BGR7P152,2025-08-18
B0BGR7P152,2025-09-15
B0BGR7P152,2025-10-13
B0BGR7P152,2025-11-10
B0BGR7P152,2025-12-08
B0BGR7P152,2026-01-05
B0BGR7P152,2026-02-02
B0BGR7P152,2026-03-02
B0BGRYM9FC,2025-04-28
B0BGRYM9FC,2025-05-26
B0BGRYM9FC,2025-06-23
B0BGRYM9FC,2025-07-21
B0BGRYM9FC,2025-08-18
B0BGRYM9FC,2025-09-15
B0BGRYM9FC,2025-10-13
B0BGRYM9FC,2025-11-10
B0BGRYM9FC,2025-12-08
B0BGRYM9FC,2026-01-05
B0BGRYM9FC,2026-02-02
B0BGRYM9FC,2026-03-02
B0BH85BZQ4,2025-04-28
B0BH85BZQ4,2025-05-26
B0BH85BZQ4,2025-06-23
B0BH85BZQ4,2025-07-21
B0BH85BZQ4,2025-08-18
B0BH85BZQ4,2025-09-15
B0BH85BZQ4,2025-10-13
B0BH85BZQ4,2025-11-10
B0BH85BZQ4,2025-12-08
B0BH85BZQ4,2026-01-05
B0BH85BZQ4,2026-02-02
B0BH85BZQ4,2026-03-02
B0BH8TS33Y,2025-04-28
B0BH8TS33Y,2025-05-26
B0BH8TS33Y,2025-06-23
B0BH8TS33Y,2025-07-21
B0BH8TS33Y,2025-08-18
B0BH8TS33Y,2025-09-15
B0BH8TS33Y,2025-10-13
B0BH8TS33Y,2025-11-10
B0BH8TS33Y,2025-12-08
B0BH8TS33Y,2026-01-05
B0BH8TS33Y,2026-02-02
B0BH8TS33Y,2026-03-02
B0BHD8MTQG,2025-04-28
B0BHD8MTQG,2025-05-26
B0BHD8MTQG,2025-06-23
B0BHD8MTQG,2025-07-21
B0BHD8MTQG,2025-08-18
B0BHD8MTQG,2025-09-15
B0BHD8MTQG,2025-10-13
B0BHD8MTQG,2025-11-10
B0BHD8MTQG,2025-12-08
B0BHD8MTQG,2026-01-05
B0BHD8MTQG,2026-02-02
B0BHD8MTQG,2026-03-02
B0BHD9B25F,2025-04-28
B0BHD9B25F,2025-05-26
B0BHD9B25F,2025-06-23
B0BHD9B25F,2025-07-21
B0BHD9B25F,2025-08-18
B0BHD9B25F,2025-09-15
B0BHD9B25F,2025-10-13
B0BHD9B25F,2025-11-10
B0BHD9B25F,2025-12-08
B0BHD9B25F,2026-01-05
B0BHD9B25F,2026-02-02
B0BHD9B25F,2026-03-02
B0BHD9F9PW,2025-04-28
B0BHD9F9PW,2025-05-26
B0BHD9F9PW,2025-06-23
B0BHD9F9PW,2025-07-21
B0BHD9F9PW,2025-08-18
B0BHD9F9PW,2025-09-15
B0BHD9F9PW,2025-10-13
B0BHD9F9PW,2025-11-10
B0BHD9F9PW,2025-12-08
B0BHD9F9PW,2026-01-05
B0BHD9F9PW,2026-02-02
B0BHD9F9PW,2026-03-02
B0BHDBGYVD,2025-04-28
B0BHDBGYVD,2025-05-26
B0BHDBGYVD,2025-06-23
B0BHDBGYVD,2025-07-21
B0BHDBGYVD,2025-08-18
B0BHDBGYVD,2025-09-15
B0BHDBGYVD,2025-10-13
B0BHDBGYVD,2025-11-10
B0BHDBGYVD,2025-12-08
B0BHDBGYVD,2026-01-05
B0BHDBGYVD,2026-02-02
B0BHDBGYVD,2026-03-02
B0BHR9FS5W,2025-04-28
B0BHR9FS5W,2025-05-26
B0BHR9FS5W,2025-06-23
B0BHR9FS5W,2025-07-21
B0BHR9FS5W,2025-08-18
B0BHR9FS5W,2025-09-15
B0BHR9FS5W,2025-10-13
B0BHR9FS5W,2025-11-10
B0BHR9FS5W,2025-12-08
B0BHR9FS5W,2026-01-05
B0BHR9FS5W,2026-02-02
B0BHR9FS5W,2026-03-02
B0BHT5NW23,2025-04-28
B0BHT5NW23,2025-05-26
B0BHT5NW23,2025-06-23
B0BHT5NW23,2025-07-21
B0BHT5NW23,2025-08-18
B0BHT5NW23,2025-09-15
B0BHT5NW23,2025-10-13
B0BHT5NW23,2025-11-10
B0BHT5NW23,2025-12-08
B0BHT5NW23,2026-01-05
B0BHT5NW23,2026-02-02
B0BHT5NW23,2026-03-02
B0BHY61SJ5,2025-04-28
B0BHY61SJ5,2025-05-26
B0BHY61SJ5,2025-06-23
B0BHY61SJ5,2025-07-21
B0BHY61SJ5,2025-08-18
B0BHY61SJ5,2025-09-15
B0BHY61SJ5,2025-10-13
B0BHY61SJ5,2025-11-10
B0BHY61SJ5,2025-12-08
B0BHY61SJ5,2026-01-05
B0BHY61SJ5,2026-02-02
B0BHY61SJ5,2026-03-02
B0BHY8XG86,2025-04-28
B0BHY8XG86,2025-05-26
B0BHY8XG86,2025-06-23
B0BHY8XG86,2025-07-21
B0BHY8XG86,2025-08-18
B0BHY8XG86,2025-09-15
B0BHY8XG86,2025-10-13
B0BHY8XG86,2025-11-10
B0BHY8XG86,2025-12-08
B0BHY8XG86,2026-01-05
B0BHY8XG86,2026-02-02
B0BHY8XG86,2026-03-02
B0BHYNR978,2025-04-28
B0BHYNR978,2025-05-26
B0BHYNR978,2025-06-23
B0BHYNR978,2025-07-21
B0BHYNR978,2025-08-18
B0BHYNR978,2025-09-15
B0BHYNR978,2025-10-13
B0BHYNR978,2025-11-10
B0BHYNR978,2025-12-08
B0BHYNR978,2026-01-05
B0BHYNR978,2026-02-02
B0BHYNR978,2026-03-02
B0BHYWTR68,2025-04-28
B0BHYWTR68,2025-05-26
B0BHYWTR68,2025-06-23
B0BHYWTR68,2025-07-21
B0BHYWTR68,2025-08-18
B0BHYWTR68,2025-09-15
B0BHYWTR68,2025-10-13
B0BHYWTR68,2025-11-10
B0BHYWTR68,2025-12-08
B0BHYWTR68,2026-01-05
B0BHYWTR68,2026-02-02
B0BHYWTR68,2026-03-02
B0BHYXD4HF,2025-04-28
B0BHYXD4HF,2025-05-26
B0BHYXD4HF,2025-06-23
B0BHYXD4HF,2025-07-21
B0BHYXD4HF,2025-08-18
B0BHYXD4HF,2025-09-15
B0BHYXD4HF,2025-10-13
B0BHYXD4HF,2025-11-10
B0BHYXD4HF,2025-12-08
B0BHYXD4HF,2026-01-05
B0BHYXD4HF,2026-02-02
B0BHYXD4HF,2026-03-02
B0BJ21B416,2025-04-28
B0BJ21B416,2025-05-26
B0BJ21B416,2025-06-23
B0BJ21B416,2025-07-21
B0BJ21B416,2025-08-18
B0BJ21B416,2025-09-15
B0BJ21B416,2025-10-13
B0BJ21B416,2025-11-10
B0BJ21B416,2025-12-08
B0BJ21B416,2026-01-05
B0BJ21B416,2026-02-02
B0BJ21B416,2026-03-02
B0BJ22LB6K,2025-04-28
B0BJ22LB6K,2025-05-26
B0BJ22LB6K,2025-06-23
B0BJ22LB6K,2025-07-21
B0BJ22LB6K,2025-08-18
B0BJ22LB6K,2025-09-15
B0BJ22LB6K,2025-10-13
B0BJ22LB6K,2025-11-10
B0BJ22LB6K,2025-12-08
B0BJ22LB6K,2026-01-05
B0BJ22LB6K,2026-02-02
B0BJ22LB6K,2026-03-02
B0BJ23GYN7,2025-04-28
B0BJ23GYN7,2025-05-26
B0BJ23GYN7,2025-06-23
B0BJ23GYN7,2025-07-21
B0BJ23GYN7,2025-08-18
B0BJ23GYN7,2025-09-15
B0BJ23GYN7,2025-10-13
B0BJ23GYN7,2025-11-10
B0BJ23GYN7,2025-12-08
B0BJ23GYN7,2026-01-05
B0BJ23GYN7,2026-02-02
B0BJ23GYN7,2026-03-02
B0BJ2R2CHW,2025-04-28
B0BJ2R2CHW,2025-05-26
B0BJ2R2CHW,2025-06-23
B0BJ2R2CHW,2025-07-21
B0BJ2R2CHW,2025-08-18
B0BJ2R2CHW,2025-09-15
B0BJ2R2CHW,2025-10-13
B0BJ2R2CHW,2025-11-10
B0BJ2R2CHW,2025-12-08
B0BJ2R2CHW,2026-01-05
B0BJ2R2CHW,2026-02-02
B0BJ2R2CHW,2026-03-02
B0BJ4KZ961,2025-04-28
B0BJ4KZ961,2025-05-26
B0BJ4KZ961,2025-06-23
B0BJ4KZ961,2025-07-21
B0BJ4KZ961,2025-08-18
B0BJ4KZ961,2025-09-15
B0BJ4KZ961,2025-10-13
B0BJ4KZ961,2025-11-10
B0BJ4KZ961,2025-12-08
B0BJ4KZ961,2026-01-05
B0BJ4KZ961,2026-02-02
B0BJ4KZ961,2026-03-02
B0BJ8BB92J,2025-04-28
B0BJ8BB92J,2025-05-26
B0BJ8BB92J,2025-06-23
B0BJ8BB92J,2025-07-21
B0BJ8BB92J,2025-08-18
B0BJ8BB92J,2025-09-15
B0BJ8BB92J,2025-10-13
B0BJ8BB92J,2025-11-10
B0BJ8BB92J,2025-12-08
B0BJ8BB92J,2026-01-05
B0BJ8BB92J,2026-02-02
B0BJ8BB92J,2026-03-02
B0BJ8BM3CG,2025-04-28
B0BJ8BM3CG,2025-05-26
B0BJ8BM3CG,2025-06-23
B0BJ8BM3CG,2025-07-21
B0BJ8BM3CG,2025-08-18
B0BJ8BM3CG,2025-09-15
B0BJ8BM3CG,2025-10-13
B0BJ8BM3CG,2025-11-10
B0BJ8BM3CG,2025-12-08
B0BJ8BM3CG,2026-01-05
B0BJ8BM3CG,2026-02-02
B0BJ8BM3CG,2026-03-02
B0BJDSW59N,2025-04-28
B0BJDSW59N,2025-05-26
B0BJDSW59N,2025-06-23
B0BJDSW59N,2025-07-21
B0BJDSW59N,2025-08-18
B0BJDSW59N,2025-09-15
B0BJDSW59N,2025-10-13
B0BJDSW59N,2025-11-10
B0BJDSW59N,2025-12-08
B0BJDSW59N,2026-01-05
B0BJDSW59N,2026-02-02
B0BJDSW59N,2026-03-02
B0BJKBJ6YG,2025-04-28
B0BJKBJ6YG,2025-05-26
B0BJKBJ6YG,2025-06-23
B0BJKBJ6YG,2025-07-21
B0BJKBJ6YG,2025-08-18
B0BJKBJ6YG,2025-09-15
B0BJKBJ6YG,2025-10-13
B0BJKBJ6YG,2025-11-10
B0BJKBJ6YG,2025-12-08
B0BJKBJ6YG,2026-01-05
B0BJKBJ6YG,2026-02-02
B0BJKBJ6YG,2026-03-02
B0BJKCWJG7,2025-04-28
B0BJKCWJG7,2025-05-26
B0BJKCWJG7,2025-06-23
B0BJKCWJG7,2025-07-21
B0BJKCWJG7,2025-08-18
B0BJKCWJG7,2025-09-15
B0BJKCWJG7,2025-10-13
B0BJKCWJG7,2025-11-10
B0BJKCWJG7,2025-12-08
B0BJKCWJG7,2026-01-05
B0BJKCWJG7,2026-02-02
B0BJKCWJG7,2026-03-02
B0BJKFZ8T4,2025-04-28
B0BJKFZ8T4,2025-05-26
B0BJKFZ8T4,2025-06-23
B0BJKFZ8T4,2025-07-21
B0BJKFZ8T4,2025-08-18
B0BJKFZ8T4,2025-09-15
B0BJKFZ8T4,2025-10-13
B0BJKFZ8T4,2025-11-10
B0BJKFZ8T4,2025-12-08
B0BJKFZ8T4,2026-01-05
B0BJKFZ8T4,2026-02-02
B0BJKFZ8T4,2026-03-02
B0BJPPC5RV,2025-04-28
B0BJPPC5RV,2025-05-26
B0BJPPC5RV,2025-06-23
B0BJPPC5RV,2025-07-21
B0BJPPC5RV,2025-08-18
B0BJPPC5RV,2025-09-15
B0BJPPC5RV,2025-10-13
B0BJPPC5RV,2025-11-10
B0BJPPC5RV,2025-12-08
B0BJPPC5RV,2026-01-05
B0BJPPC5RV,2026-02-02
B0BJPPC5RV,2026-03-02
B0BJTP4F2C,2025-04-28
B0BJTP4F2C,2025-05-26
B0BJTP4F2C,2025-06-23
B0BJTP4F2C,2025-07-21
B0BJTP4F2C,2025-08-18
B0BJTP4F2C,2025-09-15
B0BJTP4F2C,2025-10-13
B0BJTP4F2C,2025-11-10
B0BJTP4F2C,2025-12-08
B0BJTP4F2C,2026-01-05
B0BJTP4F2C,2026-02-02
B0BJTP4F2C,2026-03-02
B0BJV2QQ4S,2025-04-28
B0BJV2QQ4S,2025-05-26
B0BJV2QQ4S,2025-06-23
B0BJV2QQ4S,2025-07-21
B0BJV2QQ4S,2025-08-18
B0BJV2QQ4S,2025-09-15
B0BJV2QQ4S,2025-10-13
B0BJV2QQ4S,2025-11-10
B0BJV2QQ4S,2025-12-08
B0BJV2QQ4S,2026-01-05
B0BJV2QQ4S,2026-02-02
B0BJV2QQ4S,2026-03-02
B0BK83FNGN,2025-04-28
B0BK83FNGN,2025-05-26
B0BK83FNGN,2025-06-23
B0BK83FNGN,2025-07-21
B0BK83FNGN,2025-08-18
B0BK83FNGN,2025-09-15
B0BK83FNGN,2025-10-13
B0BK83FNGN,2025-11-10
B0BK83FNGN,2025-12-08
B0BK83FNGN,2026-01-05
B0BK83FNGN,2026-02-02
B0BK83FNGN,2026-03-02
B0BK847T1V,2025-04-28
B0BK847T1V,2025-05-26
B0BK847T1V,2025-06-23
B0BK847T1V,2025-07-21
B0BK847T1V,2025-08-18
B0BK847T1V,2025-09-15
B0BK847T1V,2025-10-13
B0BK847T1V,2025-11-10
B0BK847T1V,2025-12-08
B0BK847T1V,2026-01-05
B0BK847T1V,2026-02-02
B0BK847T1V,2026-03-02
B0BK95HT41,2025-04-28
B0BK95HT41,2025-05-26
B0BK95HT41,2025-06-23
B0BK95HT41,2025-07-21
B0BK95HT41,2025-08-18
B0BK95HT41,2025-09-15
B0BK95HT41,2025-10-13
B0BK95HT41,2025-11-10
B0BK95HT41,2025-12-08
B0BK95HT41,2026-01-05
B0BK95HT41,2026-02-02
B0BK95HT41,2026-03-02
B0BKPQ5PY5,2025-04-28
B0BKPQ5PY5,2025-05-26
B0BKPQ5PY5,2025-06-23
B0BKPQ5PY5,2025-07-21
B0BKPQ5PY5,2025-08-18
B0BKPQ5PY5,2025-09-15
B0BKPQ5PY5,2025-10-13
B0BKPQ5PY5,2025-11-10
B0BKPQ5PY5,2025-12-08
B0BKPQ5PY5,2026-01-05
B0BKPQ5PY5,2026-02-02
B0BKPQ5PY5,2026-03-02
B0BKT7XS8X,2025-04-28
B0BKT7XS8X,2025-05-26
B0BKT7XS8X,2025-06-23
B0BKT7XS8X,2025-07-21
B0BKT7XS8X,2025-08-18
B0BKT7XS8X,2025-09-15
B0BKT7XS8X,2025-10-13
B0BKT7XS8X,2025-11-10
B0BKT7XS8X,2025-12-08
B0BKT7XS8X,2026-01-05
B0BKT7XS8X,2026-02-02
B0BKT7XS8X,2026-03-02
B0BKZVLTXW,2025-04-28
B0BKZVLTXW,2025-05-26
B0BKZVLTXW,2025-06-23
B0BKZVLTXW,2025-07-21
B0BKZVLTXW,2025-08-18
B0BKZVLTXW,2025-09-15
B0BKZVLTXW,2025-10-13
B0BKZVLTXW,2025-11-10
B0BKZVLTXW,2025-12-08
B0BKZVLTXW,2026-01-05
B0BKZVLTXW,2026-02-02
B0BKZVLTXW,2026-03-02
B0BKZW11MZ,2025-04-28
B0BKZW11MZ,2025-05-26
B0BKZW11MZ,2025-06-23
B0BKZW11MZ,2025-07-21
B0BKZW11MZ,2025-08-18
B0BKZW11MZ,2025-09-15
B0BKZW11MZ,2025-10-13
B0BKZW11MZ,2025-11-10
B0BKZW11MZ,2025-12-08
B0BKZW11MZ,2026-01-05
B0BKZW11MZ,2026-02-02
B0BKZW11MZ,2026-03-02
B0BKZZS65K,2025-04-28
B0BKZZS65K,2025-05-26
B0BKZZS65K,2025-06-23
B0BKZZS65K,2025-07-21
B0BKZZS65K,2025-08-18
B0BKZZS65K,2025-09-15
B0BKZZS65K,2025-10-13
B0BKZZS65K,2025-11-10
B0BKZZS65K,2025-12-08
B0BKZZS65K,2026-01-05
B0BKZZS65K,2026-02-02
B0BKZZS65K,2026-03-02
B0BL216BXF,2025-04-28
B0BL216BXF,2025-05-26
B0BL216BXF,2025-06-23
B0BL216BXF,2025-07-21
B0BL216BXF,2025-08-18
B0BL216BXF,2025-09-15
B0BL216BXF,2025-10-13
B0BL216BXF,2025-11-10
B0BL216BXF,2025-12-08
B0BL216BXF,2026-01-05
B0BL216BXF,2026-02-02
B0BL216BXF,2026-03-02
B0BL2JF8DK,2025-04-28
B0BL2JF8DK,2025-05-26
B0BL2JF8DK,2025-06-23
B0BL2JF8DK,2025-07-21
B0BL2JF8DK,2025-08-18
B0BL2JF8DK,2025-09-15
B0BL2JF8DK,2025-10-13
B0BL2JF8DK,2025-11-10
B0BL2JF8DK,2025-12-08
B0BL2JF8DK,2026-01-05
B0BL2JF8DK,2026-02-02
B0BL2JF8DK,2026-03-02
B0BL2KJ1B8,2025-04-28
B0BL2KJ1B8,2025-05-26
B0BL2KJ1B8,2025-06-23
B0BL2KJ1B8,2025-07-21
B0BL2KJ1B8,2025-08-18
B0BL2KJ1B8,2025-09-15
B0BL2KJ1B8,2025-10-13
B0BL2KJ1B8,2025-11-10
B0BL2KJ1B8,2025-12-08
B0BL2KJ1B8,2026-01-05
B0BL2KJ1B8,2026-02-02
B0BL2KJ1B8,2026-03-02
B0BL2LKN2P,2025-04-28
B0BL2LKN2P,2025-05-26
B0BL2LKN2P,2025-06-23
B0BL2LKN2P,2025-07-21
B0BL2LKN2P,2025-08-18
B0BL2LKN2P,2025-09-15
B0BL2LKN2P,2025-10-13
B0BL2LKN2P,2025-11-10
B0BL2LKN2P,2025-12-08
B0BL2LKN2P,2026-01-05
B0BL2LKN2P,2026-02-02
B0BL2LKN2P,2026-03-02
B0BL68P9H1,2025-04-28
B0BL68P9H1,2025-05-26
B0BL68P9H1,2025-06-23
B0BL68P9H1,2025-07-21
B0BL68P9H1,2025-08-18
B0BL68P9H1,2025-09-15
B0BL68P9H1,2025-10-13
B0BL68P9H1,2025-11-10
B0BL68P9H1,2025-12-08
B0BL68P9H1,2026-01-05
B0BL68P9H1,2026-02-02
B0BL68P9H1,2026-03-02
B0BL6VB98Z,2025-04-28
B0BL6VB98Z,2025-05-26
B0BL6VB98Z,2025-06-23
B0BL6VB98Z,2025-07-21
B0BL6VB98Z,2025-08-18
B0BL6VB98Z,2025-09-15
B0BL6VB98Z,2025-10-13
B0BL6VB98Z,2025-11-10
B0BL6VB98Z,2025-12-08
B0BL6VB98Z,2026-01-05
B0BL6VB98Z,2026-02-02
B0BL6VB98Z,2026-03-02
B0BL8Z782T,2025-04-28
B0BL8Z782T,2025-05-26
B0BL8Z782T,2025-06-23
B0BL8Z782T,2025-07-21
B0BL8Z782T,2025-08-18
B0BL8Z782T,2025-09-15
B0BL8Z782T,2025-10-13
B0BL8Z782T,2025-11-10
B0BL8Z782T,2025-12-08
B0BL8Z782T,2026-01-05
B0BL8Z782T,2026-02-02
B0BL8Z782T,2026-03-02
B0BLG3BXB4,2025-04-28
B0BLG3BXB4,2025-05-26
B0BLG3BXB4,2025-06-23
B0BLG3BXB4,2025-07-21
B0BLG3BXB4,2025-08-18
B0BLG3BXB4,2025-09-15
B0BLG3BXB4,2025-10-13
B0BLG3BXB4,2025-11-10
B0BLG3BXB4,2025-12-08
B0BLG3BXB4,2026-01-05
B0BLG3BXB4,2026-02-02
B0BLG3BXB4,2026-03-02
B0BLHJKX4G,2025-04-28
B0BLHJKX4G,2025-05-26
B0BLHJKX4G,2025-06-23
B0BLHJKX4G,2025-07-21
B0BLHJKX4G,2025-08-18
B0BLHJKX4G,2025-09-15
B0BLHJKX4G,2025-10-13
B0BLHJKX4G,2025-11-10
B0BLHJKX4G,2025-12-08
B0BLHJKX4G,2026-01-05
B0BLHJKX4G,2026-02-02
B0BLHJKX4G,2026-03-02
B0BLK22DNZ,2025-04-28
B0BLK22DNZ,2025-05-26
B0BLK22DNZ,2025-06-23
B0BLK22DNZ,2025-07-21
B0BLK22DNZ,2025-08-18
B0BLK22DNZ,2025-09-15
B0BLK22DNZ,2025-10-13
B0BLK22DNZ,2025-11-10
B0BLK22DNZ,2025-12-08
B0BLK22DNZ,2026-01-05
B0BLK22DNZ,2026-02-02
B0BLK22DNZ,2026-03-02
B0BLK23WWB,2025-04-28
B0BLK23WWB,2025-05-26
B0BLK23WWB,2025-06-23
B0BLK23WWB,2025-07-21
B0BLK23WWB,2025-08-18
B0BLK23WWB,2025-09-15
B0BLK23WWB,2025-10-13
B0BLK23WWB,2025-11-10
B0BLK23WWB,2025-12-08
B0BLK23WWB,2026-01-05
B0BLK23WWB,2026-02-02
B0BLK23WWB,2026-03-02
B0BLKD2LLR,2025-04-28
B0BLKD2LLR,2025-05-26
B0BLKD2LLR,2025-06-23
B0BLKD2LLR,2025-07-21
B0BLKD2LLR,2025-08-18
B0BLKD2LLR,2025-09-15
B0BLKD2LLR,2025-10-13
B0BLKD2LLR,2025-11-10
B0BLKD2LLR,2025-12-08
B0BLKD2LLR,2026-01-05
B0BLKD2LLR,2026-02-02
B0BLKD2LLR,2026-03-02
B0BLKFPGS1,2025-04-28
B0BLKFPGS1,2025-05-26
B0BLKFPGS1,2025-06-23
B0BLKFPGS1,2025-07-21
B0BLKFPGS1,2025-08-18
B0BLKFPGS1,2025-09-15
B0BLKFPGS1,2025-10-13
B0BLKFPGS1,2025-11-10
B0BLKFPGS1,2025-12-08
B0BLKFPGS1,2026-01-05
B0BLKFPGS1,2026-02-02
B0BLKFPGS1,2026-03-02
B0BLNDDY91,2025-04-28
B0BLNDDY91,2025-05-26
B0BLNDDY91,2025-06-23
B0BLNDDY91,2025-07-21
B0BLNDDY91,2025-08-18
B0BLNDDY91,2025-09-15
B0BLNDDY91,2025-10-13
B0BLNDDY91,2025-11-10
B0BLNDDY91,2025-12-08
B0BLNDDY91,2026-01-05
B0BLNDDY91,2026-02-02
B0BLNDDY91,2026-03-02
B0BLNGTFP6,2025-04-28
B0BLNGTFP6,2025-05-26
B0BLNGTFP6,2025-06-23
B0BLNGTFP6,2025-07-21
B0BLNGTFP6,2025-08-18
B0BLNGTFP6,2025-09-15
B0BLNGTFP6,2025-10-13
B0BLNGTFP6,2025-11-10
B0BLNGTFP6,2025-12-08
B0BLNGTFP6,2026-01-05
B0BLNGTFP6,2026-02-02
B0BLNGTFP6,2026-03-02
B0BLNHS51L,2025-04-28
B0BLNHS51L,2025-05-26
B0BLNHS51L,2025-06-23
B0BLNHS51L,2025-07-21
B0BLNHS51L,2025-08-18
B0BLNHS51L,2025-09-15
B0BLNHS51L,2025-10-13
B0BLNHS51L,2025-11-10
B0BLNHS51L,2025-12-08
B0BLNHS51L,2026-01-05
B0BLNHS51L,2026-02-02
B0BLNHS51L,2026-03-02
B0BLNJ2MCN,2025-04-28
B0BLNJ2MCN,2025-05-26
B0BLNJ2MCN,2025-06-23
B0BLNJ2MCN,2025-07-21
B0BLNJ2MCN,2025-08-18
B0BLNJ2MCN,2025-09-15
B0BLNJ2MCN,2025-10-13
B0BLNJ2MCN,2025-11-10
B0BLNJ2MCN,2025-12-08
B0BLNJ2MCN,2026-01-05
B0BLNJ2MCN,2026-02-02
B0BLNJ2MCN,2026-03-02
B0BLNKH391,2025-04-28
B0BLNKH391,2025-05-26
B0BLNKH391,2025-06-23
B0BLNKH391,2025-07-21
B0BLNKH391,2025-08-18
B0BLNKH391,2025-09-15
B0BLNKH391,2025-10-13
B0BLNKH391,2025-11-10
B0BLNKH391,2025-12-08
B0BLNKH391,2026-01-05
B0BLNKH391,2026-02-02
B0BLNKH391,2026-03-02
B0BLVM7HNG,2025-04-28
B0BLVM7HNG,2025-05-26
B0BLVM7HNG,2025-06-23
B0BLVM7HNG,2025-07-21
B0BLVM7HNG,2025-08-18
B0BLVM7HNG,2025-09-15
B0BLVM7HNG,2025-10-13
B0BLVM7HNG,2025-11-10
B0BLVM7HNG,2025-12-08
B0BLVM7HNG,2026-01-05
B0BLVM7HNG,2026-02-02
B0BLVM7HNG,2026-03-02
B0BM374CFL,2025-04-28
B0BM374CFL,2025-05-26
B0BM374CFL,2025-06-23
B0BM374CFL,2025-07-21
B0BM374CFL,2025-08-18
B0BM374CFL,2025-09-15
B0BM374CFL,2025-10-13
B0BM374CFL,2025-11-10
B0BM374CFL,2025-12-08
B0BM374CFL,2026-01-05
B0BM374CFL,2026-02-02
B0BM374CFL,2026-03-02
B0BM89WMSP,2025-04-28
B0BM89WMSP,2025-05-26
B0BM89WMSP,2025-06-23
B0BM89WMSP,2025-07-21
B0BM89WMSP,2025-08-18
B0BM89WMSP,2025-09-15
B0BM89WMSP,2025-10-13
B0BM89WMSP,2025-11-10
B0BM89WMSP,2025-12-08
B0BM89WMSP,2026-01-05
B0BM89WMSP,2026-02-02
B0BM89WMSP,2026-03-02
B0BM99LWCB,2025-04-28
B0BM99LWCB,2025-05-26
B0BM99LWCB,2025-06-23
B0BM99LWCB,2025-07-21
B0BM99LWCB,2025-08-18
B0BM99LWCB,2025-09-15
B0BM99LWCB,2025-10-13
B0BM99LWCB,2025-11-10
B0BM99LWCB,2025-12-08
B0BM99LWCB,2026-01-05
B0BM99LWCB,2026-02-02
B0BM99LWCB,2026-03-02
B0BM9BGNB1,2025-04-28
B0BM9BGNB1,2025-05-26
B0BM9BGNB1,2025-06-23
B0BM9BGNB1,2025-07-21
B0BM9BGNB1,2025-08-18
B0BM9BGNB1,2025-09-15
B0BM9BGNB1,2025-10-13
B0BM9BGNB1,2025-11-10
B0BM9BGNB1,2025-12-08
B0BM9BGNB1,2026-01-05
B0BM9BGNB1,2026-02-02
B0BM9BGNB1,2026-03-02
B0BM9CM7PL,2025-04-28
B0BM9CM7PL,2025-05-26
B0BM9CM7PL,2025-06-23
B0BM9CM7PL,2025-07-21
B0BM9CM7PL,2025-08-18
B0BM9CM7PL,2025-09-15
B0BM9CM7PL,2025-10-13
B0BM9CM7PL,2025-11-10
B0BM9CM7PL,2025-12-08
B0BM9CM7PL,2026-01-05
B0BM9CM7PL,2026-02-02
B0BM9CM7PL,2026-03-02
B0BM9JFRJS,2025-04-28
B0BM9JFRJS,2025-05-26
B0BM9JFRJS,2025-06-23
B0BM9JFRJS,2025-07-21
B0BM9JFRJS,2025-08-18
B0BM9JFRJS,2025-09-15
B0BM9JFRJS,2025-10-13
B0BM9JFRJS,2025-11-10
B0BM9JFRJS,2025-12-08
B0BM9JFRJS,2026-01-05
B0BM9JFRJS,2026-02-02
B0BM9JFRJS,2026-03-02
B0BM9X9CKZ,2025-04-28
B0BM9X9CKZ,2025-05-26
B0BM9X9CKZ,2025-06-23
B0BM9X9CKZ,2025-07-21
B0BM9X9CKZ,2025-08-18
B0BM9X9CKZ,2025-09-15
B0BM9X9CKZ,2025-10-13
B0BM9X9CKZ,2025-11-10
B0BM9X9CKZ,2025-12-08
B0BM9X9CKZ,2026-01-05
B0BM9X9CKZ,2026-02-02
B0BM9X9CKZ,2026-03-02
B0BM9XD7D3,2025-04-28
B0BM9XD7D3,2025-05-26
B0BM9XD7D3,2025-06-23
B0BM9XD7D3,2025-07-21
B0BM9XD7D3,2025-08-18
B0BM9XD7D3,2025-09-15
B0BM9XD7D3,2025-10-13
B0BM9XD7D3,2025-11-10
B0BM9XD7D3,2025-12-08
B0BM9XD7D3,2026-01-05
B0BM9XD7D3,2026-02-02
B0BM9XD7D3,2026-03-02
B0BMKHPZFK,2025-04-28
B0BMKHPZFK,2025-05-26
B0BMKHPZFK,2025-06-23
B0BMKHPZFK,2025-07-21
B0BMKHPZFK,2025-08-18
B0BMKHPZFK,2025-09-15
B0BMKHPZFK,2025-10-13
B0BMKHPZFK,2025-11-10
B0BMKHPZFK,2025-12-08
B0BMKHPZFK,2026-01-05
B0BMKHPZFK,2026-02-02
B0BMKHPZFK,2026-03-02
B0BMKLJV52,2025-04-28
B0BMKLJV52,2025-05-26
B0BMKLJV52,2025-06-23
B0BMKLJV52,2025-07-21
B0BMKLJV52,2025-08-18
B0BMKLJV52,2025-09-15
B0BMKLJV52,2025-10-13
B0BMKLJV52,2025-11-10
B0BMKLJV52,2025-12-08
B0BMKLJV52,2026-01-05
B0BMKLJV52,2026-02-02
B0BMKLJV52,2026-03-02
B0BMKR17NL,2025-04-28
B0BMKR17NL,2025-05-26
B0BMKR17NL,2025-06-23
B0BMKR17NL,2025-07-21
B0BMKR17NL,2025-08-18
B0BMKR17NL,2025-09-15
B0BMKR17NL,2025-10-13
B0BMKR17NL,2025-11-10
B0BMKR17NL,2025-12-08
B0BMKR17NL,2026-01-05
B0BMKR17NL,2026-02-02
B0BMKR17NL,2026-03-02
B0BMLWKR1K,2025-04-28
B0BMLWKR1K,2025-05-26
B0BMLWKR1K,2025-06-23
B0BMLWKR1K,2025-07-21
B0BMLWKR1K,2025-08-18
B0BMLWKR1K,2025-09-15
B0BMLWKR1K,2025-10-13
B0BMLWKR1K,2025-11-10
B0BMLWKR1K,2025-12-08
B0BMLWKR1K,2026-01-05
B0BMLWKR1K,2026-02-02
B0BMLWKR1K,2026-03-02
B0BMNZJHBB,2025-04-28
B0BMNZJHBB,2025-05-26
B0BMNZJHBB,2025-06-23
B0BMNZJHBB,2025-07-21
B0BMNZJHBB,2025-08-18
B0BMNZJHBB,2025-09-15
B0BMNZJHBB,2025-10-13
B0BMNZJHBB,2025-11-10
B0BMNZJHBB,2025-12-08
B0BMNZJHBB,2026-01-05
B0BMNZJHBB,2026-02-02
B0BMNZJHBB,2026-03-02
B0BMPKFVTX,2025-04-28
B0BMPKFVTX,2025-05-26
B0BMPKFVTX,2025-06-23
B0BMPKFVTX,2025-07-21
B0BMPKFVTX,2025-08-18
B0BMPKFVTX,2025-09-15
B0BMPKFVTX,2025-10-13
B0BMPKFVTX,2025-11-10
B0BMPKFVTX,2025-12-08
B0BMPKFVTX,2026-01-05
B0BMPKFVTX,2026-02-02
B0BMPKFVTX,2026-03-02
B0BMPPXJ1R,2025-04-28
B0BMPPXJ1R,2025-05-26
B0BMPPXJ1R,2025-06-23
B0BMPPXJ1R,2025-07-21
B0BMPPXJ1R,2025-08-18
B0BMPPXJ1R,2025-09-15
B0BMPPXJ1R,2025-10-13
B0BMPPXJ1R,2025-11-10
B0BMPPXJ1R,2025-12-08
B0BMPPXJ1R,2026-01-05
B0BMPPXJ1R,2026-02-02
B0BMPPXJ1R,2026-03-02
B0BMPWSQ4F,2025-04-28
B0BMPWSQ4F,2025-05-26
B0BMPWSQ4F,2025-06-23
B0BMPWSQ4F,2025-07-21
B0BMPWSQ4F,2025-08-18
B0BMPWSQ4F,2025-09-15
B0BMPWSQ4F,2025-10-13
B0BMPWSQ4F,2025-11-10
B0BMPWSQ4F,2025-12-08
B0BMPWSQ4F,2026-01-05
B0BMPWSQ4F,2026-02-02
B0BMPWSQ4F,2026-03-02
B0BMT33H47,2025-04-28
B0BMT33H47,2025-05-26
B0BMT33H47,2025-06-23
B0BMT33H47,2025-07-21
B0BMT33H47,2025-08-18
B0BMT33H47,2025-09-15
B0BMT33H47,2025-10-13
B0BMT33H47,2025-11-10
B0BMT33H47,2025-12-08
B0BMT33H47,2026-01-05
B0BMT33H47,2026-02-02
B0BMT33H47,2026-03-02
B0BMTBRPZH,2025-04-28
B0BMTBRPZH,2025-05-26
B0BMTBRPZH,2025-06-23
B0BMTBRPZH,2025-07-21
B0BMTBRPZH,2025-08-18
B0BMTBRPZH,2025-09-15
B0BMTBRPZH,2025-10-13
B0BMTBRPZH,2025-11-10
B0BMTBRPZH,2025-12-08
B0BMTBRPZH,2026-01-05
B0BMTBRPZH,2026-02-02
B0BMTBRPZH,2026-03-02
B0BMTP54SB,2025-04-28
B0BMTP54SB,2025-05-26
B0BMTP54SB,2025-06-23
B0BMTP54SB,2025-07-21
B0BMTP54SB,2025-08-18
B0BMTP54SB,2025-09-15
B0BMTP54SB,2025-10-13
B0BMTP54SB,2025-11-10
B0BMTP54SB,2025-12-08
B0BMTP54SB,2026-01-05
B0BMTP54SB,2026-02-02
B0BMTP54SB,2026-03-02
B0BMTQS6LP,2025-04-28
B0BMTQS6LP,2025-05-26
B0BMTQS6LP,2025-06-23
B0BMTQS6LP,2025-07-21
B0BMTQS6LP,2025-08-18
B0BMTQS6LP,2025-09-15
B0BMTQS6LP,2025-10-13
B0BMTQS6LP,2025-11-10
B0BMTQS6LP,2025-12-08
B0BMTQS6LP,2026-01-05
B0BMTQS6LP,2026-02-02
B0BMTQS6LP,2026-03-02
B0BMTYFYX4,2025-04-28
B0BMTYFYX4,2025-05-26
B0BMTYFYX4,2025-06-23
B0BMTYFYX4,2025-07-21
B0BMTYFYX4,2025-08-18
B0BMTYFYX4,2025-09-15
B0BMTYFYX4,2025-10-13
B0BMTYFYX4,2025-11-10
B0BMTYFYX4,2025-12-08
B0BMTYFYX4,2026-01-05
B0BMTYFYX4,2026-02-02
B0BMTYFYX4,2026-03-02
B0BMV3MHDM,2025-04-28
B0BMV3MHDM,2025-05-26
B0BMV3MHDM,2025-06-23
B0BMV3MHDM,2025-07-21
B0BMV3MHDM,2025-08-18
B0BMV3MHDM,2025-09-15
B0BMV3MHDM,2025-10-13
B0BMV3MHDM,2025-11-10
B0BMV3MHDM,2025-12-08
B0BMV3MHDM,2026-01-05
B0BMV3MHDM,2026-02-02
B0BMV3MHDM,2026-03-02
B0BN1JTCJ3,2025-04-28
B0BN1JTCJ3,2025-05-26
B0BN1JTCJ3,2025-06-23
B0BN1JTCJ3,2025-07-21
B0BN1JTCJ3,2025-08-18
B0BN1JTCJ3,2025-09-15
B0BN1JTCJ3,2025-10-13
B0BN1JTCJ3,2025-11-10
B0BN1JTCJ3,2025-12-08
B0BN1JTCJ3,2026-01-05
B0BN1JTCJ3,2026-02-02
B0BN1JTCJ3,2026-03-02
B0BN28RWW8,2025-04-28
B0BN28RWW8,2025-05-26
B0BN28RWW8,2025-06-23
B0BN28RWW8,2025-07-21
B0BN28RWW8,2025-08-18
B0BN28RWW8,2025-09-15
B0BN28RWW8,2025-10-13
B0BN28RWW8,2025-11-10
B0BN28RWW8,2025-12-08
B0BN28RWW8,2026-01-05
B0BN28RWW8,2026-02-02
B0BN28RWW8,2026-03-02
B0BN5WZMDM,2025-04-28
B0BN5WZMDM,2025-05-26
B0BN5WZMDM,2025-06-23
B0BN5WZMDM,2025-07-21
B0BN5WZMDM,2025-08-18
B0BN5WZMDM,2025-09-15
B0BN5WZMDM,2025-10-13
B0BN5WZMDM,2025-11-10
B0BN5WZMDM,2025-12-08
B0BN5WZMDM,2026-01-05
B0BN5WZMDM,2026-02-02
B0BN5WZMDM,2026-03-02
B0BN63MG9H,2025-04-28
B0BN63MG9H,2025-05-26
B0BN63MG9H,2025-06-23
B0BN63MG9H,2025-07-21
B0BN63MG9H,2025-08-18
B0BN63MG9H,2025-09-15
B0BN63MG9H,2025-10-13
B0BN63MG9H,2025-11-10
B0BN63MG9H,2025-12-08
B0BN63MG9H,2026-01-05
B0BN63MG9H,2026-02-02
B0BN63MG9H,2026-03-02
B0BN698DYB,2025-04-28
B0BN698DYB,2025-05-26
B0BN698DYB,2025-06-23
B0BN698DYB,2025-07-21
B0BN698DYB,2025-08-18
B0BN698DYB,2025-09-15
B0BN698DYB,2025-10-13
B0BN698DYB,2025-11-10
B0BN698DYB,2025-12-08
B0BN698DYB,2026-01-05
B0BN698DYB,2026-02-02
B0BN698DYB,2026-03-02
B0BNHX4ZND,2025-04-28
B0BNHX4ZND,2025-05-26
B0BNHX4ZND,2025-06-23
B0BNHX4ZND,2025-07-21
B0BNHX4ZND,2025-08-18
B0BNHX4ZND,2025-09-15
B0BNHX4ZND,2025-10-13
B0BNHX4ZND,2025-11-10
B0BNHX4ZND,2025-12-08
B0BNHX4ZND,2026-01-05
B0BNHX4ZND,2026-02-02
B0BNHX4ZND,2026-03-02
B0BNHY4F4Z,2025-04-28
B0BNHY4F4Z,2025-05-26
B0BNHY4F4Z,2025-06-23
B0BNHY4F4Z,2025-07-21
B0BNHY4F4Z,2025-08-18
B0BNHY4F4Z,2025-09-15
B0BNHY4F4Z,2025-10-13
B0BNHY4F4Z,2025-11-10
B0BNHY4F4Z,2025-12-08
B0BNHY4F4Z,2026-01-05
B0BNHY4F4Z,2026-02-02
B0BNHY4F4Z,2026-03-02
B0BNJ84YNN,2025-04-28
B0BNJ84YNN,2025-05-26
B0BNJ84YNN,2025-06-23
B0BNJ84YNN,2025-07-21
B0BNJ84YNN,2025-08-18
B0BNJ84YNN,2025-09-15
B0BNJ84YNN,2025-10-13
B0BNJ84YNN,2025-11-10
B0BNJ84YNN,2025-12-08
B0BNJ84YNN,2026-01-05
B0BNJ84YNN,2026-02-02
B0BNJ84YNN,2026-03-02
B0BNPDF6GW,2025-04-28
B0BNPDF6GW,2025-05-26
B0BNPDF6GW,2025-06-23
B0BNPDF6GW,2025-07-21
B0BNPDF6GW,2025-08-18
B0BNPDF6GW,2025-09-15
B0BNPDF6GW,2025-10-13
B0BNPDF6GW,2025-11-10
B0BNPDF6GW,2025-12-08
B0BNPDF6GW,2026-01-05
B0BNPDF6GW,2026-02-02
B0BNPDF6GW,2026-03-02
B0BP1F2KCT,2025-04-28
B0BP1F2KCT,2025-05-26
B0BP1F2KCT,2025-06-23
B0BP1F2KCT,2025-07-21
B0BP1F2KCT,2025-08-18
B0BP1F2KCT,2025-09-15
B0BP1F2KCT,2025-10-13
B0BP1F2KCT,2025-11-10
B0BP1F2KCT,2025-12-08
B0BP1F2KCT,2026-01-05
B0BP1F2KCT,2026-02-02
B0BP1F2KCT,2026-03-02
B0BP1WV3X7,2025-04-28
B0BP1WV3X7,2025-05-26
B0BP1WV3X7,2025-06-23
B0BP1WV3X7,2025-07-21
B0BP1WV3X7,2025-08-18
B0BP1WV3X7,2025-09-15
B0BP1WV3X7,2025-10-13
B0BP1WV3X7,2025-11-10
B0BP1WV3X7,2025-12-08
B0BP1WV3X7,2026-01-05
B0BP1WV3X7,2026-02-02
B0BP1WV3X7,2026-03-02
B0BP22976N,2025-04-28
B0BP22976N,2025-05-26
B0BP22976N,2025-06-23
B0BP22976N,2025-07-21
B0BP22976N,2025-08-18
B0BP22976N,2025-09-15
B0BP22976N,2025-10-13
B0BP22976N,2025-11-10
B0BP22976N,2025-12-08
B0BP22976N,2026-01-05
B0BP22976N,2026-02-02
B0BP22976N,2026-03-02
B0BP265197,2025-04-28
B0BP265197,2025-05-26
B0BP265197,2025-06-23
B0BP265197,2025-07-21
B0BP265197,2025-08-18
B0BP265197,2025-09-15
B0BP265197,2025-10-13
B0BP265197,2025-11-10
B0BP265197,2025-12-08
B0BP265197,2026-01-05
B0BP265197,2026-02-02
B0BP265197,2026-03-02
B0BP6XX11L,2025-04-28
B0BP6XX11L,2025-05-26
B0BP6XX11L,2025-06-23
B0BP6XX11L,2025-07-21
B0BP6XX11L,2025-08-18
B0BP6XX11L,2025-09-15
B0BP6XX11L,2025-10-13
B0BP6XX11L,2025-11-10
B0BP6XX11L,2025-12-08
B0BP6XX11L,2026-01-05
B0BP6XX11L,2026-02-02
B0BP6XX11L,2026-03-02
B0BP6Y2GZ7,2025-04-28
B0BP6Y2GZ7,2025-05-26
B0BP6Y2GZ7,2025-06-23
B0BP6Y2GZ7,2025-07-21
B0BP6Y2GZ7,2025-08-18
B0BP6Y2GZ7,2025-09-15
B0BP6Y2GZ7,2025-10-13
B0BP6Y2GZ7,2025-11-10
B0BP6Y2GZ7,2025-12-08
B0BP6Y2GZ7,2026-01-05
B0BP6Y2GZ7,2026-02-02
B0BP6Y2GZ7,2026-03-02
B0BP7MP3W5,2025-04-28
B0BP7MP3W5,2025-05-26
B0BP7MP3W5,2025-06-23
B0BP7MP3W5,2025-07-21
B0BP7MP3W5,2025-08-18
B0BP7MP3W5,2025-09-15
B0BP7MP3W5,2025-10-13
B0BP7MP3W5,2025-11-10
B0BP7MP3W5,2025-12-08
B0BP7MP3W5,2026-01-05
B0BP7MP3W5,2026-02-02
B0BP7MP3W5,2026-03-02
B0BP7NGD7S,2025-04-28
B0BP7NGD7S,2025-05-26
B0BP7NGD7S,2025-06-23
B0BP7NGD7S,2025-07-21
B0BP7NGD7S,2025-08-18
B0BP7NGD7S,2025-09-15
B0BP7NGD7S,2025-10-13
B0BP7NGD7S,2025-11-10
B0BP7NGD7S,2025-12-08
B0BP7NGD7S,2026-01-05
B0BP7NGD7S,2026-02-02
B0BP7NGD7S,2026-03-02
B0BP7P6S9B,2025-04-28
B0BP7P6S9B,2025-05-26
B0BP7P6S9B,2025-06-23
B0BP7P6S9B,2025-07-21
B0BP7P6S9B,2025-08-18
B0BP7P6S9B,2025-09-15
B0BP7P6S9B,2025-10-13
B0BP7P6S9B,2025-11-10
B0BP7P6S9B,2025-12-08
B0BP7P6S9B,2026-01-05
B0BP7P6S9B,2026-02-02
B0BP7P6S9B,2026-03-02
B0BPCM7JLT,2025-04-28
B0BPCM7JLT,2025-05-26
B0BPCM7JLT,2025-06-23
B0BPCM7JLT,2025-07-21
B0BPCM7JLT,2025-08-18
B0BPCM7JLT,2025-09-15
B0BPCM7JLT,2025-10-13
B0BPCM7JLT,2025-11-10
B0BPCM7JLT,2025-12-08
B0BPCM7JLT,2026-01-05
B0BPCM7JLT,2026-02-02
B0BPCM7JLT,2026-03-02
B0BPDB8K18,2025-04-28
B0BPDB8K18,2025-05-26
B0BPDB8K18,2025-06-23
B0BPDB8K18,2025-07-21
B0BPDB8K18,2025-08-18
B0BPDB8K18,2025-09-15
B0BPDB8K18,2025-10-13
B0BPDB8K18,2025-11-10
B0BPDB8K18,2025-12-08
B0BPDB8K18,2026-01-05
B0BPDB8K18,2026-02-02
B0BPDB8K18,2026-03-02
B0BPGJ536J,2025-04-28
B0BPGJ536J,2025-05-26
B0BPGJ536J,2025-06-23
B0BPGJ536J,2025-07-21
B0BPGJ536J,2025-08-18
B0BPGJ536J,2025-09-15
B0BPGJ536J,2025-10-13
B0BPGJ536J,2025-11-10
B0BPGJ536J,2025-12-08
B0BPGJ536J,2026-01-05
B0BPGJ536J,2026-02-02
B0BPGJ536J,2026-03-02
B0BPLF1L13,2025-04-28
B0BPLF1L13,2025-05-26
B0BPLF1L13,2025-06-23
B0BPLF1L13,2025-07-21
B0BPLF1L13,2025-08-18
B0BPLF1L13,2025-09-15
B0BPLF1L13,2025-10-13
B0BPLF1L13,2025-11-10
B0BPLF1L13,2025-12-08
B0BPLF1L13,2026-01-05
B0BPLF1L13,2026-02-02
B0BPLF1L13,2026-03-02
B0BPLFYHPD,2025-04-28
B0BPLFYHPD,2025-05-26
B0BPLFYHPD,2025-06-23
B0BPLFYHPD,2025-07-21
B0BPLFYHPD,2025-08-18
B0BPLFYHPD,2025-09-15
B0BPLFYHPD,2025-10-13
B0BPLFYHPD,2025-11-10
B0BPLFYHPD,2025-12-08
B0BPLFYHPD,2026-01-05
B0BPLFYHPD,2026-02-02
B0BPLFYHPD,2026-03-02
B0BPLGYZ68,2025-04-28
B0BPLGYZ68,2025-05-26
B0BPLGYZ68,2025-06-23
B0BPLGYZ68,2025-07-21
B0BPLGYZ68,2025-08-18
B0BPLGYZ68,2025-09-15
B0BPLGYZ68,2025-10-13
B0BPLGYZ68,2025-11-10
B0BPLGYZ68,2025-12-08
B0BPLGYZ68,2026-01-05
B0BPLGYZ68,2026-02-02
B0BPLGYZ68,2026-03-02
B0BPLJR2QY,2025-04-28
B0BPLJR2QY,2025-05-26
B0BPLJR2QY,2025-06-23
B0BPLJR2QY,2025-07-21
B0BPLJR2QY,2025-08-18
B0BPLJR2QY,2025-09-15
B0BPLJR2QY,2025-10-13
B0BPLJR2QY,2025-11-10
B0BPLJR2QY,2025-12-08
B0BPLJR2QY,2026-01-05
B0BPLJR2QY,2026-02-02
B0BPLJR2QY,2026-03-02
B0BPVDKBR4,2025-04-28
B0BPVDKBR4,2025-05-26
B0BPVDKBR4,2025-06-23
B0BPVDKBR4,2025-07-21
B0BPVDKBR4,2025-08-18
B0BPVDKBR4,2025-09-15
B0BPVDKBR4,2025-10-13
B0BPVDKBR4,2025-11-10
B0BPVDKBR4,2025-12-08
B0BPVDKBR4,2026-01-05
B0BPVDKBR4,2026-02-02
B0BPVDKBR4,2026-03-02
B0BQ2STFNS,2025-04-28
B0BQ2STFNS,2025-05-26
B0BQ2STFNS,2025-06-23
B0BQ2STFNS,2025-07-21
B0BQ2STFNS,2025-08-18
B0BQ2STFNS,2025-09-15
B0BQ2STFNS,2025-10-13
B0BQ2STFNS,2025-11-10
B0BQ2STFNS,2025-12-08
B0BQ2STFNS,2026-01-05
B0BQ2STFNS,2026-02-02
B0BQ2STFNS,2026-03-02
B0BQ2W2XY3,2025-04-28
B0BQ2W2XY3,2025-05-26
B0BQ2W2XY3,2025-06-23
B0BQ2W2XY3,2025-07-21
B0BQ2W2XY3,2025-08-18
B0BQ2W2XY3,2025-09-15
B0BQ2W2XY3,2025-10-13
B0BQ2W2XY3,2025-11-10
B0BQ2W2XY3,2025-12-08
B0BQ2W2XY3,2026-01-05
B0BQ2W2XY3,2026-02-02
B0BQ2W2XY3,2026-03-02
B0BQ2Y1SQL,2025-04-28
B0BQ2Y1SQL,2025-05-26
B0BQ2Y1SQL,2025-06-23
B0BQ2Y1SQL,2025-07-21
B0BQ2Y1SQL,2025-08-18
B0BQ2Y1SQL,2025-09-15
B0BQ2Y1SQL,2025-10-13
B0BQ2Y1SQL,2025-11-10
B0BQ2Y1SQL,2025-12-08
B0BQ2Y1SQL,2026-01-05
B0BQ2Y1SQL,2026-02-02
B0BQ2Y1SQL,2026-03-02
B0BQ35CS6G,2025-04-28
B0BQ35CS6G,2025-05-26
B0BQ35CS6G,2025-06-23
B0BQ35CS6G,2025-07-21
B0BQ35CS6G,2025-08-18
B0BQ35CS6G,2025-09-15
B0BQ35CS6G,2025-10-13
B0BQ35CS6G,2025-11-10
B0BQ35CS6G,2025-12-08
B0BQ35CS6G,2026-01-05
B0BQ35CS6G,2026-02-02
B0BQ35CS6G,2026-03-02
B0BQBRMW24,2025-04-28
B0BQBRMW24,2025-05-26
B0BQBRMW24,2025-06-23
B0BQBRMW24,2025-07-21
B0BQBRMW24,2025-08-18
B0BQBRMW24,2025-09-15
B0BQBRMW24,2025-10-13
B0BQBRMW24,2025-11-10
B0BQBRMW24,2025-12-08
B0BQBRMW24,2026-01-05
B0BQBRMW24,2026-02-02
B0BQBRMW24,2026-03-02
B0BQBX76ZT,2025-04-28
B0BQBX76ZT,2025-05-26
B0BQBX76ZT,2025-06-23
B0BQBX76ZT,2025-07-21
B0BQBX76ZT,2025-08-18
B0BQBX76ZT,2025-09-15
B0BQBX76ZT,2025-10-13
B0BQBX76ZT,2025-11-10
B0BQBX76ZT,2025-12-08
B0BQBX76ZT,2026-01-05
B0BQBX76ZT,2026-02-02
B0BQBX76ZT,2026-03-02
B0BQQTVBRM,2025-04-28
B0BQQTVBRM,2025-05-26
B0BQQTVBRM,2025-06-23
B0BQQTVBRM,2025-07-21
B0BQQTVBRM,2025-08-18
B0BQQTVBRM,2025-09-15
B0BQQTVBRM,2025-10-13
B0BQQTVBRM,2025-11-10
B0BQQTVBRM,2025-12-08
B0BQQTVBRM,2026-01-05
B0BQQTVBRM,2026-02-02
B0BQQTVBRM,2026-03-02
B0BQR8HBR8,2025-04-28
B0BQR8HBR8,2025-05-26
B0BQR8HBR8,2025-06-23
B0BQR8HBR8,2025-07-21
B0BQR8HBR8,2025-08-18
B0BQR8HBR8,2025-09-15
B0BQR8HBR8,2025-10-13
B0BQR8HBR8,2025-11-10
B0BQR8HBR8,2025-12-08
B0BQR8HBR8,2026-01-05
B0BQR8HBR8,2026-02-02
B0BQR8HBR8,2026-03-02
B0BQRLVWSZ,2025-04-28
B0BQRLVWSZ,2025-05-26
B0BQRLVWSZ,2025-06-23
B0BQRLVWSZ,2025-07-21
B0BQRLVWSZ,2025-08-18
B0BQRLVWSZ,2025-09-15
B0BQRLVWSZ,2025-10-13
B0BQRLVWSZ,2025-11-10
B0BQRLVWSZ,2025-12-08
B0BQRLVWSZ,2026-01-05
B0BQRLVWSZ,2026-02-02
B0BQRLVWSZ,2026-03-02
B0BQV5JZ8F,2025-04-28
B0BQV5JZ8F,2025-05-26
B0BQV5JZ8F,2025-06-23
B0BQV5JZ8F,2025-07-21
B0BQV5JZ8F,2025-08-18
B0BQV5JZ8F,2025-09-15
B0BQV5JZ8F,2025-10-13
B0BQV5JZ8F,2025-11-10
B0BQV5JZ8F,2025-12-08
B0BQV5JZ8F,2026-01-05
B0BQV5JZ8F,2026-02-02
B0BQV5JZ8F,2026-03-02
B0BR3P9G1G,2025-04-28
B0BR3P9G1G,2025-05-26
B0BR3P9G1G,2025-06-23
B0BR3P9G1G,2025-07-21
B0BR3P9G1G,2025-08-18
B0BR3P9G1G,2025-09-15
B0BR3P9G1G,2025-10-13
B0BR3P9G1G,2025-11-10
B0BR3P9G1G,2025-12-08
B0BR3P9G1G,2026-01-05
B0BR3P9G1G,2026-02-02
B0BR3P9G1G,2026-03-02
B0BR3PSFYF,2025-04-28
B0BR3PSFYF,2025-05-26
B0BR3PSFYF,2025-06-23
B0BR3PSFYF,2025-07-21
B0BR3PSFYF,2025-08-18
B0BR3PSFYF,2025-09-15
B0BR3PSFYF,2025-10-13
B0BR3PSFYF,2025-11-10
B0BR3PSFYF,2025-12-08
B0BR3PSFYF,2026-01-05
B0BR3PSFYF,2026-02-02
B0BR3PSFYF,2026-03-02
B0BR3PVJ6K,2025-04-28
B0BR3PVJ6K,2025-05-26
B0BR3PVJ6K,2025-06-23
B0BR3PVJ6K,2025-07-21
B0BR3PVJ6K,2025-08-18
B0BR3PVJ6K,2025-09-15
B0BR3PVJ6K,2025-10-13
B0BR3PVJ6K,2025-11-10
B0BR3PVJ6K,2025-12-08
B0BR3PVJ6K,2026-01-05
B0BR3PVJ6K,2026-02-02
B0BR3PVJ6K,2026-03-02
B0BR3RLJKT,2025-04-28
B0BR3RLJKT,2025-05-26
B0BR3RLJKT,2025-06-23
B0BR3RLJKT,2025-07-21
B0BR3RLJKT,2025-08-18
B0BR3RLJKT,2025-09-15
B0BR3RLJKT,2025-10-13
B0BR3RLJKT,2025-11-10
B0BR3RLJKT,2025-12-08
B0BR3RLJKT,2026-01-05
B0BR3RLJKT,2026-02-02
B0BR3RLJKT,2026-03-02
B0BR3SK1TY,2025-04-28
B0BR3SK1TY,2025-05-26
B0BR3SK1TY,2025-06-23
B0BR3SK1TY,2025-07-21
B0BR3SK1TY,2025-08-18
B0BR3SK1TY,2025-09-15
B0BR3SK1TY,2025-10-13
B0BR3SK1TY,2025-11-10
B0BR3SK1TY,2025-12-08
B0BR3SK1TY,2026-01-05
B0BR3SK1TY,2026-02-02
B0BR3SK1TY,2026-03-02
B0BR531GTQ,2025-04-28
B0BR531GTQ,2025-05-26
B0BR531GTQ,2025-06-23
B0BR531GTQ,2025-07-21
B0BR531GTQ,2025-08-18
B0BR531GTQ,2025-09-15
B0BR531GTQ,2025-10-13
B0BR531GTQ,2025-11-10
B0BR531GTQ,2025-12-08
B0BR531GTQ,2026-01-05
B0BR531GTQ,2026-02-02
B0BR531GTQ,2026-03-02
B0BR8FMSJ8,2025-04-28
B0BR8FMSJ8,2025-05-26
B0BR8FMSJ8,2025-06-23
B0BR8FMSJ8,2025-07-21
B0BR8FMSJ8,2025-08-18
B0BR8FMSJ8,2025-09-15
B0BR8FMSJ8,2025-10-13
B0BR8FMSJ8,2025-11-10
B0BR8FMSJ8,2025-12-08
B0BR8FMSJ8,2026-01-05
B0BR8FMSJ8,2026-02-02
B0BR8FMSJ8,2026-03-02
B0BRCHGNL6,2025-04-28
B0BRCHGNL6,2025-05-26
B0BRCHGNL6,2025-06-23
B0BRCHGNL6,2025-07-21
B0BRCHGNL6,2025-08-18
B0BRCHGNL6,2025-09-15
B0BRCHGNL6,2025-10-13
B0BRCHGNL6,2025-11-10
B0BRCHGNL6,2025-12-08
B0BRCHGNL6,2026-01-05
B0BRCHGNL6,2026-02-02
B0BRCHGNL6,2026-03-02
B0BRCHTR5H,2025-04-28
B0BRCHTR5H,2025-05-26
B0BRCHTR5H,2025-06-23
B0BRCHTR5H,2025-07-21
B0BRCHTR5H,2025-08-18
B0BRCHTR5H,2025-09-15
B0BRCHTR5H,2025-10-13
B0BRCHTR5H,2025-11-10
B0BRCHTR5H,2025-12-08
B0BRCHTR5H,2026-01-05
B0BRCHTR5H,2026-02-02
B0BRCHTR5H,2026-03-02
B0BRCHZFX4,2025-04-28
B0BRCHZFX4,2025-05-26
B0BRCHZFX4,2025-06-23
B0BRCHZFX4,2025-07-21
B0BRCHZFX4,2025-08-18
B0BRCHZFX4,2025-09-15
B0BRCHZFX4,2025-10-13
B0BRCHZFX4,2025-11-10
B0BRCHZFX4,2025-12-08
B0BRCHZFX4,2026-01-05
B0BRCHZFX4,2026-02-02
B0BRCHZFX4,2026-03-02
B0BRFP64CF,2025-04-28
B0BRFP64CF,2025-05-26
B0BRFP64CF,2025-06-23
B0BRFP64CF,2025-07-21
B0BRFP64CF,2025-08-18
B0BRFP64CF,2025-09-15
B0BRFP64CF,2025-10-13
B0BRFP64CF,2025-11-10
B0BRFP64CF,2025-12-08
B0BRFP64CF,2026-01-05
B0BRFP64CF,2026-02-02
B0BRFP64CF,2026-03-02
B0BRFQ8B8W,2025-04-28
B0BRFQ8B8W,2025-05-26
B0BRFQ8B8W,2025-06-23
B0BRFQ8B8W,2025-07-21
B0BRFQ8B8W,2025-08-18
B0BRFQ8B8W,2025-09-15
B0BRFQ8B8W,2025-10-13
B0BRFQ8B8W,2025-11-10
B0BRFQ8B8W,2025-12-08
B0BRFQ8B8W,2026-01-05
B0BRFQ8B8W,2026-02-02
B0BRFQ8B8W,2026-03-02
B0BRJ89VYQ,2025-04-28
B0BRJ89VYQ,2025-05-26
B0BRJ89VYQ,2025-06-23
B0BRJ89VYQ,2025-07-21
B0BRJ89VYQ,2025-08-18
B0BRJ89VYQ,2025-09-15
B0BRJ89VYQ,2025-10-13
B0BRJ89VYQ,2025-11-10
B0BRJ89VYQ,2025-12-08
B0BRJ89VYQ,2026-01-05
B0BRJ89VYQ,2026-02-02
B0BRJ89VYQ,2026-03-02
B0BRK37VKD,2025-04-28
B0BRK37VKD,2025-05-26
B0BRK37VKD,2025-06-23
B0BRK37VKD,2025-07-21
B0BRK37VKD,2025-08-18
B0BRK37VKD,2025-09-15
B0BRK37VKD,2025-10-13
B0BRK37VKD,2025-11-10
B0BRK37VKD,2025-12-08
B0BRK37VKD,2026-01-05
B0BRK37VKD,2026-02-02
B0BRK37VKD,2026-03-02
B0BRKF4KW6,2025-04-28
B0BRKF4KW6,2025-05-26
B0BRKF4KW6,2025-06-23
B0BRKF4KW6,2025-07-21
B0BRKF4KW6,2025-08-18
B0BRKF4KW6,2025-09-15
B0BRKF4KW6,2025-10-13
B0BRKF4KW6,2025-11-10
B0BRKF4KW6,2025-12-08
B0BRKF4KW6,2026-01-05
B0BRKF4KW6,2026-02-02
B0BRKF4KW6,2026-03-02
B0BRKFM7B5,2025-04-28
B0BRKFM7B5,2025-05-26
B0BRKFM7B5,2025-06-23
B0BRKFM7B5,2025-07-21
B0BRKFM7B5,2025-08-18
B0BRKFM7B5,2025-09-15
B0BRKFM7B5,2025-10-13
B0BRKFM7B5,2025-11-10
B0BRKFM7B5,2025-12-08
B0BRKFM7B5,2026-01-05
B0BRKFM7B5,2026-02-02
B0BRKFM7B5,2026-03-02
B0BRKHCM2V,2025-04-28
B0BRKHCM2V,2025-05-26
B0BRKHCM2V,2025-06-23
B0BRKHCM2V,2025-07-21
B0BRKHCM2V,2025-08-18
B0BRKHCM2V,2025-09-15
B0BRKHCM2V,2025-10-13
B0BRKHCM2V,2025-11-10
B0BRKHCM2V,2025-12-08
B0BRKHCM2V,2026-01-05
B0BRKHCM2V,2026-02-02
B0BRKHCM2V,2026-03-02
B0BRKHQLDL,2025-04-28
B0BRKHQLDL,2025-05-26
B0BRKHQLDL,2025-06-23
B0BRKHQLDL,2025-07-21
B0BRKHQLDL,2025-08-18
B0BRKHQLDL,2025-09-15
B0BRKHQLDL,2025-10-13
B0BRKHQLDL,2025-11-10
B0BRKHQLDL,2025-12-08
B0BRKHQLDL,2026-01-05
B0BRKHQLDL,2026-02-02
B0BRKHQLDL,2026-03-02
B0BRKJH5YT,2025-04-28
B0BRKJH5YT,2025-05-26
B0BRKJH5YT,2025-06-23
B0BRKJH5YT,2025-07-21
B0BRKJH5YT,2025-08-18
B0BRKJH5YT,2025-09-15
B0BRKJH5YT,2025-10-13
B0BRKJH5YT,2025-11-10
B0BRKJH5YT,2025-12-08
B0BRKJH5YT,2026-01-05
B0BRKJH5YT,2026-02-02
B0BRKJH5YT,2026-03-02
B0BRKVX968,2025-04-28
B0BRKVX968,2025-05-26
B0BRKVX968,2025-06-23
B0BRKVX968,2025-07-21
B0BRKVX968,2025-08-18
B0BRKVX968,2025-09-15
B0BRKVX968,2025-10-13
B0BRKVX968,2025-11-10
B0BRKVX968,2025-12-08
B0BRKVX968,2026-01-05
B0BRKVX968,2026-02-02
B0BRKVX968,2026-03-02
B0BRN7TYR9,2025-04-28
B0BRN7TYR9,2025-05-26
B0BRN7TYR9,2025-06-23
B0BRN7TYR9,2025-07-21
B0BRN7TYR9,2025-08-18
B0BRN7TYR9,2025-09-15
B0BRN7TYR9,2025-10-13
B0BRN7TYR9,2025-11-10
B0BRN7TYR9,2025-12-08
B0BRN7TYR9,2026-01-05
B0BRN7TYR9,2026-02-02
B0BRN7TYR9,2026-03-02
B0BRNBXKJ2,2025-04-28
B0BRNBXKJ2,2025-05-26
B0BRNBXKJ2,2025-06-23
B0BRNBXKJ2,2025-07-21
B0BRNBXKJ2,2025-08-18
B0BRNBXKJ2,2025-09-15
B0BRNBXKJ2,2025-10-13
B0BRNBXKJ2,2025-11-10
B0BRNBXKJ2,2025-12-08
B0BRNBXKJ2,2026-01-05
B0BRNBXKJ2,2026-02-02
B0BRNBXKJ2,2026-03-02
B0BRND2K9Q,2025-04-28
B0BRND2K9Q,2025-05-26
B0BRND2K9Q,2025-06-23
B0BRND2K9Q,2025-07-21
B0BRND2K9Q,2025-08-18
B0BRND2K9Q,2025-09-15
B0BRND2K9Q,2025-10-13
B0BRND2K9Q,2025-11-10
B0BRND2K9Q,2025-12-08
B0BRND2K9Q,2026-01-05
B0BRND2K9Q,2026-02-02
B0BRND2K9Q,2026-03-02
B0BRPPX2H4,2025-04-28
B0BRPPX2H4,2025-05-26
B0BRPPX2H4,2025-06-23
B0BRPPX2H4,2025-07-21
B0BRPPX2H4,2025-08-18
B0BRPPX2H4,2025-09-15
B0BRPPX2H4,2025-10-13
B0BRPPX2H4,2025-11-10
B0BRPPX2H4,2025-12-08
B0BRPPX2H4,2026-01-05
B0BRPPX2H4,2026-02-02
B0BRPPX2H4,2026-03-02
B0BRR5ZP3V,2025-04-28
B0BRR5ZP3V,2025-05-26
B0BRR5ZP3V,2025-06-23
B0BRR5ZP3V,2025-07-21
B0BRR5ZP3V,2025-08-18
B0BRR5ZP3V,2025-09-15
B0BRR5ZP3V,2025-10-13
B0BRR5ZP3V,2025-11-10
B0BRR5ZP3V,2025-12-08
B0BRR5ZP3V,2026-01-05
B0BRR5ZP3V,2026-02-02
B0BRR5ZP3V,2026-03-02
B0BRR6HS2T,2025-04-28
B0BRR6HS2T,2025-05-26
B0BRR6HS2T,2025-06-23
B0BRR6HS2T,2025-07-21
B0BRR6HS2T,2025-08-18
B0BRR6HS2T,2025-09-15
B0BRR6HS2T,2025-10-13
B0BRR6HS2T,2025-11-10
B0BRR6HS2T,2025-12-08
B0BRR6HS2T,2026-01-05
B0BRR6HS2T,2026-02-02
B0BRR6HS2T,2026-03-02
B0BRWGG5G4,2025-04-28
B0BRWGG5G4,2025-05-26
B0BRWGG5G4,2025-06-23
B0BRWGG5G4,2025-07-21
B0BRWGG5G4,2025-08-18
B0BRWGG5G4,2025-09-15
B0BRWGG5G4,2025-10-13
B0BRWGG5G4,2025-11-10
B0BRWGG5G4,2025-12-08
B0BRWGG5G4,2026-01-05
B0BRWGG5G4,2026-02-02
B0BRWGG5G4,2026-03-02
B0BRXGVXWX,2025-04-28
B0BRXGVXWX,2025-05-26
B0BRXGVXWX,2025-06-23
B0BRXGVXWX,2025-07-21
B0BRXGVXWX,2025-08-18
B0BRXGVXWX,2025-09-15
B0BRXGVXWX,2025-10-13
B0BRXGVXWX,2025-11-10
B0BRXGVXWX,2025-12-08
B0BRXGVXWX,2026-01-05
B0BRXGVXWX,2026-02-02
B0BRXGVXWX,2026-03-02
B0BRXJHJVX,2025-04-28
B0BRXJHJVX,2025-05-26
B0BRXJHJVX,2025-06-23
B0BRXJHJVX,2025-07-21
B0BRXJHJVX,2025-08-18
B0BRXJHJVX,2025-09-15
B0BRXJHJVX,2025-10-13
B0BRXJHJVX,2025-11-10
B0BRXJHJVX,2025-12-08
B0BRXJHJVX,2026-01-05
B0BRXJHJVX,2026-02-02
B0BRXJHJVX,2026-03-02
B0BRXKSLMX,2025-04-28
B0BRXKSLMX,2025-05-26
B0BRXKSLMX,2025-06-23
B0BRXKSLMX,2025-07-21
B0BRXKSLMX,2025-08-18
B0BRXKSLMX,2025-09-15
B0BRXKSLMX,2025-10-13
B0BRXKSLMX,2025-11-10
B0BRXKSLMX,2025-12-08
B0BRXKSLMX,2026-01-05
B0BRXKSLMX,2026-02-02
B0BRXKSLMX,2026-03-02
B0BRYXZC8K,2025-04-28
B0BRYXZC8K,2025-05-26
B0BRYXZC8K,2025-06-23
B0BRYXZC8K,2025-07-21
B0BRYXZC8K,2025-08-18
B0BRYXZC8K,2025-09-15
B0BRYXZC8K,2025-10-13
B0BRYXZC8K,2025-11-10
B0BRYXZC8K,2025-12-08
B0BRYXZC8K,2026-01-05
B0BRYXZC8K,2026-02-02
B0BRYXZC8K,2026-03-02
B0BRZTRF84,2025-04-28
B0BRZTRF84,2025-05-26
B0BRZTRF84,2025-06-23
B0BRZTRF84,2025-07-21
B0BRZTRF84,2025-08-18
B0BRZTRF84,2025-09-15
B0BRZTRF84,2025-10-13
B0BRZTRF84,2025-11-10
B0BRZTRF84,2025-12-08
B0BRZTRF84,2026-01-05
B0BRZTRF84,2026-02-02
B0BRZTRF84,2026-03-02
B0BRZV33FK,2025-04-28
B0BRZV33FK,2025-05-26
B0BRZV33FK,2025-06-23
B0BRZV33FK,2025-07-21
B0BRZV33FK,2025-08-18
B0BRZV33FK,2025-09-15
B0BRZV33FK,2025-10-13
B0BRZV33FK,2025-11-10
B0BRZV33FK,2025-12-08
B0BRZV33FK,2026-01-05
B0BRZV33FK,2026-02-02
B0BRZV33FK,2026-03-02
B0BRZVWTNB,2025-04-28
B0BRZVWTNB,2025-05-26
B0BRZVWTNB,2025-06-23
B0BRZVWTNB,2025-07-21
B0BRZVWTNB,2025-08-18
B0BRZVWTNB,2025-09-15
B0BRZVWTNB,2025-10-13
B0BRZVWTNB,2025-11-10
B0BRZVWTNB,2025-12-08
B0BRZVWTNB,2026-01-05
B0BRZVWTNB,2026-02-02
B0BRZVWTNB,2026-03-02
B0BS1KYFQ8,2025-04-28
B0BS1KYFQ8,2025-05-26
B0BS1KYFQ8,2025-06-23
B0BS1KYFQ8,2025-07-21
B0BS1KYFQ8,2025-08-18
B0BS1KYFQ8,2025-09-15
B0BS1KYFQ8,2025-10-13
B0BS1KYFQ8,2025-11-10
B0BS1KYFQ8,2025-12-08
B0BS1KYFQ8,2026-01-05
B0BS1KYFQ8,2026-02-02
B0BS1KYFQ8,2026-03-02
B0BS1MHZVL,2025-04-28
B0BS1MHZVL,2025-05-26
B0BS1MHZVL,2025-06-23
B0BS1MHZVL,2025-07-21
B0BS1MHZVL,2025-08-18
B0BS1MHZVL,2025-09-15
B0BS1MHZVL,2025-10-13
B0BS1MHZVL,2025-11-10
B0BS1MHZVL,2025-12-08
B0BS1MHZVL,2026-01-05
B0BS1MHZVL,2026-02-02
B0BS1MHZVL,2026-03-02
B0BSDGBJQG,2025-04-28
B0BSDGBJQG,2025-05-26
B0BSDGBJQG,2025-06-23
B0BSDGBJQG,2025-07-21
B0BSDGBJQG,2025-08-18
B0BSDGBJQG,2025-09-15
B0BSDGBJQG,2025-10-13
B0BSDGBJQG,2025-11-10
B0BSDGBJQG,2025-12-08
B0BSDGBJQG,2026-01-05
B0BSDGBJQG,2026-02-02
B0BSDGBJQG,2026-03-02
B0BSDGYCMW,2025-04-28
B0BSDGYCMW,2025-05-26
B0BSDGYCMW,2025-06-23
B0BSDGYCMW,2025-07-21
B0BSDGYCMW,2025-08-18
B0BSDGYCMW,2025-09-15
B0BSDGYCMW,2025-10-13
B0BSDGYCMW,2025-11-10
B0BSDGYCMW,2025-12-08
B0BSDGYCMW,2026-01-05
B0BSDGYCMW,2026-02-02
B0BSDGYCMW,2026-03-02
B0BSFPGS2X,2025-04-28
B0BSFPGS2X,2025-05-26
B0BSFPGS2X,2025-06-23
B0BSFPGS2X,2025-07-21
B0BSFPGS2X,2025-08-18
B0BSFPGS2X,2025-09-15
B0BSFPGS2X,2025-10-13
B0BSFPGS2X,2025-11-10
B0BSFPGS2X,2025-12-08
B0BSFPGS2X,2026-01-05
B0BSFPGS2X,2026-02-02
B0BSFPGS2X,2026-03-02
B0BTBR8RB5,2025-04-28
B0BTBR8RB5,2025-05-26
B0BTBR8RB5,2025-06-23
B0BTBR8RB5,2025-07-21
B0BTBR8RB5,2025-08-18
B0BTBR8RB5,2025-09-15
B0BTBR8RB5,2025-10-13
B0BTBR8RB5,2025-11-10
B0BTBR8RB5,2025-12-08
B0BTBR8RB5,2026-01-05
B0BTBR8RB5,2026-02-02
B0BTBR8RB5,2026-03-02
B0BTCPHJYN,2025-04-28
B0BTCPHJYN,2025-05-26
B0BTCPHJYN,2025-06-23
B0BTCPHJYN,2025-07-21
B0BTCPHJYN,2025-08-18
B0BTCPHJYN,2025-09-15
B0BTCPHJYN,2025-10-13
B0BTCPHJYN,2025-11-10
B0BTCPHJYN,2025-12-08
B0BTCPHJYN,2026-01-05
B0BTCPHJYN,2026-02-02
B0BTCPHJYN,2026-03-02
B0BTDCLXZ3,2025-04-28
B0BTDCLXZ3,2025-05-26
B0BTDCLXZ3,2025-06-23
B0BTDCLXZ3,2025-07-21
B0BTDCLXZ3,2025-08-18
B0BTDCLXZ3,2025-09-15
B0BTDCLXZ3,2025-10-13
B0BTDCLXZ3,2025-11-10
B0BTDCLXZ3,2025-12-08
B0BTDCLXZ3,2026-01-05
B0BTDCLXZ3,2026-02-02
B0BTDCLXZ3,2026-03-02
B0BTN6XJSG,2025-04-28
B0BTN6XJSG,2025-05-26
B0BTN6XJSG,2025-06-23
B0BTN6XJSG,2025-07-21
B0BTN6XJSG,2025-08-18
B0BTN6XJSG,2025-09-15
B0BTN6XJSG,2025-10-13
B0BTN6XJSG,2025-11-10
B0BTN6XJSG,2025-12-08
B0BTN6XJSG,2026-01-05
B0BTN6XJSG,2026-02-02
B0BTN6XJSG,2026-03-02
B0BTN8TLV3,2025-04-28
B0BTN8TLV3,2025-05-26
B0BTN8TLV3,2025-06-23
B0BTN8TLV3,2025-07-21
B0BTN8TLV3,2025-08-18
B0BTN8TLV3,2025-09-15
B0BTN8TLV3,2025-10-13
B0BTN8TLV3,2025-11-10
B0BTN8TLV3,2025-12-08
B0BTN8TLV3,2026-01-05
B0BTN8TLV3,2026-02-02
B0BTN8TLV3,2026-03-02
B0BV12847Y,2025-04-28
B0BV12847Y,2025-05-26
B0BV12847Y,2025-06-23
B0BV12847Y,2025-07-21
B0BV12847Y,2025-08-18
B0BV12847Y,2025-09-15
B0BV12847Y,2025-10-13
B0BV12847Y,2025-11-10
B0BV12847Y,2025-12-08
B0BV12847Y,2026-01-05
B0BV12847Y,2026-02-02
B0BV12847Y,2026-03-02
B0BV6DYZV3,2025-04-28
B0BV6DYZV3,2025-05-26
B0BV6DYZV3,2025-06-23
B0BV6DYZV3,2025-07-21
B0BV6DYZV3,2025-08-18
B0BV6DYZV3,2025-09-15
B0BV6DYZV3,2025-10-13
B0BV6DYZV3,2025-11-10
B0BV6DYZV3,2025-12-08
B0BV6DYZV3,2026-01-05
B0BV6DYZV3,2026-02-02
B0BV6DYZV3,2026-03-02
B0BV76G3H8,2025-04-28
B0BV76G3H8,2025-05-26
B0BV76G3H8,2025-06-23
B0BV76G3H8,2025-07-21
B0BV76G3H8,2025-08-18
B0BV76G3H8,2025-09-15
B0BV76G3H8,2025-10-13
B0BV76G3H8,2025-11-10
B0BV76G3H8,2025-12-08
B0BV76G3H8,2026-01-05
B0BV76G3H8,2026-02-02
B0BV76G3H8,2026-03-02
B0BVF6J7GV,2025-04-28
B0BVF6J7GV,2025-05-26
B0BVF6J7GV,2025-06-23
B0BVF6J7GV,2025-07-21
B0BVF6J7GV,2025-08-18
B0BVF6J7GV,2025-09-15
B0BVF6J7GV,2025-10-13
B0BVF6J7GV,2025-11-10
B0BVF6J7GV,2025-12-08
B0BVF6J7GV,2026-01-05
B0BVF6J7GV,2026-02-02
B0BVF6J7GV,2026-03-02
B0BVG6T71R,2025-04-28
B0BVG6T71R,2025-05-26
B0BVG6T71R,2025-06-23
B0BVG6T71R,2025-07-21
B0BVG6T71R,2025-08-18
B0BVG6T71R,2025-09-15
B0BVG6T71R,2025-10-13
B0BVG6T71R,2025-11-10
B0BVG6T71R,2025-12-08
B0BVG6T71R,2026-01-05
B0BVG6T71R,2026-02-02
B0BVG6T71R,2026-03-02
B0BVQQNRVZ,2025-04-28
B0BVQQNRVZ,2025-05-26
B0BVQQNRVZ,2025-06-23
B0BVQQNRVZ,2025-07-21
B0BVQQNRVZ,2025-08-18
B0BVQQNRVZ,2025-09-15
B0BVQQNRVZ,2025-10-13
B0BVQQNRVZ,2025-11-10
B0BVQQNRVZ,2025-12-08
B0BVQQNRVZ,2026-01-05
B0BVQQNRVZ,2026-02-02
B0BVQQNRVZ,2026-03-02
B0BVR4KC5Y,2025-04-28
B0BVR4KC5Y,2025-05-26
B0BVR4KC5Y,2025-06-23
B0BVR4KC5Y,2025-07-21
B0BVR4KC5Y,2025-08-18
B0BVR4KC5Y,2025-09-15
B0BVR4KC5Y,2025-10-13
B0BVR4KC5Y,2025-11-10
B0BVR4KC5Y,2025-12-08
B0BVR4KC5Y,2026-01-05
B0BVR4KC5Y,2026-02-02
B0BVR4KC5Y,2026-03-02
B0BVR4LNP8,2025-04-28
B0BVR4LNP8,2025-05-26
B0BVR4LNP8,2025-06-23
B0BVR4LNP8,2025-07-21
B0BVR4LNP8,2025-08-18
B0BVR4LNP8,2025-09-15
B0BVR4LNP8,2025-10-13
B0BVR4LNP8,2025-11-10
B0BVR4LNP8,2025-12-08
B0BVR4LNP8,2026-01-05
B0BVR4LNP8,2026-02-02
B0BVR4LNP8,2026-03-02
B0BVR4RMDQ,2025-04-28
B0BVR4RMDQ,2025-05-26
B0BVR4RMDQ,2025-06-23
B0BVR4RMDQ,2025-07-21
B0BVR4RMDQ,2025-08-18
B0BVR4RMDQ,2025-09-15
B0BVR4RMDQ,2025-10-13
B0BVR4RMDQ,2025-11-10
B0BVR4RMDQ,2025-12-08
B0BVR4RMDQ,2026-01-05
B0BVR4RMDQ,2026-02-02
B0BVR4RMDQ,2026-03-02
B0BW45WGWV,2025-04-28
B0BW45WGWV,2025-05-26
B0BW45WGWV,2025-06-23
B0BW45WGWV,2025-07-21
B0BW45WGWV,2025-08-18
B0BW45WGWV,2025-09-15
B0BW45WGWV,2025-10-13
B0BW45WGWV,2025-11-10
B0BW45WGWV,2025-12-08
B0BW45WGWV,2026-01-05
B0BW45WGWV,2026-02-02
B0BW45WGWV,2026-03-02
B0BW5V6WJ4,2025-04-28
B0BW5V6WJ4,2025-05-26
B0BW5V6WJ4,2025-06-23
B0BW5V6WJ4,2025-07-21
B0BW5V6WJ4,2025-08-18
B0BW5V6WJ4,2025-09-15
B0BW5V6WJ4,2025-10-13
B0BW5V6WJ4,2025-11-10
B0BW5V6WJ4,2025-12-08
B0BW5V6WJ4,2026-01-05
B0BW5V6WJ4,2026-02-02
B0BW5V6WJ4,2026-03-02
B0BW5XMNDW,2025-04-28
B0BW5XMNDW,2025-05-26
B0BW5XMNDW,2025-06-23
B0BW5XMNDW,2025-07-21
B0BW5XMNDW,2025-08-18
B0BW5XMNDW,2025-09-15
B0BW5XMNDW,2025-10-13
B0BW5XMNDW,2025-11-10
B0BW5XMNDW,2025-12-08
B0BW5XMNDW,2026-01-05
B0BW5XMNDW,2026-02-02
B0BW5XMNDW,2026-03-02
B0BW8KKPQH,2025-04-28
B0BW8KKPQH,2025-05-26
B0BW8KKPQH,2025-06-23
B0BW8KKPQH,2025-07-21
B0BW8KKPQH,2025-08-18
B0BW8KKPQH,2025-09-15
B0BW8KKPQH,2025-10-13
B0BW8KKPQH,2025-11-10
B0BW8KKPQH,2025-12-08
B0BW8KKPQH,2026-01-05
B0BW8KKPQH,2026-02-02
B0BW8KKPQH,2026-03-02
B0BWCVK3B1,2025-04-28
B0BWCVK3B1,2025-05-26
B0BWCVK3B1,2025-06-23
B0BWCVK3B1,2025-07-21
B0BWCVK3B1,2025-08-18
B0BWCVK3B1,2025-09-15
B0BWCVK3B1,2025-10-13
B0BWCVK3B1,2025-11-10
B0BWCVK3B1,2025-12-08
B0BWCVK3B1,2026-01-05
B0BWCVK3B1,2026-02-02
B0BWCVK3B1,2026-03-02
B0BWDWZ4JS,2025-04-28
B0BWDWZ4JS,2025-05-26
B0BWDWZ4JS,2025-06-23
B0BWDWZ4JS,2025-07-21
B0BWDWZ4JS,2025-08-18
B0BWDWZ4JS,2025-09-15
B0BWDWZ4JS,2025-10-13
B0BWDWZ4JS,2025-11-10
B0BWDWZ4JS,2025-12-08
B0BWDWZ4JS,2026-01-05
B0BWDWZ4JS,2026-02-02
B0BWDWZ4JS,2026-03-02
B0BWF1GVDG,2025-04-28
B0BWF1GVDG,2025-05-26
B0BWF1GVDG,2025-06-23
B0BWF1GVDG,2025-07-21
B0BWF1GVDG,2025-08-18
B0BWF1GVDG,2025-09-15
B0BWF1GVDG,2025-10-13
B0BWF1GVDG,2025-11-10
B0BWF1GVDG,2025-12-08
B0BWF1GVDG,2026-01-05
B0BWF1GVDG,2026-02-02
B0BWF1GVDG,2026-03-02
B0BWHZM1D6,2025-04-28
B0BWHZM1D6,2025-05-26
B0BWHZM1D6,2025-06-23
B0BWHZM1D6,2025-07-21
B0BWHZM1D6,2025-08-18
B0BWHZM1D6,2025-09-15
B0BWHZM1D6,2025-10-13
B0BWHZM1D6,2025-11-10
B0BWHZM1D6,2025-12-08
B0BWHZM1D6,2026-01-05
B0BWHZM1D6,2026-02-02
B0BWHZM1D6,2026-03-02
B0BWNG3N59,2025-04-28
B0BWNG3N59,2025-05-26
B0BWNG3N59,2025-06-23
B0BWNG3N59,2025-07-21
B0BWNG3N59,2025-08-18
B0BWNG3N59,2025-09-15
B0BWNG3N59,2025-10-13
B0BWNG3N59,2025-11-10
B0BWNG3N59,2025-12-08
B0BWNG3N59,2026-01-05
B0BWNG3N59,2026-02-02
B0BWNG3N59,2026-03-02
B0BWNGRPLN,2025-04-28
B0BWNGRPLN,2025-05-26
B0BWNGRPLN,2025-06-23
B0BWNGRPLN,2025-07-21
B0BWNGRPLN,2025-08-18
B0BWNGRPLN,2025-09-15
B0BWNGRPLN,2025-10-13
B0BWNGRPLN,2025-11-10
B0BWNGRPLN,2025-12-08
B0BWNGRPLN,2026-01-05
B0BWNGRPLN,2026-02-02
B0BWNGRPLN,2026-03-02
B0BWNWGTJ7,2025-04-28
B0BWNWGTJ7,2025-05-26
B0BWNWGTJ7,2025-06-23
B0BWNWGTJ7,2025-07-21
B0BWNWGTJ7,2025-08-18
B0BWNWGTJ7,2025-09-15
B0BWNWGTJ7,2025-10-13
B0BWNWGTJ7,2025-11-10
B0BWNWGTJ7,2025-12-08
B0BWNWGTJ7,2026-01-05
B0BWNWGTJ7,2026-02-02
B0BWNWGTJ7,2026-03-02
B0BWNXF75G,2025-04-28
B0BWNXF75G,2025-05-26
B0BWNXF75G,2025-06-23
B0BWNXF75G,2025-07-21
B0BWNXF75G,2025-08-18
B0BWNXF75G,2025-09-15
B0BWNXF75G,2025-10-13
B0BWNXF75G,2025-11-10
B0BWNXF75G,2025-12-08
B0BWNXF75G,2026-01-05
B0BWNXF75G,2026-02-02
B0BWNXF75G,2026-03-02
B0BWR4ZMWG,2025-04-28
B0BWR4ZMWG,2025-05-26
B0BWR4ZMWG,2025-06-23
B0BWR4ZMWG,2025-07-21
B0BWR4ZMWG,2025-08-18
B0BWR4ZMWG,2025-09-15
B0BWR4ZMWG,2025-10-13
B0BWR4ZMWG,2025-11-10
B0BWR4ZMWG,2025-12-08
B0BWR4ZMWG,2026-01-05
B0BWR4ZMWG,2026-02-02
B0BWR4ZMWG,2026-03-02
B0BWTV98MN,2025-04-28
B0BWTV98MN,2025-05-26
B0BWTV98MN,2025-06-23
B0BWTV98MN,2025-07-21
B0BWTV98MN,2025-08-18
B0BWTV98MN,2025-09-15
B0BWTV98MN,2025-10-13
B0BWTV98MN,2025-11-10
B0BWTV98MN,2025-12-08
B0BWTV98MN,2026-01-05
B0BWTV98MN,2026-02-02
B0BWTV98MN,2026-03-02
B0BWTVQPVB,2025-04-28
B0BWTVQPVB,2025-05-26
B0BWTVQPVB,2025-06-23
B0BWTVQPVB,2025-07-21
B0BWTVQPVB,2025-08-18
B0BWTVQPVB,2025-09-15
B0BWTVQPVB,2025-10-13
B0BWTVQPVB,2025-11-10
B0BWTVQPVB,2025-12-08
B0BWTVQPVB,2026-01-05
B0BWTVQPVB,2026-02-02
B0BWTVQPVB,2026-03-02
B0BWTWKS39,2025-04-28
B0BWTWKS39,2025-05-26
B0BWTWKS39,2025-06-23
B0BWTWKS39,2025-07-21
B0BWTWKS39,2025-08-18
B0BWTWKS39,2025-09-15
B0BWTWKS39,2025-10-13
B0BWTWKS39,2025-11-10
B0BWTWKS39,2025-12-08
B0BWTWKS39,2026-01-05
B0BWTWKS39,2026-02-02
B0BWTWKS39,2026-03-02
B0BWYGLKS3,2025-04-28
B0BWYGLKS3,2025-05-26
B0BWYGLKS3,2025-06-23
B0BWYGLKS3,2025-07-21
B0BWYGLKS3,2025-08-18
B0BWYGLKS3,2025-09-15
B0BWYGLKS3,2025-10-13
B0BWYGLKS3,2025-11-10
B0BWYGLKS3,2025-12-08
B0BWYGLKS3,2026-01-05
B0BWYGLKS3,2026-02-02
B0BWYGLKS3,2026-03-02
B0BX4S2NYK,2025-04-28
B0BX4S2NYK,2025-05-26
B0BX4S2NYK,2025-06-23
B0BX4S2NYK,2025-07-21
B0BX4S2NYK,2025-08-18
B0BX4S2NYK,2025-09-15
B0BX4S2NYK,2025-10-13
B0BX4S2NYK,2025-11-10
B0BX4S2NYK,2025-12-08
B0BX4S2NYK,2026-01-05
B0BX4S2NYK,2026-02-02
B0BX4S2NYK,2026-03-02
B0BX5G3QLK,2025-04-28
B0BX5G3QLK,2025-05-26
B0BX5G3QLK,2025-06-23
B0BX5G3QLK,2025-07-21
B0BX5G3QLK,2025-08-18
B0BX5G3QLK,2025-09-15
B0BX5G3QLK,2025-10-13
B0BX5G3QLK,2025-11-10
B0BX5G3QLK,2025-12-08
B0BX5G3QLK,2026-01-05
B0BX5G3QLK,2026-02-02
B0BX5G3QLK,2026-03-02
B0BX79M6PM,2025-04-28
B0BX79M6PM,2025-05-26
B0BX79M6PM,2025-06-23
B0BX79M6PM,2025-07-21
B0BX79M6PM,2025-08-18
B0BX79M6PM,2025-09-15
B0BX79M6PM,2025-10-13
B0BX79M6PM,2025-11-10
B0BX79M6PM,2025-12-08
B0BX79M6PM,2026-01-05
B0BX79M6PM,2026-02-02
B0BX79M6PM,2026-03-02
B0BX7BWSHP,2025-04-28
B0BX7BWSHP,2025-05-26
B0BX7BWSHP,2025-06-23
B0BX7BWSHP,2025-07-21
B0BX7BWSHP,2025-08-18
B0BX7BWSHP,2025-09-15
B0BX7BWSHP,2025-10-13
B0BX7BWSHP,2025-11-10
B0BX7BWSHP,2025-12-08
B0BX7BWSHP,2026-01-05
B0BX7BWSHP,2026-02-02
B0BX7BWSHP,2026-03-02
B0BX9HLR9H,2025-04-28
B0BX9HLR9H,2025-05-26
B0BX9HLR9H,2025-06-23
B0BX9HLR9H,2025-07-21
B0BX9HLR9H,2025-08-18
B0BX9HLR9H,2025-09-15
B0BX9HLR9H,2025-10-13
B0BX9HLR9H,2025-11-10
B0BX9HLR9H,2025-12-08
B0BX9HLR9H,2026-01-05
B0BX9HLR9H,2026-02-02
B0BX9HLR9H,2026-03-02
B0BX9J1HZH,2025-04-28
B0BX9J1HZH,2025-05-26
B0BX9J1HZH,2025-06-23
B0BX9J1HZH,2025-07-21
B0BX9J1HZH,2025-08-18
B0BX9J1HZH,2025-09-15
B0BX9J1HZH,2025-10-13
B0BX9J1HZH,2025-11-10
B0BX9J1HZH,2025-12-08
B0BX9J1HZH,2026-01-05
B0BX9J1HZH,2026-02-02
B0BX9J1HZH,2026-03-02
B0BXCHF9ZN,2025-04-28
B0BXCHF9ZN,2025-05-26
B0BXCHF9ZN,2025-06-23
B0BXCHF9ZN,2025-07-21
B0BXCHF9ZN,2025-08-18
B0BXCHF9ZN,2025-09-15
B0BXCHF9ZN,2025-10-13
B0BXCHF9ZN,2025-11-10
B0BXCHF9ZN,2025-12-08
B0BXCHF9ZN,2026-01-05
B0BXCHF9ZN,2026-02-02
B0BXCHF9ZN,2026-03-02
B0BXFR5WZR,2025-04-28
B0BXFR5WZR,2025-05-26
B0BXFR5WZR,2025-06-23
B0BXFR5WZR,2025-07-21
B0BXFR5WZR,2025-08-18
B0BXFR5WZR,2025-09-15
B0BXFR5WZR,2025-10-13
B0BXFR5WZR,2025-11-10
B0BXFR5WZR,2025-12-08
B0BXFR5WZR,2026-01-05
B0BXFR5WZR,2026-02-02
B0BXFR5WZR,2026-03-02
B0BXL527HY,2025-04-28
B0BXL527HY,2025-05-26
B0BXL527HY,2025-06-23
B0BXL527HY,2025-07-21
B0BXL527HY,2025-08-18
B0BXL527HY,2025-09-15
B0BXL527HY,2025-10-13
B0BXL527HY,2025-11-10
B0BXL527HY,2025-12-08
B0BXL527HY,2026-01-05
B0BXL527HY,2026-02-02
B0BXL527HY,2026-03-02
B0BXL52N9V,2025-04-28
B0BXL52N9V,2025-05-26
B0BXL52N9V,2025-06-23
B0BXL52N9V,2025-07-21
B0BXL52N9V,2025-08-18
B0BXL52N9V,2025-09-15
B0BXL52N9V,2025-10-13
B0BXL52N9V,2025-11-10
B0BXL52N9V,2025-12-08
B0BXL52N9V,2026-01-05
B0BXL52N9V,2026-02-02
B0BXL52N9V,2026-03-02
B0BXL54CRP,2025-04-28
B0BXL54CRP,2025-05-26
B0BXL54CRP,2025-06-23
B0BXL54CRP,2025-07-21
B0BXL54CRP,2025-08-18
B0BXL54CRP,2025-09-15
B0BXL54CRP,2025-10-13
B0BXL54CRP,2025-11-10
B0BXL54CRP,2025-12-08
B0BXL54CRP,2026-01-05
B0BXL54CRP,2026-02-02
B0BXL54CRP,2026-03-02
B0BXL5TG5S,2025-04-28
B0BXL5TG5S,2025-05-26
B0BXL5TG5S,2025-06-23
B0BXL5TG5S,2025-07-21
B0BXL5TG5S,2025-08-18
B0BXL5TG5S,2025-09-15
B0BXL5TG5S,2025-10-13
B0BXL5TG5S,2025-11-10
B0BXL5TG5S,2025-12-08
B0BXL5TG5S,2026-01-05
B0BXL5TG5S,2026-02-02
B0BXL5TG5S,2026-03-02
B0BXPC67XJ,2025-04-28
B0BXPC67XJ,2025-05-26
B0BXPC67XJ,2025-06-23
B0BXPC67XJ,2025-07-21
B0BXPC67XJ,2025-08-18
B0BXPC67XJ,2025-09-15
B0BXPC67XJ,2025-10-13
B0BXPC67XJ,2025-11-10
B0BXPC67XJ,2025-12-08
B0BXPC67XJ,2026-01-05
B0BXPC67XJ,2026-02-02
B0BXPC67XJ,2026-03-02
B0BXPDYY9B,2025-04-28
B0BXPDYY9B,2025-05-26
B0BXPDYY9B,2025-06-23
B0BXPDYY9B,2025-07-21
B0BXPDYY9B,2025-08-18
B0BXPDYY9B,2025-09-15
B0BXPDYY9B,2025-10-13
B0BXPDYY9B,2025-11-10
B0BXPDYY9B,2025-12-08
B0BXPDYY9B,2026-01-05
B0BXPDYY9B,2026-02-02
B0BXPDYY9B,2026-03-02
B0BY5MRNNK,2025-04-28
B0BY5MRNNK,2025-05-26
B0BY5MRNNK,2025-06-23
B0BY5MRNNK,2025-07-21
B0BY5MRNNK,2025-08-18
B0BY5MRNNK,2025-09-15
B0BY5MRNNK,2025-10-13
B0BY5MRNNK,2025-11-10
B0BY5MRNNK,2025-12-08
B0BY5MRNNK,2026-01-05
B0BY5MRNNK,2026-02-02
B0BY5MRNNK,2026-03-02
B0BY5MZ3PR,2025-04-28
B0BY5MZ3PR,2025-05-26
B0BY5MZ3PR,2025-06-23
B0BY5MZ3PR,2025-07-21
B0BY5MZ3PR,2025-08-18
B0BY5MZ3PR,2025-09-15
B0BY5MZ3PR,2025-10-13
B0BY5MZ3PR,2025-11-10
B0BY5MZ3PR,2025-12-08
B0BY5MZ3PR,2026-01-05
B0BY5MZ3PR,2026-02-02
B0BY5MZ3PR,2026-03-02
B0BY5N2ZRM,2025-04-28
B0BY5N2ZRM,2025-05-26
B0BY5N2ZRM,2025-06-23
B0BY5N2ZRM,2025-07-21
B0BY5N2ZRM,2025-08-18
B0BY5N2ZRM,2025-09-15
B0BY5N2ZRM,2025-10-13
B0BY5N2ZRM,2025-11-10
B0BY5N2ZRM,2025-12-08
B0BY5N2ZRM,2026-01-05
B0BY5N2ZRM,2026-02-02
B0BY5N2ZRM,2026-03-02
B0BYDSN3T6,2025-04-28
B0BYDSN3T6,2025-05-26
B0BYDSN3T6,2025-06-23
B0BYDSN3T6,2025-07-21
B0BYDSN3T6,2025-08-18
B0BYDSN3T6,2025-09-15
B0BYDSN3T6,2025-10-13
B0BYDSN3T6,2025-11-10
B0BYDSN3T6,2025-12-08
B0BYDSN3T6,2026-01-05
B0BYDSN3T6,2026-02-02
B0BYDSN3T6,2026-03-02
B0BYS8HJ53,2025-04-28
B0BYS8HJ53,2025-05-26
B0BYS8HJ53,2025-06-23
B0BYS8HJ53,2025-07-21
B0BYS8HJ53,2025-08-18
B0BYS8HJ53,2025-09-15
B0BYS8HJ53,2025-10-13
B0BYS8HJ53,2025-11-10
B0BYS8HJ53,2025-12-08
B0BYS8HJ53,2026-01-05
B0BYS8HJ53,2026-02-02
B0BYS8HJ53,2026-03-02
B0BYSN5WZW,2025-04-28
B0BYSN5WZW,2025-05-26
B0BYSN5WZW,2025-06-23
B0BYSN5WZW,2025-07-21
B0BYSN5WZW,2025-08-18
B0BYSN5WZW,2025-09-15
B0BYSN5WZW,2025-10-13
B0BYSN5WZW,2025-11-10
B0BYSN5WZW,2025-12-08
B0BYSN5WZW,2026-01-05
B0BYSN5WZW,2026-02-02
B0BYSN5WZW,2026-03-02
B0BZ42XW9N,2025-04-28
B0BZ42XW9N,2025-05-26
B0BZ42XW9N,2025-06-23
B0BZ42XW9N,2025-07-21
B0BZ42XW9N,2025-08-18
B0BZ42XW9N,2025-09-15
B0BZ42XW9N,2025-10-13
B0BZ42XW9N,2025-11-10
B0BZ42XW9N,2025-12-08
B0BZ42XW9N,2026-01-05
B0BZ42XW9N,2026-02-02
B0BZ42XW9N,2026-03-02
B0BZ4DZ2VH,2025-04-28
B0BZ4DZ2VH,2025-05-26
B0BZ4DZ2VH,2025-06-23
B0BZ4DZ2VH,2025-07-21
B0BZ4DZ2VH,2025-08-18
B0BZ4DZ2VH,2025-09-15
B0BZ4DZ2VH,2025-10-13
B0BZ4DZ2VH,2025-11-10
B0BZ4DZ2VH,2025-12-08
B0BZ4DZ2VH,2026-01-05
B0BZ4DZ2VH,2026-02-02
B0BZ4DZ2VH,2026-03-02
B0BZ4F3MKB,2025-04-28
B0BZ4F3MKB,2025-05-26
B0BZ4F3MKB,2025-06-23
B0BZ4F3MKB,2025-07-21
B0BZ4F3MKB,2025-08-18
B0BZ4F3MKB,2025-09-15
B0BZ4F3MKB,2025-10-13
B0BZ4F3MKB,2025-11-10
B0BZ4F3MKB,2025-12-08
B0BZ4F3MKB,2026-01-05
B0BZ4F3MKB,2026-02-02
B0BZ4F3MKB,2026-03-02
B0BZ4HDT6C,2025-04-28
B0BZ4HDT6C,2025-05-26
B0BZ4HDT6C,2025-06-23
B0BZ4HDT6C,2025-07-21
B0BZ4HDT6C,2025-08-18
B0BZ4HDT6C,2025-09-15
B0BZ4HDT6C,2025-10-13
B0BZ4HDT6C,2025-11-10
B0BZ4HDT6C,2025-12-08
B0BZ4HDT6C,2026-01-05
B0BZ4HDT6C,2026-02-02
B0BZ4HDT6C,2026-03-02
B0BZ7Z5P9L,2025-04-28
B0BZ7Z5P9L,2025-05-26
B0BZ7Z5P9L,2025-06-23
B0BZ7Z5P9L,2025-07-21
B0BZ7Z5P9L,2025-08-18
B0BZ7Z5P9L,2025-09-15
B0BZ7Z5P9L,2025-10-13
B0BZ7Z5P9L,2025-11-10
B0BZ7Z5P9L,2025-12-08
B0BZ7Z5P9L,2026-01-05
B0BZ7Z5P9L,2026-02-02
B0BZ7Z5P9L,2026-03-02
B0BZ8JRTNC,2025-04-28
B0BZ8JRTNC,2025-05-26
B0BZ8JRTNC,2025-06-23
B0BZ8JRTNC,2025-07-21
B0BZ8JRTNC,2025-08-18
B0BZ8JRTNC,2025-09-15
B0BZ8JRTNC,2025-10-13
B0BZ8JRTNC,2025-11-10
B0BZ8JRTNC,2025-12-08
B0BZ8JRTNC,2026-01-05
B0BZ8JRTNC,2026-02-02
B0BZ8JRTNC,2026-03-02
B0BZBLDTH3,2025-04-28
B0BZBLDTH3,2025-05-26
B0BZBLDTH3,2025-06-23
B0BZBLDTH3,2025-07-21
B0BZBLDTH3,2025-08-18
B0BZBLDTH3,2025-09-15
B0BZBLDTH3,2025-10-13
B0BZBLDTH3,2025-11-10
B0BZBLDTH3,2025-12-08
B0BZBLDTH3,2026-01-05
B0BZBLDTH3,2026-02-02
B0BZBLDTH3,2026-03-02
B0BZC13CWZ,2025-04-28
B0BZC13CWZ,2025-05-26
B0BZC13CWZ,2025-06-23
B0BZC13CWZ,2025-07-21
B0BZC13CWZ,2025-08-18
B0BZC13CWZ,2025-09-15
B0BZC13CWZ,2025-10-13
B0BZC13CWZ,2025-11-10
B0BZC13CWZ,2025-12-08
B0BZC13CWZ,2026-01-05
B0BZC13CWZ,2026-02-02
B0BZC13CWZ,2026-03-02
B0BZDRX6W1,2025-04-28
B0BZDRX6W1,2025-05-26
B0BZDRX6W1,2025-06-23
B0BZDRX6W1,2025-07-21
B0BZDRX6W1,2025-08-18
B0BZDRX6W1,2025-09-15
B0BZDRX6W1,2025-10-13
B0BZDRX6W1,2025-11-10
B0BZDRX6W1,2025-12-08
B0BZDRX6W1,2026-01-05
B0BZDRX6W1,2026-02-02
B0BZDRX6W1,2026-03-02
B0BZP36VKG,2025-04-28
B0BZP36VKG,2025-05-26
B0BZP36VKG,2025-06-23
B0BZP36VKG,2025-07-21
B0BZP36VKG,2025-08-18
B0BZP36VKG,2025-09-15
B0BZP36VKG,2025-10-13
B0BZP36VKG,2025-11-10
B0BZP36VKG,2025-12-08
B0BZP36VKG,2026-01-05
B0BZP36VKG,2026-02-02
B0BZP36VKG,2026-03-02
B0BZP3V9VZ,2025-04-28
B0BZP3V9VZ,2025-05-26
B0BZP3V9VZ,2025-06-23
B0BZP3V9VZ,2025-07-21
B0BZP3V9VZ,2025-08-18
B0BZP3V9VZ,2025-09-15
B0BZP3V9VZ,2025-10-13
B0BZP3V9VZ,2025-11-10
B0BZP3V9VZ,2025-12-08
B0BZP3V9VZ,2026-01-05
B0BZP3V9VZ,2026-02-02
B0BZP3V9VZ,2026-03-02
B0BZP4KCN5,2025-04-28
B0BZP4KCN5,2025-05-26
B0BZP4KCN5,2025-06-23
B0BZP4KCN5,2025-07-21
B0BZP4KCN5,2025-08-18
B0BZP4KCN5,2025-09-15
B0BZP4KCN5,2025-10-13
B0BZP4KCN5,2025-11-10
B0BZP4KCN5,2025-12-08
B0BZP4KCN5,2026-01-05
B0BZP4KCN5,2026-02-02
B0BZP4KCN5,2026-03-02
B0BZPNPB6D,2025-04-28
B0BZPNPB6D,2025-05-26
B0BZPNPB6D,2025-06-23
B0BZPNPB6D,2025-07-21
B0BZPNPB6D,2025-08-18
B0BZPNPB6D,2025-09-15
B0BZPNPB6D,2025-10-13
B0BZPNPB6D,2025-11-10
B0BZPNPB6D,2025-12-08
B0BZPNPB6D,2026-01-05
B0BZPNPB6D,2026-02-02
B0BZPNPB6D,2026-03-02
B0BZPPV5QL,2025-04-28
B0BZPPV5QL,2025-05-26
B0BZPPV5QL,2025-06-23
B0BZPPV5QL,2025-07-21
B0BZPPV5QL,2025-08-18
B0BZPPV5QL,2025-09-15
B0BZPPV5QL,2025-10-13
B0BZPPV5QL,2025-11-10
B0BZPPV5QL,2025-12-08
B0BZPPV5QL,2026-01-05
B0BZPPV5QL,2026-02-02
B0BZPPV5QL,2026-03-02
B0BZSBT77B,2025-04-28
B0BZSBT77B,2025-05-26
B0BZSBT77B,2025-06-23
B0BZSBT77B,2025-07-21
B0BZSBT77B,2025-08-18
B0BZSBT77B,2025-09-15
B0BZSBT77B,2025-10-13
B0BZSBT77B,2025-11-10
B0BZSBT77B,2025-12-08
B0BZSBT77B,2026-01-05
B0BZSBT77B,2026-02-02
B0BZSBT77B,2026-03-02
B0BZSF2ZB5,2025-04-28
B0BZSF2ZB5,2025-05-26
B0BZSF2ZB5,2025-06-23
B0BZSF2ZB5,2025-07-21
B0BZSF2ZB5,2025-08-18
B0BZSF2ZB5,2025-09-15
B0BZSF2ZB5,2025-10-13
B0BZSF2ZB5,2025-11-10
B0BZSF2ZB5,2025-12-08
B0BZSF2ZB5,2026-01-05
B0BZSF2ZB5,2026-02-02
B0BZSF2ZB5,2026-03-02
B0BZV5LJ9F,2025-04-28
B0BZV5LJ9F,2025-05-26
B0BZV5LJ9F,2025-06-23
B0BZV5LJ9F,2025-07-21
B0BZV5LJ9F,2025-08-18
B0BZV5LJ9F,2025-09-15
B0BZV5LJ9F,2025-10-13
B0BZV5LJ9F,2025-11-10
B0BZV5LJ9F,2025-12-08
B0BZV5LJ9F,2026-01-05
B0BZV5LJ9F,2026-02-02
B0BZV5LJ9F,2026-03-02
B0BZVD2SC4,2025-04-28
B0BZVD2SC4,2025-05-26
B0BZVD2SC4,2025-06-23
B0BZVD2SC4,2025-07-21
B0BZVD2SC4,2025-08-18
B0BZVD2SC4,2025-09-15
B0BZVD2SC4,2025-10-13
B0BZVD2SC4,2025-11-10
B0BZVD2SC4,2025-12-08
B0BZVD2SC4,2026-01-05
B0BZVD2SC4,2026-02-02
B0BZVD2SC4,2026-03-02
B0BZY7V4P4,2025-04-28
B0BZY7V4P4,2025-05-26
B0BZY7V4P4,2025-06-23
B0BZY7V4P4,2025-07-21
B0BZY7V4P4,2025-08-18
B0BZY7V4P4,2025-09-15
B0BZY7V4P4,2025-10-13
B0BZY7V4P4,2025-11-10
B0BZY7V4P4,2025-12-08
B0BZY7V4P4,2026-01-05
B0BZY7V4P4,2026-02-02
B0BZY7V4P4,2026-03-02
B0BZY8KZY2,2025-04-28
B0BZY8KZY2,2025-05-26
B0BZY8KZY2,2025-06-23
B0BZY8KZY2,2025-07-21
B0BZY8KZY2,2025-08-18
B0BZY8KZY2,2025-09-15
B0BZY8KZY2,2025-10-13
B0BZY8KZY2,2025-11-10
B0BZY8KZY2,2025-12-08
B0BZY8KZY2,2026-01-05
B0BZY8KZY2,2026-02-02
B0BZY8KZY2,2026-03-02
B0C18DYR45,2025-04-28
B0C18DYR45,2025-05-26
B0C18DYR45,2025-06-23
B0C18DYR45,2025-07-21
B0C18DYR45,2025-08-18
B0C18DYR45,2025-09-15
B0C18DYR45,2025-10-13
B0C18DYR45,2025-11-10
B0C18DYR45,2025-12-08
B0C18DYR45,2026-01-05
B0C18DYR45,2026-02-02
B0C18DYR45,2026-03-02
B0C1FRWW6B,2025-04-28
B0C1FRWW6B,2025-05-26
B0C1FRWW6B,2025-06-23
B0C1FRWW6B,2025-07-21
B0C1FRWW6B,2025-08-18
B0C1FRWW6B,2025-09-15
B0C1FRWW6B,2025-10-13
B0C1FRWW6B,2025-11-10
B0C1FRWW6B,2025-12-08
B0C1FRWW6B,2026-01-05
B0C1FRWW6B,2026-02-02
B0C1FRWW6B,2026-03-02
B0C1GQGLD1,2025-04-28
B0C1GQGLD1,2025-05-26
B0C1GQGLD1,2025-06-23
B0C1GQGLD1,2025-07-21
B0C1GQGLD1,2025-08-18
B0C1GQGLD1,2025-09-15
B0C1GQGLD1,2025-10-13
B0C1GQGLD1,2025-11-10
B0C1GQGLD1,2025-12-08
B0C1GQGLD1,2026-01-05
B0C1GQGLD1,2026-02-02
B0C1GQGLD1,2026-03-02
B0C1GQMTPM,2025-04-28
B0C1GQMTPM,2025-05-26
B0C1GQMTPM,2025-06-23
B0C1GQMTPM,2025-07-21
B0C1GQMTPM,2025-08-18
B0C1GQMTPM,2025-09-15
B0C1GQMTPM,2025-10-13
B0C1GQMTPM,2025-11-10
B0C1GQMTPM,2025-12-08
B0C1GQMTPM,2026-01-05
B0C1GQMTPM,2026-02-02
B0C1GQMTPM,2026-03-02
B0C1MXGGXX,2025-04-28
B0C1MXGGXX,2025-05-26
B0C1MXGGXX,2025-06-23
B0C1MXGGXX,2025-07-21
B0C1MXGGXX,2025-08-18
B0C1MXGGXX,2025-09-15
B0C1MXGGXX,2025-10-13
B0C1MXGGXX,2025-11-10
B0C1MXGGXX,2025-12-08
B0C1MXGGXX,2026-01-05
B0C1MXGGXX,2026-02-02
B0C1MXGGXX,2026-03-02
B0C1MZRNMJ,2025-04-28
B0C1MZRNMJ,2025-05-26
B0C1MZRNMJ,2025-06-23
B0C1MZRNMJ,2025-07-21
B0C1MZRNMJ,2025-08-18
B0C1MZRNMJ,2025-09-15
B0C1MZRNMJ,2025-10-13
B0C1MZRNMJ,2025-11-10
B0C1MZRNMJ,2025-12-08
B0C1MZRNMJ,2026-01-05
B0C1MZRNMJ,2026-02-02
B0C1MZRNMJ,2026-03-02
B0C1SHFTCK,2025-04-28
B0C1SHFTCK,2025-05-26
B0C1SHFTCK,2025-06-23
B0C1SHFTCK,2025-07-21
B0C1SHFTCK,2025-08-18
B0C1SHFTCK,2025-09-15
B0C1SHFTCK,2025-10-13
B0C1SHFTCK,2025-11-10
B0C1SHFTCK,2025-12-08
B0C1SHFTCK,2026-01-05
B0C1SHFTCK,2026-02-02
B0C1SHFTCK,2026-03-02
B0C1SLQ1T4,2025-04-28
B0C1SLQ1T4,2025-05-26
B0C1SLQ1T4,2025-06-23
B0C1SLQ1T4,2025-07-21
B0C1SLQ1T4,2025-08-18
B0C1SLQ1T4,2025-09-15
B0C1SLQ1T4,2025-10-13
B0C1SLQ1T4,2025-11-10
B0C1SLQ1T4,2025-12-08
B0C1SLQ1T4,2026-01-05
B0C1SLQ1T4,2026-02-02
B0C1SLQ1T4,2026-03-02
B0C1V3KTNM,2025-04-28
B0C1V3KTNM,2025-05-26
B0C1V3KTNM,2025-06-23
B0C1V3KTNM,2025-07-21
B0C1V3KTNM,2025-08-18
B0C1V3KTNM,2025-09-15
B0C1V3KTNM,2025-10-13
B0C1V3KTNM,2025-11-10
B0C1V3KTNM,2025-12-08
B0C1V3KTNM,2026-01-05
B0C1V3KTNM,2026-02-02
B0C1V3KTNM,2026-03-02
B0C1Z7N2CN,2025-04-28
B0C1Z7N2CN,2025-05-26
B0C1Z7N2CN,2025-06-23
B0C1Z7N2CN,2025-07-21
B0C1Z7N2CN,2025-08-18
B0C1Z7N2CN,2025-09-15
B0C1Z7N2CN,2025-10-13
B0C1Z7N2CN,2025-11-10
B0C1Z7N2CN,2025-12-08
B0C1Z7N2CN,2026-01-05
B0C1Z7N2CN,2026-02-02
B0C1Z7N2CN,2026-03-02
B0C1ZJL2QR,2025-04-28
B0C1ZJL2QR,2025-05-26
B0C1ZJL2QR,2025-06-23
B0C1ZJL2QR,2025-07-21
B0C1ZJL2QR,2025-08-18
B0C1ZJL2QR,2025-09-15
B0C1ZJL2QR,2025-10-13
B0C1ZJL2QR,2025-11-10
B0C1ZJL2QR,2025-12-08
B0C1ZJL2QR,2026-01-05
B0C1ZJL2QR,2026-02-02
B0C1ZJL2QR,2026-03-02
B0C27FRWBS,2025-04-28
B0C27FRWBS,2025-05-26
B0C27FRWBS,2025-06-23
B0C27FRWBS,2025-07-21
B0C27FRWBS,2025-08-18
B0C27FRWBS,2025-09-15
B0C27FRWBS,2025-10-13
B0C27FRWBS,2025-11-10
B0C27FRWBS,2025-12-08
B0C27FRWBS,2026-01-05
B0C27FRWBS,2026-02-02
B0C27FRWBS,2026-03-02
B0C2CG9KG9,2025-04-28
B0C2CG9KG9,2025-05-26
B0C2CG9KG9,2025-06-23
B0C2CG9KG9,2025-07-21
B0C2CG9KG9,2025-08-18
B0C2CG9KG9,2025-09-15
B0C2CG9KG9,2025-10-13
B0C2CG9KG9,2025-11-10
B0C2CG9KG9,2025-12-08
B0C2CG9KG9,2026-01-05
B0C2CG9KG9,2026-02-02
B0C2CG9KG9,2026-03-02
B0C2CGR9BC,2025-04-28
B0C2CGR9BC,2025-05-26
B0C2CGR9BC,2025-06-23
B0C2CGR9BC,2025-07-21
B0C2CGR9BC,2025-08-18
B0C2CGR9BC,2025-09-15
B0C2CGR9BC,2025-10-13
B0C2CGR9BC,2025-11-10
B0C2CGR9BC,2025-12-08
B0C2CGR9BC,2026-01-05
B0C2CGR9BC,2026-02-02
B0C2CGR9BC,2026-03-02
B0C2HMRN3X,2025-04-28
B0C2HMRN3X,2025-05-26
B0C2HMRN3X,2025-06-23
B0C2HMRN3X,2025-07-21
B0C2HMRN3X,2025-08-18
B0C2HMRN3X,2025-09-15
B0C2HMRN3X,2025-10-13
B0C2HMRN3X,2025-11-10
B0C2HMRN3X,2025-12-08
B0C2HMRN3X,2026-01-05
B0C2HMRN3X,2026-02-02
B0C2HMRN3X,2026-03-02
B0C2N7DXJB,2025-04-28
B0C2N7DXJB,2025-05-26
B0C2N7DXJB,2025-06-23
B0C2N7DXJB,2025-07-21
B0C2N7DXJB,2025-08-18
B0C2N7DXJB,2025-09-15
B0C2N7DXJB,2025-10-13
B0C2N7DXJB,2025-11-10
B0C2N7DXJB,2025-12-08
B0C2N7DXJB,2026-01-05
B0C2N7DXJB,2026-02-02
B0C2N7DXJB,2026-03-02
B0C2PPHNB6,2025-04-28
B0C2PPHNB6,2025-05-26
B0C2PPHNB6,2025-06-23
B0C2PPHNB6,2025-07-21
B0C2PPHNB6,2025-08-18
B0C2PPHNB6,2025-09-15
B0C2PPHNB6,2025-10-13
B0C2PPHNB6,2025-11-10
B0C2PPHNB6,2025-12-08
B0C2PPHNB6,2026-01-05
B0C2PPHNB6,2026-02-02
B0C2PPHNB6,2026-03-02
B0C2SY32FF,2025-04-28
B0C2SY32FF,2025-05-26
B0C2SY32FF,2025-06-23
B0C2SY32FF,2025-07-21
B0C2SY32FF,2025-08-18
B0C2SY32FF,2025-09-15
B0C2SY32FF,2025-10-13
B0C2SY32FF,2025-11-10
B0C2SY32FF,2025-12-08
B0C2SY32FF,2026-01-05
B0C2SY32FF,2026-02-02
B0C2SY32FF,2026-03-02
B0C2SZ4YH9,2025-04-28
B0C2SZ4YH9,2025-05-26
B0C2SZ4YH9,2025-06-23
B0C2SZ4YH9,2025-07-21
B0C2SZ4YH9,2025-08-18
B0C2SZ4YH9,2025-09-15
B0C2SZ4YH9,2025-10-13
B0C2SZ4YH9,2025-11-10
B0C2SZ4YH9,2025-12-08
B0C2SZ4YH9,2026-01-05
B0C2SZ4YH9,2026-02-02
B0C2SZ4YH9,2026-03-02
B0C2VKVWY9,2025-04-28
B0C2VKVWY9,2025-05-26
B0C2VKVWY9,2025-06-23
B0C2VKVWY9,2025-07-21
B0C2VKVWY9,2025-08-18
B0C2VKVWY9,2025-09-15
B0C2VKVWY9,2025-10-13
B0C2VKVWY9,2025-11-10
B0C2VKVWY9,2025-12-08
B0C2VKVWY9,2026-01-05
B0C2VKVWY9,2026-02-02
B0C2VKVWY9,2026-03-02
B0C2YLX4DG,2025-04-28
B0C2YLX4DG,2025-05-26
B0C2YLX4DG,2025-06-23
B0C2YLX4DG,2025-07-21
B0C2YLX4DG,2025-08-18
B0C2YLX4DG,2025-09-15
B0C2YLX4DG,2025-10-13
B0C2YLX4DG,2025-11-10
B0C2YLX4DG,2025-12-08
B0C2YLX4DG,2026-01-05
B0C2YLX4DG,2026-02-02
B0C2YLX4DG,2026-03-02
B0C2YWJVZ1,2025-04-28
B0C2YWJVZ1,2025-05-26
B0C2YWJVZ1,2025-06-23
B0C2YWJVZ1,2025-07-21
B0C2YWJVZ1,2025-08-18
B0C2YWJVZ1,2025-09-15
B0C2YWJVZ1,2025-10-13
B0C2YWJVZ1,2025-11-10
B0C2YWJVZ1,2025-12-08
B0C2YWJVZ1,2026-01-05
B0C2YWJVZ1,2026-02-02
B0C2YWJVZ1,2026-03-02
B0C35B32VL,2025-04-28
B0C35B32VL,2025-05-26
B0C35B32VL,2025-06-23
B0C35B32VL,2025-07-21
B0C35B32VL,2025-08-18
B0C35B32VL,2025-09-15
B0C35B32VL,2025-10-13
B0C35B32VL,2025-11-10
B0C35B32VL,2025-12-08
B0C35B32VL,2026-01-05
B0C35B32VL,2026-02-02
B0C35B32VL,2026-03-02
B0C38FC2WP,2025-04-28
B0C38FC2WP,2025-05-26
B0C38FC2WP,2025-06-23
B0C38FC2WP,2025-07-21
B0C38FC2WP,2025-08-18
B0C38FC2WP,2025-09-15
B0C38FC2WP,2025-10-13
B0C38FC2WP,2025-11-10
B0C38FC2WP,2025-12-08
B0C38FC2WP,2026-01-05
B0C38FC2WP,2026-02-02
B0C38FC2WP,2026-03-02
B0C38FHQQG,2025-04-28
B0C38FHQQG,2025-05-26
B0C38FHQQG,2025-06-23
B0C38FHQQG,2025-07-21
B0C38FHQQG,2025-08-18
B0C38FHQQG,2025-09-15
B0C38FHQQG,2025-10-13
B0C38FHQQG,2025-11-10
B0C38FHQQG,2025-12-08
B0C38FHQQG,2026-01-05
B0C38FHQQG,2026-02-02
B0C38FHQQG,2026-03-02
B0C38HQV68,2025-04-28
B0C38HQV68,2025-05-26
B0C38HQV68,2025-06-23
B0C38HQV68,2025-07-21
B0C38HQV68,2025-08-18
B0C38HQV68,2025-09-15
B0C38HQV68,2025-10-13
B0C38HQV68,2025-11-10
B0C38HQV68,2025-12-08
B0C38HQV68,2026-01-05
B0C38HQV68,2026-02-02
B0C38HQV68,2026-03-02
B0C3CK9PZX,2025-04-28
B0C3CK9PZX,2025-05-26
B0C3CK9PZX,2025-06-23
B0C3CK9PZX,2025-07-21
B0C3CK9PZX,2025-08-18
B0C3CK9PZX,2025-09-15
B0C3CK9PZX,2025-10-13
B0C3CK9PZX,2025-11-10
B0C3CK9PZX,2025-12-08
B0C3CK9PZX,2026-01-05
B0C3CK9PZX,2026-02-02
B0C3CK9PZX,2026-03-02
B0C3G77THQ,2025-04-28
B0C3G77THQ,2025-05-26
B0C3G77THQ,2025-06-23
B0C3G77THQ,2025-07-21
B0C3G77THQ,2025-08-18
B0C3G77THQ,2025-09-15
B0C3G77THQ,2025-10-13
B0C3G77THQ,2025-11-10
B0C3G77THQ,2025-12-08
B0C3G77THQ,2026-01-05
B0C3G77THQ,2026-02-02
B0C3G77THQ,2026-03-02
B0C3GNLY6D,2025-04-28
B0C3GNLY6D,2025-05-26
B0C3GNLY6D,2025-06-23
B0C3GNLY6D,2025-07-21
B0C3GNLY6D,2025-08-18
B0C3GNLY6D,2025-09-15
B0C3GNLY6D,2025-10-13
B0C3GNLY6D,2025-11-10
B0C3GNLY6D,2025-12-08
B0C3GNLY6D,2026-01-05
B0C3GNLY6D,2026-02-02
B0C3GNLY6D,2026-03-02
B0C3H8R1V1,2025-04-28
B0C3H8R1V1,2025-05-26
B0C3H8R1V1,2025-06-23
B0C3H8R1V1,2025-07-21
B0C3H8R1V1,2025-08-18
B0C3H8R1V1,2025-09-15
B0C3H8R1V1,2025-10-13
B0C3H8R1V1,2025-11-10
B0C3H8R1V1,2025-12-08
B0C3H8R1V1,2026-01-05
B0C3H8R1V1,2026-02-02
B0C3H8R1V1,2026-03-02
B0C3KSJ75T,2025-04-28
B0C3KSJ75T,2025-05-26
B0C3KSJ75T,2025-06-23
B0C3KSJ75T,2025-07-21
B0C3KSJ75T,2025-08-18
B0C3KSJ75T,2025-09-15
B0C3KSJ75T,2025-10-13
B0C3KSJ75T,2025-11-10
B0C3KSJ75T,2025-12-08
B0C3KSJ75T,2026-01-05
B0C3KSJ75T,2026-02-02
B0C3KSJ75T,2026-03-02
B0C3KVQFFL,2025-04-28
B0C3KVQFFL,2025-05-26
B0C3KVQFFL,2025-06-23
B0C3KVQFFL,2025-07-21
B0C3KVQFFL,2025-08-18
B0C3KVQFFL,2025-09-15
B0C3KVQFFL,2025-10-13
B0C3KVQFFL,2025-11-10
B0C3KVQFFL,2025-12-08
B0C3KVQFFL,2026-01-05
B0C3KVQFFL,2026-02-02
B0C3KVQFFL,2026-03-02
B0C3KWSG6W,2025-04-28
B0C3KWSG6W,2025-05-26
B0C3KWSG6W,2025-06-23
B0C3KWSG6W,2025-07-21
B0C3KWSG6W,2025-08-18
B0C3KWSG6W,2025-09-15
B0C3KWSG6W,2025-10-13
B0C3KWSG6W,2025-11-10
B0C3KWSG6W,2025-12-08
B0C3KWSG6W,2026-01-05
B0C3KWSG6W,2026-02-02
B0C3KWSG6W,2026-03-02
B0C3KWXYLS,2025-04-28
B0C3KWXYLS,2025-05-26
B0C3KWXYLS,2025-06-23
B0C3KWXYLS,2025-07-21
B0C3KWXYLS,2025-08-18
B0C3KWXYLS,2025-09-15
B0C3KWXYLS,2025-10-13
B0C3KWXYLS,2025-11-10
B0C3KWXYLS,2025-12-08
B0C3KWXYLS,2026-01-05
B0C3KWXYLS,2026-02-02
B0C3KWXYLS,2026-03-02
B0C3L69QRN,2025-04-28
B0C3L69QRN,2025-05-26
B0C3L69QRN,2025-06-23
B0C3L69QRN,2025-07-21
B0C3L69QRN,2025-08-18
B0C3L69QRN,2025-09-15
B0C3L69QRN,2025-10-13
B0C3L69QRN,2025-11-10
B0C3L69QRN,2025-12-08
B0C3L69QRN,2026-01-05
B0C3L69QRN,2026-02-02
B0C3L69QRN,2026-03-02
B0C3MGKNJH,2025-04-28
B0C3MGKNJH,2025-05-26
B0C3MGKNJH,2025-06-23
B0C3MGKNJH,2025-07-21
B0C3MGKNJH,2025-08-18
B0C3MGKNJH,2025-09-15
B0C3MGKNJH,2025-10-13
B0C3MGKNJH,2025-11-10
B0C3MGKNJH,2025-12-08
B0C3MGKNJH,2026-01-05
B0C3MGKNJH,2026-02-02
B0C3MGKNJH,2026-03-02
B0C3MHDKNK,2025-04-28
B0C3MHDKNK,2025-05-26
B0C3MHDKNK,2025-06-23
B0C3MHDKNK,2025-07-21
B0C3MHDKNK,2025-08-18
B0C3MHDKNK,2025-09-15
B0C3MHDKNK,2025-10-13
B0C3MHDKNK,2025-11-10
B0C3MHDKNK,2025-12-08
B0C3MHDKNK,2026-01-05
B0C3MHDKNK,2026-02-02
B0C3MHDKNK,2026-03-02
B0C3MKNWJQ,2025-04-28
B0C3MKNWJQ,2025-05-26
B0C3MKNWJQ,2025-06-23
B0C3MKNWJQ,2025-07-21
B0C3MKNWJQ,2025-08-18
B0C3MKNWJQ,2025-09-15
B0C3MKNWJQ,2025-10-13
B0C3MKNWJQ,2025-11-10
B0C3MKNWJQ,2025-12-08
B0C3MKNWJQ,2026-01-05
B0C3MKNWJQ,2026-02-02
B0C3MKNWJQ,2026-03-02
B0C3PV6NYM,2025-04-28
B0C3PV6NYM,2025-05-26
B0C3PV6NYM,2025-06-23
B0C3PV6NYM,2025-07-21
B0C3PV6NYM,2025-08-18
B0C3PV6NYM,2025-09-15
B0C3PV6NYM,2025-10-13
B0C3PV6NYM,2025-11-10
B0C3PV6NYM,2025-12-08
B0C3PV6NYM,2026-01-05
B0C3PV6NYM,2026-02-02
B0C3PV6NYM,2026-03-02
B0C3R4KD27,2025-04-28
B0C3R4KD27,2025-05-26
B0C3R4KD27,2025-06-23
B0C3R4KD27,2025-07-21
B0C3R4KD27,2025-08-18
B0C3R4KD27,2025-09-15
B0C3R4KD27,2025-10-13
B0C3R4KD27,2025-11-10
B0C3R4KD27,2025-12-08
B0C3R4KD27,2026-01-05
B0C3R4KD27,2026-02-02
B0C3R4KD27,2026-03-02
B0C3VNQN4N,2025-04-28
B0C3VNQN4N,2025-05-26
B0C3VNQN4N,2025-06-23
B0C3VNQN4N,2025-07-21
B0C3VNQN4N,2025-08-18
B0C3VNQN4N,2025-09-15
B0C3VNQN4N,2025-10-13
B0C3VNQN4N,2025-11-10
B0C3VNQN4N,2025-12-08
B0C3VNQN4N,2026-01-05
B0C3VNQN4N,2026-02-02
B0C3VNQN4N,2026-03-02
B0C3WJ5LP2,2025-04-28
B0C3WJ5LP2,2025-05-26
B0C3WJ5LP2,2025-06-23
B0C3WJ5LP2,2025-07-21
B0C3WJ5LP2,2025-08-18
B0C3WJ5LP2,2025-09-15
B0C3WJ5LP2,2025-10-13
B0C3WJ5LP2,2025-11-10
B0C3WJ5LP2,2025-12-08
B0C3WJ5LP2,2026-01-05
B0C3WJ5LP2,2026-02-02
B0C3WJ5LP2,2026-03-02
B0C3WJJ4BN,2025-04-28
B0C3WJJ4BN,2025-05-26
B0C3WJJ4BN,2025-06-23
B0C3WJJ4BN,2025-07-21
B0C3WJJ4BN,2025-08-18
B0C3WJJ4BN,2025-09-15
B0C3WJJ4BN,2025-10-13
B0C3WJJ4BN,2025-11-10
B0C3WJJ4BN,2025-12-08
B0C3WJJ4BN,2026-01-05
B0C3WJJ4BN,2026-02-02
B0C3WJJ4BN,2026-03-02
B0C463KBSC,2025-04-28
B0C463KBSC,2025-05-26
B0C463KBSC,2025-06-23
B0C463KBSC,2025-07-21
B0C463KBSC,2025-08-18
B0C463KBSC,2025-09-15
B0C463KBSC,2025-10-13
B0C463KBSC,2025-11-10
B0C463KBSC,2025-12-08
B0C463KBSC,2026-01-05
B0C463KBSC,2026-02-02
B0C463KBSC,2026-03-02
B0C4DKNDW7,2025-04-28
B0C4DKNDW7,2025-05-26
B0C4DKNDW7,2025-06-23
B0C4DKNDW7,2025-07-21
B0C4DKNDW7,2025-08-18
B0C4DKNDW7,2025-09-15
B0C4DKNDW7,2025-10-13
B0C4DKNDW7,2025-11-10
B0C4DKNDW7,2025-12-08
B0C4DKNDW7,2026-01-05
B0C4DKNDW7,2026-02-02
B0C4DKNDW7,2026-03-02
B0C4DNHLGP,2025-04-28
B0C4DNHLGP,2025-05-26
B0C4DNHLGP,2025-06-23
B0C4DNHLGP,2025-07-21
B0C4DNHLGP,2025-08-18
B0C4DNHLGP,2025-09-15
B0C4DNHLGP,2025-10-13
B0C4DNHLGP,2025-11-10
B0C4DNHLGP,2025-12-08
B0C4DNHLGP,2026-01-05
B0C4DNHLGP,2026-02-02
B0C4DNHLGP,2026-03-02
B0C4DSG4JL,2025-04-28
B0C4DSG4JL,2025-05-26
B0C4DSG4JL,2025-06-23
B0C4DSG4JL,2025-07-21
B0C4DSG4JL,2025-08-18
B0C4DSG4JL,2025-09-15
B0C4DSG4JL,2025-10-13
B0C4DSG4JL,2025-11-10
B0C4DSG4JL,2025-12-08
B0C4DSG4JL,2026-01-05
B0C4DSG4JL,2026-02-02
B0C4DSG4JL,2026-03-02
B0C4DSHBJ3,2025-04-28
B0C4DSHBJ3,2025-05-26
B0C4DSHBJ3,2025-06-23
B0C4DSHBJ3,2025-07-21
B0C4DSHBJ3,2025-08-18
B0C4DSHBJ3,2025-09-15
B0C4DSHBJ3,2025-10-13
B0C4DSHBJ3,2025-11-10
B0C4DSHBJ3,2025-12-08
B0C4DSHBJ3,2026-01-05
B0C4DSHBJ3,2026-02-02
B0C4DSHBJ3,2026-03-02
B0C4DTMD5C,2025-04-28
B0C4DTMD5C,2025-05-26
B0C4DTMD5C,2025-06-23
B0C4DTMD5C,2025-07-21
B0C4DTMD5C,2025-08-18
B0C4DTMD5C,2025-09-15
B0C4DTMD5C,2025-10-13
B0C4DTMD5C,2025-11-10
B0C4DTMD5C,2025-12-08
B0C4DTMD5C,2026-01-05
B0C4DTMD5C,2026-02-02
B0C4DTMD5C,2026-03-02
B0C4FF4PTL,2025-04-28
B0C4FF4PTL,2025-05-26
B0C4FF4PTL,2025-06-23
B0C4FF4PTL,2025-07-21
B0C4FF4PTL,2025-08-18
B0C4FF4PTL,2025-09-15
B0C4FF4PTL,2025-10-13
B0C4FF4PTL,2025-11-10
B0C4FF4PTL,2025-12-08
B0C4FF4PTL,2026-01-05
B0C4FF4PTL,2026-02-02
B0C4FF4PTL,2026-03-02
B0C4FH1P9L,2025-04-28
B0C4FH1P9L,2025-05-26
B0C4FH1P9L,2025-06-23
B0C4FH1P9L,2025-07-21
B0C4FH1P9L,2025-08-18
B0C4FH1P9L,2025-09-15
B0C4FH1P9L,2025-10-13
B0C4FH1P9L,2025-11-10
B0C4FH1P9L,2025-12-08
B0C4FH1P9L,2026-01-05
B0C4FH1P9L,2026-02-02
B0C4FH1P9L,2026-03-02
B0C4GZJ7RX,2025-04-28
B0C4GZJ7RX,2025-05-26
B0C4GZJ7RX,2025-06-23
B0C4GZJ7RX,2025-07-21
B0C4GZJ7RX,2025-08-18
B0C4GZJ7RX,2025-09-15
B0C4GZJ7RX,2025-10-13
B0C4GZJ7RX,2025-11-10
B0C4GZJ7RX,2025-12-08
B0C4GZJ7RX,2026-01-05
B0C4GZJ7RX,2026-02-02
B0C4GZJ7RX,2026-03-02
B0C4GZVCQF,2025-04-28
B0C4GZVCQF,2025-05-26
B0C4GZVCQF,2025-06-23
B0C4GZVCQF,2025-07-21
B0C4GZVCQF,2025-08-18
B0C4GZVCQF,2025-09-15
B0C4GZVCQF,2025-10-13
B0C4GZVCQF,2025-11-10
B0C4GZVCQF,2025-12-08
B0C4GZVCQF,2026-01-05
B0C4GZVCQF,2026-02-02
B0C4GZVCQF,2026-03-02
B0C4H2669P,2025-04-28
B0C4H2669P,2025-05-26
B0C4H2669P,2025-06-23
B0C4H2669P,2025-07-21
B0C4H2669P,2025-08-18
B0C4H2669P,2025-09-15
B0C4H2669P,2025-10-13
B0C4H2669P,2025-11-10
B0C4H2669P,2025-12-08
B0C4H2669P,2026-01-05
B0C4H2669P,2026-02-02
B0C4H2669P,2026-03-02
B0C4HGBQPB,2025-04-28
B0C4HGBQPB,2025-05-26
B0C4HGBQPB,2025-06-23
B0C4HGBQPB,2025-07-21
B0C4HGBQPB,2025-08-18
B0C4HGBQPB,2025-09-15
B0C4HGBQPB,2025-10-13
B0C4HGBQPB,2025-11-10
B0C4HGBQPB,2025-12-08
B0C4HGBQPB,2026-01-05
B0C4HGBQPB,2026-02-02
B0C4HGBQPB,2026-03-02
B0C4LBSCCM,2025-04-28
B0C4LBSCCM,2025-05-26
B0C4LBSCCM,2025-06-23
B0C4LBSCCM,2025-07-21
B0C4LBSCCM,2025-08-18
B0C4LBSCCM,2025-09-15
B0C4LBSCCM,2025-10-13
B0C4LBSCCM,2025-11-10
B0C4LBSCCM,2025-12-08
B0C4LBSCCM,2026-01-05
B0C4LBSCCM,2026-02-02
B0C4LBSCCM,2026-03-02
B0C4NHK8Z6,2025-04-28
B0C4NHK8Z6,2025-05-26
B0C4NHK8Z6,2025-06-23
B0C4NHK8Z6,2025-07-21
B0C4NHK8Z6,2025-08-18
B0C4NHK8Z6,2025-09-15
B0C4NHK8Z6,2025-10-13
B0C4NHK8Z6,2025-11-10
B0C4NHK8Z6,2025-12-08
B0C4NHK8Z6,2026-01-05
B0C4NHK8Z6,2026-02-02
B0C4NHK8Z6,2026-03-02
B0C4NHYPLD,2025-04-28
B0C4NHYPLD,2025-05-26
B0C4NHYPLD,2025-06-23
B0C4NHYPLD,2025-07-21
B0C4NHYPLD,2025-08-18
B0C4NHYPLD,2025-09-15
B0C4NHYPLD,2025-10-13
B0C4NHYPLD,2025-11-10
B0C4NHYPLD,2025-12-08
B0C4NHYPLD,2026-01-05
B0C4NHYPLD,2026-02-02
B0C4NHYPLD,2026-03-02
B0C4NV9FLW,2025-04-28
B0C4NV9FLW,2025-05-26
B0C4NV9FLW,2025-06-23
B0C4NV9FLW,2025-07-21
B0C4NV9FLW,2025-08-18
B0C4NV9FLW,2025-09-15
B0C4NV9FLW,2025-10-13
B0C4NV9FLW,2025-11-10
B0C4NV9FLW,2025-12-08
B0C4NV9FLW,2026-01-05
B0C4NV9FLW,2026-02-02
B0C4NV9FLW,2026-03-02
B0C4NXVPBJ,2025-04-28
B0C4NXVPBJ,2025-05-26
B0C4NXVPBJ,2025-06-23
B0C4NXVPBJ,2025-07-21
B0C4NXVPBJ,2025-08-18
B0C4NXVPBJ,2025-09-15
B0C4NXVPBJ,2025-10-13
B0C4NXVPBJ,2025-11-10
B0C4NXVPBJ,2025-12-08
B0C4NXVPBJ,2026-01-05
B0C4NXVPBJ,2026-02-02
B0C4NXVPBJ,2026-03-02
B0C4NY6MPB,2025-04-28
B0C4NY6MPB,2025-05-26
B0C4NY6MPB,2025-06-23
B0C4NY6MPB,2025-07-21
B0C4NY6MPB,2025-08-18
B0C4NY6MPB,2025-09-15
B0C4NY6MPB,2025-10-13
B0C4NY6MPB,2025-11-10
B0C4NY6MPB,2025-12-08
B0C4NY6MPB,2026-01-05
B0C4NY6MPB,2026-02-02
B0C4NY6MPB,2026-03-02
B0C4PFS2M9,2025-04-28
B0C4PFS2M9,2025-05-26
B0C4PFS2M9,2025-06-23
B0C4PFS2M9,2025-07-21
B0C4PFS2M9,2025-08-18
B0C4PFS2M9,2025-09-15
B0C4PFS2M9,2025-10-13
B0C4PFS2M9,2025-11-10
B0C4PFS2M9,2025-12-08
B0C4PFS2M9,2026-01-05
B0C4PFS2M9,2026-02-02
B0C4PFS2M9,2026-03-02
B0C4PMW9PS,2025-04-28
B0C4PMW9PS,2025-05-26
B0C4PMW9PS,2025-06-23
B0C4PMW9PS,2025-07-21
B0C4PMW9PS,2025-08-18
B0C4PMW9PS,2025-09-15
B0C4PMW9PS,2025-10-13
B0C4PMW9PS,2025-11-10
B0C4PMW9PS,2025-12-08
B0C4PMW9PS,2026-01-05
B0C4PMW9PS,2026-02-02
B0C4PMW9PS,2026-03-02
B0C4PXH8K4,2025-04-28
B0C4PXH8K4,2025-05-26
B0C4PXH8K4,2025-06-23
B0C4PXH8K4,2025-07-21
B0C4PXH8K4,2025-08-18
B0C4PXH8K4,2025-09-15
B0C4PXH8K4,2025-10-13
B0C4PXH8K4,2025-11-10
B0C4PXH8K4,2025-12-08
B0C4PXH8K4,2026-01-05
B0C4PXH8K4,2026-02-02
B0C4PXH8K4,2026-03-02
B0C4TQFGTH,2025-04-28
B0C4TQFGTH,2025-05-26
B0C4TQFGTH,2025-06-23
B0C4TQFGTH,2025-07-21
B0C4TQFGTH,2025-08-18
B0C4TQFGTH,2025-09-15
B0C4TQFGTH,2025-10-13
B0C4TQFGTH,2025-11-10
B0C4TQFGTH,2025-12-08
B0C4TQFGTH,2026-01-05
B0C4TQFGTH,2026-02-02
B0C4TQFGTH,2026-03-02
B0C4TSYHC2,2025-04-28
B0C4TSYHC2,2025-05-26
B0C4TSYHC2,2025-06-23
B0C4TSYHC2,2025-07-21
B0C4TSYHC2,2025-08-18
B0C4TSYHC2,2025-09-15
B0C4TSYHC2,2025-10-13
B0C4TSYHC2,2025-11-10
B0C4TSYHC2,2025-12-08
B0C4TSYHC2,2026-01-05
B0C4TSYHC2,2026-02-02
B0C4TSYHC2,2026-03-02
B0C4XMTGW6,2025-04-28
B0C4XMTGW6,2025-05-26
B0C4XMTGW6,2025-06-23
B0C4XMTGW6,2025-07-21
B0C4XMTGW6,2025-08-18
B0C4XMTGW6,2025-09-15
B0C4XMTGW6,2025-10-13
B0C4XMTGW6,2025-11-10
B0C4XMTGW6,2025-12-08
B0C4XMTGW6,2026-01-05
B0C4XMTGW6,2026-02-02
B0C4XMTGW6,2026-03-02
B0C4XPHGN9,2025-04-28
B0C4XPHGN9,2025-05-26
B0C4XPHGN9,2025-06-23
B0C4XPHGN9,2025-07-21
B0C4XPHGN9,2025-08-18
B0C4XPHGN9,2025-09-15
B0C4XPHGN9,2025-10-13
B0C4XPHGN9,2025-11-10
B0C4XPHGN9,2025-12-08
B0C4XPHGN9,2026-01-05
B0C4XPHGN9,2026-02-02
B0C4XPHGN9,2026-03-02
B0C4Y2NP4S,2025-04-28
B0C4Y2NP4S,2025-05-26
B0C4Y2NP4S,2025-06-23
B0C4Y2NP4S,2025-07-21
B0C4Y2NP4S,2025-08-18
B0C4Y2NP4S,2025-09-15
B0C4Y2NP4S,2025-10-13
B0C4Y2NP4S,2025-11-10
B0C4Y2NP4S,2025-12-08
B0C4Y2NP4S,2026-01-05
B0C4Y2NP4S,2026-02-02
B0C4Y2NP4S,2026-03-02
B0C4Y3XZ4Z,2025-04-28
B0C4Y3XZ4Z,2025-05-26
B0C4Y3XZ4Z,2025-06-23
B0C4Y3XZ4Z,2025-07-21
B0C4Y3XZ4Z,2025-08-18
B0C4Y3XZ4Z,2025-09-15
B0C4Y3XZ4Z,2025-10-13
B0C4Y3XZ4Z,2025-11-10
B0C4Y3XZ4Z,2025-12-08
B0C4Y3XZ4Z,2026-01-05
B0C4Y3XZ4Z,2026-02-02
B0C4Y3XZ4Z,2026-03-02
B0C4Y434W2,2025-04-28
B0C4Y434W2,2025-05-26
B0C4Y434W2,2025-06-23
B0C4Y434W2,2025-07-21
B0C4Y434W2,2025-08-18
B0C4Y434W2,2025-09-15
B0C4Y434W2,2025-10-13
B0C4Y434W2,2025-11-10
B0C4Y434W2,2025-12-08
B0C4Y434W2,2026-01-05
B0C4Y434W2,2026-02-02
B0C4Y434W2,2026-03-02
B0C53SVS6M,2025-04-28
B0C53SVS6M,2025-05-26
B0C53SVS6M,2025-06-23
B0C53SVS6M,2025-07-21
B0C53SVS6M,2025-08-18
B0C53SVS6M,2025-09-15
B0C53SVS6M,2025-10-13
B0C53SVS6M,2025-11-10
B0C53SVS6M,2025-12-08
B0C53SVS6M,2026-01-05
B0C53SVS6M,2026-02-02
B0C53SVS6M,2026-03-02
B0C53WSY1T,2025-04-28
B0C53WSY1T,2025-05-26
B0C53WSY1T,2025-06-23
B0C53WSY1T,2025-07-21
B0C53WSY1T,2025-08-18
B0C53WSY1T,2025-09-15
B0C53WSY1T,2025-10-13
B0C53WSY1T,2025-11-10
B0C53WSY1T,2025-12-08
B0C53WSY1T,2026-01-05
B0C53WSY1T,2026-02-02
B0C53WSY1T,2026-03-02
B0C556P8Z2,2025-04-28
B0C556P8Z2,2025-05-26
B0C556P8Z2,2025-06-23
B0C556P8Z2,2025-07-21
B0C556P8Z2,2025-08-18
B0C556P8Z2,2025-09-15
B0C556P8Z2,2025-10-13
B0C556P8Z2,2025-11-10
B0C556P8Z2,2025-12-08
B0C556P8Z2,2026-01-05
B0C556P8Z2,2026-02-02
B0C556P8Z2,2026-03-02
B0C557WRD6,2025-04-28
B0C557WRD6,2025-05-26
B0C557WRD6,2025-06-23
B0C557WRD6,2025-07-21
B0C557WRD6,2025-08-18
B0C557WRD6,2025-09-15
B0C557WRD6,2025-10-13
B0C557WRD6,2025-11-10
B0C557WRD6,2025-12-08
B0C557WRD6,2026-01-05
B0C557WRD6,2026-02-02
B0C557WRD6,2026-03-02
B0C559795M,2025-04-28
B0C559795M,2025-05-26
B0C559795M,2025-06-23
B0C559795M,2025-07-21
B0C559795M,2025-08-18
B0C559795M,2025-09-15
B0C559795M,2025-10-13
B0C559795M,2025-11-10
B0C559795M,2025-12-08
B0C559795M,2026-01-05
B0C559795M,2026-02-02
B0C559795M,2026-03-02
B0C559JFHV,2025-04-28
B0C559JFHV,2025-05-26
B0C559JFHV,2025-06-23
B0C559JFHV,2025-07-21
B0C559JFHV,2025-08-18
B0C559JFHV,2025-09-15
B0C559JFHV,2025-10-13
B0C559JFHV,2025-11-10
B0C559JFHV,2025-12-08
B0C559JFHV,2026-01-05
B0C559JFHV,2026-02-02
B0C559JFHV,2026-03-02
B0C55BHHM3,2025-04-28
B0C55BHHM3,2025-05-26
B0C55BHHM3,2025-06-23
B0C55BHHM3,2025-07-21
B0C55BHHM3,2025-08-18
B0C55BHHM3,2025-09-15
B0C55BHHM3,2025-10-13
B0C55BHHM3,2025-11-10
B0C55BHHM3,2025-12-08
B0C55BHHM3,2026-01-05
B0C55BHHM3,2026-02-02
B0C55BHHM3,2026-03-02
B0C57ZB676,2025-04-28
B0C57ZB676,2025-05-26
B0C57ZB676,2025-06-23
B0C57ZB676,2025-07-21
B0C57ZB676,2025-08-18
B0C57ZB676,2025-09-15
B0C57ZB676,2025-10-13
B0C57ZB676,2025-11-10
B0C57ZB676,2025-12-08
B0C57ZB676,2026-01-05
B0C57ZB676,2026-02-02
B0C57ZB676,2026-03-02
B0C5911DJY,2025-04-28
B0C5911DJY,2025-05-26
B0C5911DJY,2025-06-23
B0C5911DJY,2025-07-21
B0C5911DJY,2025-08-18
B0C5911DJY,2025-09-15
B0C5911DJY,2025-10-13
B0C5911DJY,2025-11-10
B0C5911DJY,2025-12-08
B0C5911DJY,2026-01-05
B0C5911DJY,2026-02-02
B0C5911DJY,2026-03-02
B0C592TB7D,2025-04-28
B0C592TB7D,2025-05-26
B0C592TB7D,2025-06-23
B0C592TB7D,2025-07-21
B0C592TB7D,2025-08-18
B0C592TB7D,2025-09-15
B0C592TB7D,2025-10-13
B0C592TB7D,2025-11-10
B0C592TB7D,2025-12-08
B0C592TB7D,2026-01-05
B0C592TB7D,2026-02-02
B0C592TB7D,2026-03-02
B0C59Y9XFX,2025-04-28
B0C59Y9XFX,2025-05-26
B0C59Y9XFX,2025-06-23
B0C59Y9XFX,2025-07-21
B0C59Y9XFX,2025-08-18
B0C59Y9XFX,2025-09-15
B0C59Y9XFX,2025-10-13
B0C59Y9XFX,2025-11-10
B0C59Y9XFX,2025-12-08
B0C59Y9XFX,2026-01-05
B0C59Y9XFX,2026-02-02
B0C59Y9XFX,2026-03-02
B0C5DPDN4P,2025-04-28
B0C5DPDN4P,2025-05-26
B0C5DPDN4P,2025-06-23
B0C5DPDN4P,2025-07-21
B0C5DPDN4P,2025-08-18
B0C5DPDN4P,2025-09-15
B0C5DPDN4P,2025-10-13
B0C5DPDN4P,2025-11-10
B0C5DPDN4P,2025-12-08
B0C5DPDN4P,2026-01-05
B0C5DPDN4P,2026-02-02
B0C5DPDN4P,2026-03-02
B0C5DTYC1H,2025-04-28
B0C5DTYC1H,2025-05-26
B0C5DTYC1H,2025-06-23
B0C5DTYC1H,2025-07-21
B0C5DTYC1H,2025-08-18
B0C5DTYC1H,2025-09-15
B0C5DTYC1H,2025-10-13
B0C5DTYC1H,2025-11-10
B0C5DTYC1H,2025-12-08
B0C5DTYC1H,2026-01-05
B0C5DTYC1H,2026-02-02
B0C5DTYC1H,2026-03-02
B0C5HBWGQW,2025-04-28
B0C5HBWGQW,2025-05-26
B0C5HBWGQW,2025-06-23
B0C5HBWGQW,2025-07-21
B0C5HBWGQW,2025-08-18
B0C5HBWGQW,2025-09-15
B0C5HBWGQW,2025-10-13
B0C5HBWGQW,2025-11-10
B0C5HBWGQW,2025-12-08
B0C5HBWGQW,2026-01-05
B0C5HBWGQW,2026-02-02
B0C5HBWGQW,2026-03-02
B0C5J1D9LF,2025-04-28
B0C5J1D9LF,2025-05-26
B0C5J1D9LF,2025-06-23
B0C5J1D9LF,2025-07-21
B0C5J1D9LF,2025-08-18
B0C5J1D9LF,2025-09-15
B0C5J1D9LF,2025-10-13
B0C5J1D9LF,2025-11-10
B0C5J1D9LF,2025-12-08
B0C5J1D9LF,2026-01-05
B0C5J1D9LF,2026-02-02
B0C5J1D9LF,2026-03-02
B0C5J4G3FB,2025-04-28
B0C5J4G3FB,2025-05-26
B0C5J4G3FB,2025-06-23
B0C5J4G3FB,2025-07-21
B0C5J4G3FB,2025-08-18
B0C5J4G3FB,2025-09-15
B0C5J4G3FB,2025-10-13
B0C5J4G3FB,2025-11-10
B0C5J4G3FB,2025-12-08
B0C5J4G3FB,2026-01-05
B0C5J4G3FB,2026-02-02
B0C5J4G3FB,2026-03-02
B0C5J6HNWF,2025-04-28
B0C5J6HNWF,2025-05-26
B0C5J6HNWF,2025-06-23
B0C5J6HNWF,2025-07-21
B0C5J6HNWF,2025-08-18
B0C5J6HNWF,2025-09-15
B0C5J6HNWF,2025-10-13
B0C5J6HNWF,2025-11-10
B0C5J6HNWF,2025-12-08
B0C5J6HNWF,2026-01-05
B0C5J6HNWF,2026-02-02
B0C5J6HNWF,2026-03-02
B0C5J7SSBK,2025-04-28
B0C5J7SSBK,2025-05-26
B0C5J7SSBK,2025-06-23
B0C5J7SSBK,2025-07-21
B0C5J7SSBK,2025-08-18
B0C5J7SSBK,2025-09-15
B0C5J7SSBK,2025-10-13
B0C5J7SSBK,2025-11-10
B0C5J7SSBK,2025-12-08
B0C5J7SSBK,2026-01-05
B0C5J7SSBK,2026-02-02
B0C5J7SSBK,2026-03-02
B0C5J8KH86,2025-04-28
B0C5J8KH86,2025-05-26
B0C5J8KH86,2025-06-23
B0C5J8KH86,2025-07-21
B0C5J8KH86,2025-08-18
B0C5J8KH86,2025-09-15
B0C5J8KH86,2025-10-13
B0C5J8KH86,2025-11-10
B0C5J8KH86,2025-12-08
B0C5J8KH86,2026-01-05
B0C5J8KH86,2026-02-02
B0C5J8KH86,2026-03-02
B0C5JBMKQB,2025-04-28
B0C5JBMKQB,2025-05-26
B0C5JBMKQB,2025-06-23
B0C5JBMKQB,2025-07-21
B0C5JBMKQB,2025-08-18
B0C5JBMKQB,2025-09-15
B0C5JBMKQB,2025-10-13
B0C5JBMKQB,2025-11-10
B0C5JBMKQB,2025-12-08
B0C5JBMKQB,2026-01-05
B0C5JBMKQB,2026-02-02
B0C5JBMKQB,2026-03-02
B0C5N82G1T,2025-04-28
B0C5N82G1T,2025-05-26
B0C5N82G1T,2025-06-23
B0C5N82G1T,2025-07-21
B0C5N82G1T,2025-08-18
B0C5N82G1T,2025-09-15
B0C5N82G1T,2025-10-13
B0C5N82G1T,2025-11-10
B0C5N82G1T,2025-12-08
B0C5N82G1T,2026-01-05
B0C5N82G1T,2026-02-02
B0C5N82G1T,2026-03-02
B0C5NNTLMT,2025-04-28
B0C5NNTLMT,2025-05-26
B0C5NNTLMT,2025-06-23
B0C5NNTLMT,2025-07-21
B0C5NNTLMT,2025-08-18
B0C5NNTLMT,2025-09-15
B0C5NNTLMT,2025-10-13
B0C5NNTLMT,2025-11-10
B0C5NNTLMT,2025-12-08
B0C5NNTLMT,2026-01-05
B0C5NNTLMT,2026-02-02
B0C5NNTLMT,2026-03-02
B0C5NR4LXD,2025-04-28
B0C5NR4LXD,2025-05-26
B0C5NR4LXD,2025-06-23
B0C5NR4LXD,2025-07-21
B0C5NR4LXD,2025-08-18
B0C5NR4LXD,2025-09-15
B0C5NR4LXD,2025-10-13
B0C5NR4LXD,2025-11-10
B0C5NR4LXD,2025-12-08
B0C5NR4LXD,2026-01-05
B0C5NR4LXD,2026-02-02
B0C5NR4LXD,2026-03-02
B0C5PDQFLK,2025-04-28
B0C5PDQFLK,2025-05-26
B0C5PDQFLK,2025-06-23
B0C5PDQFLK,2025-07-21
B0C5PDQFLK,2025-08-18
B0C5PDQFLK,2025-09-15
B0C5PDQFLK,2025-10-13
B0C5PDQFLK,2025-11-10
B0C5PDQFLK,2025-12-08
B0C5PDQFLK,2026-01-05
B0C5PDQFLK,2026-02-02
B0C5PDQFLK,2026-03-02
B0C5PVC12T,2025-04-28
B0C5PVC12T,2025-05-26
B0C5PVC12T,2025-06-23
B0C5PVC12T,2025-07-21
B0C5PVC12T,2025-08-18
B0C5PVC12T,2025-09-15
B0C5PVC12T,2025-10-13
B0C5PVC12T,2025-11-10
B0C5PVC12T,2025-12-08
B0C5PVC12T,2026-01-05
B0C5PVC12T,2026-02-02
B0C5PVC12T,2026-03-02
B0C5R59ZWG,2025-04-28
B0C5R59ZWG,2025-05-26
B0C5R59ZWG,2025-06-23
B0C5R59ZWG,2025-07-21
B0C5R59ZWG,2025-08-18
B0C5R59ZWG,2025-09-15
B0C5R59ZWG,2025-10-13
B0C5R59ZWG,2025-11-10
B0C5R59ZWG,2025-12-08
B0C5R59ZWG,2026-01-05
B0C5R59ZWG,2026-02-02
B0C5R59ZWG,2026-03-02
B0C5R8Z9ZN,2025-04-28
B0C5R8Z9ZN,2025-05-26
B0C5R8Z9ZN,2025-06-23
B0C5R8Z9ZN,2025-07-21
B0C5R8Z9ZN,2025-08-18
B0C5R8Z9ZN,2025-09-15
B0C5R8Z9ZN,2025-10-13
B0C5R8Z9ZN,2025-11-10
B0C5R8Z9ZN,2025-12-08
B0C5R8Z9ZN,2026-01-05
B0C5R8Z9ZN,2026-02-02
B0C5R8Z9ZN,2026-03-02
B0C5RC72MD,2025-04-28
B0C5RC72MD,2025-05-26
B0C5RC72MD,2025-06-23
B0C5RC72MD,2025-07-21
B0C5RC72MD,2025-08-18
B0C5RC72MD,2025-09-15
B0C5RC72MD,2025-10-13
B0C5RC72MD,2025-11-10
B0C5RC72MD,2025-12-08
B0C5RC72MD,2026-01-05
B0C5RC72MD,2026-02-02
B0C5RC72MD,2026-03-02
B0C5RGLYVC,2025-04-28
B0C5RGLYVC,2025-05-26
B0C5RGLYVC,2025-06-23
B0C5RGLYVC,2025-07-21
B0C5RGLYVC,2025-08-18
B0C5RGLYVC,2025-09-15
B0C5RGLYVC,2025-10-13
B0C5RGLYVC,2025-11-10
B0C5RGLYVC,2025-12-08
B0C5RGLYVC,2026-01-05
B0C5RGLYVC,2026-02-02
B0C5RGLYVC,2026-03-02
B0C5ZSVHHL,2025-04-28
B0C5ZSVHHL,2025-05-26
B0C5ZSVHHL,2025-06-23
B0C5ZSVHHL,2025-07-21
B0C5ZSVHHL,2025-08-18
B0C5ZSVHHL,2025-09-15
B0C5ZSVHHL,2025-10-13
B0C5ZSVHHL,2025-11-10
B0C5ZSVHHL,2025-12-08
B0C5ZSVHHL,2026-01-05
B0C5ZSVHHL,2026-02-02
B0C5ZSVHHL,2026-03-02
B0C6574WRV,2025-04-28
B0C6574WRV,2025-05-26
B0C6574WRV,2025-06-23
B0C6574WRV,2025-07-21
B0C6574WRV,2025-08-18
B0C6574WRV,2025-09-15
B0C6574WRV,2025-10-13
B0C6574WRV,2025-11-10
B0C6574WRV,2025-12-08
B0C6574WRV,2026-01-05
B0C6574WRV,2026-02-02
B0C6574WRV,2026-03-02
B0C657VCTT,2025-04-28
B0C657VCTT,2025-05-26
B0C657VCTT,2025-06-23
B0C657VCTT,2025-07-21
B0C657VCTT,2025-08-18
B0C657VCTT,2025-09-15
B0C657VCTT,2025-10-13
B0C657VCTT,2025-11-10
B0C657VCTT,2025-12-08
B0C657VCTT,2026-01-05
B0C657VCTT,2026-02-02
B0C657VCTT,2026-03-02
B0C659KFT3,2025-04-28
B0C659KFT3,2025-05-26
B0C659KFT3,2025-06-23
B0C659KFT3,2025-07-21
B0C659KFT3,2025-08-18
B0C659KFT3,2025-09-15
B0C659KFT3,2025-10-13
B0C659KFT3,2025-11-10
B0C659KFT3,2025-12-08
B0C659KFT3,2026-01-05
B0C659KFT3,2026-02-02
B0C659KFT3,2026-03-02
B0C65BXGHJ,2025-04-28
B0C65BXGHJ,2025-05-26
B0C65BXGHJ,2025-06-23
B0C65BXGHJ,2025-07-21
B0C65BXGHJ,2025-08-18
B0C65BXGHJ,2025-09-15
B0C65BXGHJ,2025-10-13
B0C65BXGHJ,2025-11-10
B0C65BXGHJ,2025-12-08
B0C65BXGHJ,2026-01-05
B0C65BXGHJ,2026-02-02
B0C65BXGHJ,2026-03-02
B0C66H29ZR,2025-04-28
B0C66H29ZR,2025-05-26
B0C66H29ZR,2025-06-23
B0C66H29ZR,2025-07-21
B0C66H29ZR,2025-08-18
B0C66H29ZR,2025-09-15
B0C66H29ZR,2025-10-13
B0C66H29ZR,2025-11-10
B0C66H29ZR,2025-12-08
B0C66H29ZR,2026-01-05
B0C66H29ZR,2026-02-02
B0C66H29ZR,2026-03-02
B0C68MLNQC,2025-04-28
B0C68MLNQC,2025-05-26
B0C68MLNQC,2025-06-23
B0C68MLNQC,2025-07-21
B0C68MLNQC,2025-08-18
B0C68MLNQC,2025-09-15
B0C68MLNQC,2025-10-13
B0C68MLNQC,2025-11-10
B0C68MLNQC,2025-12-08
B0C68MLNQC,2026-01-05
B0C68MLNQC,2026-02-02
B0C68MLNQC,2026-03-02
B0C68N6FS8,2025-04-28
B0C68N6FS8,2025-05-26
B0C68N6FS8,2025-06-23
B0C68N6FS8,2025-07-21
B0C68N6FS8,2025-08-18
B0C68N6FS8,2025-09-15
B0C68N6FS8,2025-10-13
B0C68N6FS8,2025-11-10
B0C68N6FS8,2025-12-08
B0C68N6FS8,2026-01-05
B0C68N6FS8,2026-02-02
B0C68N6FS8,2026-03-02
B0C6FCJ8PV,2025-04-28
B0C6FCJ8PV,2025-05-26
B0C6FCJ8PV,2025-06-23
B0C6FCJ8PV,2025-07-21
B0C6FCJ8PV,2025-08-18
B0C6FCJ8PV,2025-09-15
B0C6FCJ8PV,2025-10-13
B0C6FCJ8PV,2025-11-10
B0C6FCJ8PV,2025-12-08
B0C6FCJ8PV,2026-01-05
B0C6FCJ8PV,2026-02-02
B0C6FCJ8PV,2026-03-02
B0C6JMW9L5,2025-04-28
B0C6JMW9L5,2025-05-26
B0C6JMW9L5,2025-06-23
B0C6JMW9L5,2025-07-21
B0C6JMW9L5,2025-08-18
B0C6JMW9L5,2025-09-15
B0C6JMW9L5,2025-10-13
B0C6JMW9L5,2025-11-10
B0C6JMW9L5,2025-12-08
B0C6JMW9L5,2026-01-05
B0C6JMW9L5,2026-02-02
B0C6JMW9L5,2026-03-02
B0C6JNMVJF,2025-04-28
B0C6JNMVJF,2025-05-26
B0C6JNMVJF,2025-06-23
B0C6JNMVJF,2025-07-21
B0C6JNMVJF,2025-08-18
B0C6JNMVJF,2025-09-15
B0C6JNMVJF,2025-10-13
B0C6JNMVJF,2025-11-10
B0C6JNMVJF,2025-12-08
B0C6JNMVJF,2026-01-05
B0C6JNMVJF,2026-02-02
B0C6JNMVJF,2026-03-02
B0C6PB89D5,2025-04-28
B0C6PB89D5,2025-05-26
B0C6PB89D5,2025-06-23
B0C6PB89D5,2025-07-21
B0C6PB89D5,2025-08-18
B0C6PB89D5,2025-09-15
B0C6PB89D5,2025-10-13
B0C6PB89D5,2025-11-10
B0C6PB89D5,2025-12-08
B0C6PB89D5,2026-01-05
B0C6PB89D5,2026-02-02
B0C6PB89D5,2026-03-02
B0C6Q945GM,2025-04-28
B0C6Q945GM,2025-05-26
B0C6Q945GM,2025-06-23
B0C6Q945GM,2025-07-21
B0C6Q945GM,2025-08-18
B0C6Q945GM,2025-09-15
B0C6Q945GM,2025-10-13
B0C6Q945GM,2025-11-10
B0C6Q945GM,2025-12-08
B0C6Q945GM,2026-01-05
B0C6Q945GM,2026-02-02
B0C6Q945GM,2026-03-02
B0C6Q9F2V8,2025-04-28
B0C6Q9F2V8,2025-05-26
B0C6Q9F2V8,2025-06-23
B0C6Q9F2V8,2025-07-21
B0C6Q9F2V8,2025-08-18
B0C6Q9F2V8,2025-09-15
B0C6Q9F2V8,2025-10-13
B0C6Q9F2V8,2025-11-10
B0C6Q9F2V8,2025-12-08
B0C6Q9F2V8,2026-01-05
B0C6Q9F2V8,2026-02-02
B0C6Q9F2V8,2026-03-02
B0C6QQ781F,2025-04-28
B0C6QQ781F,2025-05-26
B0C6QQ781F,2025-06-23
B0C6QQ781F,2025-07-21
B0C6QQ781F,2025-08-18
B0C6QQ781F,2025-09-15
B0C6QQ781F,2025-10-13
B0C6QQ781F,2025-11-10
B0C6QQ781F,2025-12-08
B0C6QQ781F,2026-01-05
B0C6QQ781F,2026-02-02
B0C6QQ781F,2026-03-02
B0C6QSZWLK,2025-04-28
B0C6QSZWLK,2025-05-26
B0C6QSZWLK,2025-06-23
B0C6QSZWLK,2025-07-21
B0C6QSZWLK,2025-08-18
B0C6QSZWLK,2025-09-15
B0C6QSZWLK,2025-10-13
B0C6QSZWLK,2025-11-10
B0C6QSZWLK,2025-12-08
B0C6QSZWLK,2026-01-05
B0C6QSZWLK,2026-02-02
B0C6QSZWLK,2026-03-02
B0C6TB56ZH,2025-04-28
B0C6TB56ZH,2025-05-26
B0C6TB56ZH,2025-06-23
B0C6TB56ZH,2025-07-21
B0C6TB56ZH,2025-08-18
B0C6TB56ZH,2025-09-15
B0C6TB56ZH,2025-10-13
B0C6TB56ZH,2025-11-10
B0C6TB56ZH,2025-12-08
B0C6TB56ZH,2026-01-05
B0C6TB56ZH,2026-02-02
B0C6TB56ZH,2026-03-02
B0C6XQQN2F,2025-04-28
B0C6XQQN2F,2025-05-26
B0C6XQQN2F,2025-06-23
B0C6XQQN2F,2025-07-21
B0C6XQQN2F,2025-08-18
B0C6XQQN2F,2025-09-15
B0C6XQQN2F,2025-10-13
B0C6XQQN2F,2025-11-10
B0C6XQQN2F,2025-12-08
B0C6XQQN2F,2026-01-05
B0C6XQQN2F,2026-02-02
B0C6XQQN2F,2026-03-02
B0C6XRNCXB,2025-04-28
B0C6XRNCXB,2025-05-26
B0C6XRNCXB,2025-06-23
B0C6XRNCXB,2025-07-21
B0C6XRNCXB,2025-08-18
B0C6XRNCXB,2025-09-15
B0C6XRNCXB,2025-10-13
B0C6XRNCXB,2025-11-10
B0C6XRNCXB,2025-12-08
B0C6XRNCXB,2026-01-05
B0C6XRNCXB,2026-02-02
B0C6XRNCXB,2026-03-02
B0C6Y66VWG,2025-04-28
B0C6Y66VWG,2025-05-26
B0C6Y66VWG,2025-06-23
B0C6Y66VWG,2025-07-21
B0C6Y66VWG,2025-08-18
B0C6Y66VWG,2025-09-15
B0C6Y66VWG,2025-10-13
B0C6Y66VWG,2025-11-10
B0C6Y66VWG,2025-12-08
B0C6Y66VWG,2026-01-05
B0C6Y66VWG,2026-02-02
B0C6Y66VWG,2026-03-02
B0C73Z12XC,2025-04-28
B0C73Z12XC,2025-05-26
B0C73Z12XC,2025-06-23
B0C73Z12XC,2025-07-21
B0C73Z12XC,2025-08-18
B0C73Z12XC,2025-09-15
B0C73Z12XC,2025-10-13
B0C73Z12XC,2025-11-10
B0C73Z12XC,2025-12-08
B0C73Z12XC,2026-01-05
B0C73Z12XC,2026-02-02
B0C73Z12XC,2026-03-02
B0C786VCNK,2025-04-28
B0C786VCNK,2025-05-26
B0C786VCNK,2025-06-23
B0C786VCNK,2025-07-21
B0C786VCNK,2025-08-18
B0C786VCNK,2025-09-15
B0C786VCNK,2025-10-13
B0C786VCNK,2025-11-10
B0C786VCNK,2025-12-08
B0C786VCNK,2026-01-05
B0C786VCNK,2026-02-02
B0C786VCNK,2026-03-02
B0C787SBLX,2025-04-28
B0C787SBLX,2025-05-26
B0C787SBLX,2025-06-23
B0C787SBLX,2025-07-21
B0C787SBLX,2025-08-18
B0C787SBLX,2025-09-15
B0C787SBLX,2025-10-13
B0C787SBLX,2025-11-10
B0C787SBLX,2025-12-08
B0C787SBLX,2026-01-05
B0C787SBLX,2026-02-02
B0C787SBLX,2026-03-02
B0C7CFQ2RF,2025-04-28
B0C7CFQ2RF,2025-05-26
B0C7CFQ2RF,2025-06-23
B0C7CFQ2RF,2025-07-21
B0C7CFQ2RF,2025-08-18
B0C7CFQ2RF,2025-09-15
B0C7CFQ2RF,2025-10-13
B0C7CFQ2RF,2025-11-10
B0C7CFQ2RF,2025-12-08
B0C7CFQ2RF,2026-01-05
B0C7CFQ2RF,2026-02-02
B0C7CFQ2RF,2026-03-02
B0C7CJ6S4L,2025-04-28
B0C7CJ6S4L,2025-05-26
B0C7CJ6S4L,2025-06-23
B0C7CJ6S4L,2025-07-21
B0C7CJ6S4L,2025-08-18
B0C7CJ6S4L,2025-09-15
B0C7CJ6S4L,2025-10-13
B0C7CJ6S4L,2025-11-10
B0C7CJ6S4L,2025-12-08
B0C7CJ6S4L,2026-01-05
B0C7CJ6S4L,2026-02-02
B0C7CJ6S4L,2026-03-02
B0C7GB9RCP,2025-04-28
B0C7GB9RCP,2025-05-26
B0C7GB9RCP,2025-06-23
B0C7GB9RCP,2025-07-21
B0C7GB9RCP,2025-08-18
B0C7GB9RCP,2025-09-15
B0C7GB9RCP,2025-10-13
B0C7GB9RCP,2025-11-10
B0C7GB9RCP,2025-12-08
B0C7GB9RCP,2026-01-05
B0C7GB9RCP,2026-02-02
B0C7GB9RCP,2026-03-02
B0C7GNN448,2025-04-28
B0C7GNN448,2025-05-26
B0C7GNN448,2025-06-23
B0C7GNN448,2025-07-21
B0C7GNN448,2025-08-18
B0C7GNN448,2025-09-15
B0C7GNN448,2025-10-13
B0C7GNN448,2025-11-10
B0C7GNN448,2025-12-08
B0C7GNN448,2026-01-05
B0C7GNN448,2026-02-02
B0C7GNN448,2026-03-02
B0C7JQ5KBX,2025-04-28
B0C7JQ5KBX,2025-05-26
B0C7JQ5KBX,2025-06-23
B0C7JQ5KBX,2025-07-21
B0C7JQ5KBX,2025-08-18
B0C7JQ5KBX,2025-09-15
B0C7JQ5KBX,2025-10-13
B0C7JQ5KBX,2025-11-10
B0C7JQ5KBX,2025-12-08
B0C7JQ5KBX,2026-01-05
B0C7JQ5KBX,2026-02-02
B0C7JQ5KBX,2026-03-02
B0C7JZYJJ5,2025-04-28
B0C7JZYJJ5,2025-05-26
B0C7JZYJJ5,2025-06-23
B0C7JZYJJ5,2025-07-21
B0C7JZYJJ5,2025-08-18
B0C7JZYJJ5,2025-09-15
B0C7JZYJJ5,2025-10-13
B0C7JZYJJ5,2025-11-10
B0C7JZYJJ5,2025-12-08
B0C7JZYJJ5,2026-01-05
B0C7JZYJJ5,2026-02-02
B0C7JZYJJ5,2026-03-02
B0C7KY8PNH,2025-04-28
B0C7KY8PNH,2025-05-26
B0C7KY8PNH,2025-06-23
B0C7KY8PNH,2025-07-21
B0C7KY8PNH,2025-08-18
B0C7KY8PNH,2025-09-15
B0C7KY8PNH,2025-10-13
B0C7KY8PNH,2025-11-10
B0C7KY8PNH,2025-12-08
B0C7KY8PNH,2026-01-05
B0C7KY8PNH,2026-02-02
B0C7KY8PNH,2026-03-02
B0C7KYZ545,2025-04-28
B0C7KYZ545,2025-05-26
B0C7KYZ545,2025-06-23
B0C7KYZ545,2025-07-21
B0C7KYZ545,2025-08-18
B0C7KYZ545,2025-09-15
B0C7KYZ545,2025-10-13
B0C7KYZ545,2025-11-10
B0C7KYZ545,2025-12-08
B0C7KYZ545,2026-01-05
B0C7KYZ545,2026-02-02
B0C7KYZ545,2026-03-02
B0C7LXNXS4,2025-04-28
B0C7LXNXS4,2025-05-26
B0C7LXNXS4,2025-06-23
B0C7LXNXS4,2025-07-21
B0C7LXNXS4,2025-08-18
B0C7LXNXS4,2025-09-15
B0C7LXNXS4,2025-10-13
B0C7LXNXS4,2025-11-10
B0C7LXNXS4,2025-12-08
B0C7LXNXS4,2026-01-05
B0C7LXNXS4,2026-02-02
B0C7LXNXS4,2026-03-02
B0C7MVSHFH,2025-04-28
B0C7MVSHFH,2025-05-26
B0C7MVSHFH,2025-06-23
B0C7MVSHFH,2025-07-21
B0C7MVSHFH,2025-08-18
B0C7MVSHFH,2025-09-15
B0C7MVSHFH,2025-10-13
B0C7MVSHFH,2025-11-10
B0C7MVSHFH,2025-12-08
B0C7MVSHFH,2026-01-05
B0C7MVSHFH,2026-02-02
B0C7MVSHFH,2026-03-02
B0C7MXMKTQ,2025-04-28
B0C7MXMKTQ,2025-05-26
B0C7MXMKTQ,2025-06-23
B0C7MXMKTQ,2025-07-21
B0C7MXMKTQ,2025-08-18
B0C7MXMKTQ,2025-09-15
B0C7MXMKTQ,2025-10-13
B0C7MXMKTQ,2025-11-10
B0C7MXMKTQ,2025-12-08
B0C7MXMKTQ,2026-01-05
B0C7MXMKTQ,2026-02-02
B0C7MXMKTQ,2026-03-02
B0C7MXST7N,2025-04-28
B0C7MXST7N,2025-05-26
B0C7MXST7N,2025-06-23
B0C7MXST7N,2025-07-21
B0C7MXST7N,2025-08-18
B0C7MXST7N,2025-09-15
B0C7MXST7N,2025-10-13
B0C7MXST7N,2025-11-10
B0C7MXST7N,2025-12-08
B0C7MXST7N,2026-01-05
B0C7MXST7N,2026-02-02
B0C7MXST7N,2026-03-02
B0C7MXWYNR,2025-04-28
B0C7MXWYNR,2025-05-26
B0C7MXWYNR,2025-06-23
B0C7MXWYNR,2025-07-21
B0C7MXWYNR,2025-08-18
B0C7MXWYNR,2025-09-15
B0C7MXWYNR,2025-10-13
B0C7MXWYNR,2025-11-10
B0C7MXWYNR,2025-12-08
B0C7MXWYNR,2026-01-05
B0C7MXWYNR,2026-02-02
B0C7MXWYNR,2026-03-02
B0C7MYB89N,2025-04-28
B0C7MYB89N,2025-05-26
B0C7MYB89N,2025-06-23
B0C7MYB89N,2025-07-21
B0C7MYB89N,2025-08-18
B0C7MYB89N,2025-09-15
B0C7MYB89N,2025-10-13
B0C7MYB89N,2025-11-10
B0C7MYB89N,2025-12-08
B0C7MYB89N,2026-01-05
B0C7MYB89N,2026-02-02
B0C7MYB89N,2026-03-02
B0C7MZ7QVP,2025-04-28
B0C7MZ7QVP,2025-05-26
B0C7MZ7QVP,2025-06-23
B0C7MZ7QVP,2025-07-21
B0C7MZ7QVP,2025-08-18
B0C7MZ7QVP,2025-09-15
B0C7MZ7QVP,2025-10-13
B0C7MZ7QVP,2025-11-10
B0C7MZ7QVP,2025-12-08
B0C7MZ7QVP,2026-01-05
B0C7MZ7QVP,2026-02-02
B0C7MZ7QVP,2026-03-02
B0C7PX5M6N,2025-04-28
B0C7PX5M6N,2025-05-26
B0C7PX5M6N,2025-06-23
B0C7PX5M6N,2025-07-21
B0C7PX5M6N,2025-08-18
B0C7PX5M6N,2025-09-15
B0C7PX5M6N,2025-10-13
B0C7PX5M6N,2025-11-10
B0C7PX5M6N,2025-12-08
B0C7PX5M6N,2026-01-05
B0C7PX5M6N,2026-02-02
B0C7PX5M6N,2026-03-02
B0C7PY8JT7,2025-04-28
B0C7PY8JT7,2025-05-26
B0C7PY8JT7,2025-06-23
B0C7PY8JT7,2025-07-21
B0C7PY8JT7,2025-08-18
B0C7PY8JT7,2025-09-15
B0C7PY8JT7,2025-10-13
B0C7PY8JT7,2025-11-10
B0C7PY8JT7,2025-12-08
B0C7PY8JT7,2026-01-05
B0C7PY8JT7,2026-02-02
B0C7PY8JT7,2026-03-02
B0C7VHMPBY,2025-04-28
B0C7VHMPBY,2025-05-26
B0C7VHMPBY,2025-06-23
B0C7VHMPBY,2025-07-21
B0C7VHMPBY,2025-08-18
B0C7VHMPBY,2025-09-15
B0C7VHMPBY,2025-10-13
B0C7VHMPBY,2025-11-10
B0C7VHMPBY,2025-12-08
B0C7VHMPBY,2026-01-05
B0C7VHMPBY,2026-02-02
B0C7VHMPBY,2026-03-02
B0C7VW5D4K,2025-04-28
B0C7VW5D4K,2025-05-26
B0C7VW5D4K,2025-06-23
B0C7VW5D4K,2025-07-21
B0C7VW5D4K,2025-08-18
B0C7VW5D4K,2025-09-15
B0C7VW5D4K,2025-10-13
B0C7VW5D4K,2025-11-10
B0C7VW5D4K,2025-12-08
B0C7VW5D4K,2026-01-05
B0C7VW5D4K,2026-02-02
B0C7VW5D4K,2026-03-02
B0C7WNFY7T,2025-04-28
B0C7WNFY7T,2025-05-26
B0C7WNFY7T,2025-06-23
B0C7WNFY7T,2025-07-21
B0C7WNFY7T,2025-08-18
B0C7WNFY7T,2025-09-15
B0C7WNFY7T,2025-10-13
B0C7WNFY7T,2025-11-10
B0C7WNFY7T,2025-12-08
B0C7WNFY7T,2026-01-05
B0C7WNFY7T,2026-02-02
B0C7WNFY7T,2026-03-02
B0C7Z6BSMX,2025-04-28
B0C7Z6BSMX,2025-05-26
B0C7Z6BSMX,2025-06-23
B0C7Z6BSMX,2025-07-21
B0C7Z6BSMX,2025-08-18
B0C7Z6BSMX,2025-09-15
B0C7Z6BSMX,2025-10-13
B0C7Z6BSMX,2025-11-10
B0C7Z6BSMX,2025-12-08
B0C7Z6BSMX,2026-01-05
B0C7Z6BSMX,2026-02-02
B0C7Z6BSMX,2026-03-02
B0C859D13G,2025-04-28
B0C859D13G,2025-05-26
B0C859D13G,2025-06-23
B0C859D13G,2025-07-21
B0C859D13G,2025-08-18
B0C859D13G,2025-09-15
B0C859D13G,2025-10-13
B0C859D13G,2025-11-10
B0C859D13G,2025-12-08
B0C859D13G,2026-01-05
B0C859D13G,2026-02-02
B0C859D13G,2026-03-02
B0C85J4L9P,2025-04-28
B0C85J4L9P,2025-05-26
B0C85J4L9P,2025-06-23
B0C85J4L9P,2025-07-21
B0C85J4L9P,2025-08-18
B0C85J4L9P,2025-09-15
B0C85J4L9P,2025-10-13
B0C85J4L9P,2025-11-10
B0C85J4L9P,2025-12-08
B0C85J4L9P,2026-01-05
B0C85J4L9P,2026-02-02
B0C85J4L9P,2026-03-02
B0C85J9LR6,2025-04-28
B0C85J9LR6,2025-05-26
B0C85J9LR6,2025-06-23
B0C85J9LR6,2025-07-21
B0C85J9LR6,2025-08-18
B0C85J9LR6,2025-09-15
B0C85J9LR6,2025-10-13
B0C85J9LR6,2025-11-10
B0C85J9LR6,2025-12-08
B0C85J9LR6,2026-01-05
B0C85J9LR6,2026-02-02
B0C85J9LR6,2026-03-02
B0C85JJTSK,2025-04-28
B0C85JJTSK,2025-05-26
B0C85JJTSK,2025-06-23
B0C85JJTSK,2025-07-21
B0C85JJTSK,2025-08-18
B0C85JJTSK,2025-09-15
B0C85JJTSK,2025-10-13
B0C85JJTSK,2025-11-10
B0C85JJTSK,2025-12-08
B0C85JJTSK,2026-01-05
B0C85JJTSK,2026-02-02
B0C85JJTSK,2026-03-02
B0C85L7NCW,2025-04-28
B0C85L7NCW,2025-05-26
B0C85L7NCW,2025-06-23
B0C85L7NCW,2025-07-21
B0C85L7NCW,2025-08-18
B0C85L7NCW,2025-09-15
B0C85L7NCW,2025-10-13
B0C85L7NCW,2025-11-10
B0C85L7NCW,2025-12-08
B0C85L7NCW,2026-01-05
B0C85L7NCW,2026-02-02
B0C85L7NCW,2026-03-02
B0C85NCQNR,2025-04-28
B0C85NCQNR,2025-05-26
B0C85NCQNR,2025-06-23
B0C85NCQNR,2025-07-21
B0C85NCQNR,2025-08-18
B0C85NCQNR,2025-09-15
B0C85NCQNR,2025-10-13
B0C85NCQNR,2025-11-10
B0C85NCQNR,2025-12-08
B0C85NCQNR,2026-01-05
B0C85NCQNR,2026-02-02
B0C85NCQNR,2026-03-02
B0C86HLGRW,2025-04-28
B0C86HLGRW,2025-05-26
B0C86HLGRW,2025-06-23
B0C86HLGRW,2025-07-21
B0C86HLGRW,2025-08-18
B0C86HLGRW,2025-09-15
B0C86HLGRW,2025-10-13
B0C86HLGRW,2025-11-10
B0C86HLGRW,2025-12-08
B0C86HLGRW,2026-01-05
B0C86HLGRW,2026-02-02
B0C86HLGRW,2026-03-02
B0C86JKTH6,2025-04-28
B0C86JKTH6,2025-05-26
B0C86JKTH6,2025-06-23
B0C86JKTH6,2025-07-21
B0C86JKTH6,2025-08-18
B0C86JKTH6,2025-09-15
B0C86JKTH6,2025-10-13
B0C86JKTH6,2025-11-10
B0C86JKTH6,2025-12-08
B0C86JKTH6,2026-01-05
B0C86JKTH6,2026-02-02
B0C86JKTH6,2026-03-02
B0C876TQYG,2025-04-28
B0C876TQYG,2025-05-26
B0C876TQYG,2025-06-23
B0C876TQYG,2025-07-21
B0C876TQYG,2025-08-18
B0C876TQYG,2025-09-15
B0C876TQYG,2025-10-13
B0C876TQYG,2025-11-10
B0C876TQYG,2025-12-08
B0C876TQYG,2026-01-05
B0C876TQYG,2026-02-02
B0C876TQYG,2026-03-02
B0C8BG4F3N,2025-04-28
B0C8BG4F3N,2025-05-26
B0C8BG4F3N,2025-06-23
B0C8BG4F3N,2025-07-21
B0C8BG4F3N,2025-08-18
B0C8BG4F3N,2025-09-15
B0C8BG4F3N,2025-10-13
B0C8BG4F3N,2025-11-10
B0C8BG4F3N,2025-12-08
B0C8BG4F3N,2026-01-05
B0C8BG4F3N,2026-02-02
B0C8BG4F3N,2026-03-02
B0C8H8SLDY,2025-04-28
B0C8H8SLDY,2025-05-26
B0C8H8SLDY,2025-06-23
B0C8H8SLDY,2025-07-21
B0C8H8SLDY,2025-08-18
B0C8H8SLDY,2025-09-15
B0C8H8SLDY,2025-10-13
B0C8H8SLDY,2025-11-10
B0C8H8SLDY,2025-12-08
B0C8H8SLDY,2026-01-05
B0C8H8SLDY,2026-02-02
B0C8H8SLDY,2026-03-02
B0C8HB7NQM,2025-04-28
B0C8HB7NQM,2025-05-26
B0C8HB7NQM,2025-06-23
B0C8HB7NQM,2025-07-21
B0C8HB7NQM,2025-08-18
B0C8HB7NQM,2025-09-15
B0C8HB7NQM,2025-10-13
B0C8HB7NQM,2025-11-10
B0C8HB7NQM,2025-12-08
B0C8HB7NQM,2026-01-05
B0C8HB7NQM,2026-02-02
B0C8HB7NQM,2026-03-02
B0C8MQTTLJ,2025-04-28
B0C8MQTTLJ,2025-05-26
B0C8MQTTLJ,2025-06-23
B0C8MQTTLJ,2025-07-21
B0C8MQTTLJ,2025-08-18
B0C8MQTTLJ,2025-09-15
B0C8MQTTLJ,2025-10-13
B0C8MQTTLJ,2025-11-10
B0C8MQTTLJ,2025-12-08
B0C8MQTTLJ,2026-01-05
B0C8MQTTLJ,2026-02-02
B0C8MQTTLJ,2026-03-02
B0C8MZVJR9,2025-04-28
B0C8MZVJR9,2025-05-26
B0C8MZVJR9,2025-06-23
B0C8MZVJR9,2025-07-21
B0C8MZVJR9,2025-08-18
B0C8MZVJR9,2025-09-15
B0C8MZVJR9,2025-10-13
B0C8MZVJR9,2025-11-10
B0C8MZVJR9,2025-12-08
B0C8MZVJR9,2026-01-05
B0C8MZVJR9,2026-02-02
B0C8MZVJR9,2026-03-02
B0C8N2MGLZ,2025-04-28
B0C8N2MGLZ,2025-05-26
B0C8N2MGLZ,2025-06-23
B0C8N2MGLZ,2025-07-21
B0C8N2MGLZ,2025-08-18
B0C8N2MGLZ,2025-09-15
B0C8N2MGLZ,2025-10-13
B0C8N2MGLZ,2025-11-10
B0C8N2MGLZ,2025-12-08
B0C8N2MGLZ,2026-01-05
B0C8N2MGLZ,2026-02-02
B0C8N2MGLZ,2026-03-02
B0C8N3J3P8,2025-04-28
B0C8N3J3P8,2025-05-26
B0C8N3J3P8,2025-06-23
B0C8N3J3P8,2025-07-21
B0C8N3J3P8,2025-08-18
B0C8N3J3P8,2025-09-15
B0C8N3J3P8,2025-10-13
B0C8N3J3P8,2025-11-10
B0C8N3J3P8,2025-12-08
B0C8N3J3P8,2026-01-05
B0C8N3J3P8,2026-02-02
B0C8N3J3P8,2026-03-02
B0C8N5SDZL,2025-04-28
B0C8N5SDZL,2025-05-26
B0C8N5SDZL,2025-06-23
B0C8N5SDZL,2025-07-21
B0C8N5SDZL,2025-08-18
B0C8N5SDZL,2025-09-15
B0C8N5SDZL,2025-10-13
B0C8N5SDZL,2025-11-10
B0C8N5SDZL,2025-12-08
B0C8N5SDZL,2026-01-05
B0C8N5SDZL,2026-02-02
B0C8N5SDZL,2026-03-02
B0C8TMF8YG,2025-04-28
B0C8TMF8YG,2025-05-26
B0C8TMF8YG,2025-06-23
B0C8TMF8YG,2025-07-21
B0C8TMF8YG,2025-08-18
B0C8TMF8YG,2025-09-15
B0C8TMF8YG,2025-10-13
B0C8TMF8YG,2025-11-10
B0C8TMF8YG,2025-12-08
B0C8TMF8YG,2026-01-05
B0C8TMF8YG,2026-02-02
B0C8TMF8YG,2026-03-02
B0C8TWZ81M,2025-04-28
B0C8TWZ81M,2025-05-26
B0C8TWZ81M,2025-06-23
B0C8TWZ81M,2025-07-21
B0C8TWZ81M,2025-08-18
B0C8TWZ81M,2025-09-15
B0C8TWZ81M,2025-10-13
B0C8TWZ81M,2025-11-10
B0C8TWZ81M,2025-12-08
B0C8TWZ81M,2026-01-05
B0C8TWZ81M,2026-02-02
B0C8TWZ81M,2026-03-02
B0C9DDD7FW,2025-04-28
B0C9DDD7FW,2025-05-26
B0C9DDD7FW,2025-06-23
B0C9DDD7FW,2025-07-21
B0C9DDD7FW,2025-08-18
B0C9DDD7FW,2025-09-15
B0C9DDD7FW,2025-10-13
B0C9DDD7FW,2025-11-10
B0C9DDD7FW,2025-12-08
B0C9DDD7FW,2026-01-05
B0C9DDD7FW,2026-02-02
B0C9DDD7FW,2026-03-02
B0C9Q14ZZ1,2025-04-28
B0C9Q14ZZ1,2025-05-26
B0C9Q14ZZ1,2025-06-23
B0C9Q14ZZ1,2025-07-21
B0C9Q14ZZ1,2025-08-18
B0C9Q14ZZ1,2025-09-15
B0C9Q14ZZ1,2025-10-13
B0C9Q14ZZ1,2025-11-10
B0C9Q14ZZ1,2025-12-08
B0C9Q14ZZ1,2026-01-05
B0C9Q14ZZ1,2026-02-02
B0C9Q14ZZ1,2026-03-02
B0C9STN47W,2025-04-28
B0C9STN47W,2025-05-26
B0C9STN47W,2025-06-23
B0C9STN47W,2025-07-21
B0C9STN47W,2025-08-18
B0C9STN47W,2025-09-15
B0C9STN47W,2025-10-13
B0C9STN47W,2025-11-10
B0C9STN47W,2025-12-08
B0C9STN47W,2026-01-05
B0C9STN47W,2026-02-02
B0C9STN47W,2026-03-02
B0C9STPRTN,2025-04-28
B0C9STPRTN,2025-05-26
B0C9STPRTN,2025-06-23
B0C9STPRTN,2025-07-21
B0C9STPRTN,2025-08-18
B0C9STPRTN,2025-09-15
B0C9STPRTN,2025-10-13
B0C9STPRTN,2025-11-10
B0C9STPRTN,2025-12-08
B0C9STPRTN,2026-01-05
B0C9STPRTN,2026-02-02
B0C9STPRTN,2026-03-02
B0C9T98DCZ,2025-04-28
B0C9T98DCZ,2025-05-26
B0C9T98DCZ,2025-06-23
B0C9T98DCZ,2025-07-21
B0C9T98DCZ,2025-08-18
B0C9T98DCZ,2025-09-15
B0C9T98DCZ,2025-10-13
B0C9T98DCZ,2025-11-10
B0C9T98DCZ,2025-12-08
B0C9T98DCZ,2026-01-05
B0C9T98DCZ,2026-02-02
B0C9T98DCZ,2026-03-02
B0C9T9ZB3F,2025-04-28
B0C9T9ZB3F,2025-05-26
B0C9T9ZB3F,2025-06-23
B0C9T9ZB3F,2025-07-21
B0C9T9ZB3F,2025-08-18
B0C9T9ZB3F,2025-09-15
B0C9T9ZB3F,2025-10-13
B0C9T9ZB3F,2025-11-10
B0C9T9ZB3F,2025-12-08
B0C9T9ZB3F,2026-01-05
B0C9T9ZB3F,2026-02-02
B0C9T9ZB3F,2026-03-02
B0C9WVZKQG,2025-04-28
B0C9WVZKQG,2025-05-26
B0C9WVZKQG,2025-06-23
B0C9WVZKQG,2025-07-21
B0C9WVZKQG,2025-08-18
B0C9WVZKQG,2025-09-15
B0C9WVZKQG,2025-10-13
B0C9WVZKQG,2025-11-10
B0C9WVZKQG,2025-12-08
B0C9WVZKQG,2026-01-05
B0C9WVZKQG,2026-02-02
B0C9WVZKQG,2026-03-02
B0C9ZTWCSX,2025-04-28
B0C9ZTWCSX,2025-05-26
B0C9ZTWCSX,2025-06-23
B0C9ZTWCSX,2025-07-21
B0C9ZTWCSX,2025-08-18
B0C9ZTWCSX,2025-09-15
B0C9ZTWCSX,2025-10-13
B0C9ZTWCSX,2025-11-10
B0C9ZTWCSX,2025-12-08
B0C9ZTWCSX,2026-01-05
B0C9ZTWCSX,2026-02-02
B0C9ZTWCSX,2026-03-02
B0CBBNCBQW,2025-04-28
B0CBBNCBQW,2025-05-26
B0CBBNCBQW,2025-06-23
B0CBBNCBQW,2025-07-21
B0CBBNCBQW,2025-08-18
B0CBBNCBQW,2025-09-15
B0CBBNCBQW,2025-10-13
B0CBBNCBQW,2025-11-10
B0CBBNCBQW,2025-12-08
B0CBBNCBQW,2026-01-05
B0CBBNCBQW,2026-02-02
B0CBBNCBQW,2026-03-02
B0CBBPN851,2025-04-28
B0CBBPN851,2025-05-26
B0CBBPN851,2025-06-23
B0CBBPN851,2025-07-21
B0CBBPN851,2025-08-18
B0CBBPN851,2025-09-15
B0CBBPN851,2025-10-13
B0CBBPN851,2025-11-10
B0CBBPN851,2025-12-08
B0CBBPN851,2026-01-05
B0CBBPN851,2026-02-02
B0CBBPN851,2026-03-02
B0CBBS1S24,2025-04-28
B0CBBS1S24,2025-05-26
B0CBBS1S24,2025-06-23
B0CBBS1S24,2025-07-21
B0CBBS1S24,2025-08-18
B0CBBS1S24,2025-09-15
B0CBBS1S24,2025-10-13
B0CBBS1S24,2025-11-10
B0CBBS1S24,2025-12-08
B0CBBS1S24,2026-01-05
B0CBBS1S24,2026-02-02
B0CBBS1S24,2026-03-02
B0CBBS2C6S,2025-04-28
B0CBBS2C6S,2025-05-26
B0CBBS2C6S,2025-06-23
B0CBBS2C6S,2025-07-21
B0CBBS2C6S,2025-08-18
B0CBBS2C6S,2025-09-15
B0CBBS2C6S,2025-10-13
B0CBBS2C6S,2025-11-10
B0CBBS2C6S,2025-12-08
B0CBBS2C6S,2026-01-05
B0CBBS2C6S,2026-02-02
B0CBBS2C6S,2026-03-02
B0CBJY8ML6,2025-04-28
B0CBJY8ML6,2025-05-26
B0CBJY8ML6,2025-06-23
B0CBJY8ML6,2025-07-21
B0CBJY8ML6,2025-08-18
B0CBJY8ML6,2025-09-15
B0CBJY8ML6,2025-10-13
B0CBJY8ML6,2025-11-10
B0CBJY8ML6,2025-12-08
B0CBJY8ML6,2026-01-05
B0CBJY8ML6,2026-02-02
B0CBJY8ML6,2026-03-02
B0CBRVMBX8,2025-04-28
B0CBRVMBX8,2025-05-26
B0CBRVMBX8,2025-06-23
B0CBRVMBX8,2025-07-21
B0CBRVMBX8,2025-08-18
B0CBRVMBX8,2025-09-15
B0CBRVMBX8,2025-10-13
B0CBRVMBX8,2025-11-10
B0CBRVMBX8,2025-12-08
B0CBRVMBX8,2026-01-05
B0CBRVMBX8,2026-02-02
B0CBRVMBX8,2026-03-02
B0CBS5JM8K,2025-04-28
B0CBS5JM8K,2025-05-26
B0CBS5JM8K,2025-06-23
B0CBS5JM8K,2025-07-21
B0CBS5JM8K,2025-08-18
B0CBS5JM8K,2025-09-15
B0CBS5JM8K,2025-10-13
B0CBS5JM8K,2025-11-10
B0CBS5JM8K,2025-12-08
B0CBS5JM8K,2026-01-05
B0CBS5JM8K,2026-02-02
B0CBS5JM8K,2026-03-02
B0CBS87W85,2025-04-28
B0CBS87W85,2025-05-26
B0CBS87W85,2025-06-23
B0CBS87W85,2025-07-21
B0CBS87W85,2025-08-18
B0CBS87W85,2025-09-15
B0CBS87W85,2025-10-13
B0CBS87W85,2025-11-10
B0CBS87W85,2025-12-08
B0CBS87W85,2026-01-05
B0CBS87W85,2026-02-02
B0CBS87W85,2026-03-02
B0CBWZCL38,2025-04-28
B0CBWZCL38,2025-05-26
B0CBWZCL38,2025-06-23
B0CBWZCL38,2025-07-21
B0CBWZCL38,2025-08-18
B0CBWZCL38,2025-09-15
B0CBWZCL38,2025-10-13
B0CBWZCL38,2025-11-10
B0CBWZCL38,2025-12-08
B0CBWZCL38,2026-01-05
B0CBWZCL38,2026-02-02
B0CBWZCL38,2026-03-02
B0CBX2NPQB,2025-04-28
B0CBX2NPQB,2025-05-26
B0CBX2NPQB,2025-06-23
B0CBX2NPQB,2025-07-21
B0CBX2NPQB,2025-08-18
B0CBX2NPQB,2025-09-15
B0CBX2NPQB,2025-10-13
B0CBX2NPQB,2025-11-10
B0CBX2NPQB,2025-12-08
B0CBX2NPQB,2026-01-05
B0CBX2NPQB,2026-02-02
B0CBX2NPQB,2026-03-02
B0CBX9R8N1,2025-04-28
B0CBX9R8N1,2025-05-26
B0CBX9R8N1,2025-06-23
B0CBX9R8N1,2025-07-21
B0CBX9R8N1,2025-08-18
B0CBX9R8N1,2025-09-15
B0CBX9R8N1,2025-10-13
B0CBX9R8N1,2025-11-10
B0CBX9R8N1,2025-12-08
B0CBX9R8N1,2026-01-05
B0CBX9R8N1,2026-02-02
B0CBX9R8N1,2026-03-02
B0CBXCST5X,2025-04-28
B0CBXCST5X,2025-05-26
B0CBXCST5X,2025-06-23
B0CBXCST5X,2025-07-21
B0CBXCST5X,2025-08-18
B0CBXCST5X,2025-09-15
B0CBXCST5X,2025-10-13
B0CBXCST5X,2025-11-10
B0CBXCST5X,2025-12-08
B0CBXCST5X,2026-01-05
B0CBXCST5X,2026-02-02
B0CBXCST5X,2026-03-02
B0CC1ZPLC1,2025-04-28
B0CC1ZPLC1,2025-05-26
B0CC1ZPLC1,2025-06-23
B0CC1ZPLC1,2025-07-21
B0CC1ZPLC1,2025-08-18
B0CC1ZPLC1,2025-09-15
B0CC1ZPLC1,2025-10-13
B0CC1ZPLC1,2025-11-10
B0CC1ZPLC1,2025-12-08
B0CC1ZPLC1,2026-01-05
B0CC1ZPLC1,2026-02-02
B0CC1ZPLC1,2026-03-02
B0CC25BF9B,2025-04-28
B0CC25BF9B,2025-05-26
B0CC25BF9B,2025-06-23
B0CC25BF9B,2025-07-21
B0CC25BF9B,2025-08-18
B0CC25BF9B,2025-09-15
B0CC25BF9B,2025-10-13
B0CC25BF9B,2025-11-10
B0CC25BF9B,2025-12-08
B0CC25BF9B,2026-01-05
B0CC25BF9B,2026-02-02
B0CC25BF9B,2026-03-02
B0CC2JFDJL,2025-04-28
B0CC2JFDJL,2025-05-26
B0CC2JFDJL,2025-06-23
B0CC2JFDJL,2025-07-21
B0CC2JFDJL,2025-08-18
B0CC2JFDJL,2025-09-15
B0CC2JFDJL,2025-10-13
B0CC2JFDJL,2025-11-10
B0CC2JFDJL,2025-12-08
B0CC2JFDJL,2026-01-05
B0CC2JFDJL,2026-02-02
B0CC2JFDJL,2026-03-02
B0CC4M77HV,2025-04-28
B0CC4M77HV,2025-05-26
B0CC4M77HV,2025-06-23
B0CC4M77HV,2025-07-21
B0CC4M77HV,2025-08-18
B0CC4M77HV,2025-09-15
B0CC4M77HV,2025-10-13
B0CC4M77HV,2025-11-10
B0CC4M77HV,2025-12-08
B0CC4M77HV,2026-01-05
B0CC4M77HV,2026-02-02
B0CC4M77HV,2026-03-02
B0CC894HN2,2025-04-28
B0CC894HN2,2025-05-26
B0CC894HN2,2025-06-23
B0CC894HN2,2025-07-21
B0CC894HN2,2025-08-18
B0CC894HN2,2025-09-15
B0CC894HN2,2025-10-13
B0CC894HN2,2025-11-10
B0CC894HN2,2025-12-08
B0CC894HN2,2026-01-05
B0CC894HN2,2026-02-02
B0CC894HN2,2026-03-02
B0CC8B7D6Y,2025-04-28
B0CC8B7D6Y,2025-05-26
B0CC8B7D6Y,2025-06-23
B0CC8B7D6Y,2025-07-21
B0CC8B7D6Y,2025-08-18
B0CC8B7D6Y,2025-09-15
B0CC8B7D6Y,2025-10-13
B0CC8B7D6Y,2025-11-10
B0CC8B7D6Y,2025-12-08
B0CC8B7D6Y,2026-01-05
B0CC8B7D6Y,2026-02-02
B0CC8B7D6Y,2026-03-02
B0CC8HL1FG,2025-04-28
B0CC8HL1FG,2025-05-26
B0CC8HL1FG,2025-06-23
B0CC8HL1FG,2025-07-21
B0CC8HL1FG,2025-08-18
B0CC8HL1FG,2025-09-15
B0CC8HL1FG,2025-10-13
B0CC8HL1FG,2025-11-10
B0CC8HL1FG,2025-12-08
B0CC8HL1FG,2026-01-05
B0CC8HL1FG,2026-02-02
B0CC8HL1FG,2026-03-02
B0CC8MLP18,2025-04-28
B0CC8MLP18,2025-05-26
B0CC8MLP18,2025-06-23
B0CC8MLP18,2025-07-21
B0CC8MLP18,2025-08-18
B0CC8MLP18,2025-09-15
B0CC8MLP18,2025-10-13
B0CC8MLP18,2025-11-10
B0CC8MLP18,2025-12-08
B0CC8MLP18,2026-01-05
B0CC8MLP18,2026-02-02
B0CC8MLP18,2026-03-02
B0CC8P44NK,2025-04-28
B0CC8P44NK,2025-05-26
B0CC8P44NK,2025-06-23
B0CC8P44NK,2025-07-21
B0CC8P44NK,2025-08-18
B0CC8P44NK,2025-09-15
B0CC8P44NK,2025-10-13
B0CC8P44NK,2025-11-10
B0CC8P44NK,2025-12-08
B0CC8P44NK,2026-01-05
B0CC8P44NK,2026-02-02
B0CC8P44NK,2026-03-02
B0CC8X44YX,2025-04-28
B0CC8X44YX,2025-05-26
B0CC8X44YX,2025-06-23
B0CC8X44YX,2025-07-21
B0CC8X44YX,2025-08-18
B0CC8X44YX,2025-09-15
B0CC8X44YX,2025-10-13
B0CC8X44YX,2025-11-10
B0CC8X44YX,2025-12-08
B0CC8X44YX,2026-01-05
B0CC8X44YX,2026-02-02
B0CC8X44YX,2026-03-02
B0CCCY65VF,2025-04-28
B0CCCY65VF,2025-05-26
B0CCCY65VF,2025-06-23
B0CCCY65VF,2025-07-21
B0CCCY65VF,2025-08-18
B0CCCY65VF,2025-09-15
B0CCCY65VF,2025-10-13
B0CCCY65VF,2025-11-10
B0CCCY65VF,2025-12-08
B0CCCY65VF,2026-01-05
B0CCCY65VF,2026-02-02
B0CCCY65VF,2026-03-02
B0CCL7MPB3,2025-04-28
B0CCL7MPB3,2025-05-26
B0CCL7MPB3,2025-06-23
B0CCL7MPB3,2025-07-21
B0CCL7MPB3,2025-08-18
B0CCL7MPB3,2025-09-15
B0CCL7MPB3,2025-10-13
B0CCL7MPB3,2025-11-10
B0CCL7MPB3,2025-12-08
B0CCL7MPB3,2026-01-05
B0CCL7MPB3,2026-02-02
B0CCL7MPB3,2026-03-02
B0CCNCG75Y,2025-04-28
B0CCNCG75Y,2025-05-26
B0CCNCG75Y,2025-06-23
B0CCNCG75Y,2025-07-21
B0CCNCG75Y,2025-08-18
B0CCNCG75Y,2025-09-15
B0CCNCG75Y,2025-10-13
B0CCNCG75Y,2025-11-10
B0CCNCG75Y,2025-12-08
B0CCNCG75Y,2026-01-05
B0CCNCG75Y,2026-02-02
B0CCNCG75Y,2026-03-02
B0CCRZQLSJ,2025-04-28
B0CCRZQLSJ,2025-05-26
B0CCRZQLSJ,2025-06-23
B0CCRZQLSJ,2025-07-21
B0CCRZQLSJ,2025-08-18
B0CCRZQLSJ,2025-09-15
B0CCRZQLSJ,2025-10-13
B0CCRZQLSJ,2025-11-10
B0CCRZQLSJ,2025-12-08
B0CCRZQLSJ,2026-01-05
B0CCRZQLSJ,2026-02-02
B0CCRZQLSJ,2026-03-02
B0CCS6TNYJ,2025-04-28
B0CCS6TNYJ,2025-05-26
B0CCS6TNYJ,2025-06-23
B0CCS6TNYJ,2025-07-21
B0CCS6TNYJ,2025-08-18
B0CCS6TNYJ,2025-09-15
B0CCS6TNYJ,2025-10-13
B0CCS6TNYJ,2025-11-10
B0CCS6TNYJ,2025-12-08
B0CCS6TNYJ,2026-01-05
B0CCS6TNYJ,2026-02-02
B0CCS6TNYJ,2026-03-02
B0CCS9FC8B,2025-04-28
B0CCS9FC8B,2025-05-26
B0CCS9FC8B,2025-06-23
B0CCS9FC8B,2025-07-21
B0CCS9FC8B,2025-08-18
B0CCS9FC8B,2025-09-15
B0CCS9FC8B,2025-10-13
B0CCS9FC8B,2025-11-10
B0CCS9FC8B,2025-12-08
B0CCS9FC8B,2026-01-05
B0CCS9FC8B,2026-02-02
B0CCS9FC8B,2026-03-02
B0CD3VZK6K,2025-04-28
B0CD3VZK6K,2025-05-26
B0CD3VZK6K,2025-06-23
B0CD3VZK6K,2025-07-21
B0CD3VZK6K,2025-08-18
B0CD3VZK6K,2025-09-15
B0CD3VZK6K,2025-10-13
B0CD3VZK6K,2025-11-10
B0CD3VZK6K,2025-12-08
B0CD3VZK6K,2026-01-05
B0CD3VZK6K,2026-02-02
B0CD3VZK6K,2026-03-02
B0CD4BY1GF,2025-04-28
B0CD4BY1GF,2025-05-26
B0CD4BY1GF,2025-06-23
B0CD4BY1GF,2025-07-21
B0CD4BY1GF,2025-08-18
B0CD4BY1GF,2025-09-15
B0CD4BY1GF,2025-10-13
B0CD4BY1GF,2025-11-10
B0CD4BY1GF,2025-12-08
B0CD4BY1GF,2026-01-05
B0CD4BY1GF,2026-02-02
B0CD4BY1GF,2026-03-02
B0CD4CLX65,2025-04-28
B0CD4CLX65,2025-05-26
B0CD4CLX65,2025-06-23
B0CD4CLX65,2025-07-21
B0CD4CLX65,2025-08-18
B0CD4CLX65,2025-09-15
B0CD4CLX65,2025-10-13
B0CD4CLX65,2025-11-10
B0CD4CLX65,2025-12-08
B0CD4CLX65,2026-01-05
B0CD4CLX65,2026-02-02
B0CD4CLX65,2026-03-02
B0CD7NYXWW,2025-04-28
B0CD7NYXWW,2025-05-26
B0CD7NYXWW,2025-06-23
B0CD7NYXWW,2025-07-21
B0CD7NYXWW,2025-08-18
B0CD7NYXWW,2025-09-15
B0CD7NYXWW,2025-10-13
B0CD7NYXWW,2025-11-10
B0CD7NYXWW,2025-12-08
B0CD7NYXWW,2026-01-05
B0CD7NYXWW,2026-02-02
B0CD7NYXWW,2026-03-02
B0CDL3N8CT,2025-04-28
B0CDL3N8CT,2025-05-26
B0CDL3N8CT,2025-06-23
B0CDL3N8CT,2025-07-21
B0CDL3N8CT,2025-08-18
B0CDL3N8CT,2025-09-15
B0CDL3N8CT,2025-10-13
B0CDL3N8CT,2025-11-10
B0CDL3N8CT,2025-12-08
B0CDL3N8CT,2026-01-05
B0CDL3N8CT,2026-02-02
B0CDL3N8CT,2026-03-02
B0CDP9MYH1,2025-04-28
B0CDP9MYH1,2025-05-26
B0CDP9MYH1,2025-06-23
B0CDP9MYH1,2025-07-21
B0CDP9MYH1,2025-08-18
B0CDP9MYH1,2025-09-15
B0CDP9MYH1,2025-10-13
B0CDP9MYH1,2025-11-10
B0CDP9MYH1,2025-12-08
B0CDP9MYH1,2026-01-05
B0CDP9MYH1,2026-02-02
B0CDP9MYH1,2026-03-02
B0CDQXZT91,2025-04-28
B0CDQXZT91,2025-05-26
B0CDQXZT91,2025-06-23
B0CDQXZT91,2025-07-21
B0CDQXZT91,2025-08-18
B0CDQXZT91,2025-09-15
B0CDQXZT91,2025-10-13
B0CDQXZT91,2025-11-10
B0CDQXZT91,2025-12-08
B0CDQXZT91,2026-01-05
B0CDQXZT91,2026-02-02
B0CDQXZT91,2026-03-02
B0CF1Q6K42,2025-04-28
B0CF1Q6K42,2025-05-26
B0CF1Q6K42,2025-06-23
B0CF1Q6K42,2025-07-21
B0CF1Q6K42,2025-08-18
B0CF1Q6K42,2025-09-15
B0CF1Q6K42,2025-10-13
B0CF1Q6K42,2025-11-10
B0CF1Q6K42,2025-12-08
B0CF1Q6K42,2026-01-05
B0CF1Q6K42,2026-02-02
B0CF1Q6K42,2026-03-02
B0CF4487FN,2025-04-28
B0CF4487FN,2025-05-26
B0CF4487FN,2025-06-23
B0CF4487FN,2025-07-21
B0CF4487FN,2025-08-18
B0CF4487FN,2025-09-15
B0CF4487FN,2025-10-13
B0CF4487FN,2025-11-10
B0CF4487FN,2025-12-08
B0CF4487FN,2026-01-05
B0CF4487FN,2026-02-02
B0CF4487FN,2026-03-02
B0CF5LLHJ1,2025-04-28
B0CF5LLHJ1,2025-05-26
B0CF5LLHJ1,2025-06-23
B0CF5LLHJ1,2025-07-21
B0CF5LLHJ1,2025-08-18
B0CF5LLHJ1,2025-09-15
B0CF5LLHJ1,2025-10-13
B0CF5LLHJ1,2025-11-10
B0CF5LLHJ1,2025-12-08
B0CF5LLHJ1,2026-01-05
B0CF5LLHJ1,2026-02-02
B0CF5LLHJ1,2026-03-02
B0CFCYD1NT,2025-04-28
B0CFCYD1NT,2025-05-26
B0CFCYD1NT,2025-06-23
B0CFCYD1NT,2025-07-21
B0CFCYD1NT,2025-08-18
B0CFCYD1NT,2025-09-15
B0CFCYD1NT,2025-10-13
B0CFCYD1NT,2025-11-10
B0CFCYD1NT,2025-12-08
B0CFCYD1NT,2026-01-05
B0CFCYD1NT,2026-02-02
B0CFCYD1NT,2026-03-02
B0CFKSHFC1,2025-04-28
B0CFKSHFC1,2025-05-26
B0CFKSHFC1,2025-06-23
B0CFKSHFC1,2025-07-21
B0CFKSHFC1,2025-08-18
B0CFKSHFC1,2025-09-15
B0CFKSHFC1,2025-10-13
B0CFKSHFC1,2025-11-10
B0CFKSHFC1,2025-12-08
B0CFKSHFC1,2026-01-05
B0CFKSHFC1,2026-02-02
B0CFKSHFC1,2026-03-02
B0CFNM74QZ,2025-04-28
B0CFNM74QZ,2025-05-26
B0CFNM74QZ,2025-06-23
B0CFNM74QZ,2025-07-21
B0CFNM74QZ,2025-08-18
B0CFNM74QZ,2025-09-15
B0CFNM74QZ,2025-10-13
B0CFNM74QZ,2025-11-10
B0CFNM74QZ,2025-12-08
B0CFNM74QZ,2026-01-05
B0CFNM74QZ,2026-02-02
B0CFNM74QZ,2026-03-02
B0CFR1NS4R,2025-04-28
B0CFR1NS4R,2025-05-26
B0CFR1NS4R,2025-06-23
B0CFR1NS4R,2025-07-21
B0CFR1NS4R,2025-08-18
B0CFR1NS4R,2025-09-15
B0CFR1NS4R,2025-10-13
B0CFR1NS4R,2025-11-10
B0CFR1NS4R,2025-12-08
B0CFR1NS4R,2026-01-05
B0CFR1NS4R,2026-02-02
B0CFR1NS4R,2026-03-02
B0CFY8NF5L,2025-04-28
B0CFY8NF5L,2025-05-26
B0CFY8NF5L,2025-06-23
B0CFY8NF5L,2025-07-21
B0CFY8NF5L,2025-08-18
B0CFY8NF5L,2025-09-15
B0CFY8NF5L,2025-10-13
B0CFY8NF5L,2025-11-10
B0CFY8NF5L,2025-12-08
B0CFY8NF5L,2026-01-05
B0CFY8NF5L,2026-02-02
B0CFY8NF5L,2026-03-02
B0CFYBZCCT,2025-04-28
B0CFYBZCCT,2025-05-26
B0CFYBZCCT,2025-06-23
B0CFYBZCCT,2025-07-21
B0CFYBZCCT,2025-08-18
B0CFYBZCCT,2025-09-15
B0CFYBZCCT,2025-10-13
B0CFYBZCCT,2025-11-10
B0CFYBZCCT,2025-12-08
B0CFYBZCCT,2026-01-05
B0CFYBZCCT,2026-02-02
B0CFYBZCCT,2026-03-02
B0CFYCYM8D,2025-04-28
B0CFYCYM8D,2025-05-26
B0CFYCYM8D,2025-06-23
B0CFYCYM8D,2025-07-21
B0CFYCYM8D,2025-08-18
B0CFYCYM8D,2025-09-15
B0CFYCYM8D,2025-10-13
B0CFYCYM8D,2025-11-10
B0CFYCYM8D,2025-12-08
B0CFYCYM8D,2026-01-05
B0CFYCYM8D,2026-02-02
B0CFYCYM8D,2026-03-02
B0CFZRKTP3,2025-04-28
B0CFZRKTP3,2025-05-26
B0CFZRKTP3,2025-06-23
B0CFZRKTP3,2025-07-21
B0CFZRKTP3,2025-08-18
B0CFZRKTP3,2025-09-15
B0CFZRKTP3,2025-10-13
B0CFZRKTP3,2025-11-10
B0CFZRKTP3,2025-12-08
B0CFZRKTP3,2026-01-05
B0CFZRKTP3,2026-02-02
B0CFZRKTP3,2026-03-02
B0CFZVD9TY,2025-04-28
B0CFZVD9TY,2025-05-26
B0CFZVD9TY,2025-06-23
B0CFZVD9TY,2025-07-21
B0CFZVD9TY,2025-08-18
B0CFZVD9TY,2025-09-15
B0CFZVD9TY,2025-10-13
B0CFZVD9TY,2025-11-10
B0CFZVD9TY,2025-12-08
B0CFZVD9TY,2026-01-05
B0CFZVD9TY,2026-02-02
B0CFZVD9TY,2026-03-02
B0CFZVSYDB,2025-04-28
B0CFZVSYDB,2025-05-26
B0CFZVSYDB,2025-06-23
B0CFZVSYDB,2025-07-21
B0CFZVSYDB,2025-08-18
B0CFZVSYDB,2025-09-15
B0CFZVSYDB,2025-10-13
B0CFZVSYDB,2025-11-10
B0CFZVSYDB,2025-12-08
B0CFZVSYDB,2026-01-05
B0CFZVSYDB,2026-02-02
B0CFZVSYDB,2026-03-02
B0CFZXC1DM,2025-04-28
B0CFZXC1DM,2025-05-26
B0CFZXC1DM,2025-06-23
B0CFZXC1DM,2025-07-21
B0CFZXC1DM,2025-08-18
B0CFZXC1DM,2025-09-15
B0CFZXC1DM,2025-10-13
B0CFZXC1DM,2025-11-10
B0CFZXC1DM,2025-12-08
B0CFZXC1DM,2026-01-05
B0CFZXC1DM,2026-02-02
B0CFZXC1DM,2026-03-02
B0CFZYTYH5,2025-04-28
B0CFZYTYH5,2025-05-26
B0CFZYTYH5,2025-06-23
B0CFZYTYH5,2025-07-21
B0CFZYTYH5,2025-08-18
B0CFZYTYH5,2025-09-15
B0CFZYTYH5,2025-10-13
B0CFZYTYH5,2025-11-10
B0CFZYTYH5,2025-12-08
B0CFZYTYH5,2026-01-05
B0CFZYTYH5,2026-02-02
B0CFZYTYH5,2026-03-02
B0CG16YFSY,2025-04-28
B0CG16YFSY,2025-05-26
B0CG16YFSY,2025-06-23
B0CG16YFSY,2025-07-21
B0CG16YFSY,2025-08-18
B0CG16YFSY,2025-09-15
B0CG16YFSY,2025-10-13
B0CG16YFSY,2025-11-10
B0CG16YFSY,2025-12-08
B0CG16YFSY,2026-01-05
B0CG16YFSY,2026-02-02
B0CG16YFSY,2026-03-02
B0CG88NST7,2025-04-28
B0CG88NST7,2025-05-26
B0CG88NST7,2025-06-23
B0CG88NST7,2025-07-21
B0CG88NST7,2025-08-18
B0CG88NST7,2025-09-15
B0CG88NST7,2025-10-13
B0CG88NST7,2025-11-10
B0CG88NST7,2025-12-08
B0CG88NST7,2026-01-05
B0CG88NST7,2026-02-02
B0CG88NST7,2026-03-02
B0CGD5RP7G,2025-04-28
B0CGD5RP7G,2025-05-26
B0CGD5RP7G,2025-06-23
B0CGD5RP7G,2025-07-21
B0CGD5RP7G,2025-08-18
B0CGD5RP7G,2025-09-15
B0CGD5RP7G,2025-10-13
B0CGD5RP7G,2025-11-10
B0CGD5RP7G,2025-12-08
B0CGD5RP7G,2026-01-05
B0CGD5RP7G,2026-02-02
B0CGD5RP7G,2026-03-02
B0CGDPG4MT,2025-04-28
B0CGDPG4MT,2025-05-26
B0CGDPG4MT,2025-06-23
B0CGDPG4MT,2025-07-21
B0CGDPG4MT,2025-08-18
B0CGDPG4MT,2025-09-15
B0CGDPG4MT,2025-10-13
B0CGDPG4MT,2025-11-10
B0CGDPG4MT,2025-12-08
B0CGDPG4MT,2026-01-05
B0CGDPG4MT,2026-02-02
B0CGDPG4MT,2026-03-02
B0CGL6LSRR,2025-04-28
B0CGL6LSRR,2025-05-26
B0CGL6LSRR,2025-06-23
B0CGL6LSRR,2025-07-21
B0CGL6LSRR,2025-08-18
B0CGL6LSRR,2025-09-15
B0CGL6LSRR,2025-10-13
B0CGL6LSRR,2025-11-10
B0CGL6LSRR,2025-12-08
B0CGL6LSRR,2026-01-05
B0CGL6LSRR,2026-02-02
B0CGL6LSRR,2026-03-02
B0CGTYZVK3,2025-04-28
B0CGTYZVK3,2025-05-26
B0CGTYZVK3,2025-06-23
B0CGTYZVK3,2025-07-21
B0CGTYZVK3,2025-08-18
B0CGTYZVK3,2025-09-15
B0CGTYZVK3,2025-10-13
B0CGTYZVK3,2025-11-10
B0CGTYZVK3,2025-12-08
B0CGTYZVK3,2026-01-05
B0CGTYZVK3,2026-02-02
B0CGTYZVK3,2026-03-02
B0CGVG13Z1,2025-04-28
B0CGVG13Z1,2025-05-26
B0CGVG13Z1,2025-06-23
B0CGVG13Z1,2025-07-21
B0CGVG13Z1,2025-08-18
B0CGVG13Z1,2025-09-15
B0CGVG13Z1,2025-10-13
B0CGVG13Z1,2025-11-10
B0CGVG13Z1,2025-12-08
B0CGVG13Z1,2026-01-05
B0CGVG13Z1,2026-02-02
B0CGVG13Z1,2026-03-02
B0CGVZWSYV,2025-04-28
B0CGVZWSYV,2025-05-26
B0CGVZWSYV,2025-06-23
B0CGVZWSYV,2025-07-21
B0CGVZWSYV,2025-08-18
B0CGVZWSYV,2025-09-15
B0CGVZWSYV,2025-10-13
B0CGVZWSYV,2025-11-10
B0CGVZWSYV,2025-12-08
B0CGVZWSYV,2026-01-05
B0CGVZWSYV,2026-02-02
B0CGVZWSYV,2026-03-02
B0CGX25VG4,2025-04-28
B0CGX25VG4,2025-05-26
B0CGX25VG4,2025-06-23
B0CGX25VG4,2025-07-21
B0CGX25VG4,2025-08-18
B0CGX25VG4,2025-09-15
B0CGX25VG4,2025-10-13
B0CGX25VG4,2025-11-10
B0CGX25VG4,2025-12-08
B0CGX25VG4,2026-01-05
B0CGX25VG4,2026-02-02
B0CGX25VG4,2026-03-02
B0CGXFMYFP,2025-04-28
B0CGXFMYFP,2025-05-26
B0CGXFMYFP,2025-06-23
B0CGXFMYFP,2025-07-21
B0CGXFMYFP,2025-08-18
B0CGXFMYFP,2025-09-15
B0CGXFMYFP,2025-10-13
B0CGXFMYFP,2025-11-10
B0CGXFMYFP,2025-12-08
B0CGXFMYFP,2026-01-05
B0CGXFMYFP,2026-02-02
B0CGXFMYFP,2026-03-02
B0CGZDLF4L,2025-04-28
B0CGZDLF4L,2025-05-26
B0CGZDLF4L,2025-06-23
B0CGZDLF4L,2025-07-21
B0CGZDLF4L,2025-08-18
B0CGZDLF4L,2025-09-15
B0CGZDLF4L,2025-10-13
B0CGZDLF4L,2025-11-10
B0CGZDLF4L,2025-12-08
B0CGZDLF4L,2026-01-05
B0CGZDLF4L,2026-02-02
B0CGZDLF4L,2026-03-02
B0CH3C5KWV,2025-04-28
B0CH3C5KWV,2025-05-26
B0CH3C5KWV,2025-06-23
B0CH3C5KWV,2025-07-21
B0CH3C5KWV,2025-08-18
B0CH3C5KWV,2025-09-15
B0CH3C5KWV,2025-10-13
B0CH3C5KWV,2025-11-10
B0CH3C5KWV,2025-12-08
B0CH3C5KWV,2026-01-05
B0CH3C5KWV,2026-02-02
B0CH3C5KWV,2026-03-02
B0CH8G442G,2025-04-28
B0CH8G442G,2025-05-26
B0CH8G442G,2025-06-23
B0CH8G442G,2025-07-21
B0CH8G442G,2025-08-18
B0CH8G442G,2025-09-15
B0CH8G442G,2025-10-13
B0CH8G442G,2025-11-10
B0CH8G442G,2025-12-08
B0CH8G442G,2026-01-05
B0CH8G442G,2026-02-02
B0CH8G442G,2026-03-02
B0CH9FJY8V,2025-04-28
B0CH9FJY8V,2025-05-26
B0CH9FJY8V,2025-06-23
B0CH9FJY8V,2025-07-21
B0CH9FJY8V,2025-08-18
B0CH9FJY8V,2025-09-15
B0CH9FJY8V,2025-10-13
B0CH9FJY8V,2025-11-10
B0CH9FJY8V,2025-12-08
B0CH9FJY8V,2026-01-05
B0CH9FJY8V,2026-02-02
B0CH9FJY8V,2026-03-02
B0CH9YQWGB,2025-04-28
B0CH9YQWGB,2025-05-26
B0CH9YQWGB,2025-06-23
B0CH9YQWGB,2025-07-21
B0CH9YQWGB,2025-08-18
B0CH9YQWGB,2025-09-15
B0CH9YQWGB,2025-10-13
B0CH9YQWGB,2025-11-10
B0CH9YQWGB,2025-12-08
B0CH9YQWGB,2026-01-05
B0CH9YQWGB,2026-02-02
B0CH9YQWGB,2026-03-02
B0CHF9C67D,2025-04-28
B0CHF9C67D,2025-05-26
B0CHF9C67D,2025-06-23
B0CHF9C67D,2025-07-21
B0CHF9C67D,2025-08-18
B0CHF9C67D,2025-09-15
B0CHF9C67D,2025-10-13
B0CHF9C67D,2025-11-10
B0CHF9C67D,2025-12-08
B0CHF9C67D,2026-01-05
B0CHF9C67D,2026-02-02
B0CHF9C67D,2026-03-02
B0CHF9LZQP,2025-04-28
B0CHF9LZQP,2025-05-26
B0CHF9LZQP,2025-06-23
B0CHF9LZQP,2025-07-21
B0CHF9LZQP,2025-08-18
B0CHF9LZQP,2025-09-15
B0CHF9LZQP,2025-10-13
B0CHF9LZQP,2025-11-10
B0CHF9LZQP,2025-12-08
B0CHF9LZQP,2026-01-05
B0CHF9LZQP,2026-02-02
B0CHF9LZQP,2026-03-02
B0CHF9QYKZ,2025-04-28
B0CHF9QYKZ,2025-05-26
B0CHF9QYKZ,2025-06-23
B0CHF9QYKZ,2025-07-21
B0CHF9QYKZ,2025-08-18
B0CHF9QYKZ,2025-09-15
B0CHF9QYKZ,2025-10-13
B0CHF9QYKZ,2025-11-10
B0CHF9QYKZ,2025-12-08
B0CHF9QYKZ,2026-01-05
B0CHF9QYKZ,2026-02-02
B0CHF9QYKZ,2026-03-02
B0CHJJ7YS5,2025-04-28
B0CHJJ7YS5,2025-05-26
B0CHJJ7YS5,2025-06-23
B0CHJJ7YS5,2025-07-21
B0CHJJ7YS5,2025-08-18
B0CHJJ7YS5,2025-09-15
B0CHJJ7YS5,2025-10-13
B0CHJJ7YS5,2025-11-10
B0CHJJ7YS5,2025-12-08
B0CHJJ7YS5,2026-01-05
B0CHJJ7YS5,2026-02-02
B0CHJJ7YS5,2026-03-02
B0CHM29WCH,2025-04-28
B0CHM29WCH,2025-05-26
B0CHM29WCH,2025-06-23
B0CHM29WCH,2025-07-21
B0CHM29WCH,2025-08-18
B0CHM29WCH,2025-09-15
B0CHM29WCH,2025-10-13
B0CHM29WCH,2025-11-10
B0CHM29WCH,2025-12-08
B0CHM29WCH,2026-01-05
B0CHM29WCH,2026-02-02
B0CHM29WCH,2026-03-02
B0CHMQGJRY,2025-04-28
B0CHMQGJRY,2025-05-26
B0CHMQGJRY,2025-06-23
B0CHMQGJRY,2025-07-21
B0CHMQGJRY,2025-08-18
B0CHMQGJRY,2025-09-15
B0CHMQGJRY,2025-10-13
B0CHMQGJRY,2025-11-10
B0CHMQGJRY,2025-12-08
B0CHMQGJRY,2026-01-05
B0CHMQGJRY,2026-02-02
B0CHMQGJRY,2026-03-02
B0CHMS87S2,2025-04-28
B0CHMS87S2,2025-05-26
B0CHMS87S2,2025-06-23
B0CHMS87S2,2025-07-21
B0CHMS87S2,2025-08-18
B0CHMS87S2,2025-09-15
B0CHMS87S2,2025-10-13
B0CHMS87S2,2025-11-10
B0CHMS87S2,2025-12-08
B0CHMS87S2,2026-01-05
B0CHMS87S2,2026-02-02
B0CHMS87S2,2026-03-02
B0CHVSMH5M,2025-04-28
B0CHVSMH5M,2025-05-26
B0CHVSMH5M,2025-06-23
B0CHVSMH5M,2025-07-21
B0CHVSMH5M,2025-08-18
B0CHVSMH5M,2025-09-15
B0CHVSMH5M,2025-10-13
B0CHVSMH5M,2025-11-10
B0CHVSMH5M,2025-12-08
B0CHVSMH5M,2026-01-05
B0CHVSMH5M,2026-02-02
B0CHVSMH5M,2026-03-02
B0CHYBQBR7,2025-04-28
B0CHYBQBR7,2025-05-26
B0CHYBQBR7,2025-06-23
B0CHYBQBR7,2025-07-21
B0CHYBQBR7,2025-08-18
B0CHYBQBR7,2025-09-15
B0CHYBQBR7,2025-10-13
B0CHYBQBR7,2025-11-10
B0CHYBQBR7,2025-12-08
B0CHYBQBR7,2026-01-05
B0CHYBQBR7,2026-02-02
B0CHYBQBR7,2026-03-02
B0CHYKSB6M,2025-04-28
B0CHYKSB6M,2025-05-26
B0CHYKSB6M,2025-06-23
B0CHYKSB6M,2025-07-21
B0CHYKSB6M,2025-08-18
B0CHYKSB6M,2025-09-15
B0CHYKSB6M,2025-10-13
B0CHYKSB6M,2025-11-10
B0CHYKSB6M,2025-12-08
B0CHYKSB6M,2026-01-05
B0CHYKSB6M,2026-02-02
B0CHYKSB6M,2026-03-02
B0CHYMHQGL,2025-04-28
B0CHYMHQGL,2025-05-26
B0CHYMHQGL,2025-06-23
B0CHYMHQGL,2025-07-21
B0CHYMHQGL,2025-08-18
B0CHYMHQGL,2025-09-15
B0CHYMHQGL,2025-10-13
B0CHYMHQGL,2025-11-10
B0CHYMHQGL,2025-12-08
B0CHYMHQGL,2026-01-05
B0CHYMHQGL,2026-02-02
B0CHYMHQGL,2026-03-02
B0CHYV8M3V,2025-04-28
B0CHYV8M3V,2025-05-26
B0CHYV8M3V,2025-06-23
B0CHYV8M3V,2025-07-21
B0CHYV8M3V,2025-08-18
B0CHYV8M3V,2025-09-15
B0CHYV8M3V,2025-10-13
B0CHYV8M3V,2025-11-10
B0CHYV8M3V,2025-12-08
B0CHYV8M3V,2026-01-05
B0CHYV8M3V,2026-02-02
B0CHYV8M3V,2026-03-02
B0CJ2MJC8K,2025-04-28
B0CJ2MJC8K,2025-05-26
B0CJ2MJC8K,2025-06-23
B0CJ2MJC8K,2025-07-21
B0CJ2MJC8K,2025-08-18
B0CJ2MJC8K,2025-09-15
B0CJ2MJC8K,2025-10-13
B0CJ2MJC8K,2025-11-10
B0CJ2MJC8K,2025-12-08
B0CJ2MJC8K,2026-01-05
B0CJ2MJC8K,2026-02-02
B0CJ2MJC8K,2026-03-02
B0CJ32XDNZ,2025-04-28
B0CJ32XDNZ,2025-05-26
B0CJ32XDNZ,2025-06-23
B0CJ32XDNZ,2025-07-21
B0CJ32XDNZ,2025-08-18
B0CJ32XDNZ,2025-09-15
B0CJ32XDNZ,2025-10-13
B0CJ32XDNZ,2025-11-10
B0CJ32XDNZ,2025-12-08
B0CJ32XDNZ,2026-01-05
B0CJ32XDNZ,2026-02-02
B0CJ32XDNZ,2026-03-02
B0CJ3X6X44,2025-04-28
B0CJ3X6X44,2025-05-26
B0CJ3X6X44,2025-06-23
B0CJ3X6X44,2025-07-21
B0CJ3X6X44,2025-08-18
B0CJ3X6X44,2025-09-15
B0CJ3X6X44,2025-10-13
B0CJ3X6X44,2025-11-10
B0CJ3X6X44,2025-12-08
B0CJ3X6X44,2026-01-05
B0CJ3X6X44,2026-02-02
B0CJ3X6X44,2026-03-02
B0CJ3YKR4P,2025-04-28
B0CJ3YKR4P,2025-05-26
B0CJ3YKR4P,2025-06-23
B0CJ3YKR4P,2025-07-21
B0CJ3YKR4P,2025-08-18
B0CJ3YKR4P,2025-09-15
B0CJ3YKR4P,2025-10-13
B0CJ3YKR4P,2025-11-10
B0CJ3YKR4P,2025-12-08
B0CJ3YKR4P,2026-01-05
B0CJ3YKR4P,2026-02-02
B0CJ3YKR4P,2026-03-02
B0CJ5J22RP,2025-04-28
B0CJ5J22RP,2025-05-26
B0CJ5J22RP,2025-06-23
B0CJ5J22RP,2025-07-21
B0CJ5J22RP,2025-08-18
B0CJ5J22RP,2025-09-15
B0CJ5J22RP,2025-10-13
B0CJ5J22RP,2025-11-10
B0CJ5J22RP,2025-12-08
B0CJ5J22RP,2026-01-05
B0CJ5J22RP,2026-02-02
B0CJ5J22RP,2026-03-02
B0CJ5J7NJ5,2025-04-28
B0CJ5J7NJ5,2025-05-26
B0CJ5J7NJ5,2025-06-23
B0CJ5J7NJ5,2025-07-21
B0CJ5J7NJ5,2025-08-18
B0CJ5J7NJ5,2025-09-15
B0CJ5J7NJ5,2025-10-13
B0CJ5J7NJ5,2025-11-10
B0CJ5J7NJ5,2025-12-08
B0CJ5J7NJ5,2026-01-05
B0CJ5J7NJ5,2026-02-02
B0CJ5J7NJ5,2026-03-02
B0CJFD29TX,2025-04-28
B0CJFD29TX,2025-05-26
B0CJFD29TX,2025-06-23
B0CJFD29TX,2025-07-21
B0CJFD29TX,2025-08-18
B0CJFD29TX,2025-09-15
B0CJFD29TX,2025-10-13
B0CJFD29TX,2025-11-10
B0CJFD29TX,2025-12-08
B0CJFD29TX,2026-01-05
B0CJFD29TX,2026-02-02
B0CJFD29TX,2026-03-02
B0CJFJYSKF,2025-04-28
B0CJFJYSKF,2025-05-26
B0CJFJYSKF,2025-06-23
B0CJFJYSKF,2025-07-21
B0CJFJYSKF,2025-08-18
B0CJFJYSKF,2025-09-15
B0CJFJYSKF,2025-10-13
B0CJFJYSKF,2025-11-10
B0CJFJYSKF,2025-12-08
B0CJFJYSKF,2026-01-05
B0CJFJYSKF,2026-02-02
B0CJFJYSKF,2026-03-02
B0CJFK4LSX,2025-04-28
B0CJFK4LSX,2025-05-26
B0CJFK4LSX,2025-06-23
B0CJFK4LSX,2025-07-21
B0CJFK4LSX,2025-08-18
B0CJFK4LSX,2025-09-15
B0CJFK4LSX,2025-10-13
B0CJFK4LSX,2025-11-10
B0CJFK4LSX,2025-12-08
B0CJFK4LSX,2026-01-05
B0CJFK4LSX,2026-02-02
B0CJFK4LSX,2026-03-02
B0CJGQGWPM,2025-04-28
B0CJGQGWPM,2025-05-26
B0CJGQGWPM,2025-06-23
B0CJGQGWPM,2025-07-21
B0CJGQGWPM,2025-08-18
B0CJGQGWPM,2025-09-15
B0CJGQGWPM,2025-10-13
B0CJGQGWPM,2025-11-10
B0CJGQGWPM,2025-12-08
B0CJGQGWPM,2026-01-05
B0CJGQGWPM,2026-02-02
B0CJGQGWPM,2026-03-02
B0CJH4V1QT,2025-04-28
B0CJH4V1QT,2025-05-26
B0CJH4V1QT,2025-06-23
B0CJH4V1QT,2025-07-21
B0CJH4V1QT,2025-08-18
B0CJH4V1QT,2025-09-15
B0CJH4V1QT,2025-10-13
B0CJH4V1QT,2025-11-10
B0CJH4V1QT,2025-12-08
B0CJH4V1QT,2026-01-05
B0CJH4V1QT,2026-02-02
B0CJH4V1QT,2026-03-02
B0CJJ2BDHL,2025-04-28
B0CJJ2BDHL,2025-05-26
B0CJJ2BDHL,2025-06-23
B0CJJ2BDHL,2025-07-21
B0CJJ2BDHL,2025-08-18
B0CJJ2BDHL,2025-09-15
B0CJJ2BDHL,2025-10-13
B0CJJ2BDHL,2025-11-10
B0CJJ2BDHL,2025-12-08
B0CJJ2BDHL,2026-01-05
B0CJJ2BDHL,2026-02-02
B0CJJ2BDHL,2026-03-02
B0CJRZM8GS,2025-04-28
B0CJRZM8GS,2025-05-26
B0CJRZM8GS,2025-06-23
B0CJRZM8GS,2025-07-21
B0CJRZM8GS,2025-08-18
B0CJRZM8GS,2025-09-15
B0CJRZM8GS,2025-10-13
B0CJRZM8GS,2025-11-10
B0CJRZM8GS,2025-12-08
B0CJRZM8GS,2026-01-05
B0CJRZM8GS,2026-02-02
B0CJRZM8GS,2026-03-02
B0CJT9Y761,2025-04-28
B0CJT9Y761,2025-05-26
B0CJT9Y761,2025-06-23
B0CJT9Y761,2025-07-21
B0CJT9Y761,2025-08-18
B0CJT9Y761,2025-09-15
B0CJT9Y761,2025-10-13
B0CJT9Y761,2025-11-10
B0CJT9Y761,2025-12-08
B0CJT9Y761,2026-01-05
B0CJT9Y761,2026-02-02
B0CJT9Y761,2026-03-02
B0CJTB87HR,2025-04-28
B0CJTB87HR,2025-05-26
B0CJTB87HR,2025-06-23
B0CJTB87HR,2025-07-21
B0CJTB87HR,2025-08-18
B0CJTB87HR,2025-09-15
B0CJTB87HR,2025-10-13
B0CJTB87HR,2025-11-10
B0CJTB87HR,2025-12-08
B0CJTB87HR,2026-01-05
B0CJTB87HR,2026-02-02
B0CJTB87HR,2026-03-02
B0CJWW7V4S,2025-04-28
B0CJWW7V4S,2025-05-26
B0CJWW7V4S,2025-06-23
B0CJWW7V4S,2025-07-21
B0CJWW7V4S,2025-08-18
B0CJWW7V4S,2025-09-15
B0CJWW7V4S,2025-10-13
B0CJWW7V4S,2025-11-10
B0CJWW7V4S,2025-12-08
B0CJWW7V4S,2026-01-05
B0CJWW7V4S,2026-02-02
B0CJWW7V4S,2026-03-02
B0CJX6YQ43,2025-04-28
B0CJX6YQ43,2025-05-26
B0CJX6YQ43,2025-06-23
B0CJX6YQ43,2025-07-21
B0CJX6YQ43,2025-08-18
B0CJX6YQ43,2025-09-15
B0CJX6YQ43,2025-10-13
B0CJX6YQ43,2025-11-10
B0CJX6YQ43,2025-12-08
B0CJX6YQ43,2026-01-05
B0CJX6YQ43,2026-02-02
B0CJX6YQ43,2026-03-02
B0CJY3L815,2025-04-28
B0CJY3L815,2025-05-26
B0CJY3L815,2025-06-23
B0CJY3L815,2025-07-21
B0CJY3L815,2025-08-18
B0CJY3L815,2025-09-15
B0CJY3L815,2025-10-13
B0CJY3L815,2025-11-10
B0CJY3L815,2025-12-08
B0CJY3L815,2026-01-05
B0CJY3L815,2026-02-02
B0CJY3L815,2026-03-02
B0CK1HM6J8,2025-04-28
B0CK1HM6J8,2025-05-26
B0CK1HM6J8,2025-06-23
B0CK1HM6J8,2025-07-21
B0CK1HM6J8,2025-08-18
B0CK1HM6J8,2025-09-15
B0CK1HM6J8,2025-10-13
B0CK1HM6J8,2025-11-10
B0CK1HM6J8,2025-12-08
B0CK1HM6J8,2026-01-05
B0CK1HM6J8,2026-02-02
B0CK1HM6J8,2026-03-02
B0CK9JJ9NZ,2025-04-28
B0CK9JJ9NZ,2025-05-26
B0CK9JJ9NZ,2025-06-23
B0CK9JJ9NZ,2025-07-21
B0CK9JJ9NZ,2025-08-18
B0CK9JJ9NZ,2025-09-15
B0CK9JJ9NZ,2025-10-13
B0CK9JJ9NZ,2025-11-10
B0CK9JJ9NZ,2025-12-08
B0CK9JJ9NZ,2026-01-05
B0CK9JJ9NZ,2026-02-02
B0CK9JJ9NZ,2026-03-02
B0CKDZF3JT,2025-04-28
B0CKDZF3JT,2025-05-26
B0CKDZF3JT,2025-06-23
B0CKDZF3JT,2025-07-21
B0CKDZF3JT,2025-08-18
B0CKDZF3JT,2025-09-15
B0CKDZF3JT,2025-10-13
B0CKDZF3JT,2025-11-10
B0CKDZF3JT,2025-12-08
B0CKDZF3JT,2026-01-05
B0CKDZF3JT,2026-02-02
B0CKDZF3JT,2026-03-02
B0CKF1YRQ9,2025-04-28
B0CKF1YRQ9,2025-05-26
B0CKF1YRQ9,2025-06-23
B0CKF1YRQ9,2025-07-21
B0CKF1YRQ9,2025-08-18
B0CKF1YRQ9,2025-09-15
B0CKF1YRQ9,2025-10-13
B0CKF1YRQ9,2025-11-10
B0CKF1YRQ9,2025-12-08
B0CKF1YRQ9,2026-01-05
B0CKF1YRQ9,2026-02-02
B0CKF1YRQ9,2026-03-02
B0CKF2K3PC,2025-04-28
B0CKF2K3PC,2025-05-26
B0CKF2K3PC,2025-06-23
B0CKF2K3PC,2025-07-21
B0CKF2K3PC,2025-08-18
B0CKF2K3PC,2025-09-15
B0CKF2K3PC,2025-10-13
B0CKF2K3PC,2025-11-10
B0CKF2K3PC,2025-12-08
B0CKF2K3PC,2026-01-05
B0CKF2K3PC,2026-02-02
B0CKF2K3PC,2026-03-02
B0CKGF88DF,2025-04-28
B0CKGF88DF,2025-05-26
B0CKGF88DF,2025-06-23
B0CKGF88DF,2025-07-21
B0CKGF88DF,2025-08-18
B0CKGF88DF,2025-09-15
B0CKGF88DF,2025-10-13
B0CKGF88DF,2025-11-10
B0CKGF88DF,2025-12-08
B0CKGF88DF,2026-01-05
B0CKGF88DF,2026-02-02
B0CKGF88DF,2026-03-02
B0CKJMP5ZP,2025-04-28
B0CKJMP5ZP,2025-05-26
B0CKJMP5ZP,2025-06-23
B0CKJMP5ZP,2025-07-21
B0CKJMP5ZP,2025-08-18
B0CKJMP5ZP,2025-09-15
B0CKJMP5ZP,2025-10-13
B0CKJMP5ZP,2025-11-10
B0CKJMP5ZP,2025-12-08
B0CKJMP5ZP,2026-01-05
B0CKJMP5ZP,2026-02-02
B0CKJMP5ZP,2026-03-02
B0CKK2VHCN,2025-04-28
B0CKK2VHCN,2025-05-26
B0CKK2VHCN,2025-06-23
B0CKK2VHCN,2025-07-21
B0CKK2VHCN,2025-08-18
B0CKK2VHCN,2025-09-15
B0CKK2VHCN,2025-10-13
B0CKK2VHCN,2025-11-10
B0CKK2VHCN,2025-12-08
B0CKK2VHCN,2026-01-05
B0CKK2VHCN,2026-02-02
B0CKK2VHCN,2026-03-02
B0CKKFDQDN,2025-04-28
B0CKKFDQDN,2025-05-26
B0CKKFDQDN,2025-06-23
B0CKKFDQDN,2025-07-21
B0CKKFDQDN,2025-08-18
B0CKKFDQDN,2025-09-15
B0CKKFDQDN,2025-10-13
B0CKKFDQDN,2025-11-10
B0CKKFDQDN,2025-12-08
B0CKKFDQDN,2026-01-05
B0CKKFDQDN,2026-02-02
B0CKKFDQDN,2026-03-02
B0CKM3T26N,2025-04-28
B0CKM3T26N,2025-05-26
B0CKM3T26N,2025-06-23
B0CKM3T26N,2025-07-21
B0CKM3T26N,2025-08-18
B0CKM3T26N,2025-09-15
B0CKM3T26N,2025-10-13
B0CKM3T26N,2025-11-10
B0CKM3T26N,2025-12-08
B0CKM3T26N,2026-01-05
B0CKM3T26N,2026-02-02
B0CKM3T26N,2026-03-02
B0CKM43P13,2025-04-28
B0CKM43P13,2025-05-26
B0CKM43P13,2025-06-23
B0CKM43P13,2025-07-21
B0CKM43P13,2025-08-18
B0CKM43P13,2025-09-15
B0CKM43P13,2025-10-13
B0CKM43P13,2025-11-10
B0CKM43P13,2025-12-08
B0CKM43P13,2026-01-05
B0CKM43P13,2026-02-02
B0CKM43P13,2026-03-02
B0CKN1Y72G,2025-04-28
B0CKN1Y72G,2025-05-26
B0CKN1Y72G,2025-06-23
B0CKN1Y72G,2025-07-21
B0CKN1Y72G,2025-08-18
B0CKN1Y72G,2025-09-15
B0CKN1Y72G,2025-10-13
B0CKN1Y72G,2025-11-10
B0CKN1Y72G,2025-12-08
B0CKN1Y72G,2026-01-05
B0CKN1Y72G,2026-02-02
B0CKN1Y72G,2026-03-02
B0CKN444V4,2025-04-28
B0CKN444V4,2025-05-26
B0CKN444V4,2025-06-23
B0CKN444V4,2025-07-21
B0CKN444V4,2025-08-18
B0CKN444V4,2025-09-15
B0CKN444V4,2025-10-13
B0CKN444V4,2025-11-10
B0CKN444V4,2025-12-08
B0CKN444V4,2026-01-05
B0CKN444V4,2026-02-02
B0CKN444V4,2026-03-02
B0CKN451MG,2025-04-28
B0CKN451MG,2025-05-26
B0CKN451MG,2025-06-23
B0CKN451MG,2025-07-21
B0CKN451MG,2025-08-18
B0CKN451MG,2025-09-15
B0CKN451MG,2025-10-13
B0CKN451MG,2025-11-10
B0CKN451MG,2025-12-08
B0CKN451MG,2026-01-05
B0CKN451MG,2026-02-02
B0CKN451MG,2026-03-02
B0CKR9SQGR,2025-04-28
B0CKR9SQGR,2025-05-26
B0CKR9SQGR,2025-06-23
B0CKR9SQGR,2025-07-21
B0CKR9SQGR,2025-08-18
B0CKR9SQGR,2025-09-15
B0CKR9SQGR,2025-10-13
B0CKR9SQGR,2025-11-10
B0CKR9SQGR,2025-12-08
B0CKR9SQGR,2026-01-05
B0CKR9SQGR,2026-02-02
B0CKR9SQGR,2026-03-02
B0CKRB7JW8,2025-04-28
B0CKRB7JW8,2025-05-26
B0CKRB7JW8,2025-06-23
B0CKRB7JW8,2025-07-21
B0CKRB7JW8,2025-08-18
B0CKRB7JW8,2025-09-15
B0CKRB7JW8,2025-10-13
B0CKRB7JW8,2025-11-10
B0CKRB7JW8,2025-12-08
B0CKRB7JW8,2026-01-05
B0CKRB7JW8,2026-02-02
B0CKRB7JW8,2026-03-02
B0CKVKZC78,2025-04-28
B0CKVKZC78,2025-05-26
B0CKVKZC78,2025-06-23
B0CKVKZC78,2025-07-21
B0CKVKZC78,2025-08-18
B0CKVKZC78,2025-09-15
B0CKVKZC78,2025-10-13
B0CKVKZC78,2025-11-10
B0CKVKZC78,2025-12-08
B0CKVKZC78,2026-01-05
B0CKVKZC78,2026-02-02
B0CKVKZC78,2026-03-02
B0CKWXNRVB,2025-04-28
B0CKWXNRVB,2025-05-26
B0CKWXNRVB,2025-06-23
B0CKWXNRVB,2025-07-21
B0CKWXNRVB,2025-08-18
B0CKWXNRVB,2025-09-15
B0CKWXNRVB,2025-10-13
B0CKWXNRVB,2025-11-10
B0CKWXNRVB,2025-12-08
B0CKWXNRVB,2026-01-05
B0CKWXNRVB,2026-02-02
B0CKWXNRVB,2026-03-02
B0CKWXVG35,2025-04-28
B0CKWXVG35,2025-05-26
B0CKWXVG35,2025-06-23
B0CKWXVG35,2025-07-21
B0CKWXVG35,2025-08-18
B0CKWXVG35,2025-09-15
B0CKWXVG35,2025-10-13
B0CKWXVG35,2025-11-10
B0CKWXVG35,2025-12-08
B0CKWXVG35,2026-01-05
B0CKWXVG35,2026-02-02
B0CKWXVG35,2026-03-02
B0CKX2BF79,2025-04-28
B0CKX2BF79,2025-05-26
B0CKX2BF79,2025-06-23
B0CKX2BF79,2025-07-21
B0CKX2BF79,2025-08-18
B0CKX2BF79,2025-09-15
B0CKX2BF79,2025-10-13
B0CKX2BF79,2025-11-10
B0CKX2BF79,2025-12-08
B0CKX2BF79,2026-01-05
B0CKX2BF79,2026-02-02
B0CKX2BF79,2026-03-02
B0CKXFNGK4,2025-04-28
B0CKXFNGK4,2025-05-26
B0CKXFNGK4,2025-06-23
B0CKXFNGK4,2025-07-21
B0CKXFNGK4,2025-08-18
B0CKXFNGK4,2025-09-15
B0CKXFNGK4,2025-10-13
B0CKXFNGK4,2025-11-10
B0CKXFNGK4,2025-12-08
B0CKXFNGK4,2026-01-05
B0CKXFNGK4,2026-02-02
B0CKXFNGK4,2026-03-02
B0CKYJMM5F,2025-04-28
B0CKYJMM5F,2025-05-26
B0CKYJMM5F,2025-06-23
B0CKYJMM5F,2025-07-21
B0CKYJMM5F,2025-08-18
B0CKYJMM5F,2025-09-15
B0CKYJMM5F,2025-10-13
B0CKYJMM5F,2025-11-10
B0CKYJMM5F,2025-12-08
B0CKYJMM5F,2026-01-05
B0CKYJMM5F,2026-02-02
B0CKYJMM5F,2026-03-02
B0CKYX9NKP,2025-04-28
B0CKYX9NKP,2025-05-26
B0CKYX9NKP,2025-06-23
B0CKYX9NKP,2025-07-21
B0CKYX9NKP,2025-08-18
B0CKYX9NKP,2025-09-15
B0CKYX9NKP,2025-10-13
B0CKYX9NKP,2025-11-10
B0CKYX9NKP,2025-12-08
B0CKYX9NKP,2026-01-05
B0CKYX9NKP,2026-02-02
B0CKYX9NKP,2026-03-02
B0CKYY6J7K,2025-04-28
B0CKYY6J7K,2025-05-26
B0CKYY6J7K,2025-06-23
B0CKYY6J7K,2025-07-21
B0CKYY6J7K,2025-08-18
B0CKYY6J7K,2025-09-15
B0CKYY6J7K,2025-10-13
B0CKYY6J7K,2025-11-10
B0CKYY6J7K,2025-12-08
B0CKYY6J7K,2026-01-05
B0CKYY6J7K,2026-02-02
B0CKYY6J7K,2026-03-02
B0CL222CB1,2025-04-28
B0CL222CB1,2025-05-26
B0CL222CB1,2025-06-23
B0CL222CB1,2025-07-21
B0CL222CB1,2025-08-18
B0CL222CB1,2025-09-15
B0CL222CB1,2025-10-13
B0CL222CB1,2025-11-10
B0CL222CB1,2025-12-08
B0CL222CB1,2026-01-05
B0CL222CB1,2026-02-02
B0CL222CB1,2026-03-02
B0CL26TR7Z,2025-04-28
B0CL26TR7Z,2025-05-26
B0CL26TR7Z,2025-06-23
B0CL26TR7Z,2025-07-21
B0CL26TR7Z,2025-08-18
B0CL26TR7Z,2025-09-15
B0CL26TR7Z,2025-10-13
B0CL26TR7Z,2025-11-10
B0CL26TR7Z,2025-12-08
B0CL26TR7Z,2026-01-05
B0CL26TR7Z,2026-02-02
B0CL26TR7Z,2026-03-02
B0CL7S6BX5,2025-04-28
B0CL7S6BX5,2025-05-26
B0CL7S6BX5,2025-06-23
B0CL7S6BX5,2025-07-21
B0CL7S6BX5,2025-08-18
B0CL7S6BX5,2025-09-15
B0CL7S6BX5,2025-10-13
B0CL7S6BX5,2025-11-10
B0CL7S6BX5,2025-12-08
B0CL7S6BX5,2026-01-05
B0CL7S6BX5,2026-02-02
B0CL7S6BX5,2026-03-02
B0CL8L9NVL,2025-04-28
B0CL8L9NVL,2025-05-26
B0CL8L9NVL,2025-06-23
B0CL8L9NVL,2025-07-21
B0CL8L9NVL,2025-08-18
B0CL8L9NVL,2025-09-15
B0CL8L9NVL,2025-10-13
B0CL8L9NVL,2025-11-10
B0CL8L9NVL,2025-12-08
B0CL8L9NVL,2026-01-05
B0CL8L9NVL,2026-02-02
B0CL8L9NVL,2026-03-02
B0CL8M5GPK,2025-04-28
B0CL8M5GPK,2025-05-26
B0CL8M5GPK,2025-06-23
B0CL8M5GPK,2025-07-21
B0CL8M5GPK,2025-08-18
B0CL8M5GPK,2025-09-15
B0CL8M5GPK,2025-10-13
B0CL8M5GPK,2025-11-10
B0CL8M5GPK,2025-12-08
B0CL8M5GPK,2026-01-05
B0CL8M5GPK,2026-02-02
B0CL8M5GPK,2026-03-02
B0CL8ZPQBY,2025-04-28
B0CL8ZPQBY,2025-05-26
B0CL8ZPQBY,2025-06-23
B0CL8ZPQBY,2025-07-21
B0CL8ZPQBY,2025-08-18
B0CL8ZPQBY,2025-09-15
B0CL8ZPQBY,2025-10-13
B0CL8ZPQBY,2025-11-10
B0CL8ZPQBY,2025-12-08
B0CL8ZPQBY,2026-01-05
B0CL8ZPQBY,2026-02-02
B0CL8ZPQBY,2026-03-02
B0CL9FYXHR,2025-04-28
B0CL9FYXHR,2025-05-26
B0CL9FYXHR,2025-06-23
B0CL9FYXHR,2025-07-21
B0CL9FYXHR,2025-08-18
B0CL9FYXHR,2025-09-15
B0CL9FYXHR,2025-10-13
B0CL9FYXHR,2025-11-10
B0CL9FYXHR,2025-12-08
B0CL9FYXHR,2026-01-05
B0CL9FYXHR,2026-02-02
B0CL9FYXHR,2026-03-02
B0CL9ZLT7G,2025-04-28
B0CL9ZLT7G,2025-05-26
B0CL9ZLT7G,2025-06-23
B0CL9ZLT7G,2025-07-21
B0CL9ZLT7G,2025-08-18
B0CL9ZLT7G,2025-09-15
B0CL9ZLT7G,2025-10-13
B0CL9ZLT7G,2025-11-10
B0CL9ZLT7G,2025-12-08
B0CL9ZLT7G,2026-01-05
B0CL9ZLT7G,2026-02-02
B0CL9ZLT7G,2026-03-02
B0CLB17MV2,2025-04-28
B0CLB17MV2,2025-05-26
B0CLB17MV2,2025-06-23
B0CLB17MV2,2025-07-21
B0CLB17MV2,2025-08-18
B0CLB17MV2,2025-09-15
B0CLB17MV2,2025-10-13
B0CLB17MV2,2025-11-10
B0CLB17MV2,2025-12-08
B0CLB17MV2,2026-01-05
B0CLB17MV2,2026-02-02
B0CLB17MV2,2026-03-02
B0CLDZZ1MD,2025-04-28
B0CLDZZ1MD,2025-05-26
B0CLDZZ1MD,2025-06-23
B0CLDZZ1MD,2025-07-21
B0CLDZZ1MD,2025-08-18
B0CLDZZ1MD,2025-09-15
B0CLDZZ1MD,2025-10-13
B0CLDZZ1MD,2025-11-10
B0CLDZZ1MD,2025-12-08
B0CLDZZ1MD,2026-01-05
B0CLDZZ1MD,2026-02-02
B0CLDZZ1MD,2026-03-02
B0CLF2X6JB,2025-04-28
B0CLF2X6JB,2025-05-26
B0CLF2X6JB,2025-06-23
B0CLF2X6JB,2025-07-21
B0CLF2X6JB,2025-08-18
B0CLF2X6JB,2025-09-15
B0CLF2X6JB,2025-10-13
B0CLF2X6JB,2025-11-10
B0CLF2X6JB,2025-12-08
B0CLF2X6JB,2026-01-05
B0CLF2X6JB,2026-02-02
B0CLF2X6JB,2026-03-02
B0CLHYL6ND,2025-04-28
B0CLHYL6ND,2025-05-26
B0CLHYL6ND,2025-06-23
B0CLHYL6ND,2025-07-21
B0CLHYL6ND,2025-08-18
B0CLHYL6ND,2025-09-15
B0CLHYL6ND,2025-10-13
B0CLHYL6ND,2025-11-10
B0CLHYL6ND,2025-12-08
B0CLHYL6ND,2026-01-05
B0CLHYL6ND,2026-02-02
B0CLHYL6ND,2026-03-02
B0CLJ93FK9,2025-04-28
B0CLJ93FK9,2025-05-26
B0CLJ93FK9,2025-06-23
B0CLJ93FK9,2025-07-21
B0CLJ93FK9,2025-08-18
B0CLJ93FK9,2025-09-15
B0CLJ93FK9,2025-10-13
B0CLJ93FK9,2025-11-10
B0CLJ93FK9,2025-12-08
B0CLJ93FK9,2026-01-05
B0CLJ93FK9,2026-02-02
B0CLJ93FK9,2026-03-02
B0CLJHRN1F,2025-04-28
B0CLJHRN1F,2025-05-26
B0CLJHRN1F,2025-06-23
B0CLJHRN1F,2025-07-21
B0CLJHRN1F,2025-08-18
B0CLJHRN1F,2025-09-15
B0CLJHRN1F,2025-10-13
B0CLJHRN1F,2025-11-10
B0CLJHRN1F,2025-12-08
B0CLJHRN1F,2026-01-05
B0CLJHRN1F,2026-02-02
B0CLJHRN1F,2026-03-02
B0CLKNG5KQ,2025-04-28
B0CLKNG5KQ,2025-05-26
B0CLKNG5KQ,2025-06-23
B0CLKNG5KQ,2025-07-21
B0CLKNG5KQ,2025-08-18
B0CLKNG5KQ,2025-09-15
B0CLKNG5KQ,2025-10-13
B0CLKNG5KQ,2025-11-10
B0CLKNG5KQ,2025-12-08
B0CLKNG5KQ,2026-01-05
B0CLKNG5KQ,2026-02-02
B0CLKNG5KQ,2026-03-02
B0CLRK1GQ4,2025-04-28
B0CLRK1GQ4,2025-05-26
B0CLRK1GQ4,2025-06-23
B0CLRK1GQ4,2025-07-21
B0CLRK1GQ4,2025-08-18
B0CLRK1GQ4,2025-09-15
B0CLRK1GQ4,2025-10-13
B0CLRK1GQ4,2025-11-10
B0CLRK1GQ4,2025-12-08
B0CLRK1GQ4,2026-01-05
B0CLRK1GQ4,2026-02-02
B0CLRK1GQ4,2026-03-02
B0CLRWBCYM,2025-04-28
B0CLRWBCYM,2025-05-26
B0CLRWBCYM,2025-06-23
B0CLRWBCYM,2025-07-21
B0CLRWBCYM,2025-08-18
B0CLRWBCYM,2025-09-15
B0CLRWBCYM,2025-10-13
B0CLRWBCYM,2025-11-10
B0CLRWBCYM,2025-12-08
B0CLRWBCYM,2026-01-05
B0CLRWBCYM,2026-02-02
B0CLRWBCYM,2026-03-02
B0CLXWJWQD,2025-04-28
B0CLXWJWQD,2025-05-26
B0CLXWJWQD,2025-06-23
B0CLXWJWQD,2025-07-21
B0CLXWJWQD,2025-08-18
B0CLXWJWQD,2025-09-15
B0CLXWJWQD,2025-10-13
B0CLXWJWQD,2025-11-10
B0CLXWJWQD,2025-12-08
B0CLXWJWQD,2026-01-05
B0CLXWJWQD,2026-02-02
B0CLXWJWQD,2026-03-02
B0CLXWT84G,2025-04-28
B0CLXWT84G,2025-05-26
B0CLXWT84G,2025-06-23
B0CLXWT84G,2025-07-21
B0CLXWT84G,2025-08-18
B0CLXWT84G,2025-09-15
B0CLXWT84G,2025-10-13
B0CLXWT84G,2025-11-10
B0CLXWT84G,2025-12-08
B0CLXWT84G,2026-01-05
B0CLXWT84G,2026-02-02
B0CLXWT84G,2026-03-02
B0CM2YBW8L,2025-04-28
B0CM2YBW8L,2025-05-26
B0CM2YBW8L,2025-06-23
B0CM2YBW8L,2025-07-21
B0CM2YBW8L,2025-08-18
B0CM2YBW8L,2025-09-15
B0CM2YBW8L,2025-10-13
B0CM2YBW8L,2025-11-10
B0CM2YBW8L,2025-12-08
B0CM2YBW8L,2026-01-05
B0CM2YBW8L,2026-02-02
B0CM2YBW8L,2026-03-02
B0CM3P2W2C,2025-04-28
B0CM3P2W2C,2025-05-26
B0CM3P2W2C,2025-06-23
B0CM3P2W2C,2025-07-21
B0CM3P2W2C,2025-08-18
B0CM3P2W2C,2025-09-15
B0CM3P2W2C,2025-10-13
B0CM3P2W2C,2025-11-10
B0CM3P2W2C,2025-12-08
B0CM3P2W2C,2026-01-05
B0CM3P2W2C,2026-02-02
B0CM3P2W2C,2026-03-02
B0CM5YB1W1,2025-04-28
B0CM5YB1W1,2025-05-26
B0CM5YB1W1,2025-06-23
B0CM5YB1W1,2025-07-21
B0CM5YB1W1,2025-08-18
B0CM5YB1W1,2025-09-15
B0CM5YB1W1,2025-10-13
B0CM5YB1W1,2025-11-10
B0CM5YB1W1,2025-12-08
B0CM5YB1W1,2026-01-05
B0CM5YB1W1,2026-02-02
B0CM5YB1W1,2026-03-02
B0CM6PPN75,2025-04-28
B0CM6PPN75,2025-05-26
B0CM6PPN75,2025-06-23
B0CM6PPN75,2025-07-21
B0CM6PPN75,2025-08-18
B0CM6PPN75,2025-09-15
B0CM6PPN75,2025-10-13
B0CM6PPN75,2025-11-10
B0CM6PPN75,2025-12-08
B0CM6PPN75,2026-01-05
B0CM6PPN75,2026-02-02
B0CM6PPN75,2026-03-02
B0CM8QTT89,2025-04-28
B0CM8QTT89,2025-05-26
B0CM8QTT89,2025-06-23
B0CM8QTT89,2025-07-21
B0CM8QTT89,2025-08-18
B0CM8QTT89,2025-09-15
B0CM8QTT89,2025-10-13
B0CM8QTT89,2025-11-10
B0CM8QTT89,2025-12-08
B0CM8QTT89,2026-01-05
B0CM8QTT89,2026-02-02
B0CM8QTT89,2026-03-02
B0CM8XR8R4,2025-04-28
B0CM8XR8R4,2025-05-26
B0CM8XR8R4,2025-06-23
B0CM8XR8R4,2025-07-21
B0CM8XR8R4,2025-08-18
B0CM8XR8R4,2025-09-15
B0CM8XR8R4,2025-10-13
B0CM8XR8R4,2025-11-10
B0CM8XR8R4,2025-12-08
B0CM8XR8R4,2026-01-05
B0CM8XR8R4,2026-02-02
B0CM8XR8R4,2026-03-02
B0CMGBMW2W,2025-04-28
B0CMGBMW2W,2025-05-26
B0CMGBMW2W,2025-06-23
B0CMGBMW2W,2025-07-21
B0CMGBMW2W,2025-08-18
B0CMGBMW2W,2025-09-15
B0CMGBMW2W,2025-10-13
B0CMGBMW2W,2025-11-10
B0CMGBMW2W,2025-12-08
B0CMGBMW2W,2026-01-05
B0CMGBMW2W,2026-02-02
B0CMGBMW2W,2026-03-02
B0CMGM69F8,2025-04-28
B0CMGM69F8,2025-05-26
B0CMGM69F8,2025-06-23
B0CMGM69F8,2025-07-21
B0CMGM69F8,2025-08-18
B0CMGM69F8,2025-09-15
B0CMGM69F8,2025-10-13
B0CMGM69F8,2025-11-10
B0CMGM69F8,2025-12-08
B0CMGM69F8,2026-01-05
B0CMGM69F8,2026-02-02
B0CMGM69F8,2026-03-02
B0CMJD7Q9F,2025-04-28
B0CMJD7Q9F,2025-05-26
B0CMJD7Q9F,2025-06-23
B0CMJD7Q9F,2025-07-21
B0CMJD7Q9F,2025-08-18
B0CMJD7Q9F,2025-09-15
B0CMJD7Q9F,2025-10-13
B0CMJD7Q9F,2025-11-10
B0CMJD7Q9F,2025-12-08
B0CMJD7Q9F,2026-01-05
B0CMJD7Q9F,2026-02-02
B0CMJD7Q9F,2026-03-02
B0CMJFFDTT,2025-04-28
B0CMJFFDTT,2025-05-26
B0CMJFFDTT,2025-06-23
B0CMJFFDTT,2025-07-21
B0CMJFFDTT,2025-08-18
B0CMJFFDTT,2025-09-15
B0CMJFFDTT,2025-10-13
B0CMJFFDTT,2025-11-10
B0CMJFFDTT,2025-12-08
B0CMJFFDTT,2026-01-05
B0CMJFFDTT,2026-02-02
B0CMJFFDTT,2026-03-02
B0CMJGVH9T,2025-04-28
B0CMJGVH9T,2025-05-26
B0CMJGVH9T,2025-06-23
B0CMJGVH9T,2025-07-21
B0CMJGVH9T,2025-08-18
B0CMJGVH9T,2025-09-15
B0CMJGVH9T,2025-10-13
B0CMJGVH9T,2025-11-10
B0CMJGVH9T,2025-12-08
B0CMJGVH9T,2026-01-05
B0CMJGVH9T,2026-02-02
B0CMJGVH9T,2026-03-02
B0CMJVJQKQ,2025-04-28
B0CMJVJQKQ,2025-05-26
B0CMJVJQKQ,2025-06-23
B0CMJVJQKQ,2025-07-21
B0CMJVJQKQ,2025-08-18
B0CMJVJQKQ,2025-09-15
B0CMJVJQKQ,2025-10-13
B0CMJVJQKQ,2025-11-10
B0CMJVJQKQ,2025-12-08
B0CMJVJQKQ,2026-01-05
B0CMJVJQKQ,2026-02-02
B0CMJVJQKQ,2026-03-02
B0CMJY5BWZ,2025-04-28
B0CMJY5BWZ,2025-05-26
B0CMJY5BWZ,2025-06-23
B0CMJY5BWZ,2025-07-21
B0CMJY5BWZ,2025-08-18
B0CMJY5BWZ,2025-09-15
B0CMJY5BWZ,2025-10-13
B0CMJY5BWZ,2025-11-10
B0CMJY5BWZ,2025-12-08
B0CMJY5BWZ,2026-01-05
B0CMJY5BWZ,2026-02-02
B0CMJY5BWZ,2026-03-02
B0CMLLDX1P,2025-04-28
B0CMLLDX1P,2025-05-26
B0CMLLDX1P,2025-06-23
B0CMLLDX1P,2025-07-21
B0CMLLDX1P,2025-08-18
B0CMLLDX1P,2025-09-15
B0CMLLDX1P,2025-10-13
B0CMLLDX1P,2025-11-10
B0CMLLDX1P,2025-12-08
B0CMLLDX1P,2026-01-05
B0CMLLDX1P,2026-02-02
B0CMLLDX1P,2026-03-02
B0CMQJHXBZ,2025-04-28
B0CMQJHXBZ,2025-05-26
B0CMQJHXBZ,2025-06-23
B0CMQJHXBZ,2025-07-21
B0CMQJHXBZ,2025-08-18
B0CMQJHXBZ,2025-09-15
B0CMQJHXBZ,2025-10-13
B0CMQJHXBZ,2025-11-10
B0CMQJHXBZ,2025-12-08
B0CMQJHXBZ,2026-01-05
B0CMQJHXBZ,2026-02-02
B0CMQJHXBZ,2026-03-02
B0CMQV4JXT,2025-04-28
B0CMQV4JXT,2025-05-26
B0CMQV4JXT,2025-06-23
B0CMQV4JXT,2025-07-21
B0CMQV4JXT,2025-08-18
B0CMQV4JXT,2025-09-15
B0CMQV4JXT,2025-10-13
B0CMQV4JXT,2025-11-10
B0CMQV4JXT,2025-12-08
B0CMQV4JXT,2026-01-05
B0CMQV4JXT,2026-02-02
B0CMQV4JXT,2026-03-02
B0CMTP6C15,2025-04-28
B0CMTP6C15,2025-05-26
B0CMTP6C15,2025-06-23
B0CMTP6C15,2025-07-21
B0CMTP6C15,2025-08-18
B0CMTP6C15,2025-09-15
B0CMTP6C15,2025-10-13
B0CMTP6C15,2025-11-10
B0CMTP6C15,2025-12-08
B0CMTP6C15,2026-01-05
B0CMTP6C15,2026-02-02
B0CMTP6C15,2026-03-02
B0CMTQ39HD,2025-04-28
B0CMTQ39HD,2025-05-26
B0CMTQ39HD,2025-06-23
B0CMTQ39HD,2025-07-21
B0CMTQ39HD,2025-08-18
B0CMTQ39HD,2025-09-15
B0CMTQ39HD,2025-10-13
B0CMTQ39HD,2025-11-10
B0CMTQ39HD,2025-12-08
B0CMTQ39HD,2026-01-05
B0CMTQ39HD,2026-02-02
B0CMTQ39HD,2026-03-02
B0CMTRXRK5,2025-04-28
B0CMTRXRK5,2025-05-26
B0CMTRXRK5,2025-06-23
B0CMTRXRK5,2025-07-21
B0CMTRXRK5,2025-08-18
B0CMTRXRK5,2025-09-15
B0CMTRXRK5,2025-10-13
B0CMTRXRK5,2025-11-10
B0CMTRXRK5,2025-12-08
B0CMTRXRK5,2026-01-05
B0CMTRXRK5,2026-02-02
B0CMTRXRK5,2026-03-02
B0CMXBLQR9,2025-04-28
B0CMXBLQR9,2025-05-26
B0CMXBLQR9,2025-06-23
B0CMXBLQR9,2025-07-21
B0CMXBLQR9,2025-08-18
B0CMXBLQR9,2025-09-15
B0CMXBLQR9,2025-10-13
B0CMXBLQR9,2025-11-10
B0CMXBLQR9,2025-12-08
B0CMXBLQR9,2026-01-05
B0CMXBLQR9,2026-02-02
B0CMXBLQR9,2026-03-02
B0CMZ74Z73,2025-04-28
B0CMZ74Z73,2025-05-26
B0CMZ74Z73,2025-06-23
B0CMZ74Z73,2025-07-21
B0CMZ74Z73,2025-08-18
B0CMZ74Z73,2025-09-15
B0CMZ74Z73,2025-10-13
B0CMZ74Z73,2025-11-10
B0CMZ74Z73,2025-12-08
B0CMZ74Z73,2026-01-05
B0CMZ74Z73,2026-02-02
B0CMZ74Z73,2026-03-02
B0CMZJPX1X,2025-04-28
B0CMZJPX1X,2025-05-26
B0CMZJPX1X,2025-06-23
B0CMZJPX1X,2025-07-21
B0CMZJPX1X,2025-08-18
B0CMZJPX1X,2025-09-15
B0CMZJPX1X,2025-10-13
B0CMZJPX1X,2025-11-10
B0CMZJPX1X,2025-12-08
B0CMZJPX1X,2026-01-05
B0CMZJPX1X,2026-02-02
B0CMZJPX1X,2026-03-02
B0CN19HHM9,2025-04-28
B0CN19HHM9,2025-05-26
B0CN19HHM9,2025-06-23
B0CN19HHM9,2025-07-21
B0CN19HHM9,2025-08-18
B0CN19HHM9,2025-09-15
B0CN19HHM9,2025-10-13
B0CN19HHM9,2025-11-10
B0CN19HHM9,2025-12-08
B0CN19HHM9,2026-01-05
B0CN19HHM9,2026-02-02
B0CN19HHM9,2026-03-02
B0CN1CYM1Z,2025-04-28
B0CN1CYM1Z,2025-05-26
B0CN1CYM1Z,2025-06-23
B0CN1CYM1Z,2025-07-21
B0CN1CYM1Z,2025-08-18
B0CN1CYM1Z,2025-09-15
B0CN1CYM1Z,2025-10-13
B0CN1CYM1Z,2025-11-10
B0CN1CYM1Z,2025-12-08
B0CN1CYM1Z,2026-01-05
B0CN1CYM1Z,2026-02-02
B0CN1CYM1Z,2026-03-02
B0CN2WQ87J,2025-04-28
B0CN2WQ87J,2025-05-26
B0CN2WQ87J,2025-06-23
B0CN2WQ87J,2025-07-21
B0CN2WQ87J,2025-08-18
B0CN2WQ87J,2025-09-15
B0CN2WQ87J,2025-10-13
B0CN2WQ87J,2025-11-10
B0CN2WQ87J,2025-12-08
B0CN2WQ87J,2026-01-05
B0CN2WQ87J,2026-02-02
B0CN2WQ87J,2026-03-02
B0CN331SZG,2025-04-28
B0CN331SZG,2025-05-26
B0CN331SZG,2025-06-23
B0CN331SZG,2025-07-21
B0CN331SZG,2025-08-18
B0CN331SZG,2025-09-15
B0CN331SZG,2025-10-13
B0CN331SZG,2025-11-10
B0CN331SZG,2025-12-08
B0CN331SZG,2026-01-05
B0CN331SZG,2026-02-02
B0CN331SZG,2026-03-02
B0CN34VVXK,2025-04-28
B0CN34VVXK,2025-05-26
B0CN34VVXK,2025-06-23
B0CN34VVXK,2025-07-21
B0CN34VVXK,2025-08-18
B0CN34VVXK,2025-09-15
B0CN34VVXK,2025-10-13
B0CN34VVXK,2025-11-10
B0CN34VVXK,2025-12-08
B0CN34VVXK,2026-01-05
B0CN34VVXK,2026-02-02
B0CN34VVXK,2026-03-02
B0CN355NHY,2025-04-28
B0CN355NHY,2025-05-26
B0CN355NHY,2025-06-23
B0CN355NHY,2025-07-21
B0CN355NHY,2025-08-18
B0CN355NHY,2025-09-15
B0CN355NHY,2025-10-13
B0CN355NHY,2025-11-10
B0CN355NHY,2025-12-08
B0CN355NHY,2026-01-05
B0CN355NHY,2026-02-02
B0CN355NHY,2026-03-02
B0CN36HFNM,2025-04-28
B0CN36HFNM,2025-05-26
B0CN36HFNM,2025-06-23
B0CN36HFNM,2025-07-21
B0CN36HFNM,2025-08-18
B0CN36HFNM,2025-09-15
B0CN36HFNM,2025-10-13
B0CN36HFNM,2025-11-10
B0CN36HFNM,2025-12-08
B0CN36HFNM,2026-01-05
B0CN36HFNM,2026-02-02
B0CN36HFNM,2026-03-02
B0CN37423X,2025-04-28
B0CN37423X,2025-05-26
B0CN37423X,2025-06-23
B0CN37423X,2025-07-21
B0CN37423X,2025-08-18
B0CN37423X,2025-09-15
B0CN37423X,2025-10-13
B0CN37423X,2025-11-10
B0CN37423X,2025-12-08
B0CN37423X,2026-01-05
B0CN37423X,2026-02-02
B0CN37423X,2026-03-02
B0CN45D2RV,2025-04-28
B0CN45D2RV,2025-05-26
B0CN45D2RV,2025-06-23
B0CN45D2RV,2025-07-21
B0CN45D2RV,2025-08-18
B0CN45D2RV,2025-09-15
B0CN45D2RV,2025-10-13
B0CN45D2RV,2025-11-10
B0CN45D2RV,2025-12-08
B0CN45D2RV,2026-01-05
B0CN45D2RV,2026-02-02
B0CN45D2RV,2026-03-02
B0CN4X3DS9,2025-04-28
B0CN4X3DS9,2025-05-26
B0CN4X3DS9,2025-06-23
B0CN4X3DS9,2025-07-21
B0CN4X3DS9,2025-08-18
B0CN4X3DS9,2025-09-15
B0CN4X3DS9,2025-10-13
B0CN4X3DS9,2025-11-10
B0CN4X3DS9,2025-12-08
B0CN4X3DS9,2026-01-05
B0CN4X3DS9,2026-02-02
B0CN4X3DS9,2026-03-02
B0CN6CDXR9,2025-04-28
B0CN6CDXR9,2025-05-26
B0CN6CDXR9,2025-06-23
B0CN6CDXR9,2025-07-21
B0CN6CDXR9,2025-08-18
B0CN6CDXR9,2025-09-15
B0CN6CDXR9,2025-10-13
B0CN6CDXR9,2025-11-10
B0CN6CDXR9,2025-12-08
B0CN6CDXR9,2026-01-05
B0CN6CDXR9,2026-02-02
B0CN6CDXR9,2026-03-02
B0CN6DB5F9,2025-04-28
B0CN6DB5F9,2025-05-26
B0CN6DB5F9,2025-06-23
B0CN6DB5F9,2025-07-21
B0CN6DB5F9,2025-08-18
B0CN6DB5F9,2025-09-15
B0CN6DB5F9,2025-10-13
B0CN6DB5F9,2025-11-10
B0CN6DB5F9,2025-12-08
B0CN6DB5F9,2026-01-05
B0CN6DB5F9,2026-02-02
B0CN6DB5F9,2026-03-02
B0CN6KTP1H,2025-04-28
B0CN6KTP1H,2025-05-26
B0CN6KTP1H,2025-06-23
B0CN6KTP1H,2025-07-21
B0CN6KTP1H,2025-08-18
B0CN6KTP1H,2025-09-15
B0CN6KTP1H,2025-10-13
B0CN6KTP1H,2025-11-10
B0CN6KTP1H,2025-12-08
B0CN6KTP1H,2026-01-05
B0CN6KTP1H,2026-02-02
B0CN6KTP1H,2026-03-02
B0CN6M8V5Q,2025-04-28
B0CN6M8V5Q,2025-05-26
B0CN6M8V5Q,2025-06-23
B0CN6M8V5Q,2025-07-21
B0CN6M8V5Q,2025-08-18
B0CN6M8V5Q,2025-09-15
B0CN6M8V5Q,2025-10-13
B0CN6M8V5Q,2025-11-10
B0CN6M8V5Q,2025-12-08
B0CN6M8V5Q,2026-01-05
B0CN6M8V5Q,2026-02-02
B0CN6M8V5Q,2026-03-02
B0CN7XBLJF,2025-04-28
B0CN7XBLJF,2025-05-26
B0CN7XBLJF,2025-06-23
B0CN7XBLJF,2025-07-21
B0CN7XBLJF,2025-08-18
B0CN7XBLJF,2025-09-15
B0CN7XBLJF,2025-10-13
B0CN7XBLJF,2025-11-10
B0CN7XBLJF,2025-12-08
B0CN7XBLJF,2026-01-05
B0CN7XBLJF,2026-02-02
B0CN7XBLJF,2026-03-02
B0CN83JGYV,2025-04-28
B0CN83JGYV,2025-05-26
B0CN83JGYV,2025-06-23
B0CN83JGYV,2025-07-21
B0CN83JGYV,2025-08-18
B0CN83JGYV,2025-09-15
B0CN83JGYV,2025-10-13
B0CN83JGYV,2025-11-10
B0CN83JGYV,2025-12-08
B0CN83JGYV,2026-01-05
B0CN83JGYV,2026-02-02
B0CN83JGYV,2026-03-02
B0CN89V3M2,2025-04-28
B0CN89V3M2,2025-05-26
B0CN89V3M2,2025-06-23
B0CN89V3M2,2025-07-21
B0CN89V3M2,2025-08-18
B0CN89V3M2,2025-09-15
B0CN89V3M2,2025-10-13
B0CN89V3M2,2025-11-10
B0CN89V3M2,2025-12-08
B0CN89V3M2,2026-01-05
B0CN89V3M2,2026-02-02
B0CN89V3M2,2026-03-02
B0CN8BZPGB,2025-04-28
B0CN8BZPGB,2025-05-26
B0CN8BZPGB,2025-06-23
B0CN8BZPGB,2025-07-21
B0CN8BZPGB,2025-08-18
B0CN8BZPGB,2025-09-15
B0CN8BZPGB,2025-10-13
B0CN8BZPGB,2025-11-10
B0CN8BZPGB,2025-12-08
B0CN8BZPGB,2026-01-05
B0CN8BZPGB,2026-02-02
B0CN8BZPGB,2026-03-02
B0CN8DRDJR,2025-04-28
B0CN8DRDJR,2025-05-26
B0CN8DRDJR,2025-06-23
B0CN8DRDJR,2025-07-21
B0CN8DRDJR,2025-08-18
B0CN8DRDJR,2025-09-15
B0CN8DRDJR,2025-10-13
B0CN8DRDJR,2025-11-10
B0CN8DRDJR,2025-12-08
B0CN8DRDJR,2026-01-05
B0CN8DRDJR,2026-02-02
B0CN8DRDJR,2026-03-02
B0CN8F6SYQ,2025-04-28
B0CN8F6SYQ,2025-05-26
B0CN8F6SYQ,2025-06-23
B0CN8F6SYQ,2025-07-21
B0CN8F6SYQ,2025-08-18
B0CN8F6SYQ,2025-09-15
B0CN8F6SYQ,2025-10-13
B0CN8F6SYQ,2025-11-10
B0CN8F6SYQ,2025-12-08
B0CN8F6SYQ,2026-01-05
B0CN8F6SYQ,2026-02-02
B0CN8F6SYQ,2026-03-02
B0CN9BQCFY,2025-04-28
B0CN9BQCFY,2025-05-26
B0CN9BQCFY,2025-06-23
B0CN9BQCFY,2025-07-21
B0CN9BQCFY,2025-08-18
B0CN9BQCFY,2025-09-15
B0CN9BQCFY,2025-10-13
B0CN9BQCFY,2025-11-10
B0CN9BQCFY,2025-12-08
B0CN9BQCFY,2026-01-05
B0CN9BQCFY,2026-02-02
B0CN9BQCFY,2026-03-02
B0CN9CCR65,2025-04-28
B0CN9CCR65,2025-05-26
B0CN9CCR65,2025-06-23
B0CN9CCR65,2025-07-21
B0CN9CCR65,2025-08-18
B0CN9CCR65,2025-09-15
B0CN9CCR65,2025-10-13
B0CN9CCR65,2025-11-10
B0CN9CCR65,2025-12-08
B0CN9CCR65,2026-01-05
B0CN9CCR65,2026-02-02
B0CN9CCR65,2026-03-02
B0CN9CHBTH,2025-04-28
B0CN9CHBTH,2025-05-26
B0CN9CHBTH,2025-06-23
B0CN9CHBTH,2025-07-21
B0CN9CHBTH,2025-08-18
B0CN9CHBTH,2025-09-15
B0CN9CHBTH,2025-10-13
B0CN9CHBTH,2025-11-10
B0CN9CHBTH,2025-12-08
B0CN9CHBTH,2026-01-05
B0CN9CHBTH,2026-02-02
B0CN9CHBTH,2026-03-02
B0CN9DV91W,2025-04-28
B0CN9DV91W,2025-05-26
B0CN9DV91W,2025-06-23
B0CN9DV91W,2025-07-21
B0CN9DV91W,2025-08-18
B0CN9DV91W,2025-09-15
B0CN9DV91W,2025-10-13
B0CN9DV91W,2025-11-10
B0CN9DV91W,2025-12-08
B0CN9DV91W,2026-01-05
B0CN9DV91W,2026-02-02
B0CN9DV91W,2026-03-02
B0CNCDMSRL,2025-04-28
B0CNCDMSRL,2025-05-26
B0CNCDMSRL,2025-06-23
B0CNCDMSRL,2025-07-21
B0CNCDMSRL,2025-08-18
B0CNCDMSRL,2025-09-15
B0CNCDMSRL,2025-10-13
B0CNCDMSRL,2025-11-10
B0CNCDMSRL,2025-12-08
B0CNCDMSRL,2026-01-05
B0CNCDMSRL,2026-02-02
B0CNCDMSRL,2026-03-02
B0CNCJQX4B,2025-04-28
B0CNCJQX4B,2025-05-26
B0CNCJQX4B,2025-06-23
B0CNCJQX4B,2025-07-21
B0CNCJQX4B,2025-08-18
B0CNCJQX4B,2025-09-15
B0CNCJQX4B,2025-10-13
B0CNCJQX4B,2025-11-10
B0CNCJQX4B,2025-12-08
B0CNCJQX4B,2026-01-05
B0CNCJQX4B,2026-02-02
B0CNCJQX4B,2026-03-02
B0CNCK7HD9,2025-04-28
B0CNCK7HD9,2025-05-26
B0CNCK7HD9,2025-06-23
B0CNCK7HD9,2025-07-21
B0CNCK7HD9,2025-08-18
B0CNCK7HD9,2025-09-15
B0CNCK7HD9,2025-10-13
B0CNCK7HD9,2025-11-10
B0CNCK7HD9,2025-12-08
B0CNCK7HD9,2026-01-05
B0CNCK7HD9,2026-02-02
B0CNCK7HD9,2026-03-02
B0CNCKX427,2025-04-28
B0CNCKX427,2025-05-26
B0CNCKX427,2025-06-23
B0CNCKX427,2025-07-21
B0CNCKX427,2025-08-18
B0CNCKX427,2025-09-15
B0CNCKX427,2025-10-13
B0CNCKX427,2025-11-10
B0CNCKX427,2025-12-08
B0CNCKX427,2026-01-05
B0CNCKX427,2026-02-02
B0CNCKX427,2026-03-02
B0CNCLFD5B,2025-04-28
B0CNCLFD5B,2025-05-26
B0CNCLFD5B,2025-06-23
B0CNCLFD5B,2025-07-21
B0CNCLFD5B,2025-08-18
B0CNCLFD5B,2025-09-15
B0CNCLFD5B,2025-10-13
B0CNCLFD5B,2025-11-10
B0CNCLFD5B,2025-12-08
B0CNCLFD5B,2026-01-05
B0CNCLFD5B,2026-02-02
B0CNCLFD5B,2026-03-02
B0CNCWXGGS,2025-04-28
B0CNCWXGGS,2025-05-26
B0CNCWXGGS,2025-06-23
B0CNCWXGGS,2025-07-21
B0CNCWXGGS,2025-08-18
B0CNCWXGGS,2025-09-15
B0CNCWXGGS,2025-10-13
B0CNCWXGGS,2025-11-10
B0CNCWXGGS,2025-12-08
B0CNCWXGGS,2026-01-05
B0CNCWXGGS,2026-02-02
B0CNCWXGGS,2026-03-02
B0CNCY3TBT,2025-04-28
B0CNCY3TBT,2025-05-26
B0CNCY3TBT,2025-06-23
B0CNCY3TBT,2025-07-21
B0CNCY3TBT,2025-08-18
B0CNCY3TBT,2025-09-15
B0CNCY3TBT,2025-10-13
B0CNCY3TBT,2025-11-10
B0CNCY3TBT,2025-12-08
B0CNCY3TBT,2026-01-05
B0CNCY3TBT,2026-02-02
B0CNCY3TBT,2026-03-02
B0CNGM7L1G,2025-04-28
B0CNGM7L1G,2025-05-26
B0CNGM7L1G,2025-06-23
B0CNGM7L1G,2025-07-21
B0CNGM7L1G,2025-08-18
B0CNGM7L1G,2025-09-15
B0CNGM7L1G,2025-10-13
B0CNGM7L1G,2025-11-10
B0CNGM7L1G,2025-12-08
B0CNGM7L1G,2026-01-05
B0CNGM7L1G,2026-02-02
B0CNGM7L1G,2026-03-02
B0CNGR2VJ5,2025-04-28
B0CNGR2VJ5,2025-05-26
B0CNGR2VJ5,2025-06-23
B0CNGR2VJ5,2025-07-21
B0CNGR2VJ5,2025-08-18
B0CNGR2VJ5,2025-09-15
B0CNGR2VJ5,2025-10-13
B0CNGR2VJ5,2025-11-10
B0CNGR2VJ5,2025-12-08
B0CNGR2VJ5,2026-01-05
B0CNGR2VJ5,2026-02-02
B0CNGR2VJ5,2026-03-02
B0CNGRQJD3,2025-04-28
B0CNGRQJD3,2025-05-26
B0CNGRQJD3,2025-06-23
B0CNGRQJD3,2025-07-21
B0CNGRQJD3,2025-08-18
B0CNGRQJD3,2025-09-15
B0CNGRQJD3,2025-10-13
B0CNGRQJD3,2025-11-10
B0CNGRQJD3,2025-12-08
B0CNGRQJD3,2026-01-05
B0CNGRQJD3,2026-02-02
B0CNGRQJD3,2026-03-02
B0CNH2JBB8,2025-04-28
B0CNH2JBB8,2025-05-26
B0CNH2JBB8,2025-06-23
B0CNH2JBB8,2025-07-21
B0CNH2JBB8,2025-08-18
B0CNH2JBB8,2025-09-15
B0CNH2JBB8,2025-10-13
B0CNH2JBB8,2025-11-10
B0CNH2JBB8,2025-12-08
B0CNH2JBB8,2026-01-05
B0CNH2JBB8,2026-02-02
B0CNH2JBB8,2026-03-02
B0CNH3QMDR,2025-04-28
B0CNH3QMDR,2025-05-26
B0CNH3QMDR,2025-06-23
B0CNH3QMDR,2025-07-21
B0CNH3QMDR,2025-08-18
B0CNH3QMDR,2025-09-15
B0CNH3QMDR,2025-10-13
B0CNH3QMDR,2025-11-10
B0CNH3QMDR,2025-12-08
B0CNH3QMDR,2026-01-05
B0CNH3QMDR,2026-02-02
B0CNH3QMDR,2026-03-02
B0CNHF775N,2025-04-28
B0CNHF775N,2025-05-26
B0CNHF775N,2025-06-23
B0CNHF775N,2025-07-21
B0CNHF775N,2025-08-18
B0CNHF775N,2025-09-15
B0CNHF775N,2025-10-13
B0CNHF775N,2025-11-10
B0CNHF775N,2025-12-08
B0CNHF775N,2026-01-05
B0CNHF775N,2026-02-02
B0CNHF775N,2026-03-02
B0CNHZ4LJJ,2025-04-28
B0CNHZ4LJJ,2025-05-26
B0CNHZ4LJJ,2025-06-23
B0CNHZ4LJJ,2025-07-21
B0CNHZ4LJJ,2025-08-18
B0CNHZ4LJJ,2025-09-15
B0CNHZ4LJJ,2025-10-13
B0CNHZ4LJJ,2025-11-10
B0CNHZ4LJJ,2025-12-08
B0CNHZ4LJJ,2026-01-05
B0CNHZ4LJJ,2026-02-02
B0CNHZ4LJJ,2026-03-02
B0CNJM1NBK,2025-04-28
B0CNJM1NBK,2025-05-26
B0CNJM1NBK,2025-06-23
B0CNJM1NBK,2025-07-21
B0CNJM1NBK,2025-08-18
B0CNJM1NBK,2025-09-15
B0CNJM1NBK,2025-10-13
B0CNJM1NBK,2025-11-10
B0CNJM1NBK,2025-12-08
B0CNJM1NBK,2026-01-05
B0CNJM1NBK,2026-02-02
B0CNJM1NBK,2026-03-02
B0CNJPKQ8J,2025-04-28
B0CNJPKQ8J,2025-05-26
B0CNJPKQ8J,2025-06-23
B0CNJPKQ8J,2025-07-21
B0CNJPKQ8J,2025-08-18
B0CNJPKQ8J,2025-09-15
B0CNJPKQ8J,2025-10-13
B0CNJPKQ8J,2025-11-10
B0CNJPKQ8J,2025-12-08
B0CNJPKQ8J,2026-01-05
B0CNJPKQ8J,2026-02-02
B0CNJPKQ8J,2026-03-02
B0CNJXKVXX,2025-04-28
B0CNJXKVXX,2025-05-26
B0CNJXKVXX,2025-06-23
B0CNJXKVXX,2025-07-21
B0CNJXKVXX,2025-08-18
B0CNJXKVXX,2025-09-15
B0CNJXKVXX,2025-10-13
B0CNJXKVXX,2025-11-10
B0CNJXKVXX,2025-12-08
B0CNJXKVXX,2026-01-05
B0CNJXKVXX,2026-02-02
B0CNJXKVXX,2026-03-02
B0CNKVRYM7,2025-04-28
B0CNKVRYM7,2025-05-26
B0CNKVRYM7,2025-06-23
B0CNKVRYM7,2025-07-21
B0CNKVRYM7,2025-08-18
B0CNKVRYM7,2025-09-15
B0CNKVRYM7,2025-10-13
B0CNKVRYM7,2025-11-10
B0CNKVRYM7,2025-12-08
B0CNKVRYM7,2026-01-05
B0CNKVRYM7,2026-02-02
B0CNKVRYM7,2026-03-02
B0CNLLGDWB,2025-04-28
B0CNLLGDWB,2025-05-26
B0CNLLGDWB,2025-06-23
B0CNLLGDWB,2025-07-21
B0CNLLGDWB,2025-08-18
B0CNLLGDWB,2025-09-15
B0CNLLGDWB,2025-10-13
B0CNLLGDWB,2025-11-10
B0CNLLGDWB,2025-12-08
B0CNLLGDWB,2026-01-05
B0CNLLGDWB,2026-02-02
B0CNLLGDWB,2026-03-02
B0CNLQNMJX,2025-04-28
B0CNLQNMJX,2025-05-26
B0CNLQNMJX,2025-06-23
B0CNLQNMJX,2025-07-21
B0CNLQNMJX,2025-08-18
B0CNLQNMJX,2025-09-15
B0CNLQNMJX,2025-10-13
B0CNLQNMJX,2025-11-10
B0CNLQNMJX,2025-12-08
B0CNLQNMJX,2026-01-05
B0CNLQNMJX,2026-02-02
B0CNLQNMJX,2026-03-02
B0CNRJ8YW6,2025-04-28
B0CNRJ8YW6,2025-05-26
B0CNRJ8YW6,2025-06-23
B0CNRJ8YW6,2025-07-21
B0CNRJ8YW6,2025-08-18
B0CNRJ8YW6,2025-09-15
B0CNRJ8YW6,2025-10-13
B0CNRJ8YW6,2025-11-10
B0CNRJ8YW6,2025-12-08
B0CNRJ8YW6,2026-01-05
B0CNRJ8YW6,2026-02-02
B0CNRJ8YW6,2026-03-02
B0CNRZ3Z1K,2025-04-28
B0CNRZ3Z1K,2025-05-26
B0CNRZ3Z1K,2025-06-23
B0CNRZ3Z1K,2025-07-21
B0CNRZ3Z1K,2025-08-18
B0CNRZ3Z1K,2025-09-15
B0CNRZ3Z1K,2025-10-13
B0CNRZ3Z1K,2025-11-10
B0CNRZ3Z1K,2025-12-08
B0CNRZ3Z1K,2026-01-05
B0CNRZ3Z1K,2026-02-02
B0CNRZ3Z1K,2026-03-02
B0CNT2FNKY,2025-04-28
B0CNT2FNKY,2025-05-26
B0CNT2FNKY,2025-06-23
B0CNT2FNKY,2025-07-21
B0CNT2FNKY,2025-08-18
B0CNT2FNKY,2025-09-15
B0CNT2FNKY,2025-10-13
B0CNT2FNKY,2025-11-10
B0CNT2FNKY,2025-12-08
B0CNT2FNKY,2026-01-05
B0CNT2FNKY,2026-02-02
B0CNT2FNKY,2026-03-02
B0CNT2QX9V,2025-04-28
B0CNT2QX9V,2025-05-26
B0CNT2QX9V,2025-06-23
B0CNT2QX9V,2025-07-21
B0CNT2QX9V,2025-08-18
B0CNT2QX9V,2025-09-15
B0CNT2QX9V,2025-10-13
B0CNT2QX9V,2025-11-10
B0CNT2QX9V,2025-12-08
B0CNT2QX9V,2026-01-05
B0CNT2QX9V,2026-02-02
B0CNT2QX9V,2026-03-02
B0CNT2QXB2,2025-04-28
B0CNT2QXB2,2025-05-26
B0CNT2QXB2,2025-06-23
B0CNT2QXB2,2025-07-21
B0CNT2QXB2,2025-08-18
B0CNT2QXB2,2025-09-15
B0CNT2QXB2,2025-10-13
B0CNT2QXB2,2025-11-10
B0CNT2QXB2,2025-12-08
B0CNT2QXB2,2026-01-05
B0CNT2QXB2,2026-02-02
B0CNT2QXB2,2026-03-02
B0CNT53JPJ,2025-04-28
B0CNT53JPJ,2025-05-26
B0CNT53JPJ,2025-06-23
B0CNT53JPJ,2025-07-21
B0CNT53JPJ,2025-08-18
B0CNT53JPJ,2025-09-15
B0CNT53JPJ,2025-10-13
B0CNT53JPJ,2025-11-10
B0CNT53JPJ,2025-12-08
B0CNT53JPJ,2026-01-05
B0CNT53JPJ,2026-02-02
B0CNT53JPJ,2026-03-02
B0CNT63VT7,2025-04-28
B0CNT63VT7,2025-05-26
B0CNT63VT7,2025-06-23
B0CNT63VT7,2025-07-21
B0CNT63VT7,2025-08-18
B0CNT63VT7,2025-09-15
B0CNT63VT7,2025-10-13
B0CNT63VT7,2025-11-10
B0CNT63VT7,2025-12-08
B0CNT63VT7,2026-01-05
B0CNT63VT7,2026-02-02
B0CNT63VT7,2026-03-02
B0CNT7N57G,2025-04-28
B0CNT7N57G,2025-05-26
B0CNT7N57G,2025-06-23
B0CNT7N57G,2025-07-21
B0CNT7N57G,2025-08-18
B0CNT7N57G,2025-09-15
B0CNT7N57G,2025-10-13
B0CNT7N57G,2025-11-10
B0CNT7N57G,2025-12-08
B0CNT7N57G,2026-01-05
B0CNT7N57G,2026-02-02
B0CNT7N57G,2026-03-02
B0CNT7WV5X,2025-04-28
B0CNT7WV5X,2025-05-26
B0CNT7WV5X,2025-06-23
B0CNT7WV5X,2025-07-21
B0CNT7WV5X,2025-08-18
B0CNT7WV5X,2025-09-15
B0CNT7WV5X,2025-10-13
B0CNT7WV5X,2025-11-10
B0CNT7WV5X,2025-12-08
B0CNT7WV5X,2026-01-05
B0CNT7WV5X,2026-02-02
B0CNT7WV5X,2026-03-02
B0CNT8PGKX,2025-04-28
B0CNT8PGKX,2025-05-26
B0CNT8PGKX,2025-06-23
B0CNT8PGKX,2025-07-21
B0CNT8PGKX,2025-08-18
B0CNT8PGKX,2025-09-15
B0CNT8PGKX,2025-10-13
B0CNT8PGKX,2025-11-10
B0CNT8PGKX,2025-12-08
B0CNT8PGKX,2026-01-05
B0CNT8PGKX,2026-02-02
B0CNT8PGKX,2026-03-02
B0CNTPDJNY,2025-04-28
B0CNTPDJNY,2025-05-26
B0CNTPDJNY,2025-06-23
B0CNTPDJNY,2025-07-21
B0CNTPDJNY,2025-08-18
B0CNTPDJNY,2025-09-15
B0CNTPDJNY,2025-10-13
B0CNTPDJNY,2025-11-10
B0CNTPDJNY,2025-12-08
B0CNTPDJNY,2026-01-05
B0CNTPDJNY,2026-02-02
B0CNTPDJNY,2026-03-02
B0CNVFKB93,2025-04-28
B0CNVFKB93,2025-05-26
B0CNVFKB93,2025-06-23
B0CNVFKB93,2025-07-21
B0CNVFKB93,2025-08-18
B0CNVFKB93,2025-09-15
B0CNVFKB93,2025-10-13
B0CNVFKB93,2025-11-10
B0CNVFKB93,2025-12-08
B0CNVFKB93,2026-01-05
B0CNVFKB93,2026-02-02
B0CNVFKB93,2026-03-02
B0CNVFYBP7,2025-04-28
B0CNVFYBP7,2025-05-26
B0CNVFYBP7,2025-06-23
B0CNVFYBP7,2025-07-21
B0CNVFYBP7,2025-08-18
B0CNVFYBP7,2025-09-15
B0CNVFYBP7,2025-10-13
B0CNVFYBP7,2025-11-10
B0CNVFYBP7,2025-12-08
B0CNVFYBP7,2026-01-05
B0CNVFYBP7,2026-02-02
B0CNVFYBP7,2026-03-02
B0CNVG56SR,2025-04-28
B0CNVG56SR,2025-05-26
B0CNVG56SR,2025-06-23
B0CNVG56SR,2025-07-21
B0CNVG56SR,2025-08-18
B0CNVG56SR,2025-09-15
B0CNVG56SR,2025-10-13
B0CNVG56SR,2025-11-10
B0CNVG56SR,2025-12-08
B0CNVG56SR,2026-01-05
B0CNVG56SR,2026-02-02
B0CNVG56SR,2026-03-02
B0CNVGP28R,2025-04-28
B0CNVGP28R,2025-05-26
B0CNVGP28R,2025-06-23
B0CNVGP28R,2025-07-21
B0CNVGP28R,2025-08-18
B0CNVGP28R,2025-09-15
B0CNVGP28R,2025-10-13
B0CNVGP28R,2025-11-10
B0CNVGP28R,2025-12-08
B0CNVGP28R,2026-01-05
B0CNVGP28R,2026-02-02
B0CNVGP28R,2026-03-02
B0CNVJFDHS,2025-04-28
B0CNVJFDHS,2025-05-26
B0CNVJFDHS,2025-06-23
B0CNVJFDHS,2025-07-21
B0CNVJFDHS,2025-08-18
B0CNVJFDHS,2025-09-15
B0CNVJFDHS,2025-10-13
B0CNVJFDHS,2025-11-10
B0CNVJFDHS,2025-12-08
B0CNVJFDHS,2026-01-05
B0CNVJFDHS,2026-02-02
B0CNVJFDHS,2026-03-02
B0CNW3C9H5,2025-04-28
B0CNW3C9H5,2025-05-26
B0CNW3C9H5,2025-06-23
B0CNW3C9H5,2025-07-21
B0CNW3C9H5,2025-08-18
B0CNW3C9H5,2025-09-15
B0CNW3C9H5,2025-10-13
B0CNW3C9H5,2025-11-10
B0CNW3C9H5,2025-12-08
B0CNW3C9H5,2026-01-05
B0CNW3C9H5,2026-02-02
B0CNW3C9H5,2026-03-02
B0CNX64KJL,2025-04-28
B0CNX64KJL,2025-05-26
B0CNX64KJL,2025-06-23
B0CNX64KJL,2025-07-21
B0CNX64KJL,2025-08-18
B0CNX64KJL,2025-09-15
B0CNX64KJL,2025-10-13
B0CNX64KJL,2025-11-10
B0CNX64KJL,2025-12-08
B0CNX64KJL,2026-01-05
B0CNX64KJL,2026-02-02
B0CNX64KJL,2026-03-02
B0CNX6C2VW,2025-04-28
B0CNX6C2VW,2025-05-26
B0CNX6C2VW,2025-06-23
B0CNX6C2VW,2025-07-21
B0CNX6C2VW,2025-08-18
B0CNX6C2VW,2025-09-15
B0CNX6C2VW,2025-10-13
B0CNX6C2VW,2025-11-10
B0CNX6C2VW,2025-12-08
B0CNX6C2VW,2026-01-05
B0CNX6C2VW,2026-02-02
B0CNX6C2VW,2026-03-02
B0CNX7159G,2025-04-28
B0CNX7159G,2025-05-26
B0CNX7159G,2025-06-23
B0CNX7159G,2025-07-21
B0CNX7159G,2025-08-18
B0CNX7159G,2025-09-15
B0CNX7159G,2025-10-13
B0CNX7159G,2025-11-10
B0CNX7159G,2025-12-08
B0CNX7159G,2026-01-05
B0CNX7159G,2026-02-02
B0CNX7159G,2026-03-02
B0CNXJVRX2,2025-04-28
B0CNXJVRX2,2025-05-26
B0CNXJVRX2,2025-06-23
B0CNXJVRX2,2025-07-21
B0CNXJVRX2,2025-08-18
B0CNXJVRX2,2025-09-15
B0CNXJVRX2,2025-10-13
B0CNXJVRX2,2025-11-10
B0CNXJVRX2,2025-12-08
B0CNXJVRX2,2026-01-05
B0CNXJVRX2,2026-02-02
B0CNXJVRX2,2026-03-02
B0CP1YY19G,2025-04-28
B0CP1YY19G,2025-05-26
B0CP1YY19G,2025-06-23
B0CP1YY19G,2025-07-21
B0CP1YY19G,2025-08-18
B0CP1YY19G,2025-09-15
B0CP1YY19G,2025-10-13
B0CP1YY19G,2025-11-10
B0CP1YY19G,2025-12-08
B0CP1YY19G,2026-01-05
B0CP1YY19G,2026-02-02
B0CP1YY19G,2026-03-02
B0CP1ZQ77S,2025-04-28
B0CP1ZQ77S,2025-05-26
B0CP1ZQ77S,2025-06-23
B0CP1ZQ77S,2025-07-21
B0CP1ZQ77S,2025-08-18
B0CP1ZQ77S,2025-09-15
B0CP1ZQ77S,2025-10-13
B0CP1ZQ77S,2025-11-10
B0CP1ZQ77S,2025-12-08
B0CP1ZQ77S,2026-01-05
B0CP1ZQ77S,2026-02-02
B0CP1ZQ77S,2026-03-02
B0CP32P1YT,2025-04-28
B0CP32P1YT,2025-05-26
B0CP32P1YT,2025-06-23
B0CP32P1YT,2025-07-21
B0CP32P1YT,2025-08-18
B0CP32P1YT,2025-09-15
B0CP32P1YT,2025-10-13
B0CP32P1YT,2025-11-10
B0CP32P1YT,2025-12-08
B0CP32P1YT,2026-01-05
B0CP32P1YT,2026-02-02
B0CP32P1YT,2026-03-02
B0CP3BZL41,2025-04-28
B0CP3BZL41,2025-05-26
B0CP3BZL41,2025-06-23
B0CP3BZL41,2025-07-21
B0CP3BZL41,2025-08-18
B0CP3BZL41,2025-09-15
B0CP3BZL41,2025-10-13
B0CP3BZL41,2025-11-10
B0CP3BZL41,2025-12-08
B0CP3BZL41,2026-01-05
B0CP3BZL41,2026-02-02
B0CP3BZL41,2026-03-02
B0CP3CDYV6,2025-04-28
B0CP3CDYV6,2025-05-26
B0CP3CDYV6,2025-06-23
B0CP3CDYV6,2025-07-21
B0CP3CDYV6,2025-08-18
B0CP3CDYV6,2025-09-15
B0CP3CDYV6,2025-10-13
B0CP3CDYV6,2025-11-10
B0CP3CDYV6,2025-12-08
B0CP3CDYV6,2026-01-05
B0CP3CDYV6,2026-02-02
B0CP3CDYV6,2026-03-02
B0CP3J55CK,2025-04-28
B0CP3J55CK,2025-05-26
B0CP3J55CK,2025-06-23
B0CP3J55CK,2025-07-21
B0CP3J55CK,2025-08-18
B0CP3J55CK,2025-09-15
B0CP3J55CK,2025-10-13
B0CP3J55CK,2025-11-10
B0CP3J55CK,2025-12-08
B0CP3J55CK,2026-01-05
B0CP3J55CK,2026-02-02
B0CP3J55CK,2026-03-02
B0CP3S3RF3,2025-04-28
B0CP3S3RF3,2025-05-26
B0CP3S3RF3,2025-06-23
B0CP3S3RF3,2025-07-21
B0CP3S3RF3,2025-08-18
B0CP3S3RF3,2025-09-15
B0CP3S3RF3,2025-10-13
B0CP3S3RF3,2025-11-10
B0CP3S3RF3,2025-12-08
B0CP3S3RF3,2026-01-05
B0CP3S3RF3,2026-02-02
B0CP3S3RF3,2026-03-02
B0CP3S698H,2025-04-28
B0CP3S698H,2025-05-26
B0CP3S698H,2025-06-23
B0CP3S698H,2025-07-21
B0CP3S698H,2025-08-18
B0CP3S698H,2025-09-15
B0CP3S698H,2025-10-13
B0CP3S698H,2025-11-10
B0CP3S698H,2025-12-08
B0CP3S698H,2026-01-05
B0CP3S698H,2026-02-02
B0CP3S698H,2026-03-02
B0CP3TMT5J,2025-04-28
B0CP3TMT5J,2025-05-26
B0CP3TMT5J,2025-06-23
B0CP3TMT5J,2025-07-21
B0CP3TMT5J,2025-08-18
B0CP3TMT5J,2025-09-15
B0CP3TMT5J,2025-10-13
B0CP3TMT5J,2025-11-10
B0CP3TMT5J,2025-12-08
B0CP3TMT5J,2026-01-05
B0CP3TMT5J,2026-02-02
B0CP3TMT5J,2026-03-02
B0CP3XSLY7,2025-04-28
B0CP3XSLY7,2025-05-26
B0CP3XSLY7,2025-06-23
B0CP3XSLY7,2025-07-21
B0CP3XSLY7,2025-08-18
B0CP3XSLY7,2025-09-15
B0CP3XSLY7,2025-10-13
B0CP3XSLY7,2025-11-10
B0CP3XSLY7,2025-12-08
B0CP3XSLY7,2026-01-05
B0CP3XSLY7,2026-02-02
B0CP3XSLY7,2026-03-02
B0CP3YL6B1,2025-04-28
B0CP3YL6B1,2025-05-26
B0CP3YL6B1,2025-06-23
B0CP3YL6B1,2025-07-21
B0CP3YL6B1,2025-08-18
B0CP3YL6B1,2025-09-15
B0CP3YL6B1,2025-10-13
B0CP3YL6B1,2025-11-10
B0CP3YL6B1,2025-12-08
B0CP3YL6B1,2026-01-05
B0CP3YL6B1,2026-02-02
B0CP3YL6B1,2026-03-02
B0CP5KRMY3,2025-04-28
B0CP5KRMY3,2025-05-26
B0CP5KRMY3,2025-06-23
B0CP5KRMY3,2025-07-21
B0CP5KRMY3,2025-08-18
B0CP5KRMY3,2025-09-15
B0CP5KRMY3,2025-10-13
B0CP5KRMY3,2025-11-10
B0CP5KRMY3,2025-12-08
B0CP5KRMY3,2026-01-05
B0CP5KRMY3,2026-02-02
B0CP5KRMY3,2026-03-02
B0CP5L638R,2025-04-28
B0CP5L638R,2025-05-26
B0CP5L638R,2025-06-23
B0CP5L638R,2025-07-21
B0CP5L638R,2025-08-18
B0CP5L638R,2025-09-15
B0CP5L638R,2025-10-13
B0CP5L638R,2025-11-10
B0CP5L638R,2025-12-08
B0CP5L638R,2026-01-05
B0CP5L638R,2026-02-02
B0CP5L638R,2026-03-02
B0CP5MVLHJ,2025-04-28
B0CP5MVLHJ,2025-05-26
B0CP5MVLHJ,2025-06-23
B0CP5MVLHJ,2025-07-21
B0CP5MVLHJ,2025-08-18
B0CP5MVLHJ,2025-09-15
B0CP5MVLHJ,2025-10-13
B0CP5MVLHJ,2025-11-10
B0CP5MVLHJ,2025-12-08
B0CP5MVLHJ,2026-01-05
B0CP5MVLHJ,2026-02-02
B0CP5MVLHJ,2026-03-02
B0CP5NB1RD,2025-04-28
B0CP5NB1RD,2025-05-26
B0CP5NB1RD,2025-06-23
B0CP5NB1RD,2025-07-21
B0CP5NB1RD,2025-08-18
B0CP5NB1RD,2025-09-15
B0CP5NB1RD,2025-10-13
B0CP5NB1RD,2025-11-10
B0CP5NB1RD,2025-12-08
B0CP5NB1RD,2026-01-05
B0CP5NB1RD,2026-02-02
B0CP5NB1RD,2026-03-02
B0CP5NSS3V,2025-04-28
B0CP5NSS3V,2025-05-26
B0CP5NSS3V,2025-06-23
B0CP5NSS3V,2025-07-21
B0CP5NSS3V,2025-08-18
B0CP5NSS3V,2025-09-15
B0CP5NSS3V,2025-10-13
B0CP5NSS3V,2025-11-10
B0CP5NSS3V,2025-12-08
B0CP5NSS3V,2026-01-05
B0CP5NSS3V,2026-02-02
B0CP5NSS3V,2026-03-02
B0CP5P3V3X,2025-04-28
B0CP5P3V3X,2025-05-26
B0CP5P3V3X,2025-06-23
B0CP5P3V3X,2025-07-21
B0CP5P3V3X,2025-08-18
B0CP5P3V3X,2025-09-15
B0CP5P3V3X,2025-10-13
B0CP5P3V3X,2025-11-10
B0CP5P3V3X,2025-12-08
B0CP5P3V3X,2026-01-05
B0CP5P3V3X,2026-02-02
B0CP5P3V3X,2026-03-02
B0CP5T41XC,2025-04-28
B0CP5T41XC,2025-05-26
B0CP5T41XC,2025-06-23
B0CP5T41XC,2025-07-21
B0CP5T41XC,2025-08-18
B0CP5T41XC,2025-09-15
B0CP5T41XC,2025-10-13
B0CP5T41XC,2025-11-10
B0CP5T41XC,2025-12-08
B0CP5T41XC,2026-01-05
B0CP5T41XC,2026-02-02
B0CP5T41XC,2026-03-02
B0CP72G2X7,2025-04-28
B0CP72G2X7,2025-05-26
B0CP72G2X7,2025-06-23
B0CP72G2X7,2025-07-21
B0CP72G2X7,2025-08-18
B0CP72G2X7,2025-09-15
B0CP72G2X7,2025-10-13
B0CP72G2X7,2025-11-10
B0CP72G2X7,2025-12-08
B0CP72G2X7,2026-01-05
B0CP72G2X7,2026-02-02
B0CP72G2X7,2026-03-02
B0CP7DPPBT,2025-04-28
B0CP7DPPBT,2025-05-26
B0CP7DPPBT,2025-06-23
B0CP7DPPBT,2025-07-21
B0CP7DPPBT,2025-08-18
B0CP7DPPBT,2025-09-15
B0CP7DPPBT,2025-10-13
B0CP7DPPBT,2025-11-10
B0CP7DPPBT,2025-12-08
B0CP7DPPBT,2026-01-05
B0CP7DPPBT,2026-02-02
B0CP7DPPBT,2026-03-02
B0CP7FVFT7,2025-04-28
B0CP7FVFT7,2025-05-26
B0CP7FVFT7,2025-06-23
B0CP7FVFT7,2025-07-21
B0CP7FVFT7,2025-08-18
B0CP7FVFT7,2025-09-15
B0CP7FVFT7,2025-10-13
B0CP7FVFT7,2025-11-10
B0CP7FVFT7,2025-12-08
B0CP7FVFT7,2026-01-05
B0CP7FVFT7,2026-02-02
B0CP7FVFT7,2026-03-02
B0CPB36XQ5,2025-04-28
B0CPB36XQ5,2025-05-26
B0CPB36XQ5,2025-06-23
B0CPB36XQ5,2025-07-21
B0CPB36XQ5,2025-08-18
B0CPB36XQ5,2025-09-15
B0CPB36XQ5,2025-10-13
B0CPB36XQ5,2025-11-10
B0CPB36XQ5,2025-12-08
B0CPB36XQ5,2026-01-05
B0CPB36XQ5,2026-02-02
B0CPB36XQ5,2026-03-02
B0CPDRY3L1,2025-04-28
B0CPDRY3L1,2025-05-26
B0CPDRY3L1,2025-06-23
B0CPDRY3L1,2025-07-21
B0CPDRY3L1,2025-08-18
B0CPDRY3L1,2025-09-15
B0CPDRY3L1,2025-10-13
B0CPDRY3L1,2025-11-10
B0CPDRY3L1,2025-12-08
B0CPDRY3L1,2026-01-05
B0CPDRY3L1,2026-02-02
B0CPDRY3L1,2026-03-02
B0CPDS92JW,2025-04-28
B0CPDS92JW,2025-05-26
B0CPDS92JW,2025-06-23
B0CPDS92JW,2025-07-21
B0CPDS92JW,2025-08-18
B0CPDS92JW,2025-09-15
B0CPDS92JW,2025-10-13
B0CPDS92JW,2025-11-10
B0CPDS92JW,2025-12-08
B0CPDS92JW,2026-01-05
B0CPDS92JW,2026-02-02
B0CPDS92JW,2026-03-02
B0CPF45B4C,2025-04-28
B0CPF45B4C,2025-05-26
B0CPF45B4C,2025-06-23
B0CPF45B4C,2025-07-21
B0CPF45B4C,2025-08-18
B0CPF45B4C,2025-09-15
B0CPF45B4C,2025-10-13
B0CPF45B4C,2025-11-10
B0CPF45B4C,2025-12-08
B0CPF45B4C,2026-01-05
B0CPF45B4C,2026-02-02
B0CPF45B4C,2026-03-02
B0CPF471ZT,2025-04-28
B0CPF471ZT,2025-05-26
B0CPF471ZT,2025-06-23
B0CPF471ZT,2025-07-21
B0CPF471ZT,2025-08-18
B0CPF471ZT,2025-09-15
B0CPF471ZT,2025-10-13
B0CPF471ZT,2025-11-10
B0CPF471ZT,2025-12-08
B0CPF471ZT,2026-01-05
B0CPF471ZT,2026-02-02
B0CPF471ZT,2026-03-02
B0CPHW94N1,2025-04-28
B0CPHW94N1,2025-05-26
B0CPHW94N1,2025-06-23
B0CPHW94N1,2025-07-21
B0CPHW94N1,2025-08-18
B0CPHW94N1,2025-09-15
B0CPHW94N1,2025-10-13
B0CPHW94N1,2025-11-10
B0CPHW94N1,2025-12-08
B0CPHW94N1,2026-01-05
B0CPHW94N1,2026-02-02
B0CPHW94N1,2026-03-02
B0CPJMZLGL,2025-04-28
B0CPJMZLGL,2025-05-26
B0CPJMZLGL,2025-06-23
B0CPJMZLGL,2025-07-21
B0CPJMZLGL,2025-08-18
B0CPJMZLGL,2025-09-15
B0CPJMZLGL,2025-10-13
B0CPJMZLGL,2025-11-10
B0CPJMZLGL,2025-12-08
B0CPJMZLGL,2026-01-05
B0CPJMZLGL,2026-02-02
B0CPJMZLGL,2026-03-02
B0CPLDTZWL,2025-04-28
B0CPLDTZWL,2025-05-26
B0CPLDTZWL,2025-06-23
B0CPLDTZWL,2025-07-21
B0CPLDTZWL,2025-08-18
B0CPLDTZWL,2025-09-15
B0CPLDTZWL,2025-10-13
B0CPLDTZWL,2025-11-10
B0CPLDTZWL,2025-12-08
B0CPLDTZWL,2026-01-05
B0CPLDTZWL,2026-02-02
B0CPLDTZWL,2026-03-02
B0CPLJX3R7,2025-04-28
B0CPLJX3R7,2025-05-26
B0CPLJX3R7,2025-06-23
B0CPLJX3R7,2025-07-21
B0CPLJX3R7,2025-08-18
B0CPLJX3R7,2025-09-15
B0CPLJX3R7,2025-10-13
B0CPLJX3R7,2025-11-10
B0CPLJX3R7,2025-12-08
B0CPLJX3R7,2026-01-05
B0CPLJX3R7,2026-02-02
B0CPLJX3R7,2026-03-02
B0CPLK3NCW,2025-04-28
B0CPLK3NCW,2025-05-26
B0CPLK3NCW,2025-06-23
B0CPLK3NCW,2025-07-21
B0CPLK3NCW,2025-08-18
B0CPLK3NCW,2025-09-15
B0CPLK3NCW,2025-10-13
B0CPLK3NCW,2025-11-10
B0CPLK3NCW,2025-12-08
B0CPLK3NCW,2026-01-05
B0CPLK3NCW,2026-02-02
B0CPLK3NCW,2026-03-02
B0CPLLWMRP,2025-04-28
B0CPLLWMRP,2025-05-26
B0CPLLWMRP,2025-06-23
B0CPLLWMRP,2025-07-21
B0CPLLWMRP,2025-08-18
B0CPLLWMRP,2025-09-15
B0CPLLWMRP,2025-10-13
B0CPLLWMRP,2025-11-10
B0CPLLWMRP,2025-12-08
B0CPLLWMRP,2026-01-05
B0CPLLWMRP,2026-02-02
B0CPLLWMRP,2026-03-02
B0CPLM53XF,2025-04-28
B0CPLM53XF,2025-05-26
B0CPLM53XF,2025-06-23
B0CPLM53XF,2025-07-21
B0CPLM53XF,2025-08-18
B0CPLM53XF,2025-09-15
B0CPLM53XF,2025-10-13
B0CPLM53XF,2025-11-10
B0CPLM53XF,2025-12-08
B0CPLM53XF,2026-01-05
B0CPLM53XF,2026-02-02
B0CPLM53XF,2026-03-02
B0CPNXZS1X,2025-04-28
B0CPNXZS1X,2025-05-26
B0CPNXZS1X,2025-06-23
B0CPNXZS1X,2025-07-21
B0CPNXZS1X,2025-08-18
B0CPNXZS1X,2025-09-15
B0CPNXZS1X,2025-10-13
B0CPNXZS1X,2025-11-10
B0CPNXZS1X,2025-12-08
B0CPNXZS1X,2026-01-05
B0CPNXZS1X,2026-02-02
B0CPNXZS1X,2026-03-02
B0CPNZSG8J,2025-04-28
B0CPNZSG8J,2025-05-26
B0CPNZSG8J,2025-06-23
B0CPNZSG8J,2025-07-21
B0CPNZSG8J,2025-08-18
B0CPNZSG8J,2025-09-15
B0CPNZSG8J,2025-10-13
B0CPNZSG8J,2025-11-10
B0CPNZSG8J,2025-12-08
B0CPNZSG8J,2026-01-05
B0CPNZSG8J,2026-02-02
B0CPNZSG8J,2026-03-02
B0CPP21KGF,2025-04-28
B0CPP21KGF,2025-05-26
B0CPP21KGF,2025-06-23
B0CPP21KGF,2025-07-21
B0CPP21KGF,2025-08-18
B0CPP21KGF,2025-09-15
B0CPP21KGF,2025-10-13
B0CPP21KGF,2025-11-10
B0CPP21KGF,2025-12-08
B0CPP21KGF,2026-01-05
B0CPP21KGF,2026-02-02
B0CPP21KGF,2026-03-02
B0CPP4LWPX,2025-04-28
B0CPP4LWPX,2025-05-26
B0CPP4LWPX,2025-06-23
B0CPP4LWPX,2025-07-21
B0CPP4LWPX,2025-08-18
B0CPP4LWPX,2025-09-15
B0CPP4LWPX,2025-10-13
B0CPP4LWPX,2025-11-10
B0CPP4LWPX,2025-12-08
B0CPP4LWPX,2026-01-05
B0CPP4LWPX,2026-02-02
B0CPP4LWPX,2026-03-02
B0CPP76GX4,2025-04-28
B0CPP76GX4,2025-05-26
B0CPP76GX4,2025-06-23
B0CPP76GX4,2025-07-21
B0CPP76GX4,2025-08-18
B0CPP76GX4,2025-09-15
B0CPP76GX4,2025-10-13
B0CPP76GX4,2025-11-10
B0CPP76GX4,2025-12-08
B0CPP76GX4,2026-01-05
B0CPP76GX4,2026-02-02
B0CPP76GX4,2026-03-02
B0CPP8T1LW,2025-04-28
B0CPP8T1LW,2025-05-26
B0CPP8T1LW,2025-06-23
B0CPP8T1LW,2025-07-21
B0CPP8T1LW,2025-08-18
B0CPP8T1LW,2025-09-15
B0CPP8T1LW,2025-10-13
B0CPP8T1LW,2025-11-10
B0CPP8T1LW,2025-12-08
B0CPP8T1LW,2026-01-05
B0CPP8T1LW,2026-02-02
B0CPP8T1LW,2026-03-02
B0CPP9MN32,2025-04-28
B0CPP9MN32,2025-05-26
B0CPP9MN32,2025-06-23
B0CPP9MN32,2025-07-21
B0CPP9MN32,2025-08-18
B0CPP9MN32,2025-09-15
B0CPP9MN32,2025-10-13
B0CPP9MN32,2025-11-10
B0CPP9MN32,2025-12-08
B0CPP9MN32,2026-01-05
B0CPP9MN32,2026-02-02
B0CPP9MN32,2026-03-02
B0CPPJ1G7P,2025-04-28
B0CPPJ1G7P,2025-05-26
B0CPPJ1G7P,2025-06-23
B0CPPJ1G7P,2025-07-21
B0CPPJ1G7P,2025-08-18
B0CPPJ1G7P,2025-09-15
B0CPPJ1G7P,2025-10-13
B0CPPJ1G7P,2025-11-10
B0CPPJ1G7P,2025-12-08
B0CPPJ1G7P,2026-01-05
B0CPPJ1G7P,2026-02-02
B0CPPJ1G7P,2026-03-02
B0CPQ8W647,2025-04-28
B0CPQ8W647,2025-05-26
B0CPQ8W647,2025-06-23
B0CPQ8W647,2025-07-21
B0CPQ8W647,2025-08-18
B0CPQ8W647,2025-09-15
B0CPQ8W647,2025-10-13
B0CPQ8W647,2025-11-10
B0CPQ8W647,2025-12-08
B0CPQ8W647,2026-01-05
B0CPQ8W647,2026-02-02
B0CPQ8W647,2026-03-02
B0CPQNPH1F,2025-04-28
B0CPQNPH1F,2025-05-26
B0CPQNPH1F,2025-06-23
B0CPQNPH1F,2025-07-21
B0CPQNPH1F,2025-08-18
B0CPQNPH1F,2025-09-15
B0CPQNPH1F,2025-10-13
B0CPQNPH1F,2025-11-10
B0CPQNPH1F,2025-12-08
B0CPQNPH1F,2026-01-05
B0CPQNPH1F,2026-02-02
B0CPQNPH1F,2026-03-02
B0CPQP1Z1W,2025-04-28
B0CPQP1Z1W,2025-05-26
B0CPQP1Z1W,2025-06-23
B0CPQP1Z1W,2025-07-21
B0CPQP1Z1W,2025-08-18
B0CPQP1Z1W,2025-09-15
B0CPQP1Z1W,2025-10-13
B0CPQP1Z1W,2025-11-10
B0CPQP1Z1W,2025-12-08
B0CPQP1Z1W,2026-01-05
B0CPQP1Z1W,2026-02-02
B0CPQP1Z1W,2026-03-02
B0CPQRPS5D,2025-04-28
B0CPQRPS5D,2025-05-26
B0CPQRPS5D,2025-06-23
B0CPQRPS5D,2025-07-21
B0CPQRPS5D,2025-08-18
B0CPQRPS5D,2025-09-15
B0CPQRPS5D,2025-10-13
B0CPQRPS5D,2025-11-10
B0CPQRPS5D,2025-12-08
B0CPQRPS5D,2026-01-05
B0CPQRPS5D,2026-02-02
B0CPQRPS5D,2026-03-02
B0CPTJXMZ5,2025-04-28
B0CPTJXMZ5,2025-05-26
B0CPTJXMZ5,2025-06-23
B0CPTJXMZ5,2025-07-21
B0CPTJXMZ5,2025-08-18
B0CPTJXMZ5,2025-09-15
B0CPTJXMZ5,2025-10-13
B0CPTJXMZ5,2025-11-10
B0CPTJXMZ5,2025-12-08
B0CPTJXMZ5,2026-01-05
B0CPTJXMZ5,2026-02-02
B0CPTJXMZ5,2026-03-02
B0CPXN9ZSS,2025-04-28
B0CPXN9ZSS,2025-05-26
B0CPXN9ZSS,2025-06-23
B0CPXN9ZSS,2025-07-21
B0CPXN9ZSS,2025-08-18
B0CPXN9ZSS,2025-09-15
B0CPXN9ZSS,2025-10-13
B0CPXN9ZSS,2025-11-10
B0CPXN9ZSS,2025-12-08
B0CPXN9ZSS,2026-01-05
B0CPXN9ZSS,2026-02-02
B0CPXN9ZSS,2026-03-02
B0CQ1631SG,2025-04-28
B0CQ1631SG,2025-05-26
B0CQ1631SG,2025-06-23
B0CQ1631SG,2025-07-21
B0CQ1631SG,2025-08-18
B0CQ1631SG,2025-09-15
B0CQ1631SG,2025-10-13
B0CQ1631SG,2025-11-10
B0CQ1631SG,2025-12-08
B0CQ1631SG,2026-01-05
B0CQ1631SG,2026-02-02
B0CQ1631SG,2026-03-02
B0CQ1G79CF,2025-04-28
B0CQ1G79CF,2025-05-26
B0CQ1G79CF,2025-06-23
B0CQ1G79CF,2025-07-21
B0CQ1G79CF,2025-08-18
B0CQ1G79CF,2025-09-15
B0CQ1G79CF,2025-10-13
B0CQ1G79CF,2025-11-10
B0CQ1G79CF,2025-12-08
B0CQ1G79CF,2026-01-05
B0CQ1G79CF,2026-02-02
B0CQ1G79CF,2026-03-02
B0CQ1J5B11,2025-04-28
B0CQ1J5B11,2025-05-26
B0CQ1J5B11,2025-06-23
B0CQ1J5B11,2025-07-21
B0CQ1J5B11,2025-08-18
B0CQ1J5B11,2025-09-15
B0CQ1J5B11,2025-10-13
B0CQ1J5B11,2025-11-10
B0CQ1J5B11,2025-12-08
B0CQ1J5B11,2026-01-05
B0CQ1J5B11,2026-02-02
B0CQ1J5B11,2026-03-02
B0CQ2QC6XZ,2025-04-28
B0CQ2QC6XZ,2025-05-26
B0CQ2QC6XZ,2025-06-23
B0CQ2QC6XZ,2025-07-21
B0CQ2QC6XZ,2025-08-18
B0CQ2QC6XZ,2025-09-15
B0CQ2QC6XZ,2025-10-13
B0CQ2QC6XZ,2025-11-10
B0CQ2QC6XZ,2025-12-08
B0CQ2QC6XZ,2026-01-05
B0CQ2QC6XZ,2026-02-02
B0CQ2QC6XZ,2026-03-02
B0CQ2TXS26,2025-04-28
B0CQ2TXS26,2025-05-26
B0CQ2TXS26,2025-06-23
B0CQ2TXS26,2025-07-21
B0CQ2TXS26,2025-08-18
B0CQ2TXS26,2025-09-15
B0CQ2TXS26,2025-10-13
B0CQ2TXS26,2025-11-10
B0CQ2TXS26,2025-12-08
B0CQ2TXS26,2026-01-05
B0CQ2TXS26,2026-02-02
B0CQ2TXS26,2026-03-02
B0CQ49BXB7,2025-04-28
B0CQ49BXB7,2025-05-26
B0CQ49BXB7,2025-06-23
B0CQ49BXB7,2025-07-21
B0CQ49BXB7,2025-08-18
B0CQ49BXB7,2025-09-15
B0CQ49BXB7,2025-10-13
B0CQ49BXB7,2025-11-10
B0CQ49BXB7,2025-12-08
B0CQ49BXB7,2026-01-05
B0CQ49BXB7,2026-02-02
B0CQ49BXB7,2026-03-02
B0CQ4QFR6W,2025-04-28
B0CQ4QFR6W,2025-05-26
B0CQ4QFR6W,2025-06-23
B0CQ4QFR6W,2025-07-21
B0CQ4QFR6W,2025-08-18
B0CQ4QFR6W,2025-09-15
B0CQ4QFR6W,2025-10-13
B0CQ4QFR6W,2025-11-10
B0CQ4QFR6W,2025-12-08
B0CQ4QFR6W,2026-01-05
B0CQ4QFR6W,2026-02-02
B0CQ4QFR6W,2026-03-02
B0CQ4YLNN3,2025-04-28
B0CQ4YLNN3,2025-05-26
B0CQ4YLNN3,2025-06-23
B0CQ4YLNN3,2025-07-21
B0CQ4YLNN3,2025-08-18
B0CQ4YLNN3,2025-09-15
B0CQ4YLNN3,2025-10-13
B0CQ4YLNN3,2025-11-10
B0CQ4YLNN3,2025-12-08
B0CQ4YLNN3,2026-01-05
B0CQ4YLNN3,2026-02-02
B0CQ4YLNN3,2026-03-02
B0CQ4ZQG86,2025-04-28
B0CQ4ZQG86,2025-05-26
B0CQ4ZQG86,2025-06-23
B0CQ4ZQG86,2025-07-21
B0CQ4ZQG86,2025-08-18
B0CQ4ZQG86,2025-09-15
B0CQ4ZQG86,2025-10-13
B0CQ4ZQG86,2025-11-10
B0CQ4ZQG86,2025-12-08
B0CQ4ZQG86,2026-01-05
B0CQ4ZQG86,2026-02-02
B0CQ4ZQG86,2026-03-02
B0CQ4ZT51R,2025-04-28
B0CQ4ZT51R,2025-05-26
B0CQ4ZT51R,2025-06-23
B0CQ4ZT51R,2025-07-21
B0CQ4ZT51R,2025-08-18
B0CQ4ZT51R,2025-09-15
B0CQ4ZT51R,2025-10-13
B0CQ4ZT51R,2025-11-10
B0CQ4ZT51R,2025-12-08
B0CQ4ZT51R,2026-01-05
B0CQ4ZT51R,2026-02-02
B0CQ4ZT51R,2026-03-02
B0CQC9772D,2025-04-28
B0CQC9772D,2025-05-26
B0CQC9772D,2025-06-23
B0CQC9772D,2025-07-21
B0CQC9772D,2025-08-18
B0CQC9772D,2025-09-15
B0CQC9772D,2025-10-13
B0CQC9772D,2025-11-10
B0CQC9772D,2025-12-08
B0CQC9772D,2026-01-05
B0CQC9772D,2026-02-02
B0CQC9772D,2026-03-02
B0CQCMXMD4,2025-04-28
B0CQCMXMD4,2025-05-26
B0CQCMXMD4,2025-06-23
B0CQCMXMD4,2025-07-21
B0CQCMXMD4,2025-08-18
B0CQCMXMD4,2025-09-15
B0CQCMXMD4,2025-10-13
B0CQCMXMD4,2025-11-10
B0CQCMXMD4,2025-12-08
B0CQCMXMD4,2026-01-05
B0CQCMXMD4,2026-02-02
B0CQCMXMD4,2026-03-02
B0CQCNJRYQ,2025-04-28
B0CQCNJRYQ,2025-05-26
B0CQCNJRYQ,2025-06-23
B0CQCNJRYQ,2025-07-21
B0CQCNJRYQ,2025-08-18
B0CQCNJRYQ,2025-09-15
B0CQCNJRYQ,2025-10-13
B0CQCNJRYQ,2025-11-10
B0CQCNJRYQ,2025-12-08
B0CQCNJRYQ,2026-01-05
B0CQCNJRYQ,2026-02-02
B0CQCNJRYQ,2026-03-02
B0CQJ9VJT1,2025-04-28
B0CQJ9VJT1,2025-05-26
B0CQJ9VJT1,2025-06-23
B0CQJ9VJT1,2025-07-21
B0CQJ9VJT1,2025-08-18
B0CQJ9VJT1,2025-09-15
B0CQJ9VJT1,2025-10-13
B0CQJ9VJT1,2025-11-10
B0CQJ9VJT1,2025-12-08
B0CQJ9VJT1,2026-01-05
B0CQJ9VJT1,2026-02-02
B0CQJ9VJT1,2026-03-02
B0CQJF4XZV,2025-04-28
B0CQJF4XZV,2025-05-26
B0CQJF4XZV,2025-06-23
B0CQJF4XZV,2025-07-21
B0CQJF4XZV,2025-08-18
B0CQJF4XZV,2025-09-15
B0CQJF4XZV,2025-10-13
B0CQJF4XZV,2025-11-10
B0CQJF4XZV,2025-12-08
B0CQJF4XZV,2026-01-05
B0CQJF4XZV,2026-02-02
B0CQJF4XZV,2026-03-02
B0CQJH3923,2025-04-28
B0CQJH3923,2025-05-26
B0CQJH3923,2025-06-23
B0CQJH3923,2025-07-21
B0CQJH3923,2025-08-18
B0CQJH3923,2025-09-15
B0CQJH3923,2025-10-13
B0CQJH3923,2025-11-10
B0CQJH3923,2025-12-08
B0CQJH3923,2026-01-05
B0CQJH3923,2026-02-02
B0CQJH3923,2026-03-02
B0CQJMQSKK,2025-04-28
B0CQJMQSKK,2025-05-26
B0CQJMQSKK,2025-06-23
B0CQJMQSKK,2025-07-21
B0CQJMQSKK,2025-08-18
B0CQJMQSKK,2025-09-15
B0CQJMQSKK,2025-10-13
B0CQJMQSKK,2025-11-10
B0CQJMQSKK,2025-12-08
B0CQJMQSKK,2026-01-05
B0CQJMQSKK,2026-02-02
B0CQJMQSKK,2026-03-02
B0CQJNHLRQ,2025-04-28
B0CQJNHLRQ,2025-05-26
B0CQJNHLRQ,2025-06-23
B0CQJNHLRQ,2025-07-21
B0CQJNHLRQ,2025-08-18
B0CQJNHLRQ,2025-09-15
B0CQJNHLRQ,2025-10-13
B0CQJNHLRQ,2025-11-10
B0CQJNHLRQ,2025-12-08
B0CQJNHLRQ,2026-01-05
B0CQJNHLRQ,2026-02-02
B0CQJNHLRQ,2026-03-02
B0CQJNXYQP,2025-04-28
B0CQJNXYQP,2025-05-26
B0CQJNXYQP,2025-06-23
B0CQJNXYQP,2025-07-21
B0CQJNXYQP,2025-08-18
B0CQJNXYQP,2025-09-15
B0CQJNXYQP,2025-10-13
B0CQJNXYQP,2025-11-10
B0CQJNXYQP,2025-12-08
B0CQJNXYQP,2026-01-05
B0CQJNXYQP,2026-02-02
B0CQJNXYQP,2026-03-02
B0CQJQ1NX8,2025-04-28
B0CQJQ1NX8,2025-05-26
B0CQJQ1NX8,2025-06-23
B0CQJQ1NX8,2025-07-21
B0CQJQ1NX8,2025-08-18
B0CQJQ1NX8,2025-09-15
B0CQJQ1NX8,2025-10-13
B0CQJQ1NX8,2025-11-10
B0CQJQ1NX8,2025-12-08
B0CQJQ1NX8,2026-01-05
B0CQJQ1NX8,2026-02-02
B0CQJQ1NX8,2026-03-02
B0CQJQD5L6,2025-04-28
B0CQJQD5L6,2025-05-26
B0CQJQD5L6,2025-06-23
B0CQJQD5L6,2025-07-21
B0CQJQD5L6,2025-08-18
B0CQJQD5L6,2025-09-15
B0CQJQD5L6,2025-10-13
B0CQJQD5L6,2025-11-10
B0CQJQD5L6,2025-12-08
B0CQJQD5L6,2026-01-05
B0CQJQD5L6,2026-02-02
B0CQJQD5L6,2026-03-02
B0CQMM4475,2025-04-28
B0CQMM4475,2025-05-26
B0CQMM4475,2025-06-23
B0CQMM4475,2025-07-21
B0CQMM4475,2025-08-18
B0CQMM4475,2025-09-15
B0CQMM4475,2025-10-13
B0CQMM4475,2025-11-10
B0CQMM4475,2025-12-08
B0CQMM4475,2026-01-05
B0CQMM4475,2026-02-02
B0CQMM4475,2026-03-02
B0CQMR4F1D,2025-04-28
B0CQMR4F1D,2025-05-26
B0CQMR4F1D,2025-06-23
B0CQMR4F1D,2025-07-21
B0CQMR4F1D,2025-08-18
B0CQMR4F1D,2025-09-15
B0CQMR4F1D,2025-10-13
B0CQMR4F1D,2025-11-10
B0CQMR4F1D,2025-12-08
B0CQMR4F1D,2026-01-05
B0CQMR4F1D,2026-02-02
B0CQMR4F1D,2026-03-02
B0CQMXXG8R,2025-04-28
B0CQMXXG8R,2025-05-26
B0CQMXXG8R,2025-06-23
B0CQMXXG8R,2025-07-21
B0CQMXXG8R,2025-08-18
B0CQMXXG8R,2025-09-15
B0CQMXXG8R,2025-10-13
B0CQMXXG8R,2025-11-10
B0CQMXXG8R,2025-12-08
B0CQMXXG8R,2026-01-05
B0CQMXXG8R,2026-02-02
B0CQMXXG8R,2026-03-02
B0CQMZ1QMF,2025-04-28
B0CQMZ1QMF,2025-05-26
B0CQMZ1QMF,2025-06-23
B0CQMZ1QMF,2025-07-21
B0CQMZ1QMF,2025-08-18
B0CQMZ1QMF,2025-09-15
B0CQMZ1QMF,2025-10-13
B0CQMZ1QMF,2025-11-10
B0CQMZ1QMF,2025-12-08
B0CQMZ1QMF,2026-01-05
B0CQMZ1QMF,2026-02-02
B0CQMZ1QMF,2026-03-02
B0CQN69SKD,2025-04-28
B0CQN69SKD,2025-05-26
B0CQN69SKD,2025-06-23
B0CQN69SKD,2025-07-21
B0CQN69SKD,2025-08-18
B0CQN69SKD,2025-09-15
B0CQN69SKD,2025-10-13
B0CQN69SKD,2025-11-10
B0CQN69SKD,2025-12-08
B0CQN69SKD,2026-01-05
B0CQN69SKD,2026-02-02
B0CQN69SKD,2026-03-02
B0CQP57N27,2025-04-28
B0CQP57N27,2025-05-26
B0CQP57N27,2025-06-23
B0CQP57N27,2025-07-21
B0CQP57N27,2025-08-18
B0CQP57N27,2025-09-15
B0CQP57N27,2025-10-13
B0CQP57N27,2025-11-10
B0CQP57N27,2025-12-08
B0CQP57N27,2026-01-05
B0CQP57N27,2026-02-02
B0CQP57N27,2026-03-02
B0CQT7HW9Z,2025-04-28
B0CQT7HW9Z,2025-05-26
B0CQT7HW9Z,2025-06-23
B0CQT7HW9Z,2025-07-21
B0CQT7HW9Z,2025-08-18
B0CQT7HW9Z,2025-09-15
B0CQT7HW9Z,2025-10-13
B0CQT7HW9Z,2025-11-10
B0CQT7HW9Z,2025-12-08
B0CQT7HW9Z,2026-01-05
B0CQT7HW9Z,2026-02-02
B0CQT7HW9Z,2026-03-02
B0CQT8B59P,2025-04-28
B0CQT8B59P,2025-05-26
B0CQT8B59P,2025-06-23
B0CQT8B59P,2025-07-21
B0CQT8B59P,2025-08-18
B0CQT8B59P,2025-09-15
B0CQT8B59P,2025-10-13
B0CQT8B59P,2025-11-10
B0CQT8B59P,2025-12-08
B0CQT8B59P,2026-01-05
B0CQT8B59P,2026-02-02
B0CQT8B59P,2026-03-02
B0CQTCR59T,2025-04-28
B0CQTCR59T,2025-05-26
B0CQTCR59T,2025-06-23
B0CQTCR59T,2025-07-21
B0CQTCR59T,2025-08-18
B0CQTCR59T,2025-09-15
B0CQTCR59T,2025-10-13
B0CQTCR59T,2025-11-10
B0CQTCR59T,2025-12-08
B0CQTCR59T,2026-01-05
B0CQTCR59T,2026-02-02
B0CQTCR59T,2026-03-02
B0CQX93BVJ,2025-04-28
B0CQX93BVJ,2025-05-26
B0CQX93BVJ,2025-06-23
B0CQX93BVJ,2025-07-21
B0CQX93BVJ,2025-08-18
B0CQX93BVJ,2025-09-15
B0CQX93BVJ,2025-10-13
B0CQX93BVJ,2025-11-10
B0CQX93BVJ,2025-12-08
B0CQX93BVJ,2026-01-05
B0CQX93BVJ,2026-02-02
B0CQX93BVJ,2026-03-02
B0CQXH2YDT,2025-04-28
B0CQXH2YDT,2025-05-26
B0CQXH2YDT,2025-06-23
B0CQXH2YDT,2025-07-21
B0CQXH2YDT,2025-08-18
B0CQXH2YDT,2025-09-15
B0CQXH2YDT,2025-10-13
B0CQXH2YDT,2025-11-10
B0CQXH2YDT,2025-12-08
B0CQXH2YDT,2026-01-05
B0CQXH2YDT,2026-02-02
B0CQXH2YDT,2026-03-02
B0CR1F8KX3,2025-04-28
B0CR1F8KX3,2025-05-26
B0CR1F8KX3,2025-06-23
B0CR1F8KX3,2025-07-21
B0CR1F8KX3,2025-08-18
B0CR1F8KX3,2025-09-15
B0CR1F8KX3,2025-10-13
B0CR1F8KX3,2025-11-10
B0CR1F8KX3,2025-12-08
B0CR1F8KX3,2026-01-05
B0CR1F8KX3,2026-02-02
B0CR1F8KX3,2026-03-02
B0CR34KQHR,2025-04-28
B0CR34KQHR,2025-05-26
B0CR34KQHR,2025-06-23
B0CR34KQHR,2025-07-21
B0CR34KQHR,2025-08-18
B0CR34KQHR,2025-09-15
B0CR34KQHR,2025-10-13
B0CR34KQHR,2025-11-10
B0CR34KQHR,2025-12-08
B0CR34KQHR,2026-01-05
B0CR34KQHR,2026-02-02
B0CR34KQHR,2026-03-02
B0CR36VDMX,2025-04-28
B0CR36VDMX,2025-05-26
B0CR36VDMX,2025-06-23
B0CR36VDMX,2025-07-21
B0CR36VDMX,2025-08-18
B0CR36VDMX,2025-09-15
B0CR36VDMX,2025-10-13
B0CR36VDMX,2025-11-10
B0CR36VDMX,2025-12-08
B0CR36VDMX,2026-01-05
B0CR36VDMX,2026-02-02
B0CR36VDMX,2026-03-02
B0CR37JH9N,2025-04-28
B0CR37JH9N,2025-05-26
B0CR37JH9N,2025-06-23
B0CR37JH9N,2025-07-21
B0CR37JH9N,2025-08-18
B0CR37JH9N,2025-09-15
B0CR37JH9N,2025-10-13
B0CR37JH9N,2025-11-10
B0CR37JH9N,2025-12-08
B0CR37JH9N,2026-01-05
B0CR37JH9N,2026-02-02
B0CR37JH9N,2026-03-02
B0CR5C5JJV,2025-04-28
B0CR5C5JJV,2025-05-26
B0CR5C5JJV,2025-06-23
B0CR5C5JJV,2025-07-21
B0CR5C5JJV,2025-08-18
B0CR5C5JJV,2025-09-15
B0CR5C5JJV,2025-10-13
B0CR5C5JJV,2025-11-10
B0CR5C5JJV,2025-12-08
B0CR5C5JJV,2026-01-05
B0CR5C5JJV,2026-02-02
B0CR5C5JJV,2026-03-02
B0CR5JBB43,2025-04-28
B0CR5JBB43,2025-05-26
B0CR5JBB43,2025-06-23
B0CR5JBB43,2025-07-21
B0CR5JBB43,2025-08-18
B0CR5JBB43,2025-09-15
B0CR5JBB43,2025-10-13
B0CR5JBB43,2025-11-10
B0CR5JBB43,2025-12-08
B0CR5JBB43,2026-01-05
B0CR5JBB43,2026-02-02
B0CR5JBB43,2026-03-02
B0CR5P818B,2025-04-28
B0CR5P818B,2025-05-26
B0CR5P818B,2025-06-23
B0CR5P818B,2025-07-21
B0CR5P818B,2025-08-18
B0CR5P818B,2025-09-15
B0CR5P818B,2025-10-13
B0CR5P818B,2025-11-10
B0CR5P818B,2025-12-08
B0CR5P818B,2026-01-05
B0CR5P818B,2026-02-02
B0CR5P818B,2026-03-02
B0CR5PWZ7S,2025-04-28
B0CR5PWZ7S,2025-05-26
B0CR5PWZ7S,2025-06-23
B0CR5PWZ7S,2025-07-21
B0CR5PWZ7S,2025-08-18
B0CR5PWZ7S,2025-09-15
B0CR5PWZ7S,2025-10-13
B0CR5PWZ7S,2025-11-10
B0CR5PWZ7S,2025-12-08
B0CR5PWZ7S,2026-01-05
B0CR5PWZ7S,2026-02-02
B0CR5PWZ7S,2026-03-02
B0CR5RRLHN,2025-04-28
B0CR5RRLHN,2025-05-26
B0CR5RRLHN,2025-06-23
B0CR5RRLHN,2025-07-21
B0CR5RRLHN,2025-08-18
B0CR5RRLHN,2025-09-15
B0CR5RRLHN,2025-10-13
B0CR5RRLHN,2025-11-10
B0CR5RRLHN,2025-12-08
B0CR5RRLHN,2026-01-05
B0CR5RRLHN,2026-02-02
B0CR5RRLHN,2026-03-02
B0CR5TLBQN,2025-04-28
B0CR5TLBQN,2025-05-26
B0CR5TLBQN,2025-06-23
B0CR5TLBQN,2025-07-21
B0CR5TLBQN,2025-08-18
B0CR5TLBQN,2025-09-15
B0CR5TLBQN,2025-10-13
B0CR5TLBQN,2025-11-10
B0CR5TLBQN,2025-12-08
B0CR5TLBQN,2026-01-05
B0CR5TLBQN,2026-02-02
B0CR5TLBQN,2026-03-02
B0CR5VDJLK,2025-04-28
B0CR5VDJLK,2025-05-26
B0CR5VDJLK,2025-06-23
B0CR5VDJLK,2025-07-21
B0CR5VDJLK,2025-08-18
B0CR5VDJLK,2025-09-15
B0CR5VDJLK,2025-10-13
B0CR5VDJLK,2025-11-10
B0CR5VDJLK,2025-12-08
B0CR5VDJLK,2026-01-05
B0CR5VDJLK,2026-02-02
B0CR5VDJLK,2026-03-02
B0CR69L7HW,2025-04-28
B0CR69L7HW,2025-05-26
B0CR69L7HW,2025-06-23
B0CR69L7HW,2025-07-21
B0CR69L7HW,2025-08-18
B0CR69L7HW,2025-09-15
B0CR69L7HW,2025-10-13
B0CR69L7HW,2025-11-10
B0CR69L7HW,2025-12-08
B0CR69L7HW,2026-01-05
B0CR69L7HW,2026-02-02
B0CR69L7HW,2026-03-02
B0CR6GHMRP,2025-04-28
B0CR6GHMRP,2025-05-26
B0CR6GHMRP,2025-06-23
B0CR6GHMRP,2025-07-21
B0CR6GHMRP,2025-08-18
B0CR6GHMRP,2025-09-15
B0CR6GHMRP,2025-10-13
B0CR6GHMRP,2025-11-10
B0CR6GHMRP,2025-12-08
B0CR6GHMRP,2026-01-05
B0CR6GHMRP,2026-02-02
B0CR6GHMRP,2026-03-02
B0CR9YDG5Z,2025-04-28
B0CR9YDG5Z,2025-05-26
B0CR9YDG5Z,2025-06-23
B0CR9YDG5Z,2025-07-21
B0CR9YDG5Z,2025-08-18
B0CR9YDG5Z,2025-09-15
B0CR9YDG5Z,2025-10-13
B0CR9YDG5Z,2025-11-10
B0CR9YDG5Z,2025-12-08
B0CR9YDG5Z,2026-01-05
B0CR9YDG5Z,2026-02-02
B0CR9YDG5Z,2026-03-02
B0CR9ZKWRT,2025-04-28
B0CR9ZKWRT,2025-05-26
B0CR9ZKWRT,2025-06-23
B0CR9ZKWRT,2025-07-21
B0CR9ZKWRT,2025-08-18
B0CR9ZKWRT,2025-09-15
B0CR9ZKWRT,2025-10-13
B0CR9ZKWRT,2025-11-10
B0CR9ZKWRT,2025-12-08
B0CR9ZKWRT,2026-01-05
B0CR9ZKWRT,2026-02-02
B0CR9ZKWRT,2026-03-02
B0CRCTQ54D,2025-04-28
B0CRCTQ54D,2025-05-26
B0CRCTQ54D,2025-06-23
B0CRCTQ54D,2025-07-21
B0CRCTQ54D,2025-08-18
B0CRCTQ54D,2025-09-15
B0CRCTQ54D,2025-10-13
B0CRCTQ54D,2025-11-10
B0CRCTQ54D,2025-12-08
B0CRCTQ54D,2026-01-05
B0CRCTQ54D,2026-02-02
B0CRCTQ54D,2026-03-02
B0CRCWTN3W,2025-04-28
B0CRCWTN3W,2025-05-26
B0CRCWTN3W,2025-06-23
B0CRCWTN3W,2025-07-21
B0CRCWTN3W,2025-08-18
B0CRCWTN3W,2025-09-15
B0CRCWTN3W,2025-10-13
B0CRCWTN3W,2025-11-10
B0CRCWTN3W,2025-12-08
B0CRCWTN3W,2026-01-05
B0CRCWTN3W,2026-02-02
B0CRCWTN3W,2026-03-02
B0CRDBJ4DN,2025-04-28
B0CRDBJ4DN,2025-05-26
B0CRDBJ4DN,2025-06-23
B0CRDBJ4DN,2025-07-21
B0CRDBJ4DN,2025-08-18
B0CRDBJ4DN,2025-09-15
B0CRDBJ4DN,2025-10-13
B0CRDBJ4DN,2025-11-10
B0CRDBJ4DN,2025-12-08
B0CRDBJ4DN,2026-01-05
B0CRDBJ4DN,2026-02-02
B0CRDBJ4DN,2026-03-02
B0CRDGSPWN,2025-04-28
B0CRDGSPWN,2025-05-26
B0CRDGSPWN,2025-06-23
B0CRDGSPWN,2025-07-21
B0CRDGSPWN,2025-08-18
B0CRDGSPWN,2025-09-15
B0CRDGSPWN,2025-10-13
B0CRDGSPWN,2025-11-10
B0CRDGSPWN,2025-12-08
B0CRDGSPWN,2026-01-05
B0CRDGSPWN,2026-02-02
B0CRDGSPWN,2026-03-02
B0CRDND4Y3,2025-04-28
B0CRDND4Y3,2025-05-26
B0CRDND4Y3,2025-06-23
B0CRDND4Y3,2025-07-21
B0CRDND4Y3,2025-08-18
B0CRDND4Y3,2025-09-15
B0CRDND4Y3,2025-10-13
B0CRDND4Y3,2025-11-10
B0CRDND4Y3,2025-12-08
B0CRDND4Y3,2026-01-05
B0CRDND4Y3,2026-02-02
B0CRDND4Y3,2026-03-02
B0CRDRN6SM,2025-04-28
B0CRDRN6SM,2025-05-26
B0CRDRN6SM,2025-06-23
B0CRDRN6SM,2025-07-21
B0CRDRN6SM,2025-08-18
B0CRDRN6SM,2025-09-15
B0CRDRN6SM,2025-10-13
B0CRDRN6SM,2025-11-10
B0CRDRN6SM,2025-12-08
B0CRDRN6SM,2026-01-05
B0CRDRN6SM,2026-02-02
B0CRDRN6SM,2026-03-02
B0CRGGQGL9,2025-04-28
B0CRGGQGL9,2025-05-26
B0CRGGQGL9,2025-06-23
B0CRGGQGL9,2025-07-21
B0CRGGQGL9,2025-08-18
B0CRGGQGL9,2025-09-15
B0CRGGQGL9,2025-10-13
B0CRGGQGL9,2025-11-10
B0CRGGQGL9,2025-12-08
B0CRGGQGL9,2026-01-05
B0CRGGQGL9,2026-02-02
B0CRGGQGL9,2026-03-02
B0CRGK9Q1H,2025-04-28
B0CRGK9Q1H,2025-05-26
B0CRGK9Q1H,2025-06-23
B0CRGK9Q1H,2025-07-21
B0CRGK9Q1H,2025-08-18
B0CRGK9Q1H,2025-09-15
B0CRGK9Q1H,2025-10-13
B0CRGK9Q1H,2025-11-10
B0CRGK9Q1H,2025-12-08
B0CRGK9Q1H,2026-01-05
B0CRGK9Q1H,2026-02-02
B0CRGK9Q1H,2026-03-02
B0CRGRGQYW,2025-04-28
B0CRGRGQYW,2025-05-26
B0CRGRGQYW,2025-06-23
B0CRGRGQYW,2025-07-21
B0CRGRGQYW,2025-08-18
B0CRGRGQYW,2025-09-15
B0CRGRGQYW,2025-10-13
B0CRGRGQYW,2025-11-10
B0CRGRGQYW,2025-12-08
B0CRGRGQYW,2026-01-05
B0CRGRGQYW,2026-02-02
B0CRGRGQYW,2026-03-02
B0CRKVBDDB,2025-04-28
B0CRKVBDDB,2025-05-26
B0CRKVBDDB,2025-06-23
B0CRKVBDDB,2025-07-21
B0CRKVBDDB,2025-08-18
B0CRKVBDDB,2025-09-15
B0CRKVBDDB,2025-10-13
B0CRKVBDDB,2025-11-10
B0CRKVBDDB,2025-12-08
B0CRKVBDDB,2026-01-05
B0CRKVBDDB,2026-02-02
B0CRKVBDDB,2026-03-02
B0CRR2NB36,2025-04-28
B0CRR2NB36,2025-05-26
B0CRR2NB36,2025-06-23
B0CRR2NB36,2025-07-21
B0CRR2NB36,2025-08-18
B0CRR2NB36,2025-09-15
B0CRR2NB36,2025-10-13
B0CRR2NB36,2025-11-10
B0CRR2NB36,2025-12-08
B0CRR2NB36,2026-01-05
B0CRR2NB36,2026-02-02
B0CRR2NB36,2026-03-02
B0CRSTMYMH,2025-04-28
B0CRSTMYMH,2025-05-26
B0CRSTMYMH,2025-06-23
B0CRSTMYMH,2025-07-21
B0CRSTMYMH,2025-08-18
B0CRSTMYMH,2025-09-15
B0CRSTMYMH,2025-10-13
B0CRSTMYMH,2025-11-10
B0CRSTMYMH,2025-12-08
B0CRSTMYMH,2026-01-05
B0CRSTMYMH,2026-02-02
B0CRSTMYMH,2026-03-02
B0CRSW2373,2025-04-28
B0CRSW2373,2025-05-26
B0CRSW2373,2025-06-23
B0CRSW2373,2025-07-21
B0CRSW2373,2025-08-18
B0CRSW2373,2025-09-15
B0CRSW2373,2025-10-13
B0CRSW2373,2025-11-10
B0CRSW2373,2025-12-08
B0CRSW2373,2026-01-05
B0CRSW2373,2026-02-02
B0CRSW2373,2026-03-02
B0CRT24GNT,2025-04-28
B0CRT24GNT,2025-05-26
B0CRT24GNT,2025-06-23
B0CRT24GNT,2025-07-21
B0CRT24GNT,2025-08-18
B0CRT24GNT,2025-09-15
B0CRT24GNT,2025-10-13
B0CRT24GNT,2025-11-10
B0CRT24GNT,2025-12-08
B0CRT24GNT,2026-01-05
B0CRT24GNT,2026-02-02
B0CRT24GNT,2026-03-02
B0CRT3DWRZ,2025-04-28
B0CRT3DWRZ,2025-05-26
B0CRT3DWRZ,2025-06-23
B0CRT3DWRZ,2025-07-21
B0CRT3DWRZ,2025-08-18
B0CRT3DWRZ,2025-09-15
B0CRT3DWRZ,2025-10-13
B0CRT3DWRZ,2025-11-10
B0CRT3DWRZ,2025-12-08
B0CRT3DWRZ,2026-01-05
B0CRT3DWRZ,2026-02-02
B0CRT3DWRZ,2026-03-02
B0CRTSX4K7,2025-04-28
B0CRTSX4K7,2025-05-26
B0CRTSX4K7,2025-06-23
B0CRTSX4K7,2025-07-21
B0CRTSX4K7,2025-08-18
B0CRTSX4K7,2025-09-15
B0CRTSX4K7,2025-10-13
B0CRTSX4K7,2025-11-10
B0CRTSX4K7,2025-12-08
B0CRTSX4K7,2026-01-05
B0CRTSX4K7,2026-02-02
B0CRTSX4K7,2026-03-02
B0CRYLVWY2,2025-04-28
B0CRYLVWY2,2025-05-26
B0CRYLVWY2,2025-06-23
B0CRYLVWY2,2025-07-21
B0CRYLVWY2,2025-08-18
B0CRYLVWY2,2025-09-15
B0CRYLVWY2,2025-10-13
B0CRYLVWY2,2025-11-10
B0CRYLVWY2,2025-12-08
B0CRYLVWY2,2026-01-05
B0CRYLVWY2,2026-02-02
B0CRYLVWY2,2026-03-02
B0CRYSY3ZM,2025-04-28
B0CRYSY3ZM,2025-05-26
B0CRYSY3ZM,2025-06-23
B0CRYSY3ZM,2025-07-21
B0CRYSY3ZM,2025-08-18
B0CRYSY3ZM,2025-09-15
B0CRYSY3ZM,2025-10-13
B0CRYSY3ZM,2025-11-10
B0CRYSY3ZM,2025-12-08
B0CRYSY3ZM,2026-01-05
B0CRYSY3ZM,2026-02-02
B0CRYSY3ZM,2026-03-02
B0CRYX4FQT,2025-04-28
B0CRYX4FQT,2025-05-26
B0CRYX4FQT,2025-06-23
B0CRYX4FQT,2025-07-21
B0CRYX4FQT,2025-08-18
B0CRYX4FQT,2025-09-15
B0CRYX4FQT,2025-10-13
B0CRYX4FQT,2025-11-10
B0CRYX4FQT,2025-12-08
B0CRYX4FQT,2026-01-05
B0CRYX4FQT,2026-02-02
B0CRYX4FQT,2026-03-02
B0CS2R6NWM,2025-04-28
B0CS2R6NWM,2025-05-26
B0CS2R6NWM,2025-06-23
B0CS2R6NWM,2025-07-21
B0CS2R6NWM,2025-08-18
B0CS2R6NWM,2025-09-15
B0CS2R6NWM,2025-10-13
B0CS2R6NWM,2025-11-10
B0CS2R6NWM,2025-12-08
B0CS2R6NWM,2026-01-05
B0CS2R6NWM,2026-02-02
B0CS2R6NWM,2026-03-02
B0CS3CKGD4,2025-04-28
B0CS3CKGD4,2025-05-26
B0CS3CKGD4,2025-06-23
B0CS3CKGD4,2025-07-21
B0CS3CKGD4,2025-08-18
B0CS3CKGD4,2025-09-15
B0CS3CKGD4,2025-10-13
B0CS3CKGD4,2025-11-10
B0CS3CKGD4,2025-12-08
B0CS3CKGD4,2026-01-05
B0CS3CKGD4,2026-02-02
B0CS3CKGD4,2026-03-02
B0CS4TLHCF,2025-04-28
B0CS4TLHCF,2025-05-26
B0CS4TLHCF,2025-06-23
B0CS4TLHCF,2025-07-21
B0CS4TLHCF,2025-08-18
B0CS4TLHCF,2025-09-15
B0CS4TLHCF,2025-10-13
B0CS4TLHCF,2025-11-10
B0CS4TLHCF,2025-12-08
B0CS4TLHCF,2026-01-05
B0CS4TLHCF,2026-02-02
B0CS4TLHCF,2026-03-02
B0CS4WDM8K,2025-04-28
B0CS4WDM8K,2025-05-26
B0CS4WDM8K,2025-06-23
B0CS4WDM8K,2025-07-21
B0CS4WDM8K,2025-08-18
B0CS4WDM8K,2025-09-15
B0CS4WDM8K,2025-10-13
B0CS4WDM8K,2025-11-10
B0CS4WDM8K,2025-12-08
B0CS4WDM8K,2026-01-05
B0CS4WDM8K,2026-02-02
B0CS4WDM8K,2026-03-02
B0CS6JLGN3,2025-04-28
B0CS6JLGN3,2025-05-26
B0CS6JLGN3,2025-06-23
B0CS6JLGN3,2025-07-21
B0CS6JLGN3,2025-08-18
B0CS6JLGN3,2025-09-15
B0CS6JLGN3,2025-10-13
B0CS6JLGN3,2025-11-10
B0CS6JLGN3,2025-12-08
B0CS6JLGN3,2026-01-05
B0CS6JLGN3,2026-02-02
B0CS6JLGN3,2026-03-02
B0CSD17M82,2025-04-28
B0CSD17M82,2025-05-26
B0CSD17M82,2025-06-23
B0CSD17M82,2025-07-21
B0CSD17M82,2025-08-18
B0CSD17M82,2025-09-15
B0CSD17M82,2025-10-13
B0CSD17M82,2025-11-10
B0CSD17M82,2025-12-08
B0CSD17M82,2026-01-05
B0CSD17M82,2026-02-02
B0CSD17M82,2026-03-02
B0CSD8CHV8,2025-04-28
B0CSD8CHV8,2025-05-26
B0CSD8CHV8,2025-06-23
B0CSD8CHV8,2025-07-21
B0CSD8CHV8,2025-08-18
B0CSD8CHV8,2025-09-15
B0CSD8CHV8,2025-10-13
B0CSD8CHV8,2025-11-10
B0CSD8CHV8,2025-12-08
B0CSD8CHV8,2026-01-05
B0CSD8CHV8,2026-02-02
B0CSD8CHV8,2026-03-02
B0CSDJ5VFM,2025-04-28
B0CSDJ5VFM,2025-05-26
B0CSDJ5VFM,2025-06-23
B0CSDJ5VFM,2025-07-21
B0CSDJ5VFM,2025-08-18
B0CSDJ5VFM,2025-09-15
B0CSDJ5VFM,2025-10-13
B0CSDJ5VFM,2025-11-10
B0CSDJ5VFM,2025-12-08
B0CSDJ5VFM,2026-01-05
B0CSDJ5VFM,2026-02-02
B0CSDJ5VFM,2026-03-02
B0CSDLTH7L,2025-04-28
B0CSDLTH7L,2025-05-26
B0CSDLTH7L,2025-06-23
B0CSDLTH7L,2025-07-21
B0CSDLTH7L,2025-08-18
B0CSDLTH7L,2025-09-15
B0CSDLTH7L,2025-10-13
B0CSDLTH7L,2025-11-10
B0CSDLTH7L,2025-12-08
B0CSDLTH7L,2026-01-05
B0CSDLTH7L,2026-02-02
B0CSDLTH7L,2026-03-02
B0CSF2GNHP,2025-04-28
B0CSF2GNHP,2025-05-26
B0CSF2GNHP,2025-06-23
B0CSF2GNHP,2025-07-21
B0CSF2GNHP,2025-08-18
B0CSF2GNHP,2025-09-15
B0CSF2GNHP,2025-10-13
B0CSF2GNHP,2025-11-10
B0CSF2GNHP,2025-12-08
B0CSF2GNHP,2026-01-05
B0CSF2GNHP,2026-02-02
B0CSF2GNHP,2026-03-02
B0CSFR9S1G,2025-04-28
B0CSFR9S1G,2025-05-26
B0CSFR9S1G,2025-06-23
B0CSFR9S1G,2025-07-21
B0CSFR9S1G,2025-08-18
B0CSFR9S1G,2025-09-15
B0CSFR9S1G,2025-10-13
B0CSFR9S1G,2025-11-10
B0CSFR9S1G,2025-12-08
B0CSFR9S1G,2026-01-05
B0CSFR9S1G,2026-02-02
B0CSFR9S1G,2026-03-02
B0CSFRVMRG,2025-04-28
B0CSFRVMRG,2025-05-26
B0CSFRVMRG,2025-06-23
B0CSFRVMRG,2025-07-21
B0CSFRVMRG,2025-08-18
B0CSFRVMRG,2025-09-15
B0CSFRVMRG,2025-10-13
B0CSFRVMRG,2025-11-10
B0CSFRVMRG,2025-12-08
B0CSFRVMRG,2026-01-05
B0CSFRVMRG,2026-02-02
B0CSFRVMRG,2026-03-02
B0CSFSGSHD,2025-04-28
B0CSFSGSHD,2025-05-26
B0CSFSGSHD,2025-06-23
B0CSFSGSHD,2025-07-21
B0CSFSGSHD,2025-08-18
B0CSFSGSHD,2025-09-15
B0CSFSGSHD,2025-10-13
B0CSFSGSHD,2025-11-10
B0CSFSGSHD,2025-12-08
B0CSFSGSHD,2026-01-05
B0CSFSGSHD,2026-02-02
B0CSFSGSHD,2026-03-02
B0CSFSJTPX,2025-04-28
B0CSFSJTPX,2025-05-26
B0CSFSJTPX,2025-06-23
B0CSFSJTPX,2025-07-21
B0CSFSJTPX,2025-08-18
B0CSFSJTPX,2025-09-15
B0CSFSJTPX,2025-10-13
B0CSFSJTPX,2025-11-10
B0CSFSJTPX,2025-12-08
B0CSFSJTPX,2026-01-05
B0CSFSJTPX,2026-02-02
B0CSFSJTPX,2026-03-02
B0CSFSLLWV,2025-04-28
B0CSFSLLWV,2025-05-26
B0CSFSLLWV,2025-06-23
B0CSFSLLWV,2025-07-21
B0CSFSLLWV,2025-08-18
B0CSFSLLWV,2025-09-15
B0CSFSLLWV,2025-10-13
B0CSFSLLWV,2025-11-10
B0CSFSLLWV,2025-12-08
B0CSFSLLWV,2026-01-05
B0CSFSLLWV,2026-02-02
B0CSFSLLWV,2026-03-02
B0CSFSTXGN,2025-04-28
B0CSFSTXGN,2025-05-26
B0CSFSTXGN,2025-06-23
B0CSFSTXGN,2025-07-21
B0CSFSTXGN,2025-08-18
B0CSFSTXGN,2025-09-15
B0CSFSTXGN,2025-10-13
B0CSFSTXGN,2025-11-10
B0CSFSTXGN,2025-12-08
B0CSFSTXGN,2026-01-05
B0CSFSTXGN,2026-02-02
B0CSFSTXGN,2026-03-02
B0CSJNVBGY,2025-04-28
B0CSJNVBGY,2025-05-26
B0CSJNVBGY,2025-06-23
B0CSJNVBGY,2025-07-21
B0CSJNVBGY,2025-08-18
B0CSJNVBGY,2025-09-15
B0CSJNVBGY,2025-10-13
B0CSJNVBGY,2025-11-10
B0CSJNVBGY,2025-12-08
B0CSJNVBGY,2026-01-05
B0CSJNVBGY,2026-02-02
B0CSJNVBGY,2026-03-02
B0CSJYSPWW,2025-04-28
B0CSJYSPWW,2025-05-26
B0CSJYSPWW,2025-06-23
B0CSJYSPWW,2025-07-21
B0CSJYSPWW,2025-08-18
B0CSJYSPWW,2025-09-15
B0CSJYSPWW,2025-10-13
B0CSJYSPWW,2025-11-10
B0CSJYSPWW,2025-12-08
B0CSJYSPWW,2026-01-05
B0CSJYSPWW,2026-02-02
B0CSJYSPWW,2026-03-02
B0CSNCFCNZ,2025-04-28
B0CSNCFCNZ,2025-05-26
B0CSNCFCNZ,2025-06-23
B0CSNCFCNZ,2025-07-21
B0CSNCFCNZ,2025-08-18
B0CSNCFCNZ,2025-09-15
B0CSNCFCNZ,2025-10-13
B0CSNCFCNZ,2025-11-10
B0CSNCFCNZ,2025-12-08
B0CSNCFCNZ,2026-01-05
B0CSNCFCNZ,2026-02-02
B0CSNCFCNZ,2026-03-02
B0CSPFQF1Z,2025-04-28
B0CSPFQF1Z,2025-05-26
B0CSPFQF1Z,2025-06-23
B0CSPFQF1Z,2025-07-21
B0CSPFQF1Z,2025-08-18
B0CSPFQF1Z,2025-09-15
B0CSPFQF1Z,2025-10-13
B0CSPFQF1Z,2025-11-10
B0CSPFQF1Z,2025-12-08
B0CSPFQF1Z,2026-01-05
B0CSPFQF1Z,2026-02-02
B0CSPFQF1Z,2026-03-02
B0CSPGNLKP,2025-04-28
B0CSPGNLKP,2025-05-26
B0CSPGNLKP,2025-06-23
B0CSPGNLKP,2025-07-21
B0CSPGNLKP,2025-08-18
B0CSPGNLKP,2025-09-15
B0CSPGNLKP,2025-10-13
B0CSPGNLKP,2025-11-10
B0CSPGNLKP,2025-12-08
B0CSPGNLKP,2026-01-05
B0CSPGNLKP,2026-02-02
B0CSPGNLKP,2026-03-02
B0CSSJH6BY,2025-04-28
B0CSSJH6BY,2025-05-26
B0CSSJH6BY,2025-06-23
B0CSSJH6BY,2025-07-21
B0CSSJH6BY,2025-08-18
B0CSSJH6BY,2025-09-15
B0CSSJH6BY,2025-10-13
B0CSSJH6BY,2025-11-10
B0CSSJH6BY,2025-12-08
B0CSSJH6BY,2026-01-05
B0CSSJH6BY,2026-02-02
B0CSSJH6BY,2026-03-02
B0CSYDQRGY,2025-04-28
B0CSYDQRGY,2025-05-26
B0CSYDQRGY,2025-06-23
B0CSYDQRGY,2025-07-21
B0CSYDQRGY,2025-08-18
B0CSYDQRGY,2025-09-15
B0CSYDQRGY,2025-10-13
B0CSYDQRGY,2025-11-10
B0CSYDQRGY,2025-12-08
B0CSYDQRGY,2026-01-05
B0CSYDQRGY,2026-02-02
B0CSYDQRGY,2026-03-02
B0CSYPTL7S,2025-04-28
B0CSYPTL7S,2025-05-26
B0CSYPTL7S,2025-06-23
B0CSYPTL7S,2025-07-21
B0CSYPTL7S,2025-08-18
B0CSYPTL7S,2025-09-15
B0CSYPTL7S,2025-10-13
B0CSYPTL7S,2025-11-10
B0CSYPTL7S,2025-12-08
B0CSYPTL7S,2026-01-05
B0CSYPTL7S,2026-02-02
B0CSYPTL7S,2026-03-02
B0CSYRG4HM,2025-04-28
B0CSYRG4HM,2025-05-26
B0CSYRG4HM,2025-06-23
B0CSYRG4HM,2025-07-21
B0CSYRG4HM,2025-08-18
B0CSYRG4HM,2025-09-15
B0CSYRG4HM,2025-10-13
B0CSYRG4HM,2025-11-10
B0CSYRG4HM,2025-12-08
B0CSYRG4HM,2026-01-05
B0CSYRG4HM,2026-02-02
B0CSYRG4HM,2026-03-02
B0CSYYZLRW,2025-04-28
B0CSYYZLRW,2025-05-26
B0CSYYZLRW,2025-06-23
B0CSYYZLRW,2025-07-21
B0CSYYZLRW,2025-08-18
B0CSYYZLRW,2025-09-15
B0CSYYZLRW,2025-10-13
B0CSYYZLRW,2025-11-10
B0CSYYZLRW,2025-12-08
B0CSYYZLRW,2026-01-05
B0CSYYZLRW,2026-02-02
B0CSYYZLRW,2026-03-02
B0CSYZ17GN,2025-04-28
B0CSYZ17GN,2025-05-26
B0CSYZ17GN,2025-06-23
B0CSYZ17GN,2025-07-21
B0CSYZ17GN,2025-08-18
B0CSYZ17GN,2025-09-15
B0CSYZ17GN,2025-10-13
B0CSYZ17GN,2025-11-10
B0CSYZ17GN,2025-12-08
B0CSYZ17GN,2026-01-05
B0CSYZ17GN,2026-02-02
B0CSYZ17GN,2026-03-02
B0CSYZBLYX,2025-04-28
B0CSYZBLYX,2025-05-26
B0CSYZBLYX,2025-06-23
B0CSYZBLYX,2025-07-21
B0CSYZBLYX,2025-08-18
B0CSYZBLYX,2025-09-15
B0CSYZBLYX,2025-10-13
B0CSYZBLYX,2025-11-10
B0CSYZBLYX,2025-12-08
B0CSYZBLYX,2026-01-05
B0CSYZBLYX,2026-02-02
B0CSYZBLYX,2026-03-02
B0CT3G3SDW,2025-04-28
B0CT3G3SDW,2025-05-26
B0CT3G3SDW,2025-06-23
B0CT3G3SDW,2025-07-21
B0CT3G3SDW,2025-08-18
B0CT3G3SDW,2025-09-15
B0CT3G3SDW,2025-10-13
B0CT3G3SDW,2025-11-10
B0CT3G3SDW,2025-12-08
B0CT3G3SDW,2026-01-05
B0CT3G3SDW,2026-02-02
B0CT3G3SDW,2026-03-02
B0CT3JPF9M,2025-04-28
B0CT3JPF9M,2025-05-26
B0CT3JPF9M,2025-06-23
B0CT3JPF9M,2025-07-21
B0CT3JPF9M,2025-08-18
B0CT3JPF9M,2025-09-15
B0CT3JPF9M,2025-10-13
B0CT3JPF9M,2025-11-10
B0CT3JPF9M,2025-12-08
B0CT3JPF9M,2026-01-05
B0CT3JPF9M,2026-02-02
B0CT3JPF9M,2026-03-02
B0CT4TS14H,2025-04-28
B0CT4TS14H,2025-05-26
B0CT4TS14H,2025-06-23
B0CT4TS14H,2025-07-21
B0CT4TS14H,2025-08-18
B0CT4TS14H,2025-09-15
B0CT4TS14H,2025-10-13
B0CT4TS14H,2025-11-10
B0CT4TS14H,2025-12-08
B0CT4TS14H,2026-01-05
B0CT4TS14H,2026-02-02
B0CT4TS14H,2026-03-02
B0CT54J7BV,2025-04-28
B0CT54J7BV,2025-05-26
B0CT54J7BV,2025-06-23
B0CT54J7BV,2025-07-21
B0CT54J7BV,2025-08-18
B0CT54J7BV,2025-09-15
B0CT54J7BV,2025-10-13
B0CT54J7BV,2025-11-10
B0CT54J7BV,2025-12-08
B0CT54J7BV,2026-01-05
B0CT54J7BV,2026-02-02
B0CT54J7BV,2026-03-02
B0CT5D694R,2025-04-28
B0CT5D694R,2025-05-26
B0CT5D694R,2025-06-23
B0CT5D694R,2025-07-21
B0CT5D694R,2025-08-18
B0CT5D694R,2025-09-15
B0CT5D694R,2025-10-13
B0CT5D694R,2025-11-10
B0CT5D694R,2025-12-08
B0CT5D694R,2026-01-05
B0CT5D694R,2026-02-02
B0CT5D694R,2026-03-02
B0CTB9D8M8,2025-04-28
B0CTB9D8M8,2025-05-26
B0CTB9D8M8,2025-06-23
B0CTB9D8M8,2025-07-21
B0CTB9D8M8,2025-08-18
B0CTB9D8M8,2025-09-15
B0CTB9D8M8,2025-10-13
B0CTB9D8M8,2025-11-10
B0CTB9D8M8,2025-12-08
B0CTB9D8M8,2026-01-05
B0CTB9D8M8,2026-02-02
B0CTB9D8M8,2026-03-02
B0CTBLFZ6D,2025-04-28
B0CTBLFZ6D,2025-05-26
B0CTBLFZ6D,2025-06-23
B0CTBLFZ6D,2025-07-21
B0CTBLFZ6D,2025-08-18
B0CTBLFZ6D,2025-09-15
B0CTBLFZ6D,2025-10-13
B0CTBLFZ6D,2025-11-10
B0CTBLFZ6D,2025-12-08
B0CTBLFZ6D,2026-01-05
B0CTBLFZ6D,2026-02-02
B0CTBLFZ6D,2026-03-02
B0CTBP34D1,2025-04-28
B0CTBP34D1,2025-05-26
B0CTBP34D1,2025-06-23
B0CTBP34D1,2025-07-21
B0CTBP34D1,2025-08-18
B0CTBP34D1,2025-09-15
B0CTBP34D1,2025-10-13
B0CTBP34D1,2025-11-10
B0CTBP34D1,2025-12-08
B0CTBP34D1,2026-01-05
B0CTBP34D1,2026-02-02
B0CTBP34D1,2026-03-02
B0CTBYV8L4,2025-04-28
B0CTBYV8L4,2025-05-26
B0CTBYV8L4,2025-06-23
B0CTBYV8L4,2025-07-21
B0CTBYV8L4,2025-08-18
B0CTBYV8L4,2025-09-15
B0CTBYV8L4,2025-10-13
B0CTBYV8L4,2025-11-10
B0CTBYV8L4,2025-12-08
B0CTBYV8L4,2026-01-05
B0CTBYV8L4,2026-02-02
B0CTBYV8L4,2026-03-02
B0CTCJ6QZ5,2025-04-28
B0CTCJ6QZ5,2025-05-26
B0CTCJ6QZ5,2025-06-23
B0CTCJ6QZ5,2025-07-21
B0CTCJ6QZ5,2025-08-18
B0CTCJ6QZ5,2025-09-15
B0CTCJ6QZ5,2025-10-13
B0CTCJ6QZ5,2025-11-10
B0CTCJ6QZ5,2025-12-08
B0CTCJ6QZ5,2026-01-05
B0CTCJ6QZ5,2026-02-02
B0CTCJ6QZ5,2026-03-02
B0CTJKHYRH,2025-04-28
B0CTJKHYRH,2025-05-26
B0CTJKHYRH,2025-06-23
B0CTJKHYRH,2025-07-21
B0CTJKHYRH,2025-08-18
B0CTJKHYRH,2025-09-15
B0CTJKHYRH,2025-10-13
B0CTJKHYRH,2025-11-10
B0CTJKHYRH,2025-12-08
B0CTJKHYRH,2026-01-05
B0CTJKHYRH,2026-02-02
B0CTJKHYRH,2026-03-02
B0CTJTKM83,2025-04-28
B0CTJTKM83,2025-05-26
B0CTJTKM83,2025-06-23
B0CTJTKM83,2025-07-21
B0CTJTKM83,2025-08-18
B0CTJTKM83,2025-09-15
B0CTJTKM83,2025-10-13
B0CTJTKM83,2025-11-10
B0CTJTKM83,2025-12-08
B0CTJTKM83,2026-01-05
B0CTJTKM83,2026-02-02
B0CTJTKM83,2026-03-02
B0CTKSFHF4,2025-04-28
B0CTKSFHF4,2025-05-26
B0CTKSFHF4,2025-06-23
B0CTKSFHF4,2025-07-21
B0CTKSFHF4,2025-08-18
B0CTKSFHF4,2025-09-15
B0CTKSFHF4,2025-10-13
B0CTKSFHF4,2025-11-10
B0CTKSFHF4,2025-12-08
B0CTKSFHF4,2026-01-05
B0CTKSFHF4,2026-02-02
B0CTKSFHF4,2026-03-02
B0CTMY7L7P,2025-04-28
B0CTMY7L7P,2025-05-26
B0CTMY7L7P,2025-06-23
B0CTMY7L7P,2025-07-21
B0CTMY7L7P,2025-08-18
B0CTMY7L7P,2025-09-15
B0CTMY7L7P,2025-10-13
B0CTMY7L7P,2025-11-10
B0CTMY7L7P,2025-12-08
B0CTMY7L7P,2026-01-05
B0CTMY7L7P,2026-02-02
B0CTMY7L7P,2026-03-02
B0CTMYY5P1,2025-04-28
B0CTMYY5P1,2025-05-26
B0CTMYY5P1,2025-06-23
B0CTMYY5P1,2025-07-21
B0CTMYY5P1,2025-08-18
B0CTMYY5P1,2025-09-15
B0CTMYY5P1,2025-10-13
B0CTMYY5P1,2025-11-10
B0CTMYY5P1,2025-12-08
B0CTMYY5P1,2026-01-05
B0CTMYY5P1,2026-02-02
B0CTMYY5P1,2026-03-02
B0CTPXW43F,2025-04-28
B0CTPXW43F,2025-05-26
B0CTPXW43F,2025-06-23
B0CTPXW43F,2025-07-21
B0CTPXW43F,2025-08-18
B0CTPXW43F,2025-09-15
B0CTPXW43F,2025-10-13
B0CTPXW43F,2025-11-10
B0CTPXW43F,2025-12-08
B0CTPXW43F,2026-01-05
B0CTPXW43F,2026-02-02
B0CTPXW43F,2026-03-02
B0CTQDFHDH,2025-04-28
B0CTQDFHDH,2025-05-26
B0CTQDFHDH,2025-06-23
B0CTQDFHDH,2025-07-21
B0CTQDFHDH,2025-08-18
B0CTQDFHDH,2025-09-15
B0CTQDFHDH,2025-10-13
B0CTQDFHDH,2025-11-10
B0CTQDFHDH,2025-12-08
B0CTQDFHDH,2026-01-05
B0CTQDFHDH,2026-02-02
B0CTQDFHDH,2026-03-02
B0CTQH42F1,2025-04-28
B0CTQH42F1,2025-05-26
B0CTQH42F1,2025-06-23
B0CTQH42F1,2025-07-21
B0CTQH42F1,2025-08-18
B0CTQH42F1,2025-09-15
B0CTQH42F1,2025-10-13
B0CTQH42F1,2025-11-10
B0CTQH42F1,2025-12-08
B0CTQH42F1,2026-01-05
B0CTQH42F1,2026-02-02
B0CTQH42F1,2026-03-02
B0CTQHMMJS,2025-04-28
B0CTQHMMJS,2025-05-26
B0CTQHMMJS,2025-06-23
B0CTQHMMJS,2025-07-21
B0CTQHMMJS,2025-08-18
B0CTQHMMJS,2025-09-15
B0CTQHMMJS,2025-10-13
B0CTQHMMJS,2025-11-10
B0CTQHMMJS,2025-12-08
B0CTQHMMJS,2026-01-05
B0CTQHMMJS,2026-02-02
B0CTQHMMJS,2026-03-02
B0CTQYJXZN,2025-04-28
B0CTQYJXZN,2025-05-26
B0CTQYJXZN,2025-06-23
B0CTQYJXZN,2025-07-21
B0CTQYJXZN,2025-08-18
B0CTQYJXZN,2025-09-15
B0CTQYJXZN,2025-10-13
B0CTQYJXZN,2025-11-10
B0CTQYJXZN,2025-12-08
B0CTQYJXZN,2026-01-05
B0CTQYJXZN,2026-02-02
B0CTQYJXZN,2026-03-02
B0CTQYK95N,2025-04-28
B0CTQYK95N,2025-05-26
B0CTQYK95N,2025-06-23
B0CTQYK95N,2025-07-21
B0CTQYK95N,2025-08-18
B0CTQYK95N,2025-09-15
B0CTQYK95N,2025-10-13
B0CTQYK95N,2025-11-10
B0CTQYK95N,2025-12-08
B0CTQYK95N,2026-01-05
B0CTQYK95N,2026-02-02
B0CTQYK95N,2026-03-02
B0CTQYXSTT,2025-04-28
B0CTQYXSTT,2025-05-26
B0CTQYXSTT,2025-06-23
B0CTQYXSTT,2025-07-21
B0CTQYXSTT,2025-08-18
B0CTQYXSTT,2025-09-15
B0CTQYXSTT,2025-10-13
B0CTQYXSTT,2025-11-10
B0CTQYXSTT,2025-12-08
B0CTQYXSTT,2026-01-05
B0CTQYXSTT,2026-02-02
B0CTQYXSTT,2026-03-02
B0CTTNSLWK,2025-04-28
B0CTTNSLWK,2025-05-26
B0CTTNSLWK,2025-06-23
B0CTTNSLWK,2025-07-21
B0CTTNSLWK,2025-08-18
B0CTTNSLWK,2025-09-15
B0CTTNSLWK,2025-10-13
B0CTTNSLWK,2025-11-10
B0CTTNSLWK,2025-12-08
B0CTTNSLWK,2026-01-05
B0CTTNSLWK,2026-02-02
B0CTTNSLWK,2026-03-02
B0CTTWH5QT,2025-04-28
B0CTTWH5QT,2025-05-26
B0CTTWH5QT,2025-06-23
B0CTTWH5QT,2025-07-21
B0CTTWH5QT,2025-08-18
B0CTTWH5QT,2025-09-15
B0CTTWH5QT,2025-10-13
B0CTTWH5QT,2025-11-10
B0CTTWH5QT,2025-12-08
B0CTTWH5QT,2026-01-05
B0CTTWH5QT,2026-02-02
B0CTTWH5QT,2026-03-02
B0CTXHP9YR,2025-04-28
B0CTXHP9YR,2025-05-26
B0CTXHP9YR,2025-06-23
B0CTXHP9YR,2025-07-21
B0CTXHP9YR,2025-08-18
B0CTXHP9YR,2025-09-15
B0CTXHP9YR,2025-10-13
B0CTXHP9YR,2025-11-10
B0CTXHP9YR,2025-12-08
B0CTXHP9YR,2026-01-05
B0CTXHP9YR,2026-02-02
B0CTXHP9YR,2026-03-02
B0CTY6RMJT,2025-04-28
B0CTY6RMJT,2025-05-26
B0CTY6RMJT,2025-06-23
B0CTY6RMJT,2025-07-21
B0CTY6RMJT,2025-08-18
B0CTY6RMJT,2025-09-15
B0CTY6RMJT,2025-10-13
B0CTY6RMJT,2025-11-10
B0CTY6RMJT,2025-12-08
B0CTY6RMJT,2026-01-05
B0CTY6RMJT,2026-02-02
B0CTY6RMJT,2026-03-02
B0CV7CX5PJ,2025-04-28
B0CV7CX5PJ,2025-05-26
B0CV7CX5PJ,2025-06-23
B0CV7CX5PJ,2025-07-21
B0CV7CX5PJ,2025-08-18
B0CV7CX5PJ,2025-09-15
B0CV7CX5PJ,2025-10-13
B0CV7CX5PJ,2025-11-10
B0CV7CX5PJ,2025-12-08
B0CV7CX5PJ,2026-01-05
B0CV7CX5PJ,2026-02-02
B0CV7CX5PJ,2026-03-02
B0CV7L4382,2025-04-28
B0CV7L4382,2025-05-26
B0CV7L4382,2025-06-23
B0CV7L4382,2025-07-21
B0CV7L4382,2025-08-18
B0CV7L4382,2025-09-15
B0CV7L4382,2025-10-13
B0CV7L4382,2025-11-10
B0CV7L4382,2025-12-08
B0CV7L4382,2026-01-05
B0CV7L4382,2026-02-02
B0CV7L4382,2026-03-02
B0CVM7VGPZ,2025-04-28
B0CVM7VGPZ,2025-05-26
B0CVM7VGPZ,2025-06-23
B0CVM7VGPZ,2025-07-21
B0CVM7VGPZ,2025-08-18
B0CVM7VGPZ,2025-09-15
B0CVM7VGPZ,2025-10-13
B0CVM7VGPZ,2025-11-10
B0CVM7VGPZ,2025-12-08
B0CVM7VGPZ,2026-01-05
B0CVM7VGPZ,2026-02-02
B0CVM7VGPZ,2026-03-02
B0CVMLKMCC,2025-04-28
B0CVMLKMCC,2025-05-26
B0CVMLKMCC,2025-06-23
B0CVMLKMCC,2025-07-21
B0CVMLKMCC,2025-08-18
B0CVMLKMCC,2025-09-15
B0CVMLKMCC,2025-10-13
B0CVMLKMCC,2025-11-10
B0CVMLKMCC,2025-12-08
B0CVMLKMCC,2026-01-05
B0CVMLKMCC,2026-02-02
B0CVMLKMCC,2026-03-02
B0CVVJGM4B,2025-04-28
B0CVVJGM4B,2025-05-26
B0CVVJGM4B,2025-06-23
B0CVVJGM4B,2025-07-21
B0CVVJGM4B,2025-08-18
B0CVVJGM4B,2025-09-15
B0CVVJGM4B,2025-10-13
B0CVVJGM4B,2025-11-10
B0CVVJGM4B,2025-12-08
B0CVVJGM4B,2026-01-05
B0CVVJGM4B,2026-02-02
B0CVVJGM4B,2026-03-02
B0CVWVX39R,2025-04-28
B0CVWVX39R,2025-05-26
B0CVWVX39R,2025-06-23
B0CVWVX39R,2025-07-21
B0CVWVX39R,2025-08-18
B0CVWVX39R,2025-09-15
B0CVWVX39R,2025-10-13
B0CVWVX39R,2025-11-10
B0CVWVX39R,2025-12-08
B0CVWVX39R,2026-01-05
B0CVWVX39R,2026-02-02
B0CVWVX39R,2026-03-02
B0CVWVY483,2025-04-28
B0CVWVY483,2025-05-26
B0CVWVY483,2025-06-23
B0CVWVY483,2025-07-21
B0CVWVY483,2025-08-18
B0CVWVY483,2025-09-15
B0CVWVY483,2025-10-13
B0CVWVY483,2025-11-10
B0CVWVY483,2025-12-08
B0CVWVY483,2026-01-05
B0CVWVY483,2026-02-02
B0CVWVY483,2026-03-02
B0CVZH4HV4,2025-04-28
B0CVZH4HV4,2025-05-26
B0CVZH4HV4,2025-06-23
B0CVZH4HV4,2025-07-21
B0CVZH4HV4,2025-08-18
B0CVZH4HV4,2025-09-15
B0CVZH4HV4,2025-10-13
B0CVZH4HV4,2025-11-10
B0CVZH4HV4,2025-12-08
B0CVZH4HV4,2026-01-05
B0CVZH4HV4,2026-02-02
B0CVZH4HV4,2026-03-02
B0CW12VYY4,2025-04-28
B0CW12VYY4,2025-05-26
B0CW12VYY4,2025-06-23
B0CW12VYY4,2025-07-21
B0CW12VYY4,2025-08-18
B0CW12VYY4,2025-09-15
B0CW12VYY4,2025-10-13
B0CW12VYY4,2025-11-10
B0CW12VYY4,2025-12-08
B0CW12VYY4,2026-01-05
B0CW12VYY4,2026-02-02
B0CW12VYY4,2026-03-02
B0CW2KX5R4,2025-04-28
B0CW2KX5R4,2025-05-26
B0CW2KX5R4,2025-06-23
B0CW2KX5R4,2025-07-21
B0CW2KX5R4,2025-08-18
B0CW2KX5R4,2025-09-15
B0CW2KX5R4,2025-10-13
B0CW2KX5R4,2025-11-10
B0CW2KX5R4,2025-12-08
B0CW2KX5R4,2026-01-05
B0CW2KX5R4,2026-02-02
B0CW2KX5R4,2026-03-02
B0CW5M2J4R,2025-04-28
B0CW5M2J4R,2025-05-26
B0CW5M2J4R,2025-06-23
B0CW5M2J4R,2025-07-21
B0CW5M2J4R,2025-08-18
B0CW5M2J4R,2025-09-15
B0CW5M2J4R,2025-10-13
B0CW5M2J4R,2025-11-10
B0CW5M2J4R,2025-12-08
B0CW5M2J4R,2026-01-05
B0CW5M2J4R,2026-02-02
B0CW5M2J4R,2026-03-02
B0CW688CPZ,2025-04-28
B0CW688CPZ,2025-05-26
B0CW688CPZ,2025-06-23
B0CW688CPZ,2025-07-21
B0CW688CPZ,2025-08-18
B0CW688CPZ,2025-09-15
B0CW688CPZ,2025-10-13
B0CW688CPZ,2025-11-10
B0CW688CPZ,2025-12-08
B0CW688CPZ,2026-01-05
B0CW688CPZ,2026-02-02
B0CW688CPZ,2026-03-02
B0CW693TZY,2025-04-28
B0CW693TZY,2025-05-26
B0CW693TZY,2025-06-23
B0CW693TZY,2025-07-21
B0CW693TZY,2025-08-18
B0CW693TZY,2025-09-15
B0CW693TZY,2025-10-13
B0CW693TZY,2025-11-10
B0CW693TZY,2025-12-08
B0CW693TZY,2026-01-05
B0CW693TZY,2026-02-02
B0CW693TZY,2026-03-02
B0CWDP774B,2025-04-28
B0CWDP774B,2025-05-26
B0CWDP774B,2025-06-23
B0CWDP774B,2025-07-21
B0CWDP774B,2025-08-18
B0CWDP774B,2025-09-15
B0CWDP774B,2025-10-13
B0CWDP774B,2025-11-10
B0CWDP774B,2025-12-08
B0CWDP774B,2026-01-05
B0CWDP774B,2026-02-02
B0CWDP774B,2026-03-02
B0CWF1R819,2025-04-28
B0CWF1R819,2025-05-26
B0CWF1R819,2025-06-23
B0CWF1R819,2025-07-21
B0CWF1R819,2025-08-18
B0CWF1R819,2025-09-15
B0CWF1R819,2025-10-13
B0CWF1R819,2025-11-10
B0CWF1R819,2025-12-08
B0CWF1R819,2026-01-05
B0CWF1R819,2026-02-02
B0CWF1R819,2026-03-02
B0CWF1Z73C,2025-04-28
B0CWF1Z73C,2025-05-26
B0CWF1Z73C,2025-06-23
B0CWF1Z73C,2025-07-21
B0CWF1Z73C,2025-08-18
B0CWF1Z73C,2025-09-15
B0CWF1Z73C,2025-10-13
B0CWF1Z73C,2025-11-10
B0CWF1Z73C,2025-12-08
B0CWF1Z73C,2026-01-05
B0CWF1Z73C,2026-02-02
B0CWF1Z73C,2026-03-02
B0CWF2KTPK,2025-04-28
B0CWF2KTPK,2025-05-26
B0CWF2KTPK,2025-06-23
B0CWF2KTPK,2025-07-21
B0CWF2KTPK,2025-08-18
B0CWF2KTPK,2025-09-15
B0CWF2KTPK,2025-10-13
B0CWF2KTPK,2025-11-10
B0CWF2KTPK,2025-12-08
B0CWF2KTPK,2026-01-05
B0CWF2KTPK,2026-02-02
B0CWF2KTPK,2026-03-02
B0CWF2S6SF,2025-04-28
B0CWF2S6SF,2025-05-26
B0CWF2S6SF,2025-06-23
B0CWF2S6SF,2025-07-21
B0CWF2S6SF,2025-08-18
B0CWF2S6SF,2025-09-15
B0CWF2S6SF,2025-10-13
B0CWF2S6SF,2025-11-10
B0CWF2S6SF,2025-12-08
B0CWF2S6SF,2026-01-05
B0CWF2S6SF,2026-02-02
B0CWF2S6SF,2026-03-02
B0CWLW5SPC,2025-04-28
B0CWLW5SPC,2025-05-26
B0CWLW5SPC,2025-06-23
B0CWLW5SPC,2025-07-21
B0CWLW5SPC,2025-08-18
B0CWLW5SPC,2025-09-15
B0CWLW5SPC,2025-10-13
B0CWLW5SPC,2025-11-10
B0CWLW5SPC,2025-12-08
B0CWLW5SPC,2026-01-05
B0CWLW5SPC,2026-02-02
B0CWLW5SPC,2026-03-02
B0CWNXRR3X,2025-04-28
B0CWNXRR3X,2025-05-26
B0CWNXRR3X,2025-06-23
B0CWNXRR3X,2025-07-21
B0CWNXRR3X,2025-08-18
B0CWNXRR3X,2025-09-15
B0CWNXRR3X,2025-10-13
B0CWNXRR3X,2025-11-10
B0CWNXRR3X,2025-12-08
B0CWNXRR3X,2026-01-05
B0CWNXRR3X,2026-02-02
B0CWNXRR3X,2026-03-02
B0CX1JCR91,2025-04-28
B0CX1JCR91,2025-05-26
B0CX1JCR91,2025-06-23
B0CX1JCR91,2025-07-21
B0CX1JCR91,2025-08-18
B0CX1JCR91,2025-09-15
B0CX1JCR91,2025-10-13
B0CX1JCR91,2025-11-10
B0CX1JCR91,2025-12-08
B0CX1JCR91,2026-01-05
B0CX1JCR91,2026-02-02
B0CX1JCR91,2026-03-02
B0CX26P8FT,2025-04-28
B0CX26P8FT,2025-05-26
B0CX26P8FT,2025-06-23
B0CX26P8FT,2025-07-21
B0CX26P8FT,2025-08-18
B0CX26P8FT,2025-09-15
B0CX26P8FT,2025-10-13
B0CX26P8FT,2025-11-10
B0CX26P8FT,2025-12-08
B0CX26P8FT,2026-01-05
B0CX26P8FT,2026-02-02
B0CX26P8FT,2026-03-02
B0CX79G1S5,2025-04-28
B0CX79G1S5,2025-05-26
B0CX79G1S5,2025-06-23
B0CX79G1S5,2025-07-21
B0CX79G1S5,2025-08-18
B0CX79G1S5,2025-09-15
B0CX79G1S5,2025-10-13
B0CX79G1S5,2025-11-10
B0CX79G1S5,2025-12-08
B0CX79G1S5,2026-01-05
B0CX79G1S5,2026-02-02
B0CX79G1S5,2026-03-02
B0CX8H3CC4,2025-04-28
B0CX8H3CC4,2025-05-26
B0CX8H3CC4,2025-06-23
B0CX8H3CC4,2025-07-21
B0CX8H3CC4,2025-08-18
B0CX8H3CC4,2025-09-15
B0CX8H3CC4,2025-10-13
B0CX8H3CC4,2025-11-10
B0CX8H3CC4,2025-12-08
B0CX8H3CC4,2026-01-05
B0CX8H3CC4,2026-02-02
B0CX8H3CC4,2026-03-02
B0CXM5HDWM,2025-04-28
B0CXM5HDWM,2025-05-26
B0CXM5HDWM,2025-06-23
B0CXM5HDWM,2025-07-21
B0CXM5HDWM,2025-08-18
B0CXM5HDWM,2025-09-15
B0CXM5HDWM,2025-10-13
B0CXM5HDWM,2025-11-10
B0CXM5HDWM,2025-12-08
B0CXM5HDWM,2026-01-05
B0CXM5HDWM,2026-02-02
B0CXM5HDWM,2026-03-02
B0CXP7RP2C,2025-04-28
B0CXP7RP2C,2025-05-26
B0CXP7RP2C,2025-06-23
B0CXP7RP2C,2025-07-21
B0CXP7RP2C,2025-08-18
B0CXP7RP2C,2025-09-15
B0CXP7RP2C,2025-10-13
B0CXP7RP2C,2025-11-10
B0CXP7RP2C,2025-12-08
B0CXP7RP2C,2026-01-05
B0CXP7RP2C,2026-02-02
B0CXP7RP2C,2026-03-02
B0CXSFD8WC,2025-04-28
B0CXSFD8WC,2025-05-26
B0CXSFD8WC,2025-06-23
B0CXSFD8WC,2025-07-21
B0CXSFD8WC,2025-08-18
B0CXSFD8WC,2025-09-15
B0CXSFD8WC,2025-10-13
B0CXSFD8WC,2025-11-10
B0CXSFD8WC,2025-12-08
B0CXSFD8WC,2026-01-05
B0CXSFD8WC,2026-02-02
B0CXSFD8WC,2026-03-02
B0CXT8TPBG,2025-04-28
B0CXT8TPBG,2025-05-26
B0CXT8TPBG,2025-06-23
B0CXT8TPBG,2025-07-21
B0CXT8TPBG,2025-08-18
B0CXT8TPBG,2025-09-15
B0CXT8TPBG,2025-10-13
B0CXT8TPBG,2025-11-10
B0CXT8TPBG,2025-12-08
B0CXT8TPBG,2026-01-05
B0CXT8TPBG,2026-02-02
B0CXT8TPBG,2026-03-02
B0CXT9L8Q6,2025-04-28
B0CXT9L8Q6,2025-05-26
B0CXT9L8Q6,2025-06-23
B0CXT9L8Q6,2025-07-21
B0CXT9L8Q6,2025-08-18
B0CXT9L8Q6,2025-09-15
B0CXT9L8Q6,2025-10-13
B0CXT9L8Q6,2025-11-10
B0CXT9L8Q6,2025-12-08
B0CXT9L8Q6,2026-01-05
B0CXT9L8Q6,2026-02-02
B0CXT9L8Q6,2026-03-02
B0CXT9PK89,2025-04-28
B0CXT9PK89,2025-05-26
B0CXT9PK89,2025-06-23
B0CXT9PK89,2025-07-21
B0CXT9PK89,2025-08-18
B0CXT9PK89,2025-09-15
B0CXT9PK89,2025-10-13
B0CXT9PK89,2025-11-10
B0CXT9PK89,2025-12-08
B0CXT9PK89,2026-01-05
B0CXT9PK89,2026-02-02
B0CXT9PK89,2026-03-02
B0CXX7CS7W,2025-04-28
B0CXX7CS7W,2025-05-26
B0CXX7CS7W,2025-06-23
B0CXX7CS7W,2025-07-21
B0CXX7CS7W,2025-08-18
B0CXX7CS7W,2025-09-15
B0CXX7CS7W,2025-10-13
B0CXX7CS7W,2025-11-10
B0CXX7CS7W,2025-12-08
B0CXX7CS7W,2026-01-05
B0CXX7CS7W,2026-02-02
B0CXX7CS7W,2026-03-02
B0CXXQGN7G,2025-04-28
B0CXXQGN7G,2025-05-26
B0CXXQGN7G,2025-06-23
B0CXXQGN7G,2025-07-21
B0CXXQGN7G,2025-08-18
B0CXXQGN7G,2025-09-15
B0CXXQGN7G,2025-10-13
B0CXXQGN7G,2025-11-10
B0CXXQGN7G,2025-12-08
B0CXXQGN7G,2026-01-05
B0CXXQGN7G,2026-02-02
B0CXXQGN7G,2026-03-02
B0CY1WSKJJ,2025-04-28
B0CY1WSKJJ,2025-05-26
B0CY1WSKJJ,2025-06-23
B0CY1WSKJJ,2025-07-21
B0CY1WSKJJ,2025-08-18
B0CY1WSKJJ,2025-09-15
B0CY1WSKJJ,2025-10-13
B0CY1WSKJJ,2025-11-10
B0CY1WSKJJ,2025-12-08
B0CY1WSKJJ,2026-01-05
B0CY1WSKJJ,2026-02-02
B0CY1WSKJJ,2026-03-02
B0CY229M32,2025-04-28
B0CY229M32,2025-05-26
B0CY229M32,2025-06-23
B0CY229M32,2025-07-21
B0CY229M32,2025-08-18
B0CY229M32,2025-09-15
B0CY229M32,2025-10-13
B0CY229M32,2025-11-10
B0CY229M32,2025-12-08
B0CY229M32,2026-01-05
B0CY229M32,2026-02-02
B0CY229M32,2026-03-02
B0CY22NW3Y,2025-04-28
B0CY22NW3Y,2025-05-26
B0CY22NW3Y,2025-06-23
B0CY22NW3Y,2025-07-21
B0CY22NW3Y,2025-08-18
B0CY22NW3Y,2025-09-15
B0CY22NW3Y,2025-10-13
B0CY22NW3Y,2025-11-10
B0CY22NW3Y,2025-12-08
B0CY22NW3Y,2026-01-05
B0CY22NW3Y,2026-02-02
B0CY22NW3Y,2026-03-02
B0CY26RGYY,2025-04-28
B0CY26RGYY,2025-05-26
B0CY26RGYY,2025-06-23
B0CY26RGYY,2025-07-21
B0CY26RGYY,2025-08-18
B0CY26RGYY,2025-09-15
B0CY26RGYY,2025-10-13
B0CY26RGYY,2025-11-10
B0CY26RGYY,2025-12-08
B0CY26RGYY,2026-01-05
B0CY26RGYY,2026-02-02
B0CY26RGYY,2026-03-02
B0CY274H1R,2025-04-28
B0CY274H1R,2025-05-26
B0CY274H1R,2025-06-23
B0CY274H1R,2025-07-21
B0CY274H1R,2025-08-18
B0CY274H1R,2025-09-15
B0CY274H1R,2025-10-13
B0CY274H1R,2025-11-10
B0CY274H1R,2025-12-08
B0CY274H1R,2026-01-05
B0CY274H1R,2026-02-02
B0CY274H1R,2026-03-02
B0CY3ZSBBG,2025-04-28
B0CY3ZSBBG,2025-05-26
B0CY3ZSBBG,2025-06-23
B0CY3ZSBBG,2025-07-21
B0CY3ZSBBG,2025-08-18
B0CY3ZSBBG,2025-09-15
B0CY3ZSBBG,2025-10-13
B0CY3ZSBBG,2025-11-10
B0CY3ZSBBG,2025-12-08
B0CY3ZSBBG,2026-01-05
B0CY3ZSBBG,2026-02-02
B0CY3ZSBBG,2026-03-02
B0CY472XS6,2025-04-28
B0CY472XS6,2025-05-26
B0CY472XS6,2025-06-23
B0CY472XS6,2025-07-21
B0CY472XS6,2025-08-18
B0CY472XS6,2025-09-15
B0CY472XS6,2025-10-13
B0CY472XS6,2025-11-10
B0CY472XS6,2025-12-08
B0CY472XS6,2026-01-05
B0CY472XS6,2026-02-02
B0CY472XS6,2026-03-02
B0CY4JP2ZW,2025-04-28
B0CY4JP2ZW,2025-05-26
B0CY4JP2ZW,2025-06-23
B0CY4JP2ZW,2025-07-21
B0CY4JP2ZW,2025-08-18
B0CY4JP2ZW,2025-09-15
B0CY4JP2ZW,2025-10-13
B0CY4JP2ZW,2025-11-10
B0CY4JP2ZW,2025-12-08
B0CY4JP2ZW,2026-01-05
B0CY4JP2ZW,2026-02-02
B0CY4JP2ZW,2026-03-02
B0CY4R5K29,2025-04-28
B0CY4R5K29,2025-05-26
B0CY4R5K29,2025-06-23
B0CY4R5K29,2025-07-21
B0CY4R5K29,2025-08-18
B0CY4R5K29,2025-09-15
B0CY4R5K29,2025-10-13
B0CY4R5K29,2025-11-10
B0CY4R5K29,2025-12-08
B0CY4R5K29,2026-01-05
B0CY4R5K29,2026-02-02
B0CY4R5K29,2026-03-02
B0CY4X2752,2025-04-28
B0CY4X2752,2025-05-26
B0CY4X2752,2025-06-23
B0CY4X2752,2025-07-21
B0CY4X2752,2025-08-18
B0CY4X2752,2025-09-15
B0CY4X2752,2025-10-13
B0CY4X2752,2025-11-10
B0CY4X2752,2025-12-08
B0CY4X2752,2026-01-05
B0CY4X2752,2026-02-02
B0CY4X2752,2026-03-02
B0CY4ZYT63,2025-04-28
B0CY4ZYT63,2025-05-26
B0CY4ZYT63,2025-06-23
B0CY4ZYT63,2025-07-21
B0CY4ZYT63,2025-08-18
B0CY4ZYT63,2025-09-15
B0CY4ZYT63,2025-10-13
B0CY4ZYT63,2025-11-10
B0CY4ZYT63,2025-12-08
B0CY4ZYT63,2026-01-05
B0CY4ZYT63,2026-02-02
B0CY4ZYT63,2026-03-02
B0CY6CL3ZD,2025-04-28
B0CY6CL3ZD,2025-05-26
B0CY6CL3ZD,2025-06-23
B0CY6CL3ZD,2025-07-21
B0CY6CL3ZD,2025-08-18
B0CY6CL3ZD,2025-09-15
B0CY6CL3ZD,2025-10-13
B0CY6CL3ZD,2025-11-10
B0CY6CL3ZD,2025-12-08
B0CY6CL3ZD,2026-01-05
B0CY6CL3ZD,2026-02-02
B0CY6CL3ZD,2026-03-02
B0CY6F4737,2025-04-28
B0CY6F4737,2025-05-26
B0CY6F4737,2025-06-23
B0CY6F4737,2025-07-21
B0CY6F4737,2025-08-18
B0CY6F4737,2025-09-15
B0CY6F4737,2025-10-13
B0CY6F4737,2025-11-10
B0CY6F4737,2025-12-08
B0CY6F4737,2026-01-05
B0CY6F4737,2026-02-02
B0CY6F4737,2026-03-02
B0CY6NFC8S,2025-04-28
B0CY6NFC8S,2025-05-26
B0CY6NFC8S,2025-06-23
B0CY6NFC8S,2025-07-21
B0CY6NFC8S,2025-08-18
B0CY6NFC8S,2025-09-15
B0CY6NFC8S,2025-10-13
B0CY6NFC8S,2025-11-10
B0CY6NFC8S,2025-12-08
B0CY6NFC8S,2026-01-05
B0CY6NFC8S,2026-02-02
B0CY6NFC8S,2026-03-02
B0CYBJ9B1J,2025-04-28
B0CYBJ9B1J,2025-05-26
B0CYBJ9B1J,2025-06-23
B0CYBJ9B1J,2025-07-21
B0CYBJ9B1J,2025-08-18
B0CYBJ9B1J,2025-09-15
B0CYBJ9B1J,2025-10-13
B0CYBJ9B1J,2025-11-10
B0CYBJ9B1J,2025-12-08
B0CYBJ9B1J,2026-01-05
B0CYBJ9B1J,2026-02-02
B0CYBJ9B1J,2026-03-02
B0CYC3QZG8,2025-04-28
B0CYC3QZG8,2025-05-26
B0CYC3QZG8,2025-06-23
B0CYC3QZG8,2025-07-21
B0CYC3QZG8,2025-08-18
B0CYC3QZG8,2025-09-15
B0CYC3QZG8,2025-10-13
B0CYC3QZG8,2025-11-10
B0CYC3QZG8,2025-12-08
B0CYC3QZG8,2026-01-05
B0CYC3QZG8,2026-02-02
B0CYC3QZG8,2026-03-02
B0CYGP2L3S,2025-04-28
B0CYGP2L3S,2025-05-26
B0CYGP2L3S,2025-06-23
B0CYGP2L3S,2025-07-21
B0CYGP2L3S,2025-08-18
B0CYGP2L3S,2025-09-15
B0CYGP2L3S,2025-10-13
B0CYGP2L3S,2025-11-10
B0CYGP2L3S,2025-12-08
B0CYGP2L3S,2026-01-05
B0CYGP2L3S,2026-02-02
B0CYGP2L3S,2026-03-02
B0CYGT1QMZ,2025-04-28
B0CYGT1QMZ,2025-05-26
B0CYGT1QMZ,2025-06-23
B0CYGT1QMZ,2025-07-21
B0CYGT1QMZ,2025-08-18
B0CYGT1QMZ,2025-09-15
B0CYGT1QMZ,2025-10-13
B0CYGT1QMZ,2025-11-10
B0CYGT1QMZ,2025-12-08
B0CYGT1QMZ,2026-01-05
B0CYGT1QMZ,2026-02-02
B0CYGT1QMZ,2026-03-02
B0CYH1PGDT,2025-04-28
B0CYH1PGDT,2025-05-26
B0CYH1PGDT,2025-06-23
B0CYH1PGDT,2025-07-21
B0CYH1PGDT,2025-08-18
B0CYH1PGDT,2025-09-15
B0CYH1PGDT,2025-10-13
B0CYH1PGDT,2025-11-10
B0CYH1PGDT,2025-12-08
B0CYH1PGDT,2026-01-05
B0CYH1PGDT,2026-02-02
B0CYH1PGDT,2026-03-02
B0CYH6QMMQ,2025-04-28
B0CYH6QMMQ,2025-05-26
B0CYH6QMMQ,2025-06-23
B0CYH6QMMQ,2025-07-21
B0CYH6QMMQ,2025-08-18
B0CYH6QMMQ,2025-09-15
B0CYH6QMMQ,2025-10-13
B0CYH6QMMQ,2025-11-10
B0CYH6QMMQ,2025-12-08
B0CYH6QMMQ,2026-01-05
B0CYH6QMMQ,2026-02-02
B0CYH6QMMQ,2026-03-02
B0CYLLNPG8,2025-04-28
B0CYLLNPG8,2025-05-26
B0CYLLNPG8,2025-06-23
B0CYLLNPG8,2025-07-21
B0CYLLNPG8,2025-08-18
B0CYLLNPG8,2025-09-15
B0CYLLNPG8,2025-10-13
B0CYLLNPG8,2025-11-10
B0CYLLNPG8,2025-12-08
B0CYLLNPG8,2026-01-05
B0CYLLNPG8,2026-02-02
B0CYLLNPG8,2026-03-02
B0CYPM4ZML,2025-04-28
B0CYPM4ZML,2025-05-26
B0CYPM4ZML,2025-06-23
B0CYPM4ZML,2025-07-21
B0CYPM4ZML,2025-08-18
B0CYPM4ZML,2025-09-15
B0CYPM4ZML,2025-10-13
B0CYPM4ZML,2025-11-10
B0CYPM4ZML,2025-12-08
B0CYPM4ZML,2026-01-05
B0CYPM4ZML,2026-02-02
B0CYPM4ZML,2026-03-02
B0CYPV45W4,2025-04-28
B0CYPV45W4,2025-05-26
B0CYPV45W4,2025-06-23
B0CYPV45W4,2025-07-21
B0CYPV45W4,2025-08-18
B0CYPV45W4,2025-09-15
B0CYPV45W4,2025-10-13
B0CYPV45W4,2025-11-10
B0CYPV45W4,2025-12-08
B0CYPV45W4,2026-01-05
B0CYPV45W4,2026-02-02
B0CYPV45W4,2026-03-02
B0CYS95XXK,2025-04-28
B0CYS95XXK,2025-05-26
B0CYS95XXK,2025-06-23
B0CYS95XXK,2025-07-21
B0CYS95XXK,2025-08-18
B0CYS95XXK,2025-09-15
B0CYS95XXK,2025-10-13
B0CYS95XXK,2025-11-10
B0CYS95XXK,2025-12-08
B0CYS95XXK,2026-01-05
B0CYS95XXK,2026-02-02
B0CYS95XXK,2026-03-02
B0CYSYL6YW,2025-04-28
B0CYSYL6YW,2025-05-26
B0CYSYL6YW,2025-06-23
B0CYSYL6YW,2025-07-21
B0CYSYL6YW,2025-08-18
B0CYSYL6YW,2025-09-15
B0CYSYL6YW,2025-10-13
B0CYSYL6YW,2025-11-10
B0CYSYL6YW,2025-12-08
B0CYSYL6YW,2026-01-05
B0CYSYL6YW,2026-02-02
B0CYSYL6YW,2026-03-02
B0CYTTTQ85,2025-04-28
B0CYTTTQ85,2025-05-26
B0CYTTTQ85,2025-06-23
B0CYTTTQ85,2025-07-21
B0CYTTTQ85,2025-08-18
B0CYTTTQ85,2025-09-15
B0CYTTTQ85,2025-10-13
B0CYTTTQ85,2025-11-10
B0CYTTTQ85,2025-12-08
B0CYTTTQ85,2026-01-05
B0CYTTTQ85,2026-02-02
B0CYTTTQ85,2026-03-02
B0CYYYJFYL,2025-04-28
B0CYYYJFYL,2025-05-26
B0CYYYJFYL,2025-06-23
B0CYYYJFYL,2025-07-21
B0CYYYJFYL,2025-08-18
B0CYYYJFYL,2025-09-15
B0CYYYJFYL,2025-10-13
B0CYYYJFYL,2025-11-10
B0CYYYJFYL,2025-12-08
B0CYYYJFYL,2026-01-05
B0CYYYJFYL,2026-02-02
B0CYYYJFYL,2026-03-02
B0CYZJDZHZ,2025-04-28
B0CYZJDZHZ,2025-05-26
B0CYZJDZHZ,2025-06-23
B0CYZJDZHZ,2025-07-21
B0CYZJDZHZ,2025-08-18
B0CYZJDZHZ,2025-09-15
B0CYZJDZHZ,2025-10-13
B0CYZJDZHZ,2025-11-10
B0CYZJDZHZ,2025-12-08
B0CYZJDZHZ,2026-01-05
B0CYZJDZHZ,2026-02-02
B0CYZJDZHZ,2026-03-02
B0CYZR43N9,2025-04-28
B0CYZR43N9,2025-05-26
B0CYZR43N9,2025-06-23
B0CYZR43N9,2025-07-21
B0CYZR43N9,2025-08-18
B0CYZR43N9,2025-09-15
B0CYZR43N9,2025-10-13
B0CYZR43N9,2025-11-10
B0CYZR43N9,2025-12-08
B0CYZR43N9,2026-01-05
B0CYZR43N9,2026-02-02
B0CYZR43N9,2026-03-02
B0CYZS6FJC,2025-04-28
B0CYZS6FJC,2025-05-26
B0CYZS6FJC,2025-06-23
B0CYZS6FJC,2025-07-21
B0CYZS6FJC,2025-08-18
B0CYZS6FJC,2025-09-15
B0CYZS6FJC,2025-10-13
B0CYZS6FJC,2025-11-10
B0CYZS6FJC,2025-12-08
B0CYZS6FJC,2026-01-05
B0CYZS6FJC,2026-02-02
B0CYZS6FJC,2026-03-02
B0CYZTCLYF,2025-04-28
B0CYZTCLYF,2025-05-26
B0CYZTCLYF,2025-06-23
B0CYZTCLYF,2025-07-21
B0CYZTCLYF,2025-08-18
B0CYZTCLYF,2025-09-15
B0CYZTCLYF,2025-10-13
B0CYZTCLYF,2025-11-10
B0CYZTCLYF,2025-12-08
B0CYZTCLYF,2026-01-05
B0CYZTCLYF,2026-02-02
B0CYZTCLYF,2026-03-02
B0CYZTGM17,2025-04-28
B0CYZTGM17,2025-05-26
B0CYZTGM17,2025-06-23
B0CYZTGM17,2025-07-21
B0CYZTGM17,2025-08-18
B0CYZTGM17,2025-09-15
B0CYZTGM17,2025-10-13
B0CYZTGM17,2025-11-10
B0CYZTGM17,2025-12-08
B0CYZTGM17,2026-01-05
B0CYZTGM17,2026-02-02
B0CYZTGM17,2026-03-02
B0CZ6L7TR5,2025-04-28
B0CZ6L7TR5,2025-05-26
B0CZ6L7TR5,2025-06-23
B0CZ6L7TR5,2025-07-21
B0CZ6L7TR5,2025-08-18
B0CZ6L7TR5,2025-09-15
B0CZ6L7TR5,2025-10-13
B0CZ6L7TR5,2025-11-10
B0CZ6L7TR5,2025-12-08
B0CZ6L7TR5,2026-01-05
B0CZ6L7TR5,2026-02-02
B0CZ6L7TR5,2026-03-02
B0CZ6VR8SF,2025-04-28
B0CZ6VR8SF,2025-05-26
B0CZ6VR8SF,2025-06-23
B0CZ6VR8SF,2025-07-21
B0CZ6VR8SF,2025-08-18
B0CZ6VR8SF,2025-09-15
B0CZ6VR8SF,2025-10-13
B0CZ6VR8SF,2025-11-10
B0CZ6VR8SF,2025-12-08
B0CZ6VR8SF,2026-01-05
B0CZ6VR8SF,2026-02-02
B0CZ6VR8SF,2026-03-02
B0CZ71P5NB,2025-04-28
B0CZ71P5NB,2025-05-26
B0CZ71P5NB,2025-06-23
B0CZ71P5NB,2025-07-21
B0CZ71P5NB,2025-08-18
B0CZ71P5NB,2025-09-15
B0CZ71P5NB,2025-10-13
B0CZ71P5NB,2025-11-10
B0CZ71P5NB,2025-12-08
B0CZ71P5NB,2026-01-05
B0CZ71P5NB,2026-02-02
B0CZ71P5NB,2026-03-02
B0CZ73MR63,2025-04-28
B0CZ73MR63,2025-05-26
B0CZ73MR63,2025-06-23
B0CZ73MR63,2025-07-21
B0CZ73MR63,2025-08-18
B0CZ73MR63,2025-09-15
B0CZ73MR63,2025-10-13
B0CZ73MR63,2025-11-10
B0CZ73MR63,2025-12-08
B0CZ73MR63,2026-01-05
B0CZ73MR63,2026-02-02
B0CZ73MR63,2026-03-02
B0CZ74JZGT,2025-04-28
B0CZ74JZGT,2025-05-26
B0CZ74JZGT,2025-06-23
B0CZ74JZGT,2025-07-21
B0CZ74JZGT,2025-08-18
B0CZ74JZGT,2025-09-15
B0CZ74JZGT,2025-10-13
B0CZ74JZGT,2025-11-10
B0CZ74JZGT,2025-12-08
B0CZ74JZGT,2026-01-05
B0CZ74JZGT,2026-02-02
B0CZ74JZGT,2026-03-02
B0CZ74M7MT,2025-04-28
B0CZ74M7MT,2025-05-26
B0CZ74M7MT,2025-06-23
B0CZ74M7MT,2025-07-21
B0CZ74M7MT,2025-08-18
B0CZ74M7MT,2025-09-15
B0CZ74M7MT,2025-10-13
B0CZ74M7MT,2025-11-10
B0CZ74M7MT,2025-12-08
B0CZ74M7MT,2026-01-05
B0CZ74M7MT,2026-02-02
B0CZ74M7MT,2026-03-02
B0CZ77RN81,2025-04-28
B0CZ77RN81,2025-05-26
B0CZ77RN81,2025-06-23
B0CZ77RN81,2025-07-21
B0CZ77RN81,2025-08-18
B0CZ77RN81,2025-09-15
B0CZ77RN81,2025-10-13
B0CZ77RN81,2025-11-10
B0CZ77RN81,2025-12-08
B0CZ77RN81,2026-01-05
B0CZ77RN81,2026-02-02
B0CZ77RN81,2026-03-02
B0CZ8DJX53,2025-04-28
B0CZ8DJX53,2025-05-26
B0CZ8DJX53,2025-06-23
B0CZ8DJX53,2025-07-21
B0CZ8DJX53,2025-08-18
B0CZ8DJX53,2025-09-15
B0CZ8DJX53,2025-10-13
B0CZ8DJX53,2025-11-10
B0CZ8DJX53,2025-12-08
B0CZ8DJX53,2026-01-05
B0CZ8DJX53,2026-02-02
B0CZ8DJX53,2026-03-02
B0CZ8F4R6M,2025-04-28
B0CZ8F4R6M,2025-05-26
B0CZ8F4R6M,2025-06-23
B0CZ8F4R6M,2025-07-21
B0CZ8F4R6M,2025-08-18
B0CZ8F4R6M,2025-09-15
B0CZ8F4R6M,2025-10-13
B0CZ8F4R6M,2025-11-10
B0CZ8F4R6M,2025-12-08
B0CZ8F4R6M,2026-01-05
B0CZ8F4R6M,2026-02-02
B0CZ8F4R6M,2026-03-02
B0CZ8GG136,2025-04-28
B0CZ8GG136,2025-05-26
B0CZ8GG136,2025-06-23
B0CZ8GG136,2025-07-21
B0CZ8GG136,2025-08-18
B0CZ8GG136,2025-09-15
B0CZ8GG136,2025-10-13
B0CZ8GG136,2025-11-10
B0CZ8GG136,2025-12-08
B0CZ8GG136,2026-01-05
B0CZ8GG136,2026-02-02
B0CZ8GG136,2026-03-02
B0CZDB9926,2025-04-28
B0CZDB9926,2025-05-26
B0CZDB9926,2025-06-23
B0CZDB9926,2025-07-21
B0CZDB9926,2025-08-18
B0CZDB9926,2025-09-15
B0CZDB9926,2025-10-13
B0CZDB9926,2025-11-10
B0CZDB9926,2025-12-08
B0CZDB9926,2026-01-05
B0CZDB9926,2026-02-02
B0CZDB9926,2026-03-02
B0CZDFSZSH,2025-04-28
B0CZDFSZSH,2025-05-26
B0CZDFSZSH,2025-06-23
B0CZDFSZSH,2025-07-21
B0CZDFSZSH,2025-08-18
B0CZDFSZSH,2025-09-15
B0CZDFSZSH,2025-10-13
B0CZDFSZSH,2025-11-10
B0CZDFSZSH,2025-12-08
B0CZDFSZSH,2026-01-05
B0CZDFSZSH,2026-02-02
B0CZDFSZSH,2026-03-02
B0CZDJ4H4F,2025-04-28
B0CZDJ4H4F,2025-05-26
B0CZDJ4H4F,2025-06-23
B0CZDJ4H4F,2025-07-21
B0CZDJ4H4F,2025-08-18
B0CZDJ4H4F,2025-09-15
B0CZDJ4H4F,2025-10-13
B0CZDJ4H4F,2025-11-10
B0CZDJ4H4F,2025-12-08
B0CZDJ4H4F,2026-01-05
B0CZDJ4H4F,2026-02-02
B0CZDJ4H4F,2026-03-02
B0CZDPH75J,2025-04-28
B0CZDPH75J,2025-05-26
B0CZDPH75J,2025-06-23
B0CZDPH75J,2025-07-21
B0CZDPH75J,2025-08-18
B0CZDPH75J,2025-09-15
B0CZDPH75J,2025-10-13
B0CZDPH75J,2025-11-10
B0CZDPH75J,2025-12-08
B0CZDPH75J,2026-01-05
B0CZDPH75J,2026-02-02
B0CZDPH75J,2026-03-02
B0CZDQLPL5,2025-04-28
B0CZDQLPL5,2025-05-26
B0CZDQLPL5,2025-06-23
B0CZDQLPL5,2025-07-21
B0CZDQLPL5,2025-08-18
B0CZDQLPL5,2025-09-15
B0CZDQLPL5,2025-10-13
B0CZDQLPL5,2025-11-10
B0CZDQLPL5,2025-12-08
B0CZDQLPL5,2026-01-05
B0CZDQLPL5,2026-02-02
B0CZDQLPL5,2026-03-02
B0CZDS9TG5,2025-04-28
B0CZDS9TG5,2025-05-26
B0CZDS9TG5,2025-06-23
B0CZDS9TG5,2025-07-21
B0CZDS9TG5,2025-08-18
B0CZDS9TG5,2025-09-15
B0CZDS9TG5,2025-10-13
B0CZDS9TG5,2025-11-10
B0CZDS9TG5,2025-12-08
B0CZDS9TG5,2026-01-05
B0CZDS9TG5,2026-02-02
B0CZDS9TG5,2026-03-02
B0CZDV7LVP,2025-04-28
B0CZDV7LVP,2025-05-26
B0CZDV7LVP,2025-06-23
B0CZDV7LVP,2025-07-21
B0CZDV7LVP,2025-08-18
B0CZDV7LVP,2025-09-15
B0CZDV7LVP,2025-10-13
B0CZDV7LVP,2025-11-10
B0CZDV7LVP,2025-12-08
B0CZDV7LVP,2026-01-05
B0CZDV7LVP,2026-02-02
B0CZDV7LVP,2026-03-02
B0CZJRZC9M,2025-04-28
B0CZJRZC9M,2025-05-26
B0CZJRZC9M,2025-06-23
B0CZJRZC9M,2025-07-21
B0CZJRZC9M,2025-08-18
B0CZJRZC9M,2025-09-15
B0CZJRZC9M,2025-10-13
B0CZJRZC9M,2025-11-10
B0CZJRZC9M,2025-12-08
B0CZJRZC9M,2026-01-05
B0CZJRZC9M,2026-02-02
B0CZJRZC9M,2026-03-02
B0CZKHJQWX,2025-04-28
B0CZKHJQWX,2025-05-26
B0CZKHJQWX,2025-06-23
B0CZKHJQWX,2025-07-21
B0CZKHJQWX,2025-08-18
B0CZKHJQWX,2025-09-15
B0CZKHJQWX,2025-10-13
B0CZKHJQWX,2025-11-10
B0CZKHJQWX,2025-12-08
B0CZKHJQWX,2026-01-05
B0CZKHJQWX,2026-02-02
B0CZKHJQWX,2026-03-02
B0CZKVLL7T,2025-04-28
B0CZKVLL7T,2025-05-26
B0CZKVLL7T,2025-06-23
B0CZKVLL7T,2025-07-21
B0CZKVLL7T,2025-08-18
B0CZKVLL7T,2025-09-15
B0CZKVLL7T,2025-10-13
B0CZKVLL7T,2025-11-10
B0CZKVLL7T,2025-12-08
B0CZKVLL7T,2026-01-05
B0CZKVLL7T,2026-02-02
B0CZKVLL7T,2026-03-02
B0CZL1X7F7,2025-04-28
B0CZL1X7F7,2025-05-26
B0CZL1X7F7,2025-06-23
B0CZL1X7F7,2025-07-21
B0CZL1X7F7,2025-08-18
B0CZL1X7F7,2025-09-15
B0CZL1X7F7,2025-10-13
B0CZL1X7F7,2025-11-10
B0CZL1X7F7,2025-12-08
B0CZL1X7F7,2026-01-05
B0CZL1X7F7,2026-02-02
B0CZL1X7F7,2026-03-02
B0CZL672NL,2025-04-28
B0CZL672NL,2025-05-26
B0CZL672NL,2025-06-23
B0CZL672NL,2025-07-21
B0CZL672NL,2025-08-18
B0CZL672NL,2025-09-15
B0CZL672NL,2025-10-13
B0CZL672NL,2025-11-10
B0CZL672NL,2025-12-08
B0CZL672NL,2026-01-05
B0CZL672NL,2026-02-02
B0CZL672NL,2026-03-02
B0CZMYK29W,2025-04-28
B0CZMYK29W,2025-05-26
B0CZMYK29W,2025-06-23
B0CZMYK29W,2025-07-21
B0CZMYK29W,2025-08-18
B0CZMYK29W,2025-09-15
B0CZMYK29W,2025-10-13
B0CZMYK29W,2025-11-10
B0CZMYK29W,2025-12-08
B0CZMYK29W,2026-01-05
B0CZMYK29W,2026-02-02
B0CZMYK29W,2026-03-02
B0CZNR5GDT,2025-04-28
B0CZNR5GDT,2025-05-26
B0CZNR5GDT,2025-06-23
B0CZNR5GDT,2025-07-21
B0CZNR5GDT,2025-08-18
B0CZNR5GDT,2025-09-15
B0CZNR5GDT,2025-10-13
B0CZNR5GDT,2025-11-10
B0CZNR5GDT,2025-12-08
B0CZNR5GDT,2026-01-05
B0CZNR5GDT,2026-02-02
B0CZNR5GDT,2026-03-02
B0CZPG7CQS,2025-04-28
B0CZPG7CQS,2025-05-26
B0CZPG7CQS,2025-06-23
B0CZPG7CQS,2025-07-21
B0CZPG7CQS,2025-08-18
B0CZPG7CQS,2025-09-15
B0CZPG7CQS,2025-10-13
B0CZPG7CQS,2025-11-10
B0CZPG7CQS,2025-12-08
B0CZPG7CQS,2026-01-05
B0CZPG7CQS,2026-02-02
B0CZPG7CQS,2026-03-02
B0CZSW2K9V,2025-04-28
B0CZSW2K9V,2025-05-26
B0CZSW2K9V,2025-06-23
B0CZSW2K9V,2025-07-21
B0CZSW2K9V,2025-08-18
B0CZSW2K9V,2025-09-15
B0CZSW2K9V,2025-10-13
B0CZSW2K9V,2025-11-10
B0CZSW2K9V,2025-12-08
B0CZSW2K9V,2026-01-05
B0CZSW2K9V,2026-02-02
B0CZSW2K9V,2026-03-02
B0CZXKH5HM,2025-04-28
B0CZXKH5HM,2025-05-26
B0CZXKH5HM,2025-06-23
B0CZXKH5HM,2025-07-21
B0CZXKH5HM,2025-08-18
B0CZXKH5HM,2025-09-15
B0CZXKH5HM,2025-10-13
B0CZXKH5HM,2025-11-10
B0CZXKH5HM,2025-12-08
B0CZXKH5HM,2026-01-05
B0CZXKH5HM,2026-02-02
B0CZXKH5HM,2026-03-02
B0D116KXFZ,2025-04-28
B0D116KXFZ,2025-05-26
B0D116KXFZ,2025-06-23
B0D116KXFZ,2025-07-21
B0D116KXFZ,2025-08-18
B0D116KXFZ,2025-09-15
B0D116KXFZ,2025-10-13
B0D116KXFZ,2025-11-10
B0D116KXFZ,2025-12-08
B0D116KXFZ,2026-01-05
B0D116KXFZ,2026-02-02
B0D116KXFZ,2026-03-02
B0D11BG9HG,2025-04-28
B0D11BG9HG,2025-05-26
B0D11BG9HG,2025-06-23
B0D11BG9HG,2025-07-21
B0D11BG9HG,2025-08-18
B0D11BG9HG,2025-09-15
B0D11BG9HG,2025-10-13
B0D11BG9HG,2025-11-10
B0D11BG9HG,2025-12-08
B0D11BG9HG,2026-01-05
B0D11BG9HG,2026-02-02
B0D11BG9HG,2026-03-02
B0D11NW48S,2025-04-28
B0D11NW48S,2025-05-26
B0D11NW48S,2025-06-23
B0D11NW48S,2025-07-21
B0D11NW48S,2025-08-18
B0D11NW48S,2025-09-15
B0D11NW48S,2025-10-13
B0D11NW48S,2025-11-10
B0D11NW48S,2025-12-08
B0D11NW48S,2026-01-05
B0D11NW48S,2026-02-02
B0D11NW48S,2026-03-02
B0D128D3TL,2025-04-28
B0D128D3TL,2025-05-26
B0D128D3TL,2025-06-23
B0D128D3TL,2025-07-21
B0D128D3TL,2025-08-18
B0D128D3TL,2025-09-15
B0D128D3TL,2025-10-13
B0D128D3TL,2025-11-10
B0D128D3TL,2025-12-08
B0D128D3TL,2026-01-05
B0D128D3TL,2026-02-02
B0D128D3TL,2026-03-02
B0D12BRF37,2025-04-28
B0D12BRF37,2025-05-26
B0D12BRF37,2025-06-23
B0D12BRF37,2025-07-21
B0D12BRF37,2025-08-18
B0D12BRF37,2025-09-15
B0D12BRF37,2025-10-13
B0D12BRF37,2025-11-10
B0D12BRF37,2025-12-08
B0D12BRF37,2026-01-05
B0D12BRF37,2026-02-02
B0D12BRF37,2026-03-02
B0D12KNVRP,2025-04-28
B0D12KNVRP,2025-05-26
B0D12KNVRP,2025-06-23
B0D12KNVRP,2025-07-21
B0D12KNVRP,2025-08-18
B0D12KNVRP,2025-09-15
B0D12KNVRP,2025-10-13
B0D12KNVRP,2025-11-10
B0D12KNVRP,2025-12-08
B0D12KNVRP,2026-01-05
B0D12KNVRP,2026-02-02
B0D12KNVRP,2026-03-02
B0D12KXDQW,2025-04-28
B0D12KXDQW,2025-05-26
B0D12KXDQW,2025-06-23
B0D12KXDQW,2025-07-21
B0D12KXDQW,2025-08-18
B0D12KXDQW,2025-09-15
B0D12KXDQW,2025-10-13
B0D12KXDQW,2025-11-10
B0D12KXDQW,2025-12-08
B0D12KXDQW,2026-01-05
B0D12KXDQW,2026-02-02
B0D12KXDQW,2026-03-02
B0D12MZSYD,2025-04-28
B0D12MZSYD,2025-05-26
B0D12MZSYD,2025-06-23
B0D12MZSYD,2025-07-21
B0D12MZSYD,2025-08-18
B0D12MZSYD,2025-09-15
B0D12MZSYD,2025-10-13
B0D12MZSYD,2025-11-10
B0D12MZSYD,2025-12-08
B0D12MZSYD,2026-01-05
B0D12MZSYD,2026-02-02
B0D12MZSYD,2026-03-02
B0D12R449S,2025-04-28
B0D12R449S,2025-05-26
B0D12R449S,2025-06-23
B0D12R449S,2025-07-21
B0D12R449S,2025-08-18
B0D12R449S,2025-09-15
B0D12R449S,2025-10-13
B0D12R449S,2025-11-10
B0D12R449S,2025-12-08
B0D12R449S,2026-01-05
B0D12R449S,2026-02-02
B0D12R449S,2026-03-02
B0D12RKLP3,2025-04-28
B0D12RKLP3,2025-05-26
B0D12RKLP3,2025-06-23
B0D12RKLP3,2025-07-21
B0D12RKLP3,2025-08-18
B0D12RKLP3,2025-09-15
B0D12RKLP3,2025-10-13
B0D12RKLP3,2025-11-10
B0D12RKLP3,2025-12-08
B0D12RKLP3,2026-01-05
B0D12RKLP3,2026-02-02
B0D12RKLP3,2026-03-02
B0D12VPLG3,2025-04-28
B0D12VPLG3,2025-05-26
B0D12VPLG3,2025-06-23
B0D12VPLG3,2025-07-21
B0D12VPLG3,2025-08-18
B0D12VPLG3,2025-09-15
B0D12VPLG3,2025-10-13
B0D12VPLG3,2025-11-10
B0D12VPLG3,2025-12-08
B0D12VPLG3,2026-01-05
B0D12VPLG3,2026-02-02
B0D12VPLG3,2026-03-02
B0D12VRSC1,2025-04-28
B0D12VRSC1,2025-05-26
B0D12VRSC1,2025-06-23
B0D12VRSC1,2025-07-21
B0D12VRSC1,2025-08-18
B0D12VRSC1,2025-09-15
B0D12VRSC1,2025-10-13
B0D12VRSC1,2025-11-10
B0D12VRSC1,2025-12-08
B0D12VRSC1,2026-01-05
B0D12VRSC1,2026-02-02
B0D12VRSC1,2026-03-02
B0D12WGLP1,2025-04-28
B0D12WGLP1,2025-05-26
B0D12WGLP1,2025-06-23
B0D12WGLP1,2025-07-21
B0D12WGLP1,2025-08-18
B0D12WGLP1,2025-09-15
B0D12WGLP1,2025-10-13
B0D12WGLP1,2025-11-10
B0D12WGLP1,2025-12-08
B0D12WGLP1,2026-01-05
B0D12WGLP1,2026-02-02
B0D12WGLP1,2026-03-02
B0D13VVGDL,2025-04-28
B0D13VVGDL,2025-05-26
B0D13VVGDL,2025-06-23
B0D13VVGDL,2025-07-21
B0D13VVGDL,2025-08-18
B0D13VVGDL,2025-09-15
B0D13VVGDL,2025-10-13
B0D13VVGDL,2025-11-10
B0D13VVGDL,2025-12-08
B0D13VVGDL,2026-01-05
B0D13VVGDL,2026-02-02
B0D13VVGDL,2026-03-02
B0D143RQZG,2025-04-28
B0D143RQZG,2025-05-26
B0D143RQZG,2025-06-23
B0D143RQZG,2025-07-21
B0D143RQZG,2025-08-18
B0D143RQZG,2025-09-15
B0D143RQZG,2025-10-13
B0D143RQZG,2025-11-10
B0D143RQZG,2025-12-08
B0D143RQZG,2026-01-05
B0D143RQZG,2026-02-02
B0D143RQZG,2026-03-02
B0D149J8K3,2025-04-28
B0D149J8K3,2025-05-26
B0D149J8K3,2025-06-23
B0D149J8K3,2025-07-21
B0D149J8K3,2025-08-18
B0D149J8K3,2025-09-15
B0D149J8K3,2025-10-13
B0D149J8K3,2025-11-10
B0D149J8K3,2025-12-08
B0D149J8K3,2026-01-05
B0D149J8K3,2026-02-02
B0D149J8K3,2026-03-02
B0D14CYTGW,2025-04-28
B0D14CYTGW,2025-05-26
B0D14CYTGW,2025-06-23
B0D14CYTGW,2025-07-21
B0D14CYTGW,2025-08-18
B0D14CYTGW,2025-09-15
B0D14CYTGW,2025-10-13
B0D14CYTGW,2025-11-10
B0D14CYTGW,2025-12-08
B0D14CYTGW,2026-01-05
B0D14CYTGW,2026-02-02
B0D14CYTGW,2026-03-02
B0D14QV48Q,2025-04-28
B0D14QV48Q,2025-05-26
B0D14QV48Q,2025-06-23
B0D14QV48Q,2025-07-21
B0D14QV48Q,2025-08-18
B0D14QV48Q,2025-09-15
B0D14QV48Q,2025-10-13
B0D14QV48Q,2025-11-10
B0D14QV48Q,2025-12-08
B0D14QV48Q,2026-01-05
B0D14QV48Q,2026-02-02
B0D14QV48Q,2026-03-02
B0D17C567Y,2025-04-28
B0D17C567Y,2025-05-26
B0D17C567Y,2025-06-23
B0D17C567Y,2025-07-21
B0D17C567Y,2025-08-18
B0D17C567Y,2025-09-15
B0D17C567Y,2025-10-13
B0D17C567Y,2025-11-10
B0D17C567Y,2025-12-08
B0D17C567Y,2026-01-05
B0D17C567Y,2026-02-02
B0D17C567Y,2026-03-02
B0D17CF1YB,2025-04-28
B0D17CF1YB,2025-05-26
B0D17CF1YB,2025-06-23
B0D17CF1YB,2025-07-21
B0D17CF1YB,2025-08-18
B0D17CF1YB,2025-09-15
B0D17CF1YB,2025-10-13
B0D17CF1YB,2025-11-10
B0D17CF1YB,2025-12-08
B0D17CF1YB,2026-01-05
B0D17CF1YB,2026-02-02
B0D17CF1YB,2026-03-02
B0D17ZH1VQ,2025-04-28
B0D17ZH1VQ,2025-05-26
B0D17ZH1VQ,2025-06-23
B0D17ZH1VQ,2025-07-21
B0D17ZH1VQ,2025-08-18
B0D17ZH1VQ,2025-09-15
B0D17ZH1VQ,2025-10-13
B0D17ZH1VQ,2025-11-10
B0D17ZH1VQ,2025-12-08
B0D17ZH1VQ,2026-01-05
B0D17ZH1VQ,2026-02-02
B0D17ZH1VQ,2026-03-02
B0D1BRB9HB,2025-04-28
B0D1BRB9HB,2025-05-26
B0D1BRB9HB,2025-06-23
B0D1BRB9HB,2025-07-21
B0D1BRB9HB,2025-08-18
B0D1BRB9HB,2025-09-15
B0D1BRB9HB,2025-10-13
B0D1BRB9HB,2025-11-10
B0D1BRB9HB,2025-12-08
B0D1BRB9HB,2026-01-05
B0D1BRB9HB,2026-02-02
B0D1BRB9HB,2026-03-02
B0D1BZZPXT,2025-04-28
B0D1BZZPXT,2025-05-26
B0D1BZZPXT,2025-06-23
B0D1BZZPXT,2025-07-21
B0D1BZZPXT,2025-08-18
B0D1BZZPXT,2025-09-15
B0D1BZZPXT,2025-10-13
B0D1BZZPXT,2025-11-10
B0D1BZZPXT,2025-12-08
B0D1BZZPXT,2026-01-05
B0D1BZZPXT,2026-02-02
B0D1BZZPXT,2026-03-02
B0D1G3DC81,2025-04-28
B0D1G3DC81,2025-05-26
B0D1G3DC81,2025-06-23
B0D1G3DC81,2025-07-21
B0D1G3DC81,2025-08-18
B0D1G3DC81,2025-09-15
B0D1G3DC81,2025-10-13
B0D1G3DC81,2025-11-10
B0D1G3DC81,2025-12-08
B0D1G3DC81,2026-01-05
B0D1G3DC81,2026-02-02
B0D1G3DC81,2026-03-02
B0D1JT2KL5,2025-04-28
B0D1JT2KL5,2025-05-26
B0D1JT2KL5,2025-06-23
B0D1JT2KL5,2025-07-21
B0D1JT2KL5,2025-08-18
B0D1JT2KL5,2025-09-15
B0D1JT2KL5,2025-10-13
B0D1JT2KL5,2025-11-10
B0D1JT2KL5,2025-12-08
B0D1JT2KL5,2026-01-05
B0D1JT2KL5,2026-02-02
B0D1JT2KL5,2026-03-02
B0D1K2FF21,2025-04-28
B0D1K2FF21,2025-05-26
B0D1K2FF21,2025-06-23
B0D1K2FF21,2025-07-21
B0D1K2FF21,2025-08-18
B0D1K2FF21,2025-09-15
B0D1K2FF21,2025-10-13
B0D1K2FF21,2025-11-10
B0D1K2FF21,2025-12-08
B0D1K2FF21,2026-01-05
B0D1K2FF21,2026-02-02
B0D1K2FF21,2026-03-02
B0D1K472R3,2025-04-28
B0D1K472R3,2025-05-26
B0D1K472R3,2025-06-23
B0D1K472R3,2025-07-21
B0D1K472R3,2025-08-18
B0D1K472R3,2025-09-15
B0D1K472R3,2025-10-13
B0D1K472R3,2025-11-10
B0D1K472R3,2025-12-08
B0D1K472R3,2026-01-05
B0D1K472R3,2026-02-02
B0D1K472R3,2026-03-02
B0D1K85XPQ,2025-04-28
B0D1K85XPQ,2025-05-26
B0D1K85XPQ,2025-06-23
B0D1K85XPQ,2025-07-21
B0D1K85XPQ,2025-08-18
B0D1K85XPQ,2025-09-15
B0D1K85XPQ,2025-10-13
B0D1K85XPQ,2025-11-10
B0D1K85XPQ,2025-12-08
B0D1K85XPQ,2026-01-05
B0D1K85XPQ,2026-02-02
B0D1K85XPQ,2026-03-02
B0D1K9K9LH,2025-04-28
B0D1K9K9LH,2025-05-26
B0D1K9K9LH,2025-06-23
B0D1K9K9LH,2025-07-21
B0D1K9K9LH,2025-08-18
B0D1K9K9LH,2025-09-15
B0D1K9K9LH,2025-10-13
B0D1K9K9LH,2025-11-10
B0D1K9K9LH,2025-12-08
B0D1K9K9LH,2026-01-05
B0D1K9K9LH,2026-02-02
B0D1K9K9LH,2026-03-02
B0D1MDZ1WV,2025-04-28
B0D1MDZ1WV,2025-05-26
B0D1MDZ1WV,2025-06-23
B0D1MDZ1WV,2025-07-21
B0D1MDZ1WV,2025-08-18
B0D1MDZ1WV,2025-09-15
B0D1MDZ1WV,2025-10-13
B0D1MDZ1WV,2025-11-10
B0D1MDZ1WV,2025-12-08
B0D1MDZ1WV,2026-01-05
B0D1MDZ1WV,2026-02-02
B0D1MDZ1WV,2026-03-02
B0D1MYQGY1,2025-04-28
B0D1MYQGY1,2025-05-26
B0D1MYQGY1,2025-06-23
B0D1MYQGY1,2025-07-21
B0D1MYQGY1,2025-08-18
B0D1MYQGY1,2025-09-15
B0D1MYQGY1,2025-10-13
B0D1MYQGY1,2025-11-10
B0D1MYQGY1,2025-12-08
B0D1MYQGY1,2026-01-05
B0D1MYQGY1,2026-02-02
B0D1MYQGY1,2026-03-02
B0D1N14RJF,2025-04-28
B0D1N14RJF,2025-05-26
B0D1N14RJF,2025-06-23
B0D1N14RJF,2025-07-21
B0D1N14RJF,2025-08-18
B0D1N14RJF,2025-09-15
B0D1N14RJF,2025-10-13
B0D1N14RJF,2025-11-10
B0D1N14RJF,2025-12-08
B0D1N14RJF,2026-01-05
B0D1N14RJF,2026-02-02
B0D1N14RJF,2026-03-02
B0D1N2XY98,2025-04-28
B0D1N2XY98,2025-05-26
B0D1N2XY98,2025-06-23
B0D1N2XY98,2025-07-21
B0D1N2XY98,2025-08-18
B0D1N2XY98,2025-09-15
B0D1N2XY98,2025-10-13
B0D1N2XY98,2025-11-10
B0D1N2XY98,2025-12-08
B0D1N2XY98,2026-01-05
B0D1N2XY98,2026-02-02
B0D1N2XY98,2026-03-02
B0D1NX5194,2025-04-28
B0D1NX5194,2025-05-26
B0D1NX5194,2025-06-23
B0D1NX5194,2025-07-21
B0D1NX5194,2025-08-18
B0D1NX5194,2025-09-15
B0D1NX5194,2025-10-13
B0D1NX5194,2025-11-10
B0D1NX5194,2025-12-08
B0D1NX5194,2026-01-05
B0D1NX5194,2026-02-02
B0D1NX5194,2026-03-02
B0D1QYRTDF,2025-04-28
B0D1QYRTDF,2025-05-26
B0D1QYRTDF,2025-06-23
B0D1QYRTDF,2025-07-21
B0D1QYRTDF,2025-08-18
B0D1QYRTDF,2025-09-15
B0D1QYRTDF,2025-10-13
B0D1QYRTDF,2025-11-10
B0D1QYRTDF,2025-12-08
B0D1QYRTDF,2026-01-05
B0D1QYRTDF,2026-02-02
B0D1QYRTDF,2026-03-02
B0D1R54F3V,2025-04-28
B0D1R54F3V,2025-05-26
B0D1R54F3V,2025-06-23
B0D1R54F3V,2025-07-21
B0D1R54F3V,2025-08-18
B0D1R54F3V,2025-09-15
B0D1R54F3V,2025-10-13
B0D1R54F3V,2025-11-10
B0D1R54F3V,2025-12-08
B0D1R54F3V,2026-01-05
B0D1R54F3V,2026-02-02
B0D1R54F3V,2026-03-02
B0D1VPS1D4,2025-04-28
B0D1VPS1D4,2025-05-26
B0D1VPS1D4,2025-06-23
B0D1VPS1D4,2025-07-21
B0D1VPS1D4,2025-08-18
B0D1VPS1D4,2025-09-15
B0D1VPS1D4,2025-10-13
B0D1VPS1D4,2025-11-10
B0D1VPS1D4,2025-12-08
B0D1VPS1D4,2026-01-05
B0D1VPS1D4,2026-02-02
B0D1VPS1D4,2026-03-02
B0D22S3JNK,2025-04-28
B0D22S3JNK,2025-05-26
B0D22S3JNK,2025-06-23
B0D22S3JNK,2025-07-21
B0D22S3JNK,2025-08-18
B0D22S3JNK,2025-09-15
B0D22S3JNK,2025-10-13
B0D22S3JNK,2025-11-10
B0D22S3JNK,2025-12-08
B0D22S3JNK,2026-01-05
B0D22S3JNK,2026-02-02
B0D22S3JNK,2026-03-02
B0D2684JJ6,2025-04-28
B0D2684JJ6,2025-05-26
B0D2684JJ6,2025-06-23
B0D2684JJ6,2025-07-21
B0D2684JJ6,2025-08-18
B0D2684JJ6,2025-09-15
B0D2684JJ6,2025-10-13
B0D2684JJ6,2025-11-10
B0D2684JJ6,2025-12-08
B0D2684JJ6,2026-01-05
B0D2684JJ6,2026-02-02
B0D2684JJ6,2026-03-02
B0D2D47KTN,2025-04-28
B0D2D47KTN,2025-05-26
B0D2D47KTN,2025-06-23
B0D2D47KTN,2025-07-21
B0D2D47KTN,2025-08-18
B0D2D47KTN,2025-09-15
B0D2D47KTN,2025-10-13
B0D2D47KTN,2025-11-10
B0D2D47KTN,2025-12-08
B0D2D47KTN,2026-01-05
B0D2D47KTN,2026-02-02
B0D2D47KTN,2026-03-02
B0D2D6P343,2025-04-28
B0D2D6P343,2025-05-26
B0D2D6P343,2025-06-23
B0D2D6P343,2025-07-21
B0D2D6P343,2025-08-18
B0D2D6P343,2025-09-15
B0D2D6P343,2025-10-13
B0D2D6P343,2025-11-10
B0D2D6P343,2025-12-08
B0D2D6P343,2026-01-05
B0D2D6P343,2026-02-02
B0D2D6P343,2026-03-02
B0D2D8W398,2025-04-28
B0D2D8W398,2025-05-26
B0D2D8W398,2025-06-23
B0D2D8W398,2025-07-21
B0D2D8W398,2025-08-18
B0D2D8W398,2025-09-15
B0D2D8W398,2025-10-13
B0D2D8W398,2025-11-10
B0D2D8W398,2025-12-08
B0D2D8W398,2026-01-05
B0D2D8W398,2026-02-02
B0D2D8W398,2026-03-02
B0D2D97CN6,2025-04-28
B0D2D97CN6,2025-05-26
B0D2D97CN6,2025-06-23
B0D2D97CN6,2025-07-21
B0D2D97CN6,2025-08-18
B0D2D97CN6,2025-09-15
B0D2D97CN6,2025-10-13
B0D2D97CN6,2025-11-10
B0D2D97CN6,2025-12-08
B0D2D97CN6,2026-01-05
B0D2D97CN6,2026-02-02
B0D2D97CN6,2026-03-02
B0D2DBZZVF,2025-04-28
B0D2DBZZVF,2025-05-26
B0D2DBZZVF,2025-06-23
B0D2DBZZVF,2025-07-21
B0D2DBZZVF,2025-08-18
B0D2DBZZVF,2025-09-15
B0D2DBZZVF,2025-10-13
B0D2DBZZVF,2025-11-10
B0D2DBZZVF,2025-12-08
B0D2DBZZVF,2026-01-05
B0D2DBZZVF,2026-02-02
B0D2DBZZVF,2026-03-02
B0D2DJVV3S,2025-04-28
B0D2DJVV3S,2025-05-26
B0D2DJVV3S,2025-06-23
B0D2DJVV3S,2025-07-21
B0D2DJVV3S,2025-08-18
B0D2DJVV3S,2025-09-15
B0D2DJVV3S,2025-10-13
B0D2DJVV3S,2025-11-10
B0D2DJVV3S,2025-12-08
B0D2DJVV3S,2026-01-05
B0D2DJVV3S,2026-02-02
B0D2DJVV3S,2026-03-02
B0D2HFVP9P,2025-04-28
B0D2HFVP9P,2025-05-26
B0D2HFVP9P,2025-06-23
B0D2HFVP9P,2025-07-21
B0D2HFVP9P,2025-08-18
B0D2HFVP9P,2025-09-15
B0D2HFVP9P,2025-10-13
B0D2HFVP9P,2025-11-10
B0D2HFVP9P,2025-12-08
B0D2HFVP9P,2026-01-05
B0D2HFVP9P,2026-02-02
B0D2HFVP9P,2026-03-02
B0D2HYJQ3T,2025-04-28
B0D2HYJQ3T,2025-05-26
B0D2HYJQ3T,2025-06-23
B0D2HYJQ3T,2025-07-21
B0D2HYJQ3T,2025-08-18
B0D2HYJQ3T,2025-09-15
B0D2HYJQ3T,2025-10-13
B0D2HYJQ3T,2025-11-10
B0D2HYJQ3T,2025-12-08
B0D2HYJQ3T,2026-01-05
B0D2HYJQ3T,2026-02-02
B0D2HYJQ3T,2026-03-02
B0D2HYLMT5,2025-04-28
B0D2HYLMT5,2025-05-26
B0D2HYLMT5,2025-06-23
B0D2HYLMT5,2025-07-21
B0D2HYLMT5,2025-08-18
B0D2HYLMT5,2025-09-15
B0D2HYLMT5,2025-10-13
B0D2HYLMT5,2025-11-10
B0D2HYLMT5,2025-12-08
B0D2HYLMT5,2026-01-05
B0D2HYLMT5,2026-02-02
B0D2HYLMT5,2026-03-02
B0D2HZ7H3Y,2025-04-28
B0D2HZ7H3Y,2025-05-26
B0D2HZ7H3Y,2025-06-23
B0D2HZ7H3Y,2025-07-21
B0D2HZ7H3Y,2025-08-18
B0D2HZ7H3Y,2025-09-15
B0D2HZ7H3Y,2025-10-13
B0D2HZ7H3Y,2025-11-10
B0D2HZ7H3Y,2025-12-08
B0D2HZ7H3Y,2026-01-05
B0D2HZ7H3Y,2026-02-02
B0D2HZ7H3Y,2026-03-02
B0D2HZ93XS,2025-04-28
B0D2HZ93XS,2025-05-26
B0D2HZ93XS,2025-06-23
B0D2HZ93XS,2025-07-21
B0D2HZ93XS,2025-08-18
B0D2HZ93XS,2025-09-15
B0D2HZ93XS,2025-10-13
B0D2HZ93XS,2025-11-10
B0D2HZ93XS,2025-12-08
B0D2HZ93XS,2026-01-05
B0D2HZ93XS,2026-02-02
B0D2HZ93XS,2026-03-02
B0D2HZM5RV,2025-04-28
B0D2HZM5RV,2025-05-26
B0D2HZM5RV,2025-06-23
B0D2HZM5RV,2025-07-21
B0D2HZM5RV,2025-08-18
B0D2HZM5RV,2025-09-15
B0D2HZM5RV,2025-10-13
B0D2HZM5RV,2025-11-10
B0D2HZM5RV,2025-12-08
B0D2HZM5RV,2026-01-05
B0D2HZM5RV,2026-02-02
B0D2HZM5RV,2026-03-02
B0D2HZNPZ8,2025-04-28
B0D2HZNPZ8,2025-05-26
B0D2HZNPZ8,2025-06-23
B0D2HZNPZ8,2025-07-21
B0D2HZNPZ8,2025-08-18
B0D2HZNPZ8,2025-09-15
B0D2HZNPZ8,2025-10-13
B0D2HZNPZ8,2025-11-10
B0D2HZNPZ8,2025-12-08
B0D2HZNPZ8,2026-01-05
B0D2HZNPZ8,2026-02-02
B0D2HZNPZ8,2026-03-02
B0D2J3NNLK,2025-04-28
B0D2J3NNLK,2025-05-26
B0D2J3NNLK,2025-06-23
B0D2J3NNLK,2025-07-21
B0D2J3NNLK,2025-08-18
B0D2J3NNLK,2025-09-15
B0D2J3NNLK,2025-10-13
B0D2J3NNLK,2025-11-10
B0D2J3NNLK,2025-12-08
B0D2J3NNLK,2026-01-05
B0D2J3NNLK,2026-02-02
B0D2J3NNLK,2026-03-02
B0D2J4543F,2025-04-28
B0D2J4543F,2025-05-26
B0D2J4543F,2025-06-23
B0D2J4543F,2025-07-21
B0D2J4543F,2025-08-18
B0D2J4543F,2025-09-15
B0D2J4543F,2025-10-13
B0D2J4543F,2025-11-10
B0D2J4543F,2025-12-08
B0D2J4543F,2026-01-05
B0D2J4543F,2026-02-02
B0D2J4543F,2026-03-02
B0D2KR53V6,2025-04-28
B0D2KR53V6,2025-05-26
B0D2KR53V6,2025-06-23
B0D2KR53V6,2025-07-21
B0D2KR53V6,2025-08-18
B0D2KR53V6,2025-09-15
B0D2KR53V6,2025-10-13
B0D2KR53V6,2025-11-10
B0D2KR53V6,2025-12-08
B0D2KR53V6,2026-01-05
B0D2KR53V6,2026-02-02
B0D2KR53V6,2026-03-02
B0D2KRCB87,2025-04-28
B0D2KRCB87,2025-05-26
B0D2KRCB87,2025-06-23
B0D2KRCB87,2025-07-21
B0D2KRCB87,2025-08-18
B0D2KRCB87,2025-09-15
B0D2KRCB87,2025-10-13
B0D2KRCB87,2025-11-10
B0D2KRCB87,2025-12-08
B0D2KRCB87,2026-01-05
B0D2KRCB87,2026-02-02
B0D2KRCB87,2026-03-02
B0D2KSL6YS,2025-04-28
B0D2KSL6YS,2025-05-26
B0D2KSL6YS,2025-06-23
B0D2KSL6YS,2025-07-21
B0D2KSL6YS,2025-08-18
B0D2KSL6YS,2025-09-15
B0D2KSL6YS,2025-10-13
B0D2KSL6YS,2025-11-10
B0D2KSL6YS,2025-12-08
B0D2KSL6YS,2026-01-05
B0D2KSL6YS,2026-02-02
B0D2KSL6YS,2026-03-02
B0D2KSTW53,2025-04-28
B0D2KSTW53,2025-05-26
B0D2KSTW53,2025-06-23
B0D2KSTW53,2025-07-21
B0D2KSTW53,2025-08-18
B0D2KSTW53,2025-09-15
B0D2KSTW53,2025-10-13
B0D2KSTW53,2025-11-10
B0D2KSTW53,2025-12-08
B0D2KSTW53,2026-01-05
B0D2KSTW53,2026-02-02
B0D2KSTW53,2026-03-02
B0D2KWZD1C,2025-04-28
B0D2KWZD1C,2025-05-26
B0D2KWZD1C,2025-06-23
B0D2KWZD1C,2025-07-21
B0D2KWZD1C,2025-08-18
B0D2KWZD1C,2025-09-15
B0D2KWZD1C,2025-10-13
B0D2KWZD1C,2025-11-10
B0D2KWZD1C,2025-12-08
B0D2KWZD1C,2026-01-05
B0D2KWZD1C,2026-02-02
B0D2KWZD1C,2026-03-02
B0D2KZ2XRH,2025-04-28
B0D2KZ2XRH,2025-05-26
B0D2KZ2XRH,2025-06-23
B0D2KZ2XRH,2025-07-21
B0D2KZ2XRH,2025-08-18
B0D2KZ2XRH,2025-09-15
B0D2KZ2XRH,2025-10-13
B0D2KZ2XRH,2025-11-10
B0D2KZ2XRH,2025-12-08
B0D2KZ2XRH,2026-01-05
B0D2KZ2XRH,2026-02-02
B0D2KZ2XRH,2026-03-02
B0D2L17V86,2025-04-28
B0D2L17V86,2025-05-26
B0D2L17V86,2025-06-23
B0D2L17V86,2025-07-21
B0D2L17V86,2025-08-18
B0D2L17V86,2025-09-15
B0D2L17V86,2025-10-13
B0D2L17V86,2025-11-10
B0D2L17V86,2025-12-08
B0D2L17V86,2026-01-05
B0D2L17V86,2026-02-02
B0D2L17V86,2026-03-02
B0D2L1NZHB,2025-04-28
B0D2L1NZHB,2025-05-26
B0D2L1NZHB,2025-06-23
B0D2L1NZHB,2025-07-21
B0D2L1NZHB,2025-08-18
B0D2L1NZHB,2025-09-15
B0D2L1NZHB,2025-10-13
B0D2L1NZHB,2025-11-10
B0D2L1NZHB,2025-12-08
B0D2L1NZHB,2026-01-05
B0D2L1NZHB,2026-02-02
B0D2L1NZHB,2026-03-02
B0D2L24MC7,2025-04-28
B0D2L24MC7,2025-05-26
B0D2L24MC7,2025-06-23
B0D2L24MC7,2025-07-21
B0D2L24MC7,2025-08-18
B0D2L24MC7,2025-09-15
B0D2L24MC7,2025-10-13
B0D2L24MC7,2025-11-10
B0D2L24MC7,2025-12-08
B0D2L24MC7,2026-01-05
B0D2L24MC7,2026-02-02
B0D2L24MC7,2026-03-02
B0D2L8M9SK,2025-04-28
B0D2L8M9SK,2025-05-26
B0D2L8M9SK,2025-06-23
B0D2L8M9SK,2025-07-21
B0D2L8M9SK,2025-08-18
B0D2L8M9SK,2025-09-15
B0D2L8M9SK,2025-10-13
B0D2L8M9SK,2025-11-10
B0D2L8M9SK,2025-12-08
B0D2L8M9SK,2026-01-05
B0D2L8M9SK,2026-02-02
B0D2L8M9SK,2026-03-02
B0D2L9C257,2025-04-28
B0D2L9C257,2025-05-26
B0D2L9C257,2025-06-23
B0D2L9C257,2025-07-21
B0D2L9C257,2025-08-18
B0D2L9C257,2025-09-15
B0D2L9C257,2025-10-13
B0D2L9C257,2025-11-10
B0D2L9C257,2025-12-08
B0D2L9C257,2026-01-05
B0D2L9C257,2026-02-02
B0D2L9C257,2026-03-02
B0D2LDFQZW,2025-04-28
B0D2LDFQZW,2025-05-26
B0D2LDFQZW,2025-06-23
B0D2LDFQZW,2025-07-21
B0D2LDFQZW,2025-08-18
B0D2LDFQZW,2025-09-15
B0D2LDFQZW,2025-10-13
B0D2LDFQZW,2025-11-10
B0D2LDFQZW,2025-12-08
B0D2LDFQZW,2026-01-05
B0D2LDFQZW,2026-02-02
B0D2LDFQZW,2026-03-02
B0D2LDQ7TF,2025-04-28
B0D2LDQ7TF,2025-05-26
B0D2LDQ7TF,2025-06-23
B0D2LDQ7TF,2025-07-21
B0D2LDQ7TF,2025-08-18
B0D2LDQ7TF,2025-09-15
B0D2LDQ7TF,2025-10-13
B0D2LDQ7TF,2025-11-10
B0D2LDQ7TF,2025-12-08
B0D2LDQ7TF,2026-01-05
B0D2LDQ7TF,2026-02-02
B0D2LDQ7TF,2026-03-02
B0D2LH1K4T,2025-04-28
B0D2LH1K4T,2025-05-26
B0D2LH1K4T,2025-06-23
B0D2LH1K4T,2025-07-21
B0D2LH1K4T,2025-08-18
B0D2LH1K4T,2025-09-15
B0D2LH1K4T,2025-10-13
B0D2LH1K4T,2025-11-10
B0D2LH1K4T,2025-12-08
B0D2LH1K4T,2026-01-05
B0D2LH1K4T,2026-02-02
B0D2LH1K4T,2026-03-02
B0D2NXJD16,2025-04-28
B0D2NXJD16,2025-05-26
B0D2NXJD16,2025-06-23
B0D2NXJD16,2025-07-21
B0D2NXJD16,2025-08-18
B0D2NXJD16,2025-09-15
B0D2NXJD16,2025-10-13
B0D2NXJD16,2025-11-10
B0D2NXJD16,2025-12-08
B0D2NXJD16,2026-01-05
B0D2NXJD16,2026-02-02
B0D2NXJD16,2026-03-02
B0D2P4NX9K,2025-04-28
B0D2P4NX9K,2025-05-26
B0D2P4NX9K,2025-06-23
B0D2P4NX9K,2025-07-21
B0D2P4NX9K,2025-08-18
B0D2P4NX9K,2025-09-15
B0D2P4NX9K,2025-10-13
B0D2P4NX9K,2025-11-10
B0D2P4NX9K,2025-12-08
B0D2P4NX9K,2026-01-05
B0D2P4NX9K,2026-02-02
B0D2P4NX9K,2026-03-02
B0D2RV7MH9,2025-04-28
B0D2RV7MH9,2025-05-26
B0D2RV7MH9,2025-06-23
B0D2RV7MH9,2025-07-21
B0D2RV7MH9,2025-08-18
B0D2RV7MH9,2025-09-15
B0D2RV7MH9,2025-10-13
B0D2RV7MH9,2025-11-10
B0D2RV7MH9,2025-12-08
B0D2RV7MH9,2026-01-05
B0D2RV7MH9,2026-02-02
B0D2RV7MH9,2026-03-02
B0D2RVSW5K,2025-04-28
B0D2RVSW5K,2025-05-26
B0D2RVSW5K,2025-06-23
B0D2RVSW5K,2025-07-21
B0D2RVSW5K,2025-08-18
B0D2RVSW5K,2025-09-15
B0D2RVSW5K,2025-10-13
B0D2RVSW5K,2025-11-10
B0D2RVSW5K,2025-12-08
B0D2RVSW5K,2026-01-05
B0D2RVSW5K,2026-02-02
B0D2RVSW5K,2026-03-02
B0D2RVZ74N,2025-04-28
B0D2RVZ74N,2025-05-26
B0D2RVZ74N,2025-06-23
B0D2RVZ74N,2025-07-21
B0D2RVZ74N,2025-08-18
B0D2RVZ74N,2025-09-15
B0D2RVZ74N,2025-10-13
B0D2RVZ74N,2025-11-10
B0D2RVZ74N,2025-12-08
B0D2RVZ74N,2026-01-05
B0D2RVZ74N,2026-02-02
B0D2RVZ74N,2026-03-02
B0D2RXDVV1,2025-04-28
B0D2RXDVV1,2025-05-26
B0D2RXDVV1,2025-06-23
B0D2RXDVV1,2025-07-21
B0D2RXDVV1,2025-08-18
B0D2RXDVV1,2025-09-15
B0D2RXDVV1,2025-10-13
B0D2RXDVV1,2025-11-10
B0D2RXDVV1,2025-12-08
B0D2RXDVV1,2026-01-05
B0D2RXDVV1,2026-02-02
B0D2RXDVV1,2026-03-02
B0D2S7L8M5,2025-04-28
B0D2S7L8M5,2025-05-26
B0D2S7L8M5,2025-06-23
B0D2S7L8M5,2025-07-21
B0D2S7L8M5,2025-08-18
B0D2S7L8M5,2025-09-15
B0D2S7L8M5,2025-10-13
B0D2S7L8M5,2025-11-10
B0D2S7L8M5,2025-12-08
B0D2S7L8M5,2026-01-05
B0D2S7L8M5,2026-02-02
B0D2S7L8M5,2026-03-02
B0D2VYSJSF,2025-04-28
B0D2VYSJSF,2025-05-26
B0D2VYSJSF,2025-06-23
B0D2VYSJSF,2025-07-21
B0D2VYSJSF,2025-08-18
B0D2VYSJSF,2025-09-15
B0D2VYSJSF,2025-10-13
B0D2VYSJSF,2025-11-10
B0D2VYSJSF,2025-12-08
B0D2VYSJSF,2026-01-05
B0D2VYSJSF,2026-02-02
B0D2VYSJSF,2026-03-02
B0D2W776QW,2025-04-28
B0D2W776QW,2025-05-26
B0D2W776QW,2025-06-23
B0D2W776QW,2025-07-21
B0D2W776QW,2025-08-18
B0D2W776QW,2025-09-15
B0D2W776QW,2025-10-13
B0D2W776QW,2025-11-10
B0D2W776QW,2025-12-08
B0D2W776QW,2026-01-05
B0D2W776QW,2026-02-02
B0D2W776QW,2026-03-02
B0D2WPQFC4,2025-04-28
B0D2WPQFC4,2025-05-26
B0D2WPQFC4,2025-06-23
B0D2WPQFC4,2025-07-21
B0D2WPQFC4,2025-08-18
B0D2WPQFC4,2025-09-15
B0D2WPQFC4,2025-10-13
B0D2WPQFC4,2025-11-10
B0D2WPQFC4,2025-12-08
B0D2WPQFC4,2026-01-05
B0D2WPQFC4,2026-02-02
B0D2WPQFC4,2026-03-02
B0D2X3MHQ1,2025-04-28
B0D2X3MHQ1,2025-05-26
B0D2X3MHQ1,2025-06-23
B0D2X3MHQ1,2025-07-21
B0D2X3MHQ1,2025-08-18
B0D2X3MHQ1,2025-09-15
B0D2X3MHQ1,2025-10-13
B0D2X3MHQ1,2025-11-10
B0D2X3MHQ1,2025-12-08
B0D2X3MHQ1,2026-01-05
B0D2X3MHQ1,2026-02-02
B0D2X3MHQ1,2026-03-02
B0D2Y4LRFW,2025-04-28
B0D2Y4LRFW,2025-05-26
B0D2Y4LRFW,2025-06-23
B0D2Y4LRFW,2025-07-21
B0D2Y4LRFW,2025-08-18
B0D2Y4LRFW,2025-09-15
B0D2Y4LRFW,2025-10-13
B0D2Y4LRFW,2025-11-10
B0D2Y4LRFW,2025-12-08
B0D2Y4LRFW,2026-01-05
B0D2Y4LRFW,2026-02-02
B0D2Y4LRFW,2026-03-02
B0D2Y5C91N,2025-04-28
B0D2Y5C91N,2025-05-26
B0D2Y5C91N,2025-06-23
B0D2Y5C91N,2025-07-21
B0D2Y5C91N,2025-08-18
B0D2Y5C91N,2025-09-15
B0D2Y5C91N,2025-10-13
B0D2Y5C91N,2025-11-10
B0D2Y5C91N,2025-12-08
B0D2Y5C91N,2026-01-05
B0D2Y5C91N,2026-02-02
B0D2Y5C91N,2026-03-02
B0D2ZH4GP8,2025-04-28
B0D2ZH4GP8,2025-05-26
B0D2ZH4GP8,2025-06-23
B0D2ZH4GP8,2025-07-21
B0D2ZH4GP8,2025-08-18
B0D2ZH4GP8,2025-09-15
B0D2ZH4GP8,2025-10-13
B0D2ZH4GP8,2025-11-10
B0D2ZH4GP8,2025-12-08
B0D2ZH4GP8,2026-01-05
B0D2ZH4GP8,2026-02-02
B0D2ZH4GP8,2026-03-02
B0D31LDXGW,2025-04-28
B0D31LDXGW,2025-05-26
B0D31LDXGW,2025-06-23
B0D31LDXGW,2025-07-21
B0D31LDXGW,2025-08-18
B0D31LDXGW,2025-09-15
B0D31LDXGW,2025-10-13
B0D31LDXGW,2025-11-10
B0D31LDXGW,2025-12-08
B0D31LDXGW,2026-01-05
B0D31LDXGW,2026-02-02
B0D31LDXGW,2026-03-02
B0D31MJW26,2025-04-28
B0D31MJW26,2025-05-26
B0D31MJW26,2025-06-23
B0D31MJW26,2025-07-21
B0D31MJW26,2025-08-18
B0D31MJW26,2025-09-15
B0D31MJW26,2025-10-13
B0D31MJW26,2025-11-10
B0D31MJW26,2025-12-08
B0D31MJW26,2026-01-05
B0D31MJW26,2026-02-02
B0D31MJW26,2026-03-02
B0D31MV8ND,2025-04-28
B0D31MV8ND,2025-05-26
B0D31MV8ND,2025-06-23
B0D31MV8ND,2025-07-21
B0D31MV8ND,2025-08-18
B0D31MV8ND,2025-09-15
B0D31MV8ND,2025-10-13
B0D31MV8ND,2025-11-10
B0D31MV8ND,2025-12-08
B0D31MV8ND,2026-01-05
B0D31MV8ND,2026-02-02
B0D31MV8ND,2026-03-02
B0D31RZMB4,2025-04-28
B0D31RZMB4,2025-05-26
B0D31RZMB4,2025-06-23
B0D31RZMB4,2025-07-21
B0D31RZMB4,2025-08-18
B0D31RZMB4,2025-09-15
B0D31RZMB4,2025-10-13
B0D31RZMB4,2025-11-10
B0D31RZMB4,2025-12-08
B0D31RZMB4,2026-01-05
B0D31RZMB4,2026-02-02
B0D31RZMB4,2026-03-02
B0D31V7Z6V,2025-04-28
B0D31V7Z6V,2025-05-26
B0D31V7Z6V,2025-06-23
B0D31V7Z6V,2025-07-21
B0D31V7Z6V,2025-08-18
B0D31V7Z6V,2025-09-15
B0D31V7Z6V,2025-10-13
B0D31V7Z6V,2025-11-10
B0D31V7Z6V,2025-12-08
B0D31V7Z6V,2026-01-05
B0D31V7Z6V,2026-02-02
B0D31V7Z6V,2026-03-02
B0D33YHZBJ,2025-04-28
B0D33YHZBJ,2025-05-26
B0D33YHZBJ,2025-06-23
B0D33YHZBJ,2025-07-21
B0D33YHZBJ,2025-08-18
B0D33YHZBJ,2025-09-15
B0D33YHZBJ,2025-10-13
B0D33YHZBJ,2025-11-10
B0D33YHZBJ,2025-12-08
B0D33YHZBJ,2026-01-05
B0D33YHZBJ,2026-02-02
B0D33YHZBJ,2026-03-02
B0D33ZYFKJ,2025-04-28
B0D33ZYFKJ,2025-05-26
B0D33ZYFKJ,2025-06-23
B0D33ZYFKJ,2025-07-21
B0D33ZYFKJ,2025-08-18
B0D33ZYFKJ,2025-09-15
B0D33ZYFKJ,2025-10-13
B0D33ZYFKJ,2025-11-10
B0D33ZYFKJ,2025-12-08
B0D33ZYFKJ,2026-01-05
B0D33ZYFKJ,2026-02-02
B0D33ZYFKJ,2026-03-02
B0D373WV6T,2025-04-28
B0D373WV6T,2025-05-26
B0D373WV6T,2025-06-23
B0D373WV6T,2025-07-21
B0D373WV6T,2025-08-18
B0D373WV6T,2025-09-15
B0D373WV6T,2025-10-13
B0D373WV6T,2025-11-10
B0D373WV6T,2025-12-08
B0D373WV6T,2026-01-05
B0D373WV6T,2026-02-02
B0D373WV6T,2026-03-02
B0D37PLVFD,2025-04-28
B0D37PLVFD,2025-05-26
B0D37PLVFD,2025-06-23
B0D37PLVFD,2025-07-21
B0D37PLVFD,2025-08-18
B0D37PLVFD,2025-09-15
B0D37PLVFD,2025-10-13
B0D37PLVFD,2025-11-10
B0D37PLVFD,2025-12-08
B0D37PLVFD,2026-01-05
B0D37PLVFD,2026-02-02
B0D37PLVFD,2026-03-02
B0D37RDKTP,2025-04-28
B0D37RDKTP,2025-05-26
B0D37RDKTP,2025-06-23
B0D37RDKTP,2025-07-21
B0D37RDKTP,2025-08-18
B0D37RDKTP,2025-09-15
B0D37RDKTP,2025-10-13
B0D37RDKTP,2025-11-10
B0D37RDKTP,2025-12-08
B0D37RDKTP,2026-01-05
B0D37RDKTP,2026-02-02
B0D37RDKTP,2026-03-02
B0D3DCNR5D,2025-04-28
B0D3DCNR5D,2025-05-26
B0D3DCNR5D,2025-06-23
B0D3DCNR5D,2025-07-21
B0D3DCNR5D,2025-08-18
B0D3DCNR5D,2025-09-15
B0D3DCNR5D,2025-10-13
B0D3DCNR5D,2025-11-10
B0D3DCNR5D,2025-12-08
B0D3DCNR5D,2026-01-05
B0D3DCNR5D,2026-02-02
B0D3DCNR5D,2026-03-02
B0D3DCXC7K,2025-04-28
B0D3DCXC7K,2025-05-26
B0D3DCXC7K,2025-06-23
B0D3DCXC7K,2025-07-21
B0D3DCXC7K,2025-08-18
B0D3DCXC7K,2025-09-15
B0D3DCXC7K,2025-10-13
B0D3DCXC7K,2025-11-10
B0D3DCXC7K,2025-12-08
B0D3DCXC7K,2026-01-05
B0D3DCXC7K,2026-02-02
B0D3DCXC7K,2026-03-02
B0D3DLP6B7,2025-04-28
B0D3DLP6B7,2025-05-26
B0D3DLP6B7,2025-06-23
B0D3DLP6B7,2025-07-21
B0D3DLP6B7,2025-08-18
B0D3DLP6B7,2025-09-15
B0D3DLP6B7,2025-10-13
B0D3DLP6B7,2025-11-10
B0D3DLP6B7,2025-12-08
B0D3DLP6B7,2026-01-05
B0D3DLP6B7,2026-02-02
B0D3DLP6B7,2026-03-02
B0D3DW4N3F,2025-04-28
B0D3DW4N3F,2025-05-26
B0D3DW4N3F,2025-06-23
B0D3DW4N3F,2025-07-21
B0D3DW4N3F,2025-08-18
B0D3DW4N3F,2025-09-15
B0D3DW4N3F,2025-10-13
B0D3DW4N3F,2025-11-10
B0D3DW4N3F,2025-12-08
B0D3DW4N3F,2026-01-05
B0D3DW4N3F,2026-02-02
B0D3DW4N3F,2026-03-02
B0D3DWTHHZ,2025-04-28
B0D3DWTHHZ,2025-05-26
B0D3DWTHHZ,2025-06-23
B0D3DWTHHZ,2025-07-21
B0D3DWTHHZ,2025-08-18
B0D3DWTHHZ,2025-09-15
B0D3DWTHHZ,2025-10-13
B0D3DWTHHZ,2025-11-10
B0D3DWTHHZ,2025-12-08
B0D3DWTHHZ,2026-01-05
B0D3DWTHHZ,2026-02-02
B0D3DWTHHZ,2026-03-02
B0D3DX63T3,2025-04-28
B0D3DX63T3,2025-05-26
B0D3DX63T3,2025-06-23
B0D3DX63T3,2025-07-21
B0D3DX63T3,2025-08-18
B0D3DX63T3,2025-09-15
B0D3DX63T3,2025-10-13
B0D3DX63T3,2025-11-10
B0D3DX63T3,2025-12-08
B0D3DX63T3,2026-01-05
B0D3DX63T3,2026-02-02
B0D3DX63T3,2026-03-02
B0D3DXLWR6,2025-04-28
B0D3DXLWR6,2025-05-26
B0D3DXLWR6,2025-06-23
B0D3DXLWR6,2025-07-21
B0D3DXLWR6,2025-08-18
B0D3DXLWR6,2025-09-15
B0D3DXLWR6,2025-10-13
B0D3DXLWR6,2025-11-10
B0D3DXLWR6,2025-12-08
B0D3DXLWR6,2026-01-05
B0D3DXLWR6,2026-02-02
B0D3DXLWR6,2026-03-02
B0D3FN36VB,2025-04-28
B0D3FN36VB,2025-05-26
B0D3FN36VB,2025-06-23
B0D3FN36VB,2025-07-21
B0D3FN36VB,2025-08-18
B0D3FN36VB,2025-09-15
B0D3FN36VB,2025-10-13
B0D3FN36VB,2025-11-10
B0D3FN36VB,2025-12-08
B0D3FN36VB,2026-01-05
B0D3FN36VB,2026-02-02
B0D3FN36VB,2026-03-02
B0D3GD3R8Z,2025-04-28
B0D3GD3R8Z,2025-05-26
B0D3GD3R8Z,2025-06-23
B0D3GD3R8Z,2025-07-21
B0D3GD3R8Z,2025-08-18
B0D3GD3R8Z,2025-09-15
B0D3GD3R8Z,2025-10-13
B0D3GD3R8Z,2025-11-10
B0D3GD3R8Z,2025-12-08
B0D3GD3R8Z,2026-01-05
B0D3GD3R8Z,2026-02-02
B0D3GD3R8Z,2026-03-02
B0D3H9W25L,2025-04-28
B0D3H9W25L,2025-05-26
B0D3H9W25L,2025-06-23
B0D3H9W25L,2025-07-21
B0D3H9W25L,2025-08-18
B0D3H9W25L,2025-09-15
B0D3H9W25L,2025-10-13
B0D3H9W25L,2025-11-10
B0D3H9W25L,2025-12-08
B0D3H9W25L,2026-01-05
B0D3H9W25L,2026-02-02
B0D3H9W25L,2026-03-02
B0D3HD3YHK,2025-04-28
B0D3HD3YHK,2025-05-26
B0D3HD3YHK,2025-06-23
B0D3HD3YHK,2025-07-21
B0D3HD3YHK,2025-08-18
B0D3HD3YHK,2025-09-15
B0D3HD3YHK,2025-10-13
B0D3HD3YHK,2025-11-10
B0D3HD3YHK,2025-12-08
B0D3HD3YHK,2026-01-05
B0D3HD3YHK,2026-02-02
B0D3HD3YHK,2026-03-02
B0D3HD74ZM,2025-04-28
B0D3HD74ZM,2025-05-26
B0D3HD74ZM,2025-06-23
B0D3HD74ZM,2025-07-21
B0D3HD74ZM,2025-08-18
B0D3HD74ZM,2025-09-15
B0D3HD74ZM,2025-10-13
B0D3HD74ZM,2025-11-10
B0D3HD74ZM,2025-12-08
B0D3HD74ZM,2026-01-05
B0D3HD74ZM,2026-02-02
B0D3HD74ZM,2026-03-02
B0D3HJLT63,2025-04-28
B0D3HJLT63,2025-05-26
B0D3HJLT63,2025-06-23
B0D3HJLT63,2025-07-21
B0D3HJLT63,2025-08-18
B0D3HJLT63,2025-09-15
B0D3HJLT63,2025-10-13
B0D3HJLT63,2025-11-10
B0D3HJLT63,2025-12-08
B0D3HJLT63,2026-01-05
B0D3HJLT63,2026-02-02
B0D3HJLT63,2026-03-02
B0D3JDXQT2,2025-04-28
B0D3JDXQT2,2025-05-26
B0D3JDXQT2,2025-06-23
B0D3JDXQT2,2025-07-21
B0D3JDXQT2,2025-08-18
B0D3JDXQT2,2025-09-15
B0D3JDXQT2,2025-10-13
B0D3JDXQT2,2025-11-10
B0D3JDXQT2,2025-12-08
B0D3JDXQT2,2026-01-05
B0D3JDXQT2,2026-02-02
B0D3JDXQT2,2026-03-02
B0D3L836RL,2025-04-28
B0D3L836RL,2025-05-26
B0D3L836RL,2025-06-23
B0D3L836RL,2025-07-21
B0D3L836RL,2025-08-18
B0D3L836RL,2025-09-15
B0D3L836RL,2025-10-13
B0D3L836RL,2025-11-10
B0D3L836RL,2025-12-08
B0D3L836RL,2026-01-05
B0D3L836RL,2026-02-02
B0D3L836RL,2026-03-02
B0D3LFFSD1,2025-04-28
B0D3LFFSD1,2025-05-26
B0D3LFFSD1,2025-06-23
B0D3LFFSD1,2025-07-21
B0D3LFFSD1,2025-08-18
B0D3LFFSD1,2025-09-15
B0D3LFFSD1,2025-10-13
B0D3LFFSD1,2025-11-10
B0D3LFFSD1,2025-12-08
B0D3LFFSD1,2026-01-05
B0D3LFFSD1,2026-02-02
B0D3LFFSD1,2026-03-02
B0D3LGDY4Y,2025-04-28
B0D3LGDY4Y,2025-05-26
B0D3LGDY4Y,2025-06-23
B0D3LGDY4Y,2025-07-21
B0D3LGDY4Y,2025-08-18
B0D3LGDY4Y,2025-09-15
B0D3LGDY4Y,2025-10-13
B0D3LGDY4Y,2025-11-10
B0D3LGDY4Y,2025-12-08
B0D3LGDY4Y,2026-01-05
B0D3LGDY4Y,2026-02-02
B0D3LGDY4Y,2026-03-02
B0D3LGJMBJ,2025-04-28
B0D3LGJMBJ,2025-05-26
B0D3LGJMBJ,2025-06-23
B0D3LGJMBJ,2025-07-21
B0D3LGJMBJ,2025-08-18
B0D3LGJMBJ,2025-09-15
B0D3LGJMBJ,2025-10-13
B0D3LGJMBJ,2025-11-10
B0D3LGJMBJ,2025-12-08
B0D3LGJMBJ,2026-01-05
B0D3LGJMBJ,2026-02-02
B0D3LGJMBJ,2026-03-02
B0D3LJ166M,2025-04-28
B0D3LJ166M,2025-05-26
B0D3LJ166M,2025-06-23
B0D3LJ166M,2025-07-21
B0D3LJ166M,2025-08-18
B0D3LJ166M,2025-09-15
B0D3LJ166M,2025-10-13
B0D3LJ166M,2025-11-10
B0D3LJ166M,2025-12-08
B0D3LJ166M,2026-01-05
B0D3LJ166M,2026-02-02
B0D3LJ166M,2026-03-02
B0D3LZ13BN,2025-04-28
B0D3LZ13BN,2025-05-26
B0D3LZ13BN,2025-06-23
B0D3LZ13BN,2025-07-21
B0D3LZ13BN,2025-08-18
B0D3LZ13BN,2025-09-15
B0D3LZ13BN,2025-10-13
B0D3LZ13BN,2025-11-10
B0D3LZ13BN,2025-12-08
B0D3LZ13BN,2026-01-05
B0D3LZ13BN,2026-02-02
B0D3LZ13BN,2026-03-02
B0D3PCLD37,2025-04-28
B0D3PCLD37,2025-05-26
B0D3PCLD37,2025-06-23
B0D3PCLD37,2025-07-21
B0D3PCLD37,2025-08-18
B0D3PCLD37,2025-09-15
B0D3PCLD37,2025-10-13
B0D3PCLD37,2025-11-10
B0D3PCLD37,2025-12-08
B0D3PCLD37,2026-01-05
B0D3PCLD37,2026-02-02
B0D3PCLD37,2026-03-02
B0D3PPNT5D,2025-04-28
B0D3PPNT5D,2025-05-26
B0D3PPNT5D,2025-06-23
B0D3PPNT5D,2025-07-21
B0D3PPNT5D,2025-08-18
B0D3PPNT5D,2025-09-15
B0D3PPNT5D,2025-10-13
B0D3PPNT5D,2025-11-10
B0D3PPNT5D,2025-12-08
B0D3PPNT5D,2026-01-05
B0D3PPNT5D,2026-02-02
B0D3PPNT5D,2026-03-02
B0D3PR45VR,2025-04-28
B0D3PR45VR,2025-05-26
B0D3PR45VR,2025-06-23
B0D3PR45VR,2025-07-21
B0D3PR45VR,2025-08-18
B0D3PR45VR,2025-09-15
B0D3PR45VR,2025-10-13
B0D3PR45VR,2025-11-10
B0D3PR45VR,2025-12-08
B0D3PR45VR,2026-01-05
B0D3PR45VR,2026-02-02
B0D3PR45VR,2026-03-02
B0D3PRKZWY,2025-04-28
B0D3PRKZWY,2025-05-26
B0D3PRKZWY,2025-06-23
B0D3PRKZWY,2025-07-21
B0D3PRKZWY,2025-08-18
B0D3PRKZWY,2025-09-15
B0D3PRKZWY,2025-10-13
B0D3PRKZWY,2025-11-10
B0D3PRKZWY,2025-12-08
B0D3PRKZWY,2026-01-05
B0D3PRKZWY,2026-02-02
B0D3PRKZWY,2026-03-02
B0D3PZH8WZ,2025-04-28
B0D3PZH8WZ,2025-05-26
B0D3PZH8WZ,2025-06-23
B0D3PZH8WZ,2025-07-21
B0D3PZH8WZ,2025-08-18
B0D3PZH8WZ,2025-09-15
B0D3PZH8WZ,2025-10-13
B0D3PZH8WZ,2025-11-10
B0D3PZH8WZ,2025-12-08
B0D3PZH8WZ,2026-01-05
B0D3PZH8WZ,2026-02-02
B0D3PZH8WZ,2026-03-02
B0D3QGS4KZ,2025-04-28
B0D3QGS4KZ,2025-05-26
B0D3QGS4KZ,2025-06-23
B0D3QGS4KZ,2025-07-21
B0D3QGS4KZ,2025-08-18
B0D3QGS4KZ,2025-09-15
B0D3QGS4KZ,2025-10-13
B0D3QGS4KZ,2025-11-10
B0D3QGS4KZ,2025-12-08
B0D3QGS4KZ,2026-01-05
B0D3QGS4KZ,2026-02-02
B0D3QGS4KZ,2026-03-02
B0D3TBPYMX,2025-04-28
B0D3TBPYMX,2025-05-26
B0D3TBPYMX,2025-06-23
B0D3TBPYMX,2025-07-21
B0D3TBPYMX,2025-08-18
B0D3TBPYMX,2025-09-15
B0D3TBPYMX,2025-10-13
B0D3TBPYMX,2025-11-10
B0D3TBPYMX,2025-12-08
B0D3TBPYMX,2026-01-05
B0D3TBPYMX,2026-02-02
B0D3TBPYMX,2026-03-02
B0D3TF2C41,2025-04-28
B0D3TF2C41,2025-05-26
B0D3TF2C41,2025-06-23
B0D3TF2C41,2025-07-21
B0D3TF2C41,2025-08-18
B0D3TF2C41,2025-09-15
B0D3TF2C41,2025-10-13
B0D3TF2C41,2025-11-10
B0D3TF2C41,2025-12-08
B0D3TF2C41,2026-01-05
B0D3TF2C41,2026-02-02
B0D3TF2C41,2026-03-02
B0D3TJ7LMQ,2025-04-28
B0D3TJ7LMQ,2025-05-26
B0D3TJ7LMQ,2025-06-23
B0D3TJ7LMQ,2025-07-21
B0D3TJ7LMQ,2025-08-18
B0D3TJ7LMQ,2025-09-15
B0D3TJ7LMQ,2025-10-13
B0D3TJ7LMQ,2025-11-10
B0D3TJ7LMQ,2025-12-08
B0D3TJ7LMQ,2026-01-05
B0D3TJ7LMQ,2026-02-02
B0D3TJ7LMQ,2026-03-02
B0D3V1LXH2,2025-04-28
B0D3V1LXH2,2025-05-26
B0D3V1LXH2,2025-06-23
B0D3V1LXH2,2025-07-21
B0D3V1LXH2,2025-08-18
B0D3V1LXH2,2025-09-15
B0D3V1LXH2,2025-10-13
B0D3V1LXH2,2025-11-10
B0D3V1LXH2,2025-12-08
B0D3V1LXH2,2026-01-05
B0D3V1LXH2,2026-02-02
B0D3V1LXH2,2026-03-02
B0D3V5QDXH,2025-04-28
B0D3V5QDXH,2025-05-26
B0D3V5QDXH,2025-06-23
B0D3V5QDXH,2025-07-21
B0D3V5QDXH,2025-08-18
B0D3V5QDXH,2025-09-15
B0D3V5QDXH,2025-10-13
B0D3V5QDXH,2025-11-10
B0D3V5QDXH,2025-12-08
B0D3V5QDXH,2026-01-05
B0D3V5QDXH,2026-02-02
B0D3V5QDXH,2026-03-02
B0D3WRPS5L,2025-04-28
B0D3WRPS5L,2025-05-26
B0D3WRPS5L,2025-06-23
B0D3WRPS5L,2025-07-21
B0D3WRPS5L,2025-08-18
B0D3WRPS5L,2025-09-15
B0D3WRPS5L,2025-10-13
B0D3WRPS5L,2025-11-10
B0D3WRPS5L,2025-12-08
B0D3WRPS5L,2026-01-05
B0D3WRPS5L,2026-02-02
B0D3WRPS5L,2026-03-02
B0D3XJLHJ9,2025-04-28
B0D3XJLHJ9,2025-05-26
B0D3XJLHJ9,2025-06-23
B0D3XJLHJ9,2025-07-21
B0D3XJLHJ9,2025-08-18
B0D3XJLHJ9,2025-09-15
B0D3XJLHJ9,2025-10-13
B0D3XJLHJ9,2025-11-10
B0D3XJLHJ9,2025-12-08
B0D3XJLHJ9,2026-01-05
B0D3XJLHJ9,2026-02-02
B0D3XJLHJ9,2026-03-02
B0D3XJWRP5,2025-04-28
B0D3XJWRP5,2025-05-26
B0D3XJWRP5,2025-06-23
B0D3XJWRP5,2025-07-21
B0D3XJWRP5,2025-08-18
B0D3XJWRP5,2025-09-15
B0D3XJWRP5,2025-10-13
B0D3XJWRP5,2025-11-10
B0D3XJWRP5,2025-12-08
B0D3XJWRP5,2026-01-05
B0D3XJWRP5,2026-02-02
B0D3XJWRP5,2026-03-02
B0D3XLYT7Y,2025-04-28
B0D3XLYT7Y,2025-05-26
B0D3XLYT7Y,2025-06-23
B0D3XLYT7Y,2025-07-21
B0D3XLYT7Y,2025-08-18
B0D3XLYT7Y,2025-09-15
B0D3XLYT7Y,2025-10-13
B0D3XLYT7Y,2025-11-10
B0D3XLYT7Y,2025-12-08
B0D3XLYT7Y,2026-01-05
B0D3XLYT7Y,2026-02-02
B0D3XLYT7Y,2026-03-02
B0D3XPYGGB,2025-04-28
B0D3XPYGGB,2025-05-26
B0D3XPYGGB,2025-06-23
B0D3XPYGGB,2025-07-21
B0D3XPYGGB,2025-08-18
B0D3XPYGGB,2025-09-15
B0D3XPYGGB,2025-10-13
B0D3XPYGGB,2025-11-10
B0D3XPYGGB,2025-12-08
B0D3XPYGGB,2026-01-05
B0D3XPYGGB,2026-02-02
B0D3XPYGGB,2026-03-02
B0D3XRTQKV,2025-04-28
B0D3XRTQKV,2025-05-26
B0D3XRTQKV,2025-06-23
B0D3XRTQKV,2025-07-21
B0D3XRTQKV,2025-08-18
B0D3XRTQKV,2025-09-15
B0D3XRTQKV,2025-10-13
B0D3XRTQKV,2025-11-10
B0D3XRTQKV,2025-12-08
B0D3XRTQKV,2026-01-05
B0D3XRTQKV,2026-02-02
B0D3XRTQKV,2026-03-02
B0D3XS99S7,2025-04-28
B0D3XS99S7,2025-05-26
B0D3XS99S7,2025-06-23
B0D3XS99S7,2025-07-21
B0D3XS99S7,2025-08-18
B0D3XS99S7,2025-09-15
B0D3XS99S7,2025-10-13
B0D3XS99S7,2025-11-10
B0D3XS99S7,2025-12-08
B0D3XS99S7,2026-01-05
B0D3XS99S7,2026-02-02
B0D3XS99S7,2026-03-02
B0D3XX4SZ9,2025-04-28
B0D3XX4SZ9,2025-05-26
B0D3XX4SZ9,2025-06-23
B0D3XX4SZ9,2025-07-21
B0D3XX4SZ9,2025-08-18
B0D3XX4SZ9,2025-09-15
B0D3XX4SZ9,2025-10-13
B0D3XX4SZ9,2025-11-10
B0D3XX4SZ9,2025-12-08
B0D3XX4SZ9,2026-01-05
B0D3XX4SZ9,2026-02-02
B0D3XX4SZ9,2026-03-02
B0D41GHYXZ,2025-04-28
B0D41GHYXZ,2025-05-26
B0D41GHYXZ,2025-06-23
B0D41GHYXZ,2025-07-21
B0D41GHYXZ,2025-08-18
B0D41GHYXZ,2025-09-15
B0D41GHYXZ,2025-10-13
B0D41GHYXZ,2025-11-10
B0D41GHYXZ,2025-12-08
B0D41GHYXZ,2026-01-05
B0D41GHYXZ,2026-02-02
B0D41GHYXZ,2026-03-02
B0D41H198G,2025-04-28
B0D41H198G,2025-05-26
B0D41H198G,2025-06-23
B0D41H198G,2025-07-21
B0D41H198G,2025-08-18
B0D41H198G,2025-09-15
B0D41H198G,2025-10-13
B0D41H198G,2025-11-10
B0D41H198G,2025-12-08
B0D41H198G,2026-01-05
B0D41H198G,2026-02-02
B0D41H198G,2026-03-02
B0D41LWC1S,2025-04-28
B0D41LWC1S,2025-05-26
B0D41LWC1S,2025-06-23
B0D41LWC1S,2025-07-21
B0D41LWC1S,2025-08-18
B0D41LWC1S,2025-09-15
B0D41LWC1S,2025-10-13
B0D41LWC1S,2025-11-10
B0D41LWC1S,2025-12-08
B0D41LWC1S,2026-01-05
B0D41LWC1S,2026-02-02
B0D41LWC1S,2026-03-02
B0D41RG77D,2025-04-28
B0D41RG77D,2025-05-26
B0D41RG77D,2025-06-23
B0D41RG77D,2025-07-21
B0D41RG77D,2025-08-18
B0D41RG77D,2025-09-15
B0D41RG77D,2025-10-13
B0D41RG77D,2025-11-10
B0D41RG77D,2025-12-08
B0D41RG77D,2026-01-05
B0D41RG77D,2026-02-02
B0D41RG77D,2026-03-02
B0D41SJ78J,2025-04-28
B0D41SJ78J,2025-05-26
B0D41SJ78J,2025-06-23
B0D41SJ78J,2025-07-21
B0D41SJ78J,2025-08-18
B0D41SJ78J,2025-09-15
B0D41SJ78J,2025-10-13
B0D41SJ78J,2025-11-10
B0D41SJ78J,2025-12-08
B0D41SJ78J,2026-01-05
B0D41SJ78J,2026-02-02
B0D41SJ78J,2026-03-02
B0D42DRXHH,2025-04-28
B0D42DRXHH,2025-05-26
B0D42DRXHH,2025-06-23
B0D42DRXHH,2025-07-21
B0D42DRXHH,2025-08-18
B0D42DRXHH,2025-09-15
B0D42DRXHH,2025-10-13
B0D42DRXHH,2025-11-10
B0D42DRXHH,2025-12-08
B0D42DRXHH,2026-01-05
B0D42DRXHH,2026-02-02
B0D42DRXHH,2026-03-02
B0D42FHMNN,2025-04-28
B0D42FHMNN,2025-05-26
B0D42FHMNN,2025-06-23
B0D42FHMNN,2025-07-21
B0D42FHMNN,2025-08-18
B0D42FHMNN,2025-09-15
B0D42FHMNN,2025-10-13
B0D42FHMNN,2025-11-10
B0D42FHMNN,2025-12-08
B0D42FHMNN,2026-01-05
B0D42FHMNN,2026-02-02
B0D42FHMNN,2026-03-02
B0D42G3XPL,2025-04-28
B0D42G3XPL,2025-05-26
B0D42G3XPL,2025-06-23
B0D42G3XPL,2025-07-21
B0D42G3XPL,2025-08-18
B0D42G3XPL,2025-09-15
B0D42G3XPL,2025-10-13
B0D42G3XPL,2025-11-10
B0D42G3XPL,2025-12-08
B0D42G3XPL,2026-01-05
B0D42G3XPL,2026-02-02
B0D42G3XPL,2026-03-02
B0D44YXH7S,2025-04-28
B0D44YXH7S,2025-05-26
B0D44YXH7S,2025-06-23
B0D44YXH7S,2025-07-21
B0D44YXH7S,2025-08-18
B0D44YXH7S,2025-09-15
B0D44YXH7S,2025-10-13
B0D44YXH7S,2025-11-10
B0D44YXH7S,2025-12-08
B0D44YXH7S,2026-01-05
B0D44YXH7S,2026-02-02
B0D44YXH7S,2026-03-02
B0D45GKKCQ,2025-04-28
B0D45GKKCQ,2025-05-26
B0D45GKKCQ,2025-06-23
B0D45GKKCQ,2025-07-21
B0D45GKKCQ,2025-08-18
B0D45GKKCQ,2025-09-15
B0D45GKKCQ,2025-10-13
B0D45GKKCQ,2025-11-10
B0D45GKKCQ,2025-12-08
B0D45GKKCQ,2026-01-05
B0D45GKKCQ,2026-02-02
B0D45GKKCQ,2026-03-02
B0D46DNHTZ,2025-04-28
B0D46DNHTZ,2025-05-26
B0D46DNHTZ,2025-06-23
B0D46DNHTZ,2025-07-21
B0D46DNHTZ,2025-08-18
B0D46DNHTZ,2025-09-15
B0D46DNHTZ,2025-10-13
B0D46DNHTZ,2025-11-10
B0D46DNHTZ,2025-12-08
B0D46DNHTZ,2026-01-05
B0D46DNHTZ,2026-02-02
B0D46DNHTZ,2026-03-02
B0D46HXLSK,2025-04-28
B0D46HXLSK,2025-05-26
B0D46HXLSK,2025-06-23
B0D46HXLSK,2025-07-21
B0D46HXLSK,2025-08-18
B0D46HXLSK,2025-09-15
B0D46HXLSK,2025-10-13
B0D46HXLSK,2025-11-10
B0D46HXLSK,2025-12-08
B0D46HXLSK,2026-01-05
B0D46HXLSK,2026-02-02
B0D46HXLSK,2026-03-02
B0D46RB1M4,2025-04-28
B0D46RB1M4,2025-05-26
B0D46RB1M4,2025-06-23
B0D46RB1M4,2025-07-21
B0D46RB1M4,2025-08-18
B0D46RB1M4,2025-09-15
B0D46RB1M4,2025-10-13
B0D46RB1M4,2025-11-10
B0D46RB1M4,2025-12-08
B0D46RB1M4,2026-01-05
B0D46RB1M4,2026-02-02
B0D46RB1M4,2026-03-02
B0D471GQ9J,2025-04-28
B0D471GQ9J,2025-05-26
B0D471GQ9J,2025-06-23
B0D471GQ9J,2025-07-21
B0D471GQ9J,2025-08-18
B0D471GQ9J,2025-09-15
B0D471GQ9J,2025-10-13
B0D471GQ9J,2025-11-10
B0D471GQ9J,2025-12-08
B0D471GQ9J,2026-01-05
B0D471GQ9J,2026-02-02
B0D471GQ9J,2026-03-02
B0D473X4F2,2025-04-28
B0D473X4F2,2025-05-26
B0D473X4F2,2025-06-23
B0D473X4F2,2025-07-21
B0D473X4F2,2025-08-18
B0D473X4F2,2025-09-15
B0D473X4F2,2025-10-13
B0D473X4F2,2025-11-10
B0D473X4F2,2025-12-08
B0D473X4F2,2026-01-05
B0D473X4F2,2026-02-02
B0D473X4F2,2026-03-02
B0D47VB8Q1,2025-04-28
B0D47VB8Q1,2025-05-26
B0D47VB8Q1,2025-06-23
B0D47VB8Q1,2025-07-21
B0D47VB8Q1,2025-08-18
B0D47VB8Q1,2025-09-15
B0D47VB8Q1,2025-10-13
B0D47VB8Q1,2025-11-10
B0D47VB8Q1,2025-12-08
B0D47VB8Q1,2026-01-05
B0D47VB8Q1,2026-02-02
B0D47VB8Q1,2026-03-02
B0D49NQL5C,2025-04-28
B0D49NQL5C,2025-05-26
B0D49NQL5C,2025-06-23
B0D49NQL5C,2025-07-21
B0D49NQL5C,2025-08-18
B0D49NQL5C,2025-09-15
B0D49NQL5C,2025-10-13
B0D49NQL5C,2025-11-10
B0D49NQL5C,2025-12-08
B0D49NQL5C,2026-01-05
B0D49NQL5C,2026-02-02
B0D49NQL5C,2026-03-02
B0D4D8G3RH,2025-04-28
B0D4D8G3RH,2025-05-26
B0D4D8G3RH,2025-06-23
B0D4D8G3RH,2025-07-21
B0D4D8G3RH,2025-08-18
B0D4D8G3RH,2025-09-15
B0D4D8G3RH,2025-10-13
B0D4D8G3RH,2025-11-10
B0D4D8G3RH,2025-12-08
B0D4D8G3RH,2026-01-05
B0D4D8G3RH,2026-02-02
B0D4D8G3RH,2026-03-02
B0D4DGJ6X6,2025-04-28
B0D4DGJ6X6,2025-05-26
B0D4DGJ6X6,2025-06-23
B0D4DGJ6X6,2025-07-21
B0D4DGJ6X6,2025-08-18
B0D4DGJ6X6,2025-09-15
B0D4DGJ6X6,2025-10-13
B0D4DGJ6X6,2025-11-10
B0D4DGJ6X6,2025-12-08
B0D4DGJ6X6,2026-01-05
B0D4DGJ6X6,2026-02-02
B0D4DGJ6X6,2026-03-02
B0D4DMKLGS,2025-04-28
B0D4DMKLGS,2025-05-26
B0D4DMKLGS,2025-06-23
B0D4DMKLGS,2025-07-21
B0D4DMKLGS,2025-08-18
B0D4DMKLGS,2025-09-15
B0D4DMKLGS,2025-10-13
B0D4DMKLGS,2025-11-10
B0D4DMKLGS,2025-12-08
B0D4DMKLGS,2026-01-05
B0D4DMKLGS,2026-02-02
B0D4DMKLGS,2026-03-02
B0D4DQTHVZ,2025-04-28
B0D4DQTHVZ,2025-05-26
B0D4DQTHVZ,2025-06-23
B0D4DQTHVZ,2025-07-21
B0D4DQTHVZ,2025-08-18
B0D4DQTHVZ,2025-09-15
B0D4DQTHVZ,2025-10-13
B0D4DQTHVZ,2025-11-10
B0D4DQTHVZ,2025-12-08
B0D4DQTHVZ,2026-01-05
B0D4DQTHVZ,2026-02-02
B0D4DQTHVZ,2026-03-02
B0D4DSG5X1,2025-04-28
B0D4DSG5X1,2025-05-26
B0D4DSG5X1,2025-06-23
B0D4DSG5X1,2025-07-21
B0D4DSG5X1,2025-08-18
B0D4DSG5X1,2025-09-15
B0D4DSG5X1,2025-10-13
B0D4DSG5X1,2025-11-10
B0D4DSG5X1,2025-12-08
B0D4DSG5X1,2026-01-05
B0D4DSG5X1,2026-02-02
B0D4DSG5X1,2026-03-02
B0D4DYKNMN,2025-04-28
B0D4DYKNMN,2025-05-26
B0D4DYKNMN,2025-06-23
B0D4DYKNMN,2025-07-21
B0D4DYKNMN,2025-08-18
B0D4DYKNMN,2025-09-15
B0D4DYKNMN,2025-10-13
B0D4DYKNMN,2025-11-10
B0D4DYKNMN,2025-12-08
B0D4DYKNMN,2026-01-05
B0D4DYKNMN,2026-02-02
B0D4DYKNMN,2026-03-02
B0D4F8ZRRP,2025-04-28
B0D4F8ZRRP,2025-05-26
B0D4F8ZRRP,2025-06-23
B0D4F8ZRRP,2025-07-21
B0D4F8ZRRP,2025-08-18
B0D4F8ZRRP,2025-09-15
B0D4F8ZRRP,2025-10-13
B0D4F8ZRRP,2025-11-10
B0D4F8ZRRP,2025-12-08
B0D4F8ZRRP,2026-01-05
B0D4F8ZRRP,2026-02-02
B0D4F8ZRRP,2026-03-02
B0D4HBFMSD,2025-04-28
B0D4HBFMSD,2025-05-26
B0D4HBFMSD,2025-06-23
B0D4HBFMSD,2025-07-21
B0D4HBFMSD,2025-08-18
B0D4HBFMSD,2025-09-15
B0D4HBFMSD,2025-10-13
B0D4HBFMSD,2025-11-10
B0D4HBFMSD,2025-12-08
B0D4HBFMSD,2026-01-05
B0D4HBFMSD,2026-02-02
B0D4HBFMSD,2026-03-02
B0D4JGL892,2025-04-28
B0D4JGL892,2025-05-26
B0D4JGL892,2025-06-23
B0D4JGL892,2025-07-21
B0D4JGL892,2025-08-18
B0D4JGL892,2025-09-15
B0D4JGL892,2025-10-13
B0D4JGL892,2025-11-10
B0D4JGL892,2025-12-08
B0D4JGL892,2026-01-05
B0D4JGL892,2026-02-02
B0D4JGL892,2026-03-02
B0D4JGVZDN,2025-04-28
B0D4JGVZDN,2025-05-26
B0D4JGVZDN,2025-06-23
B0D4JGVZDN,2025-07-21
B0D4JGVZDN,2025-08-18
B0D4JGVZDN,2025-09-15
B0D4JGVZDN,2025-10-13
B0D4JGVZDN,2025-11-10
B0D4JGVZDN,2025-12-08
B0D4JGVZDN,2026-01-05
B0D4JGVZDN,2026-02-02
B0D4JGVZDN,2026-03-02
B0D4LJ9XK2,2025-04-28
B0D4LJ9XK2,2025-05-26
B0D4LJ9XK2,2025-06-23
B0D4LJ9XK2,2025-07-21
B0D4LJ9XK2,2025-08-18
B0D4LJ9XK2,2025-09-15
B0D4LJ9XK2,2025-10-13
B0D4LJ9XK2,2025-11-10
B0D4LJ9XK2,2025-12-08
B0D4LJ9XK2,2026-01-05
B0D4LJ9XK2,2026-02-02
B0D4LJ9XK2,2026-03-02
B0D4M1QPZ6,2025-04-28
B0D4M1QPZ6,2025-05-26
B0D4M1QPZ6,2025-06-23
B0D4M1QPZ6,2025-07-21
B0D4M1QPZ6,2025-08-18
B0D4M1QPZ6,2025-09-15
B0D4M1QPZ6,2025-10-13
B0D4M1QPZ6,2025-11-10
B0D4M1QPZ6,2025-12-08
B0D4M1QPZ6,2026-01-05
B0D4M1QPZ6,2026-02-02
B0D4M1QPZ6,2026-03-02
B0D4M4TP2Y,2025-04-28
B0D4M4TP2Y,2025-05-26
B0D4M4TP2Y,2025-06-23
B0D4M4TP2Y,2025-07-21
B0D4M4TP2Y,2025-08-18
B0D4M4TP2Y,2025-09-15
B0D4M4TP2Y,2025-10-13
B0D4M4TP2Y,2025-11-10
B0D4M4TP2Y,2025-12-08
B0D4M4TP2Y,2026-01-05
B0D4M4TP2Y,2026-02-02
B0D4M4TP2Y,2026-03-02
B0D4NYFKZF,2025-04-28
B0D4NYFKZF,2025-05-26
B0D4NYFKZF,2025-06-23
B0D4NYFKZF,2025-07-21
B0D4NYFKZF,2025-08-18
B0D4NYFKZF,2025-09-15
B0D4NYFKZF,2025-10-13
B0D4NYFKZF,2025-11-10
B0D4NYFKZF,2025-12-08
B0D4NYFKZF,2026-01-05
B0D4NYFKZF,2026-02-02
B0D4NYFKZF,2026-03-02
B0D4PZX3RY,2025-04-28
B0D4PZX3RY,2025-05-26
B0D4PZX3RY,2025-06-23
B0D4PZX3RY,2025-07-21
B0D4PZX3RY,2025-08-18
B0D4PZX3RY,2025-09-15
B0D4PZX3RY,2025-10-13
B0D4PZX3RY,2025-11-10
B0D4PZX3RY,2025-12-08
B0D4PZX3RY,2026-01-05
B0D4PZX3RY,2026-02-02
B0D4PZX3RY,2026-03-02
B0D4QQQPBC,2025-04-28
B0D4QQQPBC,2025-05-26
B0D4QQQPBC,2025-06-23
B0D4QQQPBC,2025-07-21
B0D4QQQPBC,2025-08-18
B0D4QQQPBC,2025-09-15
B0D4QQQPBC,2025-10-13
B0D4QQQPBC,2025-11-10
B0D4QQQPBC,2025-12-08
B0D4QQQPBC,2026-01-05
B0D4QQQPBC,2026-02-02
B0D4QQQPBC,2026-03-02
B0D4R1WVB1,2025-04-28
B0D4R1WVB1,2025-05-26
B0D4R1WVB1,2025-06-23
B0D4R1WVB1,2025-07-21
B0D4R1WVB1,2025-08-18
B0D4R1WVB1,2025-09-15
B0D4R1WVB1,2025-10-13
B0D4R1WVB1,2025-11-10
B0D4R1WVB1,2025-12-08
B0D4R1WVB1,2026-01-05
B0D4R1WVB1,2026-02-02
B0D4R1WVB1,2026-03-02
B0D4SM6YNG,2025-04-28
B0D4SM6YNG,2025-05-26
B0D4SM6YNG,2025-06-23
B0D4SM6YNG,2025-07-21
B0D4SM6YNG,2025-08-18
B0D4SM6YNG,2025-09-15
B0D4SM6YNG,2025-10-13
B0D4SM6YNG,2025-11-10
B0D4SM6YNG,2025-12-08
B0D4SM6YNG,2026-01-05
B0D4SM6YNG,2026-02-02
B0D4SM6YNG,2026-03-02
B0D4STWY96,2025-04-28
B0D4STWY96,2025-05-26
B0D4STWY96,2025-06-23
B0D4STWY96,2025-07-21
B0D4STWY96,2025-08-18
B0D4STWY96,2025-09-15
B0D4STWY96,2025-10-13
B0D4STWY96,2025-11-10
B0D4STWY96,2025-12-08
B0D4STWY96,2026-01-05
B0D4STWY96,2026-02-02
B0D4STWY96,2026-03-02
B0D4SYQLY5,2025-04-28
B0D4SYQLY5,2025-05-26
B0D4SYQLY5,2025-06-23
B0D4SYQLY5,2025-07-21
B0D4SYQLY5,2025-08-18
B0D4SYQLY5,2025-09-15
B0D4SYQLY5,2025-10-13
B0D4SYQLY5,2025-11-10
B0D4SYQLY5,2025-12-08
B0D4SYQLY5,2026-01-05
B0D4SYQLY5,2026-02-02
B0D4SYQLY5,2026-03-02
B0D4TGTTDC,2025-04-28
B0D4TGTTDC,2025-05-26
B0D4TGTTDC,2025-06-23
B0D4TGTTDC,2025-07-21
B0D4TGTTDC,2025-08-18
B0D4TGTTDC,2025-09-15
B0D4TGTTDC,2025-10-13
B0D4TGTTDC,2025-11-10
B0D4TGTTDC,2025-12-08
B0D4TGTTDC,2026-01-05
B0D4TGTTDC,2026-02-02
B0D4TGTTDC,2026-03-02
B0D4TR1S9P,2025-04-28
B0D4TR1S9P,2025-05-26
B0D4TR1S9P,2025-06-23
B0D4TR1S9P,2025-07-21
B0D4TR1S9P,2025-08-18
B0D4TR1S9P,2025-09-15
B0D4TR1S9P,2025-10-13
B0D4TR1S9P,2025-11-10
B0D4TR1S9P,2025-12-08
B0D4TR1S9P,2026-01-05
B0D4TR1S9P,2026-02-02
B0D4TR1S9P,2026-03-02
B0D4V1BDJF,2025-04-28
B0D4V1BDJF,2025-05-26
B0D4V1BDJF,2025-06-23
B0D4V1BDJF,2025-07-21
B0D4V1BDJF,2025-08-18
B0D4V1BDJF,2025-09-15
B0D4V1BDJF,2025-10-13
B0D4V1BDJF,2025-11-10
B0D4V1BDJF,2025-12-08
B0D4V1BDJF,2026-01-05
B0D4V1BDJF,2026-02-02
B0D4V1BDJF,2026-03-02
B0D4V3K239,2025-04-28
B0D4V3K239,2025-05-26
B0D4V3K239,2025-06-23
B0D4V3K239,2025-07-21
B0D4V3K239,2025-08-18
B0D4V3K239,2025-09-15
B0D4V3K239,2025-10-13
B0D4V3K239,2025-11-10
B0D4V3K239,2025-12-08
B0D4V3K239,2026-01-05
B0D4V3K239,2026-02-02
B0D4V3K239,2026-03-02
B0D4V6GFSD,2025-04-28
B0D4V6GFSD,2025-05-26
B0D4V6GFSD,2025-06-23
B0D4V6GFSD,2025-07-21
B0D4V6GFSD,2025-08-18
B0D4V6GFSD,2025-09-15
B0D4V6GFSD,2025-10-13
B0D4V6GFSD,2025-11-10
B0D4V6GFSD,2025-12-08
B0D4V6GFSD,2026-01-05
B0D4V6GFSD,2026-02-02
B0D4V6GFSD,2026-03-02
B0D4V6NRNM,2025-04-28
B0D4V6NRNM,2025-05-26
B0D4V6NRNM,2025-06-23
B0D4V6NRNM,2025-07-21
B0D4V6NRNM,2025-08-18
B0D4V6NRNM,2025-09-15
B0D4V6NRNM,2025-10-13
B0D4V6NRNM,2025-11-10
B0D4V6NRNM,2025-12-08
B0D4V6NRNM,2026-01-05
B0D4V6NRNM,2026-02-02
B0D4V6NRNM,2026-03-02
B0D4V8GF4Y,2025-04-28
B0D4V8GF4Y,2025-05-26
B0D4V8GF4Y,2025-06-23
B0D4V8GF4Y,2025-07-21
B0D4V8GF4Y,2025-08-18
B0D4V8GF4Y,2025-09-15
B0D4V8GF4Y,2025-10-13
B0D4V8GF4Y,2025-11-10
B0D4V8GF4Y,2025-12-08
B0D4V8GF4Y,2026-01-05
B0D4V8GF4Y,2026-02-02
B0D4V8GF4Y,2026-03-02
B0D4VCV2GM,2025-04-28
B0D4VCV2GM,2025-05-26
B0D4VCV2GM,2025-06-23
B0D4VCV2GM,2025-07-21
B0D4VCV2GM,2025-08-18
B0D4VCV2GM,2025-09-15
B0D4VCV2GM,2025-10-13
B0D4VCV2GM,2025-11-10
B0D4VCV2GM,2025-12-08
B0D4VCV2GM,2026-01-05
B0D4VCV2GM,2026-02-02
B0D4VCV2GM,2026-03-02
B0D4VDF17W,2025-04-28
B0D4VDF17W,2025-05-26
B0D4VDF17W,2025-06-23
B0D4VDF17W,2025-07-21
B0D4VDF17W,2025-08-18
B0D4VDF17W,2025-09-15
B0D4VDF17W,2025-10-13
B0D4VDF17W,2025-11-10
B0D4VDF17W,2025-12-08
B0D4VDF17W,2026-01-05
B0D4VDF17W,2026-02-02
B0D4VDF17W,2026-03-02
B0D4VWVVR1,2025-04-28
B0D4VWVVR1,2025-05-26
B0D4VWVVR1,2025-06-23
B0D4VWVVR1,2025-07-21
B0D4VWVVR1,2025-08-18
B0D4VWVVR1,2025-09-15
B0D4VWVVR1,2025-10-13
B0D4VWVVR1,2025-11-10
B0D4VWVVR1,2025-12-08
B0D4VWVVR1,2026-01-05
B0D4VWVVR1,2026-02-02
B0D4VWVVR1,2026-03-02
B0D4YB3982,2025-04-28
B0D4YB3982,2025-05-26
B0D4YB3982,2025-06-23
B0D4YB3982,2025-07-21
B0D4YB3982,2025-08-18
B0D4YB3982,2025-09-15
B0D4YB3982,2025-10-13
B0D4YB3982,2025-11-10
B0D4YB3982,2025-12-08
B0D4YB3982,2026-01-05
B0D4YB3982,2026-02-02
B0D4YB3982,2026-03-02
B0D4YCNWNJ,2025-04-28
B0D4YCNWNJ,2025-05-26
B0D4YCNWNJ,2025-06-23
B0D4YCNWNJ,2025-07-21
B0D4YCNWNJ,2025-08-18
B0D4YCNWNJ,2025-09-15
B0D4YCNWNJ,2025-10-13
B0D4YCNWNJ,2025-11-10
B0D4YCNWNJ,2025-12-08
B0D4YCNWNJ,2026-01-05
B0D4YCNWNJ,2026-02-02
B0D4YCNWNJ,2026-03-02
B0D52TJLWY,2025-04-28
B0D52TJLWY,2025-05-26
B0D52TJLWY,2025-06-23
B0D52TJLWY,2025-07-21
B0D52TJLWY,2025-08-18
B0D52TJLWY,2025-09-15
B0D52TJLWY,2025-10-13
B0D52TJLWY,2025-11-10
B0D52TJLWY,2025-12-08
B0D52TJLWY,2026-01-05
B0D52TJLWY,2026-02-02
B0D52TJLWY,2026-03-02
B0D533RB9G,2025-04-28
B0D533RB9G,2025-05-26
B0D533RB9G,2025-06-23
B0D533RB9G,2025-07-21
B0D533RB9G,2025-08-18
B0D533RB9G,2025-09-15
B0D533RB9G,2025-10-13
B0D533RB9G,2025-11-10
B0D533RB9G,2025-12-08
B0D533RB9G,2026-01-05
B0D533RB9G,2026-02-02
B0D533RB9G,2026-03-02
B0D533SQB5,2025-04-28
B0D533SQB5,2025-05-26
B0D533SQB5,2025-06-23
B0D533SQB5,2025-07-21
B0D533SQB5,2025-08-18
B0D533SQB5,2025-09-15
B0D533SQB5,2025-10-13
B0D533SQB5,2025-11-10
B0D533SQB5,2025-12-08
B0D533SQB5,2026-01-05
B0D533SQB5,2026-02-02
B0D533SQB5,2026-03-02
B0D537GGQ4,2025-04-28
B0D537GGQ4,2025-05-26
B0D537GGQ4,2025-06-23
B0D537GGQ4,2025-07-21
B0D537GGQ4,2025-08-18
B0D537GGQ4,2025-09-15
B0D537GGQ4,2025-10-13
B0D537GGQ4,2025-11-10
B0D537GGQ4,2025-12-08
B0D537GGQ4,2026-01-05
B0D537GGQ4,2026-02-02
B0D537GGQ4,2026-03-02
B0D53BGJ6S,2025-04-28
B0D53BGJ6S,2025-05-26
B0D53BGJ6S,2025-06-23
B0D53BGJ6S,2025-07-21
B0D53BGJ6S,2025-08-18
B0D53BGJ6S,2025-09-15
B0D53BGJ6S,2025-10-13
B0D53BGJ6S,2025-11-10
B0D53BGJ6S,2025-12-08
B0D53BGJ6S,2026-01-05
B0D53BGJ6S,2026-02-02
B0D53BGJ6S,2026-03-02
B0D53HPRQ4,2025-04-28
B0D53HPRQ4,2025-05-26
B0D53HPRQ4,2025-06-23
B0D53HPRQ4,2025-07-21
B0D53HPRQ4,2025-08-18
B0D53HPRQ4,2025-09-15
B0D53HPRQ4,2025-10-13
B0D53HPRQ4,2025-11-10
B0D53HPRQ4,2025-12-08
B0D53HPRQ4,2026-01-05
B0D53HPRQ4,2026-02-02
B0D53HPRQ4,2026-03-02
B0D53ZK7M3,2025-04-28
B0D53ZK7M3,2025-05-26
B0D53ZK7M3,2025-06-23
B0D53ZK7M3,2025-07-21
B0D53ZK7M3,2025-08-18
B0D53ZK7M3,2025-09-15
B0D53ZK7M3,2025-10-13
B0D53ZK7M3,2025-11-10
B0D53ZK7M3,2025-12-08
B0D53ZK7M3,2026-01-05
B0D53ZK7M3,2026-02-02
B0D53ZK7M3,2026-03-02
B0D543473V,2025-04-28
B0D543473V,2025-05-26
B0D543473V,2025-06-23
B0D543473V,2025-07-21
B0D543473V,2025-08-18
B0D543473V,2025-09-15
B0D543473V,2025-10-13
B0D543473V,2025-11-10
B0D543473V,2025-12-08
B0D543473V,2026-01-05
B0D543473V,2026-02-02
B0D543473V,2026-03-02
B0D54PNJGW,2025-04-28
B0D54PNJGW,2025-05-26
B0D54PNJGW,2025-06-23
B0D54PNJGW,2025-07-21
B0D54PNJGW,2025-08-18
B0D54PNJGW,2025-09-15
B0D54PNJGW,2025-10-13
B0D54PNJGW,2025-11-10
B0D54PNJGW,2025-12-08
B0D54PNJGW,2026-01-05
B0D54PNJGW,2026-02-02
B0D54PNJGW,2026-03-02
B0D54S5642,2025-04-28
B0D54S5642,2025-05-26
B0D54S5642,2025-06-23
B0D54S5642,2025-07-21
B0D54S5642,2025-08-18
B0D54S5642,2025-09-15
B0D54S5642,2025-10-13
B0D54S5642,2025-11-10
B0D54S5642,2025-12-08
B0D54S5642,2026-01-05
B0D54S5642,2026-02-02
B0D54S5642,2026-03-02
B0D56YBTYT,2025-04-28
B0D56YBTYT,2025-05-26
B0D56YBTYT,2025-06-23
B0D56YBTYT,2025-07-21
B0D56YBTYT,2025-08-18
B0D56YBTYT,2025-09-15
B0D56YBTYT,2025-10-13
B0D56YBTYT,2025-11-10
B0D56YBTYT,2025-12-08
B0D56YBTYT,2026-01-05
B0D56YBTYT,2026-02-02
B0D56YBTYT,2026-03-02
B0D57K3QBG,2025-04-28
B0D57K3QBG,2025-05-26
B0D57K3QBG,2025-06-23
B0D57K3QBG,2025-07-21
B0D57K3QBG,2025-08-18
B0D57K3QBG,2025-09-15
B0D57K3QBG,2025-10-13
B0D57K3QBG,2025-11-10
B0D57K3QBG,2025-12-08
B0D57K3QBG,2026-01-05
B0D57K3QBG,2026-02-02
B0D57K3QBG,2026-03-02
B0D57K56ZJ,2025-04-28
B0D57K56ZJ,2025-05-26
B0D57K56ZJ,2025-06-23
B0D57K56ZJ,2025-07-21
B0D57K56ZJ,2025-08-18
B0D57K56ZJ,2025-09-15
B0D57K56ZJ,2025-10-13
B0D57K56ZJ,2025-11-10
B0D57K56ZJ,2025-12-08
B0D57K56ZJ,2026-01-05
B0D57K56ZJ,2026-02-02
B0D57K56ZJ,2026-03-02
B0D59XFGF8,2025-04-28
B0D59XFGF8,2025-05-26
B0D59XFGF8,2025-06-23
B0D59XFGF8,2025-07-21
B0D59XFGF8,2025-08-18
B0D59XFGF8,2025-09-15
B0D59XFGF8,2025-10-13
B0D59XFGF8,2025-11-10
B0D59XFGF8,2025-12-08
B0D59XFGF8,2026-01-05
B0D59XFGF8,2026-02-02
B0D59XFGF8,2026-03-02
B0D59XTJMS,2025-04-28
B0D59XTJMS,2025-05-26
B0D59XTJMS,2025-06-23
B0D59XTJMS,2025-07-21
B0D59XTJMS,2025-08-18
B0D59XTJMS,2025-09-15
B0D59XTJMS,2025-10-13
B0D59XTJMS,2025-11-10
B0D59XTJMS,2025-12-08
B0D59XTJMS,2026-01-05
B0D59XTJMS,2026-02-02
B0D59XTJMS,2026-03-02
B0D5B7ZJS9,2025-04-28
B0D5B7ZJS9,2025-05-26
B0D5B7ZJS9,2025-06-23
B0D5B7ZJS9,2025-07-21
B0D5B7ZJS9,2025-08-18
B0D5B7ZJS9,2025-09-15
B0D5B7ZJS9,2025-10-13
B0D5B7ZJS9,2025-11-10
B0D5B7ZJS9,2025-12-08
B0D5B7ZJS9,2026-01-05
B0D5B7ZJS9,2026-02-02
B0D5B7ZJS9,2026-03-02
B0D5BCPTV4,2025-04-28
B0D5BCPTV4,2025-05-26
B0D5BCPTV4,2025-06-23
B0D5BCPTV4,2025-07-21
B0D5BCPTV4,2025-08-18
B0D5BCPTV4,2025-09-15
B0D5BCPTV4,2025-10-13
B0D5BCPTV4,2025-11-10
B0D5BCPTV4,2025-12-08
B0D5BCPTV4,2026-01-05
B0D5BCPTV4,2026-02-02
B0D5BCPTV4,2026-03-02
B0D5BDSCGF,2025-04-28
B0D5BDSCGF,2025-05-26
B0D5BDSCGF,2025-06-23
B0D5BDSCGF,2025-07-21
B0D5BDSCGF,2025-08-18
B0D5BDSCGF,2025-09-15
B0D5BDSCGF,2025-10-13
B0D5BDSCGF,2025-11-10
B0D5BDSCGF,2025-12-08
B0D5BDSCGF,2026-01-05
B0D5BDSCGF,2026-02-02
B0D5BDSCGF,2026-03-02
B0D5CQM7W2,2025-04-28
B0D5CQM7W2,2025-05-26
B0D5CQM7W2,2025-06-23
B0D5CQM7W2,2025-07-21
B0D5CQM7W2,2025-08-18
B0D5CQM7W2,2025-09-15
B0D5CQM7W2,2025-10-13
B0D5CQM7W2,2025-11-10
B0D5CQM7W2,2025-12-08
B0D5CQM7W2,2026-01-05
B0D5CQM7W2,2026-02-02
B0D5CQM7W2,2026-03-02
B0D5CVNYJR,2025-04-28
B0D5CVNYJR,2025-05-26
B0D5CVNYJR,2025-06-23
B0D5CVNYJR,2025-07-21
B0D5CVNYJR,2025-08-18
B0D5CVNYJR,2025-09-15
B0D5CVNYJR,2025-10-13
B0D5CVNYJR,2025-11-10
B0D5CVNYJR,2025-12-08
B0D5CVNYJR,2026-01-05
B0D5CVNYJR,2026-02-02
B0D5CVNYJR,2026-03-02
B0D5CWGTWY,2025-04-28
B0D5CWGTWY,2025-05-26
B0D5CWGTWY,2025-06-23
B0D5CWGTWY,2025-07-21
B0D5CWGTWY,2025-08-18
B0D5CWGTWY,2025-09-15
B0D5CWGTWY,2025-10-13
B0D5CWGTWY,2025-11-10
B0D5CWGTWY,2025-12-08
B0D5CWGTWY,2026-01-05
B0D5CWGTWY,2026-02-02
B0D5CWGTWY,2026-03-02
B0D5CYW1GM,2025-04-28
B0D5CYW1GM,2025-05-26
B0D5CYW1GM,2025-06-23
B0D5CYW1GM,2025-07-21
B0D5CYW1GM,2025-08-18
B0D5CYW1GM,2025-09-15
B0D5CYW1GM,2025-10-13
B0D5CYW1GM,2025-11-10
B0D5CYW1GM,2025-12-08
B0D5CYW1GM,2026-01-05
B0D5CYW1GM,2026-02-02
B0D5CYW1GM,2026-03-02
B0D5GFHCMZ,2025-04-28
B0D5GFHCMZ,2025-05-26
B0D5GFHCMZ,2025-06-23
B0D5GFHCMZ,2025-07-21
B0D5GFHCMZ,2025-08-18
B0D5GFHCMZ,2025-09-15
B0D5GFHCMZ,2025-10-13
B0D5GFHCMZ,2025-11-10
B0D5GFHCMZ,2025-12-08
B0D5GFHCMZ,2026-01-05
B0D5GFHCMZ,2026-02-02
B0D5GFHCMZ,2026-03-02
B0D5GRKPCN,2025-04-28
B0D5GRKPCN,2025-05-26
B0D5GRKPCN,2025-06-23
B0D5GRKPCN,2025-07-21
B0D5GRKPCN,2025-08-18
B0D5GRKPCN,2025-09-15
B0D5GRKPCN,2025-10-13
B0D5GRKPCN,2025-11-10
B0D5GRKPCN,2025-12-08
B0D5GRKPCN,2026-01-05
B0D5GRKPCN,2026-02-02
B0D5GRKPCN,2026-03-02
B0D5HBBBYT,2025-04-28
B0D5HBBBYT,2025-05-26
B0D5HBBBYT,2025-06-23
B0D5HBBBYT,2025-07-21
B0D5HBBBYT,2025-08-18
B0D5HBBBYT,2025-09-15
B0D5HBBBYT,2025-10-13
B0D5HBBBYT,2025-11-10
B0D5HBBBYT,2025-12-08
B0D5HBBBYT,2026-01-05
B0D5HBBBYT,2026-02-02
B0D5HBBBYT,2026-03-02
B0D5HDLSJK,2025-04-28
B0D5HDLSJK,2025-05-26
B0D5HDLSJK,2025-06-23
B0D5HDLSJK,2025-07-21
B0D5HDLSJK,2025-08-18
B0D5HDLSJK,2025-09-15
B0D5HDLSJK,2025-10-13
B0D5HDLSJK,2025-11-10
B0D5HDLSJK,2025-12-08
B0D5HDLSJK,2026-01-05
B0D5HDLSJK,2026-02-02
B0D5HDLSJK,2026-03-02
B0D5HLHGZ7,2025-04-28
B0D5HLHGZ7,2025-05-26
B0D5HLHGZ7,2025-06-23
B0D5HLHGZ7,2025-07-21
B0D5HLHGZ7,2025-08-18
B0D5HLHGZ7,2025-09-15
B0D5HLHGZ7,2025-10-13
B0D5HLHGZ7,2025-11-10
B0D5HLHGZ7,2025-12-08
B0D5HLHGZ7,2026-01-05
B0D5HLHGZ7,2026-02-02
B0D5HLHGZ7,2026-03-02
B0D5LRW9LK,2025-04-28
B0D5LRW9LK,2025-05-26
B0D5LRW9LK,2025-06-23
B0D5LRW9LK,2025-07-21
B0D5LRW9LK,2025-08-18
B0D5LRW9LK,2025-09-15
B0D5LRW9LK,2025-10-13
B0D5LRW9LK,2025-11-10
B0D5LRW9LK,2025-12-08
B0D5LRW9LK,2026-01-05
B0D5LRW9LK,2026-02-02
B0D5LRW9LK,2026-03-02
B0D5LXZ5QN,2025-04-28
B0D5LXZ5QN,2025-05-26
B0D5LXZ5QN,2025-06-23
B0D5LXZ5QN,2025-07-21
B0D5LXZ5QN,2025-08-18
B0D5LXZ5QN,2025-09-15
B0D5LXZ5QN,2025-10-13
B0D5LXZ5QN,2025-11-10
B0D5LXZ5QN,2025-12-08
B0D5LXZ5QN,2026-01-05
B0D5LXZ5QN,2026-02-02
B0D5LXZ5QN,2026-03-02
B0D5MTX69F,2025-04-28
B0D5MTX69F,2025-05-26
B0D5MTX69F,2025-06-23
B0D5MTX69F,2025-07-21
B0D5MTX69F,2025-08-18
B0D5MTX69F,2025-09-15
B0D5MTX69F,2025-10-13
B0D5MTX69F,2025-11-10
B0D5MTX69F,2025-12-08
B0D5MTX69F,2026-01-05
B0D5MTX69F,2026-02-02
B0D5MTX69F,2026-03-02
B0D5N57SHS,2025-04-28
B0D5N57SHS,2025-05-26
B0D5N57SHS,2025-06-23
B0D5N57SHS,2025-07-21
B0D5N57SHS,2025-08-18
B0D5N57SHS,2025-09-15
B0D5N57SHS,2025-10-13
B0D5N57SHS,2025-11-10
B0D5N57SHS,2025-12-08
B0D5N57SHS,2026-01-05
B0D5N57SHS,2026-02-02
B0D5N57SHS,2026-03-02
B0D5NBGN83,2025-04-28
B0D5NBGN83,2025-05-26
B0D5NBGN83,2025-06-23
B0D5NBGN83,2025-07-21
B0D5NBGN83,2025-08-18
B0D5NBGN83,2025-09-15
B0D5NBGN83,2025-10-13
B0D5NBGN83,2025-11-10
B0D5NBGN83,2025-12-08
B0D5NBGN83,2026-01-05
B0D5NBGN83,2026-02-02
B0D5NBGN83,2026-03-02
B0D5QC2SFL,2025-04-28
B0D5QC2SFL,2025-05-26
B0D5QC2SFL,2025-06-23
B0D5QC2SFL,2025-07-21
B0D5QC2SFL,2025-08-18
B0D5QC2SFL,2025-09-15
B0D5QC2SFL,2025-10-13
B0D5QC2SFL,2025-11-10
B0D5QC2SFL,2025-12-08
B0D5QC2SFL,2026-01-05
B0D5QC2SFL,2026-02-02
B0D5QC2SFL,2026-03-02
B0D5QJ8NP6,2025-04-28
B0D5QJ8NP6,2025-05-26
B0D5QJ8NP6,2025-06-23
B0D5QJ8NP6,2025-07-21
B0D5QJ8NP6,2025-08-18
B0D5QJ8NP6,2025-09-15
B0D5QJ8NP6,2025-10-13
B0D5QJ8NP6,2025-11-10
B0D5QJ8NP6,2025-12-08
B0D5QJ8NP6,2026-01-05
B0D5QJ8NP6,2026-02-02
B0D5QJ8NP6,2026-03-02
B0D5QRRM2Q,2025-04-28
B0D5QRRM2Q,2025-05-26
B0D5QRRM2Q,2025-06-23
B0D5QRRM2Q,2025-07-21
B0D5QRRM2Q,2025-08-18
B0D5QRRM2Q,2025-09-15
B0D5QRRM2Q,2025-10-13
B0D5QRRM2Q,2025-11-10
B0D5QRRM2Q,2025-12-08
B0D5QRRM2Q,2026-01-05
B0D5QRRM2Q,2026-02-02
B0D5QRRM2Q,2026-03-02
B0D5RJY3PS,2025-04-28
B0D5RJY3PS,2025-05-26
B0D5RJY3PS,2025-06-23
B0D5RJY3PS,2025-07-21
B0D5RJY3PS,2025-08-18
B0D5RJY3PS,2025-09-15
B0D5RJY3PS,2025-10-13
B0D5RJY3PS,2025-11-10
B0D5RJY3PS,2025-12-08
B0D5RJY3PS,2026-01-05
B0D5RJY3PS,2026-02-02
B0D5RJY3PS,2026-03-02
B0D5RLH9V9,2025-04-28
B0D5RLH9V9,2025-05-26
B0D5RLH9V9,2025-06-23
B0D5RLH9V9,2025-07-21
B0D5RLH9V9,2025-08-18
B0D5RLH9V9,2025-09-15
B0D5RLH9V9,2025-10-13
B0D5RLH9V9,2025-11-10
B0D5RLH9V9,2025-12-08
B0D5RLH9V9,2026-01-05
B0D5RLH9V9,2026-02-02
B0D5RLH9V9,2026-03-02
B0D5RLK323,2025-04-28
B0D5RLK323,2025-05-26
B0D5RLK323,2025-06-23
B0D5RLK323,2025-07-21
B0D5RLK323,2025-08-18
B0D5RLK323,2025-09-15
B0D5RLK323,2025-10-13
B0D5RLK323,2025-11-10
B0D5RLK323,2025-12-08
B0D5RLK323,2026-01-05
B0D5RLK323,2026-02-02
B0D5RLK323,2026-03-02
B0D5RMPKCX,2025-04-28
B0D5RMPKCX,2025-05-26
B0D5RMPKCX,2025-06-23
B0D5RMPKCX,2025-07-21
B0D5RMPKCX,2025-08-18
B0D5RMPKCX,2025-09-15
B0D5RMPKCX,2025-10-13
B0D5RMPKCX,2025-11-10
B0D5RMPKCX,2025-12-08
B0D5RMPKCX,2026-01-05
B0D5RMPKCX,2026-02-02
B0D5RMPKCX,2026-03-02
B0D5RNWJ9P,2025-04-28
B0D5RNWJ9P,2025-05-26
B0D5RNWJ9P,2025-06-23
B0D5RNWJ9P,2025-07-21
B0D5RNWJ9P,2025-08-18
B0D5RNWJ9P,2025-09-15
B0D5RNWJ9P,2025-10-13
B0D5RNWJ9P,2025-11-10
B0D5RNWJ9P,2025-12-08
B0D5RNWJ9P,2026-01-05
B0D5RNWJ9P,2026-02-02
B0D5RNWJ9P,2026-03-02
B0D5SGZS4L,2025-04-28
B0D5SGZS4L,2025-05-26
B0D5SGZS4L,2025-06-23
B0D5SGZS4L,2025-07-21
B0D5SGZS4L,2025-08-18
B0D5SGZS4L,2025-09-15
B0D5SGZS4L,2025-10-13
B0D5SGZS4L,2025-11-10
B0D5SGZS4L,2025-12-08
B0D5SGZS4L,2026-01-05
B0D5SGZS4L,2026-02-02
B0D5SGZS4L,2026-03-02
B0D5VHNL8X,2025-04-28
B0D5VHNL8X,2025-05-26
B0D5VHNL8X,2025-06-23
B0D5VHNL8X,2025-07-21
B0D5VHNL8X,2025-08-18
B0D5VHNL8X,2025-09-15
B0D5VHNL8X,2025-10-13
B0D5VHNL8X,2025-11-10
B0D5VHNL8X,2025-12-08
B0D5VHNL8X,2026-01-05
B0D5VHNL8X,2026-02-02
B0D5VHNL8X,2026-03-02
B0D5VJLFKP,2025-04-28
B0D5VJLFKP,2025-05-26
B0D5VJLFKP,2025-06-23
B0D5VJLFKP,2025-07-21
B0D5VJLFKP,2025-08-18
B0D5VJLFKP,2025-09-15
B0D5VJLFKP,2025-10-13
B0D5VJLFKP,2025-11-10
B0D5VJLFKP,2025-12-08
B0D5VJLFKP,2026-01-05
B0D5VJLFKP,2026-02-02
B0D5VJLFKP,2026-03-02
B0D5X6HQFS,2025-04-28
B0D5X6HQFS,2025-05-26
B0D5X6HQFS,2025-06-23
B0D5X6HQFS,2025-07-21
B0D5X6HQFS,2025-08-18
B0D5X6HQFS,2025-09-15
B0D5X6HQFS,2025-10-13
B0D5X6HQFS,2025-11-10
B0D5X6HQFS,2025-12-08
B0D5X6HQFS,2026-01-05
B0D5X6HQFS,2026-02-02
B0D5X6HQFS,2026-03-02
B0D5XNWT57,2025-04-28
B0D5XNWT57,2025-05-26
B0D5XNWT57,2025-06-23
B0D5XNWT57,2025-07-21
B0D5XNWT57,2025-08-18
B0D5XNWT57,2025-09-15
B0D5XNWT57,2025-10-13
B0D5XNWT57,2025-11-10
B0D5XNWT57,2025-12-08
B0D5XNWT57,2026-01-05
B0D5XNWT57,2026-02-02
B0D5XNWT57,2026-03-02
B0D5Y2BP43,2025-04-28
B0D5Y2BP43,2025-05-26
B0D5Y2BP43,2025-06-23
B0D5Y2BP43,2025-07-21
B0D5Y2BP43,2025-08-18
B0D5Y2BP43,2025-09-15
B0D5Y2BP43,2025-10-13
B0D5Y2BP43,2025-11-10
B0D5Y2BP43,2025-12-08
B0D5Y2BP43,2026-01-05
B0D5Y2BP43,2026-02-02
B0D5Y2BP43,2026-03-02
B0D5Y9Y8R9,2025-04-28
B0D5Y9Y8R9,2025-05-26
B0D5Y9Y8R9,2025-06-23
B0D5Y9Y8R9,2025-07-21
B0D5Y9Y8R9,2025-08-18
B0D5Y9Y8R9,2025-09-15
B0D5Y9Y8R9,2025-10-13
B0D5Y9Y8R9,2025-11-10
B0D5Y9Y8R9,2025-12-08
B0D5Y9Y8R9,2026-01-05
B0D5Y9Y8R9,2026-02-02
B0D5Y9Y8R9,2026-03-02
B0D5Z939WY,2025-04-28
B0D5Z939WY,2025-05-26
B0D5Z939WY,2025-06-23
B0D5Z939WY,2025-07-21
B0D5Z939WY,2025-08-18
B0D5Z939WY,2025-09-15
B0D5Z939WY,2025-10-13
B0D5Z939WY,2025-11-10
B0D5Z939WY,2025-12-08
B0D5Z939WY,2026-01-05
B0D5Z939WY,2026-02-02
B0D5Z939WY,2026-03-02
B0D62PRC2P,2025-04-28
B0D62PRC2P,2025-05-26
B0D62PRC2P,2025-06-23
B0D62PRC2P,2025-07-21
B0D62PRC2P,2025-08-18
B0D62PRC2P,2025-09-15
B0D62PRC2P,2025-10-13
B0D62PRC2P,2025-11-10
B0D62PRC2P,2025-12-08
B0D62PRC2P,2026-01-05
B0D62PRC2P,2026-02-02
B0D62PRC2P,2026-03-02
B0D62RCL6R,2025-04-28
B0D62RCL6R,2025-05-26
B0D62RCL6R,2025-06-23
B0D62RCL6R,2025-07-21
B0D62RCL6R,2025-08-18
B0D62RCL6R,2025-09-15
B0D62RCL6R,2025-10-13
B0D62RCL6R,2025-11-10
B0D62RCL6R,2025-12-08
B0D62RCL6R,2026-01-05
B0D62RCL6R,2026-02-02
B0D62RCL6R,2026-03-02
B0D62SHND6,2025-04-28
B0D62SHND6,2025-05-26
B0D62SHND6,2025-06-23
B0D62SHND6,2025-07-21
B0D62SHND6,2025-08-18
B0D62SHND6,2025-09-15
B0D62SHND6,2025-10-13
B0D62SHND6,2025-11-10
B0D62SHND6,2025-12-08
B0D62SHND6,2026-01-05
B0D62SHND6,2026-02-02
B0D62SHND6,2026-03-02
B0D62WHTFY,2025-04-28
B0D62WHTFY,2025-05-26
B0D62WHTFY,2025-06-23
B0D62WHTFY,2025-07-21
B0D62WHTFY,2025-08-18
B0D62WHTFY,2025-09-15
B0D62WHTFY,2025-10-13
B0D62WHTFY,2025-11-10
B0D62WHTFY,2025-12-08
B0D62WHTFY,2026-01-05
B0D62WHTFY,2026-02-02
B0D62WHTFY,2026-03-02
B0D632F4KK,2025-04-28
B0D632F4KK,2025-05-26
B0D632F4KK,2025-06-23
B0D632F4KK,2025-07-21
B0D632F4KK,2025-08-18
B0D632F4KK,2025-09-15
B0D632F4KK,2025-10-13
B0D632F4KK,2025-11-10
B0D632F4KK,2025-12-08
B0D632F4KK,2026-01-05
B0D632F4KK,2026-02-02
B0D632F4KK,2026-03-02
B0D6353LW6,2025-04-28
B0D6353LW6,2025-05-26
B0D6353LW6,2025-06-23
B0D6353LW6,2025-07-21
B0D6353LW6,2025-08-18
B0D6353LW6,2025-09-15
B0D6353LW6,2025-10-13
B0D6353LW6,2025-11-10
B0D6353LW6,2025-12-08
B0D6353LW6,2026-01-05
B0D6353LW6,2026-02-02
B0D6353LW6,2026-03-02
B0D6356TFS,2025-04-28
B0D6356TFS,2025-05-26
B0D6356TFS,2025-06-23
B0D6356TFS,2025-07-21
B0D6356TFS,2025-08-18
B0D6356TFS,2025-09-15
B0D6356TFS,2025-10-13
B0D6356TFS,2025-11-10
B0D6356TFS,2025-12-08
B0D6356TFS,2026-01-05
B0D6356TFS,2026-02-02
B0D6356TFS,2026-03-02
B0D6379RXQ,2025-04-28
B0D6379RXQ,2025-05-26
B0D6379RXQ,2025-06-23
B0D6379RXQ,2025-07-21
B0D6379RXQ,2025-08-18
B0D6379RXQ,2025-09-15
B0D6379RXQ,2025-10-13
B0D6379RXQ,2025-11-10
B0D6379RXQ,2025-12-08
B0D6379RXQ,2026-01-05
B0D6379RXQ,2026-02-02
B0D6379RXQ,2026-03-02
B0D64KW17D,2025-04-28
B0D64KW17D,2025-05-26
B0D64KW17D,2025-06-23
B0D64KW17D,2025-07-21
B0D64KW17D,2025-08-18
B0D64KW17D,2025-09-15
B0D64KW17D,2025-10-13
B0D64KW17D,2025-11-10
B0D64KW17D,2025-12-08
B0D64KW17D,2026-01-05
B0D64KW17D,2026-02-02
B0D64KW17D,2026-03-02
B0D64MFLJG,2025-04-28
B0D64MFLJG,2025-05-26
B0D64MFLJG,2025-06-23
B0D64MFLJG,2025-07-21
B0D64MFLJG,2025-08-18
B0D64MFLJG,2025-09-15
B0D64MFLJG,2025-10-13
B0D64MFLJG,2025-11-10
B0D64MFLJG,2025-12-08
B0D64MFLJG,2026-01-05
B0D64MFLJG,2026-02-02
B0D64MFLJG,2026-03-02
B0D64XDG19,2025-04-28
B0D64XDG19,2025-05-26
B0D64XDG19,2025-06-23
B0D64XDG19,2025-07-21
B0D64XDG19,2025-08-18
B0D64XDG19,2025-09-15
B0D64XDG19,2025-10-13
B0D64XDG19,2025-11-10
B0D64XDG19,2025-12-08
B0D64XDG19,2026-01-05
B0D64XDG19,2026-02-02
B0D64XDG19,2026-03-02
B0D64Y45NZ,2025-04-28
B0D64Y45NZ,2025-05-26
B0D64Y45NZ,2025-06-23
B0D64Y45NZ,2025-07-21
B0D64Y45NZ,2025-08-18
B0D64Y45NZ,2025-09-15
B0D64Y45NZ,2025-10-13
B0D64Y45NZ,2025-11-10
B0D64Y45NZ,2025-12-08
B0D64Y45NZ,2026-01-05
B0D64Y45NZ,2026-02-02
B0D64Y45NZ,2026-03-02
B0D6D97X7R,2025-04-28
B0D6D97X7R,2025-05-26
B0D6D97X7R,2025-06-23
B0D6D97X7R,2025-07-21
B0D6D97X7R,2025-08-18
B0D6D97X7R,2025-09-15
B0D6D97X7R,2025-10-13
B0D6D97X7R,2025-11-10
B0D6D97X7R,2025-12-08
B0D6D97X7R,2026-01-05
B0D6D97X7R,2026-02-02
B0D6D97X7R,2026-03-02
B0D6GLYYG9,2025-04-28
B0D6GLYYG9,2025-05-26
B0D6GLYYG9,2025-06-23
B0D6GLYYG9,2025-07-21
B0D6GLYYG9,2025-08-18
B0D6GLYYG9,2025-09-15
B0D6GLYYG9,2025-10-13
B0D6GLYYG9,2025-11-10
B0D6GLYYG9,2025-12-08
B0D6GLYYG9,2026-01-05
B0D6GLYYG9,2026-02-02
B0D6GLYYG9,2026-03-02
B0D6MTPJ5W,2025-04-28
B0D6MTPJ5W,2025-05-26
B0D6MTPJ5W,2025-06-23
B0D6MTPJ5W,2025-07-21
B0D6MTPJ5W,2025-08-18
B0D6MTPJ5W,2025-09-15
B0D6MTPJ5W,2025-10-13
B0D6MTPJ5W,2025-11-10
B0D6MTPJ5W,2025-12-08
B0D6MTPJ5W,2026-01-05
B0D6MTPJ5W,2026-02-02
B0D6MTPJ5W,2026-03-02
B0D6P1HRMQ,2025-04-28
B0D6P1HRMQ,2025-05-26
B0D6P1HRMQ,2025-06-23
B0D6P1HRMQ,2025-07-21
B0D6P1HRMQ,2025-08-18
B0D6P1HRMQ,2025-09-15
B0D6P1HRMQ,2025-10-13
B0D6P1HRMQ,2025-11-10
B0D6P1HRMQ,2025-12-08
B0D6P1HRMQ,2026-01-05
B0D6P1HRMQ,2026-02-02
B0D6P1HRMQ,2026-03-02
B0D6RLG88C,2025-04-28
B0D6RLG88C,2025-05-26
B0D6RLG88C,2025-06-23
B0D6RLG88C,2025-07-21
B0D6RLG88C,2025-08-18
B0D6RLG88C,2025-09-15
B0D6RLG88C,2025-10-13
B0D6RLG88C,2025-11-10
B0D6RLG88C,2025-12-08
B0D6RLG88C,2026-01-05
B0D6RLG88C,2026-02-02
B0D6RLG88C,2026-03-02
B0D6VFTS34,2025-04-28
B0D6VFTS34,2025-05-26
B0D6VFTS34,2025-06-23
B0D6VFTS34,2025-07-21
B0D6VFTS34,2025-08-18
B0D6VFTS34,2025-09-15
B0D6VFTS34,2025-10-13
B0D6VFTS34,2025-11-10
B0D6VFTS34,2025-12-08
B0D6VFTS34,2026-01-05
B0D6VFTS34,2026-02-02
B0D6VFTS34,2026-03-02
B0D6WWLBW4,2025-04-28
B0D6WWLBW4,2025-05-26
B0D6WWLBW4,2025-06-23
B0D6WWLBW4,2025-07-21
B0D6WWLBW4,2025-08-18
B0D6WWLBW4,2025-09-15
B0D6WWLBW4,2025-10-13
B0D6WWLBW4,2025-11-10
B0D6WWLBW4,2025-12-08
B0D6WWLBW4,2026-01-05
B0D6WWLBW4,2026-02-02
B0D6WWLBW4,2026-03-02
B0D6WZML2H,2025-04-28
B0D6WZML2H,2025-05-26
B0D6WZML2H,2025-06-23
B0D6WZML2H,2025-07-21
B0D6WZML2H,2025-08-18
B0D6WZML2H,2025-09-15
B0D6WZML2H,2025-10-13
B0D6WZML2H,2025-11-10
B0D6WZML2H,2025-12-08
B0D6WZML2H,2026-01-05
B0D6WZML2H,2026-02-02
B0D6WZML2H,2026-03-02
B0D6X4PTSP,2025-04-28
B0D6X4PTSP,2025-05-26
B0D6X4PTSP,2025-06-23
B0D6X4PTSP,2025-07-21
B0D6X4PTSP,2025-08-18
B0D6X4PTSP,2025-09-15
B0D6X4PTSP,2025-10-13
B0D6X4PTSP,2025-11-10
B0D6X4PTSP,2025-12-08
B0D6X4PTSP,2026-01-05
B0D6X4PTSP,2026-02-02
B0D6X4PTSP,2026-03-02
B0D6X573WZ,2025-04-28
B0D6X573WZ,2025-05-26
B0D6X573WZ,2025-06-23
B0D6X573WZ,2025-07-21
B0D6X573WZ,2025-08-18
B0D6X573WZ,2025-09-15
B0D6X573WZ,2025-10-13
B0D6X573WZ,2025-11-10
B0D6X573WZ,2025-12-08
B0D6X573WZ,2026-01-05
B0D6X573WZ,2026-02-02
B0D6X573WZ,2026-03-02
B0D6X94CP3,2025-04-28
B0D6X94CP3,2025-05-26
B0D6X94CP3,2025-06-23
B0D6X94CP3,2025-07-21
B0D6X94CP3,2025-08-18
B0D6X94CP3,2025-09-15
B0D6X94CP3,2025-10-13
B0D6X94CP3,2025-11-10
B0D6X94CP3,2025-12-08
B0D6X94CP3,2026-01-05
B0D6X94CP3,2026-02-02
B0D6X94CP3,2026-03-02
B0D6Y7QBQY,2025-04-28
B0D6Y7QBQY,2025-05-26
B0D6Y7QBQY,2025-06-23
B0D6Y7QBQY,2025-07-21
B0D6Y7QBQY,2025-08-18
B0D6Y7QBQY,2025-09-15
B0D6Y7QBQY,2025-10-13
B0D6Y7QBQY,2025-11-10
B0D6Y7QBQY,2025-12-08
B0D6Y7QBQY,2026-01-05
B0D6Y7QBQY,2026-02-02
B0D6Y7QBQY,2026-03-02
B0D6YSZQMX,2025-04-28
B0D6YSZQMX,2025-05-26
B0D6YSZQMX,2025-06-23
B0D6YSZQMX,2025-07-21
B0D6YSZQMX,2025-08-18
B0D6YSZQMX,2025-09-15
B0D6YSZQMX,2025-10-13
B0D6YSZQMX,2025-11-10
B0D6YSZQMX,2025-12-08
B0D6YSZQMX,2026-01-05
B0D6YSZQMX,2026-02-02
B0D6YSZQMX,2026-03-02
B0D6YZM6BL,2025-04-28
B0D6YZM6BL,2025-05-26
B0D6YZM6BL,2025-06-23
B0D6YZM6BL,2025-07-21
B0D6YZM6BL,2025-08-18
B0D6YZM6BL,2025-09-15
B0D6YZM6BL,2025-10-13
B0D6YZM6BL,2025-11-10
B0D6YZM6BL,2025-12-08
B0D6YZM6BL,2026-01-05
B0D6YZM6BL,2026-02-02
B0D6YZM6BL,2026-03-02
B0D6Z2H97G,2025-04-28
B0D6Z2H97G,2025-05-26
B0D6Z2H97G,2025-06-23
B0D6Z2H97G,2025-07-21
B0D6Z2H97G,2025-08-18
B0D6Z2H97G,2025-09-15
B0D6Z2H97G,2025-10-13
B0D6Z2H97G,2025-11-10
B0D6Z2H97G,2025-12-08
B0D6Z2H97G,2026-01-05
B0D6Z2H97G,2026-02-02
B0D6Z2H97G,2026-03-02
B0D6Z2XNKS,2025-04-28
B0D6Z2XNKS,2025-05-26
B0D6Z2XNKS,2025-06-23
B0D6Z2XNKS,2025-07-21
B0D6Z2XNKS,2025-08-18
B0D6Z2XNKS,2025-09-15
B0D6Z2XNKS,2025-10-13
B0D6Z2XNKS,2025-11-10
B0D6Z2XNKS,2025-12-08
B0D6Z2XNKS,2026-01-05
B0D6Z2XNKS,2026-02-02
B0D6Z2XNKS,2026-03-02
B0D722CGR2,2025-04-28
B0D722CGR2,2025-05-26
B0D722CGR2,2025-06-23
B0D722CGR2,2025-07-21
B0D722CGR2,2025-08-18
B0D722CGR2,2025-09-15
B0D722CGR2,2025-10-13
B0D722CGR2,2025-11-10
B0D722CGR2,2025-12-08
B0D722CGR2,2026-01-05
B0D722CGR2,2026-02-02
B0D722CGR2,2026-03-02
B0D726KPHN,2025-04-28
B0D726KPHN,2025-05-26
B0D726KPHN,2025-06-23
B0D726KPHN,2025-07-21
B0D726KPHN,2025-08-18
B0D726KPHN,2025-09-15
B0D726KPHN,2025-10-13
B0D726KPHN,2025-11-10
B0D726KPHN,2025-12-08
B0D726KPHN,2026-01-05
B0D726KPHN,2026-02-02
B0D726KPHN,2026-03-02
B0D7341GKY,2025-04-28
B0D7341GKY,2025-05-26
B0D7341GKY,2025-06-23
B0D7341GKY,2025-07-21
B0D7341GKY,2025-08-18
B0D7341GKY,2025-09-15
B0D7341GKY,2025-10-13
B0D7341GKY,2025-11-10
B0D7341GKY,2025-12-08
B0D7341GKY,2026-01-05
B0D7341GKY,2026-02-02
B0D7341GKY,2026-03-02
B0D7365VFJ,2025-04-28
B0D7365VFJ,2025-05-26
B0D7365VFJ,2025-06-23
B0D7365VFJ,2025-07-21
B0D7365VFJ,2025-08-18
B0D7365VFJ,2025-09-15
B0D7365VFJ,2025-10-13
B0D7365VFJ,2025-11-10
B0D7365VFJ,2025-12-08
B0D7365VFJ,2026-01-05
B0D7365VFJ,2026-02-02
B0D7365VFJ,2026-03-02
B0D738RQF7,2025-04-28
B0D738RQF7,2025-05-26
B0D738RQF7,2025-06-23
B0D738RQF7,2025-07-21
B0D738RQF7,2025-08-18
B0D738RQF7,2025-09-15
B0D738RQF7,2025-10-13
B0D738RQF7,2025-11-10
B0D738RQF7,2025-12-08
B0D738RQF7,2026-01-05
B0D738RQF7,2026-02-02
B0D738RQF7,2026-03-02
B0D73RXN3X,2025-04-28
B0D73RXN3X,2025-05-26
B0D73RXN3X,2025-06-23
B0D73RXN3X,2025-07-21
B0D73RXN3X,2025-08-18
B0D73RXN3X,2025-09-15
B0D73RXN3X,2025-10-13
B0D73RXN3X,2025-11-10
B0D73RXN3X,2025-12-08
B0D73RXN3X,2026-01-05
B0D73RXN3X,2026-02-02
B0D73RXN3X,2026-03-02
B0D73S888R,2025-04-28
B0D73S888R,2025-05-26
B0D73S888R,2025-06-23
B0D73S888R,2025-07-21
B0D73S888R,2025-08-18
B0D73S888R,2025-09-15
B0D73S888R,2025-10-13
B0D73S888R,2025-11-10
B0D73S888R,2025-12-08
B0D73S888R,2026-01-05
B0D73S888R,2026-02-02
B0D73S888R,2026-03-02
B0D78QLWSF,2025-04-28
B0D78QLWSF,2025-05-26
B0D78QLWSF,2025-06-23
B0D78QLWSF,2025-07-21
B0D78QLWSF,2025-08-18
B0D78QLWSF,2025-09-15
B0D78QLWSF,2025-10-13
B0D78QLWSF,2025-11-10
B0D78QLWSF,2025-12-08
B0D78QLWSF,2026-01-05
B0D78QLWSF,2026-02-02
B0D78QLWSF,2026-03-02
B0D792F9VR,2025-04-28
B0D792F9VR,2025-05-26
B0D792F9VR,2025-06-23
B0D792F9VR,2025-07-21
B0D792F9VR,2025-08-18
B0D792F9VR,2025-09-15
B0D792F9VR,2025-10-13
B0D792F9VR,2025-11-10
B0D792F9VR,2025-12-08
B0D792F9VR,2026-01-05
B0D792F9VR,2026-02-02
B0D792F9VR,2026-03-02
B0D7935RWD,2025-04-28
B0D7935RWD,2025-05-26
B0D7935RWD,2025-06-23
B0D7935RWD,2025-07-21
B0D7935RWD,2025-08-18
B0D7935RWD,2025-09-15
B0D7935RWD,2025-10-13
B0D7935RWD,2025-11-10
B0D7935RWD,2025-12-08
B0D7935RWD,2026-01-05
B0D7935RWD,2026-02-02
B0D7935RWD,2026-03-02
B0D795LGY1,2025-04-28
B0D795LGY1,2025-05-26
B0D795LGY1,2025-06-23
B0D795LGY1,2025-07-21
B0D795LGY1,2025-08-18
B0D795LGY1,2025-09-15
B0D795LGY1,2025-10-13
B0D795LGY1,2025-11-10
B0D795LGY1,2025-12-08
B0D795LGY1,2026-01-05
B0D795LGY1,2026-02-02
B0D795LGY1,2026-03-02
B0D7GDFWVB,2025-04-28
B0D7GDFWVB,2025-05-26
B0D7GDFWVB,2025-06-23
B0D7GDFWVB,2025-07-21
B0D7GDFWVB,2025-08-18
B0D7GDFWVB,2025-09-15
B0D7GDFWVB,2025-10-13
B0D7GDFWVB,2025-11-10
B0D7GDFWVB,2025-12-08
B0D7GDFWVB,2026-01-05
B0D7GDFWVB,2026-02-02
B0D7GDFWVB,2026-03-02
B0D7H7MZL8,2025-04-28
B0D7H7MZL8,2025-05-26
B0D7H7MZL8,2025-06-23
B0D7H7MZL8,2025-07-21
B0D7H7MZL8,2025-08-18
B0D7H7MZL8,2025-09-15
B0D7H7MZL8,2025-10-13
B0D7H7MZL8,2025-11-10
B0D7H7MZL8,2025-12-08
B0D7H7MZL8,2026-01-05
B0D7H7MZL8,2026-02-02
B0D7H7MZL8,2026-03-02
B0D7HD2H4Q,2025-04-28
B0D7HD2H4Q,2025-05-26
B0D7HD2H4Q,2025-06-23
B0D7HD2H4Q,2025-07-21
B0D7HD2H4Q,2025-08-18
B0D7HD2H4Q,2025-09-15
B0D7HD2H4Q,2025-10-13
B0D7HD2H4Q,2025-11-10
B0D7HD2H4Q,2025-12-08
B0D7HD2H4Q,2026-01-05
B0D7HD2H4Q,2026-02-02
B0D7HD2H4Q,2026-03-02
B0D7HG9KRS,2025-04-28
B0D7HG9KRS,2025-05-26
B0D7HG9KRS,2025-06-23
B0D7HG9KRS,2025-07-21
B0D7HG9KRS,2025-08-18
B0D7HG9KRS,2025-09-15
B0D7HG9KRS,2025-10-13
B0D7HG9KRS,2025-11-10
B0D7HG9KRS,2025-12-08
B0D7HG9KRS,2026-01-05
B0D7HG9KRS,2026-02-02
B0D7HG9KRS,2026-03-02
B0D7HXG7YZ,2025-04-28
B0D7HXG7YZ,2025-05-26
B0D7HXG7YZ,2025-06-23
B0D7HXG7YZ,2025-07-21
B0D7HXG7YZ,2025-08-18
B0D7HXG7YZ,2025-09-15
B0D7HXG7YZ,2025-10-13
B0D7HXG7YZ,2025-11-10
B0D7HXG7YZ,2025-12-08
B0D7HXG7YZ,2026-01-05
B0D7HXG7YZ,2026-02-02
B0D7HXG7YZ,2026-03-02
B0D7M6639G,2025-04-28
B0D7M6639G,2025-05-26
B0D7M6639G,2025-06-23
B0D7M6639G,2025-07-21
B0D7M6639G,2025-08-18
B0D7M6639G,2025-09-15
B0D7M6639G,2025-10-13
B0D7M6639G,2025-11-10
B0D7M6639G,2025-12-08
B0D7M6639G,2026-01-05
B0D7M6639G,2026-02-02
B0D7M6639G,2026-03-02
B0D7M6K7NY,2025-04-28
B0D7M6K7NY,2025-05-26
B0D7M6K7NY,2025-06-23
B0D7M6K7NY,2025-07-21
B0D7M6K7NY,2025-08-18
B0D7M6K7NY,2025-09-15
B0D7M6K7NY,2025-10-13
B0D7M6K7NY,2025-11-10
B0D7M6K7NY,2025-12-08
B0D7M6K7NY,2026-01-05
B0D7M6K7NY,2026-02-02
B0D7M6K7NY,2026-03-02
B0D7M7V859,2025-04-28
B0D7M7V859,2025-05-26
B0D7M7V859,2025-06-23
B0D7M7V859,2025-07-21
B0D7M7V859,2025-08-18
B0D7M7V859,2025-09-15
B0D7M7V859,2025-10-13
B0D7M7V859,2025-11-10
B0D7M7V859,2025-12-08
B0D7M7V859,2026-01-05
B0D7M7V859,2026-02-02
B0D7M7V859,2026-03-02
B0D7MHD29Z,2025-04-28
B0D7MHD29Z,2025-05-26
B0D7MHD29Z,2025-06-23
B0D7MHD29Z,2025-07-21
B0D7MHD29Z,2025-08-18
B0D7MHD29Z,2025-09-15
B0D7MHD29Z,2025-10-13
B0D7MHD29Z,2025-11-10
B0D7MHD29Z,2025-12-08
B0D7MHD29Z,2026-01-05
B0D7MHD29Z,2026-02-02
B0D7MHD29Z,2026-03-02
B0D7MHF5LF,2025-04-28
B0D7MHF5LF,2025-05-26
B0D7MHF5LF,2025-06-23
B0D7MHF5LF,2025-07-21
B0D7MHF5LF,2025-08-18
B0D7MHF5LF,2025-09-15
B0D7MHF5LF,2025-10-13
B0D7MHF5LF,2025-11-10
B0D7MHF5LF,2025-12-08
B0D7MHF5LF,2026-01-05
B0D7MHF5LF,2026-02-02
B0D7MHF5LF,2026-03-02
B0D7MHH3P3,2025-04-28
B0D7MHH3P3,2025-05-26
B0D7MHH3P3,2025-06-23
B0D7MHH3P3,2025-07-21
B0D7MHH3P3,2025-08-18
B0D7MHH3P3,2025-09-15
B0D7MHH3P3,2025-10-13
B0D7MHH3P3,2025-11-10
B0D7MHH3P3,2025-12-08
B0D7MHH3P3,2026-01-05
B0D7MHH3P3,2026-02-02
B0D7MHH3P3,2026-03-02
B0D7MKTDWT,2025-04-28
B0D7MKTDWT,2025-05-26
B0D7MKTDWT,2025-06-23
B0D7MKTDWT,2025-07-21
B0D7MKTDWT,2025-08-18
B0D7MKTDWT,2025-09-15
B0D7MKTDWT,2025-10-13
B0D7MKTDWT,2025-11-10
B0D7MKTDWT,2025-12-08
B0D7MKTDWT,2026-01-05
B0D7MKTDWT,2026-02-02
B0D7MKTDWT,2026-03-02
B0D7ML599X,2025-04-28
B0D7ML599X,2025-05-26
B0D7ML599X,2025-06-23
B0D7ML599X,2025-07-21
B0D7ML599X,2025-08-18
B0D7ML599X,2025-09-15
B0D7ML599X,2025-10-13
B0D7ML599X,2025-11-10
B0D7ML599X,2025-12-08
B0D7ML599X,2026-01-05
B0D7ML599X,2026-02-02
B0D7ML599X,2026-03-02
B0D7NLLM8N,2025-04-28
B0D7NLLM8N,2025-05-26
B0D7NLLM8N,2025-06-23
B0D7NLLM8N,2025-07-21
B0D7NLLM8N,2025-08-18
B0D7NLLM8N,2025-09-15
B0D7NLLM8N,2025-10-13
B0D7NLLM8N,2025-11-10
B0D7NLLM8N,2025-12-08
B0D7NLLM8N,2026-01-05
B0D7NLLM8N,2026-02-02
B0D7NLLM8N,2026-03-02
B0D7NN1X6T,2025-04-28
B0D7NN1X6T,2025-05-26
B0D7NN1X6T,2025-06-23
B0D7NN1X6T,2025-07-21
B0D7NN1X6T,2025-08-18
B0D7NN1X6T,2025-09-15
B0D7NN1X6T,2025-10-13
B0D7NN1X6T,2025-11-10
B0D7NN1X6T,2025-12-08
B0D7NN1X6T,2026-01-05
B0D7NN1X6T,2026-02-02
B0D7NN1X6T,2026-03-02
B0D7P7H39S,2025-04-28
B0D7P7H39S,2025-05-26
B0D7P7H39S,2025-06-23
B0D7P7H39S,2025-07-21
B0D7P7H39S,2025-08-18
B0D7P7H39S,2025-09-15
B0D7P7H39S,2025-10-13
B0D7P7H39S,2025-11-10
B0D7P7H39S,2025-12-08
B0D7P7H39S,2026-01-05
B0D7P7H39S,2026-02-02
B0D7P7H39S,2026-03-02
B0D7P7YQRM,2025-04-28
B0D7P7YQRM,2025-05-26
B0D7P7YQRM,2025-06-23
B0D7P7YQRM,2025-07-21
B0D7P7YQRM,2025-08-18
B0D7P7YQRM,2025-09-15
B0D7P7YQRM,2025-10-13
B0D7P7YQRM,2025-11-10
B0D7P7YQRM,2025-12-08
B0D7P7YQRM,2026-01-05
B0D7P7YQRM,2026-02-02
B0D7P7YQRM,2026-03-02
B0D7QNS7K8,2025-04-28
B0D7QNS7K8,2025-05-26
B0D7QNS7K8,2025-06-23
B0D7QNS7K8,2025-07-21
B0D7QNS7K8,2025-08-18
B0D7QNS7K8,2025-09-15
B0D7QNS7K8,2025-10-13
B0D7QNS7K8,2025-11-10
B0D7QNS7K8,2025-12-08
B0D7QNS7K8,2026-01-05
B0D7QNS7K8,2026-02-02
B0D7QNS7K8,2026-03-02
B0D7ZS9TZW,2025-04-28
B0D7ZS9TZW,2025-05-26
B0D7ZS9TZW,2025-06-23
B0D7ZS9TZW,2025-07-21
B0D7ZS9TZW,2025-08-18
B0D7ZS9TZW,2025-09-15
B0D7ZS9TZW,2025-10-13
B0D7ZS9TZW,2025-11-10
B0D7ZS9TZW,2025-12-08
B0D7ZS9TZW,2026-01-05
B0D7ZS9TZW,2026-02-02
B0D7ZS9TZW,2026-03-02
B0D7ZZJWHF,2025-04-28
B0D7ZZJWHF,2025-05-26
B0D7ZZJWHF,2025-06-23
B0D7ZZJWHF,2025-07-21
B0D7ZZJWHF,2025-08-18
B0D7ZZJWHF,2025-09-15
B0D7ZZJWHF,2025-10-13
B0D7ZZJWHF,2025-11-10
B0D7ZZJWHF,2025-12-08
B0D7ZZJWHF,2026-01-05
B0D7ZZJWHF,2026-02-02
B0D7ZZJWHF,2026-03-02
B0D813XXHG,2025-04-28
B0D813XXHG,2025-05-26
B0D813XXHG,2025-06-23
B0D813XXHG,2025-07-21
B0D813XXHG,2025-08-18
B0D813XXHG,2025-09-15
B0D813XXHG,2025-10-13
B0D813XXHG,2025-11-10
B0D813XXHG,2025-12-08
B0D813XXHG,2026-01-05
B0D813XXHG,2026-02-02
B0D813XXHG,2026-03-02
B0D82RCGYV,2025-04-28
B0D82RCGYV,2025-05-26
B0D82RCGYV,2025-06-23
B0D82RCGYV,2025-07-21
B0D82RCGYV,2025-08-18
B0D82RCGYV,2025-09-15
B0D82RCGYV,2025-10-13
B0D82RCGYV,2025-11-10
B0D82RCGYV,2025-12-08
B0D82RCGYV,2026-01-05
B0D82RCGYV,2026-02-02
B0D82RCGYV,2026-03-02
B0D8358P37,2025-04-28
B0D8358P37,2025-05-26
B0D8358P37,2025-06-23
B0D8358P37,2025-07-21
B0D8358P37,2025-08-18
B0D8358P37,2025-09-15
B0D8358P37,2025-10-13
B0D8358P37,2025-11-10
B0D8358P37,2025-12-08
B0D8358P37,2026-01-05
B0D8358P37,2026-02-02
B0D8358P37,2026-03-02
B0D83KHTV9,2025-04-28
B0D83KHTV9,2025-05-26
B0D83KHTV9,2025-06-23
B0D83KHTV9,2025-07-21
B0D83KHTV9,2025-08-18
B0D83KHTV9,2025-09-15
B0D83KHTV9,2025-10-13
B0D83KHTV9,2025-11-10
B0D83KHTV9,2025-12-08
B0D83KHTV9,2026-01-05
B0D83KHTV9,2026-02-02
B0D83KHTV9,2026-03-02
B0D83YRQH8,2025-04-28
B0D83YRQH8,2025-05-26
B0D83YRQH8,2025-06-23
B0D83YRQH8,2025-07-21
B0D83YRQH8,2025-08-18
B0D83YRQH8,2025-09-15
B0D83YRQH8,2025-10-13
B0D83YRQH8,2025-11-10
B0D83YRQH8,2025-12-08
B0D83YRQH8,2026-01-05
B0D83YRQH8,2026-02-02
B0D83YRQH8,2026-03-02
B0D8B5H7VM,2025-04-28
B0D8B5H7VM,2025-05-26
B0D8B5H7VM,2025-06-23
B0D8B5H7VM,2025-07-21
B0D8B5H7VM,2025-08-18
B0D8B5H7VM,2025-09-15
B0D8B5H7VM,2025-10-13
B0D8B5H7VM,2025-11-10
B0D8B5H7VM,2025-12-08
B0D8B5H7VM,2026-01-05
B0D8B5H7VM,2026-02-02
B0D8B5H7VM,2026-03-02
B0D8HW5VV2,2025-04-28
B0D8HW5VV2,2025-05-26
B0D8HW5VV2,2025-06-23
B0D8HW5VV2,2025-07-21
B0D8HW5VV2,2025-08-18
B0D8HW5VV2,2025-09-15
B0D8HW5VV2,2025-10-13
B0D8HW5VV2,2025-11-10
B0D8HW5VV2,2025-12-08
B0D8HW5VV2,2026-01-05
B0D8HW5VV2,2026-02-02
B0D8HW5VV2,2026-03-02
B0D8HZ42L4,2025-04-28
B0D8HZ42L4,2025-05-26
B0D8HZ42L4,2025-06-23
B0D8HZ42L4,2025-07-21
B0D8HZ42L4,2025-08-18
B0D8HZ42L4,2025-09-15
B0D8HZ42L4,2025-10-13
B0D8HZ42L4,2025-11-10
B0D8HZ42L4,2025-12-08
B0D8HZ42L4,2026-01-05
B0D8HZ42L4,2026-02-02
B0D8HZ42L4,2026-03-02
B0D8PRNWW6,2025-04-28
B0D8PRNWW6,2025-05-26
B0D8PRNWW6,2025-06-23
B0D8PRNWW6,2025-07-21
B0D8PRNWW6,2025-08-18
B0D8PRNWW6,2025-09-15
B0D8PRNWW6,2025-10-13
B0D8PRNWW6,2025-11-10
B0D8PRNWW6,2025-12-08
B0D8PRNWW6,2026-01-05
B0D8PRNWW6,2026-02-02
B0D8PRNWW6,2026-03-02
B0D8PRYRX5,2025-04-28
B0D8PRYRX5,2025-05-26
B0D8PRYRX5,2025-06-23
B0D8PRYRX5,2025-07-21
B0D8PRYRX5,2025-08-18
B0D8PRYRX5,2025-09-15
B0D8PRYRX5,2025-10-13
B0D8PRYRX5,2025-11-10
B0D8PRYRX5,2025-12-08
B0D8PRYRX5,2026-01-05
B0D8PRYRX5,2026-02-02
B0D8PRYRX5,2026-03-02
B0D8Q1WZCX,2025-04-28
B0D8Q1WZCX,2025-05-26
B0D8Q1WZCX,2025-06-23
B0D8Q1WZCX,2025-07-21
B0D8Q1WZCX,2025-08-18
B0D8Q1WZCX,2025-09-15
B0D8Q1WZCX,2025-10-13
B0D8Q1WZCX,2025-11-10
B0D8Q1WZCX,2025-12-08
B0D8Q1WZCX,2026-01-05
B0D8Q1WZCX,2026-02-02
B0D8Q1WZCX,2026-03-02
B0D8Q4GXDD,2025-04-28
B0D8Q4GXDD,2025-05-26
B0D8Q4GXDD,2025-06-23
B0D8Q4GXDD,2025-07-21
B0D8Q4GXDD,2025-08-18
B0D8Q4GXDD,2025-09-15
B0D8Q4GXDD,2025-10-13
B0D8Q4GXDD,2025-11-10
B0D8Q4GXDD,2025-12-08
B0D8Q4GXDD,2026-01-05
B0D8Q4GXDD,2026-02-02
B0D8Q4GXDD,2026-03-02
B0D8Q4KPT7,2025-04-28
B0D8Q4KPT7,2025-05-26
B0D8Q4KPT7,2025-06-23
B0D8Q4KPT7,2025-07-21
B0D8Q4KPT7,2025-08-18
B0D8Q4KPT7,2025-09-15
B0D8Q4KPT7,2025-10-13
B0D8Q4KPT7,2025-11-10
B0D8Q4KPT7,2025-12-08
B0D8Q4KPT7,2026-01-05
B0D8Q4KPT7,2026-02-02
B0D8Q4KPT7,2026-03-02
B0D8Q7RLQY,2025-04-28
B0D8Q7RLQY,2025-05-26
B0D8Q7RLQY,2025-06-23
B0D8Q7RLQY,2025-07-21
B0D8Q7RLQY,2025-08-18
B0D8Q7RLQY,2025-09-15
B0D8Q7RLQY,2025-10-13
B0D8Q7RLQY,2025-11-10
B0D8Q7RLQY,2025-12-08
B0D8Q7RLQY,2026-01-05
B0D8Q7RLQY,2026-02-02
B0D8Q7RLQY,2026-03-02
B0D8T6BGMN,2025-04-28
B0D8T6BGMN,2025-05-26
B0D8T6BGMN,2025-06-23
B0D8T6BGMN,2025-07-21
B0D8T6BGMN,2025-08-18
B0D8T6BGMN,2025-09-15
B0D8T6BGMN,2025-10-13
B0D8T6BGMN,2025-11-10
B0D8T6BGMN,2025-12-08
B0D8T6BGMN,2026-01-05
B0D8T6BGMN,2026-02-02
B0D8T6BGMN,2026-03-02
B0D8VV6RBG,2025-04-28
B0D8VV6RBG,2025-05-26
B0D8VV6RBG,2025-06-23
B0D8VV6RBG,2025-07-21
B0D8VV6RBG,2025-08-18
B0D8VV6RBG,2025-09-15
B0D8VV6RBG,2025-10-13
B0D8VV6RBG,2025-11-10
B0D8VV6RBG,2025-12-08
B0D8VV6RBG,2026-01-05
B0D8VV6RBG,2026-02-02
B0D8VV6RBG,2026-03-02
B0D8VVF8L3,2025-04-28
B0D8VVF8L3,2025-05-26
B0D8VVF8L3,2025-06-23
B0D8VVF8L3,2025-07-21
B0D8VVF8L3,2025-08-18
B0D8VVF8L3,2025-09-15
B0D8VVF8L3,2025-10-13
B0D8VVF8L3,2025-11-10
B0D8VVF8L3,2025-12-08
B0D8VVF8L3,2026-01-05
B0D8VVF8L3,2026-02-02
B0D8VVF8L3,2026-03-02
B0D8VVTW4X,2025-04-28
B0D8VVTW4X,2025-05-26
B0D8VVTW4X,2025-06-23
B0D8VVTW4X,2025-07-21
B0D8VVTW4X,2025-08-18
B0D8VVTW4X,2025-09-15
B0D8VVTW4X,2025-10-13
B0D8VVTW4X,2025-11-10
B0D8VVTW4X,2025-12-08
B0D8VVTW4X,2026-01-05
B0D8VVTW4X,2026-02-02
B0D8VVTW4X,2026-03-02
B0D8WGHBKH,2025-04-28
B0D8WGHBKH,2025-05-26
B0D8WGHBKH,2025-06-23
B0D8WGHBKH,2025-07-21
B0D8WGHBKH,2025-08-18
B0D8WGHBKH,2025-09-15
B0D8WGHBKH,2025-10-13
B0D8WGHBKH,2025-11-10
B0D8WGHBKH,2025-12-08
B0D8WGHBKH,2026-01-05
B0D8WGHBKH,2026-02-02
B0D8WGHBKH,2026-03-02
B0D8WPNFD5,2025-04-28
B0D8WPNFD5,2025-05-26
B0D8WPNFD5,2025-06-23
B0D8WPNFD5,2025-07-21
B0D8WPNFD5,2025-08-18
B0D8WPNFD5,2025-09-15
B0D8WPNFD5,2025-10-13
B0D8WPNFD5,2025-11-10
B0D8WPNFD5,2025-12-08
B0D8WPNFD5,2026-01-05
B0D8WPNFD5,2026-02-02
B0D8WPNFD5,2026-03-02
B0D91WGSXT,2025-04-28
B0D91WGSXT,2025-05-26
B0D91WGSXT,2025-06-23
B0D91WGSXT,2025-07-21
B0D91WGSXT,2025-08-18
B0D91WGSXT,2025-09-15
B0D91WGSXT,2025-10-13
B0D91WGSXT,2025-11-10
B0D91WGSXT,2025-12-08
B0D91WGSXT,2026-01-05
B0D91WGSXT,2026-02-02
B0D91WGSXT,2026-03-02
B0D91Z6519,2025-04-28
B0D91Z6519,2025-05-26
B0D91Z6519,2025-06-23
B0D91Z6519,2025-07-21
B0D91Z6519,2025-08-18
B0D91Z6519,2025-09-15
B0D91Z6519,2025-10-13
B0D91Z6519,2025-11-10
B0D91Z6519,2025-12-08
B0D91Z6519,2026-01-05
B0D91Z6519,2026-02-02
B0D91Z6519,2026-03-02
B0D93B3172,2025-04-28
B0D93B3172,2025-05-26
B0D93B3172,2025-06-23
B0D93B3172,2025-07-21
B0D93B3172,2025-08-18
B0D93B3172,2025-09-15
B0D93B3172,2025-10-13
B0D93B3172,2025-11-10
B0D93B3172,2025-12-08
B0D93B3172,2026-01-05
B0D93B3172,2026-02-02
B0D93B3172,2026-03-02
B0D93BVXR5,2025-04-28
B0D93BVXR5,2025-05-26
B0D93BVXR5,2025-06-23
B0D93BVXR5,2025-07-21
B0D93BVXR5,2025-08-18
B0D93BVXR5,2025-09-15
B0D93BVXR5,2025-10-13
B0D93BVXR5,2025-11-10
B0D93BVXR5,2025-12-08
B0D93BVXR5,2026-01-05
B0D93BVXR5,2026-02-02
B0D93BVXR5,2026-03-02
B0D93C4N3W,2025-04-28
B0D93C4N3W,2025-05-26
B0D93C4N3W,2025-06-23
B0D93C4N3W,2025-07-21
B0D93C4N3W,2025-08-18
B0D93C4N3W,2025-09-15
B0D93C4N3W,2025-10-13
B0D93C4N3W,2025-11-10
B0D93C4N3W,2025-12-08
B0D93C4N3W,2026-01-05
B0D93C4N3W,2026-02-02
B0D93C4N3W,2026-03-02
B0D93CCCR7,2025-04-28
B0D93CCCR7,2025-05-26
B0D93CCCR7,2025-06-23
B0D93CCCR7,2025-07-21
B0D93CCCR7,2025-08-18
B0D93CCCR7,2025-09-15
B0D93CCCR7,2025-10-13
B0D93CCCR7,2025-11-10
B0D93CCCR7,2025-12-08
B0D93CCCR7,2026-01-05
B0D93CCCR7,2026-02-02
B0D93CCCR7,2026-03-02
B0D954JHD1,2025-04-28
B0D954JHD1,2025-05-26
B0D954JHD1,2025-06-23
B0D954JHD1,2025-07-21
B0D954JHD1,2025-08-18
B0D954JHD1,2025-09-15
B0D954JHD1,2025-10-13
B0D954JHD1,2025-11-10
B0D954JHD1,2025-12-08
B0D954JHD1,2026-01-05
B0D954JHD1,2026-02-02
B0D954JHD1,2026-03-02
B0D9559LPD,2025-04-28
B0D9559LPD,2025-05-26
B0D9559LPD,2025-06-23
B0D9559LPD,2025-07-21
B0D9559LPD,2025-08-18
B0D9559LPD,2025-09-15
B0D9559LPD,2025-10-13
B0D9559LPD,2025-11-10
B0D9559LPD,2025-12-08
B0D9559LPD,2026-01-05
B0D9559LPD,2026-02-02
B0D9559LPD,2026-03-02
B0D955TZ4P,2025-04-28
B0D955TZ4P,2025-05-26
B0D955TZ4P,2025-06-23
B0D955TZ4P,2025-07-21
B0D955TZ4P,2025-08-18
B0D955TZ4P,2025-09-15
B0D955TZ4P,2025-10-13
B0D955TZ4P,2025-11-10
B0D955TZ4P,2025-12-08
B0D955TZ4P,2026-01-05
B0D955TZ4P,2026-02-02
B0D955TZ4P,2026-03-02
B0D96889YL,2025-04-28
B0D96889YL,2025-05-26
B0D96889YL,2025-06-23
B0D96889YL,2025-07-21
B0D96889YL,2025-08-18
B0D96889YL,2025-09-15
B0D96889YL,2025-10-13
B0D96889YL,2025-11-10
B0D96889YL,2025-12-08
B0D96889YL,2026-01-05
B0D96889YL,2026-02-02
B0D96889YL,2026-03-02
B0D977TT3C,2025-04-28
B0D977TT3C,2025-05-26
B0D977TT3C,2025-06-23
B0D977TT3C,2025-07-21
B0D977TT3C,2025-08-18
B0D977TT3C,2025-09-15
B0D977TT3C,2025-10-13
B0D977TT3C,2025-11-10
B0D977TT3C,2025-12-08
B0D977TT3C,2026-01-05
B0D977TT3C,2026-02-02
B0D977TT3C,2026-03-02
B0D97936XZ,2025-04-28
B0D97936XZ,2025-05-26
B0D97936XZ,2025-06-23
B0D97936XZ,2025-07-21
B0D97936XZ,2025-08-18
B0D97936XZ,2025-09-15
B0D97936XZ,2025-10-13
B0D97936XZ,2025-11-10
B0D97936XZ,2025-12-08
B0D97936XZ,2026-01-05
B0D97936XZ,2026-02-02
B0D97936XZ,2026-03-02
B0D979NWSN,2025-04-28
B0D979NWSN,2025-05-26
B0D979NWSN,2025-06-23
B0D979NWSN,2025-07-21
B0D979NWSN,2025-08-18
B0D979NWSN,2025-09-15
B0D979NWSN,2025-10-13
B0D979NWSN,2025-11-10
B0D979NWSN,2025-12-08
B0D979NWSN,2026-01-05
B0D979NWSN,2026-02-02
B0D979NWSN,2026-03-02
B0D97YPV9Q,2025-04-28
B0D97YPV9Q,2025-05-26
B0D97YPV9Q,2025-06-23
B0D97YPV9Q,2025-07-21
B0D97YPV9Q,2025-08-18
B0D97YPV9Q,2025-09-15
B0D97YPV9Q,2025-10-13
B0D97YPV9Q,2025-11-10
B0D97YPV9Q,2025-12-08
B0D97YPV9Q,2026-01-05
B0D97YPV9Q,2026-02-02
B0D97YPV9Q,2026-03-02
B0D97ZS8HK,2025-04-28
B0D97ZS8HK,2025-05-26
B0D97ZS8HK,2025-06-23
B0D97ZS8HK,2025-07-21
B0D97ZS8HK,2025-08-18
B0D97ZS8HK,2025-09-15
B0D97ZS8HK,2025-10-13
B0D97ZS8HK,2025-11-10
B0D97ZS8HK,2025-12-08
B0D97ZS8HK,2026-01-05
B0D97ZS8HK,2026-02-02
B0D97ZS8HK,2026-03-02
B0D9815M5B,2025-04-28
B0D9815M5B,2025-05-26
B0D9815M5B,2025-06-23
B0D9815M5B,2025-07-21
B0D9815M5B,2025-08-18
B0D9815M5B,2025-09-15
B0D9815M5B,2025-10-13
B0D9815M5B,2025-11-10
B0D9815M5B,2025-12-08
B0D9815M5B,2026-01-05
B0D9815M5B,2026-02-02
B0D9815M5B,2026-03-02
B0D99KMDHJ,2025-04-28
B0D99KMDHJ,2025-05-26
B0D99KMDHJ,2025-06-23
B0D99KMDHJ,2025-07-21
B0D99KMDHJ,2025-08-18
B0D99KMDHJ,2025-09-15
B0D99KMDHJ,2025-10-13
B0D99KMDHJ,2025-11-10
B0D99KMDHJ,2025-12-08
B0D99KMDHJ,2026-01-05
B0D99KMDHJ,2026-02-02
B0D99KMDHJ,2026-03-02
B0D9C24R1K,2025-04-28
B0D9C24R1K,2025-05-26
B0D9C24R1K,2025-06-23
B0D9C24R1K,2025-07-21
B0D9C24R1K,2025-08-18
B0D9C24R1K,2025-09-15
B0D9C24R1K,2025-10-13
B0D9C24R1K,2025-11-10
B0D9C24R1K,2025-12-08
B0D9C24R1K,2026-01-05
B0D9C24R1K,2026-02-02
B0D9C24R1K,2026-03-02
B0D9G7B6KB,2025-04-28
B0D9G7B6KB,2025-05-26
B0D9G7B6KB,2025-06-23
B0D9G7B6KB,2025-07-21
B0D9G7B6KB,2025-08-18
B0D9G7B6KB,2025-09-15
B0D9G7B6KB,2025-10-13
B0D9G7B6KB,2025-11-10
B0D9G7B6KB,2025-12-08
B0D9G7B6KB,2026-01-05
B0D9G7B6KB,2026-02-02
B0D9G7B6KB,2026-03-02
B0D9G8BZ5X,2025-04-28
B0D9G8BZ5X,2025-05-26
B0D9G8BZ5X,2025-06-23
B0D9G8BZ5X,2025-07-21
B0D9G8BZ5X,2025-08-18
B0D9G8BZ5X,2025-09-15
B0D9G8BZ5X,2025-10-13
B0D9G8BZ5X,2025-11-10
B0D9G8BZ5X,2025-12-08
B0D9G8BZ5X,2026-01-05
B0D9G8BZ5X,2026-02-02
B0D9G8BZ5X,2026-03-02
B0D9G8J5JZ,2025-04-28
B0D9G8J5JZ,2025-05-26
B0D9G8J5JZ,2025-06-23
B0D9G8J5JZ,2025-07-21
B0D9G8J5JZ,2025-08-18
B0D9G8J5JZ,2025-09-15
B0D9G8J5JZ,2025-10-13
B0D9G8J5JZ,2025-11-10
B0D9G8J5JZ,2025-12-08
B0D9G8J5JZ,2026-01-05
B0D9G8J5JZ,2026-02-02
B0D9G8J5JZ,2026-03-02
B0D9GZHVSR,2025-04-28
B0D9GZHVSR,2025-05-26
B0D9GZHVSR,2025-06-23
B0D9GZHVSR,2025-07-21
B0D9GZHVSR,2025-08-18
B0D9GZHVSR,2025-09-15
B0D9GZHVSR,2025-10-13
B0D9GZHVSR,2025-11-10
B0D9GZHVSR,2025-12-08
B0D9GZHVSR,2026-01-05
B0D9GZHVSR,2026-02-02
B0D9GZHVSR,2026-03-02
B0D9H8BDX1,2025-04-28
B0D9H8BDX1,2025-05-26
B0D9H8BDX1,2025-06-23
B0D9H8BDX1,2025-07-21
B0D9H8BDX1,2025-08-18
B0D9H8BDX1,2025-09-15
B0D9H8BDX1,2025-10-13
B0D9H8BDX1,2025-11-10
B0D9H8BDX1,2025-12-08
B0D9H8BDX1,2026-01-05
B0D9H8BDX1,2026-02-02
B0D9H8BDX1,2026-03-02
B0D9H9327P,2025-04-28
B0D9H9327P,2025-05-26
B0D9H9327P,2025-06-23
B0D9H9327P,2025-07-21
B0D9H9327P,2025-08-18
B0D9H9327P,2025-09-15
B0D9H9327P,2025-10-13
B0D9H9327P,2025-11-10
B0D9H9327P,2025-12-08
B0D9H9327P,2026-01-05
B0D9H9327P,2026-02-02
B0D9H9327P,2026-03-02
B0D9L4T24P,2025-04-28
B0D9L4T24P,2025-05-26
B0D9L4T24P,2025-06-23
B0D9L4T24P,2025-07-21
B0D9L4T24P,2025-08-18
B0D9L4T24P,2025-09-15
B0D9L4T24P,2025-10-13
B0D9L4T24P,2025-11-10
B0D9L4T24P,2025-12-08
B0D9L4T24P,2026-01-05
B0D9L4T24P,2026-02-02
B0D9L4T24P,2026-03-02
B0D9L741BC,2025-04-28
B0D9L741BC,2025-05-26
B0D9L741BC,2025-06-23
B0D9L741BC,2025-07-21
B0D9L741BC,2025-08-18
B0D9L741BC,2025-09-15
B0D9L741BC,2025-10-13
B0D9L741BC,2025-11-10
B0D9L741BC,2025-12-08
B0D9L741BC,2026-01-05
B0D9L741BC,2026-02-02
B0D9L741BC,2026-03-02
B0D9L77NHF,2025-04-28
B0D9L77NHF,2025-05-26
B0D9L77NHF,2025-06-23
B0D9L77NHF,2025-07-21
B0D9L77NHF,2025-08-18
B0D9L77NHF,2025-09-15
B0D9L77NHF,2025-10-13
B0D9L77NHF,2025-11-10
B0D9L77NHF,2025-12-08
B0D9L77NHF,2026-01-05
B0D9L77NHF,2026-02-02
B0D9L77NHF,2026-03-02
B0D9MKGWVB,2025-04-28
B0D9MKGWVB,2025-05-26
B0D9MKGWVB,2025-06-23
B0D9MKGWVB,2025-07-21
B0D9MKGWVB,2025-08-18
B0D9MKGWVB,2025-09-15
B0D9MKGWVB,2025-10-13
B0D9MKGWVB,2025-11-10
B0D9MKGWVB,2025-12-08
B0D9MKGWVB,2026-01-05
B0D9MKGWVB,2026-02-02
B0D9MKGWVB,2026-03-02
B0D9N5F7RD,2025-04-28
B0D9N5F7RD,2025-05-26
B0D9N5F7RD,2025-06-23
B0D9N5F7RD,2025-07-21
B0D9N5F7RD,2025-08-18
B0D9N5F7RD,2025-09-15
B0D9N5F7RD,2025-10-13
B0D9N5F7RD,2025-11-10
B0D9N5F7RD,2025-12-08
B0D9N5F7RD,2026-01-05
B0D9N5F7RD,2026-02-02
B0D9N5F7RD,2026-03-02
B0D9NMXBWF,2025-04-28
B0D9NMXBWF,2025-05-26
B0D9NMXBWF,2025-06-23
B0D9NMXBWF,2025-07-21
B0D9NMXBWF,2025-08-18
B0D9NMXBWF,2025-09-15
B0D9NMXBWF,2025-10-13
B0D9NMXBWF,2025-11-10
B0D9NMXBWF,2025-12-08
B0D9NMXBWF,2026-01-05
B0D9NMXBWF,2026-02-02
B0D9NMXBWF,2026-03-02
B0D9NRMBHD,2025-04-28
B0D9NRMBHD,2025-05-26
B0D9NRMBHD,2025-06-23
B0D9NRMBHD,2025-07-21
B0D9NRMBHD,2025-08-18
B0D9NRMBHD,2025-09-15
B0D9NRMBHD,2025-10-13
B0D9NRMBHD,2025-11-10
B0D9NRMBHD,2025-12-08
B0D9NRMBHD,2026-01-05
B0D9NRMBHD,2026-02-02
B0D9NRMBHD,2026-03-02
B0D9NSRWHF,2025-04-28
B0D9NSRWHF,2025-05-26
B0D9NSRWHF,2025-06-23
B0D9NSRWHF,2025-07-21
B0D9NSRWHF,2025-08-18
B0D9NSRWHF,2025-09-15
B0D9NSRWHF,2025-10-13
B0D9NSRWHF,2025-11-10
B0D9NSRWHF,2025-12-08
B0D9NSRWHF,2026-01-05
B0D9NSRWHF,2026-02-02
B0D9NSRWHF,2026-03-02
B0D9NSW6SF,2025-04-28
B0D9NSW6SF,2025-05-26
B0D9NSW6SF,2025-06-23
B0D9NSW6SF,2025-07-21
B0D9NSW6SF,2025-08-18
B0D9NSW6SF,2025-09-15
B0D9NSW6SF,2025-10-13
B0D9NSW6SF,2025-11-10
B0D9NSW6SF,2025-12-08
B0D9NSW6SF,2026-01-05
B0D9NSW6SF,2026-02-02
B0D9NSW6SF,2026-03-02
B0D9NXN9HM,2025-04-28
B0D9NXN9HM,2025-05-26
B0D9NXN9HM,2025-06-23
B0D9NXN9HM,2025-07-21
B0D9NXN9HM,2025-08-18
B0D9NXN9HM,2025-09-15
B0D9NXN9HM,2025-10-13
B0D9NXN9HM,2025-11-10
B0D9NXN9HM,2025-12-08
B0D9NXN9HM,2026-01-05
B0D9NXN9HM,2026-02-02
B0D9NXN9HM,2026-03-02
B0D9NYTT5G,2025-04-28
B0D9NYTT5G,2025-05-26
B0D9NYTT5G,2025-06-23
B0D9NYTT5G,2025-07-21
B0D9NYTT5G,2025-08-18
B0D9NYTT5G,2025-09-15
B0D9NYTT5G,2025-10-13
B0D9NYTT5G,2025-11-10
B0D9NYTT5G,2025-12-08
B0D9NYTT5G,2026-01-05
B0D9NYTT5G,2026-02-02
B0D9NYTT5G,2026-03-02
B0D9QTMLZ5,2025-04-28
B0D9QTMLZ5,2025-05-26
B0D9QTMLZ5,2025-06-23
B0D9QTMLZ5,2025-07-21
B0D9QTMLZ5,2025-08-18
B0D9QTMLZ5,2025-09-15
B0D9QTMLZ5,2025-10-13
B0D9QTMLZ5,2025-11-10
B0D9QTMLZ5,2025-12-08
B0D9QTMLZ5,2026-01-05
B0D9QTMLZ5,2026-02-02
B0D9QTMLZ5,2026-03-02
B0D9QTY448,2025-04-28
B0D9QTY448,2025-05-26
B0D9QTY448,2025-06-23
B0D9QTY448,2025-07-21
B0D9QTY448,2025-08-18
B0D9QTY448,2025-09-15
B0D9QTY448,2025-10-13
B0D9QTY448,2025-11-10
B0D9QTY448,2025-12-08
B0D9QTY448,2026-01-05
B0D9QTY448,2026-02-02
B0D9QTY448,2026-03-02
B0D9XH7Y3R,2025-04-28
B0D9XH7Y3R,2025-05-26
B0D9XH7Y3R,2025-06-23
B0D9XH7Y3R,2025-07-21
B0D9XH7Y3R,2025-08-18
B0D9XH7Y3R,2025-09-15
B0D9XH7Y3R,2025-10-13
B0D9XH7Y3R,2025-11-10
B0D9XH7Y3R,2025-12-08
B0D9XH7Y3R,2026-01-05
B0D9XH7Y3R,2026-02-02
B0D9XH7Y3R,2026-03-02
B0D9XPGMPJ,2025-04-28
B0D9XPGMPJ,2025-05-26
B0D9XPGMPJ,2025-06-23
B0D9XPGMPJ,2025-07-21
B0D9XPGMPJ,2025-08-18
B0D9XPGMPJ,2025-09-15
B0D9XPGMPJ,2025-10-13
B0D9XPGMPJ,2025-11-10
B0D9XPGMPJ,2025-12-08
B0D9XPGMPJ,2026-01-05
B0D9XPGMPJ,2026-02-02
B0D9XPGMPJ,2026-03-02
B0DB296JNK,2025-04-28
B0DB296JNK,2025-05-26
B0DB296JNK,2025-06-23
B0DB296JNK,2025-07-21
B0DB296JNK,2025-08-18
B0DB296JNK,2025-09-15
B0DB296JNK,2025-10-13
B0DB296JNK,2025-11-10
B0DB296JNK,2025-12-08
B0DB296JNK,2026-01-05
B0DB296JNK,2026-02-02
B0DB296JNK,2026-03-02
B0DB29RF7C,2025-04-28
B0DB29RF7C,2025-05-26
B0DB29RF7C,2025-06-23
B0DB29RF7C,2025-07-21
B0DB29RF7C,2025-08-18
B0DB29RF7C,2025-09-15
B0DB29RF7C,2025-10-13
B0DB29RF7C,2025-11-10
B0DB29RF7C,2025-12-08
B0DB29RF7C,2026-01-05
B0DB29RF7C,2026-02-02
B0DB29RF7C,2026-03-02
B0DB2CMC9V,2025-04-28
B0DB2CMC9V,2025-05-26
B0DB2CMC9V,2025-06-23
B0DB2CMC9V,2025-07-21
B0DB2CMC9V,2025-08-18
B0DB2CMC9V,2025-09-15
B0DB2CMC9V,2025-10-13
B0DB2CMC9V,2025-11-10
B0DB2CMC9V,2025-12-08
B0DB2CMC9V,2026-01-05
B0DB2CMC9V,2026-02-02
B0DB2CMC9V,2026-03-02
B0DB5PXP96,2025-04-28
B0DB5PXP96,2025-05-26
B0DB5PXP96,2025-06-23
B0DB5PXP96,2025-07-21
B0DB5PXP96,2025-08-18
B0DB5PXP96,2025-09-15
B0DB5PXP96,2025-10-13
B0DB5PXP96,2025-11-10
B0DB5PXP96,2025-12-08
B0DB5PXP96,2026-01-05
B0DB5PXP96,2026-02-02
B0DB5PXP96,2026-03-02
B0DBD8QHHN,2025-04-28
B0DBD8QHHN,2025-05-26
B0DBD8QHHN,2025-06-23
B0DBD8QHHN,2025-07-21
B0DBD8QHHN,2025-08-18
B0DBD8QHHN,2025-09-15
B0DBD8QHHN,2025-10-13
B0DBD8QHHN,2025-11-10
B0DBD8QHHN,2025-12-08
B0DBD8QHHN,2026-01-05
B0DBD8QHHN,2026-02-02
B0DBD8QHHN,2026-03-02
B0DBH6G19S,2025-04-28
B0DBH6G19S,2025-05-26
B0DBH6G19S,2025-06-23
B0DBH6G19S,2025-07-21
B0DBH6G19S,2025-08-18
B0DBH6G19S,2025-09-15
B0DBH6G19S,2025-10-13
B0DBH6G19S,2025-11-10
B0DBH6G19S,2025-12-08
B0DBH6G19S,2026-01-05
B0DBH6G19S,2026-02-02
B0DBH6G19S,2026-03-02
B0DBH7CMQL,2025-04-28
B0DBH7CMQL,2025-05-26
B0DBH7CMQL,2025-06-23
B0DBH7CMQL,2025-07-21
B0DBH7CMQL,2025-08-18
B0DBH7CMQL,2025-09-15
B0DBH7CMQL,2025-10-13
B0DBH7CMQL,2025-11-10
B0DBH7CMQL,2025-12-08
B0DBH7CMQL,2026-01-05
B0DBH7CMQL,2026-02-02
B0DBH7CMQL,2026-03-02
B0DBH7G7MG,2025-04-28
B0DBH7G7MG,2025-05-26
B0DBH7G7MG,2025-06-23
B0DBH7G7MG,2025-07-21
B0DBH7G7MG,2025-08-18
B0DBH7G7MG,2025-09-15
B0DBH7G7MG,2025-10-13
B0DBH7G7MG,2025-11-10
B0DBH7G7MG,2025-12-08
B0DBH7G7MG,2026-01-05
B0DBH7G7MG,2026-02-02
B0DBH7G7MG,2026-03-02
B0DBHF1P7W,2025-04-28
B0DBHF1P7W,2025-05-26
B0DBHF1P7W,2025-06-23
B0DBHF1P7W,2025-07-21
B0DBHF1P7W,2025-08-18
B0DBHF1P7W,2025-09-15
B0DBHF1P7W,2025-10-13
B0DBHF1P7W,2025-11-10
B0DBHF1P7W,2025-12-08
B0DBHF1P7W,2026-01-05
B0DBHF1P7W,2026-02-02
B0DBHF1P7W,2026-03-02
B0DBHFM3JX,2025-04-28
B0DBHFM3JX,2025-05-26
B0DBHFM3JX,2025-06-23
B0DBHFM3JX,2025-07-21
B0DBHFM3JX,2025-08-18
B0DBHFM3JX,2025-09-15
B0DBHFM3JX,2025-10-13
B0DBHFM3JX,2025-11-10
B0DBHFM3JX,2025-12-08
B0DBHFM3JX,2026-01-05
B0DBHFM3JX,2026-02-02
B0DBHFM3JX,2026-03-02
B0DBHH166P,2025-04-28
B0DBHH166P,2025-05-26
B0DBHH166P,2025-06-23
B0DBHH166P,2025-07-21
B0DBHH166P,2025-08-18
B0DBHH166P,2025-09-15
B0DBHH166P,2025-10-13
B0DBHH166P,2025-11-10
B0DBHH166P,2025-12-08
B0DBHH166P,2026-01-05
B0DBHH166P,2026-02-02
B0DBHH166P,2026-03-02
B0DBHHXG8H,2025-04-28
B0DBHHXG8H,2025-05-26
B0DBHHXG8H,2025-06-23
B0DBHHXG8H,2025-07-21
B0DBHHXG8H,2025-08-18
B0DBHHXG8H,2025-09-15
B0DBHHXG8H,2025-10-13
B0DBHHXG8H,2025-11-10
B0DBHHXG8H,2025-12-08
B0DBHHXG8H,2026-01-05
B0DBHHXG8H,2026-02-02
B0DBHHXG8H,2026-03-02
B0DBHVQ5M8,2025-04-28
B0DBHVQ5M8,2025-05-26
B0DBHVQ5M8,2025-06-23
B0DBHVQ5M8,2025-07-21
B0DBHVQ5M8,2025-08-18
B0DBHVQ5M8,2025-09-15
B0DBHVQ5M8,2025-10-13
B0DBHVQ5M8,2025-11-10
B0DBHVQ5M8,2025-12-08
B0DBHVQ5M8,2026-01-05
B0DBHVQ5M8,2026-02-02
B0DBHVQ5M8,2026-03-02
B0DBLC9BNJ,2025-04-28
B0DBLC9BNJ,2025-05-26
B0DBLC9BNJ,2025-06-23
B0DBLC9BNJ,2025-07-21
B0DBLC9BNJ,2025-08-18
B0DBLC9BNJ,2025-09-15
B0DBLC9BNJ,2025-10-13
B0DBLC9BNJ,2025-11-10
B0DBLC9BNJ,2025-12-08
B0DBLC9BNJ,2026-01-05
B0DBLC9BNJ,2026-02-02
B0DBLC9BNJ,2026-03-02
B0DBLCLHC3,2025-04-28
B0DBLCLHC3,2025-05-26
B0DBLCLHC3,2025-06-23
B0DBLCLHC3,2025-07-21
B0DBLCLHC3,2025-08-18
B0DBLCLHC3,2025-09-15
B0DBLCLHC3,2025-10-13
B0DBLCLHC3,2025-11-10
B0DBLCLHC3,2025-12-08
B0DBLCLHC3,2026-01-05
B0DBLCLHC3,2026-02-02
B0DBLCLHC3,2026-03-02
B0DBLGWCGS,2025-04-28
B0DBLGWCGS,2025-05-26
B0DBLGWCGS,2025-06-23
B0DBLGWCGS,2025-07-21
B0DBLGWCGS,2025-08-18
B0DBLGWCGS,2025-09-15
B0DBLGWCGS,2025-10-13
B0DBLGWCGS,2025-11-10
B0DBLGWCGS,2025-12-08
B0DBLGWCGS,2026-01-05
B0DBLGWCGS,2026-02-02
B0DBLGWCGS,2026-03-02
B0DBYVM56M,2025-04-28
B0DBYVM56M,2025-05-26
B0DBYVM56M,2025-06-23
B0DBYVM56M,2025-07-21
B0DBYVM56M,2025-08-18
B0DBYVM56M,2025-09-15
B0DBYVM56M,2025-10-13
B0DBYVM56M,2025-11-10
B0DBYVM56M,2025-12-08
B0DBYVM56M,2026-01-05
B0DBYVM56M,2026-02-02
B0DBYVM56M,2026-03-02
B0DBYVVM29,2025-04-28
B0DBYVVM29,2025-05-26
B0DBYVVM29,2025-06-23
B0DBYVVM29,2025-07-21
B0DBYVVM29,2025-08-18
B0DBYVVM29,2025-09-15
B0DBYVVM29,2025-10-13
B0DBYVVM29,2025-11-10
B0DBYVVM29,2025-12-08
B0DBYVVM29,2026-01-05
B0DBYVVM29,2026-02-02
B0DBYVVM29,2026-03-02
B0DBZ1LFZC,2025-04-28
B0DBZ1LFZC,2025-05-26
B0DBZ1LFZC,2025-06-23
B0DBZ1LFZC,2025-07-21
B0DBZ1LFZC,2025-08-18
B0DBZ1LFZC,2025-09-15
B0DBZ1LFZC,2025-10-13
B0DBZ1LFZC,2025-11-10
B0DBZ1LFZC,2025-12-08
B0DBZ1LFZC,2026-01-05
B0DBZ1LFZC,2026-02-02
B0DBZ1LFZC,2026-03-02
B0DBZ8HSZX,2025-04-28
B0DBZ8HSZX,2025-05-26
B0DBZ8HSZX,2025-06-23
B0DBZ8HSZX,2025-07-21
B0DBZ8HSZX,2025-08-18
B0DBZ8HSZX,2025-09-15
B0DBZ8HSZX,2025-10-13
B0DBZ8HSZX,2025-11-10
B0DBZ8HSZX,2025-12-08
B0DBZ8HSZX,2026-01-05
B0DBZ8HSZX,2026-02-02
B0DBZ8HSZX,2026-03-02
B0DC1PGNBW,2025-04-28
B0DC1PGNBW,2025-05-26
B0DC1PGNBW,2025-06-23
B0DC1PGNBW,2025-07-21
B0DC1PGNBW,2025-08-18
B0DC1PGNBW,2025-09-15
B0DC1PGNBW,2025-10-13
B0DC1PGNBW,2025-11-10
B0DC1PGNBW,2025-12-08
B0DC1PGNBW,2026-01-05
B0DC1PGNBW,2026-02-02
B0DC1PGNBW,2026-03-02
B0DC2SW5FD,2025-04-28
B0DC2SW5FD,2025-05-26
B0DC2SW5FD,2025-06-23
B0DC2SW5FD,2025-07-21
B0DC2SW5FD,2025-08-18
B0DC2SW5FD,2025-09-15
B0DC2SW5FD,2025-10-13
B0DC2SW5FD,2025-11-10
B0DC2SW5FD,2025-12-08
B0DC2SW5FD,2026-01-05
B0DC2SW5FD,2026-02-02
B0DC2SW5FD,2026-03-02
B0DC2WDQ4C,2025-04-28
B0DC2WDQ4C,2025-05-26
B0DC2WDQ4C,2025-06-23
B0DC2WDQ4C,2025-07-21
B0DC2WDQ4C,2025-08-18
B0DC2WDQ4C,2025-09-15
B0DC2WDQ4C,2025-10-13
B0DC2WDQ4C,2025-11-10
B0DC2WDQ4C,2025-12-08
B0DC2WDQ4C,2026-01-05
B0DC2WDQ4C,2026-02-02
B0DC2WDQ4C,2026-03-02
B0DC393ZLL,2025-04-28
B0DC393ZLL,2025-05-26
B0DC393ZLL,2025-06-23
B0DC393ZLL,2025-07-21
B0DC393ZLL,2025-08-18
B0DC393ZLL,2025-09-15
B0DC393ZLL,2025-10-13
B0DC393ZLL,2025-11-10
B0DC393ZLL,2025-12-08
B0DC393ZLL,2026-01-05
B0DC393ZLL,2026-02-02
B0DC393ZLL,2026-03-02
B0DC3C4GRV,2025-04-28
B0DC3C4GRV,2025-05-26
B0DC3C4GRV,2025-06-23
B0DC3C4GRV,2025-07-21
B0DC3C4GRV,2025-08-18
B0DC3C4GRV,2025-09-15
B0DC3C4GRV,2025-10-13
B0DC3C4GRV,2025-11-10
B0DC3C4GRV,2025-12-08
B0DC3C4GRV,2026-01-05
B0DC3C4GRV,2026-02-02
B0DC3C4GRV,2026-03-02
B0DC51MSMF,2025-04-28
B0DC51MSMF,2025-05-26
B0DC51MSMF,2025-06-23
B0DC51MSMF,2025-07-21
B0DC51MSMF,2025-08-18
B0DC51MSMF,2025-09-15
B0DC51MSMF,2025-10-13
B0DC51MSMF,2025-11-10
B0DC51MSMF,2025-12-08
B0DC51MSMF,2026-01-05
B0DC51MSMF,2026-02-02
B0DC51MSMF,2026-03-02
B0DC51PF8S,2025-04-28
B0DC51PF8S,2025-05-26
B0DC51PF8S,2025-06-23
B0DC51PF8S,2025-07-21
B0DC51PF8S,2025-08-18
B0DC51PF8S,2025-09-15
B0DC51PF8S,2025-10-13
B0DC51PF8S,2025-11-10
B0DC51PF8S,2025-12-08
B0DC51PF8S,2026-01-05
B0DC51PF8S,2026-02-02
B0DC51PF8S,2026-03-02
B0DC74BMVR,2025-04-28
B0DC74BMVR,2025-05-26
B0DC74BMVR,2025-06-23
B0DC74BMVR,2025-07-21
B0DC74BMVR,2025-08-18
B0DC74BMVR,2025-09-15
B0DC74BMVR,2025-10-13
B0DC74BMVR,2025-11-10
B0DC74BMVR,2025-12-08
B0DC74BMVR,2026-01-05
B0DC74BMVR,2026-02-02
B0DC74BMVR,2026-03-02
B0DC91PKK7,2025-04-28
B0DC91PKK7,2025-05-26
B0DC91PKK7,2025-06-23
B0DC91PKK7,2025-07-21
B0DC91PKK7,2025-08-18
B0DC91PKK7,2025-09-15
B0DC91PKK7,2025-10-13
B0DC91PKK7,2025-11-10
B0DC91PKK7,2025-12-08
B0DC91PKK7,2026-01-05
B0DC91PKK7,2026-02-02
B0DC91PKK7,2026-03-02
B0DC9N16N2,2025-04-28
B0DC9N16N2,2025-05-26
B0DC9N16N2,2025-06-23
B0DC9N16N2,2025-07-21
B0DC9N16N2,2025-08-18
B0DC9N16N2,2025-09-15
B0DC9N16N2,2025-10-13
B0DC9N16N2,2025-11-10
B0DC9N16N2,2025-12-08
B0DC9N16N2,2026-01-05
B0DC9N16N2,2026-02-02
B0DC9N16N2,2026-03-02
B0DCB6DLP9,2025-04-28
B0DCB6DLP9,2025-05-26
B0DCB6DLP9,2025-06-23
B0DCB6DLP9,2025-07-21
B0DCB6DLP9,2025-08-18
B0DCB6DLP9,2025-09-15
B0DCB6DLP9,2025-10-13
B0DCB6DLP9,2025-11-10
B0DCB6DLP9,2025-12-08
B0DCB6DLP9,2026-01-05
B0DCB6DLP9,2026-02-02
B0DCB6DLP9,2026-03-02
B0DCBP9L6L,2025-04-28
B0DCBP9L6L,2025-05-26
B0DCBP9L6L,2025-06-23
B0DCBP9L6L,2025-07-21
B0DCBP9L6L,2025-08-18
B0DCBP9L6L,2025-09-15
B0DCBP9L6L,2025-10-13
B0DCBP9L6L,2025-11-10
B0DCBP9L6L,2025-12-08
B0DCBP9L6L,2026-01-05
B0DCBP9L6L,2026-02-02
B0DCBP9L6L,2026-03-02
B0DCBQ637Z,2025-04-28
B0DCBQ637Z,2025-05-26
B0DCBQ637Z,2025-06-23
B0DCBQ637Z,2025-07-21
B0DCBQ637Z,2025-08-18
B0DCBQ637Z,2025-09-15
B0DCBQ637Z,2025-10-13
B0DCBQ637Z,2025-11-10
B0DCBQ637Z,2025-12-08
B0DCBQ637Z,2026-01-05
B0DCBQ637Z,2026-02-02
B0DCBQ637Z,2026-03-02
B0DCBSMTQ9,2025-04-28
B0DCBSMTQ9,2025-05-26
B0DCBSMTQ9,2025-06-23
B0DCBSMTQ9,2025-07-21
B0DCBSMTQ9,2025-08-18
B0DCBSMTQ9,2025-09-15
B0DCBSMTQ9,2025-10-13
B0DCBSMTQ9,2025-11-10
B0DCBSMTQ9,2025-12-08
B0DCBSMTQ9,2026-01-05
B0DCBSMTQ9,2026-02-02
B0DCBSMTQ9,2026-03-02
B0DCBSS5M3,2025-04-28
B0DCBSS5M3,2025-05-26
B0DCBSS5M3,2025-06-23
B0DCBSS5M3,2025-07-21
B0DCBSS5M3,2025-08-18
B0DCBSS5M3,2025-09-15
B0DCBSS5M3,2025-10-13
B0DCBSS5M3,2025-11-10
B0DCBSS5M3,2025-12-08
B0DCBSS5M3,2026-01-05
B0DCBSS5M3,2026-02-02
B0DCBSS5M3,2026-03-02
B0DCJPJ35P,2025-04-28
B0DCJPJ35P,2025-05-26
B0DCJPJ35P,2025-06-23
B0DCJPJ35P,2025-07-21
B0DCJPJ35P,2025-08-18
B0DCJPJ35P,2025-09-15
B0DCJPJ35P,2025-10-13
B0DCJPJ35P,2025-11-10
B0DCJPJ35P,2025-12-08
B0DCJPJ35P,2026-01-05
B0DCJPJ35P,2026-02-02
B0DCJPJ35P,2026-03-02
B0DCJQYZY2,2025-04-28
B0DCJQYZY2,2025-05-26
B0DCJQYZY2,2025-06-23
B0DCJQYZY2,2025-07-21
B0DCJQYZY2,2025-08-18
B0DCJQYZY2,2025-09-15
B0DCJQYZY2,2025-10-13
B0DCJQYZY2,2025-11-10
B0DCJQYZY2,2025-12-08
B0DCJQYZY2,2026-01-05
B0DCJQYZY2,2026-02-02
B0DCJQYZY2,2026-03-02
B0DCJR1J43,2025-04-28
B0DCJR1J43,2025-05-26
B0DCJR1J43,2025-06-23
B0DCJR1J43,2025-07-21
B0DCJR1J43,2025-08-18
B0DCJR1J43,2025-09-15
B0DCJR1J43,2025-10-13
B0DCJR1J43,2025-11-10
B0DCJR1J43,2025-12-08
B0DCJR1J43,2026-01-05
B0DCJR1J43,2026-02-02
B0DCJR1J43,2026-03-02
B0DCP8PVJQ,2025-04-28
B0DCP8PVJQ,2025-05-26
B0DCP8PVJQ,2025-06-23
B0DCP8PVJQ,2025-07-21
B0DCP8PVJQ,2025-08-18
B0DCP8PVJQ,2025-09-15
B0DCP8PVJQ,2025-10-13
B0DCP8PVJQ,2025-11-10
B0DCP8PVJQ,2025-12-08
B0DCP8PVJQ,2026-01-05
B0DCP8PVJQ,2026-02-02
B0DCP8PVJQ,2026-03-02
B0DCPS8JP7,2025-04-28
B0DCPS8JP7,2025-05-26
B0DCPS8JP7,2025-06-23
B0DCPS8JP7,2025-07-21
B0DCPS8JP7,2025-08-18
B0DCPS8JP7,2025-09-15
B0DCPS8JP7,2025-10-13
B0DCPS8JP7,2025-11-10
B0DCPS8JP7,2025-12-08
B0DCPS8JP7,2026-01-05
B0DCPS8JP7,2026-02-02
B0DCPS8JP7,2026-03-02
B0DCVC843G,2025-04-28
B0DCVC843G,2025-05-26
B0DCVC843G,2025-06-23
B0DCVC843G,2025-07-21
B0DCVC843G,2025-08-18
B0DCVC843G,2025-09-15
B0DCVC843G,2025-10-13
B0DCVC843G,2025-11-10
B0DCVC843G,2025-12-08
B0DCVC843G,2026-01-05
B0DCVC843G,2026-02-02
B0DCVC843G,2026-03-02
B0DCVX3KC7,2025-04-28
B0DCVX3KC7,2025-05-26
B0DCVX3KC7,2025-06-23
B0DCVX3KC7,2025-07-21
B0DCVX3KC7,2025-08-18
B0DCVX3KC7,2025-09-15
B0DCVX3KC7,2025-10-13
B0DCVX3KC7,2025-11-10
B0DCVX3KC7,2025-12-08
B0DCVX3KC7,2026-01-05
B0DCVX3KC7,2026-02-02
B0DCVX3KC7,2026-03-02
B0DCW69T6G,2025-04-28
B0DCW69T6G,2025-05-26
B0DCW69T6G,2025-06-23
B0DCW69T6G,2025-07-21
B0DCW69T6G,2025-08-18
B0DCW69T6G,2025-09-15
B0DCW69T6G,2025-10-13
B0DCW69T6G,2025-11-10
B0DCW69T6G,2025-12-08
B0DCW69T6G,2026-01-05
B0DCW69T6G,2026-02-02
B0DCW69T6G,2026-03-02
B0DD22HG4F,2025-04-28
B0DD22HG4F,2025-05-26
B0DD22HG4F,2025-06-23
B0DD22HG4F,2025-07-21
B0DD22HG4F,2025-08-18
B0DD22HG4F,2025-09-15
B0DD22HG4F,2025-10-13
B0DD22HG4F,2025-11-10
B0DD22HG4F,2025-12-08
B0DD22HG4F,2026-01-05
B0DD22HG4F,2026-02-02
B0DD22HG4F,2026-03-02
B0DD2VT4P5,2025-04-28
B0DD2VT4P5,2025-05-26
B0DD2VT4P5,2025-06-23
B0DD2VT4P5,2025-07-21
B0DD2VT4P5,2025-08-18
B0DD2VT4P5,2025-09-15
B0DD2VT4P5,2025-10-13
B0DD2VT4P5,2025-11-10
B0DD2VT4P5,2025-12-08
B0DD2VT4P5,2026-01-05
B0DD2VT4P5,2026-02-02
B0DD2VT4P5,2026-03-02
B0DD388FM8,2025-04-28
B0DD388FM8,2025-05-26
B0DD388FM8,2025-06-23
B0DD388FM8,2025-07-21
B0DD388FM8,2025-08-18
B0DD388FM8,2025-09-15
B0DD388FM8,2025-10-13
B0DD388FM8,2025-11-10
B0DD388FM8,2025-12-08
B0DD388FM8,2026-01-05
B0DD388FM8,2026-02-02
B0DD388FM8,2026-03-02
B0DD38HTP3,2025-04-28
B0DD38HTP3,2025-05-26
B0DD38HTP3,2025-06-23
B0DD38HTP3,2025-07-21
B0DD38HTP3,2025-08-18
B0DD38HTP3,2025-09-15
B0DD38HTP3,2025-10-13
B0DD38HTP3,2025-11-10
B0DD38HTP3,2025-12-08
B0DD38HTP3,2026-01-05
B0DD38HTP3,2026-02-02
B0DD38HTP3,2026-03-02
B0DD39DX1R,2025-04-28
B0DD39DX1R,2025-05-26
B0DD39DX1R,2025-06-23
B0DD39DX1R,2025-07-21
B0DD39DX1R,2025-08-18
B0DD39DX1R,2025-09-15
B0DD39DX1R,2025-10-13
B0DD39DX1R,2025-11-10
B0DD39DX1R,2025-12-08
B0DD39DX1R,2026-01-05
B0DD39DX1R,2026-02-02
B0DD39DX1R,2026-03-02
B0DD3WTL4B,2025-04-28
B0DD3WTL4B,2025-05-26
B0DD3WTL4B,2025-06-23
B0DD3WTL4B,2025-07-21
B0DD3WTL4B,2025-08-18
B0DD3WTL4B,2025-09-15
B0DD3WTL4B,2025-10-13
B0DD3WTL4B,2025-11-10
B0DD3WTL4B,2025-12-08
B0DD3WTL4B,2026-01-05
B0DD3WTL4B,2026-02-02
B0DD3WTL4B,2026-03-02
B0DD3YXQP4,2025-04-28
B0DD3YXQP4,2025-05-26
B0DD3YXQP4,2025-06-23
B0DD3YXQP4,2025-07-21
B0DD3YXQP4,2025-08-18
B0DD3YXQP4,2025-09-15
B0DD3YXQP4,2025-10-13
B0DD3YXQP4,2025-11-10
B0DD3YXQP4,2025-12-08
B0DD3YXQP4,2026-01-05
B0DD3YXQP4,2026-02-02
B0DD3YXQP4,2026-03-02
B0DD6JTFJL,2025-04-28
B0DD6JTFJL,2025-05-26
B0DD6JTFJL,2025-06-23
B0DD6JTFJL,2025-07-21
B0DD6JTFJL,2025-08-18
B0DD6JTFJL,2025-09-15
B0DD6JTFJL,2025-10-13
B0DD6JTFJL,2025-11-10
B0DD6JTFJL,2025-12-08
B0DD6JTFJL,2026-01-05
B0DD6JTFJL,2026-02-02
B0DD6JTFJL,2026-03-02
B0DD6L84T5,2025-04-28
B0DD6L84T5,2025-05-26
B0DD6L84T5,2025-06-23
B0DD6L84T5,2025-07-21
B0DD6L84T5,2025-08-18
B0DD6L84T5,2025-09-15
B0DD6L84T5,2025-10-13
B0DD6L84T5,2025-11-10
B0DD6L84T5,2025-12-08
B0DD6L84T5,2026-01-05
B0DD6L84T5,2026-02-02
B0DD6L84T5,2026-03-02
B0DD738BM9,2025-04-28
B0DD738BM9,2025-05-26
B0DD738BM9,2025-06-23
B0DD738BM9,2025-07-21
B0DD738BM9,2025-08-18
B0DD738BM9,2025-09-15
B0DD738BM9,2025-10-13
B0DD738BM9,2025-11-10
B0DD738BM9,2025-12-08
B0DD738BM9,2026-01-05
B0DD738BM9,2026-02-02
B0DD738BM9,2026-03-02
B0DD7BH7CP,2025-04-28
B0DD7BH7CP,2025-05-26
B0DD7BH7CP,2025-06-23
B0DD7BH7CP,2025-07-21
B0DD7BH7CP,2025-08-18
B0DD7BH7CP,2025-09-15
B0DD7BH7CP,2025-10-13
B0DD7BH7CP,2025-11-10
B0DD7BH7CP,2025-12-08
B0DD7BH7CP,2026-01-05
B0DD7BH7CP,2026-02-02
B0DD7BH7CP,2026-03-02
B0DD7CDDGJ,2025-04-28
B0DD7CDDGJ,2025-05-26
B0DD7CDDGJ,2025-06-23
B0DD7CDDGJ,2025-07-21
B0DD7CDDGJ,2025-08-18
B0DD7CDDGJ,2025-09-15
B0DD7CDDGJ,2025-10-13
B0DD7CDDGJ,2025-11-10
B0DD7CDDGJ,2025-12-08
B0DD7CDDGJ,2026-01-05
B0DD7CDDGJ,2026-02-02
B0DD7CDDGJ,2026-03-02
B0DD7DVB8Y,2025-04-28
B0DD7DVB8Y,2025-05-26
B0DD7DVB8Y,2025-06-23
B0DD7DVB8Y,2025-07-21
B0DD7DVB8Y,2025-08-18
B0DD7DVB8Y,2025-09-15
B0DD7DVB8Y,2025-10-13
B0DD7DVB8Y,2025-11-10
B0DD7DVB8Y,2025-12-08
B0DD7DVB8Y,2026-01-05
B0DD7DVB8Y,2026-02-02
B0DD7DVB8Y,2026-03-02
B0DD7GF7P9,2025-04-28
B0DD7GF7P9,2025-05-26
B0DD7GF7P9,2025-06-23
B0DD7GF7P9,2025-07-21
B0DD7GF7P9,2025-08-18
B0DD7GF7P9,2025-09-15
B0DD7GF7P9,2025-10-13
B0DD7GF7P9,2025-11-10
B0DD7GF7P9,2025-12-08
B0DD7GF7P9,2026-01-05
B0DD7GF7P9,2026-02-02
B0DD7GF7P9,2026-03-02
B0DD7GMRQ8,2025-04-28
B0DD7GMRQ8,2025-05-26
B0DD7GMRQ8,2025-06-23
B0DD7GMRQ8,2025-07-21
B0DD7GMRQ8,2025-08-18
B0DD7GMRQ8,2025-09-15
B0DD7GMRQ8,2025-10-13
B0DD7GMRQ8,2025-11-10
B0DD7GMRQ8,2025-12-08
B0DD7GMRQ8,2026-01-05
B0DD7GMRQ8,2026-02-02
B0DD7GMRQ8,2026-03-02
B0DD7J4BC6,2025-04-28
B0DD7J4BC6,2025-05-26
B0DD7J4BC6,2025-06-23
B0DD7J4BC6,2025-07-21
B0DD7J4BC6,2025-08-18
B0DD7J4BC6,2025-09-15
B0DD7J4BC6,2025-10-13
B0DD7J4BC6,2025-11-10
B0DD7J4BC6,2025-12-08
B0DD7J4BC6,2026-01-05
B0DD7J4BC6,2026-02-02
B0DD7J4BC6,2026-03-02
B0DD7J5PN4,2025-04-28
B0DD7J5PN4,2025-05-26
B0DD7J5PN4,2025-06-23
B0DD7J5PN4,2025-07-21
B0DD7J5PN4,2025-08-18
B0DD7J5PN4,2025-09-15
B0DD7J5PN4,2025-10-13
B0DD7J5PN4,2025-11-10
B0DD7J5PN4,2025-12-08
B0DD7J5PN4,2026-01-05
B0DD7J5PN4,2026-02-02
B0DD7J5PN4,2026-03-02
B0DD7JNZS1,2025-04-28
B0DD7JNZS1,2025-05-26
B0DD7JNZS1,2025-06-23
B0DD7JNZS1,2025-07-21
B0DD7JNZS1,2025-08-18
B0DD7JNZS1,2025-09-15
B0DD7JNZS1,2025-10-13
B0DD7JNZS1,2025-11-10
B0DD7JNZS1,2025-12-08
B0DD7JNZS1,2026-01-05
B0DD7JNZS1,2026-02-02
B0DD7JNZS1,2026-03-02
B0DDC9XCMF,2025-04-28
B0DDC9XCMF,2025-05-26
B0DDC9XCMF,2025-06-23
B0DDC9XCMF,2025-07-21
B0DDC9XCMF,2025-08-18
B0DDC9XCMF,2025-09-15
B0DDC9XCMF,2025-10-13
B0DDC9XCMF,2025-11-10
B0DDC9XCMF,2025-12-08
B0DDC9XCMF,2026-01-05
B0DDC9XCMF,2026-02-02
B0DDC9XCMF,2026-03-02
B0DDFLDG4Q,2025-04-28
B0DDFLDG4Q,2025-05-26
B0DDFLDG4Q,2025-06-23
B0DDFLDG4Q,2025-07-21
B0DDFLDG4Q,2025-08-18
B0DDFLDG4Q,2025-09-15
B0DDFLDG4Q,2025-10-13
B0DDFLDG4Q,2025-11-10
B0DDFLDG4Q,2025-12-08
B0DDFLDG4Q,2026-01-05
B0DDFLDG4Q,2026-02-02
B0DDFLDG4Q,2026-03-02
B0DDFQKM2G,2025-04-28
B0DDFQKM2G,2025-05-26
B0DDFQKM2G,2025-06-23
B0DDFQKM2G,2025-07-21
B0DDFQKM2G,2025-08-18
B0DDFQKM2G,2025-09-15
B0DDFQKM2G,2025-10-13
B0DDFQKM2G,2025-11-10
B0DDFQKM2G,2025-12-08
B0DDFQKM2G,2026-01-05
B0DDFQKM2G,2026-02-02
B0DDFQKM2G,2026-03-02
B0DDGY9Y4M,2025-04-28
B0DDGY9Y4M,2025-05-26
B0DDGY9Y4M,2025-06-23
B0DDGY9Y4M,2025-07-21
B0DDGY9Y4M,2025-08-18
B0DDGY9Y4M,2025-09-15
B0DDGY9Y4M,2025-10-13
B0DDGY9Y4M,2025-11-10
B0DDGY9Y4M,2025-12-08
B0DDGY9Y4M,2026-01-05
B0DDGY9Y4M,2026-02-02
B0DDGY9Y4M,2026-03-02
B0DDKX3RMG,2025-04-28
B0DDKX3RMG,2025-05-26
B0DDKX3RMG,2025-06-23
B0DDKX3RMG,2025-07-21
B0DDKX3RMG,2025-08-18
B0DDKX3RMG,2025-09-15
B0DDKX3RMG,2025-10-13
B0DDKX3RMG,2025-11-10
B0DDKX3RMG,2025-12-08
B0DDKX3RMG,2026-01-05
B0DDKX3RMG,2026-02-02
B0DDKX3RMG,2026-03-02
B0DDKZ1FXB,2025-04-28
B0DDKZ1FXB,2025-05-26
B0DDKZ1FXB,2025-06-23
B0DDKZ1FXB,2025-07-21
B0DDKZ1FXB,2025-08-18
B0DDKZ1FXB,2025-09-15
B0DDKZ1FXB,2025-10-13
B0DDKZ1FXB,2025-11-10
B0DDKZ1FXB,2025-12-08
B0DDKZ1FXB,2026-01-05
B0DDKZ1FXB,2026-02-02
B0DDKZ1FXB,2026-03-02
B0DDNG78RF,2025-04-28
B0DDNG78RF,2025-05-26
B0DDNG78RF,2025-06-23
B0DDNG78RF,2025-07-21
B0DDNG78RF,2025-08-18
B0DDNG78RF,2025-09-15
B0DDNG78RF,2025-10-13
B0DDNG78RF,2025-11-10
B0DDNG78RF,2025-12-08
B0DDNG78RF,2026-01-05
B0DDNG78RF,2026-02-02
B0DDNG78RF,2026-03-02
B0DDNQNJD9,2025-04-28
B0DDNQNJD9,2025-05-26
B0DDNQNJD9,2025-06-23
B0DDNQNJD9,2025-07-21
B0DDNQNJD9,2025-08-18
B0DDNQNJD9,2025-09-15
B0DDNQNJD9,2025-10-13
B0DDNQNJD9,2025-11-10
B0DDNQNJD9,2025-12-08
B0DDNQNJD9,2026-01-05
B0DDNQNJD9,2026-02-02
B0DDNQNJD9,2026-03-02
B0DDPHFM36,2025-04-28
B0DDPHFM36,2025-05-26
B0DDPHFM36,2025-06-23
B0DDPHFM36,2025-07-21
B0DDPHFM36,2025-08-18
B0DDPHFM36,2025-09-15
B0DDPHFM36,2025-10-13
B0DDPHFM36,2025-11-10
B0DDPHFM36,2025-12-08
B0DDPHFM36,2026-01-05
B0DDPHFM36,2026-02-02
B0DDPHFM36,2026-03-02
B0DDTSSGFP,2025-04-28
B0DDTSSGFP,2025-05-26
B0DDTSSGFP,2025-06-23
B0DDTSSGFP,2025-07-21
B0DDTSSGFP,2025-08-18
B0DDTSSGFP,2025-09-15
B0DDTSSGFP,2025-10-13
B0DDTSSGFP,2025-11-10
B0DDTSSGFP,2025-12-08
B0DDTSSGFP,2026-01-05
B0DDTSSGFP,2026-02-02
B0DDTSSGFP,2026-03-02
B0DDTTMHXS,2025-04-28
B0DDTTMHXS,2025-05-26
B0DDTTMHXS,2025-06-23
B0DDTTMHXS,2025-07-21
B0DDTTMHXS,2025-08-18
B0DDTTMHXS,2025-09-15
B0DDTTMHXS,2025-10-13
B0DDTTMHXS,2025-11-10
B0DDTTMHXS,2025-12-08
B0DDTTMHXS,2026-01-05
B0DDTTMHXS,2026-02-02
B0DDTTMHXS,2026-03-02
B0DDTVXTMP,2025-04-28
B0DDTVXTMP,2025-05-26
B0DDTVXTMP,2025-06-23
B0DDTVXTMP,2025-07-21
B0DDTVXTMP,2025-08-18
B0DDTVXTMP,2025-09-15
B0DDTVXTMP,2025-10-13
B0DDTVXTMP,2025-11-10
B0DDTVXTMP,2025-12-08
B0DDTVXTMP,2026-01-05
B0DDTVXTMP,2026-02-02
B0DDTVXTMP,2026-03-02
B0DDTWT9JB,2025-04-28
B0DDTWT9JB,2025-05-26
B0DDTWT9JB,2025-06-23
B0DDTWT9JB,2025-07-21
B0DDTWT9JB,2025-08-18
B0DDTWT9JB,2025-09-15
B0DDTWT9JB,2025-10-13
B0DDTWT9JB,2025-11-10
B0DDTWT9JB,2025-12-08
B0DDTWT9JB,2026-01-05
B0DDTWT9JB,2026-02-02
B0DDTWT9JB,2026-03-02
B0DF1BXKXM,2025-04-28
B0DF1BXKXM,2025-05-26
B0DF1BXKXM,2025-06-23
B0DF1BXKXM,2025-07-21
B0DF1BXKXM,2025-08-18
B0DF1BXKXM,2025-09-15
B0DF1BXKXM,2025-10-13
B0DF1BXKXM,2025-11-10
B0DF1BXKXM,2025-12-08
B0DF1BXKXM,2026-01-05
B0DF1BXKXM,2026-02-02
B0DF1BXKXM,2026-03-02
B0DF1RNTQZ,2025-04-28
B0DF1RNTQZ,2025-05-26
B0DF1RNTQZ,2025-06-23
B0DF1RNTQZ,2025-07-21
B0DF1RNTQZ,2025-08-18
B0DF1RNTQZ,2025-09-15
B0DF1RNTQZ,2025-10-13
B0DF1RNTQZ,2025-11-10
B0DF1RNTQZ,2025-12-08
B0DF1RNTQZ,2026-01-05
B0DF1RNTQZ,2026-02-02
B0DF1RNTQZ,2026-03-02
B0DF1WTDR4,2025-04-28
B0DF1WTDR4,2025-05-26
B0DF1WTDR4,2025-06-23
B0DF1WTDR4,2025-07-21
B0DF1WTDR4,2025-08-18
B0DF1WTDR4,2025-09-15
B0DF1WTDR4,2025-10-13
B0DF1WTDR4,2025-11-10
B0DF1WTDR4,2025-12-08
B0DF1WTDR4,2026-01-05
B0DF1WTDR4,2026-02-02
B0DF1WTDR4,2026-03-02
B0DF34KHDX,2025-04-28
B0DF34KHDX,2025-05-26
B0DF34KHDX,2025-06-23
B0DF34KHDX,2025-07-21
B0DF34KHDX,2025-08-18
B0DF34KHDX,2025-09-15
B0DF34KHDX,2025-10-13
B0DF34KHDX,2025-11-10
B0DF34KHDX,2025-12-08
B0DF34KHDX,2026-01-05
B0DF34KHDX,2026-02-02
B0DF34KHDX,2026-03-02
B0DFB58GL7,2025-04-28
B0DFB58GL7,2025-05-26
B0DFB58GL7,2025-06-23
B0DFB58GL7,2025-07-21
B0DFB58GL7,2025-08-18
B0DFB58GL7,2025-09-15
B0DFB58GL7,2025-10-13
B0DFB58GL7,2025-11-10
B0DFB58GL7,2025-12-08
B0DFB58GL7,2026-01-05
B0DFB58GL7,2026-02-02
B0DFB58GL7,2026-03-02
B0DFBQS927,2025-04-28
B0DFBQS927,2025-05-26
B0DFBQS927,2025-06-23
B0DFBQS927,2025-07-21
B0DFBQS927,2025-08-18
B0DFBQS927,2025-09-15
B0DFBQS927,2025-10-13
B0DFBQS927,2025-11-10
B0DFBQS927,2025-12-08
B0DFBQS927,2026-01-05
B0DFBQS927,2026-02-02
B0DFBQS927,2026-03-02
B0DFC8H1P2,2025-04-28
B0DFC8H1P2,2025-05-26
B0DFC8H1P2,2025-06-23
B0DFC8H1P2,2025-07-21
B0DFC8H1P2,2025-08-18
B0DFC8H1P2,2025-09-15
B0DFC8H1P2,2025-10-13
B0DFC8H1P2,2025-11-10
B0DFC8H1P2,2025-12-08
B0DFC8H1P2,2026-01-05
B0DFC8H1P2,2026-02-02
B0DFC8H1P2,2026-03-02
B0DFHB6GYK,2025-04-28
B0DFHB6GYK,2025-05-26
B0DFHB6GYK,2025-06-23
B0DFHB6GYK,2025-07-21
B0DFHB6GYK,2025-08-18
B0DFHB6GYK,2025-09-15
B0DFHB6GYK,2025-10-13
B0DFHB6GYK,2025-11-10
B0DFHB6GYK,2025-12-08
B0DFHB6GYK,2026-01-05
B0DFHB6GYK,2026-02-02
B0DFHB6GYK,2026-03-02
B0DFLS15JR,2025-04-28
B0DFLS15JR,2025-05-26
B0DFLS15JR,2025-06-23
B0DFLS15JR,2025-07-21
B0DFLS15JR,2025-08-18
B0DFLS15JR,2025-09-15
B0DFLS15JR,2025-10-13
B0DFLS15JR,2025-11-10
B0DFLS15JR,2025-12-08
B0DFLS15JR,2026-01-05
B0DFLS15JR,2026-02-02
B0DFLS15JR,2026-03-02
B0DFMSR61P,2025-04-28
B0DFMSR61P,2025-05-26
B0DFMSR61P,2025-06-23
B0DFMSR61P,2025-07-21
B0DFMSR61P,2025-08-18
B0DFMSR61P,2025-09-15
B0DFMSR61P,2025-10-13
B0DFMSR61P,2025-11-10
B0DFMSR61P,2025-12-08
B0DFMSR61P,2026-01-05
B0DFMSR61P,2026-02-02
B0DFMSR61P,2026-03-02
B0DFPRX3CM,2025-04-28
B0DFPRX3CM,2025-05-26
B0DFPRX3CM,2025-06-23
B0DFPRX3CM,2025-07-21
B0DFPRX3CM,2025-08-18
B0DFPRX3CM,2025-09-15
B0DFPRX3CM,2025-10-13
B0DFPRX3CM,2025-11-10
B0DFPRX3CM,2025-12-08
B0DFPRX3CM,2026-01-05
B0DFPRX3CM,2026-02-02
B0DFPRX3CM,2026-03-02
B0DFQ6LRZP,2025-04-28
B0DFQ6LRZP,2025-05-26
B0DFQ6LRZP,2025-06-23
B0DFQ6LRZP,2025-07-21
B0DFQ6LRZP,2025-08-18
B0DFQ6LRZP,2025-09-15
B0DFQ6LRZP,2025-10-13
B0DFQ6LRZP,2025-11-10
B0DFQ6LRZP,2025-12-08
B0DFQ6LRZP,2026-01-05
B0DFQ6LRZP,2026-02-02
B0DFQ6LRZP,2026-03-02
B0DFQ9SKWD,2025-04-28
B0DFQ9SKWD,2025-05-26
B0DFQ9SKWD,2025-06-23
B0DFQ9SKWD,2025-07-21
B0DFQ9SKWD,2025-08-18
B0DFQ9SKWD,2025-09-15
B0DFQ9SKWD,2025-10-13
B0DFQ9SKWD,2025-11-10
B0DFQ9SKWD,2025-12-08
B0DFQ9SKWD,2026-01-05
B0DFQ9SKWD,2026-02-02
B0DFQ9SKWD,2026-03-02
B0DFQBFTBH,2025-04-28
B0DFQBFTBH,2025-05-26
B0DFQBFTBH,2025-06-23
B0DFQBFTBH,2025-07-21
B0DFQBFTBH,2025-08-18
B0DFQBFTBH,2025-09-15
B0DFQBFTBH,2025-10-13
B0DFQBFTBH,2025-11-10
B0DFQBFTBH,2025-12-08
B0DFQBFTBH,2026-01-05
B0DFQBFTBH,2026-02-02
B0DFQBFTBH,2026-03-02
B0DFS5X5PB,2025-04-28
B0DFS5X5PB,2025-05-26
B0DFS5X5PB,2025-06-23
B0DFS5X5PB,2025-07-21
B0DFS5X5PB,2025-08-18
B0DFS5X5PB,2025-09-15
B0DFS5X5PB,2025-10-13
B0DFS5X5PB,2025-11-10
B0DFS5X5PB,2025-12-08
B0DFS5X5PB,2026-01-05
B0DFS5X5PB,2026-02-02
B0DFS5X5PB,2026-03-02
B0DFSL4SFL,2025-04-28
B0DFSL4SFL,2025-05-26
B0DFSL4SFL,2025-06-23
B0DFSL4SFL,2025-07-21
B0DFSL4SFL,2025-08-18
B0DFSL4SFL,2025-09-15
B0DFSL4SFL,2025-10-13
B0DFSL4SFL,2025-11-10
B0DFSL4SFL,2025-12-08
B0DFSL4SFL,2026-01-05
B0DFSL4SFL,2026-02-02
B0DFSL4SFL,2026-03-02
B0DFW9Y853,2025-04-28
B0DFW9Y853,2025-05-26
B0DFW9Y853,2025-06-23
B0DFW9Y853,2025-07-21
B0DFW9Y853,2025-08-18
B0DFW9Y853,2025-09-15
B0DFW9Y853,2025-10-13
B0DFW9Y853,2025-11-10
B0DFW9Y853,2025-12-08
B0DFW9Y853,2026-01-05
B0DFW9Y853,2026-02-02
B0DFW9Y853,2026-03-02
B0DFWBPQ58,2025-04-28
B0DFWBPQ58,2025-05-26
B0DFWBPQ58,2025-06-23
B0DFWBPQ58,2025-07-21
B0DFWBPQ58,2025-08-18
B0DFWBPQ58,2025-09-15
B0DFWBPQ58,2025-10-13
B0DFWBPQ58,2025-11-10
B0DFWBPQ58,2025-12-08
B0DFWBPQ58,2026-01-05
B0DFWBPQ58,2026-02-02
B0DFWBPQ58,2026-03-02
B0DFWCCQW1,2025-04-28
B0DFWCCQW1,2025-05-26
B0DFWCCQW1,2025-06-23
B0DFWCCQW1,2025-07-21
B0DFWCCQW1,2025-08-18
B0DFWCCQW1,2025-09-15
B0DFWCCQW1,2025-10-13
B0DFWCCQW1,2025-11-10
B0DFWCCQW1,2025-12-08
B0DFWCCQW1,2026-01-05
B0DFWCCQW1,2026-02-02
B0DFWCCQW1,2026-03-02
B0DFWCGBFH,2025-04-28
B0DFWCGBFH,2025-05-26
B0DFWCGBFH,2025-06-23
B0DFWCGBFH,2025-07-21
B0DFWCGBFH,2025-08-18
B0DFWCGBFH,2025-09-15
B0DFWCGBFH,2025-10-13
B0DFWCGBFH,2025-11-10
B0DFWCGBFH,2025-12-08
B0DFWCGBFH,2026-01-05
B0DFWCGBFH,2026-02-02
B0DFWCGBFH,2026-03-02
B0DFWCLM4D,2025-04-28
B0DFWCLM4D,2025-05-26
B0DFWCLM4D,2025-06-23
B0DFWCLM4D,2025-07-21
B0DFWCLM4D,2025-08-18
B0DFWCLM4D,2025-09-15
B0DFWCLM4D,2025-10-13
B0DFWCLM4D,2025-11-10
B0DFWCLM4D,2025-12-08
B0DFWCLM4D,2026-01-05
B0DFWCLM4D,2026-02-02
B0DFWCLM4D,2026-03-02
B0DFYF8KV4,2025-04-28
B0DFYF8KV4,2025-05-26
B0DFYF8KV4,2025-06-23
B0DFYF8KV4,2025-07-21
B0DFYF8KV4,2025-08-18
B0DFYF8KV4,2025-09-15
B0DFYF8KV4,2025-10-13
B0DFYF8KV4,2025-11-10
B0DFYF8KV4,2025-12-08
B0DFYF8KV4,2026-01-05
B0DFYF8KV4,2026-02-02
B0DFYF8KV4,2026-03-02
B0DFYKHHLY,2025-04-28
B0DFYKHHLY,2025-05-26
B0DFYKHHLY,2025-06-23
B0DFYKHHLY,2025-07-21
B0DFYKHHLY,2025-08-18
B0DFYKHHLY,2025-09-15
B0DFYKHHLY,2025-10-13
B0DFYKHHLY,2025-11-10
B0DFYKHHLY,2025-12-08
B0DFYKHHLY,2026-01-05
B0DFYKHHLY,2026-02-02
B0DFYKHHLY,2026-03-02
B0DFYLZ3QV,2025-04-28
B0DFYLZ3QV,2025-05-26
B0DFYLZ3QV,2025-06-23
B0DFYLZ3QV,2025-07-21
B0DFYLZ3QV,2025-08-18
B0DFYLZ3QV,2025-09-15
B0DFYLZ3QV,2025-10-13
B0DFYLZ3QV,2025-11-10
B0DFYLZ3QV,2025-12-08
B0DFYLZ3QV,2026-01-05
B0DFYLZ3QV,2026-02-02
B0DFYLZ3QV,2026-03-02
B0DG2L7BFD,2025-04-28
B0DG2L7BFD,2025-05-26
B0DG2L7BFD,2025-06-23
B0DG2L7BFD,2025-07-21
B0DG2L7BFD,2025-08-18
B0DG2L7BFD,2025-09-15
B0DG2L7BFD,2025-10-13
B0DG2L7BFD,2025-11-10
B0DG2L7BFD,2025-12-08
B0DG2L7BFD,2026-01-05
B0DG2L7BFD,2026-02-02
B0DG2L7BFD,2026-03-02
B0DG3XPWKV,2025-04-28
B0DG3XPWKV,2025-05-26
B0DG3XPWKV,2025-06-23
B0DG3XPWKV,2025-07-21
B0DG3XPWKV,2025-08-18
B0DG3XPWKV,2025-09-15
B0DG3XPWKV,2025-10-13
B0DG3XPWKV,2025-11-10
B0DG3XPWKV,2025-12-08
B0DG3XPWKV,2026-01-05
B0DG3XPWKV,2026-02-02
B0DG3XPWKV,2026-03-02
B0DG3XRRBC,2025-04-28
B0DG3XRRBC,2025-05-26
B0DG3XRRBC,2025-06-23
B0DG3XRRBC,2025-07-21
B0DG3XRRBC,2025-08-18
B0DG3XRRBC,2025-09-15
B0DG3XRRBC,2025-10-13
B0DG3XRRBC,2025-11-10
B0DG3XRRBC,2025-12-08
B0DG3XRRBC,2026-01-05
B0DG3XRRBC,2026-02-02
B0DG3XRRBC,2026-03-02
B0DG4RP697,2025-04-28
B0DG4RP697,2025-05-26
B0DG4RP697,2025-06-23
B0DG4RP697,2025-07-21
B0DG4RP697,2025-08-18
B0DG4RP697,2025-09-15
B0DG4RP697,2025-10-13
B0DG4RP697,2025-11-10
B0DG4RP697,2025-12-08
B0DG4RP697,2026-01-05
B0DG4RP697,2026-02-02
B0DG4RP697,2026-03-02
B0DG4T3Y9Y,2025-04-28
B0DG4T3Y9Y,2025-05-26
B0DG4T3Y9Y,2025-06-23
B0DG4T3Y9Y,2025-07-21
B0DG4T3Y9Y,2025-08-18
B0DG4T3Y9Y,2025-09-15
B0DG4T3Y9Y,2025-10-13
B0DG4T3Y9Y,2025-11-10
B0DG4T3Y9Y,2025-12-08
B0DG4T3Y9Y,2026-01-05
B0DG4T3Y9Y,2026-02-02
B0DG4T3Y9Y,2026-03-02
B0DG4VK9JZ,2025-04-28
B0DG4VK9JZ,2025-05-26
B0DG4VK9JZ,2025-06-23
B0DG4VK9JZ,2025-07-21
B0DG4VK9JZ,2025-08-18
B0DG4VK9JZ,2025-09-15
B0DG4VK9JZ,2025-10-13
B0DG4VK9JZ,2025-11-10
B0DG4VK9JZ,2025-12-08
B0DG4VK9JZ,2026-01-05
B0DG4VK9JZ,2026-02-02
B0DG4VK9JZ,2026-03-02
B0DG4VWZ3J,2025-04-28
B0DG4VWZ3J,2025-05-26
B0DG4VWZ3J,2025-06-23
B0DG4VWZ3J,2025-07-21
B0DG4VWZ3J,2025-08-18
B0DG4VWZ3J,2025-09-15
B0DG4VWZ3J,2025-10-13
B0DG4VWZ3J,2025-11-10
B0DG4VWZ3J,2025-12-08
B0DG4VWZ3J,2026-01-05
B0DG4VWZ3J,2026-02-02
B0DG4VWZ3J,2026-03-02
B0DG5P4QSP,2025-04-28
B0DG5P4QSP,2025-05-26
B0DG5P4QSP,2025-06-23
B0DG5P4QSP,2025-07-21
B0DG5P4QSP,2025-08-18
B0DG5P4QSP,2025-09-15
B0DG5P4QSP,2025-10-13
B0DG5P4QSP,2025-11-10
B0DG5P4QSP,2025-12-08
B0DG5P4QSP,2026-01-05
B0DG5P4QSP,2026-02-02
B0DG5P4QSP,2026-03-02
B0DG5RNRZ5,2025-04-28
B0DG5RNRZ5,2025-05-26
B0DG5RNRZ5,2025-06-23
B0DG5RNRZ5,2025-07-21
B0DG5RNRZ5,2025-08-18
B0DG5RNRZ5,2025-09-15
B0DG5RNRZ5,2025-10-13
B0DG5RNRZ5,2025-11-10
B0DG5RNRZ5,2025-12-08
B0DG5RNRZ5,2026-01-05
B0DG5RNRZ5,2026-02-02
B0DG5RNRZ5,2026-03-02
B0DG7ZY343,2025-04-28
B0DG7ZY343,2025-05-26
B0DG7ZY343,2025-06-23
B0DG7ZY343,2025-07-21
B0DG7ZY343,2025-08-18
B0DG7ZY343,2025-09-15
B0DG7ZY343,2025-10-13
B0DG7ZY343,2025-11-10
B0DG7ZY343,2025-12-08
B0DG7ZY343,2026-01-05
B0DG7ZY343,2026-02-02
B0DG7ZY343,2026-03-02
B0DG85BKT2,2025-04-28
B0DG85BKT2,2025-05-26
B0DG85BKT2,2025-06-23
B0DG85BKT2,2025-07-21
B0DG85BKT2,2025-08-18
B0DG85BKT2,2025-09-15
B0DG85BKT2,2025-10-13
B0DG85BKT2,2025-11-10
B0DG85BKT2,2025-12-08
B0DG85BKT2,2026-01-05
B0DG85BKT2,2026-02-02
B0DG85BKT2,2026-03-02
B0DG8CCWTQ,2025-04-28
B0DG8CCWTQ,2025-05-26
B0DG8CCWTQ,2025-06-23
B0DG8CCWTQ,2025-07-21
B0DG8CCWTQ,2025-08-18
B0DG8CCWTQ,2025-09-15
B0DG8CCWTQ,2025-10-13
B0DG8CCWTQ,2025-11-10
B0DG8CCWTQ,2025-12-08
B0DG8CCWTQ,2026-01-05
B0DG8CCWTQ,2026-02-02
B0DG8CCWTQ,2026-03-02
B0DG8Q4MSL,2025-04-28
B0DG8Q4MSL,2025-05-26
B0DG8Q4MSL,2025-06-23
B0DG8Q4MSL,2025-07-21
B0DG8Q4MSL,2025-08-18
B0DG8Q4MSL,2025-09-15
B0DG8Q4MSL,2025-10-13
B0DG8Q4MSL,2025-11-10
B0DG8Q4MSL,2025-12-08
B0DG8Q4MSL,2026-01-05
B0DG8Q4MSL,2026-02-02
B0DG8Q4MSL,2026-03-02
B0DG8S48PX,2025-04-28
B0DG8S48PX,2025-05-26
B0DG8S48PX,2025-06-23
B0DG8S48PX,2025-07-21
B0DG8S48PX,2025-08-18
B0DG8S48PX,2025-09-15
B0DG8S48PX,2025-10-13
B0DG8S48PX,2025-11-10
B0DG8S48PX,2025-12-08
B0DG8S48PX,2026-01-05
B0DG8S48PX,2026-02-02
B0DG8S48PX,2026-03-02
B0DG8XWZ9N,2025-04-28
B0DG8XWZ9N,2025-05-26
B0DG8XWZ9N,2025-06-23
B0DG8XWZ9N,2025-07-21
B0DG8XWZ9N,2025-08-18
B0DG8XWZ9N,2025-09-15
B0DG8XWZ9N,2025-10-13
B0DG8XWZ9N,2025-11-10
B0DG8XWZ9N,2025-12-08
B0DG8XWZ9N,2026-01-05
B0DG8XWZ9N,2026-02-02
B0DG8XWZ9N,2026-03-02
B0DG8YHH37,2025-04-28
B0DG8YHH37,2025-05-26
B0DG8YHH37,2025-06-23
B0DG8YHH37,2025-07-21
B0DG8YHH37,2025-08-18
B0DG8YHH37,2025-09-15
B0DG8YHH37,2025-10-13
B0DG8YHH37,2025-11-10
B0DG8YHH37,2025-12-08
B0DG8YHH37,2026-01-05
B0DG8YHH37,2026-02-02
B0DG8YHH37,2026-03-02
B0DG8ZDPHW,2025-04-28
B0DG8ZDPHW,2025-05-26
B0DG8ZDPHW,2025-06-23
B0DG8ZDPHW,2025-07-21
B0DG8ZDPHW,2025-08-18
B0DG8ZDPHW,2025-09-15
B0DG8ZDPHW,2025-10-13
B0DG8ZDPHW,2025-11-10
B0DG8ZDPHW,2025-12-08
B0DG8ZDPHW,2026-01-05
B0DG8ZDPHW,2026-02-02
B0DG8ZDPHW,2026-03-02
B0DGG5PJBT,2025-04-28
B0DGG5PJBT,2025-05-26
B0DGG5PJBT,2025-06-23
B0DGG5PJBT,2025-07-21
B0DGG5PJBT,2025-08-18
B0DGG5PJBT,2025-09-15
B0DGG5PJBT,2025-10-13
B0DGG5PJBT,2025-11-10
B0DGG5PJBT,2025-12-08
B0DGG5PJBT,2026-01-05
B0DGG5PJBT,2026-02-02
B0DGG5PJBT,2026-03-02
B0DGG6LYB7,2025-04-28
B0DGG6LYB7,2025-05-26
B0DGG6LYB7,2025-06-23
B0DGG6LYB7,2025-07-21
B0DGG6LYB7,2025-08-18
B0DGG6LYB7,2025-09-15
B0DGG6LYB7,2025-10-13
B0DGG6LYB7,2025-11-10
B0DGG6LYB7,2025-12-08
B0DGG6LYB7,2026-01-05
B0DGG6LYB7,2026-02-02
B0DGG6LYB7,2026-03-02
B0DGG6Z8S5,2025-04-28
B0DGG6Z8S5,2025-05-26
B0DGG6Z8S5,2025-06-23
B0DGG6Z8S5,2025-07-21
B0DGG6Z8S5,2025-08-18
B0DGG6Z8S5,2025-09-15
B0DGG6Z8S5,2025-10-13
B0DGG6Z8S5,2025-11-10
B0DGG6Z8S5,2025-12-08
B0DGG6Z8S5,2026-01-05
B0DGG6Z8S5,2026-02-02
B0DGG6Z8S5,2026-03-02
B0DGG6ZMKV,2025-04-28
B0DGG6ZMKV,2025-05-26
B0DGG6ZMKV,2025-06-23
B0DGG6ZMKV,2025-07-21
B0DGG6ZMKV,2025-08-18
B0DGG6ZMKV,2025-09-15
B0DGG6ZMKV,2025-10-13
B0DGG6ZMKV,2025-11-10
B0DGG6ZMKV,2025-12-08
B0DGG6ZMKV,2026-01-05
B0DGG6ZMKV,2026-02-02
B0DGG6ZMKV,2026-03-02
B0DGG7MQ6P,2025-04-28
B0DGG7MQ6P,2025-05-26
B0DGG7MQ6P,2025-06-23
B0DGG7MQ6P,2025-07-21
B0DGG7MQ6P,2025-08-18
B0DGG7MQ6P,2025-09-15
B0DGG7MQ6P,2025-10-13
B0DGG7MQ6P,2025-11-10
B0DGG7MQ6P,2025-12-08
B0DGG7MQ6P,2026-01-05
B0DGG7MQ6P,2026-02-02
B0DGG7MQ6P,2026-03-02
B0DGGGK73C,2025-04-28
B0DGGGK73C,2025-05-26
B0DGGGK73C,2025-06-23
B0DGGGK73C,2025-07-21
B0DGGGK73C,2025-08-18
B0DGGGK73C,2025-09-15
B0DGGGK73C,2025-10-13
B0DGGGK73C,2025-11-10
B0DGGGK73C,2025-12-08
B0DGGGK73C,2026-01-05
B0DGGGK73C,2026-02-02
B0DGGGK73C,2026-03-02
B0DGGKCMV7,2025-04-28
B0DGGKCMV7,2025-05-26
B0DGGKCMV7,2025-06-23
B0DGGKCMV7,2025-07-21
B0DGGKCMV7,2025-08-18
B0DGGKCMV7,2025-09-15
B0DGGKCMV7,2025-10-13
B0DGGKCMV7,2025-11-10
B0DGGKCMV7,2025-12-08
B0DGGKCMV7,2026-01-05
B0DGGKCMV7,2026-02-02
B0DGGKCMV7,2026-03-02
B0DGGL54MK,2025-04-28
B0DGGL54MK,2025-05-26
B0DGGL54MK,2025-06-23
B0DGGL54MK,2025-07-21
B0DGGL54MK,2025-08-18
B0DGGL54MK,2025-09-15
B0DGGL54MK,2025-10-13
B0DGGL54MK,2025-11-10
B0DGGL54MK,2025-12-08
B0DGGL54MK,2026-01-05
B0DGGL54MK,2026-02-02
B0DGGL54MK,2026-03-02
B0DGK8LX3F,2025-04-28
B0DGK8LX3F,2025-05-26
B0DGK8LX3F,2025-06-23
B0DGK8LX3F,2025-07-21
B0DGK8LX3F,2025-08-18
B0DGK8LX3F,2025-09-15
B0DGK8LX3F,2025-10-13
B0DGK8LX3F,2025-11-10
B0DGK8LX3F,2025-12-08
B0DGK8LX3F,2026-01-05
B0DGK8LX3F,2026-02-02
B0DGK8LX3F,2026-03-02
B0DGPP7ZLD,2025-04-28
B0DGPP7ZLD,2025-05-26
B0DGPP7ZLD,2025-06-23
B0DGPP7ZLD,2025-07-21
B0DGPP7ZLD,2025-08-18
B0DGPP7ZLD,2025-09-15
B0DGPP7ZLD,2025-10-13
B0DGPP7ZLD,2025-11-10
B0DGPP7ZLD,2025-12-08
B0DGPP7ZLD,2026-01-05
B0DGPP7ZLD,2026-02-02
B0DGPP7ZLD,2026-03-02
B0DGPY4SNN,2025-04-28
B0DGPY4SNN,2025-05-26
B0DGPY4SNN,2025-06-23
B0DGPY4SNN,2025-07-21
B0DGPY4SNN,2025-08-18
B0DGPY4SNN,2025-09-15
B0DGPY4SNN,2025-10-13
B0DGPY4SNN,2025-11-10
B0DGPY4SNN,2025-12-08
B0DGPY4SNN,2026-01-05
B0DGPY4SNN,2026-02-02
B0DGPY4SNN,2026-03-02
B0DGQ9CH7G,2025-04-28
B0DGQ9CH7G,2025-05-26
B0DGQ9CH7G,2025-06-23
B0DGQ9CH7G,2025-07-21
B0DGQ9CH7G,2025-08-18
B0DGQ9CH7G,2025-09-15
B0DGQ9CH7G,2025-10-13
B0DGQ9CH7G,2025-11-10
B0DGQ9CH7G,2025-12-08
B0DGQ9CH7G,2026-01-05
B0DGQ9CH7G,2026-02-02
B0DGQ9CH7G,2026-03-02
B0DGQV5Y2P,2025-04-28
B0DGQV5Y2P,2025-05-26
B0DGQV5Y2P,2025-06-23
B0DGQV5Y2P,2025-07-21
B0DGQV5Y2P,2025-08-18
B0DGQV5Y2P,2025-09-15
B0DGQV5Y2P,2025-10-13
B0DGQV5Y2P,2025-11-10
B0DGQV5Y2P,2025-12-08
B0DGQV5Y2P,2026-01-05
B0DGQV5Y2P,2026-02-02
B0DGQV5Y2P,2026-03-02
B0DGRXQQ5C,2025-04-28
B0DGRXQQ5C,2025-05-26
B0DGRXQQ5C,2025-06-23
B0DGRXQQ5C,2025-07-21
B0DGRXQQ5C,2025-08-18
B0DGRXQQ5C,2025-09-15
B0DGRXQQ5C,2025-10-13
B0DGRXQQ5C,2025-11-10
B0DGRXQQ5C,2025-12-08
B0DGRXQQ5C,2026-01-05
B0DGRXQQ5C,2026-02-02
B0DGRXQQ5C,2026-03-02
B0DGTJ5YBY,2025-04-28
B0DGTJ5YBY,2025-05-26
B0DGTJ5YBY,2025-06-23
B0DGTJ5YBY,2025-07-21
B0DGTJ5YBY,2025-08-18
B0DGTJ5YBY,2025-09-15
B0DGTJ5YBY,2025-10-13
B0DGTJ5YBY,2025-11-10
B0DGTJ5YBY,2025-12-08
B0DGTJ5YBY,2026-01-05
B0DGTJ5YBY,2026-02-02
B0DGTJ5YBY,2026-03-02
B0DGXHQ57G,2025-04-28
B0DGXHQ57G,2025-05-26
B0DGXHQ57G,2025-06-23
B0DGXHQ57G,2025-07-21
B0DGXHQ57G,2025-08-18
B0DGXHQ57G,2025-09-15
B0DGXHQ57G,2025-10-13
B0DGXHQ57G,2025-11-10
B0DGXHQ57G,2025-12-08
B0DGXHQ57G,2026-01-05
B0DGXHQ57G,2026-02-02
B0DGXHQ57G,2026-03-02
B0DGXJK4VF,2025-04-28
B0DGXJK4VF,2025-05-26
B0DGXJK4VF,2025-06-23
B0DGXJK4VF,2025-07-21
B0DGXJK4VF,2025-08-18
B0DGXJK4VF,2025-09-15
B0DGXJK4VF,2025-10-13
B0DGXJK4VF,2025-11-10
B0DGXJK4VF,2025-12-08
B0DGXJK4VF,2026-01-05
B0DGXJK4VF,2026-02-02
B0DGXJK4VF,2026-03-02
B0DGXJKZPY,2025-04-28
B0DGXJKZPY,2025-05-26
B0DGXJKZPY,2025-06-23
B0DGXJKZPY,2025-07-21
B0DGXJKZPY,2025-08-18
B0DGXJKZPY,2025-09-15
B0DGXJKZPY,2025-10-13
B0DGXJKZPY,2025-11-10
B0DGXJKZPY,2025-12-08
B0DGXJKZPY,2026-01-05
B0DGXJKZPY,2026-02-02
B0DGXJKZPY,2026-03-02
B0DGXLD29D,2025-04-28
B0DGXLD29D,2025-05-26
B0DGXLD29D,2025-06-23
B0DGXLD29D,2025-07-21
B0DGXLD29D,2025-08-18
B0DGXLD29D,2025-09-15
B0DGXLD29D,2025-10-13
B0DGXLD29D,2025-11-10
B0DGXLD29D,2025-12-08
B0DGXLD29D,2026-01-05
B0DGXLD29D,2026-02-02
B0DGXLD29D,2026-03-02
B0DGXN4Z2T,2025-04-28
B0DGXN4Z2T,2025-05-26
B0DGXN4Z2T,2025-06-23
B0DGXN4Z2T,2025-07-21
B0DGXN4Z2T,2025-08-18
B0DGXN4Z2T,2025-09-15
B0DGXN4Z2T,2025-10-13
B0DGXN4Z2T,2025-11-10
B0DGXN4Z2T,2025-12-08
B0DGXN4Z2T,2026-01-05
B0DGXN4Z2T,2026-02-02
B0DGXN4Z2T,2026-03-02
B0DH28CDYK,2025-04-28
B0DH28CDYK,2025-05-26
B0DH28CDYK,2025-06-23
B0DH28CDYK,2025-07-21
B0DH28CDYK,2025-08-18
B0DH28CDYK,2025-09-15
B0DH28CDYK,2025-10-13
B0DH28CDYK,2025-11-10
B0DH28CDYK,2025-12-08
B0DH28CDYK,2026-01-05
B0DH28CDYK,2026-02-02
B0DH28CDYK,2026-03-02
B0DH28F24Q,2025-04-28
B0DH28F24Q,2025-05-26
B0DH28F24Q,2025-06-23
B0DH28F24Q,2025-07-21
B0DH28F24Q,2025-08-18
B0DH28F24Q,2025-09-15
B0DH28F24Q,2025-10-13
B0DH28F24Q,2025-11-10
B0DH28F24Q,2025-12-08
B0DH28F24Q,2026-01-05
B0DH28F24Q,2026-02-02
B0DH28F24Q,2026-03-02
B0DH292F5D,2025-04-28
B0DH292F5D,2025-05-26
B0DH292F5D,2025-06-23
B0DH292F5D,2025-07-21
B0DH292F5D,2025-08-18
B0DH292F5D,2025-09-15
B0DH292F5D,2025-10-13
B0DH292F5D,2025-11-10
B0DH292F5D,2025-12-08
B0DH292F5D,2026-01-05
B0DH292F5D,2026-02-02
B0DH292F5D,2026-03-02
B0DH29S976,2025-04-28
B0DH29S976,2025-05-26
B0DH29S976,2025-06-23
B0DH29S976,2025-07-21
B0DH29S976,2025-08-18
B0DH29S976,2025-09-15
B0DH29S976,2025-10-13
B0DH29S976,2025-11-10
B0DH29S976,2025-12-08
B0DH29S976,2026-01-05
B0DH29S976,2026-02-02
B0DH29S976,2026-03-02
B0DH2M5D5M,2025-04-28
B0DH2M5D5M,2025-05-26
B0DH2M5D5M,2025-06-23
B0DH2M5D5M,2025-07-21
B0DH2M5D5M,2025-08-18
B0DH2M5D5M,2025-09-15
B0DH2M5D5M,2025-10-13
B0DH2M5D5M,2025-11-10
B0DH2M5D5M,2025-12-08
B0DH2M5D5M,2026-01-05
B0DH2M5D5M,2026-02-02
B0DH2M5D5M,2026-03-02
B0DHCPTBJR,2025-04-28
B0DHCPTBJR,2025-05-26
B0DHCPTBJR,2025-06-23
B0DHCPTBJR,2025-07-21
B0DHCPTBJR,2025-08-18
B0DHCPTBJR,2025-09-15
B0DHCPTBJR,2025-10-13
B0DHCPTBJR,2025-11-10
B0DHCPTBJR,2025-12-08
B0DHCPTBJR,2026-01-05
B0DHCPTBJR,2026-02-02
B0DHCPTBJR,2026-03-02
B0DHCQN3YT,2025-04-28
B0DHCQN3YT,2025-05-26
B0DHCQN3YT,2025-06-23
B0DHCQN3YT,2025-07-21
B0DHCQN3YT,2025-08-18
B0DHCQN3YT,2025-09-15
B0DHCQN3YT,2025-10-13
B0DHCQN3YT,2025-11-10
B0DHCQN3YT,2025-12-08
B0DHCQN3YT,2026-01-05
B0DHCQN3YT,2026-02-02
B0DHCQN3YT,2026-03-02
B0DHCRB2PQ,2025-04-28
B0DHCRB2PQ,2025-05-26
B0DHCRB2PQ,2025-06-23
B0DHCRB2PQ,2025-07-21
B0DHCRB2PQ,2025-08-18
B0DHCRB2PQ,2025-09-15
B0DHCRB2PQ,2025-10-13
B0DHCRB2PQ,2025-11-10
B0DHCRB2PQ,2025-12-08
B0DHCRB2PQ,2026-01-05
B0DHCRB2PQ,2026-02-02
B0DHCRB2PQ,2026-03-02
B0DHK36LG3,2025-04-28
B0DHK36LG3,2025-05-26
B0DHK36LG3,2025-06-23
B0DHK36LG3,2025-07-21
B0DHK36LG3,2025-08-18
B0DHK36LG3,2025-09-15
B0DHK36LG3,2025-10-13
B0DHK36LG3,2025-11-10
B0DHK36LG3,2025-12-08
B0DHK36LG3,2026-01-05
B0DHK36LG3,2026-02-02
B0DHK36LG3,2026-03-02
B0DHPYC3P7,2025-04-28
B0DHPYC3P7,2025-05-26
B0DHPYC3P7,2025-06-23
B0DHPYC3P7,2025-07-21
B0DHPYC3P7,2025-08-18
B0DHPYC3P7,2025-09-15
B0DHPYC3P7,2025-10-13
B0DHPYC3P7,2025-11-10
B0DHPYC3P7,2025-12-08
B0DHPYC3P7,2026-01-05
B0DHPYC3P7,2026-02-02
B0DHPYC3P7,2026-03-02
B0DHR96Q6R,2025-04-28
B0DHR96Q6R,2025-05-26
B0DHR96Q6R,2025-06-23
B0DHR96Q6R,2025-07-21
B0DHR96Q6R,2025-08-18
B0DHR96Q6R,2025-09-15
B0DHR96Q6R,2025-10-13
B0DHR96Q6R,2025-11-10
B0DHR96Q6R,2025-12-08
B0DHR96Q6R,2026-01-05
B0DHR96Q6R,2026-02-02
B0DHR96Q6R,2026-03-02
B0DHRKCHMW,2025-04-28
B0DHRKCHMW,2025-05-26
B0DHRKCHMW,2025-06-23
B0DHRKCHMW,2025-07-21
B0DHRKCHMW,2025-08-18
B0DHRKCHMW,2025-09-15
B0DHRKCHMW,2025-10-13
B0DHRKCHMW,2025-11-10
B0DHRKCHMW,2025-12-08
B0DHRKCHMW,2026-01-05
B0DHRKCHMW,2026-02-02
B0DHRKCHMW,2026-03-02
B0DHRKTL4Q,2025-04-28
B0DHRKTL4Q,2025-05-26
B0DHRKTL4Q,2025-06-23
B0DHRKTL4Q,2025-07-21
B0DHRKTL4Q,2025-08-18
B0DHRKTL4Q,2025-09-15
B0DHRKTL4Q,2025-10-13
B0DHRKTL4Q,2025-11-10
B0DHRKTL4Q,2025-12-08
B0DHRKTL4Q,2026-01-05
B0DHRKTL4Q,2026-02-02
B0DHRKTL4Q,2026-03-02
B0DHRN6GZT,2025-04-28
B0DHRN6GZT,2025-05-26
B0DHRN6GZT,2025-06-23
B0DHRN6GZT,2025-07-21
B0DHRN6GZT,2025-08-18
B0DHRN6GZT,2025-09-15
B0DHRN6GZT,2025-10-13
B0DHRN6GZT,2025-11-10
B0DHRN6GZT,2025-12-08
B0DHRN6GZT,2026-01-05
B0DHRN6GZT,2026-02-02
B0DHRN6GZT,2026-03-02
B0DHSXJKJM,2025-04-28
B0DHSXJKJM,2025-05-26
B0DHSXJKJM,2025-06-23
B0DHSXJKJM,2025-07-21
B0DHSXJKJM,2025-08-18
B0DHSXJKJM,2025-09-15
B0DHSXJKJM,2025-10-13
B0DHSXJKJM,2025-11-10
B0DHSXJKJM,2025-12-08
B0DHSXJKJM,2026-01-05
B0DHSXJKJM,2026-02-02
B0DHSXJKJM,2026-03-02
B0DHSYR7KY,2025-04-28
B0DHSYR7KY,2025-05-26
B0DHSYR7KY,2025-06-23
B0DHSYR7KY,2025-07-21
B0DHSYR7KY,2025-08-18
B0DHSYR7KY,2025-09-15
B0DHSYR7KY,2025-10-13
B0DHSYR7KY,2025-11-10
B0DHSYR7KY,2025-12-08
B0DHSYR7KY,2026-01-05
B0DHSYR7KY,2026-02-02
B0DHSYR7KY,2026-03-02
B0DHSZB8J9,2025-04-28
B0DHSZB8J9,2025-05-26
B0DHSZB8J9,2025-06-23
B0DHSZB8J9,2025-07-21
B0DHSZB8J9,2025-08-18
B0DHSZB8J9,2025-09-15
B0DHSZB8J9,2025-10-13
B0DHSZB8J9,2025-11-10
B0DHSZB8J9,2025-12-08
B0DHSZB8J9,2026-01-05
B0DHSZB8J9,2026-02-02
B0DHSZB8J9,2026-03-02
B0DHT1RX2L,2025-04-28
B0DHT1RX2L,2025-05-26
B0DHT1RX2L,2025-06-23
B0DHT1RX2L,2025-07-21
B0DHT1RX2L,2025-08-18
B0DHT1RX2L,2025-09-15
B0DHT1RX2L,2025-10-13
B0DHT1RX2L,2025-11-10
B0DHT1RX2L,2025-12-08
B0DHT1RX2L,2026-01-05
B0DHT1RX2L,2026-02-02
B0DHT1RX2L,2026-03-02
B0DHV7C36K,2025-04-28
B0DHV7C36K,2025-05-26
B0DHV7C36K,2025-06-23
B0DHV7C36K,2025-07-21
B0DHV7C36K,2025-08-18
B0DHV7C36K,2025-09-15
B0DHV7C36K,2025-10-13
B0DHV7C36K,2025-11-10
B0DHV7C36K,2025-12-08
B0DHV7C36K,2026-01-05
B0DHV7C36K,2026-02-02
B0DHV7C36K,2026-03-02
B0DHVGCVHL,2025-04-28
B0DHVGCVHL,2025-05-26
B0DHVGCVHL,2025-06-23
B0DHVGCVHL,2025-07-21
B0DHVGCVHL,2025-08-18
B0DHVGCVHL,2025-09-15
B0DHVGCVHL,2025-10-13
B0DHVGCVHL,2025-11-10
B0DHVGCVHL,2025-12-08
B0DHVGCVHL,2026-01-05
B0DHVGCVHL,2026-02-02
B0DHVGCVHL,2026-03-02
B0DHVJW771,2025-04-28
B0DHVJW771,2025-05-26
B0DHVJW771,2025-06-23
B0DHVJW771,2025-07-21
B0DHVJW771,2025-08-18
B0DHVJW771,2025-09-15
B0DHVJW771,2025-10-13
B0DHVJW771,2025-11-10
B0DHVJW771,2025-12-08
B0DHVJW771,2026-01-05
B0DHVJW771,2026-02-02
B0DHVJW771,2026-03-02
B0DHWRC8JZ,2025-04-28
B0DHWRC8JZ,2025-05-26
B0DHWRC8JZ,2025-06-23
B0DHWRC8JZ,2025-07-21
B0DHWRC8JZ,2025-08-18
B0DHWRC8JZ,2025-09-15
B0DHWRC8JZ,2025-10-13
B0DHWRC8JZ,2025-11-10
B0DHWRC8JZ,2025-12-08
B0DHWRC8JZ,2026-01-05
B0DHWRC8JZ,2026-02-02
B0DHWRC8JZ,2026-03-02
B0DHWTF8HG,2025-04-28
B0DHWTF8HG,2025-05-26
B0DHWTF8HG,2025-06-23
B0DHWTF8HG,2025-07-21
B0DHWTF8HG,2025-08-18
B0DHWTF8HG,2025-09-15
B0DHWTF8HG,2025-10-13
B0DHWTF8HG,2025-11-10
B0DHWTF8HG,2025-12-08
B0DHWTF8HG,2026-01-05
B0DHWTF8HG,2026-02-02
B0DHWTF8HG,2026-03-02
B0DHXJ68ZT,2025-04-28
B0DHXJ68ZT,2025-05-26
B0DHXJ68ZT,2025-06-23
B0DHXJ68ZT,2025-07-21
B0DHXJ68ZT,2025-08-18
B0DHXJ68ZT,2025-09-15
B0DHXJ68ZT,2025-10-13
B0DHXJ68ZT,2025-11-10
B0DHXJ68ZT,2025-12-08
B0DHXJ68ZT,2026-01-05
B0DHXJ68ZT,2026-02-02
B0DHXJ68ZT,2026-03-02
B0DHY3TS54,2025-04-28
B0DHY3TS54,2025-05-26
B0DHY3TS54,2025-06-23
B0DHY3TS54,2025-07-21
B0DHY3TS54,2025-08-18
B0DHY3TS54,2025-09-15
B0DHY3TS54,2025-10-13
B0DHY3TS54,2025-11-10
B0DHY3TS54,2025-12-08
B0DHY3TS54,2026-01-05
B0DHY3TS54,2026-02-02
B0DHY3TS54,2026-03-02
B0DHYGJ1DW,2025-04-28
B0DHYGJ1DW,2025-05-26
B0DHYGJ1DW,2025-06-23
B0DHYGJ1DW,2025-07-21
B0DHYGJ1DW,2025-08-18
B0DHYGJ1DW,2025-09-15
B0DHYGJ1DW,2025-10-13
B0DHYGJ1DW,2025-11-10
B0DHYGJ1DW,2025-12-08
B0DHYGJ1DW,2026-01-05
B0DHYGJ1DW,2026-02-02
B0DHYGJ1DW,2026-03-02
B0DHZJ1RYK,2025-04-28
B0DHZJ1RYK,2025-05-26
B0DHZJ1RYK,2025-06-23
B0DHZJ1RYK,2025-07-21
B0DHZJ1RYK,2025-08-18
B0DHZJ1RYK,2025-09-15
B0DHZJ1RYK,2025-10-13
B0DHZJ1RYK,2025-11-10
B0DHZJ1RYK,2025-12-08
B0DHZJ1RYK,2026-01-05
B0DHZJ1RYK,2026-02-02
B0DHZJ1RYK,2026-03-02
B0DJ123H1G,2025-04-28
B0DJ123H1G,2025-05-26
B0DJ123H1G,2025-06-23
B0DJ123H1G,2025-07-21
B0DJ123H1G,2025-08-18
B0DJ123H1G,2025-09-15
B0DJ123H1G,2025-10-13
B0DJ123H1G,2025-11-10
B0DJ123H1G,2025-12-08
B0DJ123H1G,2026-01-05
B0DJ123H1G,2026-02-02
B0DJ123H1G,2026-03-02
B0DJ1G364G,2025-04-28
B0DJ1G364G,2025-05-26
B0DJ1G364G,2025-06-23
B0DJ1G364G,2025-07-21
B0DJ1G364G,2025-08-18
B0DJ1G364G,2025-09-15
B0DJ1G364G,2025-10-13
B0DJ1G364G,2025-11-10
B0DJ1G364G,2025-12-08
B0DJ1G364G,2026-01-05
B0DJ1G364G,2026-02-02
B0DJ1G364G,2026-03-02
B0DJ1HH9RZ,2025-04-28
B0DJ1HH9RZ,2025-05-26
B0DJ1HH9RZ,2025-06-23
B0DJ1HH9RZ,2025-07-21
B0DJ1HH9RZ,2025-08-18
B0DJ1HH9RZ,2025-09-15
B0DJ1HH9RZ,2025-10-13
B0DJ1HH9RZ,2025-11-10
B0DJ1HH9RZ,2025-12-08
B0DJ1HH9RZ,2026-01-05
B0DJ1HH9RZ,2026-02-02
B0DJ1HH9RZ,2026-03-02
B0DJ1HX6HX,2025-04-28
B0DJ1HX6HX,2025-05-26
B0DJ1HX6HX,2025-06-23
B0DJ1HX6HX,2025-07-21
B0DJ1HX6HX,2025-08-18
B0DJ1HX6HX,2025-09-15
B0DJ1HX6HX,2025-10-13
B0DJ1HX6HX,2025-11-10
B0DJ1HX6HX,2025-12-08
B0DJ1HX6HX,2026-01-05
B0DJ1HX6HX,2026-02-02
B0DJ1HX6HX,2026-03-02
B0DJ5GLV31,2025-04-28
B0DJ5GLV31,2025-05-26
B0DJ5GLV31,2025-06-23
B0DJ5GLV31,2025-07-21
B0DJ5GLV31,2025-08-18
B0DJ5GLV31,2025-09-15
B0DJ5GLV31,2025-10-13
B0DJ5GLV31,2025-11-10
B0DJ5GLV31,2025-12-08
B0DJ5GLV31,2026-01-05
B0DJ5GLV31,2026-02-02
B0DJ5GLV31,2026-03-02
B0DJ6TC63G,2025-04-28
B0DJ6TC63G,2025-05-26
B0DJ6TC63G,2025-06-23
B0DJ6TC63G,2025-07-21
B0DJ6TC63G,2025-08-18
B0DJ6TC63G,2025-09-15
B0DJ6TC63G,2025-10-13
B0DJ6TC63G,2025-11-10
B0DJ6TC63G,2025-12-08
B0DJ6TC63G,2026-01-05
B0DJ6TC63G,2026-02-02
B0DJ6TC63G,2026-03-02
B0DJ6X8N7T,2025-04-28
B0DJ6X8N7T,2025-05-26
B0DJ6X8N7T,2025-06-23
B0DJ6X8N7T,2025-07-21
B0DJ6X8N7T,2025-08-18
B0DJ6X8N7T,2025-09-15
B0DJ6X8N7T,2025-10-13
B0DJ6X8N7T,2025-11-10
B0DJ6X8N7T,2025-12-08
B0DJ6X8N7T,2026-01-05
B0DJ6X8N7T,2026-02-02
B0DJ6X8N7T,2026-03-02
B0DJ784HTM,2025-04-28
B0DJ784HTM,2025-05-26
B0DJ784HTM,2025-06-23
B0DJ784HTM,2025-07-21
B0DJ784HTM,2025-08-18
B0DJ784HTM,2025-09-15
B0DJ784HTM,2025-10-13
B0DJ784HTM,2025-11-10
B0DJ784HTM,2025-12-08
B0DJ784HTM,2026-01-05
B0DJ784HTM,2026-02-02
B0DJ784HTM,2026-03-02
B0DJ78Z8YC,2025-04-28
B0DJ78Z8YC,2025-05-26
B0DJ78Z8YC,2025-06-23
B0DJ78Z8YC,2025-07-21
B0DJ78Z8YC,2025-08-18
B0DJ78Z8YC,2025-09-15
B0DJ78Z8YC,2025-10-13
B0DJ78Z8YC,2025-11-10
B0DJ78Z8YC,2025-12-08
B0DJ78Z8YC,2026-01-05
B0DJ78Z8YC,2026-02-02
B0DJ78Z8YC,2026-03-02
B0DJ8X8JJD,2025-04-28
B0DJ8X8JJD,2025-05-26
B0DJ8X8JJD,2025-06-23
B0DJ8X8JJD,2025-07-21
B0DJ8X8JJD,2025-08-18
B0DJ8X8JJD,2025-09-15
B0DJ8X8JJD,2025-10-13
B0DJ8X8JJD,2025-11-10
B0DJ8X8JJD,2025-12-08
B0DJ8X8JJD,2026-01-05
B0DJ8X8JJD,2026-02-02
B0DJ8X8JJD,2026-03-02
B0DJ8YJ8RY,2025-04-28
B0DJ8YJ8RY,2025-05-26
B0DJ8YJ8RY,2025-06-23
B0DJ8YJ8RY,2025-07-21
B0DJ8YJ8RY,2025-08-18
B0DJ8YJ8RY,2025-09-15
B0DJ8YJ8RY,2025-10-13
B0DJ8YJ8RY,2025-11-10
B0DJ8YJ8RY,2025-12-08
B0DJ8YJ8RY,2026-01-05
B0DJ8YJ8RY,2026-02-02
B0DJ8YJ8RY,2026-03-02
B0DJ8Z2FXW,2025-04-28
B0DJ8Z2FXW,2025-05-26
B0DJ8Z2FXW,2025-06-23
B0DJ8Z2FXW,2025-07-21
B0DJ8Z2FXW,2025-08-18
B0DJ8Z2FXW,2025-09-15
B0DJ8Z2FXW,2025-10-13
B0DJ8Z2FXW,2025-11-10
B0DJ8Z2FXW,2025-12-08
B0DJ8Z2FXW,2026-01-05
B0DJ8Z2FXW,2026-02-02
B0DJ8Z2FXW,2026-03-02
B0DJDQP1ZB,2025-04-28
B0DJDQP1ZB,2025-05-26
B0DJDQP1ZB,2025-06-23
B0DJDQP1ZB,2025-07-21
B0DJDQP1ZB,2025-08-18
B0DJDQP1ZB,2025-09-15
B0DJDQP1ZB,2025-10-13
B0DJDQP1ZB,2025-11-10
B0DJDQP1ZB,2025-12-08
B0DJDQP1ZB,2026-01-05
B0DJDQP1ZB,2026-02-02
B0DJDQP1ZB,2026-03-02
B0DJM7NLL8,2025-04-28
B0DJM7NLL8,2025-05-26
B0DJM7NLL8,2025-06-23
B0DJM7NLL8,2025-07-21
B0DJM7NLL8,2025-08-18
B0DJM7NLL8,2025-09-15
B0DJM7NLL8,2025-10-13
B0DJM7NLL8,2025-11-10
B0DJM7NLL8,2025-12-08
B0DJM7NLL8,2026-01-05
B0DJM7NLL8,2026-02-02
B0DJM7NLL8,2026-03-02
B0DJPCHW87,2025-04-28
B0DJPCHW87,2025-05-26
B0DJPCHW87,2025-06-23
B0DJPCHW87,2025-07-21
B0DJPCHW87,2025-08-18
B0DJPCHW87,2025-09-15
B0DJPCHW87,2025-10-13
B0DJPCHW87,2025-11-10
B0DJPCHW87,2025-12-08
B0DJPCHW87,2026-01-05
B0DJPCHW87,2026-02-02
B0DJPCHW87,2026-03-02
B0DJPZS1Q8,2025-04-28
B0DJPZS1Q8,2025-05-26
B0DJPZS1Q8,2025-06-23
B0DJPZS1Q8,2025-07-21
B0DJPZS1Q8,2025-08-18
B0DJPZS1Q8,2025-09-15
B0DJPZS1Q8,2025-10-13
B0DJPZS1Q8,2025-11-10
B0DJPZS1Q8,2025-12-08
B0DJPZS1Q8,2026-01-05
B0DJPZS1Q8,2026-02-02
B0DJPZS1Q8,2026-03-02
B0DJQ1WSY9,2025-04-28
B0DJQ1WSY9,2025-05-26
B0DJQ1WSY9,2025-06-23
B0DJQ1WSY9,2025-07-21
B0DJQ1WSY9,2025-08-18
B0DJQ1WSY9,2025-09-15
B0DJQ1WSY9,2025-10-13
B0DJQ1WSY9,2025-11-10
B0DJQ1WSY9,2025-12-08
B0DJQ1WSY9,2026-01-05
B0DJQ1WSY9,2026-02-02
B0DJQ1WSY9,2026-03-02
B0DJQG4QT2,2025-04-28
B0DJQG4QT2,2025-05-26
B0DJQG4QT2,2025-06-23
B0DJQG4QT2,2025-07-21
B0DJQG4QT2,2025-08-18
B0DJQG4QT2,2025-09-15
B0DJQG4QT2,2025-10-13
B0DJQG4QT2,2025-11-10
B0DJQG4QT2,2025-12-08
B0DJQG4QT2,2026-01-05
B0DJQG4QT2,2026-02-02
B0DJQG4QT2,2026-03-02
B0DJR916MP,2025-04-28
B0DJR916MP,2025-05-26
B0DJR916MP,2025-06-23
B0DJR916MP,2025-07-21
B0DJR916MP,2025-08-18
B0DJR916MP,2025-09-15
B0DJR916MP,2025-10-13
B0DJR916MP,2025-11-10
B0DJR916MP,2025-12-08
B0DJR916MP,2026-01-05
B0DJR916MP,2026-02-02
B0DJR916MP,2026-03-02
B0DJS42W29,2025-04-28
B0DJS42W29,2025-05-26
B0DJS42W29,2025-06-23
B0DJS42W29,2025-07-21
B0DJS42W29,2025-08-18
B0DJS42W29,2025-09-15
B0DJS42W29,2025-10-13
B0DJS42W29,2025-11-10
B0DJS42W29,2025-12-08
B0DJS42W29,2026-01-05
B0DJS42W29,2026-02-02
B0DJS42W29,2026-03-02
B0DJS4X7FK,2025-04-28
B0DJS4X7FK,2025-05-26
B0DJS4X7FK,2025-06-23
B0DJS4X7FK,2025-07-21
B0DJS4X7FK,2025-08-18
B0DJS4X7FK,2025-09-15
B0DJS4X7FK,2025-10-13
B0DJS4X7FK,2025-11-10
B0DJS4X7FK,2025-12-08
B0DJS4X7FK,2026-01-05
B0DJS4X7FK,2026-02-02
B0DJS4X7FK,2026-03-02
B0DJSTWXZ3,2025-04-28
B0DJSTWXZ3,2025-05-26
B0DJSTWXZ3,2025-06-23
B0DJSTWXZ3,2025-07-21
B0DJSTWXZ3,2025-08-18
B0DJSTWXZ3,2025-09-15
B0DJSTWXZ3,2025-10-13
B0DJSTWXZ3,2025-11-10
B0DJSTWXZ3,2025-12-08
B0DJSTWXZ3,2026-01-05
B0DJSTWXZ3,2026-02-02
B0DJSTWXZ3,2026-03-02
B0DJT1TZ7S,2025-04-28
B0DJT1TZ7S,2025-05-26
B0DJT1TZ7S,2025-06-23
B0DJT1TZ7S,2025-07-21
B0DJT1TZ7S,2025-08-18
B0DJT1TZ7S,2025-09-15
B0DJT1TZ7S,2025-10-13
B0DJT1TZ7S,2025-11-10
B0DJT1TZ7S,2025-12-08
B0DJT1TZ7S,2026-01-05
B0DJT1TZ7S,2026-02-02
B0DJT1TZ7S,2026-03-02
B0DJT2HLWV,2025-04-28
B0DJT2HLWV,2025-05-26
B0DJT2HLWV,2025-06-23
B0DJT2HLWV,2025-07-21
B0DJT2HLWV,2025-08-18
B0DJT2HLWV,2025-09-15
B0DJT2HLWV,2025-10-13
B0DJT2HLWV,2025-11-10
B0DJT2HLWV,2025-12-08
B0DJT2HLWV,2026-01-05
B0DJT2HLWV,2026-02-02
B0DJT2HLWV,2026-03-02
B0DJV22YPZ,2025-04-28
B0DJV22YPZ,2025-05-26
B0DJV22YPZ,2025-06-23
B0DJV22YPZ,2025-07-21
B0DJV22YPZ,2025-08-18
B0DJV22YPZ,2025-09-15
B0DJV22YPZ,2025-10-13
B0DJV22YPZ,2025-11-10
B0DJV22YPZ,2025-12-08
B0DJV22YPZ,2026-01-05
B0DJV22YPZ,2026-02-02
B0DJV22YPZ,2026-03-02
B0DJV6XQSN,2025-04-28
B0DJV6XQSN,2025-05-26
B0DJV6XQSN,2025-06-23
B0DJV6XQSN,2025-07-21
B0DJV6XQSN,2025-08-18
B0DJV6XQSN,2025-09-15
B0DJV6XQSN,2025-10-13
B0DJV6XQSN,2025-11-10
B0DJV6XQSN,2025-12-08
B0DJV6XQSN,2026-01-05
B0DJV6XQSN,2026-02-02
B0DJV6XQSN,2026-03-02
B0DJVRQQH7,2025-04-28
B0DJVRQQH7,2025-05-26
B0DJVRQQH7,2025-06-23
B0DJVRQQH7,2025-07-21
B0DJVRQQH7,2025-08-18
B0DJVRQQH7,2025-09-15
B0DJVRQQH7,2025-10-13
B0DJVRQQH7,2025-11-10
B0DJVRQQH7,2025-12-08
B0DJVRQQH7,2026-01-05
B0DJVRQQH7,2026-02-02
B0DJVRQQH7,2026-03-02
B0DJXLYWH1,2025-04-28
B0DJXLYWH1,2025-05-26
B0DJXLYWH1,2025-06-23
B0DJXLYWH1,2025-07-21
B0DJXLYWH1,2025-08-18
B0DJXLYWH1,2025-09-15
B0DJXLYWH1,2025-10-13
B0DJXLYWH1,2025-11-10
B0DJXLYWH1,2025-12-08
B0DJXLYWH1,2026-01-05
B0DJXLYWH1,2026-02-02
B0DJXLYWH1,2026-03-02
B0DK1GZXPZ,2025-04-28
B0DK1GZXPZ,2025-05-26
B0DK1GZXPZ,2025-06-23
B0DK1GZXPZ,2025-07-21
B0DK1GZXPZ,2025-08-18
B0DK1GZXPZ,2025-09-15
B0DK1GZXPZ,2025-10-13
B0DK1GZXPZ,2025-11-10
B0DK1GZXPZ,2025-12-08
B0DK1GZXPZ,2026-01-05
B0DK1GZXPZ,2026-02-02
B0DK1GZXPZ,2026-03-02
B0DK1N7ZH6,2025-04-28
B0DK1N7ZH6,2025-05-26
B0DK1N7ZH6,2025-06-23
B0DK1N7ZH6,2025-07-21
B0DK1N7ZH6,2025-08-18
B0DK1N7ZH6,2025-09-15
B0DK1N7ZH6,2025-10-13
B0DK1N7ZH6,2025-11-10
B0DK1N7ZH6,2025-12-08
B0DK1N7ZH6,2026-01-05
B0DK1N7ZH6,2026-02-02
B0DK1N7ZH6,2026-03-02
B0DK1VDS22,2025-04-28
B0DK1VDS22,2025-05-26
B0DK1VDS22,2025-06-23
B0DK1VDS22,2025-07-21
B0DK1VDS22,2025-08-18
B0DK1VDS22,2025-09-15
B0DK1VDS22,2025-10-13
B0DK1VDS22,2025-11-10
B0DK1VDS22,2025-12-08
B0DK1VDS22,2026-01-05
B0DK1VDS22,2026-02-02
B0DK1VDS22,2026-03-02
B0DK4WDK9H,2025-04-28
B0DK4WDK9H,2025-05-26
B0DK4WDK9H,2025-06-23
B0DK4WDK9H,2025-07-21
B0DK4WDK9H,2025-08-18
B0DK4WDK9H,2025-09-15
B0DK4WDK9H,2025-10-13
B0DK4WDK9H,2025-11-10
B0DK4WDK9H,2025-12-08
B0DK4WDK9H,2026-01-05
B0DK4WDK9H,2026-02-02
B0DK4WDK9H,2026-03-02
B0DK4YLRJC,2025-04-28
B0DK4YLRJC,2025-05-26
B0DK4YLRJC,2025-06-23
B0DK4YLRJC,2025-07-21
B0DK4YLRJC,2025-08-18
B0DK4YLRJC,2025-09-15
B0DK4YLRJC,2025-10-13
B0DK4YLRJC,2025-11-10
B0DK4YLRJC,2025-12-08
B0DK4YLRJC,2026-01-05
B0DK4YLRJC,2026-02-02
B0DK4YLRJC,2026-03-02
B0DK556PC9,2025-04-28
B0DK556PC9,2025-05-26
B0DK556PC9,2025-06-23
B0DK556PC9,2025-07-21
B0DK556PC9,2025-08-18
B0DK556PC9,2025-09-15
B0DK556PC9,2025-10-13
B0DK556PC9,2025-11-10
B0DK556PC9,2025-12-08
B0DK556PC9,2026-01-05
B0DK556PC9,2026-02-02
B0DK556PC9,2026-03-02
B0DK6PH21V,2025-04-28
B0DK6PH21V,2025-05-26
B0DK6PH21V,2025-06-23
B0DK6PH21V,2025-07-21
B0DK6PH21V,2025-08-18
B0DK6PH21V,2025-09-15
B0DK6PH21V,2025-10-13
B0DK6PH21V,2025-11-10
B0DK6PH21V,2025-12-08
B0DK6PH21V,2026-01-05
B0DK6PH21V,2026-02-02
B0DK6PH21V,2026-03-02
B0DK6YPZC3,2025-04-28
B0DK6YPZC3,2025-05-26
B0DK6YPZC3,2025-06-23
B0DK6YPZC3,2025-07-21
B0DK6YPZC3,2025-08-18
B0DK6YPZC3,2025-09-15
B0DK6YPZC3,2025-10-13
B0DK6YPZC3,2025-11-10
B0DK6YPZC3,2025-12-08
B0DK6YPZC3,2026-01-05
B0DK6YPZC3,2026-02-02
B0DK6YPZC3,2026-03-02
B0DK887YR1,2025-04-28
B0DK887YR1,2025-05-26
B0DK887YR1,2025-06-23
B0DK887YR1,2025-07-21
B0DK887YR1,2025-08-18
B0DK887YR1,2025-09-15
B0DK887YR1,2025-10-13
B0DK887YR1,2025-11-10
B0DK887YR1,2025-12-08
B0DK887YR1,2026-01-05
B0DK887YR1,2026-02-02
B0DK887YR1,2026-03-02
B0DK9M6JZX,2025-04-28
B0DK9M6JZX,2025-05-26
B0DK9M6JZX,2025-06-23
B0DK9M6JZX,2025-07-21
B0DK9M6JZX,2025-08-18
B0DK9M6JZX,2025-09-15
B0DK9M6JZX,2025-10-13
B0DK9M6JZX,2025-11-10
B0DK9M6JZX,2025-12-08
B0DK9M6JZX,2026-01-05
B0DK9M6JZX,2026-02-02
B0DK9M6JZX,2026-03-02
B0DKF8L44Z,2025-04-28
B0DKF8L44Z,2025-05-26
B0DKF8L44Z,2025-06-23
B0DKF8L44Z,2025-07-21
B0DKF8L44Z,2025-08-18
B0DKF8L44Z,2025-09-15
B0DKF8L44Z,2025-10-13
B0DKF8L44Z,2025-11-10
B0DKF8L44Z,2025-12-08
B0DKF8L44Z,2026-01-05
B0DKF8L44Z,2026-02-02
B0DKF8L44Z,2026-03-02
B0DKJSB6PZ,2025-04-28
B0DKJSB6PZ,2025-05-26
B0DKJSB6PZ,2025-06-23
B0DKJSB6PZ,2025-07-21
B0DKJSB6PZ,2025-08-18
B0DKJSB6PZ,2025-09-15
B0DKJSB6PZ,2025-10-13
B0DKJSB6PZ,2025-11-10
B0DKJSB6PZ,2025-12-08
B0DKJSB6PZ,2026-01-05
B0DKJSB6PZ,2026-02-02
B0DKJSB6PZ,2026-03-02
B0DKKZ6D8P,2025-04-28
B0DKKZ6D8P,2025-05-26
B0DKKZ6D8P,2025-06-23
B0DKKZ6D8P,2025-07-21
B0DKKZ6D8P,2025-08-18
B0DKKZ6D8P,2025-09-15
B0DKKZ6D8P,2025-10-13
B0DKKZ6D8P,2025-11-10
B0DKKZ6D8P,2025-12-08
B0DKKZ6D8P,2026-01-05
B0DKKZ6D8P,2026-02-02
B0DKKZ6D8P,2026-03-02
B0DKL69YGJ,2025-04-28
B0DKL69YGJ,2025-05-26
B0DKL69YGJ,2025-06-23
B0DKL69YGJ,2025-07-21
B0DKL69YGJ,2025-08-18
B0DKL69YGJ,2025-09-15
B0DKL69YGJ,2025-10-13
B0DKL69YGJ,2025-11-10
B0DKL69YGJ,2025-12-08
B0DKL69YGJ,2026-01-05
B0DKL69YGJ,2026-02-02
B0DKL69YGJ,2026-03-02
B0DKL8N6KG,2025-04-28
B0DKL8N6KG,2025-05-26
B0DKL8N6KG,2025-06-23
B0DKL8N6KG,2025-07-21
B0DKL8N6KG,2025-08-18
B0DKL8N6KG,2025-09-15
B0DKL8N6KG,2025-10-13
B0DKL8N6KG,2025-11-10
B0DKL8N6KG,2025-12-08
B0DKL8N6KG,2026-01-05
B0DKL8N6KG,2026-02-02
B0DKL8N6KG,2026-03-02
B0DKLD6FRF,2025-04-28
B0DKLD6FRF,2025-05-26
B0DKLD6FRF,2025-06-23
B0DKLD6FRF,2025-07-21
B0DKLD6FRF,2025-08-18
B0DKLD6FRF,2025-09-15
B0DKLD6FRF,2025-10-13
B0DKLD6FRF,2025-11-10
B0DKLD6FRF,2025-12-08
B0DKLD6FRF,2026-01-05
B0DKLD6FRF,2026-02-02
B0DKLD6FRF,2026-03-02
B0DKN6WH55,2025-04-28
B0DKN6WH55,2025-05-26
B0DKN6WH55,2025-06-23
B0DKN6WH55,2025-07-21
B0DKN6WH55,2025-08-18
B0DKN6WH55,2025-09-15
B0DKN6WH55,2025-10-13
B0DKN6WH55,2025-11-10
B0DKN6WH55,2025-12-08
B0DKN6WH55,2026-01-05
B0DKN6WH55,2026-02-02
B0DKN6WH55,2026-03-02
B0DKN9J9PK,2025-04-28
B0DKN9J9PK,2025-05-26
B0DKN9J9PK,2025-06-23
B0DKN9J9PK,2025-07-21
B0DKN9J9PK,2025-08-18
B0DKN9J9PK,2025-09-15
B0DKN9J9PK,2025-10-13
B0DKN9J9PK,2025-11-10
B0DKN9J9PK,2025-12-08
B0DKN9J9PK,2026-01-05
B0DKN9J9PK,2026-02-02
B0DKN9J9PK,2026-03-02
B0DKNGLBYM,2025-04-28
B0DKNGLBYM,2025-05-26
B0DKNGLBYM,2025-06-23
B0DKNGLBYM,2025-07-21
B0DKNGLBYM,2025-08-18
B0DKNGLBYM,2025-09-15
B0DKNGLBYM,2025-10-13
B0DKNGLBYM,2025-11-10
B0DKNGLBYM,2025-12-08
B0DKNGLBYM,2026-01-05
B0DKNGLBYM,2026-02-02
B0DKNGLBYM,2026-03-02
B0DKSD6SPY,2025-04-28
B0DKSD6SPY,2025-05-26
B0DKSD6SPY,2025-06-23
B0DKSD6SPY,2025-07-21
B0DKSD6SPY,2025-08-18
B0DKSD6SPY,2025-09-15
B0DKSD6SPY,2025-10-13
B0DKSD6SPY,2025-11-10
B0DKSD6SPY,2025-12-08
B0DKSD6SPY,2026-01-05
B0DKSD6SPY,2026-02-02
B0DKSD6SPY,2026-03-02
B0DKVJRQHF,2025-04-28
B0DKVJRQHF,2025-05-26
B0DKVJRQHF,2025-06-23
B0DKVJRQHF,2025-07-21
B0DKVJRQHF,2025-08-18
B0DKVJRQHF,2025-09-15
B0DKVJRQHF,2025-10-13
B0DKVJRQHF,2025-11-10
B0DKVJRQHF,2025-12-08
B0DKVJRQHF,2026-01-05
B0DKVJRQHF,2026-02-02
B0DKVJRQHF,2026-03-02
B0DKVZYQB9,2025-04-28
B0DKVZYQB9,2025-05-26
B0DKVZYQB9,2025-06-23
B0DKVZYQB9,2025-07-21
B0DKVZYQB9,2025-08-18
B0DKVZYQB9,2025-09-15
B0DKVZYQB9,2025-10-13
B0DKVZYQB9,2025-11-10
B0DKVZYQB9,2025-12-08
B0DKVZYQB9,2026-01-05
B0DKVZYQB9,2026-02-02
B0DKVZYQB9,2026-03-02
B0DL2CD69Q,2025-04-28
B0DL2CD69Q,2025-05-26
B0DL2CD69Q,2025-06-23
B0DL2CD69Q,2025-07-21
B0DL2CD69Q,2025-08-18
B0DL2CD69Q,2025-09-15
B0DL2CD69Q,2025-10-13
B0DL2CD69Q,2025-11-10
B0DL2CD69Q,2025-12-08
B0DL2CD69Q,2026-01-05
B0DL2CD69Q,2026-02-02
B0DL2CD69Q,2026-03-02
B0DL342GMM,2025-04-28
B0DL342GMM,2025-05-26
B0DL342GMM,2025-06-23
B0DL342GMM,2025-07-21
B0DL342GMM,2025-08-18
B0DL342GMM,2025-09-15
B0DL342GMM,2025-10-13
B0DL342GMM,2025-11-10
B0DL342GMM,2025-12-08
B0DL342GMM,2026-01-05
B0DL342GMM,2026-02-02
B0DL342GMM,2026-03-02
B0DL59NPT4,2025-04-28
B0DL59NPT4,2025-05-26
B0DL59NPT4,2025-06-23
B0DL59NPT4,2025-07-21
B0DL59NPT4,2025-08-18
B0DL59NPT4,2025-09-15
B0DL59NPT4,2025-10-13
B0DL59NPT4,2025-11-10
B0DL59NPT4,2025-12-08
B0DL59NPT4,2026-01-05
B0DL59NPT4,2026-02-02
B0DL59NPT4,2026-03-02
B0DL5NP6QM,2025-04-28
B0DL5NP6QM,2025-05-26
B0DL5NP6QM,2025-06-23
B0DL5NP6QM,2025-07-21
B0DL5NP6QM,2025-08-18
B0DL5NP6QM,2025-09-15
B0DL5NP6QM,2025-10-13
B0DL5NP6QM,2025-11-10
B0DL5NP6QM,2025-12-08
B0DL5NP6QM,2026-01-05
B0DL5NP6QM,2026-02-02
B0DL5NP6QM,2026-03-02
B0DL5SQ44P,2025-04-28
B0DL5SQ44P,2025-05-26
B0DL5SQ44P,2025-06-23
B0DL5SQ44P,2025-07-21
B0DL5SQ44P,2025-08-18
B0DL5SQ44P,2025-09-15
B0DL5SQ44P,2025-10-13
B0DL5SQ44P,2025-11-10
B0DL5SQ44P,2025-12-08
B0DL5SQ44P,2026-01-05
B0DL5SQ44P,2026-02-02
B0DL5SQ44P,2026-03-02
B0DL9ZQJLZ,2025-04-28
B0DL9ZQJLZ,2025-05-26
B0DL9ZQJLZ,2025-06-23
B0DL9ZQJLZ,2025-07-21
B0DL9ZQJLZ,2025-08-18
B0DL9ZQJLZ,2025-09-15
B0DL9ZQJLZ,2025-10-13
B0DL9ZQJLZ,2025-11-10
B0DL9ZQJLZ,2025-12-08
B0DL9ZQJLZ,2026-01-05
B0DL9ZQJLZ,2026-02-02
B0DL9ZQJLZ,2026-03-02
B0DLB76RCK,2025-04-28
B0DLB76RCK,2025-05-26
B0DLB76RCK,2025-06-23
B0DLB76RCK,2025-07-21
B0DLB76RCK,2025-08-18
B0DLB76RCK,2025-09-15
B0DLB76RCK,2025-10-13
B0DLB76RCK,2025-11-10
B0DLB76RCK,2025-12-08
B0DLB76RCK,2026-01-05
B0DLB76RCK,2026-02-02
B0DLB76RCK,2026-03-02
B0DLJX1YLR,2025-04-28
B0DLJX1YLR,2025-05-26
B0DLJX1YLR,2025-06-23
B0DLJX1YLR,2025-07-21
B0DLJX1YLR,2025-08-18
B0DLJX1YLR,2025-09-15
B0DLJX1YLR,2025-10-13
B0DLJX1YLR,2025-11-10
B0DLJX1YLR,2025-12-08
B0DLJX1YLR,2026-01-05
B0DLJX1YLR,2026-02-02
B0DLJX1YLR,2026-03-02
B0DLKJ9RL6,2025-04-28
B0DLKJ9RL6,2025-05-26
B0DLKJ9RL6,2025-06-23
B0DLKJ9RL6,2025-07-21
B0DLKJ9RL6,2025-08-18
B0DLKJ9RL6,2025-09-15
B0DLKJ9RL6,2025-10-13
B0DLKJ9RL6,2025-11-10
B0DLKJ9RL6,2025-12-08
B0DLKJ9RL6,2026-01-05
B0DLKJ9RL6,2026-02-02
B0DLKJ9RL6,2026-03-02
B0DLKMXKDK,2025-04-28
B0DLKMXKDK,2025-05-26
B0DLKMXKDK,2025-06-23
B0DLKMXKDK,2025-07-21
B0DLKMXKDK,2025-08-18
B0DLKMXKDK,2025-09-15
B0DLKMXKDK,2025-10-13
B0DLKMXKDK,2025-11-10
B0DLKMXKDK,2025-12-08
B0DLKMXKDK,2026-01-05
B0DLKMXKDK,2026-02-02
B0DLKMXKDK,2026-03-02
B0DLKNL6RS,2025-04-28
B0DLKNL6RS,2025-05-26
B0DLKNL6RS,2025-06-23
B0DLKNL6RS,2025-07-21
B0DLKNL6RS,2025-08-18
B0DLKNL6RS,2025-09-15
B0DLKNL6RS,2025-10-13
B0DLKNL6RS,2025-11-10
B0DLKNL6RS,2025-12-08
B0DLKNL6RS,2026-01-05
B0DLKNL6RS,2026-02-02
B0DLKNL6RS,2026-03-02
B0DLKTMNWQ,2025-04-28
B0DLKTMNWQ,2025-05-26
B0DLKTMNWQ,2025-06-23
B0DLKTMNWQ,2025-07-21
B0DLKTMNWQ,2025-08-18
B0DLKTMNWQ,2025-09-15
B0DLKTMNWQ,2025-10-13
B0DLKTMNWQ,2025-11-10
B0DLKTMNWQ,2025-12-08
B0DLKTMNWQ,2026-01-05
B0DLKTMNWQ,2026-02-02
B0DLKTMNWQ,2026-03-02
B0DLW6YZHD,2025-04-28
B0DLW6YZHD,2025-05-26
B0DLW6YZHD,2025-06-23
B0DLW6YZHD,2025-07-21
B0DLW6YZHD,2025-08-18
B0DLW6YZHD,2025-09-15
B0DLW6YZHD,2025-10-13
B0DLW6YZHD,2025-11-10
B0DLW6YZHD,2025-12-08
B0DLW6YZHD,2026-01-05
B0DLW6YZHD,2026-02-02
B0DLW6YZHD,2026-03-02
B0DLW8636C,2025-04-28
B0DLW8636C,2025-05-26
B0DLW8636C,2025-06-23
B0DLW8636C,2025-07-21
B0DLW8636C,2025-08-18
B0DLW8636C,2025-09-15
B0DLW8636C,2025-10-13
B0DLW8636C,2025-11-10
B0DLW8636C,2025-12-08
B0DLW8636C,2026-01-05
B0DLW8636C,2026-02-02
B0DLW8636C,2026-03-02
B0DLW88XGV,2025-04-28
B0DLW88XGV,2025-05-26
B0DLW88XGV,2025-06-23
B0DLW88XGV,2025-07-21
B0DLW88XGV,2025-08-18
B0DLW88XGV,2025-09-15
B0DLW88XGV,2025-10-13
B0DLW88XGV,2025-11-10
B0DLW88XGV,2025-12-08
B0DLW88XGV,2026-01-05
B0DLW88XGV,2026-02-02
B0DLW88XGV,2026-03-02
B0DLWJZC3D,2025-04-28
B0DLWJZC3D,2025-05-26
B0DLWJZC3D,2025-06-23
B0DLWJZC3D,2025-07-21
B0DLWJZC3D,2025-08-18
B0DLWJZC3D,2025-09-15
B0DLWJZC3D,2025-10-13
B0DLWJZC3D,2025-11-10
B0DLWJZC3D,2025-12-08
B0DLWJZC3D,2026-01-05
B0DLWJZC3D,2026-02-02
B0DLWJZC3D,2026-03-02
B0DLWLP4YD,2025-04-28
B0DLWLP4YD,2025-05-26
B0DLWLP4YD,2025-06-23
B0DLWLP4YD,2025-07-21
B0DLWLP4YD,2025-08-18
B0DLWLP4YD,2025-09-15
B0DLWLP4YD,2025-10-13
B0DLWLP4YD,2025-11-10
B0DLWLP4YD,2025-12-08
B0DLWLP4YD,2026-01-05
B0DLWLP4YD,2026-02-02
B0DLWLP4YD,2026-03-02
B0DLWMJRLS,2025-04-28
B0DLWMJRLS,2025-05-26
B0DLWMJRLS,2025-06-23
B0DLWMJRLS,2025-07-21
B0DLWMJRLS,2025-08-18
B0DLWMJRLS,2025-09-15
B0DLWMJRLS,2025-10-13
B0DLWMJRLS,2025-11-10
B0DLWMJRLS,2025-12-08
B0DLWMJRLS,2026-01-05
B0DLWMJRLS,2026-02-02
B0DLWMJRLS,2026-03-02
B0DLY8H5P8,2025-04-28
B0DLY8H5P8,2025-05-26
B0DLY8H5P8,2025-06-23
B0DLY8H5P8,2025-07-21
B0DLY8H5P8,2025-08-18
B0DLY8H5P8,2025-09-15
B0DLY8H5P8,2025-10-13
B0DLY8H5P8,2025-11-10
B0DLY8H5P8,2025-12-08
B0DLY8H5P8,2026-01-05
B0DLY8H5P8,2026-02-02
B0DLY8H5P8,2026-03-02
B0DLZ4DX16,2025-04-28
B0DLZ4DX16,2025-05-26
B0DLZ4DX16,2025-06-23
B0DLZ4DX16,2025-07-21
B0DLZ4DX16,2025-08-18
B0DLZ4DX16,2025-09-15
B0DLZ4DX16,2025-10-13
B0DLZ4DX16,2025-11-10
B0DLZ4DX16,2025-12-08
B0DLZ4DX16,2026-01-05
B0DLZ4DX16,2026-02-02
B0DLZ4DX16,2026-03-02
B0DLZHCHQW,2025-04-28
B0DLZHCHQW,2025-05-26
B0DLZHCHQW,2025-06-23
B0DLZHCHQW,2025-07-21
B0DLZHCHQW,2025-08-18
B0DLZHCHQW,2025-09-15
B0DLZHCHQW,2025-10-13
B0DLZHCHQW,2025-11-10
B0DLZHCHQW,2025-12-08
B0DLZHCHQW,2026-01-05
B0DLZHCHQW,2026-02-02
B0DLZHCHQW,2026-03-02
B0DLZLLYH2,2025-04-28
B0DLZLLYH2,2025-05-26
B0DLZLLYH2,2025-06-23
B0DLZLLYH2,2025-07-21
B0DLZLLYH2,2025-08-18
B0DLZLLYH2,2025-09-15
B0DLZLLYH2,2025-10-13
B0DLZLLYH2,2025-11-10
B0DLZLLYH2,2025-12-08
B0DLZLLYH2,2026-01-05
B0DLZLLYH2,2026-02-02
B0DLZLLYH2,2026-03-02
B0DLZMVTDD,2025-04-28
B0DLZMVTDD,2025-05-26
B0DLZMVTDD,2025-06-23
B0DLZMVTDD,2025-07-21
B0DLZMVTDD,2025-08-18
B0DLZMVTDD,2025-09-15
B0DLZMVTDD,2025-10-13
B0DLZMVTDD,2025-11-10
B0DLZMVTDD,2025-12-08
B0DLZMVTDD,2026-01-05
B0DLZMVTDD,2026-02-02
B0DLZMVTDD,2026-03-02
B0DM222F52,2025-04-28
B0DM222F52,2025-05-26
B0DM222F52,2025-06-23
B0DM222F52,2025-07-21
B0DM222F52,2025-08-18
B0DM222F52,2025-09-15
B0DM222F52,2025-10-13
B0DM222F52,2025-11-10
B0DM222F52,2025-12-08
B0DM222F52,2026-01-05
B0DM222F52,2026-02-02
B0DM222F52,2026-03-02
B0DM22S1N6,2025-04-28
B0DM22S1N6,2025-05-26
B0DM22S1N6,2025-06-23
B0DM22S1N6,2025-07-21
B0DM22S1N6,2025-08-18
B0DM22S1N6,2025-09-15
B0DM22S1N6,2025-10-13
B0DM22S1N6,2025-11-10
B0DM22S1N6,2025-12-08
B0DM22S1N6,2026-01-05
B0DM22S1N6,2026-02-02
B0DM22S1N6,2026-03-02
B0DM22VXZN,2025-04-28
B0DM22VXZN,2025-05-26
B0DM22VXZN,2025-06-23
B0DM22VXZN,2025-07-21
B0DM22VXZN,2025-08-18
B0DM22VXZN,2025-09-15
B0DM22VXZN,2025-10-13
B0DM22VXZN,2025-11-10
B0DM22VXZN,2025-12-08
B0DM22VXZN,2026-01-05
B0DM22VXZN,2026-02-02
B0DM22VXZN,2026-03-02
B0DM22WRJ1,2025-04-28
B0DM22WRJ1,2025-05-26
B0DM22WRJ1,2025-06-23
B0DM22WRJ1,2025-07-21
B0DM22WRJ1,2025-08-18
B0DM22WRJ1,2025-09-15
B0DM22WRJ1,2025-10-13
B0DM22WRJ1,2025-11-10
B0DM22WRJ1,2025-12-08
B0DM22WRJ1,2026-01-05
B0DM22WRJ1,2026-02-02
B0DM22WRJ1,2026-03-02
B0DM23CKR3,2025-04-28
B0DM23CKR3,2025-05-26
B0DM23CKR3,2025-06-23
B0DM23CKR3,2025-07-21
B0DM23CKR3,2025-08-18
B0DM23CKR3,2025-09-15
B0DM23CKR3,2025-10-13
B0DM23CKR3,2025-11-10
B0DM23CKR3,2025-12-08
B0DM23CKR3,2026-01-05
B0DM23CKR3,2026-02-02
B0DM23CKR3,2026-03-02
B0DM243W3R,2025-04-28
B0DM243W3R,2025-05-26
B0DM243W3R,2025-06-23
B0DM243W3R,2025-07-21
B0DM243W3R,2025-08-18
B0DM243W3R,2025-09-15
B0DM243W3R,2025-10-13
B0DM243W3R,2025-11-10
B0DM243W3R,2025-12-08
B0DM243W3R,2026-01-05
B0DM243W3R,2026-02-02
B0DM243W3R,2026-03-02
B0DM25SZ6H,2025-04-28
B0DM25SZ6H,2025-05-26
B0DM25SZ6H,2025-06-23
B0DM25SZ6H,2025-07-21
B0DM25SZ6H,2025-08-18
B0DM25SZ6H,2025-09-15
B0DM25SZ6H,2025-10-13
B0DM25SZ6H,2025-11-10
B0DM25SZ6H,2025-12-08
B0DM25SZ6H,2026-01-05
B0DM25SZ6H,2026-02-02
B0DM25SZ6H,2026-03-02
B0DM29MSLL,2025-04-28
B0DM29MSLL,2025-05-26
B0DM29MSLL,2025-06-23
B0DM29MSLL,2025-07-21
B0DM29MSLL,2025-08-18
B0DM29MSLL,2025-09-15
B0DM29MSLL,2025-10-13
B0DM29MSLL,2025-11-10
B0DM29MSLL,2025-12-08
B0DM29MSLL,2026-01-05
B0DM29MSLL,2026-02-02
B0DM29MSLL,2026-03-02
B0DM4C1W6P,2025-04-28
B0DM4C1W6P,2025-05-26
B0DM4C1W6P,2025-06-23
B0DM4C1W6P,2025-07-21
B0DM4C1W6P,2025-08-18
B0DM4C1W6P,2025-09-15
B0DM4C1W6P,2025-10-13
B0DM4C1W6P,2025-11-10
B0DM4C1W6P,2025-12-08
B0DM4C1W6P,2026-01-05
B0DM4C1W6P,2026-02-02
B0DM4C1W6P,2026-03-02
B0DM4NH1ML,2025-04-28
B0DM4NH1ML,2025-05-26
B0DM4NH1ML,2025-06-23
B0DM4NH1ML,2025-07-21
B0DM4NH1ML,2025-08-18
B0DM4NH1ML,2025-09-15
B0DM4NH1ML,2025-10-13
B0DM4NH1ML,2025-11-10
B0DM4NH1ML,2025-12-08
B0DM4NH1ML,2026-01-05
B0DM4NH1ML,2026-02-02
B0DM4NH1ML,2026-03-02
B0DMB2JKYS,2025-04-28
B0DMB2JKYS,2025-05-26
B0DMB2JKYS,2025-06-23
B0DMB2JKYS,2025-07-21
B0DMB2JKYS,2025-08-18
B0DMB2JKYS,2025-09-15
B0DMB2JKYS,2025-10-13
B0DMB2JKYS,2025-11-10
B0DMB2JKYS,2025-12-08
B0DMB2JKYS,2026-01-05
B0DMB2JKYS,2026-02-02
B0DMB2JKYS,2026-03-02
B0DMNQW9M2,2025-04-28
B0DMNQW9M2,2025-05-26
B0DMNQW9M2,2025-06-23
B0DMNQW9M2,2025-07-21
B0DMNQW9M2,2025-08-18
B0DMNQW9M2,2025-09-15
B0DMNQW9M2,2025-10-13
B0DMNQW9M2,2025-11-10
B0DMNQW9M2,2025-12-08
B0DMNQW9M2,2026-01-05
B0DMNQW9M2,2026-02-02
B0DMNQW9M2,2026-03-02
B0DMZDRL78,2025-04-28
B0DMZDRL78,2025-05-26
B0DMZDRL78,2025-06-23
B0DMZDRL78,2025-07-21
B0DMZDRL78,2025-08-18
B0DMZDRL78,2025-09-15
B0DMZDRL78,2025-10-13
B0DMZDRL78,2025-11-10
B0DMZDRL78,2025-12-08
B0DMZDRL78,2026-01-05
B0DMZDRL78,2026-02-02
B0DMZDRL78,2026-03-02
B0DN17NH8H,2025-04-28
B0DN17NH8H,2025-05-26
B0DN17NH8H,2025-06-23
B0DN17NH8H,2025-07-21
B0DN17NH8H,2025-08-18
B0DN17NH8H,2025-09-15
B0DN17NH8H,2025-10-13
B0DN17NH8H,2025-11-10
B0DN17NH8H,2025-12-08
B0DN17NH8H,2026-01-05
B0DN17NH8H,2026-02-02
B0DN17NH8H,2026-03-02
B0DN1921G4,2025-04-28
B0DN1921G4,2025-05-26
B0DN1921G4,2025-06-23
B0DN1921G4,2025-07-21
B0DN1921G4,2025-08-18
B0DN1921G4,2025-09-15
B0DN1921G4,2025-10-13
B0DN1921G4,2025-11-10
B0DN1921G4,2025-12-08
B0DN1921G4,2026-01-05
B0DN1921G4,2026-02-02
B0DN1921G4,2026-03-02
B0DN1CJG7C,2025-04-28
B0DN1CJG7C,2025-05-26
B0DN1CJG7C,2025-06-23
B0DN1CJG7C,2025-07-21
B0DN1CJG7C,2025-08-18
B0DN1CJG7C,2025-09-15
B0DN1CJG7C,2025-10-13
B0DN1CJG7C,2025-11-10
B0DN1CJG7C,2025-12-08
B0DN1CJG7C,2026-01-05
B0DN1CJG7C,2026-02-02
B0DN1CJG7C,2026-03-02
B0DN1GMNRZ,2025-04-28
B0DN1GMNRZ,2025-05-26
B0DN1GMNRZ,2025-06-23
B0DN1GMNRZ,2025-07-21
B0DN1GMNRZ,2025-08-18
B0DN1GMNRZ,2025-09-15
B0DN1GMNRZ,2025-10-13
B0DN1GMNRZ,2025-11-10
B0DN1GMNRZ,2025-12-08
B0DN1GMNRZ,2026-01-05
B0DN1GMNRZ,2026-02-02
B0DN1GMNRZ,2026-03-02
B0DN69H9HR,2025-04-28
B0DN69H9HR,2025-05-26
B0DN69H9HR,2025-06-23
B0DN69H9HR,2025-07-21
B0DN69H9HR,2025-08-18
B0DN69H9HR,2025-09-15
B0DN69H9HR,2025-10-13
B0DN69H9HR,2025-11-10
B0DN69H9HR,2025-12-08
B0DN69H9HR,2026-01-05
B0DN69H9HR,2026-02-02
B0DN69H9HR,2026-03-02
B0DN6GDMNY,2025-04-28
B0DN6GDMNY,2025-05-26
B0DN6GDMNY,2025-06-23
B0DN6GDMNY,2025-07-21
B0DN6GDMNY,2025-08-18
B0DN6GDMNY,2025-09-15
B0DN6GDMNY,2025-10-13
B0DN6GDMNY,2025-11-10
B0DN6GDMNY,2025-12-08
B0DN6GDMNY,2026-01-05
B0DN6GDMNY,2026-02-02
B0DN6GDMNY,2026-03-02
B0DNDPQC8B,2025-04-28
B0DNDPQC8B,2025-05-26
B0DNDPQC8B,2025-06-23
B0DNDPQC8B,2025-07-21
B0DNDPQC8B,2025-08-18
B0DNDPQC8B,2025-09-15
B0DNDPQC8B,2025-10-13
B0DNDPQC8B,2025-11-10
B0DNDPQC8B,2025-12-08
B0DNDPQC8B,2026-01-05
B0DNDPQC8B,2026-02-02
B0DNDPQC8B,2026-03-02
B0DNDRWJMW,2025-04-28
B0DNDRWJMW,2025-05-26
B0DNDRWJMW,2025-06-23
B0DNDRWJMW,2025-07-21
B0DNDRWJMW,2025-08-18
B0DNDRWJMW,2025-09-15
B0DNDRWJMW,2025-10-13
B0DNDRWJMW,2025-11-10
B0DNDRWJMW,2025-12-08
B0DNDRWJMW,2026-01-05
B0DNDRWJMW,2026-02-02
B0DNDRWJMW,2026-03-02
B0DNF8G6JF,2025-04-28
B0DNF8G6JF,2025-05-26
B0DNF8G6JF,2025-06-23
B0DNF8G6JF,2025-07-21
B0DNF8G6JF,2025-08-18
B0DNF8G6JF,2025-09-15
B0DNF8G6JF,2025-10-13
B0DNF8G6JF,2025-11-10
B0DNF8G6JF,2025-12-08
B0DNF8G6JF,2026-01-05
B0DNF8G6JF,2026-02-02
B0DNF8G6JF,2026-03-02
B0DNKFCC7Y,2025-04-28
B0DNKFCC7Y,2025-05-26
B0DNKFCC7Y,2025-06-23
B0DNKFCC7Y,2025-07-21
B0DNKFCC7Y,2025-08-18
B0DNKFCC7Y,2025-09-15
B0DNKFCC7Y,2025-10-13
B0DNKFCC7Y,2025-11-10
B0DNKFCC7Y,2025-12-08
B0DNKFCC7Y,2026-01-05
B0DNKFCC7Y,2026-02-02
B0DNKFCC7Y,2026-03-02
B0DNLBK9ST,2025-04-28
B0DNLBK9ST,2025-05-26
B0DNLBK9ST,2025-06-23
B0DNLBK9ST,2025-07-21
B0DNLBK9ST,2025-08-18
B0DNLBK9ST,2025-09-15
B0DNLBK9ST,2025-10-13
B0DNLBK9ST,2025-11-10
B0DNLBK9ST,2025-12-08
B0DNLBK9ST,2026-01-05
B0DNLBK9ST,2026-02-02
B0DNLBK9ST,2026-03-02
B0DNS6P52H,2025-04-28
B0DNS6P52H,2025-05-26
B0DNS6P52H,2025-06-23
B0DNS6P52H,2025-07-21
B0DNS6P52H,2025-08-18
B0DNS6P52H,2025-09-15
B0DNS6P52H,2025-10-13
B0DNS6P52H,2025-11-10
B0DNS6P52H,2025-12-08
B0DNS6P52H,2026-01-05
B0DNS6P52H,2026-02-02
B0DNS6P52H,2026-03-02
B0DNSKP554,2025-04-28
B0DNSKP554,2025-05-26
B0DNSKP554,2025-06-23
B0DNSKP554,2025-07-21
B0DNSKP554,2025-08-18
B0DNSKP554,2025-09-15
B0DNSKP554,2025-10-13
B0DNSKP554,2025-11-10
B0DNSKP554,2025-12-08
B0DNSKP554,2026-01-05
B0DNSKP554,2026-02-02
B0DNSKP554,2026-03-02
B0DNSLBVMJ,2025-04-28
B0DNSLBVMJ,2025-05-26
B0DNSLBVMJ,2025-06-23
B0DNSLBVMJ,2025-07-21
B0DNSLBVMJ,2025-08-18
B0DNSLBVMJ,2025-09-15
B0DNSLBVMJ,2025-10-13
B0DNSLBVMJ,2025-11-10
B0DNSLBVMJ,2025-12-08
B0DNSLBVMJ,2026-01-05
B0DNSLBVMJ,2026-02-02
B0DNSLBVMJ,2026-03-02
B0DNYXRM24,2025-04-28
B0DNYXRM24,2025-05-26
B0DNYXRM24,2025-06-23
B0DNYXRM24,2025-07-21
B0DNYXRM24,2025-08-18
B0DNYXRM24,2025-09-15
B0DNYXRM24,2025-10-13
B0DNYXRM24,2025-11-10
B0DNYXRM24,2025-12-08
B0DNYXRM24,2026-01-05
B0DNYXRM24,2026-02-02
B0DNYXRM24,2026-03-02
B0DNZ8F7NP,2025-04-28
B0DNZ8F7NP,2025-05-26
B0DNZ8F7NP,2025-06-23
B0DNZ8F7NP,2025-07-21
B0DNZ8F7NP,2025-08-18
B0DNZ8F7NP,2025-09-15
B0DNZ8F7NP,2025-10-13
B0DNZ8F7NP,2025-11-10
B0DNZ8F7NP,2025-12-08
B0DNZ8F7NP,2026-01-05
B0DNZ8F7NP,2026-02-02
B0DNZ8F7NP,2026-03-02
B0DNZ94W15,2025-04-28
B0DNZ94W15,2025-05-26
B0DNZ94W15,2025-06-23
B0DNZ94W15,2025-07-21
B0DNZ94W15,2025-08-18
B0DNZ94W15,2025-09-15
B0DNZ94W15,2025-10-13
B0DNZ94W15,2025-11-10
B0DNZ94W15,2025-12-08
B0DNZ94W15,2026-01-05
B0DNZ94W15,2026-02-02
B0DNZ94W15,2026-03-02
B0DP163PWV,2025-04-28
B0DP163PWV,2025-05-26
B0DP163PWV,2025-06-23
B0DP163PWV,2025-07-21
B0DP163PWV,2025-08-18
B0DP163PWV,2025-09-15
B0DP163PWV,2025-10-13
B0DP163PWV,2025-11-10
B0DP163PWV,2025-12-08
B0DP163PWV,2026-01-05
B0DP163PWV,2026-02-02
B0DP163PWV,2026-03-02
B0DP1SCR43,2025-04-28
B0DP1SCR43,2025-05-26
B0DP1SCR43,2025-06-23
B0DP1SCR43,2025-07-21
B0DP1SCR43,2025-08-18
B0DP1SCR43,2025-09-15
B0DP1SCR43,2025-10-13
B0DP1SCR43,2025-11-10
B0DP1SCR43,2025-12-08
B0DP1SCR43,2026-01-05
B0DP1SCR43,2026-02-02
B0DP1SCR43,2026-03-02
B0DP4TCMZP,2025-04-28
B0DP4TCMZP,2025-05-26
B0DP4TCMZP,2025-06-23
B0DP4TCMZP,2025-07-21
B0DP4TCMZP,2025-08-18
B0DP4TCMZP,2025-09-15
B0DP4TCMZP,2025-10-13
B0DP4TCMZP,2025-11-10
B0DP4TCMZP,2025-12-08
B0DP4TCMZP,2026-01-05
B0DP4TCMZP,2026-02-02
B0DP4TCMZP,2026-03-02
B0DP9LNJVM,2025-04-28
B0DP9LNJVM,2025-05-26
B0DP9LNJVM,2025-06-23
B0DP9LNJVM,2025-07-21
B0DP9LNJVM,2025-08-18
B0DP9LNJVM,2025-09-15
B0DP9LNJVM,2025-10-13
B0DP9LNJVM,2025-11-10
B0DP9LNJVM,2025-12-08
B0DP9LNJVM,2026-01-05
B0DP9LNJVM,2026-02-02
B0DP9LNJVM,2026-03-02
B0DPC93T7D,2025-04-28
B0DPC93T7D,2025-05-26
B0DPC93T7D,2025-06-23
B0DPC93T7D,2025-07-21
B0DPC93T7D,2025-08-18
B0DPC93T7D,2025-09-15
B0DPC93T7D,2025-10-13
B0DPC93T7D,2025-11-10
B0DPC93T7D,2025-12-08
B0DPC93T7D,2026-01-05
B0DPC93T7D,2026-02-02
B0DPC93T7D,2026-03-02
B0DPJVFD13,2025-04-28
B0DPJVFD13,2025-05-26
B0DPJVFD13,2025-06-23
B0DPJVFD13,2025-07-21
B0DPJVFD13,2025-08-18
B0DPJVFD13,2025-09-15
B0DPJVFD13,2025-10-13
B0DPJVFD13,2025-11-10
B0DPJVFD13,2025-12-08
B0DPJVFD13,2026-01-05
B0DPJVFD13,2026-02-02
B0DPJVFD13,2026-03-02
B0DPKPZSZ3,2025-04-28
B0DPKPZSZ3,2025-05-26
B0DPKPZSZ3,2025-06-23
B0DPKPZSZ3,2025-07-21
B0DPKPZSZ3,2025-08-18
B0DPKPZSZ3,2025-09-15
B0DPKPZSZ3,2025-10-13
B0DPKPZSZ3,2025-11-10
B0DPKPZSZ3,2025-12-08
B0DPKPZSZ3,2026-01-05
B0DPKPZSZ3,2026-02-02
B0DPKPZSZ3,2026-03-02
B0DPM3JQ6Z,2025-04-28
B0DPM3JQ6Z,2025-05-26
B0DPM3JQ6Z,2025-06-23
B0DPM3JQ6Z,2025-07-21
B0DPM3JQ6Z,2025-08-18
B0DPM3JQ6Z,2025-09-15
B0DPM3JQ6Z,2025-10-13
B0DPM3JQ6Z,2025-11-10
B0DPM3JQ6Z,2025-12-08
B0DPM3JQ6Z,2026-01-05
B0DPM3JQ6Z,2026-02-02
B0DPM3JQ6Z,2026-03-02
B0DPRDJ65V,2025-04-28
B0DPRDJ65V,2025-05-26
B0DPRDJ65V,2025-06-23
B0DPRDJ65V,2025-07-21
B0DPRDJ65V,2025-08-18
B0DPRDJ65V,2025-09-15
B0DPRDJ65V,2025-10-13
B0DPRDJ65V,2025-11-10
B0DPRDJ65V,2025-12-08
B0DPRDJ65V,2026-01-05
B0DPRDJ65V,2026-02-02
B0DPRDJ65V,2026-03-02
B0DPW4C2RS,2025-04-28
B0DPW4C2RS,2025-05-26
B0DPW4C2RS,2025-06-23
B0DPW4C2RS,2025-07-21
B0DPW4C2RS,2025-08-18
B0DPW4C2RS,2025-09-15
B0DPW4C2RS,2025-10-13
B0DPW4C2RS,2025-11-10
B0DPW4C2RS,2025-12-08
B0DPW4C2RS,2026-01-05
B0DPW4C2RS,2026-02-02
B0DPW4C2RS,2026-03-02
B0DPZLZQ2H,2025-04-28
B0DPZLZQ2H,2025-05-26
B0DPZLZQ2H,2025-06-23
B0DPZLZQ2H,2025-07-21
B0DPZLZQ2H,2025-08-18
B0DPZLZQ2H,2025-09-15
B0DPZLZQ2H,2025-10-13
B0DPZLZQ2H,2025-11-10
B0DPZLZQ2H,2025-12-08
B0DPZLZQ2H,2026-01-05
B0DPZLZQ2H,2026-02-02
B0DPZLZQ2H,2026-03-02
B0DQ2H78ND,2025-04-28
B0DQ2H78ND,2025-05-26
B0DQ2H78ND,2025-06-23
B0DQ2H78ND,2025-07-21
B0DQ2H78ND,2025-08-18
B0DQ2H78ND,2025-09-15
B0DQ2H78ND,2025-10-13
B0DQ2H78ND,2025-11-10
B0DQ2H78ND,2025-12-08
B0DQ2H78ND,2026-01-05
B0DQ2H78ND,2026-02-02
B0DQ2H78ND,2026-03-02
B0DQ2LH5PD,2025-04-28
B0DQ2LH5PD,2025-05-26
B0DQ2LH5PD,2025-06-23
B0DQ2LH5PD,2025-07-21
B0DQ2LH5PD,2025-08-18
B0DQ2LH5PD,2025-09-15
B0DQ2LH5PD,2025-10-13
B0DQ2LH5PD,2025-11-10
B0DQ2LH5PD,2025-12-08
B0DQ2LH5PD,2026-01-05
B0DQ2LH5PD,2026-02-02
B0DQ2LH5PD,2026-03-02
B0DQ2MX9PB,2025-04-28
B0DQ2MX9PB,2025-05-26
B0DQ2MX9PB,2025-06-23
B0DQ2MX9PB,2025-07-21
B0DQ2MX9PB,2025-08-18
B0DQ2MX9PB,2025-09-15
B0DQ2MX9PB,2025-10-13
B0DQ2MX9PB,2025-11-10
B0DQ2MX9PB,2025-12-08
B0DQ2MX9PB,2026-01-05
B0DQ2MX9PB,2026-02-02
B0DQ2MX9PB,2026-03-02
B0DQLFVNYY,2025-04-28
B0DQLFVNYY,2025-05-26
B0DQLFVNYY,2025-06-23
B0DQLFVNYY,2025-07-21
B0DQLFVNYY,2025-08-18
B0DQLFVNYY,2025-09-15
B0DQLFVNYY,2025-10-13
B0DQLFVNYY,2025-11-10
B0DQLFVNYY,2025-12-08
B0DQLFVNYY,2026-01-05
B0DQLFVNYY,2026-02-02
B0DQLFVNYY,2026-03-02
B0DQTFMCBB,2025-04-28
B0DQTFMCBB,2025-05-26
B0DQTFMCBB,2025-06-23
B0DQTFMCBB,2025-07-21
B0DQTFMCBB,2025-08-18
B0DQTFMCBB,2025-09-15
B0DQTFMCBB,2025-10-13
B0DQTFMCBB,2025-11-10
B0DQTFMCBB,2025-12-08
B0DQTFMCBB,2026-01-05
B0DQTFMCBB,2026-02-02
B0DQTFMCBB,2026-03-02
B0DQTXDWSW,2025-04-28
B0DQTXDWSW,2025-05-26
B0DQTXDWSW,2025-06-23
B0DQTXDWSW,2025-07-21
B0DQTXDWSW,2025-08-18
B0DQTXDWSW,2025-09-15
B0DQTXDWSW,2025-10-13
B0DQTXDWSW,2025-11-10
B0DQTXDWSW,2025-12-08
B0DQTXDWSW,2026-01-05
B0DQTXDWSW,2026-02-02
B0DQTXDWSW,2026-03-02
B0DQXRZS7F,2025-04-28
B0DQXRZS7F,2025-05-26
B0DQXRZS7F,2025-06-23
B0DQXRZS7F,2025-07-21
B0DQXRZS7F,2025-08-18
B0DQXRZS7F,2025-09-15
B0DQXRZS7F,2025-10-13
B0DQXRZS7F,2025-11-10
B0DQXRZS7F,2025-12-08
B0DQXRZS7F,2026-01-05
B0DQXRZS7F,2026-02-02
B0DQXRZS7F,2026-03-02
B0DRJH8Y8G,2025-04-28
B0DRJH8Y8G,2025-05-26
B0DRJH8Y8G,2025-06-23
B0DRJH8Y8G,2025-07-21
B0DRJH8Y8G,2025-08-18
B0DRJH8Y8G,2025-09-15
B0DRJH8Y8G,2025-10-13
B0DRJH8Y8G,2025-11-10
B0DRJH8Y8G,2025-12-08
B0DRJH8Y8G,2026-01-05
B0DRJH8Y8G,2026-02-02
B0DRJH8Y8G,2026-03-02
B0DRJL8K26,2025-04-28
B0DRJL8K26,2025-05-26
B0DRJL8K26,2025-06-23
B0DRJL8K26,2025-07-21
B0DRJL8K26,2025-08-18
B0DRJL8K26,2025-09-15
B0DRJL8K26,2025-10-13
B0DRJL8K26,2025-11-10
B0DRJL8K26,2025-12-08
B0DRJL8K26,2026-01-05
B0DRJL8K26,2026-02-02
B0DRJL8K26,2026-03-02
