ASIN,date
B0007T5JCI,2025-03-03
B0007T5JCI,2025-03-10
B0007T5JCI,2025-03-17
B0007T5JCI,2025-03-24
B0007T5JCI,2025-03-31
B0007T5JCI,2025-04-07
B0007T5JCI,2025-04-14
B0007T5JCI,2025-04-21
B0007T5JCI,2025-04-28
B0007T5JCI,2025-05-05
B0007T5JCI,2025-05-12
B0007T5JCI,2025-05-19
B0007T5JCI,2025-05-26
B0007T5JCI,2025-06-02
B0007T5JCI,2025-06-09
B0007T5JCI,2025-06-16
B0007T5JCI,2025-06-23
B0007T5JCI,2025-06-30
B0007T5JCI,2025-07-07
B0007T5JCI,2025-07-14
B0007T5JCI,2025-07-21
B0007T5JCI,2025-07-28
B0007T5JCI,2025-08-04
B0007T5JCI,2025-08-11
B0007T5JCI,2025-08-18
B0007T5JCI,2025-08-25
B0007T5JCI,2025-09-01
B0007T5JCI,2025-09-08
B0007T5JCI,2025-09-15
B0007T5JCI,2025-09-22
B0007T5JCI,2025-09-29
B0007T5JCI,2025-10-06
B0007T5JCI,2025-10-13
B0007T5JCI,2025-10-20
B0007T5JCI,2025-10-27
B0007T5JCI,2025-11-03
B0007T5JCI,2025-11-10
B0007T5JCI,2025-11-17
B0007T5JCI,2025-11-24
B0007T5JCI,2025-12-01
B0007T5JCI,2025-12-08
B0007T5JCI,2025-12-15
B0007T5JCI,2025-12-22
B0007T5JCI,2025-12-29
B0007T5JCI,2026-01-05
B0007T5JCI,2026-01-12
B0007T5JCI,2026-01-19
B0007T5JCI,2026-01-26
B0007T5JCI,2026-02-02
B0007T5JCI,2026-02-09
B0007T5JCI,2026-02-16
B0007T5JCI,2026-02-23
B0007T5JCI,2026-03-02
B0007T5JCI,2026-03-09
B0007T5JCI,2026-03-16
B0007T5JCI,2026-03-23
B0007T5JCI,2026-03-30
B0007T5JCI,2025-03-03
B0007T5JCI,2025-03-10
B0007T5JCI,2025-03-17
B0007T5JCI,2025-03-24
B0007T5JCI,2025-03-31
B0007T5JCI,2025-04-07
B0007T5JCI,2025-04-14
B0007T5JCI,2025-04-21
B0007T5JCI,2025-04-28
B0007T5JCI,2025-05-05
B0007T5JCI,2025-05-12
B0007T5JCI,2025-05-19
B0007T5JCI,2025-05-26
B0007T5JCI,2025-06-02
B0007T5JCI,2025-06-09
B0007T5JCI,2025-06-16
B0007T5JCI,2025-06-23
B0007T5JCI,2025-06-30
B0007T5JCI,2025-07-07
B0007T5JCI,2025-07-14
B0007T5JCI,2025-07-21
B0007T5JCI,2025-07-28
B0007T5JCI,2025-08-04
B0007T5JCI,2025-08-11
B0007T5JCI,2025-08-18
B0007T5JCI,2025-08-25
B0007T5JCI,2025-09-01
B0007T5JCI,2025-09-08
B0007T5JCI,2025-09-15
B0007T5JCI,2025-09-22
B0007T5JCI,2025-09-29
B0007T5JCI,2025-10-06
B0007T5JCI,2025-10-13
B0007T5JCI,2025-10-20
B0007T5JCI,2025-10-27
B0007T5JCI,2025-11-03
B0007T5JCI,2025-11-10
B0007T5JCI,2025-11-17
B0007T5JCI,2025-11-24
B0007T5JCI,2025-12-01
B0007T5JCI,2025-12-08
B0007T5JCI,2025-12-15
B0007T5JCI,2025-12-22
B0007T5JCI,2025-12-29
B0007T5JCI,2026-01-05
B0007T5JCI,2026-01-12
B0007T5JCI,2026-01-19
B0007T5JCI,2026-01-26
B0007T5JCI,2026-02-02
B0007T5JCI,2026-02-09
B0007T5JCI,2026-02-16
B0007T5JCI,2026-02-23
B0007T5JCI,2026-03-02
B0007T5JCI,2026-03-09
B0007T5JCI,2026-03-16
B0007T5JCI,2026-03-23
B0007T5JCI,2026-03-30
B000EP6HS0,2025-03-03
B000EP6HS0,2025-03-10
B000EP6HS0,2025-03-17
B000EP6HS0,2025-03-24
B000EP6HS0,2025-03-31
B000EP6HS0,2025-04-07
B000EP6HS0,2025-04-14
B000EP6HS0,2025-04-21
B000EP6HS0,2025-04-28
B000EP6HS0,2025-05-05
B000EP6HS0,2025-05-12
B000EP6HS0,2025-05-19
B000EP6HS0,2025-05-26
B000EP6HS0,2025-06-02
B000EP6HS0,2025-06-09
B000EP6HS0,2025-06-16
B000EP6HS0,2025-06-23
B000EP6HS0,2025-06-30
B000EP6HS0,2025-07-07
B000EP6HS0,2025-07-14
B000EP6HS0,2025-07-21
B000EP6HS0,2025-07-28
B000EP6HS0,2025-08-04
B000EP6HS0,2025-08-11
B000EP6HS0,2025-08-18
B000EP6HS0,2025-08-25
B000EP6HS0,2025-09-01
B000EP6HS0,2025-09-08
B000EP6HS0,2025-09-15
B000EP6HS0,2025-09-22
B000EP6HS0,2025-09-29
B000EP6HS0,2025-10-06
B000EP6HS0,2025-10-13
B000EP6HS0,2025-10-20
B000EP6HS0,2025-10-27
B000EP6HS0,2025-11-03
B000EP6HS0,2025-11-10
B000EP6HS0,2025-11-17
B000EP6HS0,2025-11-24
B000EP6HS0,2025-12-01
B000EP6HS0,2025-12-08
B000EP6HS0,2025-12-15
B000EP6HS0,2025-12-22
B000EP6HS0,2025-12-29
B000EP6HS0,2026-01-05
B000EP6HS0,2026-01-12
B000EP6HS0,2026-01-19
B000EP6HS0,2026-01-26
B000EP6HS0,2026-02-02
B000EP6HS0,2026-02-09
B000EP6HS0,2026-02-16
B000EP6HS0,2026-02-23
B000EP6HS0,2026-03-02
B000EP6HS0,2026-03-09
B000EP6HS0,2026-03-16
B000EP6HS0,2026-03-23
B000EP6HS0,2026-03-30
B000EP6HS0,2025-03-03
B000EP6HS0,2025-03-10
B000EP6HS0,2025-03-17
B000EP6HS0,2025-03-24
B000EP6HS0,2025-03-31
B000EP6HS0,2025-04-07
B000EP6HS0,2025-04-14
B000EP6HS0,2025-04-21
B000EP6HS0,2025-04-28
B000EP6HS0,2025-05-05
B000EP6HS0,2025-05-12
B000EP6HS0,2025-05-19
B000EP6HS0,2025-05-26
B000EP6HS0,2025-06-02
B000EP6HS0,2025-06-09
B000EP6HS0,2025-06-16
B000EP6HS0,2025-06-23
B000EP6HS0,2025-06-30
B000EP6HS0,2025-07-07
B000EP6HS0,2025-07-14
B000EP6HS0,2025-07-21
B000EP6HS0,2025-07-28
B000EP6HS0,2025-08-04
B000EP6HS0,2025-08-11
B000EP6HS0,2025-08-18
B000EP6HS0,2025-08-25
B000EP6HS0,2025-09-01
B000EP6HS0,2025-09-08
B000EP6HS0,2025-09-15
B000EP6HS0,2025-09-22
B000EP6HS0,2025-09-29
B000EP6HS0,2025-10-06
B000EP6HS0,2025-10-13
B000EP6HS0,2025-10-20
B000EP6HS0,2025-10-27
B000EP6HS0,2025-11-03
B000EP6HS0,2025-11-10
B000EP6HS0,2025-11-17
B000EP6HS0,2025-11-24
B000EP6HS0,2025-12-01
B000EP6HS0,2025-12-08
B000EP6HS0,2025-12-15
B000EP6HS0,2025-12-22
B000EP6HS0,2025-12-29
B000EP6HS0,2026-01-05
B000EP6HS0,2026-01-12
B000EP6HS0,2026-01-19
B000EP6HS0,2026-01-26
B000EP6HS0,2026-02-02
B000EP6HS0,2026-02-09
B000EP6HS0,2026-02-16
B000EP6HS0,2026-02-23
B000EP6HS0,2026-03-02
B000EP6HS0,2026-03-09
B000EP6HS0,2026-03-16
B000EP6HS0,2026-03-23
B000EP6HS0,2026-03-30
B00487O4LW,2025-03-03
B00487O4LW,2025-03-10
B00487O4LW,2025-03-17
B00487O4LW,2025-03-24
B00487O4LW,2025-03-31
B00487O4LW,2025-04-07
B00487O4LW,2025-04-14
B00487O4LW,2025-04-21
B00487O4LW,2025-04-28
B00487O4LW,2025-05-05
B00487O4LW,2025-05-12
B00487O4LW,2025-05-19
B00487O4LW,2025-05-26
B00487O4LW,2025-06-02
B00487O4LW,2025-06-09
B00487O4LW,2025-06-16
B00487O4LW,2025-06-23
B00487O4LW,2025-06-30
B00487O4LW,2025-07-07
B00487O4LW,2025-07-14
B00487O4LW,2025-07-21
B00487O4LW,2025-07-28
B00487O4LW,2025-08-04
B00487O4LW,2025-08-11
B00487O4LW,2025-08-18
B00487O4LW,2025-08-25
B00487O4LW,2025-09-01
B00487O4LW,2025-09-08
B00487O4LW,2025-09-15
B00487O4LW,2025-09-22
B00487O4LW,2025-09-29
B00487O4LW,2025-10-06
B00487O4LW,2025-10-13
B00487O4LW,2025-10-20
B00487O4LW,2025-10-27
B00487O4LW,2025-11-03
B00487O4LW,2025-11-10
B00487O4LW,2025-11-17
B00487O4LW,2025-11-24
B00487O4LW,2025-12-01
B00487O4LW,2025-12-08
B00487O4LW,2025-12-15
B00487O4LW,2025-12-22
B00487O4LW,2025-12-29
B00487O4LW,2026-01-05
B00487O4LW,2026-01-12
B00487O4LW,2026-01-19
B00487O4LW,2026-01-26
B00487O4LW,2026-02-02
B00487O4LW,2026-02-09
B00487O4LW,2026-02-16
B00487O4LW,2026-02-23
B00487O4LW,2026-03-02
B00487O4LW,2026-03-09
B00487O4LW,2026-03-16
B00487O4LW,2026-03-23
B00487O4LW,2026-03-30
B00487O4LW,2025-03-03
B00487O4LW,2025-03-10
B00487O4LW,2025-03-17
B00487O4LW,2025-03-24
B00487O4LW,2025-03-31
B00487O4LW,2025-04-07
B00487O4LW,2025-04-14
B00487O4LW,2025-04-21
B00487O4LW,2025-04-28
B00487O4LW,2025-05-05
B00487O4LW,2025-05-12
B00487O4LW,2025-05-19
B00487O4LW,2025-05-26
B00487O4LW,2025-06-02
B00487O4LW,2025-06-09
B00487O4LW,2025-06-16
B00487O4LW,2025-06-23
B00487O4LW,2025-06-30
B00487O4LW,2025-07-07
B00487O4LW,2025-07-14
B00487O4LW,2025-07-21
B00487O4LW,2025-07-28
B00487O4LW,2025-08-04
B00487O4LW,2025-08-11
B00487O4LW,2025-08-18
B00487O4LW,2025-08-25
B00487O4LW,2025-09-01
B00487O4LW,2025-09-08
B00487O4LW,2025-09-15
B00487O4LW,2025-09-22
B00487O4LW,2025-09-29
B00487O4LW,2025-10-06
B00487O4LW,2025-10-13
B00487O4LW,2025-10-20
B00487O4LW,2025-10-27
B00487O4LW,2025-11-03
B00487O4LW,2025-11-10
B00487O4LW,2025-11-17
B00487O4LW,2025-11-24
B00487O4LW,2025-12-01
B00487O4LW,2025-12-08
B00487O4LW,2025-12-15
B00487O4LW,2025-12-22
B00487O4LW,2025-12-29
B00487O4LW,2026-01-05
B00487O4LW,2026-01-12
B00487O4LW,2026-01-19
B00487O4LW,2026-01-26
B00487O4LW,2026-02-02
B00487O4LW,2026-02-09
B00487O4LW,2026-02-16
B00487O4LW,2026-02-23
B00487O4LW,2026-03-02
B00487O4LW,2026-03-09
B00487O4LW,2026-03-16
B00487O4LW,2026-03-23
B00487O4LW,2026-03-30
B0051NGG8Q,2025-03-03
B0051NGG8Q,2025-03-10
B0051NGG8Q,2025-03-17
B0051NGG8Q,2025-03-24
B0051NGG8Q,2025-03-31
B0051NGG8Q,2025-04-07
B0051NGG8Q,2025-04-14
B0051NGG8Q,2025-04-21
B0051NGG8Q,2025-04-28
B0051NGG8Q,2025-05-05
B0051NGG8Q,2025-05-12
B0051NGG8Q,2025-05-19
B0051NGG8Q,2025-05-26
B0051NGG8Q,2025-06-02
B0051NGG8Q,2025-06-09
B0051NGG8Q,2025-06-16
B0051NGG8Q,2025-06-23
B0051NGG8Q,2025-06-30
B0051NGG8Q,2025-07-07
B0051NGG8Q,2025-07-14
B0051NGG8Q,2025-07-21
B0051NGG8Q,2025-07-28
B0051NGG8Q,2025-08-04
B0051NGG8Q,2025-08-11
B0051NGG8Q,2025-08-18
B0051NGG8Q,2025-08-25
B0051NGG8Q,2025-09-01
B0051NGG8Q,2025-09-08
B0051NGG8Q,2025-09-15
B0051NGG8Q,2025-09-22
B0051NGG8Q,2025-09-29
B0051NGG8Q,2025-10-06
B0051NGG8Q,2025-10-13
B0051NGG8Q,2025-10-20
B0051NGG8Q,2025-10-27
B0051NGG8Q,2025-11-03
B0051NGG8Q,2025-11-10
B0051NGG8Q,2025-11-17
B0051NGG8Q,2025-11-24
B0051NGG8Q,2025-12-01
B0051NGG8Q,2025-12-08
B0051NGG8Q,2025-12-15
B0051NGG8Q,2025-12-22
B0051NGG8Q,2025-12-29
B0051NGG8Q,2026-01-05
B0051NGG8Q,2026-01-12
B0051NGG8Q,2026-01-19
B0051NGG8Q,2026-01-26
B0051NGG8Q,2026-02-02
B0051NGG8Q,2026-02-09
B0051NGG8Q,2026-02-16
B0051NGG8Q,2026-02-23
B0051NGG8Q,2026-03-02
B0051NGG8Q,2026-03-09
B0051NGG8Q,2026-03-16
B0051NGG8Q,2026-03-23
B0051NGG8Q,2026-03-30
B0051NGG8Q,2025-03-03
B0051NGG8Q,2025-03-10
B0051NGG8Q,2025-03-17
B0051NGG8Q,2025-03-24
B0051NGG8Q,2025-03-31
B0051NGG8Q,2025-04-07
B0051NGG8Q,2025-04-14
B0051NGG8Q,2025-04-21
B0051NGG8Q,2025-04-28
B0051NGG8Q,2025-05-05
B0051NGG8Q,2025-05-12
B0051NGG8Q,2025-05-19
B0051NGG8Q,2025-05-26
B0051NGG8Q,2025-06-02
B0051NGG8Q,2025-06-09
B0051NGG8Q,2025-06-16
B0051NGG8Q,2025-06-23
B0051NGG8Q,2025-06-30
B0051NGG8Q,2025-07-07
B0051NGG8Q,2025-07-14
B0051NGG8Q,2025-07-21
B0051NGG8Q,2025-07-28
B0051NGG8Q,2025-08-04
B0051NGG8Q,2025-08-11
B0051NGG8Q,2025-08-18
B0051NGG8Q,2025-08-25
B0051NGG8Q,2025-09-01
B0051NGG8Q,2025-09-08
B0051NGG8Q,2025-09-15
B0051NGG8Q,2025-09-22
B0051NGG8Q,2025-09-29
B0051NGG8Q,2025-10-06
B0051NGG8Q,2025-10-13
B0051NGG8Q,2025-10-20
B0051NGG8Q,2025-10-27
B0051NGG8Q,2025-11-03
B0051NGG8Q,2025-11-10
B0051NGG8Q,2025-11-17
B0051NGG8Q,2025-11-24
B0051NGG8Q,2025-12-01
B0051NGG8Q,2025-12-08
B0051NGG8Q,2025-12-15
B0051NGG8Q,2025-12-22
B0051NGG8Q,2025-12-29
B0051NGG8Q,2026-01-05
B0051NGG8Q,2026-01-12
B0051NGG8Q,2026-01-19
B0051NGG8Q,2026-01-26
B0051NGG8Q,2026-02-02
B0051NGG8Q,2026-02-09
B0051NGG8Q,2026-02-16
B0051NGG8Q,2026-02-23
B0051NGG8Q,2026-03-02
B0051NGG8Q,2026-03-09
B0051NGG8Q,2026-03-16
B0051NGG8Q,2026-03-23
B0051NGG8Q,2026-03-30
B00598HKTC,2025-03-03
B00598HKTC,2025-03-10
B00598HKTC,2025-03-17
B00598HKTC,2025-03-24
B00598HKTC,2025-03-31
B00598HKTC,2025-04-07
B00598HKTC,2025-04-14
B00598HKTC,2025-04-21
B00598HKTC,2025-04-28
B00598HKTC,2025-05-05
B00598HKTC,2025-05-12
B00598HKTC,2025-05-19
B00598HKTC,2025-05-26
B00598HKTC,2025-06-02
B00598HKTC,2025-06-09
B00598HKTC,2025-06-16
B00598HKTC,2025-06-23
B00598HKTC,2025-06-30
B00598HKTC,2025-07-07
B00598HKTC,2025-07-14
B00598HKTC,2025-07-21
B00598HKTC,2025-07-28
B00598HKTC,2025-08-04
B00598HKTC,2025-08-11
B00598HKTC,2025-08-18
B00598HKTC,2025-08-25
B00598HKTC,2025-09-01
B00598HKTC,2025-09-08
B00598HKTC,2025-09-15
B00598HKTC,2025-09-22
B00598HKTC,2025-09-29
B00598HKTC,2025-10-06
B00598HKTC,2025-10-13
B00598HKTC,2025-10-20
B00598HKTC,2025-10-27
B00598HKTC,2025-11-03
B00598HKTC,2025-11-10
B00598HKTC,2025-11-17
B00598HKTC,2025-11-24
B00598HKTC,2025-12-01
B00598HKTC,2025-12-08
B00598HKTC,2025-12-15
B00598HKTC,2025-12-22
B00598HKTC,2025-12-29
B00598HKTC,2026-01-05
B00598HKTC,2026-01-12
B00598HKTC,2026-01-19
B00598HKTC,2026-01-26
B00598HKTC,2026-02-02
B00598HKTC,2026-02-09
B00598HKTC,2026-02-16
B00598HKTC,2026-02-23
B00598HKTC,2026-03-02
B00598HKTC,2026-03-09
B00598HKTC,2026-03-16
B00598HKTC,2026-03-23
B00598HKTC,2026-03-30
B00598HKTC,2025-03-03
B00598HKTC,2025-03-10
B00598HKTC,2025-03-17
B00598HKTC,2025-03-24
B00598HKTC,2025-03-31
B00598HKTC,2025-04-07
B00598HKTC,2025-04-14
B00598HKTC,2025-04-21
B00598HKTC,2025-04-28
B00598HKTC,2025-05-05
B00598HKTC,2025-05-12
B00598HKTC,2025-05-19
B00598HKTC,2025-05-26
B00598HKTC,2025-06-02
B00598HKTC,2025-06-09
B00598HKTC,2025-06-16
B00598HKTC,2025-06-23
B00598HKTC,2025-06-30
B00598HKTC,2025-07-07
B00598HKTC,2025-07-14
B00598HKTC,2025-07-21
B00598HKTC,2025-07-28
B00598HKTC,2025-08-04
B00598HKTC,2025-08-11
B00598HKTC,2025-08-18
B00598HKTC,2025-08-25
B00598HKTC,2025-09-01
B00598HKTC,2025-09-08
B00598HKTC,2025-09-15
B00598HKTC,2025-09-22
B00598HKTC,2025-09-29
B00598HKTC,2025-10-06
B00598HKTC,2025-10-13
B00598HKTC,2025-10-20
B00598HKTC,2025-10-27
B00598HKTC,2025-11-03
B00598HKTC,2025-11-10
B00598HKTC,2025-11-17
B00598HKTC,2025-11-24
B00598HKTC,2025-12-01
B00598HKTC,2025-12-08
B00598HKTC,2025-12-15
B00598HKTC,2025-12-22
B00598HKTC,2025-12-29
B00598HKTC,2026-01-05
B00598HKTC,2026-01-12
B00598HKTC,2026-01-19
B00598HKTC,2026-01-26
B00598HKTC,2026-02-02
B00598HKTC,2026-02-09
B00598HKTC,2026-02-16
B00598HKTC,2026-02-23
B00598HKTC,2026-03-02
B00598HKTC,2026-03-09
B00598HKTC,2026-03-16
B00598HKTC,2026-03-23
B00598HKTC,2026-03-30
B008QZGAMI,2025-03-03
B008QZGAMI,2025-03-10
B008QZGAMI,2025-03-17
B008QZGAMI,2025-03-24
B008QZGAMI,2025-03-31
B008QZGAMI,2025-04-07
B008QZGAMI,2025-04-14
B008QZGAMI,2025-04-21
B008QZGAMI,2025-04-28
B008QZGAMI,2025-05-05
B008QZGAMI,2025-05-12
B008QZGAMI,2025-05-19
B008QZGAMI,2025-05-26
B008QZGAMI,2025-06-02
B008QZGAMI,2025-06-09
B008QZGAMI,2025-06-16
B008QZGAMI,2025-06-23
B008QZGAMI,2025-06-30
B008QZGAMI,2025-07-07
B008QZGAMI,2025-07-14
B008QZGAMI,2025-07-21
B008QZGAMI,2025-07-28
B008QZGAMI,2025-08-04
B008QZGAMI,2025-08-11
B008QZGAMI,2025-08-18
B008QZGAMI,2025-08-25
B008QZGAMI,2025-09-01
B008QZGAMI,2025-09-08
B008QZGAMI,2025-09-15
B008QZGAMI,2025-09-22
B008QZGAMI,2025-09-29
B008QZGAMI,2025-10-06
B008QZGAMI,2025-10-13
B008QZGAMI,2025-10-20
B008QZGAMI,2025-10-27
B008QZGAMI,2025-11-03
B008QZGAMI,2025-11-10
B008QZGAMI,2025-11-17
B008QZGAMI,2025-11-24
B008QZGAMI,2025-12-01
B008QZGAMI,2025-12-08
B008QZGAMI,2025-12-15
B008QZGAMI,2025-12-22
B008QZGAMI,2025-12-29
B008QZGAMI,2026-01-05
B008QZGAMI,2026-01-12
B008QZGAMI,2026-01-19
B008QZGAMI,2026-01-26
B008QZGAMI,2026-02-02
B008QZGAMI,2026-02-09
B008QZGAMI,2026-02-16
B008QZGAMI,2026-02-23
B008QZGAMI,2026-03-02
B008QZGAMI,2026-03-09
B008QZGAMI,2026-03-16
B008QZGAMI,2026-03-23
B008QZGAMI,2026-03-30
B008QZGAMI,2025-03-03
B008QZGAMI,2025-03-10
B008QZGAMI,2025-03-17
B008QZGAMI,2025-03-24
B008QZGAMI,2025-03-31
B008QZGAMI,2025-04-07
B008QZGAMI,2025-04-14
B008QZGAMI,2025-04-21
B008QZGAMI,2025-04-28
B008QZGAMI,2025-05-05
B008QZGAMI,2025-05-12
B008QZGAMI,2025-05-19
B008QZGAMI,2025-05-26
B008QZGAMI,2025-06-02
B008QZGAMI,2025-06-09
B008QZGAMI,2025-06-16
B008QZGAMI,2025-06-23
B008QZGAMI,2025-06-30
B008QZGAMI,2025-07-07
B008QZGAMI,2025-07-14
B008QZGAMI,2025-07-21
B008QZGAMI,2025-07-28
B008QZGAMI,2025-08-04
B008QZGAMI,2025-08-11
B008QZGAMI,2025-08-18
B008QZGAMI,2025-08-25
B008QZGAMI,2025-09-01
B008QZGAMI,2025-09-08
B008QZGAMI,2025-09-15
B008QZGAMI,2025-09-22
B008QZGAMI,2025-09-29
B008QZGAMI,2025-10-06
B008QZGAMI,2025-10-13
B008QZGAMI,2025-10-20
B008QZGAMI,2025-10-27
B008QZGAMI,2025-11-03
B008QZGAMI,2025-11-10
B008QZGAMI,2025-11-17
B008QZGAMI,2025-11-24
B008QZGAMI,2025-12-01
B008QZGAMI,2025-12-08
B008QZGAMI,2025-12-15
B008QZGAMI,2025-12-22
B008QZGAMI,2025-12-29
B008QZGAMI,2026-01-05
B008QZGAMI,2026-01-12
B008QZGAMI,2026-01-19
B008QZGAMI,2026-01-26
B008QZGAMI,2026-02-02
B008QZGAMI,2026-02-09
B008QZGAMI,2026-02-16
B008QZGAMI,2026-02-23
B008QZGAMI,2026-03-02
B008QZGAMI,2026-03-09
B008QZGAMI,2026-03-16
B008QZGAMI,2026-03-23
B008QZGAMI,2026-03-30
B00HI173WW,2025-03-03
B00HI173WW,2025-03-10
B00HI173WW,2025-03-17
B00HI173WW,2025-03-24
B00HI173WW,2025-03-31
B00HI173WW,2025-04-07
B00HI173WW,2025-04-14
B00HI173WW,2025-04-21
B00HI173WW,2025-04-28
B00HI173WW,2025-05-05
B00HI173WW,2025-05-12
B00HI173WW,2025-05-19
B00HI173WW,2025-05-26
B00HI173WW,2025-06-02
B00HI173WW,2025-06-09
B00HI173WW,2025-06-16
B00HI173WW,2025-06-23
B00HI173WW,2025-06-30
B00HI173WW,2025-07-07
B00HI173WW,2025-07-14
B00HI173WW,2025-07-21
B00HI173WW,2025-07-28
B00HI173WW,2025-08-04
B00HI173WW,2025-08-11
B00HI173WW,2025-08-18
B00HI173WW,2025-08-25
B00HI173WW,2025-09-01
B00HI173WW,2025-09-08
B00HI173WW,2025-09-15
B00HI173WW,2025-09-22
B00HI173WW,2025-09-29
B00HI173WW,2025-10-06
B00HI173WW,2025-10-13
B00HI173WW,2025-10-20
B00HI173WW,2025-10-27
B00HI173WW,2025-11-03
B00HI173WW,2025-11-10
B00HI173WW,2025-11-17
B00HI173WW,2025-11-24
B00HI173WW,2025-12-01
B00HI173WW,2025-12-08
B00HI173WW,2025-12-15
B00HI173WW,2025-12-22
B00HI173WW,2025-12-29
B00HI173WW,2026-01-05
B00HI173WW,2026-01-12
B00HI173WW,2026-01-19
B00HI173WW,2026-01-26
B00HI173WW,2026-02-02
B00HI173WW,2026-02-09
B00HI173WW,2026-02-16
B00HI173WW,2026-02-23
B00HI173WW,2026-03-02
B00HI173WW,2026-03-09
B00HI173WW,2026-03-16
B00HI173WW,2026-03-23
B00HI173WW,2026-03-30
B00HI173WW,2025-03-03
B00HI173WW,2025-03-10
B00HI173WW,2025-03-17
B00HI173WW,2025-03-24
B00HI173WW,2025-03-31
B00HI173WW,2025-04-07
B00HI173WW,2025-04-14
B00HI173WW,2025-04-21
B00HI173WW,2025-04-28
B00HI173WW,2025-05-05
B00HI173WW,2025-05-12
B00HI173WW,2025-05-19
B00HI173WW,2025-05-26
B00HI173WW,2025-06-02
B00HI173WW,2025-06-09
B00HI173WW,2025-06-16
B00HI173WW,2025-06-23
B00HI173WW,2025-06-30
B00HI173WW,2025-07-07
B00HI173WW,2025-07-14
B00HI173WW,2025-07-21
B00HI173WW,2025-07-28
B00HI173WW,2025-08-04
B00HI173WW,2025-08-11
B00HI173WW,2025-08-18
B00HI173WW,2025-08-25
B00HI173WW,2025-09-01
B00HI173WW,2025-09-08
B00HI173WW,2025-09-15
B00HI173WW,2025-09-22
B00HI173WW,2025-09-29
B00HI173WW,2025-10-06
B00HI173WW,2025-10-13
B00HI173WW,2025-10-20
B00HI173WW,2025-10-27
B00HI173WW,2025-11-03
B00HI173WW,2025-11-10
B00HI173WW,2025-11-17
B00HI173WW,2025-11-24
B00HI173WW,2025-12-01
B00HI173WW,2025-12-08
B00HI173WW,2025-12-15
B00HI173WW,2025-12-22
B00HI173WW,2025-12-29
B00HI173WW,2026-01-05
B00HI173WW,2026-01-12
B00HI173WW,2026-01-19
B00HI173WW,2026-01-26
B00HI173WW,2026-02-02
B00HI173WW,2026-02-09
B00HI173WW,2026-02-16
B00HI173WW,2026-02-23
B00HI173WW,2026-03-02
B00HI173WW,2026-03-09
B00HI173WW,2026-03-16
B00HI173WW,2026-03-23
B00HI173WW,2026-03-30
B018IVLXX0,2025-03-03
B018IVLXX0,2025-03-10
B018IVLXX0,2025-03-17
B018IVLXX0,2025-03-24
B018IVLXX0,2025-03-31
B018IVLXX0,2025-04-07
B018IVLXX0,2025-04-14
B018IVLXX0,2025-04-21
B018IVLXX0,2025-04-28
B018IVLXX0,2025-05-05
B018IVLXX0,2025-05-12
B018IVLXX0,2025-05-19
B018IVLXX0,2025-05-26
B018IVLXX0,2025-06-02
B018IVLXX0,2025-06-09
B018IVLXX0,2025-06-16
B018IVLXX0,2025-06-23
B018IVLXX0,2025-06-30
B018IVLXX0,2025-07-07
B018IVLXX0,2025-07-14
B018IVLXX0,2025-07-21
B018IVLXX0,2025-07-28
B018IVLXX0,2025-08-04
B018IVLXX0,2025-08-11
B018IVLXX0,2025-08-18
B018IVLXX0,2025-08-25
B018IVLXX0,2025-09-01
B018IVLXX0,2025-09-08
B018IVLXX0,2025-09-15
B018IVLXX0,2025-09-22
B018IVLXX0,2025-09-29
B018IVLXX0,2025-10-06
B018IVLXX0,2025-10-13
B018IVLXX0,2025-10-20
B018IVLXX0,2025-10-27
B018IVLXX0,2025-11-03
B018IVLXX0,2025-11-10
B018IVLXX0,2025-11-17
B018IVLXX0,2025-11-24
B018IVLXX0,2025-12-01
B018IVLXX0,2025-12-08
B018IVLXX0,2025-12-15
B018IVLXX0,2025-12-22
B018IVLXX0,2025-12-29
B018IVLXX0,2026-01-05
B018IVLXX0,2026-01-12
B018IVLXX0,2026-01-19
B018IVLXX0,2026-01-26
B018IVLXX0,2026-02-02
B018IVLXX0,2026-02-09
B018IVLXX0,2026-02-16
B018IVLXX0,2026-02-23
B018IVLXX0,2026-03-02
B018IVLXX0,2026-03-09
B018IVLXX0,2026-03-16
B018IVLXX0,2026-03-23
B018IVLXX0,2026-03-30
B018IVLXX0,2025-03-03
B018IVLXX0,2025-03-10
B018IVLXX0,2025-03-17
B018IVLXX0,2025-03-24
B018IVLXX0,2025-03-31
B018IVLXX0,2025-04-07
B018IVLXX0,2025-04-14
B018IVLXX0,2025-04-21
B018IVLXX0,2025-04-28
B018IVLXX0,2025-05-05
B018IVLXX0,2025-05-12
B018IVLXX0,2025-05-19
B018IVLXX0,2025-05-26
B018IVLXX0,2025-06-02
B018IVLXX0,2025-06-09
B018IVLXX0,2025-06-16
B018IVLXX0,2025-06-23
B018IVLXX0,2025-06-30
B018IVLXX0,2025-07-07
B018IVLXX0,2025-07-14
B018IVLXX0,2025-07-21
B018IVLXX0,2025-07-28
B018IVLXX0,2025-08-04
B018IVLXX0,2025-08-11
B018IVLXX0,2025-08-18
B018IVLXX0,2025-08-25
B018IVLXX0,2025-09-01
B018IVLXX0,2025-09-08
B018IVLXX0,2025-09-15
B018IVLXX0,2025-09-22
B018IVLXX0,2025-09-29
B018IVLXX0,2025-10-06
B018IVLXX0,2025-10-13
B018IVLXX0,2025-10-20
B018IVLXX0,2025-10-27
B018IVLXX0,2025-11-03
B018IVLXX0,2025-11-10
B018IVLXX0,2025-11-17
B018IVLXX0,2025-11-24
B018IVLXX0,2025-12-01
B018IVLXX0,2025-12-08
B018IVLXX0,2025-12-15
B018IVLXX0,2025-12-22
B018IVLXX0,2025-12-29
B018IVLXX0,2026-01-05
B018IVLXX0,2026-01-12
B018IVLXX0,2026-01-19
B018IVLXX0,2026-01-26
B018IVLXX0,2026-02-02
B018IVLXX0,2026-02-09
B018IVLXX0,2026-02-16
B018IVLXX0,2026-02-23
B018IVLXX0,2026-03-02
B018IVLXX0,2026-03-09
B018IVLXX0,2026-03-16
B018IVLXX0,2026-03-23
B018IVLXX0,2026-03-30
B01FYCEQPI,2025-03-03
B01FYCEQPI,2025-03-10
B01FYCEQPI,2025-03-17
B01FYCEQPI,2025-03-24
B01FYCEQPI,2025-03-31
B01FYCEQPI,2025-04-07
B01FYCEQPI,2025-04-14
B01FYCEQPI,2025-04-21
B01FYCEQPI,2025-04-28
B01FYCEQPI,2025-05-05
B01FYCEQPI,2025-05-12
B01FYCEQPI,2025-05-19
B01FYCEQPI,2025-05-26
B01FYCEQPI,2025-06-02
B01FYCEQPI,2025-06-09
B01FYCEQPI,2025-06-16
B01FYCEQPI,2025-06-23
B01FYCEQPI,2025-06-30
B01FYCEQPI,2025-07-07
B01FYCEQPI,2025-07-14
B01FYCEQPI,2025-07-21
B01FYCEQPI,2025-07-28
B01FYCEQPI,2025-08-04
B01FYCEQPI,2025-08-11
B01FYCEQPI,2025-08-18
B01FYCEQPI,2025-08-25
B01FYCEQPI,2025-09-01
B01FYCEQPI,2025-09-08
B01FYCEQPI,2025-09-15
B01FYCEQPI,2025-09-22
B01FYCEQPI,2025-09-29
B01FYCEQPI,2025-10-06
B01FYCEQPI,2025-10-13
B01FYCEQPI,2025-10-20
B01FYCEQPI,2025-10-27
B01FYCEQPI,2025-11-03
B01FYCEQPI,2025-11-10
B01FYCEQPI,2025-11-17
B01FYCEQPI,2025-11-24
B01FYCEQPI,2025-12-01
B01FYCEQPI,2025-12-08
B01FYCEQPI,2025-12-15
B01FYCEQPI,2025-12-22
B01FYCEQPI,2025-12-29
B01FYCEQPI,2026-01-05
B01FYCEQPI,2026-01-12
B01FYCEQPI,2026-01-19
B01FYCEQPI,2026-01-26
B01FYCEQPI,2026-02-02
B01FYCEQPI,2026-02-09
B01FYCEQPI,2026-02-16
B01FYCEQPI,2026-02-23
B01FYCEQPI,2026-03-02
B01FYCEQPI,2026-03-09
B01FYCEQPI,2026-03-16
B01FYCEQPI,2026-03-23
B01FYCEQPI,2026-03-30
B01FYCEQPI,2025-03-03
B01FYCEQPI,2025-03-10
B01FYCEQPI,2025-03-17
B01FYCEQPI,2025-03-24
B01FYCEQPI,2025-03-31
B01FYCEQPI,2025-04-07
B01FYCEQPI,2025-04-14
B01FYCEQPI,2025-04-21
B01FYCEQPI,2025-04-28
B01FYCEQPI,2025-05-05
B01FYCEQPI,2025-05-12
B01FYCEQPI,2025-05-19
B01FYCEQPI,2025-05-26
B01FYCEQPI,2025-06-02
B01FYCEQPI,2025-06-09
B01FYCEQPI,2025-06-16
B01FYCEQPI,2025-06-23
B01FYCEQPI,2025-06-30
B01FYCEQPI,2025-07-07
B01FYCEQPI,2025-07-14
B01FYCEQPI,2025-07-21
B01FYCEQPI,2025-07-28
B01FYCEQPI,2025-08-04
B01FYCEQPI,2025-08-11
B01FYCEQPI,2025-08-18
B01FYCEQPI,2025-08-25
B01FYCEQPI,2025-09-01
B01FYCEQPI,2025-09-08
B01FYCEQPI,2025-09-15
B01FYCEQPI,2025-09-22
B01FYCEQPI,2025-09-29
B01FYCEQPI,2025-10-06
B01FYCEQPI,2025-10-13
B01FYCEQPI,2025-10-20
B01FYCEQPI,2025-10-27
B01FYCEQPI,2025-11-03
B01FYCEQPI,2025-11-10
B01FYCEQPI,2025-11-17
B01FYCEQPI,2025-11-24
B01FYCEQPI,2025-12-01
B01FYCEQPI,2025-12-08
B01FYCEQPI,2025-12-15
B01FYCEQPI,2025-12-22
B01FYCEQPI,2025-12-29
B01FYCEQPI,2026-01-05
B01FYCEQPI,2026-01-12
B01FYCEQPI,2026-01-19
B01FYCEQPI,2026-01-26
B01FYCEQPI,2026-02-02
B01FYCEQPI,2026-02-09
B01FYCEQPI,2026-02-16
B01FYCEQPI,2026-02-23
B01FYCEQPI,2026-03-02
B01FYCEQPI,2026-03-09
B01FYCEQPI,2026-03-16
B01FYCEQPI,2026-03-23
B01FYCEQPI,2026-03-30
B01FYCERVQ,2025-03-03
B01FYCERVQ,2025-03-10
B01FYCERVQ,2025-03-17
B01FYCERVQ,2025-03-24
B01FYCERVQ,2025-03-31
B01FYCERVQ,2025-04-07
B01FYCERVQ,2025-04-14
B01FYCERVQ,2025-04-21
B01FYCERVQ,2025-04-28
B01FYCERVQ,2025-05-05
B01FYCERVQ,2025-05-12
B01FYCERVQ,2025-05-19
B01FYCERVQ,2025-05-26
B01FYCERVQ,2025-06-02
B01FYCERVQ,2025-06-09
B01FYCERVQ,2025-06-16
B01FYCERVQ,2025-06-23
B01FYCERVQ,2025-06-30
B01FYCERVQ,2025-07-07
B01FYCERVQ,2025-07-14
B01FYCERVQ,2025-07-21
B01FYCERVQ,2025-07-28
B01FYCERVQ,2025-08-04
B01FYCERVQ,2025-08-11
B01FYCERVQ,2025-08-18
B01FYCERVQ,2025-08-25
B01FYCERVQ,2025-09-01
B01FYCERVQ,2025-09-08
B01FYCERVQ,2025-09-15
B01FYCERVQ,2025-09-22
B01FYCERVQ,2025-09-29
B01FYCERVQ,2025-10-06
B01FYCERVQ,2025-10-13
B01FYCERVQ,2025-10-20
B01FYCERVQ,2025-10-27
B01FYCERVQ,2025-11-03
B01FYCERVQ,2025-11-10
B01FYCERVQ,2025-11-17
B01FYCERVQ,2025-11-24
B01FYCERVQ,2025-12-01
B01FYCERVQ,2025-12-08
B01FYCERVQ,2025-12-15
B01FYCERVQ,2025-12-22
B01FYCERVQ,2025-12-29
B01FYCERVQ,2026-01-05
B01FYCERVQ,2026-01-12
B01FYCERVQ,2026-01-19
B01FYCERVQ,2026-01-26
B01FYCERVQ,2026-02-02
B01FYCERVQ,2026-02-09
B01FYCERVQ,2026-02-16
B01FYCERVQ,2026-02-23
B01FYCERVQ,2026-03-02
B01FYCERVQ,2026-03-09
B01FYCERVQ,2026-03-16
B01FYCERVQ,2026-03-23
B01FYCERVQ,2026-03-30
B01FYCERVQ,2025-03-03
B01FYCERVQ,2025-03-10
B01FYCERVQ,2025-03-17
B01FYCERVQ,2025-03-24
B01FYCERVQ,2025-03-31
B01FYCERVQ,2025-04-07
B01FYCERVQ,2025-04-14
B01FYCERVQ,2025-04-21
B01FYCERVQ,2025-04-28
B01FYCERVQ,2025-05-05
B01FYCERVQ,2025-05-12
B01FYCERVQ,2025-05-19
B01FYCERVQ,2025-05-26
B01FYCERVQ,2025-06-02
B01FYCERVQ,2025-06-09
B01FYCERVQ,2025-06-16
B01FYCERVQ,2025-06-23
B01FYCERVQ,2025-06-30
B01FYCERVQ,2025-07-07
B01FYCERVQ,2025-07-14
B01FYCERVQ,2025-07-21
B01FYCERVQ,2025-07-28
B01FYCERVQ,2025-08-04
B01FYCERVQ,2025-08-11
B01FYCERVQ,2025-08-18
B01FYCERVQ,2025-08-25
B01FYCERVQ,2025-09-01
B01FYCERVQ,2025-09-08
B01FYCERVQ,2025-09-15
B01FYCERVQ,2025-09-22
B01FYCERVQ,2025-09-29
B01FYCERVQ,2025-10-06
B01FYCERVQ,2025-10-13
B01FYCERVQ,2025-10-20
B01FYCERVQ,2025-10-27
B01FYCERVQ,2025-11-03
B01FYCERVQ,2025-11-10
B01FYCERVQ,2025-11-17
B01FYCERVQ,2025-11-24
B01FYCERVQ,2025-12-01
B01FYCERVQ,2025-12-08
B01FYCERVQ,2025-12-15
B01FYCERVQ,2025-12-22
B01FYCERVQ,2025-12-29
B01FYCERVQ,2026-01-05
B01FYCERVQ,2026-01-12
B01FYCERVQ,2026-01-19
B01FYCERVQ,2026-01-26
B01FYCERVQ,2026-02-02
B01FYCERVQ,2026-02-09
B01FYCERVQ,2026-02-16
B01FYCERVQ,2026-02-23
B01FYCERVQ,2026-03-02
B01FYCERVQ,2026-03-09
B01FYCERVQ,2026-03-16
B01FYCERVQ,2026-03-23
B01FYCERVQ,2026-03-30
B01FYCEWPM,2025-03-03
B01FYCEWPM,2025-03-10
B01FYCEWPM,2025-03-17
B01FYCEWPM,2025-03-24
B01FYCEWPM,2025-03-31
B01FYCEWPM,2025-04-07
B01FYCEWPM,2025-04-14
B01FYCEWPM,2025-04-21
B01FYCEWPM,2025-04-28
B01FYCEWPM,2025-05-05
B01FYCEWPM,2025-05-12
B01FYCEWPM,2025-05-19
B01FYCEWPM,2025-05-26
B01FYCEWPM,2025-06-02
B01FYCEWPM,2025-06-09
B01FYCEWPM,2025-06-16
B01FYCEWPM,2025-06-23
B01FYCEWPM,2025-06-30
B01FYCEWPM,2025-07-07
B01FYCEWPM,2025-07-14
B01FYCEWPM,2025-07-21
B01FYCEWPM,2025-07-28
B01FYCEWPM,2025-08-04
B01FYCEWPM,2025-08-11
B01FYCEWPM,2025-08-18
B01FYCEWPM,2025-08-25
B01FYCEWPM,2025-09-01
B01FYCEWPM,2025-09-08
B01FYCEWPM,2025-09-15
B01FYCEWPM,2025-09-22
B01FYCEWPM,2025-09-29
B01FYCEWPM,2025-10-06
B01FYCEWPM,2025-10-13
B01FYCEWPM,2025-10-20
B01FYCEWPM,2025-10-27
B01FYCEWPM,2025-11-03
B01FYCEWPM,2025-11-10
B01FYCEWPM,2025-11-17
B01FYCEWPM,2025-11-24
B01FYCEWPM,2025-12-01
B01FYCEWPM,2025-12-08
B01FYCEWPM,2025-12-15
B01FYCEWPM,2025-12-22
B01FYCEWPM,2025-12-29
B01FYCEWPM,2026-01-05
B01FYCEWPM,2026-01-12
B01FYCEWPM,2026-01-19
B01FYCEWPM,2026-01-26
B01FYCEWPM,2026-02-02
B01FYCEWPM,2026-02-09
B01FYCEWPM,2026-02-16
B01FYCEWPM,2026-02-23
B01FYCEWPM,2026-03-02
B01FYCEWPM,2026-03-09
B01FYCEWPM,2026-03-16
B01FYCEWPM,2026-03-23
B01FYCEWPM,2026-03-30
B01FYCEWPM,2025-03-03
B01FYCEWPM,2025-03-10
B01FYCEWPM,2025-03-17
B01FYCEWPM,2025-03-24
B01FYCEWPM,2025-03-31
B01FYCEWPM,2025-04-07
B01FYCEWPM,2025-04-14
B01FYCEWPM,2025-04-21
B01FYCEWPM,2025-04-28
B01FYCEWPM,2025-05-05
B01FYCEWPM,2025-05-12
B01FYCEWPM,2025-05-19
B01FYCEWPM,2025-05-26
B01FYCEWPM,2025-06-02
B01FYCEWPM,2025-06-09
B01FYCEWPM,2025-06-16
B01FYCEWPM,2025-06-23
B01FYCEWPM,2025-06-30
B01FYCEWPM,2025-07-07
B01FYCEWPM,2025-07-14
B01FYCEWPM,2025-07-21
B01FYCEWPM,2025-07-28
B01FYCEWPM,2025-08-04
B01FYCEWPM,2025-08-11
B01FYCEWPM,2025-08-18
B01FYCEWPM,2025-08-25
B01FYCEWPM,2025-09-01
B01FYCEWPM,2025-09-08
B01FYCEWPM,2025-09-15
B01FYCEWPM,2025-09-22
B01FYCEWPM,2025-09-29
B01FYCEWPM,2025-10-06
B01FYCEWPM,2025-10-13
B01FYCEWPM,2025-10-20
B01FYCEWPM,2025-10-27
B01FYCEWPM,2025-11-03
B01FYCEWPM,2025-11-10
B01FYCEWPM,2025-11-17
B01FYCEWPM,2025-11-24
B01FYCEWPM,2025-12-01
B01FYCEWPM,2025-12-08
B01FYCEWPM,2025-12-15
B01FYCEWPM,2025-12-22
B01FYCEWPM,2025-12-29
B01FYCEWPM,2026-01-05
B01FYCEWPM,2026-01-12
B01FYCEWPM,2026-01-19
B01FYCEWPM,2026-01-26
B01FYCEWPM,2026-02-02
B01FYCEWPM,2026-02-09
B01FYCEWPM,2026-02-16
B01FYCEWPM,2026-02-23
B01FYCEWPM,2026-03-02
B01FYCEWPM,2026-03-09
B01FYCEWPM,2026-03-16
B01FYCEWPM,2026-03-23
B01FYCEWPM,2026-03-30
B01H7UFKPK,2025-03-03
B01H7UFKPK,2025-03-10
B01H7UFKPK,2025-03-17
B01H7UFKPK,2025-03-24
B01H7UFKPK,2025-03-31
B01H7UFKPK,2025-04-07
B01H7UFKPK,2025-04-14
B01H7UFKPK,2025-04-21
B01H7UFKPK,2025-04-28
B01H7UFKPK,2025-05-05
B01H7UFKPK,2025-05-12
B01H7UFKPK,2025-05-19
B01H7UFKPK,2025-05-26
B01H7UFKPK,2025-06-02
B01H7UFKPK,2025-06-09
B01H7UFKPK,2025-06-16
B01H7UFKPK,2025-06-23
B01H7UFKPK,2025-06-30
B01H7UFKPK,2025-07-07
B01H7UFKPK,2025-07-14
B01H7UFKPK,2025-07-21
B01H7UFKPK,2025-07-28
B01H7UFKPK,2025-08-04
B01H7UFKPK,2025-08-11
B01H7UFKPK,2025-08-18
B01H7UFKPK,2025-08-25
B01H7UFKPK,2025-09-01
B01H7UFKPK,2025-09-08
B01H7UFKPK,2025-09-15
B01H7UFKPK,2025-09-22
B01H7UFKPK,2025-09-29
B01H7UFKPK,2025-10-06
B01H7UFKPK,2025-10-13
B01H7UFKPK,2025-10-20
B01H7UFKPK,2025-10-27
B01H7UFKPK,2025-11-03
B01H7UFKPK,2025-11-10
B01H7UFKPK,2025-11-17
B01H7UFKPK,2025-11-24
B01H7UFKPK,2025-12-01
B01H7UFKPK,2025-12-08
B01H7UFKPK,2025-12-15
B01H7UFKPK,2025-12-22
B01H7UFKPK,2025-12-29
B01H7UFKPK,2026-01-05
B01H7UFKPK,2026-01-12
B01H7UFKPK,2026-01-19
B01H7UFKPK,2026-01-26
B01H7UFKPK,2026-02-02
B01H7UFKPK,2026-02-09
B01H7UFKPK,2026-02-16
B01H7UFKPK,2026-02-23
B01H7UFKPK,2026-03-02
B01H7UFKPK,2026-03-09
B01H7UFKPK,2026-03-16
B01H7UFKPK,2026-03-23
B01H7UFKPK,2026-03-30
B01H7UFKPK,2025-03-03
B01H7UFKPK,2025-03-10
B01H7UFKPK,2025-03-17
B01H7UFKPK,2025-03-24
B01H7UFKPK,2025-03-31
B01H7UFKPK,2025-04-07
B01H7UFKPK,2025-04-14
B01H7UFKPK,2025-04-21
B01H7UFKPK,2025-04-28
B01H7UFKPK,2025-05-05
B01H7UFKPK,2025-05-12
B01H7UFKPK,2025-05-19
B01H7UFKPK,2025-05-26
B01H7UFKPK,2025-06-02
B01H7UFKPK,2025-06-09
B01H7UFKPK,2025-06-16
B01H7UFKPK,2025-06-23
B01H7UFKPK,2025-06-30
B01H7UFKPK,2025-07-07
B01H7UFKPK,2025-07-14
B01H7UFKPK,2025-07-21
B01H7UFKPK,2025-07-28
B01H7UFKPK,2025-08-04
B01H7UFKPK,2025-08-11
B01H7UFKPK,2025-08-18
B01H7UFKPK,2025-08-25
B01H7UFKPK,2025-09-01
B01H7UFKPK,2025-09-08
B01H7UFKPK,2025-09-15
B01H7UFKPK,2025-09-22
B01H7UFKPK,2025-09-29
B01H7UFKPK,2025-10-06
B01H7UFKPK,2025-10-13
B01H7UFKPK,2025-10-20
B01H7UFKPK,2025-10-27
B01H7UFKPK,2025-11-03
B01H7UFKPK,2025-11-10
B01H7UFKPK,2025-11-17
B01H7UFKPK,2025-11-24
B01H7UFKPK,2025-12-01
B01H7UFKPK,2025-12-08
B01H7UFKPK,2025-12-15
B01H7UFKPK,2025-12-22
B01H7UFKPK,2025-12-29
B01H7UFKPK,2026-01-05
B01H7UFKPK,2026-01-12
B01H7UFKPK,2026-01-19
B01H7UFKPK,2026-01-26
B01H7UFKPK,2026-02-02
B01H7UFKPK,2026-02-09
B01H7UFKPK,2026-02-16
B01H7UFKPK,2026-02-23
B01H7UFKPK,2026-03-02
B01H7UFKPK,2026-03-09
B01H7UFKPK,2026-03-16
B01H7UFKPK,2026-03-23
B01H7UFKPK,2026-03-30
B01LX27QR7,2025-03-03
B01LX27QR7,2025-03-10
B01LX27QR7,2025-03-17
B01LX27QR7,2025-03-24
B01LX27QR7,2025-03-31
B01LX27QR7,2025-04-07
B01LX27QR7,2025-04-14
B01LX27QR7,2025-04-21
B01LX27QR7,2025-04-28
B01LX27QR7,2025-05-05
B01LX27QR7,2025-05-12
B01LX27QR7,2025-05-19
B01LX27QR7,2025-05-26
B01LX27QR7,2025-06-02
B01LX27QR7,2025-06-09
B01LX27QR7,2025-06-16
B01LX27QR7,2025-06-23
B01LX27QR7,2025-06-30
B01LX27QR7,2025-07-07
B01LX27QR7,2025-07-14
B01LX27QR7,2025-07-21
B01LX27QR7,2025-07-28
B01LX27QR7,2025-08-04
B01LX27QR7,2025-08-11
B01LX27QR7,2025-08-18
B01LX27QR7,2025-08-25
B01LX27QR7,2025-09-01
B01LX27QR7,2025-09-08
B01LX27QR7,2025-09-15
B01LX27QR7,2025-09-22
B01LX27QR7,2025-09-29
B01LX27QR7,2025-10-06
B01LX27QR7,2025-10-13
B01LX27QR7,2025-10-20
B01LX27QR7,2025-10-27
B01LX27QR7,2025-11-03
B01LX27QR7,2025-11-10
B01LX27QR7,2025-11-17
B01LX27QR7,2025-11-24
B01LX27QR7,2025-12-01
B01LX27QR7,2025-12-08
B01LX27QR7,2025-12-15
B01LX27QR7,2025-12-22
B01LX27QR7,2025-12-29
B01LX27QR7,2026-01-05
B01LX27QR7,2026-01-12
B01LX27QR7,2026-01-19
B01LX27QR7,2026-01-26
B01LX27QR7,2026-02-02
B01LX27QR7,2026-02-09
B01LX27QR7,2026-02-16
B01LX27QR7,2026-02-23
B01LX27QR7,2026-03-02
B01LX27QR7,2026-03-09
B01LX27QR7,2026-03-16
B01LX27QR7,2026-03-23
B01LX27QR7,2026-03-30
B01LX27QR7,2025-03-03
B01LX27QR7,2025-03-10
B01LX27QR7,2025-03-17
B01LX27QR7,2025-03-24
B01LX27QR7,2025-03-31
B01LX27QR7,2025-04-07
B01LX27QR7,2025-04-14
B01LX27QR7,2025-04-21
B01LX27QR7,2025-04-28
B01LX27QR7,2025-05-05
B01LX27QR7,2025-05-12
B01LX27QR7,2025-05-19
B01LX27QR7,2025-05-26
B01LX27QR7,2025-06-02
B01LX27QR7,2025-06-09
B01LX27QR7,2025-06-16
B01LX27QR7,2025-06-23
B01LX27QR7,2025-06-30
B01LX27QR7,2025-07-07
B01LX27QR7,2025-07-14
B01LX27QR7,2025-07-21
B01LX27QR7,2025-07-28
B01LX27QR7,2025-08-04
B01LX27QR7,2025-08-11
B01LX27QR7,2025-08-18
B01LX27QR7,2025-08-25
B01LX27QR7,2025-09-01
B01LX27QR7,2025-09-08
B01LX27QR7,2025-09-15
B01LX27QR7,2025-09-22
B01LX27QR7,2025-09-29
B01LX27QR7,2025-10-06
B01LX27QR7,2025-10-13
B01LX27QR7,2025-10-20
B01LX27QR7,2025-10-27
B01LX27QR7,2025-11-03
B01LX27QR7,2025-11-10
B01LX27QR7,2025-11-17
B01LX27QR7,2025-11-24
B01LX27QR7,2025-12-01
B01LX27QR7,2025-12-08
B01LX27QR7,2025-12-15
B01LX27QR7,2025-12-22
B01LX27QR7,2025-12-29
B01LX27QR7,2026-01-05
B01LX27QR7,2026-01-12
B01LX27QR7,2026-01-19
B01LX27QR7,2026-01-26
B01LX27QR7,2026-02-02
B01LX27QR7,2026-02-09
B01LX27QR7,2026-02-16
B01LX27QR7,2026-02-23
B01LX27QR7,2026-03-02
B01LX27QR7,2026-03-09
B01LX27QR7,2026-03-16
B01LX27QR7,2026-03-23
B01LX27QR7,2026-03-30
B01LXJJOI1,2025-03-03
B01LXJJOI1,2025-03-10
B01LXJJOI1,2025-03-17
B01LXJJOI1,2025-03-24
B01LXJJOI1,2025-03-31
B01LXJJOI1,2025-04-07
B01LXJJOI1,2025-04-14
B01LXJJOI1,2025-04-21
B01LXJJOI1,2025-04-28
B01LXJJOI1,2025-05-05
B01LXJJOI1,2025-05-12
B01LXJJOI1,2025-05-19
B01LXJJOI1,2025-05-26
B01LXJJOI1,2025-06-02
B01LXJJOI1,2025-06-09
B01LXJJOI1,2025-06-16
B01LXJJOI1,2025-06-23
B01LXJJOI1,2025-06-30
B01LXJJOI1,2025-07-07
B01LXJJOI1,2025-07-14
B01LXJJOI1,2025-07-21
B01LXJJOI1,2025-07-28
B01LXJJOI1,2025-08-04
B01LXJJOI1,2025-08-11
B01LXJJOI1,2025-08-18
B01LXJJOI1,2025-08-25
B01LXJJOI1,2025-09-01
B01LXJJOI1,2025-09-08
B01LXJJOI1,2025-09-15
B01LXJJOI1,2025-09-22
B01LXJJOI1,2025-09-29
B01LXJJOI1,2025-10-06
B01LXJJOI1,2025-10-13
B01LXJJOI1,2025-10-20
B01LXJJOI1,2025-10-27
B01LXJJOI1,2025-11-03
B01LXJJOI1,2025-11-10
B01LXJJOI1,2025-11-17
B01LXJJOI1,2025-11-24
B01LXJJOI1,2025-12-01
B01LXJJOI1,2025-12-08
B01LXJJOI1,2025-12-15
B01LXJJOI1,2025-12-22
B01LXJJOI1,2025-12-29
B01LXJJOI1,2026-01-05
B01LXJJOI1,2026-01-12
B01LXJJOI1,2026-01-19
B01LXJJOI1,2026-01-26
B01LXJJOI1,2026-02-02
B01LXJJOI1,2026-02-09
B01LXJJOI1,2026-02-16
B01LXJJOI1,2026-02-23
B01LXJJOI1,2026-03-02
B01LXJJOI1,2026-03-09
B01LXJJOI1,2026-03-16
B01LXJJOI1,2026-03-23
B01LXJJOI1,2026-03-30
B01LXJJOI1,2025-03-03
B01LXJJOI1,2025-03-10
B01LXJJOI1,2025-03-17
B01LXJJOI1,2025-03-24
B01LXJJOI1,2025-03-31
B01LXJJOI1,2025-04-07
B01LXJJOI1,2025-04-14
B01LXJJOI1,2025-04-21
B01LXJJOI1,2025-04-28
B01LXJJOI1,2025-05-05
B01LXJJOI1,2025-05-12
B01LXJJOI1,2025-05-19
B01LXJJOI1,2025-05-26
B01LXJJOI1,2025-06-02
B01LXJJOI1,2025-06-09
B01LXJJOI1,2025-06-16
B01LXJJOI1,2025-06-23
B01LXJJOI1,2025-06-30
B01LXJJOI1,2025-07-07
B01LXJJOI1,2025-07-14
B01LXJJOI1,2025-07-21
B01LXJJOI1,2025-07-28
B01LXJJOI1,2025-08-04
B01LXJJOI1,2025-08-11
B01LXJJOI1,2025-08-18
B01LXJJOI1,2025-08-25
B01LXJJOI1,2025-09-01
B01LXJJOI1,2025-09-08
B01LXJJOI1,2025-09-15
B01LXJJOI1,2025-09-22
B01LXJJOI1,2025-09-29
B01LXJJOI1,2025-10-06
B01LXJJOI1,2025-10-13
B01LXJJOI1,2025-10-20
B01LXJJOI1,2025-10-27
B01LXJJOI1,2025-11-03
B01LXJJOI1,2025-11-10
B01LXJJOI1,2025-11-17
B01LXJJOI1,2025-11-24
B01LXJJOI1,2025-12-01
B01LXJJOI1,2025-12-08
B01LXJJOI1,2025-12-15
B01LXJJOI1,2025-12-22
B01LXJJOI1,2025-12-29
B01LXJJOI1,2026-01-05
B01LXJJOI1,2026-01-12
B01LXJJOI1,2026-01-19
B01LXJJOI1,2026-01-26
B01LXJJOI1,2026-02-02
B01LXJJOI1,2026-02-09
B01LXJJOI1,2026-02-16
B01LXJJOI1,2026-02-23
B01LXJJOI1,2026-03-02
B01LXJJOI1,2026-03-09
B01LXJJOI1,2026-03-16
B01LXJJOI1,2026-03-23
B01LXJJOI1,2026-03-30
B01LZC7WC8,2025-03-03
B01LZC7WC8,2025-03-10
B01LZC7WC8,2025-03-17
B01LZC7WC8,2025-03-24
B01LZC7WC8,2025-03-31
B01LZC7WC8,2025-04-07
B01LZC7WC8,2025-04-14
B01LZC7WC8,2025-04-21
B01LZC7WC8,2025-04-28
B01LZC7WC8,2025-05-05
B01LZC7WC8,2025-05-12
B01LZC7WC8,2025-05-19
B01LZC7WC8,2025-05-26
B01LZC7WC8,2025-06-02
B01LZC7WC8,2025-06-09
B01LZC7WC8,2025-06-16
B01LZC7WC8,2025-06-23
B01LZC7WC8,2025-06-30
B01LZC7WC8,2025-07-07
B01LZC7WC8,2025-07-14
B01LZC7WC8,2025-07-21
B01LZC7WC8,2025-07-28
B01LZC7WC8,2025-08-04
B01LZC7WC8,2025-08-11
B01LZC7WC8,2025-08-18
B01LZC7WC8,2025-08-25
B01LZC7WC8,2025-09-01
B01LZC7WC8,2025-09-08
B01LZC7WC8,2025-09-15
B01LZC7WC8,2025-09-22
B01LZC7WC8,2025-09-29
B01LZC7WC8,2025-10-06
B01LZC7WC8,2025-10-13
B01LZC7WC8,2025-10-20
B01LZC7WC8,2025-10-27
B01LZC7WC8,2025-11-03
B01LZC7WC8,2025-11-10
B01LZC7WC8,2025-11-17
B01LZC7WC8,2025-11-24
B01LZC7WC8,2025-12-01
B01LZC7WC8,2025-12-08
B01LZC7WC8,2025-12-15
B01LZC7WC8,2025-12-22
B01LZC7WC8,2025-12-29
B01LZC7WC8,2026-01-05
B01LZC7WC8,2026-01-12
B01LZC7WC8,2026-01-19
B01LZC7WC8,2026-01-26
B01LZC7WC8,2026-02-02
B01LZC7WC8,2026-02-09
B01LZC7WC8,2026-02-16
B01LZC7WC8,2026-02-23
B01LZC7WC8,2026-03-02
B01LZC7WC8,2026-03-09
B01LZC7WC8,2026-03-16
B01LZC7WC8,2026-03-23
B01LZC7WC8,2026-03-30
B01LZC7WC8,2025-03-03
B01LZC7WC8,2025-03-10
B01LZC7WC8,2025-03-17
B01LZC7WC8,2025-03-24
B01LZC7WC8,2025-03-31
B01LZC7WC8,2025-04-07
B01LZC7WC8,2025-04-14
B01LZC7WC8,2025-04-21
B01LZC7WC8,2025-04-28
B01LZC7WC8,2025-05-05
B01LZC7WC8,2025-05-12
B01LZC7WC8,2025-05-19
B01LZC7WC8,2025-05-26
B01LZC7WC8,2025-06-02
B01LZC7WC8,2025-06-09
B01LZC7WC8,2025-06-16
B01LZC7WC8,2025-06-23
B01LZC7WC8,2025-06-30
B01LZC7WC8,2025-07-07
B01LZC7WC8,2025-07-14
B01LZC7WC8,2025-07-21
B01LZC7WC8,2025-07-28
B01LZC7WC8,2025-08-04
B01LZC7WC8,2025-08-11
B01LZC7WC8,2025-08-18
B01LZC7WC8,2025-08-25
B01LZC7WC8,2025-09-01
B01LZC7WC8,2025-09-08
B01LZC7WC8,2025-09-15
B01LZC7WC8,2025-09-22
B01LZC7WC8,2025-09-29
B01LZC7WC8,2025-10-06
B01LZC7WC8,2025-10-13
B01LZC7WC8,2025-10-20
B01LZC7WC8,2025-10-27
B01LZC7WC8,2025-11-03
B01LZC7WC8,2025-11-10
B01LZC7WC8,2025-11-17
B01LZC7WC8,2025-11-24
B01LZC7WC8,2025-12-01
B01LZC7WC8,2025-12-08
B01LZC7WC8,2025-12-15
B01LZC7WC8,2025-12-22
B01LZC7WC8,2025-12-29
B01LZC7WC8,2026-01-05
B01LZC7WC8,2026-01-12
B01LZC7WC8,2026-01-19
B01LZC7WC8,2026-01-26
B01LZC7WC8,2026-02-02
B01LZC7WC8,2026-02-09
B01LZC7WC8,2026-02-16
B01LZC7WC8,2026-02-23
B01LZC7WC8,2026-03-02
B01LZC7WC8,2026-03-09
B01LZC7WC8,2026-03-16
B01LZC7WC8,2026-03-23
B01LZC7WC8,2026-03-30
B01M0YKZD3,2025-03-03
B01M0YKZD3,2025-03-10
B01M0YKZD3,2025-03-17
B01M0YKZD3,2025-03-24
B01M0YKZD3,2025-03-31
B01M0YKZD3,2025-04-07
B01M0YKZD3,2025-04-14
B01M0YKZD3,2025-04-21
B01M0YKZD3,2025-04-28
B01M0YKZD3,2025-05-05
B01M0YKZD3,2025-05-12
B01M0YKZD3,2025-05-19
B01M0YKZD3,2025-05-26
B01M0YKZD3,2025-06-02
B01M0YKZD3,2025-06-09
B01M0YKZD3,2025-06-16
B01M0YKZD3,2025-06-23
B01M0YKZD3,2025-06-30
B01M0YKZD3,2025-07-07
B01M0YKZD3,2025-07-14
B01M0YKZD3,2025-07-21
B01M0YKZD3,2025-07-28
B01M0YKZD3,2025-08-04
B01M0YKZD3,2025-08-11
B01M0YKZD3,2025-08-18
B01M0YKZD3,2025-08-25
B01M0YKZD3,2025-09-01
B01M0YKZD3,2025-09-08
B01M0YKZD3,2025-09-15
B01M0YKZD3,2025-09-22
B01M0YKZD3,2025-09-29
B01M0YKZD3,2025-10-06
B01M0YKZD3,2025-10-13
B01M0YKZD3,2025-10-20
B01M0YKZD3,2025-10-27
B01M0YKZD3,2025-11-03
B01M0YKZD3,2025-11-10
B01M0YKZD3,2025-11-17
B01M0YKZD3,2025-11-24
B01M0YKZD3,2025-12-01
B01M0YKZD3,2025-12-08
B01M0YKZD3,2025-12-15
B01M0YKZD3,2025-12-22
B01M0YKZD3,2025-12-29
B01M0YKZD3,2026-01-05
B01M0YKZD3,2026-01-12
B01M0YKZD3,2026-01-19
B01M0YKZD3,2026-01-26
B01M0YKZD3,2026-02-02
B01M0YKZD3,2026-02-09
B01M0YKZD3,2026-02-16
B01M0YKZD3,2026-02-23
B01M0YKZD3,2026-03-02
B01M0YKZD3,2026-03-09
B01M0YKZD3,2026-03-16
B01M0YKZD3,2026-03-23
B01M0YKZD3,2026-03-30
B01M0YKZD3,2025-03-03
B01M0YKZD3,2025-03-10
B01M0YKZD3,2025-03-17
B01M0YKZD3,2025-03-24
B01M0YKZD3,2025-03-31
B01M0YKZD3,2025-04-07
B01M0YKZD3,2025-04-14
B01M0YKZD3,2025-04-21
B01M0YKZD3,2025-04-28
B01M0YKZD3,2025-05-05
B01M0YKZD3,2025-05-12
B01M0YKZD3,2025-05-19
B01M0YKZD3,2025-05-26
B01M0YKZD3,2025-06-02
B01M0YKZD3,2025-06-09
B01M0YKZD3,2025-06-16
B01M0YKZD3,2025-06-23
B01M0YKZD3,2025-06-30
B01M0YKZD3,2025-07-07
B01M0YKZD3,2025-07-14
B01M0YKZD3,2025-07-21
B01M0YKZD3,2025-07-28
B01M0YKZD3,2025-08-04
B01M0YKZD3,2025-08-11
B01M0YKZD3,2025-08-18
B01M0YKZD3,2025-08-25
B01M0YKZD3,2025-09-01
B01M0YKZD3,2025-09-08
B01M0YKZD3,2025-09-15
B01M0YKZD3,2025-09-22
B01M0YKZD3,2025-09-29
B01M0YKZD3,2025-10-06
B01M0YKZD3,2025-10-13
B01M0YKZD3,2025-10-20
B01M0YKZD3,2025-10-27
B01M0YKZD3,2025-11-03
B01M0YKZD3,2025-11-10
B01M0YKZD3,2025-11-17
B01M0YKZD3,2025-11-24
B01M0YKZD3,2025-12-01
B01M0YKZD3,2025-12-08
B01M0YKZD3,2025-12-15
B01M0YKZD3,2025-12-22
B01M0YKZD3,2025-12-29
B01M0YKZD3,2026-01-05
B01M0YKZD3,2026-01-12
B01M0YKZD3,2026-01-19
B01M0YKZD3,2026-01-26
B01M0YKZD3,2026-02-02
B01M0YKZD3,2026-02-09
B01M0YKZD3,2026-02-16
B01M0YKZD3,2026-02-23
B01M0YKZD3,2026-03-02
B01M0YKZD3,2026-03-09
B01M0YKZD3,2026-03-16
B01M0YKZD3,2026-03-23
B01M0YKZD3,2026-03-30
B01MZY84V1,2025-03-03
B01MZY84V1,2025-03-10
B01MZY84V1,2025-03-17
B01MZY84V1,2025-03-24
B01MZY84V1,2025-03-31
B01MZY84V1,2025-04-07
B01MZY84V1,2025-04-14
B01MZY84V1,2025-04-21
B01MZY84V1,2025-04-28
B01MZY84V1,2025-05-05
B01MZY84V1,2025-05-12
B01MZY84V1,2025-05-19
B01MZY84V1,2025-05-26
B01MZY84V1,2025-06-02
B01MZY84V1,2025-06-09
B01MZY84V1,2025-06-16
B01MZY84V1,2025-06-23
B01MZY84V1,2025-06-30
B01MZY84V1,2025-07-07
B01MZY84V1,2025-07-14
B01MZY84V1,2025-07-21
B01MZY84V1,2025-07-28
B01MZY84V1,2025-08-04
B01MZY84V1,2025-08-11
B01MZY84V1,2025-08-18
B01MZY84V1,2025-08-25
B01MZY84V1,2025-09-01
B01MZY84V1,2025-09-08
B01MZY84V1,2025-09-15
B01MZY84V1,2025-09-22
B01MZY84V1,2025-09-29
B01MZY84V1,2025-10-06
B01MZY84V1,2025-10-13
B01MZY84V1,2025-10-20
B01MZY84V1,2025-10-27
B01MZY84V1,2025-11-03
B01MZY84V1,2025-11-10
B01MZY84V1,2025-11-17
B01MZY84V1,2025-11-24
B01MZY84V1,2025-12-01
B01MZY84V1,2025-12-08
B01MZY84V1,2025-12-15
B01MZY84V1,2025-12-22
B01MZY84V1,2025-12-29
B01MZY84V1,2026-01-05
B01MZY84V1,2026-01-12
B01MZY84V1,2026-01-19
B01MZY84V1,2026-01-26
B01MZY84V1,2026-02-02
B01MZY84V1,2026-02-09
B01MZY84V1,2026-02-16
B01MZY84V1,2026-02-23
B01MZY84V1,2026-03-02
B01MZY84V1,2026-03-09
B01MZY84V1,2026-03-16
B01MZY84V1,2026-03-23
B01MZY84V1,2026-03-30
B01MZY84V1,2025-03-03
B01MZY84V1,2025-03-10
B01MZY84V1,2025-03-17
B01MZY84V1,2025-03-24
B01MZY84V1,2025-03-31
B01MZY84V1,2025-04-07
B01MZY84V1,2025-04-14
B01MZY84V1,2025-04-21
B01MZY84V1,2025-04-28
B01MZY84V1,2025-05-05
B01MZY84V1,2025-05-12
B01MZY84V1,2025-05-19
B01MZY84V1,2025-05-26
B01MZY84V1,2025-06-02
B01MZY84V1,2025-06-09
B01MZY84V1,2025-06-16
B01MZY84V1,2025-06-23
B01MZY84V1,2025-06-30
B01MZY84V1,2025-07-07
B01MZY84V1,2025-07-14
B01MZY84V1,2025-07-21
B01MZY84V1,2025-07-28
B01MZY84V1,2025-08-04
B01MZY84V1,2025-08-11
B01MZY84V1,2025-08-18
B01MZY84V1,2025-08-25
B01MZY84V1,2025-09-01
B01MZY84V1,2025-09-08
B01MZY84V1,2025-09-15
B01MZY84V1,2025-09-22
B01MZY84V1,2025-09-29
B01MZY84V1,2025-10-06
B01MZY84V1,2025-10-13
B01MZY84V1,2025-10-20
B01MZY84V1,2025-10-27
B01MZY84V1,2025-11-03
B01MZY84V1,2025-11-10
B01MZY84V1,2025-11-17
B01MZY84V1,2025-11-24
B01MZY84V1,2025-12-01
B01MZY84V1,2025-12-08
B01MZY84V1,2025-12-15
B01MZY84V1,2025-12-22
B01MZY84V1,2025-12-29
B01MZY84V1,2026-01-05
B01MZY84V1,2026-01-12
B01MZY84V1,2026-01-19
B01MZY84V1,2026-01-26
B01MZY84V1,2026-02-02
B01MZY84V1,2026-02-09
B01MZY84V1,2026-02-16
B01MZY84V1,2026-02-23
B01MZY84V1,2026-03-02
B01MZY84V1,2026-03-09
B01MZY84V1,2026-03-16
B01MZY84V1,2026-03-23
B01MZY84V1,2026-03-30
B06X9ZDN1W,2025-03-03
B06X9ZDN1W,2025-03-10
B06X9ZDN1W,2025-03-17
B06X9ZDN1W,2025-03-24
B06X9ZDN1W,2025-03-31
B06X9ZDN1W,2025-04-07
B06X9ZDN1W,2025-04-14
B06X9ZDN1W,2025-04-21
B06X9ZDN1W,2025-04-28
B06X9ZDN1W,2025-05-05
B06X9ZDN1W,2025-05-12
B06X9ZDN1W,2025-05-19
B06X9ZDN1W,2025-05-26
B06X9ZDN1W,2025-06-02
B06X9ZDN1W,2025-06-09
B06X9ZDN1W,2025-06-16
B06X9ZDN1W,2025-06-23
B06X9ZDN1W,2025-06-30
B06X9ZDN1W,2025-07-07
B06X9ZDN1W,2025-07-14
B06X9ZDN1W,2025-07-21
B06X9ZDN1W,2025-07-28
B06X9ZDN1W,2025-08-04
B06X9ZDN1W,2025-08-11
B06X9ZDN1W,2025-08-18
B06X9ZDN1W,2025-08-25
B06X9ZDN1W,2025-09-01
B06X9ZDN1W,2025-09-08
B06X9ZDN1W,2025-09-15
B06X9ZDN1W,2025-09-22
B06X9ZDN1W,2025-09-29
B06X9ZDN1W,2025-10-06
B06X9ZDN1W,2025-10-13
B06X9ZDN1W,2025-10-20
B06X9ZDN1W,2025-10-27
B06X9ZDN1W,2025-11-03
B06X9ZDN1W,2025-11-10
B06X9ZDN1W,2025-11-17
B06X9ZDN1W,2025-11-24
B06X9ZDN1W,2025-12-01
B06X9ZDN1W,2025-12-08
B06X9ZDN1W,2025-12-15
B06X9ZDN1W,2025-12-22
B06X9ZDN1W,2025-12-29
B06X9ZDN1W,2026-01-05
B06X9ZDN1W,2026-01-12
B06X9ZDN1W,2026-01-19
B06X9ZDN1W,2026-01-26
B06X9ZDN1W,2026-02-02
B06X9ZDN1W,2026-02-09
B06X9ZDN1W,2026-02-16
B06X9ZDN1W,2026-02-23
B06X9ZDN1W,2026-03-02
B06X9ZDN1W,2026-03-09
B06X9ZDN1W,2026-03-16
B06X9ZDN1W,2026-03-23
B06X9ZDN1W,2026-03-30
B06X9ZDN1W,2025-03-03
B06X9ZDN1W,2025-03-10
B06X9ZDN1W,2025-03-17
B06X9ZDN1W,2025-03-24
B06X9ZDN1W,2025-03-31
B06X9ZDN1W,2025-04-07
B06X9ZDN1W,2025-04-14
B06X9ZDN1W,2025-04-21
B06X9ZDN1W,2025-04-28
B06X9ZDN1W,2025-05-05
B06X9ZDN1W,2025-05-12
B06X9ZDN1W,2025-05-19
B06X9ZDN1W,2025-05-26
B06X9ZDN1W,2025-06-02
B06X9ZDN1W,2025-06-09
B06X9ZDN1W,2025-06-16
B06X9ZDN1W,2025-06-23
B06X9ZDN1W,2025-06-30
B06X9ZDN1W,2025-07-07
B06X9ZDN1W,2025-07-14
B06X9ZDN1W,2025-07-21
B06X9ZDN1W,2025-07-28
B06X9ZDN1W,2025-08-04
B06X9ZDN1W,2025-08-11
B06X9ZDN1W,2025-08-18
B06X9ZDN1W,2025-08-25
B06X9ZDN1W,2025-09-01
B06X9ZDN1W,2025-09-08
B06X9ZDN1W,2025-09-15
B06X9ZDN1W,2025-09-22
B06X9ZDN1W,2025-09-29
B06X9ZDN1W,2025-10-06
B06X9ZDN1W,2025-10-13
B06X9ZDN1W,2025-10-20
B06X9ZDN1W,2025-10-27
B06X9ZDN1W,2025-11-03
B06X9ZDN1W,2025-11-10
B06X9ZDN1W,2025-11-17
B06X9ZDN1W,2025-11-24
B06X9ZDN1W,2025-12-01
B06X9ZDN1W,2025-12-08
B06X9ZDN1W,2025-12-15
B06X9ZDN1W,2025-12-22
B06X9ZDN1W,2025-12-29
B06X9ZDN1W,2026-01-05
B06X9ZDN1W,2026-01-12
B06X9ZDN1W,2026-01-19
B06X9ZDN1W,2026-01-26
B06X9ZDN1W,2026-02-02
B06X9ZDN1W,2026-02-09
B06X9ZDN1W,2026-02-16
B06X9ZDN1W,2026-02-23
B06X9ZDN1W,2026-03-02
B06X9ZDN1W,2026-03-09
B06X9ZDN1W,2026-03-16
B06X9ZDN1W,2026-03-23
B06X9ZDN1W,2026-03-30
B06XB9GWR7,2025-03-03
B06XB9GWR7,2025-03-10
B06XB9GWR7,2025-03-17
B06XB9GWR7,2025-03-24
B06XB9GWR7,2025-03-31
B06XB9GWR7,2025-04-07
B06XB9GWR7,2025-04-14
B06XB9GWR7,2025-04-21
B06XB9GWR7,2025-04-28
B06XB9GWR7,2025-05-05
B06XB9GWR7,2025-05-12
B06XB9GWR7,2025-05-19
B06XB9GWR7,2025-05-26
B06XB9GWR7,2025-06-02
B06XB9GWR7,2025-06-09
B06XB9GWR7,2025-06-16
B06XB9GWR7,2025-06-23
B06XB9GWR7,2025-06-30
B06XB9GWR7,2025-07-07
B06XB9GWR7,2025-07-14
B06XB9GWR7,2025-07-21
B06XB9GWR7,2025-07-28
B06XB9GWR7,2025-08-04
B06XB9GWR7,2025-08-11
B06XB9GWR7,2025-08-18
B06XB9GWR7,2025-08-25
B06XB9GWR7,2025-09-01
B06XB9GWR7,2025-09-08
B06XB9GWR7,2025-09-15
B06XB9GWR7,2025-09-22
B06XB9GWR7,2025-09-29
B06XB9GWR7,2025-10-06
B06XB9GWR7,2025-10-13
B06XB9GWR7,2025-10-20
B06XB9GWR7,2025-10-27
B06XB9GWR7,2025-11-03
B06XB9GWR7,2025-11-10
B06XB9GWR7,2025-11-17
B06XB9GWR7,2025-11-24
B06XB9GWR7,2025-12-01
B06XB9GWR7,2025-12-08
B06XB9GWR7,2025-12-15
B06XB9GWR7,2025-12-22
B06XB9GWR7,2025-12-29
B06XB9GWR7,2026-01-05
B06XB9GWR7,2026-01-12
B06XB9GWR7,2026-01-19
B06XB9GWR7,2026-01-26
B06XB9GWR7,2026-02-02
B06XB9GWR7,2026-02-09
B06XB9GWR7,2026-02-16
B06XB9GWR7,2026-02-23
B06XB9GWR7,2026-03-02
B06XB9GWR7,2026-03-09
B06XB9GWR7,2026-03-16
B06XB9GWR7,2026-03-23
B06XB9GWR7,2026-03-30
B06XB9GWR7,2025-03-03
B06XB9GWR7,2025-03-10
B06XB9GWR7,2025-03-17
B06XB9GWR7,2025-03-24
B06XB9GWR7,2025-03-31
B06XB9GWR7,2025-04-07
B06XB9GWR7,2025-04-14
B06XB9GWR7,2025-04-21
B06XB9GWR7,2025-04-28
B06XB9GWR7,2025-05-05
B06XB9GWR7,2025-05-12
B06XB9GWR7,2025-05-19
B06XB9GWR7,2025-05-26
B06XB9GWR7,2025-06-02
B06XB9GWR7,2025-06-09
B06XB9GWR7,2025-06-16
B06XB9GWR7,2025-06-23
B06XB9GWR7,2025-06-30
B06XB9GWR7,2025-07-07
B06XB9GWR7,2025-07-14
B06XB9GWR7,2025-07-21
B06XB9GWR7,2025-07-28
B06XB9GWR7,2025-08-04
B06XB9GWR7,2025-08-11
B06XB9GWR7,2025-08-18
B06XB9GWR7,2025-08-25
B06XB9GWR7,2025-09-01
B06XB9GWR7,2025-09-08
B06XB9GWR7,2025-09-15
B06XB9GWR7,2025-09-22
B06XB9GWR7,2025-09-29
B06XB9GWR7,2025-10-06
B06XB9GWR7,2025-10-13
B06XB9GWR7,2025-10-20
B06XB9GWR7,2025-10-27
B06XB9GWR7,2025-11-03
B06XB9GWR7,2025-11-10
B06XB9GWR7,2025-11-17
B06XB9GWR7,2025-11-24
B06XB9GWR7,2025-12-01
B06XB9GWR7,2025-12-08
B06XB9GWR7,2025-12-15
B06XB9GWR7,2025-12-22
B06XB9GWR7,2025-12-29
B06XB9GWR7,2026-01-05
B06XB9GWR7,2026-01-12
B06XB9GWR7,2026-01-19
B06XB9GWR7,2026-01-26
B06XB9GWR7,2026-02-02
B06XB9GWR7,2026-02-09
B06XB9GWR7,2026-02-16
B06XB9GWR7,2026-02-23
B06XB9GWR7,2026-03-02
B06XB9GWR7,2026-03-09
B06XB9GWR7,2026-03-16
B06XB9GWR7,2026-03-23
B06XB9GWR7,2026-03-30
B06ZYKXKDZ,2025-03-03
B06ZYKXKDZ,2025-03-10
B06ZYKXKDZ,2025-03-17
B06ZYKXKDZ,2025-03-24
B06ZYKXKDZ,2025-03-31
B06ZYKXKDZ,2025-04-07
B06ZYKXKDZ,2025-04-14
B06ZYKXKDZ,2025-04-21
B06ZYKXKDZ,2025-04-28
B06ZYKXKDZ,2025-05-05
B06ZYKXKDZ,2025-05-12
B06ZYKXKDZ,2025-05-19
B06ZYKXKDZ,2025-05-26
B06ZYKXKDZ,2025-06-02
B06ZYKXKDZ,2025-06-09
B06ZYKXKDZ,2025-06-16
B06ZYKXKDZ,2025-06-23
B06ZYKXKDZ,2025-06-30
B06ZYKXKDZ,2025-07-07
B06ZYKXKDZ,2025-07-14
B06ZYKXKDZ,2025-07-21
B06ZYKXKDZ,2025-07-28
B06ZYKXKDZ,2025-08-04
B06ZYKXKDZ,2025-08-11
B06ZYKXKDZ,2025-08-18
B06ZYKXKDZ,2025-08-25
B06ZYKXKDZ,2025-09-01
B06ZYKXKDZ,2025-09-08
B06ZYKXKDZ,2025-09-15
B06ZYKXKDZ,2025-09-22
B06ZYKXKDZ,2025-09-29
B06ZYKXKDZ,2025-10-06
B06ZYKXKDZ,2025-10-13
B06ZYKXKDZ,2025-10-20
B06ZYKXKDZ,2025-10-27
B06ZYKXKDZ,2025-11-03
B06ZYKXKDZ,2025-11-10
B06ZYKXKDZ,2025-11-17
B06ZYKXKDZ,2025-11-24
B06ZYKXKDZ,2025-12-01
B06ZYKXKDZ,2025-12-08
B06ZYKXKDZ,2025-12-15
B06ZYKXKDZ,2025-12-22
B06ZYKXKDZ,2025-12-29
B06ZYKXKDZ,2026-01-05
B06ZYKXKDZ,2026-01-12
B06ZYKXKDZ,2026-01-19
B06ZYKXKDZ,2026-01-26
B06ZYKXKDZ,2026-02-02
B06ZYKXKDZ,2026-02-09
B06ZYKXKDZ,2026-02-16
B06ZYKXKDZ,2026-02-23
B06ZYKXKDZ,2026-03-02
B06ZYKXKDZ,2026-03-09
B06ZYKXKDZ,2026-03-16
B06ZYKXKDZ,2026-03-23
B06ZYKXKDZ,2026-03-30
B06ZYKXKDZ,2025-03-03
B06ZYKXKDZ,2025-03-10
B06ZYKXKDZ,2025-03-17
B06ZYKXKDZ,2025-03-24
B06ZYKXKDZ,2025-03-31
B06ZYKXKDZ,2025-04-07
B06ZYKXKDZ,2025-04-14
B06ZYKXKDZ,2025-04-21
B06ZYKXKDZ,2025-04-28
B06ZYKXKDZ,2025-05-05
B06ZYKXKDZ,2025-05-12
B06ZYKXKDZ,2025-05-19
B06ZYKXKDZ,2025-05-26
B06ZYKXKDZ,2025-06-02
B06ZYKXKDZ,2025-06-09
B06ZYKXKDZ,2025-06-16
B06ZYKXKDZ,2025-06-23
B06ZYKXKDZ,2025-06-30
B06ZYKXKDZ,2025-07-07
B06ZYKXKDZ,2025-07-14
B06ZYKXKDZ,2025-07-21
B06ZYKXKDZ,2025-07-28
B06ZYKXKDZ,2025-08-04
B06ZYKXKDZ,2025-08-11
B06ZYKXKDZ,2025-08-18
B06ZYKXKDZ,2025-08-25
B06ZYKXKDZ,2025-09-01
B06ZYKXKDZ,2025-09-08
B06ZYKXKDZ,2025-09-15
B06ZYKXKDZ,2025-09-22
B06ZYKXKDZ,2025-09-29
B06ZYKXKDZ,2025-10-06
B06ZYKXKDZ,2025-10-13
B06ZYKXKDZ,2025-10-20
B06ZYKXKDZ,2025-10-27
B06ZYKXKDZ,2025-11-03
B06ZYKXKDZ,2025-11-10
B06ZYKXKDZ,2025-11-17
B06ZYKXKDZ,2025-11-24
B06ZYKXKDZ,2025-12-01
B06ZYKXKDZ,2025-12-08
B06ZYKXKDZ,2025-12-15
B06ZYKXKDZ,2025-12-22
B06ZYKXKDZ,2025-12-29
B06ZYKXKDZ,2026-01-05
B06ZYKXKDZ,2026-01-12
B06ZYKXKDZ,2026-01-19
B06ZYKXKDZ,2026-01-26
B06ZYKXKDZ,2026-02-02
B06ZYKXKDZ,2026-02-09
B06ZYKXKDZ,2026-02-16
B06ZYKXKDZ,2026-02-23
B06ZYKXKDZ,2026-03-02
B06ZYKXKDZ,2026-03-09
B06ZYKXKDZ,2026-03-16
B06ZYKXKDZ,2026-03-23
B06ZYKXKDZ,2026-03-30
B07141VX92,2025-03-03
B07141VX92,2025-03-10
B07141VX92,2025-03-17
B07141VX92,2025-03-24
B07141VX92,2025-03-31
B07141VX92,2025-04-07
B07141VX92,2025-04-14
B07141VX92,2025-04-21
B07141VX92,2025-04-28
B07141VX92,2025-05-05
B07141VX92,2025-05-12
B07141VX92,2025-05-19
B07141VX92,2025-05-26
B07141VX92,2025-06-02
B07141VX92,2025-06-09
B07141VX92,2025-06-16
B07141VX92,2025-06-23
B07141VX92,2025-06-30
B07141VX92,2025-07-07
B07141VX92,2025-07-14
B07141VX92,2025-07-21
B07141VX92,2025-07-28
B07141VX92,2025-08-04
B07141VX92,2025-08-11
B07141VX92,2025-08-18
B07141VX92,2025-08-25
B07141VX92,2025-09-01
B07141VX92,2025-09-08
B07141VX92,2025-09-15
B07141VX92,2025-09-22
B07141VX92,2025-09-29
B07141VX92,2025-10-06
B07141VX92,2025-10-13
B07141VX92,2025-10-20
B07141VX92,2025-10-27
B07141VX92,2025-11-03
B07141VX92,2025-11-10
B07141VX92,2025-11-17
B07141VX92,2025-11-24
B07141VX92,2025-12-01
B07141VX92,2025-12-08
B07141VX92,2025-12-15
B07141VX92,2025-12-22
B07141VX92,2025-12-29
B07141VX92,2026-01-05
B07141VX92,2026-01-12
B07141VX92,2026-01-19
B07141VX92,2026-01-26
B07141VX92,2026-02-02
B07141VX92,2026-02-09
B07141VX92,2026-02-16
B07141VX92,2026-02-23
B07141VX92,2026-03-02
B07141VX92,2026-03-09
B07141VX92,2026-03-16
B07141VX92,2026-03-23
B07141VX92,2026-03-30
B07141VX92,2025-03-03
B07141VX92,2025-03-10
B07141VX92,2025-03-17
B07141VX92,2025-03-24
B07141VX92,2025-03-31
B07141VX92,2025-04-07
B07141VX92,2025-04-14
B07141VX92,2025-04-21
B07141VX92,2025-04-28
B07141VX92,2025-05-05
B07141VX92,2025-05-12
B07141VX92,2025-05-19
B07141VX92,2025-05-26
B07141VX92,2025-06-02
B07141VX92,2025-06-09
B07141VX92,2025-06-16
B07141VX92,2025-06-23
B07141VX92,2025-06-30
B07141VX92,2025-07-07
B07141VX92,2025-07-14
B07141VX92,2025-07-21
B07141VX92,2025-07-28
B07141VX92,2025-08-04
B07141VX92,2025-08-11
B07141VX92,2025-08-18
B07141VX92,2025-08-25
B07141VX92,2025-09-01
B07141VX92,2025-09-08
B07141VX92,2025-09-15
B07141VX92,2025-09-22
B07141VX92,2025-09-29
B07141VX92,2025-10-06
B07141VX92,2025-10-13
B07141VX92,2025-10-20
B07141VX92,2025-10-27
B07141VX92,2025-11-03
B07141VX92,2025-11-10
B07141VX92,2025-11-17
B07141VX92,2025-11-24
B07141VX92,2025-12-01
B07141VX92,2025-12-08
B07141VX92,2025-12-15
B07141VX92,2025-12-22
B07141VX92,2025-12-29
B07141VX92,2026-01-05
B07141VX92,2026-01-12
B07141VX92,2026-01-19
B07141VX92,2026-01-26
B07141VX92,2026-02-02
B07141VX92,2026-02-09
B07141VX92,2026-02-16
B07141VX92,2026-02-23
B07141VX92,2026-03-02
B07141VX92,2026-03-09
B07141VX92,2026-03-16
B07141VX92,2026-03-23
B07141VX92,2026-03-30
B071GQT5GG,2025-03-03
B071GQT5GG,2025-03-10
B071GQT5GG,2025-03-17
B071GQT5GG,2025-03-24
B071GQT5GG,2025-03-31
B071GQT5GG,2025-04-07
B071GQT5GG,2025-04-14
B071GQT5GG,2025-04-21
B071GQT5GG,2025-04-28
B071GQT5GG,2025-05-05
B071GQT5GG,2025-05-12
B071GQT5GG,2025-05-19
B071GQT5GG,2025-05-26
B071GQT5GG,2025-06-02
B071GQT5GG,2025-06-09
B071GQT5GG,2025-06-16
B071GQT5GG,2025-06-23
B071GQT5GG,2025-06-30
B071GQT5GG,2025-07-07
B071GQT5GG,2025-07-14
B071GQT5GG,2025-07-21
B071GQT5GG,2025-07-28
B071GQT5GG,2025-08-04
B071GQT5GG,2025-08-11
B071GQT5GG,2025-08-18
B071GQT5GG,2025-08-25
B071GQT5GG,2025-09-01
B071GQT5GG,2025-09-08
B071GQT5GG,2025-09-15
B071GQT5GG,2025-09-22
B071GQT5GG,2025-09-29
B071GQT5GG,2025-10-06
B071GQT5GG,2025-10-13
B071GQT5GG,2025-10-20
B071GQT5GG,2025-10-27
B071GQT5GG,2025-11-03
B071GQT5GG,2025-11-10
B071GQT5GG,2025-11-17
B071GQT5GG,2025-11-24
B071GQT5GG,2025-12-01
B071GQT5GG,2025-12-08
B071GQT5GG,2025-12-15
B071GQT5GG,2025-12-22
B071GQT5GG,2025-12-29
B071GQT5GG,2026-01-05
B071GQT5GG,2026-01-12
B071GQT5GG,2026-01-19
B071GQT5GG,2026-01-26
B071GQT5GG,2026-02-02
B071GQT5GG,2026-02-09
B071GQT5GG,2026-02-16
B071GQT5GG,2026-02-23
B071GQT5GG,2026-03-02
B071GQT5GG,2026-03-09
B071GQT5GG,2026-03-16
B071GQT5GG,2026-03-23
B071GQT5GG,2026-03-30
B071GQT5GG,2025-03-03
B071GQT5GG,2025-03-10
B071GQT5GG,2025-03-17
B071GQT5GG,2025-03-24
B071GQT5GG,2025-03-31
B071GQT5GG,2025-04-07
B071GQT5GG,2025-04-14
B071GQT5GG,2025-04-21
B071GQT5GG,2025-04-28
B071GQT5GG,2025-05-05
B071GQT5GG,2025-05-12
B071GQT5GG,2025-05-19
B071GQT5GG,2025-05-26
B071GQT5GG,2025-06-02
B071GQT5GG,2025-06-09
B071GQT5GG,2025-06-16
B071GQT5GG,2025-06-23
B071GQT5GG,2025-06-30
B071GQT5GG,2025-07-07
B071GQT5GG,2025-07-14
B071GQT5GG,2025-07-21
B071GQT5GG,2025-07-28
B071GQT5GG,2025-08-04
B071GQT5GG,2025-08-11
B071GQT5GG,2025-08-18
B071GQT5GG,2025-08-25
B071GQT5GG,2025-09-01
B071GQT5GG,2025-09-08
B071GQT5GG,2025-09-15
B071GQT5GG,2025-09-22
B071GQT5GG,2025-09-29
B071GQT5GG,2025-10-06
B071GQT5GG,2025-10-13
B071GQT5GG,2025-10-20
B071GQT5GG,2025-10-27
B071GQT5GG,2025-11-03
B071GQT5GG,2025-11-10
B071GQT5GG,2025-11-17
B071GQT5GG,2025-11-24
B071GQT5GG,2025-12-01
B071GQT5GG,2025-12-08
B071GQT5GG,2025-12-15
B071GQT5GG,2025-12-22
B071GQT5GG,2025-12-29
B071GQT5GG,2026-01-05
B071GQT5GG,2026-01-12
B071GQT5GG,2026-01-19
B071GQT5GG,2026-01-26
B071GQT5GG,2026-02-02
B071GQT5GG,2026-02-09
B071GQT5GG,2026-02-16
B071GQT5GG,2026-02-23
B071GQT5GG,2026-03-02
B071GQT5GG,2026-03-09
B071GQT5GG,2026-03-16
B071GQT5GG,2026-03-23
B071GQT5GG,2026-03-30
B071X8WGGK,2025-03-03
B071X8WGGK,2025-03-10
B071X8WGGK,2025-03-17
B071X8WGGK,2025-03-24
B071X8WGGK,2025-03-31
B071X8WGGK,2025-04-07
B071X8WGGK,2025-04-14
B071X8WGGK,2025-04-21
B071X8WGGK,2025-04-28
B071X8WGGK,2025-05-05
B071X8WGGK,2025-05-12
B071X8WGGK,2025-05-19
B071X8WGGK,2025-05-26
B071X8WGGK,2025-06-02
B071X8WGGK,2025-06-09
B071X8WGGK,2025-06-16
B071X8WGGK,2025-06-23
B071X8WGGK,2025-06-30
B071X8WGGK,2025-07-07
B071X8WGGK,2025-07-14
B071X8WGGK,2025-07-21
B071X8WGGK,2025-07-28
B071X8WGGK,2025-08-04
B071X8WGGK,2025-08-11
B071X8WGGK,2025-08-18
B071X8WGGK,2025-08-25
B071X8WGGK,2025-09-01
B071X8WGGK,2025-09-08
B071X8WGGK,2025-09-15
B071X8WGGK,2025-09-22
B071X8WGGK,2025-09-29
B071X8WGGK,2025-10-06
B071X8WGGK,2025-10-13
B071X8WGGK,2025-10-20
B071X8WGGK,2025-10-27
B071X8WGGK,2025-11-03
B071X8WGGK,2025-11-10
B071X8WGGK,2025-11-17
B071X8WGGK,2025-11-24
B071X8WGGK,2025-12-01
B071X8WGGK,2025-12-08
B071X8WGGK,2025-12-15
B071X8WGGK,2025-12-22
B071X8WGGK,2025-12-29
B071X8WGGK,2026-01-05
B071X8WGGK,2026-01-12
B071X8WGGK,2026-01-19
B071X8WGGK,2026-01-26
B071X8WGGK,2026-02-02
B071X8WGGK,2026-02-09
B071X8WGGK,2026-02-16
B071X8WGGK,2026-02-23
B071X8WGGK,2026-03-02
B071X8WGGK,2026-03-09
B071X8WGGK,2026-03-16
B071X8WGGK,2026-03-23
B071X8WGGK,2026-03-30
B071X8WGGK,2025-03-03
B071X8WGGK,2025-03-10
B071X8WGGK,2025-03-17
B071X8WGGK,2025-03-24
B071X8WGGK,2025-03-31
B071X8WGGK,2025-04-07
B071X8WGGK,2025-04-14
B071X8WGGK,2025-04-21
B071X8WGGK,2025-04-28
B071X8WGGK,2025-05-05
B071X8WGGK,2025-05-12
B071X8WGGK,2025-05-19
B071X8WGGK,2025-05-26
B071X8WGGK,2025-06-02
B071X8WGGK,2025-06-09
B071X8WGGK,2025-06-16
B071X8WGGK,2025-06-23
B071X8WGGK,2025-06-30
B071X8WGGK,2025-07-07
B071X8WGGK,2025-07-14
B071X8WGGK,2025-07-21
B071X8WGGK,2025-07-28
B071X8WGGK,2025-08-04
B071X8WGGK,2025-08-11
B071X8WGGK,2025-08-18
B071X8WGGK,2025-08-25
B071X8WGGK,2025-09-01
B071X8WGGK,2025-09-08
B071X8WGGK,2025-09-15
B071X8WGGK,2025-09-22
B071X8WGGK,2025-09-29
B071X8WGGK,2025-10-06
B071X8WGGK,2025-10-13
B071X8WGGK,2025-10-20
B071X8WGGK,2025-10-27
B071X8WGGK,2025-11-03
B071X8WGGK,2025-11-10
B071X8WGGK,2025-11-17
B071X8WGGK,2025-11-24
B071X8WGGK,2025-12-01
B071X8WGGK,2025-12-08
B071X8WGGK,2025-12-15
B071X8WGGK,2025-12-22
B071X8WGGK,2025-12-29
B071X8WGGK,2026-01-05
B071X8WGGK,2026-01-12
B071X8WGGK,2026-01-19
B071X8WGGK,2026-01-26
B071X8WGGK,2026-02-02
B071X8WGGK,2026-02-09
B071X8WGGK,2026-02-16
B071X8WGGK,2026-02-23
B071X8WGGK,2026-03-02
B071X8WGGK,2026-03-09
B071X8WGGK,2026-03-16
B071X8WGGK,2026-03-23
B071X8WGGK,2026-03-30
B071Y6DLVJ,2025-03-03
B071Y6DLVJ,2025-03-10
B071Y6DLVJ,2025-03-17
B071Y6DLVJ,2025-03-24
B071Y6DLVJ,2025-03-31
B071Y6DLVJ,2025-04-07
B071Y6DLVJ,2025-04-14
B071Y6DLVJ,2025-04-21
B071Y6DLVJ,2025-04-28
B071Y6DLVJ,2025-05-05
B071Y6DLVJ,2025-05-12
B071Y6DLVJ,2025-05-19
B071Y6DLVJ,2025-05-26
B071Y6DLVJ,2025-06-02
B071Y6DLVJ,2025-06-09
B071Y6DLVJ,2025-06-16
B071Y6DLVJ,2025-06-23
B071Y6DLVJ,2025-06-30
B071Y6DLVJ,2025-07-07
B071Y6DLVJ,2025-07-14
B071Y6DLVJ,2025-07-21
B071Y6DLVJ,2025-07-28
B071Y6DLVJ,2025-08-04
B071Y6DLVJ,2025-08-11
B071Y6DLVJ,2025-08-18
B071Y6DLVJ,2025-08-25
B071Y6DLVJ,2025-09-01
B071Y6DLVJ,2025-09-08
B071Y6DLVJ,2025-09-15
B071Y6DLVJ,2025-09-22
B071Y6DLVJ,2025-09-29
B071Y6DLVJ,2025-10-06
B071Y6DLVJ,2025-10-13
B071Y6DLVJ,2025-10-20
B071Y6DLVJ,2025-10-27
B071Y6DLVJ,2025-11-03
B071Y6DLVJ,2025-11-10
B071Y6DLVJ,2025-11-17
B071Y6DLVJ,2025-11-24
B071Y6DLVJ,2025-12-01
B071Y6DLVJ,2025-12-08
B071Y6DLVJ,2025-12-15
B071Y6DLVJ,2025-12-22
B071Y6DLVJ,2025-12-29
B071Y6DLVJ,2026-01-05
B071Y6DLVJ,2026-01-12
B071Y6DLVJ,2026-01-19
B071Y6DLVJ,2026-01-26
B071Y6DLVJ,2026-02-02
B071Y6DLVJ,2026-02-09
B071Y6DLVJ,2026-02-16
B071Y6DLVJ,2026-02-23
B071Y6DLVJ,2026-03-02
B071Y6DLVJ,2026-03-09
B071Y6DLVJ,2026-03-16
B071Y6DLVJ,2026-03-23
B071Y6DLVJ,2026-03-30
B071Y6DLVJ,2025-03-03
B071Y6DLVJ,2025-03-10
B071Y6DLVJ,2025-03-17
B071Y6DLVJ,2025-03-24
B071Y6DLVJ,2025-03-31
B071Y6DLVJ,2025-04-07
B071Y6DLVJ,2025-04-14
B071Y6DLVJ,2025-04-21
B071Y6DLVJ,2025-04-28
B071Y6DLVJ,2025-05-05
B071Y6DLVJ,2025-05-12
B071Y6DLVJ,2025-05-19
B071Y6DLVJ,2025-05-26
B071Y6DLVJ,2025-06-02
B071Y6DLVJ,2025-06-09
B071Y6DLVJ,2025-06-16
B071Y6DLVJ,2025-06-23
B071Y6DLVJ,2025-06-30
B071Y6DLVJ,2025-07-07
B071Y6DLVJ,2025-07-14
B071Y6DLVJ,2025-07-21
B071Y6DLVJ,2025-07-28
B071Y6DLVJ,2025-08-04
B071Y6DLVJ,2025-08-11
B071Y6DLVJ,2025-08-18
B071Y6DLVJ,2025-08-25
B071Y6DLVJ,2025-09-01
B071Y6DLVJ,2025-09-08
B071Y6DLVJ,2025-09-15
B071Y6DLVJ,2025-09-22
B071Y6DLVJ,2025-09-29
B071Y6DLVJ,2025-10-06
B071Y6DLVJ,2025-10-13
B071Y6DLVJ,2025-10-20
B071Y6DLVJ,2025-10-27
B071Y6DLVJ,2025-11-03
B071Y6DLVJ,2025-11-10
B071Y6DLVJ,2025-11-17
B071Y6DLVJ,2025-11-24
B071Y6DLVJ,2025-12-01
B071Y6DLVJ,2025-12-08
B071Y6DLVJ,2025-12-15
B071Y6DLVJ,2025-12-22
B071Y6DLVJ,2025-12-29
B071Y6DLVJ,2026-01-05
B071Y6DLVJ,2026-01-12
B071Y6DLVJ,2026-01-19
B071Y6DLVJ,2026-01-26
B071Y6DLVJ,2026-02-02
B071Y6DLVJ,2026-02-09
B071Y6DLVJ,2026-02-16
B071Y6DLVJ,2026-02-23
B071Y6DLVJ,2026-03-02
B071Y6DLVJ,2026-03-09
B071Y6DLVJ,2026-03-16
B071Y6DLVJ,2026-03-23
B071Y6DLVJ,2026-03-30
B072KKBJ6F,2025-03-03
B072KKBJ6F,2025-03-10
B072KKBJ6F,2025-03-17
B072KKBJ6F,2025-03-24
B072KKBJ6F,2025-03-31
B072KKBJ6F,2025-04-07
B072KKBJ6F,2025-04-14
B072KKBJ6F,2025-04-21
B072KKBJ6F,2025-04-28
B072KKBJ6F,2025-05-05
B072KKBJ6F,2025-05-12
B072KKBJ6F,2025-05-19
B072KKBJ6F,2025-05-26
B072KKBJ6F,2025-06-02
B072KKBJ6F,2025-06-09
B072KKBJ6F,2025-06-16
B072KKBJ6F,2025-06-23
B072KKBJ6F,2025-06-30
B072KKBJ6F,2025-07-07
B072KKBJ6F,2025-07-14
B072KKBJ6F,2025-07-21
B072KKBJ6F,2025-07-28
B072KKBJ6F,2025-08-04
B072KKBJ6F,2025-08-11
B072KKBJ6F,2025-08-18
B072KKBJ6F,2025-08-25
B072KKBJ6F,2025-09-01
B072KKBJ6F,2025-09-08
B072KKBJ6F,2025-09-15
B072KKBJ6F,2025-09-22
B072KKBJ6F,2025-09-29
B072KKBJ6F,2025-10-06
B072KKBJ6F,2025-10-13
B072KKBJ6F,2025-10-20
B072KKBJ6F,2025-10-27
B072KKBJ6F,2025-11-03
B072KKBJ6F,2025-11-10
B072KKBJ6F,2025-11-17
B072KKBJ6F,2025-11-24
B072KKBJ6F,2025-12-01
B072KKBJ6F,2025-12-08
B072KKBJ6F,2025-12-15
B072KKBJ6F,2025-12-22
B072KKBJ6F,2025-12-29
B072KKBJ6F,2026-01-05
B072KKBJ6F,2026-01-12
B072KKBJ6F,2026-01-19
B072KKBJ6F,2026-01-26
B072KKBJ6F,2026-02-02
B072KKBJ6F,2026-02-09
B072KKBJ6F,2026-02-16
B072KKBJ6F,2026-02-23
B072KKBJ6F,2026-03-02
B072KKBJ6F,2026-03-09
B072KKBJ6F,2026-03-16
B072KKBJ6F,2026-03-23
B072KKBJ6F,2026-03-30
B072KKBJ6F,2025-03-03
B072KKBJ6F,2025-03-10
B072KKBJ6F,2025-03-17
B072KKBJ6F,2025-03-24
B072KKBJ6F,2025-03-31
B072KKBJ6F,2025-04-07
B072KKBJ6F,2025-04-14
B072KKBJ6F,2025-04-21
B072KKBJ6F,2025-04-28
B072KKBJ6F,2025-05-05
B072KKBJ6F,2025-05-12
B072KKBJ6F,2025-05-19
B072KKBJ6F,2025-05-26
B072KKBJ6F,2025-06-02
B072KKBJ6F,2025-06-09
B072KKBJ6F,2025-06-16
B072KKBJ6F,2025-06-23
B072KKBJ6F,2025-06-30
B072KKBJ6F,2025-07-07
B072KKBJ6F,2025-07-14
B072KKBJ6F,2025-07-21
B072KKBJ6F,2025-07-28
B072KKBJ6F,2025-08-04
B072KKBJ6F,2025-08-11
B072KKBJ6F,2025-08-18
B072KKBJ6F,2025-08-25
B072KKBJ6F,2025-09-01
B072KKBJ6F,2025-09-08
B072KKBJ6F,2025-09-15
B072KKBJ6F,2025-09-22
B072KKBJ6F,2025-09-29
B072KKBJ6F,2025-10-06
B072KKBJ6F,2025-10-13
B072KKBJ6F,2025-10-20
B072KKBJ6F,2025-10-27
B072KKBJ6F,2025-11-03
B072KKBJ6F,2025-11-10
B072KKBJ6F,2025-11-17
B072KKBJ6F,2025-11-24
B072KKBJ6F,2025-12-01
B072KKBJ6F,2025-12-08
B072KKBJ6F,2025-12-15
B072KKBJ6F,2025-12-22
B072KKBJ6F,2025-12-29
B072KKBJ6F,2026-01-05
B072KKBJ6F,2026-01-12
B072KKBJ6F,2026-01-19
B072KKBJ6F,2026-01-26
B072KKBJ6F,2026-02-02
B072KKBJ6F,2026-02-09
B072KKBJ6F,2026-02-16
B072KKBJ6F,2026-02-23
B072KKBJ6F,2026-03-02
B072KKBJ6F,2026-03-09
B072KKBJ6F,2026-03-16
B072KKBJ6F,2026-03-23
B072KKBJ6F,2026-03-30
B072N55PKY,2025-03-03
B072N55PKY,2025-03-10
B072N55PKY,2025-03-17
B072N55PKY,2025-03-24
B072N55PKY,2025-03-31
B072N55PKY,2025-04-07
B072N55PKY,2025-04-14
B072N55PKY,2025-04-21
B072N55PKY,2025-04-28
B072N55PKY,2025-05-05
B072N55PKY,2025-05-12
B072N55PKY,2025-05-19
B072N55PKY,2025-05-26
B072N55PKY,2025-06-02
B072N55PKY,2025-06-09
B072N55PKY,2025-06-16
B072N55PKY,2025-06-23
B072N55PKY,2025-06-30
B072N55PKY,2025-07-07
B072N55PKY,2025-07-14
B072N55PKY,2025-07-21
B072N55PKY,2025-07-28
B072N55PKY,2025-08-04
B072N55PKY,2025-08-11
B072N55PKY,2025-08-18
B072N55PKY,2025-08-25
B072N55PKY,2025-09-01
B072N55PKY,2025-09-08
B072N55PKY,2025-09-15
B072N55PKY,2025-09-22
B072N55PKY,2025-09-29
B072N55PKY,2025-10-06
B072N55PKY,2025-10-13
B072N55PKY,2025-10-20
B072N55PKY,2025-10-27
B072N55PKY,2025-11-03
B072N55PKY,2025-11-10
B072N55PKY,2025-11-17
B072N55PKY,2025-11-24
B072N55PKY,2025-12-01
B072N55PKY,2025-12-08
B072N55PKY,2025-12-15
B072N55PKY,2025-12-22
B072N55PKY,2025-12-29
B072N55PKY,2026-01-05
B072N55PKY,2026-01-12
B072N55PKY,2026-01-19
B072N55PKY,2026-01-26
B072N55PKY,2026-02-02
B072N55PKY,2026-02-09
B072N55PKY,2026-02-16
B072N55PKY,2026-02-23
B072N55PKY,2026-03-02
B072N55PKY,2026-03-09
B072N55PKY,2026-03-16
B072N55PKY,2026-03-23
B072N55PKY,2026-03-30
B072N55PKY,2025-03-03
B072N55PKY,2025-03-10
B072N55PKY,2025-03-17
B072N55PKY,2025-03-24
B072N55PKY,2025-03-31
B072N55PKY,2025-04-07
B072N55PKY,2025-04-14
B072N55PKY,2025-04-21
B072N55PKY,2025-04-28
B072N55PKY,2025-05-05
B072N55PKY,2025-05-12
B072N55PKY,2025-05-19
B072N55PKY,2025-05-26
B072N55PKY,2025-06-02
B072N55PKY,2025-06-09
B072N55PKY,2025-06-16
B072N55PKY,2025-06-23
B072N55PKY,2025-06-30
B072N55PKY,2025-07-07
B072N55PKY,2025-07-14
B072N55PKY,2025-07-21
B072N55PKY,2025-07-28
B072N55PKY,2025-08-04
B072N55PKY,2025-08-11
B072N55PKY,2025-08-18
B072N55PKY,2025-08-25
B072N55PKY,2025-09-01
B072N55PKY,2025-09-08
B072N55PKY,2025-09-15
B072N55PKY,2025-09-22
B072N55PKY,2025-09-29
B072N55PKY,2025-10-06
B072N55PKY,2025-10-13
B072N55PKY,2025-10-20
B072N55PKY,2025-10-27
B072N55PKY,2025-11-03
B072N55PKY,2025-11-10
B072N55PKY,2025-11-17
B072N55PKY,2025-11-24
B072N55PKY,2025-12-01
B072N55PKY,2025-12-08
B072N55PKY,2025-12-15
B072N55PKY,2025-12-22
B072N55PKY,2025-12-29
B072N55PKY,2026-01-05
B072N55PKY,2026-01-12
B072N55PKY,2026-01-19
B072N55PKY,2026-01-26
B072N55PKY,2026-02-02
B072N55PKY,2026-02-09
B072N55PKY,2026-02-16
B072N55PKY,2026-02-23
B072N55PKY,2026-03-02
B072N55PKY,2026-03-09
B072N55PKY,2026-03-16
B072N55PKY,2026-03-23
B072N55PKY,2026-03-30
B0735JHHMT,2025-03-03
B0735JHHMT,2025-03-10
B0735JHHMT,2025-03-17
B0735JHHMT,2025-03-24
B0735JHHMT,2025-03-31
B0735JHHMT,2025-04-07
B0735JHHMT,2025-04-14
B0735JHHMT,2025-04-21
B0735JHHMT,2025-04-28
B0735JHHMT,2025-05-05
B0735JHHMT,2025-05-12
B0735JHHMT,2025-05-19
B0735JHHMT,2025-05-26
B0735JHHMT,2025-06-02
B0735JHHMT,2025-06-09
B0735JHHMT,2025-06-16
B0735JHHMT,2025-06-23
B0735JHHMT,2025-06-30
B0735JHHMT,2025-07-07
B0735JHHMT,2025-07-14
B0735JHHMT,2025-07-21
B0735JHHMT,2025-07-28
B0735JHHMT,2025-08-04
B0735JHHMT,2025-08-11
B0735JHHMT,2025-08-18
B0735JHHMT,2025-08-25
B0735JHHMT,2025-09-01
B0735JHHMT,2025-09-08
B0735JHHMT,2025-09-15
B0735JHHMT,2025-09-22
B0735JHHMT,2025-09-29
B0735JHHMT,2025-10-06
B0735JHHMT,2025-10-13
B0735JHHMT,2025-10-20
B0735JHHMT,2025-10-27
B0735JHHMT,2025-11-03
B0735JHHMT,2025-11-10
B0735JHHMT,2025-11-17
B0735JHHMT,2025-11-24
B0735JHHMT,2025-12-01
B0735JHHMT,2025-12-08
B0735JHHMT,2025-12-15
B0735JHHMT,2025-12-22
B0735JHHMT,2025-12-29
B0735JHHMT,2026-01-05
B0735JHHMT,2026-01-12
B0735JHHMT,2026-01-19
B0735JHHMT,2026-01-26
B0735JHHMT,2026-02-02
B0735JHHMT,2026-02-09
B0735JHHMT,2026-02-16
B0735JHHMT,2026-02-23
B0735JHHMT,2026-03-02
B0735JHHMT,2026-03-09
B0735JHHMT,2026-03-16
B0735JHHMT,2026-03-23
B0735JHHMT,2026-03-30
B0735JHHMT,2025-03-03
B0735JHHMT,2025-03-10
B0735JHHMT,2025-03-17
B0735JHHMT,2025-03-24
B0735JHHMT,2025-03-31
B0735JHHMT,2025-04-07
B0735JHHMT,2025-04-14
B0735JHHMT,2025-04-21
B0735JHHMT,2025-04-28
B0735JHHMT,2025-05-05
B0735JHHMT,2025-05-12
B0735JHHMT,2025-05-19
B0735JHHMT,2025-05-26
B0735JHHMT,2025-06-02
B0735JHHMT,2025-06-09
B0735JHHMT,2025-06-16
B0735JHHMT,2025-06-23
B0735JHHMT,2025-06-30
B0735JHHMT,2025-07-07
B0735JHHMT,2025-07-14
B0735JHHMT,2025-07-21
B0735JHHMT,2025-07-28
B0735JHHMT,2025-08-04
B0735JHHMT,2025-08-11
B0735JHHMT,2025-08-18
B0735JHHMT,2025-08-25
B0735JHHMT,2025-09-01
B0735JHHMT,2025-09-08
B0735JHHMT,2025-09-15
B0735JHHMT,2025-09-22
B0735JHHMT,2025-09-29
B0735JHHMT,2025-10-06
B0735JHHMT,2025-10-13
B0735JHHMT,2025-10-20
B0735JHHMT,2025-10-27
B0735JHHMT,2025-11-03
B0735JHHMT,2025-11-10
B0735JHHMT,2025-11-17
B0735JHHMT,2025-11-24
B0735JHHMT,2025-12-01
B0735JHHMT,2025-12-08
B0735JHHMT,2025-12-15
B0735JHHMT,2025-12-22
B0735JHHMT,2025-12-29
B0735JHHMT,2026-01-05
B0735JHHMT,2026-01-12
B0735JHHMT,2026-01-19
B0735JHHMT,2026-01-26
B0735JHHMT,2026-02-02
B0735JHHMT,2026-02-09
B0735JHHMT,2026-02-16
B0735JHHMT,2026-02-23
B0735JHHMT,2026-03-02
B0735JHHMT,2026-03-09
B0735JHHMT,2026-03-16
B0735JHHMT,2026-03-23
B0735JHHMT,2026-03-30
B0735M2BTG,2025-03-03
B0735M2BTG,2025-03-10
B0735M2BTG,2025-03-17
B0735M2BTG,2025-03-24
B0735M2BTG,2025-03-31
B0735M2BTG,2025-04-07
B0735M2BTG,2025-04-14
B0735M2BTG,2025-04-21
B0735M2BTG,2025-04-28
B0735M2BTG,2025-05-05
B0735M2BTG,2025-05-12
B0735M2BTG,2025-05-19
B0735M2BTG,2025-05-26
B0735M2BTG,2025-06-02
B0735M2BTG,2025-06-09
B0735M2BTG,2025-06-16
B0735M2BTG,2025-06-23
B0735M2BTG,2025-06-30
B0735M2BTG,2025-07-07
B0735M2BTG,2025-07-14
B0735M2BTG,2025-07-21
B0735M2BTG,2025-07-28
B0735M2BTG,2025-08-04
B0735M2BTG,2025-08-11
B0735M2BTG,2025-08-18
B0735M2BTG,2025-08-25
B0735M2BTG,2025-09-01
B0735M2BTG,2025-09-08
B0735M2BTG,2025-09-15
B0735M2BTG,2025-09-22
B0735M2BTG,2025-09-29
B0735M2BTG,2025-10-06
B0735M2BTG,2025-10-13
B0735M2BTG,2025-10-20
B0735M2BTG,2025-10-27
B0735M2BTG,2025-11-03
B0735M2BTG,2025-11-10
B0735M2BTG,2025-11-17
B0735M2BTG,2025-11-24
B0735M2BTG,2025-12-01
B0735M2BTG,2025-12-08
B0735M2BTG,2025-12-15
B0735M2BTG,2025-12-22
B0735M2BTG,2025-12-29
B0735M2BTG,2026-01-05
B0735M2BTG,2026-01-12
B0735M2BTG,2026-01-19
B0735M2BTG,2026-01-26
B0735M2BTG,2026-02-02
B0735M2BTG,2026-02-09
B0735M2BTG,2026-02-16
B0735M2BTG,2026-02-23
B0735M2BTG,2026-03-02
B0735M2BTG,2026-03-09
B0735M2BTG,2026-03-16
B0735M2BTG,2026-03-23
B0735M2BTG,2026-03-30
B0735M2BTG,2025-03-03
B0735M2BTG,2025-03-10
B0735M2BTG,2025-03-17
B0735M2BTG,2025-03-24
B0735M2BTG,2025-03-31
B0735M2BTG,2025-04-07
B0735M2BTG,2025-04-14
B0735M2BTG,2025-04-21
B0735M2BTG,2025-04-28
B0735M2BTG,2025-05-05
B0735M2BTG,2025-05-12
B0735M2BTG,2025-05-19
B0735M2BTG,2025-05-26
B0735M2BTG,2025-06-02
B0735M2BTG,2025-06-09
B0735M2BTG,2025-06-16
B0735M2BTG,2025-06-23
B0735M2BTG,2025-06-30
B0735M2BTG,2025-07-07
B0735M2BTG,2025-07-14
B0735M2BTG,2025-07-21
B0735M2BTG,2025-07-28
B0735M2BTG,2025-08-04
B0735M2BTG,2025-08-11
B0735M2BTG,2025-08-18
B0735M2BTG,2025-08-25
B0735M2BTG,2025-09-01
B0735M2BTG,2025-09-08
B0735M2BTG,2025-09-15
B0735M2BTG,2025-09-22
B0735M2BTG,2025-09-29
B0735M2BTG,2025-10-06
B0735M2BTG,2025-10-13
B0735M2BTG,2025-10-20
B0735M2BTG,2025-10-27
B0735M2BTG,2025-11-03
B0735M2BTG,2025-11-10
B0735M2BTG,2025-11-17
B0735M2BTG,2025-11-24
B0735M2BTG,2025-12-01
B0735M2BTG,2025-12-08
B0735M2BTG,2025-12-15
B0735M2BTG,2025-12-22
B0735M2BTG,2025-12-29
B0735M2BTG,2026-01-05
B0735M2BTG,2026-01-12
B0735M2BTG,2026-01-19
B0735M2BTG,2026-01-26
B0735M2BTG,2026-02-02
B0735M2BTG,2026-02-09
B0735M2BTG,2026-02-16
B0735M2BTG,2026-02-23
B0735M2BTG,2026-03-02
B0735M2BTG,2026-03-09
B0735M2BTG,2026-03-16
B0735M2BTG,2026-03-23
B0735M2BTG,2026-03-30
B073T49S6Z,2025-03-03
B073T49S6Z,2025-03-10
B073T49S6Z,2025-03-17
B073T49S6Z,2025-03-24
B073T49S6Z,2025-03-31
B073T49S6Z,2025-04-07
B073T49S6Z,2025-04-14
B073T49S6Z,2025-04-21
B073T49S6Z,2025-04-28
B073T49S6Z,2025-05-05
B073T49S6Z,2025-05-12
B073T49S6Z,2025-05-19
B073T49S6Z,2025-05-26
B073T49S6Z,2025-06-02
B073T49S6Z,2025-06-09
B073T49S6Z,2025-06-16
B073T49S6Z,2025-06-23
B073T49S6Z,2025-06-30
B073T49S6Z,2025-07-07
B073T49S6Z,2025-07-14
B073T49S6Z,2025-07-21
B073T49S6Z,2025-07-28
B073T49S6Z,2025-08-04
B073T49S6Z,2025-08-11
B073T49S6Z,2025-08-18
B073T49S6Z,2025-08-25
B073T49S6Z,2025-09-01
B073T49S6Z,2025-09-08
B073T49S6Z,2025-09-15
B073T49S6Z,2025-09-22
B073T49S6Z,2025-09-29
B073T49S6Z,2025-10-06
B073T49S6Z,2025-10-13
B073T49S6Z,2025-10-20
B073T49S6Z,2025-10-27
B073T49S6Z,2025-11-03
B073T49S6Z,2025-11-10
B073T49S6Z,2025-11-17
B073T49S6Z,2025-11-24
B073T49S6Z,2025-12-01
B073T49S6Z,2025-12-08
B073T49S6Z,2025-12-15
B073T49S6Z,2025-12-22
B073T49S6Z,2025-12-29
B073T49S6Z,2026-01-05
B073T49S6Z,2026-01-12
B073T49S6Z,2026-01-19
B073T49S6Z,2026-01-26
B073T49S6Z,2026-02-02
B073T49S6Z,2026-02-09
B073T49S6Z,2026-02-16
B073T49S6Z,2026-02-23
B073T49S6Z,2026-03-02
B073T49S6Z,2026-03-09
B073T49S6Z,2026-03-16
B073T49S6Z,2026-03-23
B073T49S6Z,2026-03-30
B073T49S6Z,2025-03-03
B073T49S6Z,2025-03-10
B073T49S6Z,2025-03-17
B073T49S6Z,2025-03-24
B073T49S6Z,2025-03-31
B073T49S6Z,2025-04-07
B073T49S6Z,2025-04-14
B073T49S6Z,2025-04-21
B073T49S6Z,2025-04-28
B073T49S6Z,2025-05-05
B073T49S6Z,2025-05-12
B073T49S6Z,2025-05-19
B073T49S6Z,2025-05-26
B073T49S6Z,2025-06-02
B073T49S6Z,2025-06-09
B073T49S6Z,2025-06-16
B073T49S6Z,2025-06-23
B073T49S6Z,2025-06-30
B073T49S6Z,2025-07-07
B073T49S6Z,2025-07-14
B073T49S6Z,2025-07-21
B073T49S6Z,2025-07-28
B073T49S6Z,2025-08-04
B073T49S6Z,2025-08-11
B073T49S6Z,2025-08-18
B073T49S6Z,2025-08-25
B073T49S6Z,2025-09-01
B073T49S6Z,2025-09-08
B073T49S6Z,2025-09-15
B073T49S6Z,2025-09-22
B073T49S6Z,2025-09-29
B073T49S6Z,2025-10-06
B073T49S6Z,2025-10-13
B073T49S6Z,2025-10-20
B073T49S6Z,2025-10-27
B073T49S6Z,2025-11-03
B073T49S6Z,2025-11-10
B073T49S6Z,2025-11-17
B073T49S6Z,2025-11-24
B073T49S6Z,2025-12-01
B073T49S6Z,2025-12-08
B073T49S6Z,2025-12-15
B073T49S6Z,2025-12-22
B073T49S6Z,2025-12-29
B073T49S6Z,2026-01-05
B073T49S6Z,2026-01-12
B073T49S6Z,2026-01-19
B073T49S6Z,2026-01-26
B073T49S6Z,2026-02-02
B073T49S6Z,2026-02-09
B073T49S6Z,2026-02-16
B073T49S6Z,2026-02-23
B073T49S6Z,2026-03-02
B073T49S6Z,2026-03-09
B073T49S6Z,2026-03-16
B073T49S6Z,2026-03-23
B073T49S6Z,2026-03-30
B07658CQG5,2025-03-03
B07658CQG5,2025-03-10
B07658CQG5,2025-03-17
B07658CQG5,2025-03-24
B07658CQG5,2025-03-31
B07658CQG5,2025-04-07
B07658CQG5,2025-04-14
B07658CQG5,2025-04-21
B07658CQG5,2025-04-28
B07658CQG5,2025-05-05
B07658CQG5,2025-05-12
B07658CQG5,2025-05-19
B07658CQG5,2025-05-26
B07658CQG5,2025-06-02
B07658CQG5,2025-06-09
B07658CQG5,2025-06-16
B07658CQG5,2025-06-23
B07658CQG5,2025-06-30
B07658CQG5,2025-07-07
B07658CQG5,2025-07-14
B07658CQG5,2025-07-21
B07658CQG5,2025-07-28
B07658CQG5,2025-08-04
B07658CQG5,2025-08-11
B07658CQG5,2025-08-18
B07658CQG5,2025-08-25
B07658CQG5,2025-09-01
B07658CQG5,2025-09-08
B07658CQG5,2025-09-15
B07658CQG5,2025-09-22
B07658CQG5,2025-09-29
B07658CQG5,2025-10-06
B07658CQG5,2025-10-13
B07658CQG5,2025-10-20
B07658CQG5,2025-10-27
B07658CQG5,2025-11-03
B07658CQG5,2025-11-10
B07658CQG5,2025-11-17
B07658CQG5,2025-11-24
B07658CQG5,2025-12-01
B07658CQG5,2025-12-08
B07658CQG5,2025-12-15
B07658CQG5,2025-12-22
B07658CQG5,2025-12-29
B07658CQG5,2026-01-05
B07658CQG5,2026-01-12
B07658CQG5,2026-01-19
B07658CQG5,2026-01-26
B07658CQG5,2026-02-02
B07658CQG5,2026-02-09
B07658CQG5,2026-02-16
B07658CQG5,2026-02-23
B07658CQG5,2026-03-02
B07658CQG5,2026-03-09
B07658CQG5,2026-03-16
B07658CQG5,2026-03-23
B07658CQG5,2026-03-30
B07658CQG5,2025-03-03
B07658CQG5,2025-03-10
B07658CQG5,2025-03-17
B07658CQG5,2025-03-24
B07658CQG5,2025-03-31
B07658CQG5,2025-04-07
B07658CQG5,2025-04-14
B07658CQG5,2025-04-21
B07658CQG5,2025-04-28
B07658CQG5,2025-05-05
B07658CQG5,2025-05-12
B07658CQG5,2025-05-19
B07658CQG5,2025-05-26
B07658CQG5,2025-06-02
B07658CQG5,2025-06-09
B07658CQG5,2025-06-16
B07658CQG5,2025-06-23
B07658CQG5,2025-06-30
B07658CQG5,2025-07-07
B07658CQG5,2025-07-14
B07658CQG5,2025-07-21
B07658CQG5,2025-07-28
B07658CQG5,2025-08-04
B07658CQG5,2025-08-11
B07658CQG5,2025-08-18
B07658CQG5,2025-08-25
B07658CQG5,2025-09-01
B07658CQG5,2025-09-08
B07658CQG5,2025-09-15
B07658CQG5,2025-09-22
B07658CQG5,2025-09-29
B07658CQG5,2025-10-06
B07658CQG5,2025-10-13
B07658CQG5,2025-10-20
B07658CQG5,2025-10-27
B07658CQG5,2025-11-03
B07658CQG5,2025-11-10
B07658CQG5,2025-11-17
B07658CQG5,2025-11-24
B07658CQG5,2025-12-01
B07658CQG5,2025-12-08
B07658CQG5,2025-12-15
B07658CQG5,2025-12-22
B07658CQG5,2025-12-29
B07658CQG5,2026-01-05
B07658CQG5,2026-01-12
B07658CQG5,2026-01-19
B07658CQG5,2026-01-26
B07658CQG5,2026-02-02
B07658CQG5,2026-02-09
B07658CQG5,2026-02-16
B07658CQG5,2026-02-23
B07658CQG5,2026-03-02
B07658CQG5,2026-03-09
B07658CQG5,2026-03-16
B07658CQG5,2026-03-23
B07658CQG5,2026-03-30
B078D7LVC6,2025-03-03
B078D7LVC6,2025-03-10
B078D7LVC6,2025-03-17
B078D7LVC6,2025-03-24
B078D7LVC6,2025-03-31
B078D7LVC6,2025-04-07
B078D7LVC6,2025-04-14
B078D7LVC6,2025-04-21
B078D7LVC6,2025-04-28
B078D7LVC6,2025-05-05
B078D7LVC6,2025-05-12
B078D7LVC6,2025-05-19
B078D7LVC6,2025-05-26
B078D7LVC6,2025-06-02
B078D7LVC6,2025-06-09
B078D7LVC6,2025-06-16
B078D7LVC6,2025-06-23
B078D7LVC6,2025-06-30
B078D7LVC6,2025-07-07
B078D7LVC6,2025-07-14
B078D7LVC6,2025-07-21
B078D7LVC6,2025-07-28
B078D7LVC6,2025-08-04
B078D7LVC6,2025-08-11
B078D7LVC6,2025-08-18
B078D7LVC6,2025-08-25
B078D7LVC6,2025-09-01
B078D7LVC6,2025-09-08
B078D7LVC6,2025-09-15
B078D7LVC6,2025-09-22
B078D7LVC6,2025-09-29
B078D7LVC6,2025-10-06
B078D7LVC6,2025-10-13
B078D7LVC6,2025-10-20
B078D7LVC6,2025-10-27
B078D7LVC6,2025-11-03
B078D7LVC6,2025-11-10
B078D7LVC6,2025-11-17
B078D7LVC6,2025-11-24
B078D7LVC6,2025-12-01
B078D7LVC6,2025-12-08
B078D7LVC6,2025-12-15
B078D7LVC6,2025-12-22
B078D7LVC6,2025-12-29
B078D7LVC6,2026-01-05
B078D7LVC6,2026-01-12
B078D7LVC6,2026-01-19
B078D7LVC6,2026-01-26
B078D7LVC6,2026-02-02
B078D7LVC6,2026-02-09
B078D7LVC6,2026-02-16
B078D7LVC6,2026-02-23
B078D7LVC6,2026-03-02
B078D7LVC6,2026-03-09
B078D7LVC6,2026-03-16
B078D7LVC6,2026-03-23
B078D7LVC6,2026-03-30
B078D7LVC6,2025-03-03
B078D7LVC6,2025-03-10
B078D7LVC6,2025-03-17
B078D7LVC6,2025-03-24
B078D7LVC6,2025-03-31
B078D7LVC6,2025-04-07
B078D7LVC6,2025-04-14
B078D7LVC6,2025-04-21
B078D7LVC6,2025-04-28
B078D7LVC6,2025-05-05
B078D7LVC6,2025-05-12
B078D7LVC6,2025-05-19
B078D7LVC6,2025-05-26
B078D7LVC6,2025-06-02
B078D7LVC6,2025-06-09
B078D7LVC6,2025-06-16
B078D7LVC6,2025-06-23
B078D7LVC6,2025-06-30
B078D7LVC6,2025-07-07
B078D7LVC6,2025-07-14
B078D7LVC6,2025-07-21
B078D7LVC6,2025-07-28
B078D7LVC6,2025-08-04
B078D7LVC6,2025-08-11
B078D7LVC6,2025-08-18
B078D7LVC6,2025-08-25
B078D7LVC6,2025-09-01
B078D7LVC6,2025-09-08
B078D7LVC6,2025-09-15
B078D7LVC6,2025-09-22
B078D7LVC6,2025-09-29
B078D7LVC6,2025-10-06
B078D7LVC6,2025-10-13
B078D7LVC6,2025-10-20
B078D7LVC6,2025-10-27
B078D7LVC6,2025-11-03
B078D7LVC6,2025-11-10
B078D7LVC6,2025-11-17
B078D7LVC6,2025-11-24
B078D7LVC6,2025-12-01
B078D7LVC6,2025-12-08
B078D7LVC6,2025-12-15
B078D7LVC6,2025-12-22
B078D7LVC6,2025-12-29
B078D7LVC6,2026-01-05
B078D7LVC6,2026-01-12
B078D7LVC6,2026-01-19
B078D7LVC6,2026-01-26
B078D7LVC6,2026-02-02
B078D7LVC6,2026-02-09
B078D7LVC6,2026-02-16
B078D7LVC6,2026-02-23
B078D7LVC6,2026-03-02
B078D7LVC6,2026-03-09
B078D7LVC6,2026-03-16
B078D7LVC6,2026-03-23
B078D7LVC6,2026-03-30
B07FD5P83Y,2025-03-03
B07FD5P83Y,2025-03-10
B07FD5P83Y,2025-03-17
B07FD5P83Y,2025-03-24
B07FD5P83Y,2025-03-31
B07FD5P83Y,2025-04-07
B07FD5P83Y,2025-04-14
B07FD5P83Y,2025-04-21
B07FD5P83Y,2025-04-28
B07FD5P83Y,2025-05-05
B07FD5P83Y,2025-05-12
B07FD5P83Y,2025-05-19
B07FD5P83Y,2025-05-26
B07FD5P83Y,2025-06-02
B07FD5P83Y,2025-06-09
B07FD5P83Y,2025-06-16
B07FD5P83Y,2025-06-23
B07FD5P83Y,2025-06-30
B07FD5P83Y,2025-07-07
B07FD5P83Y,2025-07-14
B07FD5P83Y,2025-07-21
B07FD5P83Y,2025-07-28
B07FD5P83Y,2025-08-04
B07FD5P83Y,2025-08-11
B07FD5P83Y,2025-08-18
B07FD5P83Y,2025-08-25
B07FD5P83Y,2025-09-01
B07FD5P83Y,2025-09-08
B07FD5P83Y,2025-09-15
B07FD5P83Y,2025-09-22
B07FD5P83Y,2025-09-29
B07FD5P83Y,2025-10-06
B07FD5P83Y,2025-10-13
B07FD5P83Y,2025-10-20
B07FD5P83Y,2025-10-27
B07FD5P83Y,2025-11-03
B07FD5P83Y,2025-11-10
B07FD5P83Y,2025-11-17
B07FD5P83Y,2025-11-24
B07FD5P83Y,2025-12-01
B07FD5P83Y,2025-12-08
B07FD5P83Y,2025-12-15
B07FD5P83Y,2025-12-22
B07FD5P83Y,2025-12-29
B07FD5P83Y,2026-01-05
B07FD5P83Y,2026-01-12
B07FD5P83Y,2026-01-19
B07FD5P83Y,2026-01-26
B07FD5P83Y,2026-02-02
B07FD5P83Y,2026-02-09
B07FD5P83Y,2026-02-16
B07FD5P83Y,2026-02-23
B07FD5P83Y,2026-03-02
B07FD5P83Y,2026-03-09
B07FD5P83Y,2026-03-16
B07FD5P83Y,2026-03-23
B07FD5P83Y,2026-03-30
B07FD5P83Y,2025-03-03
B07FD5P83Y,2025-03-10
B07FD5P83Y,2025-03-17
B07FD5P83Y,2025-03-24
B07FD5P83Y,2025-03-31
B07FD5P83Y,2025-04-07
B07FD5P83Y,2025-04-14
B07FD5P83Y,2025-04-21
B07FD5P83Y,2025-04-28
B07FD5P83Y,2025-05-05
B07FD5P83Y,2025-05-12
B07FD5P83Y,2025-05-19
B07FD5P83Y,2025-05-26
B07FD5P83Y,2025-06-02
B07FD5P83Y,2025-06-09
B07FD5P83Y,2025-06-16
B07FD5P83Y,2025-06-23
B07FD5P83Y,2025-06-30
B07FD5P83Y,2025-07-07
B07FD5P83Y,2025-07-14
B07FD5P83Y,2025-07-21
B07FD5P83Y,2025-07-28
B07FD5P83Y,2025-08-04
B07FD5P83Y,2025-08-11
B07FD5P83Y,2025-08-18
B07FD5P83Y,2025-08-25
B07FD5P83Y,2025-09-01
B07FD5P83Y,2025-09-08
B07FD5P83Y,2025-09-15
B07FD5P83Y,2025-09-22
B07FD5P83Y,2025-09-29
B07FD5P83Y,2025-10-06
B07FD5P83Y,2025-10-13
B07FD5P83Y,2025-10-20
B07FD5P83Y,2025-10-27
B07FD5P83Y,2025-11-03
B07FD5P83Y,2025-11-10
B07FD5P83Y,2025-11-17
B07FD5P83Y,2025-11-24
B07FD5P83Y,2025-12-01
B07FD5P83Y,2025-12-08
B07FD5P83Y,2025-12-15
B07FD5P83Y,2025-12-22
B07FD5P83Y,2025-12-29
B07FD5P83Y,2026-01-05
B07FD5P83Y,2026-01-12
B07FD5P83Y,2026-01-19
B07FD5P83Y,2026-01-26
B07FD5P83Y,2026-02-02
B07FD5P83Y,2026-02-09
B07FD5P83Y,2026-02-16
B07FD5P83Y,2026-02-23
B07FD5P83Y,2026-03-02
B07FD5P83Y,2026-03-09
B07FD5P83Y,2026-03-16
B07FD5P83Y,2026-03-23
B07FD5P83Y,2026-03-30
B07HKX1HHZ,2025-03-03
B07HKX1HHZ,2025-03-10
B07HKX1HHZ,2025-03-17
B07HKX1HHZ,2025-03-24
B07HKX1HHZ,2025-03-31
B07HKX1HHZ,2025-04-07
B07HKX1HHZ,2025-04-14
B07HKX1HHZ,2025-04-21
B07HKX1HHZ,2025-04-28
B07HKX1HHZ,2025-05-05
B07HKX1HHZ,2025-05-12
B07HKX1HHZ,2025-05-19
B07HKX1HHZ,2025-05-26
B07HKX1HHZ,2025-06-02
B07HKX1HHZ,2025-06-09
B07HKX1HHZ,2025-06-16
B07HKX1HHZ,2025-06-23
B07HKX1HHZ,2025-06-30
B07HKX1HHZ,2025-07-07
B07HKX1HHZ,2025-07-14
B07HKX1HHZ,2025-07-21
B07HKX1HHZ,2025-07-28
B07HKX1HHZ,2025-08-04
B07HKX1HHZ,2025-08-11
B07HKX1HHZ,2025-08-18
B07HKX1HHZ,2025-08-25
B07HKX1HHZ,2025-09-01
B07HKX1HHZ,2025-09-08
B07HKX1HHZ,2025-09-15
B07HKX1HHZ,2025-09-22
B07HKX1HHZ,2025-09-29
B07HKX1HHZ,2025-10-06
B07HKX1HHZ,2025-10-13
B07HKX1HHZ,2025-10-20
B07HKX1HHZ,2025-10-27
B07HKX1HHZ,2025-11-03
B07HKX1HHZ,2025-11-10
B07HKX1HHZ,2025-11-17
B07HKX1HHZ,2025-11-24
B07HKX1HHZ,2025-12-01
B07HKX1HHZ,2025-12-08
B07HKX1HHZ,2025-12-15
B07HKX1HHZ,2025-12-22
B07HKX1HHZ,2025-12-29
B07HKX1HHZ,2026-01-05
B07HKX1HHZ,2026-01-12
B07HKX1HHZ,2026-01-19
B07HKX1HHZ,2026-01-26
B07HKX1HHZ,2026-02-02
B07HKX1HHZ,2026-02-09
B07HKX1HHZ,2026-02-16
B07HKX1HHZ,2026-02-23
B07HKX1HHZ,2026-03-02
B07HKX1HHZ,2026-03-09
B07HKX1HHZ,2026-03-16
B07HKX1HHZ,2026-03-23
B07HKX1HHZ,2026-03-30
B07HKX1HHZ,2025-03-03
B07HKX1HHZ,2025-03-10
B07HKX1HHZ,2025-03-17
B07HKX1HHZ,2025-03-24
B07HKX1HHZ,2025-03-31
B07HKX1HHZ,2025-04-07
B07HKX1HHZ,2025-04-14
B07HKX1HHZ,2025-04-21
B07HKX1HHZ,2025-04-28
B07HKX1HHZ,2025-05-05
B07HKX1HHZ,2025-05-12
B07HKX1HHZ,2025-05-19
B07HKX1HHZ,2025-05-26
B07HKX1HHZ,2025-06-02
B07HKX1HHZ,2025-06-09
B07HKX1HHZ,2025-06-16
B07HKX1HHZ,2025-06-23
B07HKX1HHZ,2025-06-30
B07HKX1HHZ,2025-07-07
B07HKX1HHZ,2025-07-14
B07HKX1HHZ,2025-07-21
B07HKX1HHZ,2025-07-28
B07HKX1HHZ,2025-08-04
B07HKX1HHZ,2025-08-11
B07HKX1HHZ,2025-08-18
B07HKX1HHZ,2025-08-25
B07HKX1HHZ,2025-09-01
B07HKX1HHZ,2025-09-08
B07HKX1HHZ,2025-09-15
B07HKX1HHZ,2025-09-22
B07HKX1HHZ,2025-09-29
B07HKX1HHZ,2025-10-06
B07HKX1HHZ,2025-10-13
B07HKX1HHZ,2025-10-20
B07HKX1HHZ,2025-10-27
B07HKX1HHZ,2025-11-03
B07HKX1HHZ,2025-11-10
B07HKX1HHZ,2025-11-17
B07HKX1HHZ,2025-11-24
B07HKX1HHZ,2025-12-01
B07HKX1HHZ,2025-12-08
B07HKX1HHZ,2025-12-15
B07HKX1HHZ,2025-12-22
B07HKX1HHZ,2025-12-29
B07HKX1HHZ,2026-01-05
B07HKX1HHZ,2026-01-12
B07HKX1HHZ,2026-01-19
B07HKX1HHZ,2026-01-26
B07HKX1HHZ,2026-02-02
B07HKX1HHZ,2026-02-09
B07HKX1HHZ,2026-02-16
B07HKX1HHZ,2026-02-23
B07HKX1HHZ,2026-03-02
B07HKX1HHZ,2026-03-09
B07HKX1HHZ,2026-03-16
B07HKX1HHZ,2026-03-23
B07HKX1HHZ,2026-03-30
B07JZ3VBDT,2025-03-03
B07JZ3VBDT,2025-03-10
B07JZ3VBDT,2025-03-17
B07JZ3VBDT,2025-03-24
B07JZ3VBDT,2025-03-31
B07JZ3VBDT,2025-04-07
B07JZ3VBDT,2025-04-14
B07JZ3VBDT,2025-04-21
B07JZ3VBDT,2025-04-28
B07JZ3VBDT,2025-05-05
B07JZ3VBDT,2025-05-12
B07JZ3VBDT,2025-05-19
B07JZ3VBDT,2025-05-26
B07JZ3VBDT,2025-06-02
B07JZ3VBDT,2025-06-09
B07JZ3VBDT,2025-06-16
B07JZ3VBDT,2025-06-23
B07JZ3VBDT,2025-06-30
B07JZ3VBDT,2025-07-07
B07JZ3VBDT,2025-07-14
B07JZ3VBDT,2025-07-21
B07JZ3VBDT,2025-07-28
B07JZ3VBDT,2025-08-04
B07JZ3VBDT,2025-08-11
B07JZ3VBDT,2025-08-18
B07JZ3VBDT,2025-08-25
B07JZ3VBDT,2025-09-01
B07JZ3VBDT,2025-09-08
B07JZ3VBDT,2025-09-15
B07JZ3VBDT,2025-09-22
B07JZ3VBDT,2025-09-29
B07JZ3VBDT,2025-10-06
B07JZ3VBDT,2025-10-13
B07JZ3VBDT,2025-10-20
B07JZ3VBDT,2025-10-27
B07JZ3VBDT,2025-11-03
B07JZ3VBDT,2025-11-10
B07JZ3VBDT,2025-11-17
B07JZ3VBDT,2025-11-24
B07JZ3VBDT,2025-12-01
B07JZ3VBDT,2025-12-08
B07JZ3VBDT,2025-12-15
B07JZ3VBDT,2025-12-22
B07JZ3VBDT,2025-12-29
B07JZ3VBDT,2026-01-05
B07JZ3VBDT,2026-01-12
B07JZ3VBDT,2026-01-19
B07JZ3VBDT,2026-01-26
B07JZ3VBDT,2026-02-02
B07JZ3VBDT,2026-02-09
B07JZ3VBDT,2026-02-16
B07JZ3VBDT,2026-02-23
B07JZ3VBDT,2026-03-02
B07JZ3VBDT,2026-03-09
B07JZ3VBDT,2026-03-16
B07JZ3VBDT,2026-03-23
B07JZ3VBDT,2026-03-30
B07JZ3VBDT,2025-03-03
B07JZ3VBDT,2025-03-10
B07JZ3VBDT,2025-03-17
B07JZ3VBDT,2025-03-24
B07JZ3VBDT,2025-03-31
B07JZ3VBDT,2025-04-07
B07JZ3VBDT,2025-04-14
B07JZ3VBDT,2025-04-21
B07JZ3VBDT,2025-04-28
B07JZ3VBDT,2025-05-05
B07JZ3VBDT,2025-05-12
B07JZ3VBDT,2025-05-19
B07JZ3VBDT,2025-05-26
B07JZ3VBDT,2025-06-02
B07JZ3VBDT,2025-06-09
B07JZ3VBDT,2025-06-16
B07JZ3VBDT,2025-06-23
B07JZ3VBDT,2025-06-30
B07JZ3VBDT,2025-07-07
B07JZ3VBDT,2025-07-14
B07JZ3VBDT,2025-07-21
B07JZ3VBDT,2025-07-28
B07JZ3VBDT,2025-08-04
B07JZ3VBDT,2025-08-11
B07JZ3VBDT,2025-08-18
B07JZ3VBDT,2025-08-25
B07JZ3VBDT,2025-09-01
B07JZ3VBDT,2025-09-08
B07JZ3VBDT,2025-09-15
B07JZ3VBDT,2025-09-22
B07JZ3VBDT,2025-09-29
B07JZ3VBDT,2025-10-06
B07JZ3VBDT,2025-10-13
B07JZ3VBDT,2025-10-20
B07JZ3VBDT,2025-10-27
B07JZ3VBDT,2025-11-03
B07JZ3VBDT,2025-11-10
B07JZ3VBDT,2025-11-17
B07JZ3VBDT,2025-11-24
B07JZ3VBDT,2025-12-01
B07JZ3VBDT,2025-12-08
B07JZ3VBDT,2025-12-15
B07JZ3VBDT,2025-12-22
B07JZ3VBDT,2025-12-29
B07JZ3VBDT,2026-01-05
B07JZ3VBDT,2026-01-12
B07JZ3VBDT,2026-01-19
B07JZ3VBDT,2026-01-26
B07JZ3VBDT,2026-02-02
B07JZ3VBDT,2026-02-09
B07JZ3VBDT,2026-02-16
B07JZ3VBDT,2026-02-23
B07JZ3VBDT,2026-03-02
B07JZ3VBDT,2026-03-09
B07JZ3VBDT,2026-03-16
B07JZ3VBDT,2026-03-23
B07JZ3VBDT,2026-03-30
B07JZDZH39,2025-03-03
B07JZDZH39,2025-03-10
B07JZDZH39,2025-03-17
B07JZDZH39,2025-03-24
B07JZDZH39,2025-03-31
B07JZDZH39,2025-04-07
B07JZDZH39,2025-04-14
B07JZDZH39,2025-04-21
B07JZDZH39,2025-04-28
B07JZDZH39,2025-05-05
B07JZDZH39,2025-05-12
B07JZDZH39,2025-05-19
B07JZDZH39,2025-05-26
B07JZDZH39,2025-06-02
B07JZDZH39,2025-06-09
B07JZDZH39,2025-06-16
B07JZDZH39,2025-06-23
B07JZDZH39,2025-06-30
B07JZDZH39,2025-07-07
B07JZDZH39,2025-07-14
B07JZDZH39,2025-07-21
B07JZDZH39,2025-07-28
B07JZDZH39,2025-08-04
B07JZDZH39,2025-08-11
B07JZDZH39,2025-08-18
B07JZDZH39,2025-08-25
B07JZDZH39,2025-09-01
B07JZDZH39,2025-09-08
B07JZDZH39,2025-09-15
B07JZDZH39,2025-09-22
B07JZDZH39,2025-09-29
B07JZDZH39,2025-10-06
B07JZDZH39,2025-10-13
B07JZDZH39,2025-10-20
B07JZDZH39,2025-10-27
B07JZDZH39,2025-11-03
B07JZDZH39,2025-11-10
B07JZDZH39,2025-11-17
B07JZDZH39,2025-11-24
B07JZDZH39,2025-12-01
B07JZDZH39,2025-12-08
B07JZDZH39,2025-12-15
B07JZDZH39,2025-12-22
B07JZDZH39,2025-12-29
B07JZDZH39,2026-01-05
B07JZDZH39,2026-01-12
B07JZDZH39,2026-01-19
B07JZDZH39,2026-01-26
B07JZDZH39,2026-02-02
B07JZDZH39,2026-02-09
B07JZDZH39,2026-02-16
B07JZDZH39,2026-02-23
B07JZDZH39,2026-03-02
B07JZDZH39,2026-03-09
B07JZDZH39,2026-03-16
B07JZDZH39,2026-03-23
B07JZDZH39,2026-03-30
B07JZDZH39,2025-03-03
B07JZDZH39,2025-03-10
B07JZDZH39,2025-03-17
B07JZDZH39,2025-03-24
B07JZDZH39,2025-03-31
B07JZDZH39,2025-04-07
B07JZDZH39,2025-04-14
B07JZDZH39,2025-04-21
B07JZDZH39,2025-04-28
B07JZDZH39,2025-05-05
B07JZDZH39,2025-05-12
B07JZDZH39,2025-05-19
B07JZDZH39,2025-05-26
B07JZDZH39,2025-06-02
B07JZDZH39,2025-06-09
B07JZDZH39,2025-06-16
B07JZDZH39,2025-06-23
B07JZDZH39,2025-06-30
B07JZDZH39,2025-07-07
B07JZDZH39,2025-07-14
B07JZDZH39,2025-07-21
B07JZDZH39,2025-07-28
B07JZDZH39,2025-08-04
B07JZDZH39,2025-08-11
B07JZDZH39,2025-08-18
B07JZDZH39,2025-08-25
B07JZDZH39,2025-09-01
B07JZDZH39,2025-09-08
B07JZDZH39,2025-09-15
B07JZDZH39,2025-09-22
B07JZDZH39,2025-09-29
B07JZDZH39,2025-10-06
B07JZDZH39,2025-10-13
B07JZDZH39,2025-10-20
B07JZDZH39,2025-10-27
B07JZDZH39,2025-11-03
B07JZDZH39,2025-11-10
B07JZDZH39,2025-11-17
B07JZDZH39,2025-11-24
B07JZDZH39,2025-12-01
B07JZDZH39,2025-12-08
B07JZDZH39,2025-12-15
B07JZDZH39,2025-12-22
B07JZDZH39,2025-12-29
B07JZDZH39,2026-01-05
B07JZDZH39,2026-01-12
B07JZDZH39,2026-01-19
B07JZDZH39,2026-01-26
B07JZDZH39,2026-02-02
B07JZDZH39,2026-02-09
B07JZDZH39,2026-02-16
B07JZDZH39,2026-02-23
B07JZDZH39,2026-03-02
B07JZDZH39,2026-03-09
B07JZDZH39,2026-03-16
B07JZDZH39,2026-03-23
B07JZDZH39,2026-03-30
B07KPYQWX2,2025-03-03
B07KPYQWX2,2025-03-10
B07KPYQWX2,2025-03-17
B07KPYQWX2,2025-03-24
B07KPYQWX2,2025-03-31
B07KPYQWX2,2025-04-07
B07KPYQWX2,2025-04-14
B07KPYQWX2,2025-04-21
B07KPYQWX2,2025-04-28
B07KPYQWX2,2025-05-05
B07KPYQWX2,2025-05-12
B07KPYQWX2,2025-05-19
B07KPYQWX2,2025-05-26
B07KPYQWX2,2025-06-02
B07KPYQWX2,2025-06-09
B07KPYQWX2,2025-06-16
B07KPYQWX2,2025-06-23
B07KPYQWX2,2025-06-30
B07KPYQWX2,2025-07-07
B07KPYQWX2,2025-07-14
B07KPYQWX2,2025-07-21
B07KPYQWX2,2025-07-28
B07KPYQWX2,2025-08-04
B07KPYQWX2,2025-08-11
B07KPYQWX2,2025-08-18
B07KPYQWX2,2025-08-25
B07KPYQWX2,2025-09-01
B07KPYQWX2,2025-09-08
B07KPYQWX2,2025-09-15
B07KPYQWX2,2025-09-22
B07KPYQWX2,2025-09-29
B07KPYQWX2,2025-10-06
B07KPYQWX2,2025-10-13
B07KPYQWX2,2025-10-20
B07KPYQWX2,2025-10-27
B07KPYQWX2,2025-11-03
B07KPYQWX2,2025-11-10
B07KPYQWX2,2025-11-17
B07KPYQWX2,2025-11-24
B07KPYQWX2,2025-12-01
B07KPYQWX2,2025-12-08
B07KPYQWX2,2025-12-15
B07KPYQWX2,2025-12-22
B07KPYQWX2,2025-12-29
B07KPYQWX2,2026-01-05
B07KPYQWX2,2026-01-12
B07KPYQWX2,2026-01-19
B07KPYQWX2,2026-01-26
B07KPYQWX2,2026-02-02
B07KPYQWX2,2026-02-09
B07KPYQWX2,2026-02-16
B07KPYQWX2,2026-02-23
B07KPYQWX2,2026-03-02
B07KPYQWX2,2026-03-09
B07KPYQWX2,2026-03-16
B07KPYQWX2,2026-03-23
B07KPYQWX2,2026-03-30
B07KPYQWX2,2025-03-03
B07KPYQWX2,2025-03-10
B07KPYQWX2,2025-03-17
B07KPYQWX2,2025-03-24
B07KPYQWX2,2025-03-31
B07KPYQWX2,2025-04-07
B07KPYQWX2,2025-04-14
B07KPYQWX2,2025-04-21
B07KPYQWX2,2025-04-28
B07KPYQWX2,2025-05-05
B07KPYQWX2,2025-05-12
B07KPYQWX2,2025-05-19
B07KPYQWX2,2025-05-26
B07KPYQWX2,2025-06-02
B07KPYQWX2,2025-06-09
B07KPYQWX2,2025-06-16
B07KPYQWX2,2025-06-23
B07KPYQWX2,2025-06-30
B07KPYQWX2,2025-07-07
B07KPYQWX2,2025-07-14
B07KPYQWX2,2025-07-21
B07KPYQWX2,2025-07-28
B07KPYQWX2,2025-08-04
B07KPYQWX2,2025-08-11
B07KPYQWX2,2025-08-18
B07KPYQWX2,2025-08-25
B07KPYQWX2,2025-09-01
B07KPYQWX2,2025-09-08
B07KPYQWX2,2025-09-15
B07KPYQWX2,2025-09-22
B07KPYQWX2,2025-09-29
B07KPYQWX2,2025-10-06
B07KPYQWX2,2025-10-13
B07KPYQWX2,2025-10-20
B07KPYQWX2,2025-10-27
B07KPYQWX2,2025-11-03
B07KPYQWX2,2025-11-10
B07KPYQWX2,2025-11-17
B07KPYQWX2,2025-11-24
B07KPYQWX2,2025-12-01
B07KPYQWX2,2025-12-08
B07KPYQWX2,2025-12-15
B07KPYQWX2,2025-12-22
B07KPYQWX2,2025-12-29
B07KPYQWX2,2026-01-05
B07KPYQWX2,2026-01-12
B07KPYQWX2,2026-01-19
B07KPYQWX2,2026-01-26
B07KPYQWX2,2026-02-02
B07KPYQWX2,2026-02-09
B07KPYQWX2,2026-02-16
B07KPYQWX2,2026-02-23
B07KPYQWX2,2026-03-02
B07KPYQWX2,2026-03-09
B07KPYQWX2,2026-03-16
B07KPYQWX2,2026-03-23
B07KPYQWX2,2026-03-30
B07KQR4D2X,2025-03-03
B07KQR4D2X,2025-03-10
B07KQR4D2X,2025-03-17
B07KQR4D2X,2025-03-24
B07KQR4D2X,2025-03-31
B07KQR4D2X,2025-04-07
B07KQR4D2X,2025-04-14
B07KQR4D2X,2025-04-21
B07KQR4D2X,2025-04-28
B07KQR4D2X,2025-05-05
B07KQR4D2X,2025-05-12
B07KQR4D2X,2025-05-19
B07KQR4D2X,2025-05-26
B07KQR4D2X,2025-06-02
B07KQR4D2X,2025-06-09
B07KQR4D2X,2025-06-16
B07KQR4D2X,2025-06-23
B07KQR4D2X,2025-06-30
B07KQR4D2X,2025-07-07
B07KQR4D2X,2025-07-14
B07KQR4D2X,2025-07-21
B07KQR4D2X,2025-07-28
B07KQR4D2X,2025-08-04
B07KQR4D2X,2025-08-11
B07KQR4D2X,2025-08-18
B07KQR4D2X,2025-08-25
B07KQR4D2X,2025-09-01
B07KQR4D2X,2025-09-08
B07KQR4D2X,2025-09-15
B07KQR4D2X,2025-09-22
B07KQR4D2X,2025-09-29
B07KQR4D2X,2025-10-06
B07KQR4D2X,2025-10-13
B07KQR4D2X,2025-10-20
B07KQR4D2X,2025-10-27
B07KQR4D2X,2025-11-03
B07KQR4D2X,2025-11-10
B07KQR4D2X,2025-11-17
B07KQR4D2X,2025-11-24
B07KQR4D2X,2025-12-01
B07KQR4D2X,2025-12-08
B07KQR4D2X,2025-12-15
B07KQR4D2X,2025-12-22
B07KQR4D2X,2025-12-29
B07KQR4D2X,2026-01-05
B07KQR4D2X,2026-01-12
B07KQR4D2X,2026-01-19
B07KQR4D2X,2026-01-26
B07KQR4D2X,2026-02-02
B07KQR4D2X,2026-02-09
B07KQR4D2X,2026-02-16
B07KQR4D2X,2026-02-23
B07KQR4D2X,2026-03-02
B07KQR4D2X,2026-03-09
B07KQR4D2X,2026-03-16
B07KQR4D2X,2026-03-23
B07KQR4D2X,2026-03-30
B07KQR4D2X,2025-03-03
B07KQR4D2X,2025-03-10
B07KQR4D2X,2025-03-17
B07KQR4D2X,2025-03-24
B07KQR4D2X,2025-03-31
B07KQR4D2X,2025-04-07
B07KQR4D2X,2025-04-14
B07KQR4D2X,2025-04-21
B07KQR4D2X,2025-04-28
B07KQR4D2X,2025-05-05
B07KQR4D2X,2025-05-12
B07KQR4D2X,2025-05-19
B07KQR4D2X,2025-05-26
B07KQR4D2X,2025-06-02
B07KQR4D2X,2025-06-09
B07KQR4D2X,2025-06-16
B07KQR4D2X,2025-06-23
B07KQR4D2X,2025-06-30
B07KQR4D2X,2025-07-07
B07KQR4D2X,2025-07-14
B07KQR4D2X,2025-07-21
B07KQR4D2X,2025-07-28
B07KQR4D2X,2025-08-04
B07KQR4D2X,2025-08-11
B07KQR4D2X,2025-08-18
B07KQR4D2X,2025-08-25
B07KQR4D2X,2025-09-01
B07KQR4D2X,2025-09-08
B07KQR4D2X,2025-09-15
B07KQR4D2X,2025-09-22
B07KQR4D2X,2025-09-29
B07KQR4D2X,2025-10-06
B07KQR4D2X,2025-10-13
B07KQR4D2X,2025-10-20
B07KQR4D2X,2025-10-27
B07KQR4D2X,2025-11-03
B07KQR4D2X,2025-11-10
B07KQR4D2X,2025-11-17
B07KQR4D2X,2025-11-24
B07KQR4D2X,2025-12-01
B07KQR4D2X,2025-12-08
B07KQR4D2X,2025-12-15
B07KQR4D2X,2025-12-22
B07KQR4D2X,2025-12-29
B07KQR4D2X,2026-01-05
B07KQR4D2X,2026-01-12
B07KQR4D2X,2026-01-19
B07KQR4D2X,2026-01-26
B07KQR4D2X,2026-02-02
B07KQR4D2X,2026-02-09
B07KQR4D2X,2026-02-16
B07KQR4D2X,2026-02-23
B07KQR4D2X,2026-03-02
B07KQR4D2X,2026-03-09
B07KQR4D2X,2026-03-16
B07KQR4D2X,2026-03-23
B07KQR4D2X,2026-03-30
B07KQRD8YY,2025-03-03
B07KQRD8YY,2025-03-10
B07KQRD8YY,2025-03-17
B07KQRD8YY,2025-03-24
B07KQRD8YY,2025-03-31
B07KQRD8YY,2025-04-07
B07KQRD8YY,2025-04-14
B07KQRD8YY,2025-04-21
B07KQRD8YY,2025-04-28
B07KQRD8YY,2025-05-05
B07KQRD8YY,2025-05-12
B07KQRD8YY,2025-05-19
B07KQRD8YY,2025-05-26
B07KQRD8YY,2025-06-02
B07KQRD8YY,2025-06-09
B07KQRD8YY,2025-06-16
B07KQRD8YY,2025-06-23
B07KQRD8YY,2025-06-30
B07KQRD8YY,2025-07-07
B07KQRD8YY,2025-07-14
B07KQRD8YY,2025-07-21
B07KQRD8YY,2025-07-28
B07KQRD8YY,2025-08-04
B07KQRD8YY,2025-08-11
B07KQRD8YY,2025-08-18
B07KQRD8YY,2025-08-25
B07KQRD8YY,2025-09-01
B07KQRD8YY,2025-09-08
B07KQRD8YY,2025-09-15
B07KQRD8YY,2025-09-22
B07KQRD8YY,2025-09-29
B07KQRD8YY,2025-10-06
B07KQRD8YY,2025-10-13
B07KQRD8YY,2025-10-20
B07KQRD8YY,2025-10-27
B07KQRD8YY,2025-11-03
B07KQRD8YY,2025-11-10
B07KQRD8YY,2025-11-17
B07KQRD8YY,2025-11-24
B07KQRD8YY,2025-12-01
B07KQRD8YY,2025-12-08
B07KQRD8YY,2025-12-15
B07KQRD8YY,2025-12-22
B07KQRD8YY,2025-12-29
B07KQRD8YY,2026-01-05
B07KQRD8YY,2026-01-12
B07KQRD8YY,2026-01-19
B07KQRD8YY,2026-01-26
B07KQRD8YY,2026-02-02
B07KQRD8YY,2026-02-09
B07KQRD8YY,2026-02-16
B07KQRD8YY,2026-02-23
B07KQRD8YY,2026-03-02
B07KQRD8YY,2026-03-09
B07KQRD8YY,2026-03-16
B07KQRD8YY,2026-03-23
B07KQRD8YY,2026-03-30
B07KQRD8YY,2025-03-03
B07KQRD8YY,2025-03-10
B07KQRD8YY,2025-03-17
B07KQRD8YY,2025-03-24
B07KQRD8YY,2025-03-31
B07KQRD8YY,2025-04-07
B07KQRD8YY,2025-04-14
B07KQRD8YY,2025-04-21
B07KQRD8YY,2025-04-28
B07KQRD8YY,2025-05-05
B07KQRD8YY,2025-05-12
B07KQRD8YY,2025-05-19
B07KQRD8YY,2025-05-26
B07KQRD8YY,2025-06-02
B07KQRD8YY,2025-06-09
B07KQRD8YY,2025-06-16
B07KQRD8YY,2025-06-23
B07KQRD8YY,2025-06-30
B07KQRD8YY,2025-07-07
B07KQRD8YY,2025-07-14
B07KQRD8YY,2025-07-21
B07KQRD8YY,2025-07-28
B07KQRD8YY,2025-08-04
B07KQRD8YY,2025-08-11
B07KQRD8YY,2025-08-18
B07KQRD8YY,2025-08-25
B07KQRD8YY,2025-09-01
B07KQRD8YY,2025-09-08
B07KQRD8YY,2025-09-15
B07KQRD8YY,2025-09-22
B07KQRD8YY,2025-09-29
B07KQRD8YY,2025-10-06
B07KQRD8YY,2025-10-13
B07KQRD8YY,2025-10-20
B07KQRD8YY,2025-10-27
B07KQRD8YY,2025-11-03
B07KQRD8YY,2025-11-10
B07KQRD8YY,2025-11-17
B07KQRD8YY,2025-11-24
B07KQRD8YY,2025-12-01
B07KQRD8YY,2025-12-08
B07KQRD8YY,2025-12-15
B07KQRD8YY,2025-12-22
B07KQRD8YY,2025-12-29
B07KQRD8YY,2026-01-05
B07KQRD8YY,2026-01-12
B07KQRD8YY,2026-01-19
B07KQRD8YY,2026-01-26
B07KQRD8YY,2026-02-02
B07KQRD8YY,2026-02-09
B07KQRD8YY,2026-02-16
B07KQRD8YY,2026-02-23
B07KQRD8YY,2026-03-02
B07KQRD8YY,2026-03-09
B07KQRD8YY,2026-03-16
B07KQRD8YY,2026-03-23
B07KQRD8YY,2026-03-30
B07MFQTZXW,2025-03-03
B07MFQTZXW,2025-03-10
B07MFQTZXW,2025-03-17
B07MFQTZXW,2025-03-24
B07MFQTZXW,2025-03-31
B07MFQTZXW,2025-04-07
B07MFQTZXW,2025-04-14
B07MFQTZXW,2025-04-21
B07MFQTZXW,2025-04-28
B07MFQTZXW,2025-05-05
B07MFQTZXW,2025-05-12
B07MFQTZXW,2025-05-19
B07MFQTZXW,2025-05-26
B07MFQTZXW,2025-06-02
B07MFQTZXW,2025-06-09
B07MFQTZXW,2025-06-16
B07MFQTZXW,2025-06-23
B07MFQTZXW,2025-06-30
B07MFQTZXW,2025-07-07
B07MFQTZXW,2025-07-14
B07MFQTZXW,2025-07-21
B07MFQTZXW,2025-07-28
B07MFQTZXW,2025-08-04
B07MFQTZXW,2025-08-11
B07MFQTZXW,2025-08-18
B07MFQTZXW,2025-08-25
B07MFQTZXW,2025-09-01
B07MFQTZXW,2025-09-08
B07MFQTZXW,2025-09-15
B07MFQTZXW,2025-09-22
B07MFQTZXW,2025-09-29
B07MFQTZXW,2025-10-06
B07MFQTZXW,2025-10-13
B07MFQTZXW,2025-10-20
B07MFQTZXW,2025-10-27
B07MFQTZXW,2025-11-03
B07MFQTZXW,2025-11-10
B07MFQTZXW,2025-11-17
B07MFQTZXW,2025-11-24
B07MFQTZXW,2025-12-01
B07MFQTZXW,2025-12-08
B07MFQTZXW,2025-12-15
B07MFQTZXW,2025-12-22
B07MFQTZXW,2025-12-29
B07MFQTZXW,2026-01-05
B07MFQTZXW,2026-01-12
B07MFQTZXW,2026-01-19
B07MFQTZXW,2026-01-26
B07MFQTZXW,2026-02-02
B07MFQTZXW,2026-02-09
B07MFQTZXW,2026-02-16
B07MFQTZXW,2026-02-23
B07MFQTZXW,2026-03-02
B07MFQTZXW,2026-03-09
B07MFQTZXW,2026-03-16
B07MFQTZXW,2026-03-23
B07MFQTZXW,2026-03-30
B07MFQTZXW,2025-03-03
B07MFQTZXW,2025-03-10
B07MFQTZXW,2025-03-17
B07MFQTZXW,2025-03-24
B07MFQTZXW,2025-03-31
B07MFQTZXW,2025-04-07
B07MFQTZXW,2025-04-14
B07MFQTZXW,2025-04-21
B07MFQTZXW,2025-04-28
B07MFQTZXW,2025-05-05
B07MFQTZXW,2025-05-12
B07MFQTZXW,2025-05-19
B07MFQTZXW,2025-05-26
B07MFQTZXW,2025-06-02
B07MFQTZXW,2025-06-09
B07MFQTZXW,2025-06-16
B07MFQTZXW,2025-06-23
B07MFQTZXW,2025-06-30
B07MFQTZXW,2025-07-07
B07MFQTZXW,2025-07-14
B07MFQTZXW,2025-07-21
B07MFQTZXW,2025-07-28
B07MFQTZXW,2025-08-04
B07MFQTZXW,2025-08-11
B07MFQTZXW,2025-08-18
B07MFQTZXW,2025-08-25
B07MFQTZXW,2025-09-01
B07MFQTZXW,2025-09-08
B07MFQTZXW,2025-09-15
B07MFQTZXW,2025-09-22
B07MFQTZXW,2025-09-29
B07MFQTZXW,2025-10-06
B07MFQTZXW,2025-10-13
B07MFQTZXW,2025-10-20
B07MFQTZXW,2025-10-27
B07MFQTZXW,2025-11-03
B07MFQTZXW,2025-11-10
B07MFQTZXW,2025-11-17
B07MFQTZXW,2025-11-24
B07MFQTZXW,2025-12-01
B07MFQTZXW,2025-12-08
B07MFQTZXW,2025-12-15
B07MFQTZXW,2025-12-22
B07MFQTZXW,2025-12-29
B07MFQTZXW,2026-01-05
B07MFQTZXW,2026-01-12
B07MFQTZXW,2026-01-19
B07MFQTZXW,2026-01-26
B07MFQTZXW,2026-02-02
B07MFQTZXW,2026-02-09
B07MFQTZXW,2026-02-16
B07MFQTZXW,2026-02-23
B07MFQTZXW,2026-03-02
B07MFQTZXW,2026-03-09
B07MFQTZXW,2026-03-16
B07MFQTZXW,2026-03-23
B07MFQTZXW,2026-03-30
B07THXX561,2025-03-03
B07THXX561,2025-03-10
B07THXX561,2025-03-17
B07THXX561,2025-03-24
B07THXX561,2025-03-31
B07THXX561,2025-04-07
B07THXX561,2025-04-14
B07THXX561,2025-04-21
B07THXX561,2025-04-28
B07THXX561,2025-05-05
B07THXX561,2025-05-12
B07THXX561,2025-05-19
B07THXX561,2025-05-26
B07THXX561,2025-06-02
B07THXX561,2025-06-09
B07THXX561,2025-06-16
B07THXX561,2025-06-23
B07THXX561,2025-06-30
B07THXX561,2025-07-07
B07THXX561,2025-07-14
B07THXX561,2025-07-21
B07THXX561,2025-07-28
B07THXX561,2025-08-04
B07THXX561,2025-08-11
B07THXX561,2025-08-18
B07THXX561,2025-08-25
B07THXX561,2025-09-01
B07THXX561,2025-09-08
B07THXX561,2025-09-15
B07THXX561,2025-09-22
B07THXX561,2025-09-29
B07THXX561,2025-10-06
B07THXX561,2025-10-13
B07THXX561,2025-10-20
B07THXX561,2025-10-27
B07THXX561,2025-11-03
B07THXX561,2025-11-10
B07THXX561,2025-11-17
B07THXX561,2025-11-24
B07THXX561,2025-12-01
B07THXX561,2025-12-08
B07THXX561,2025-12-15
B07THXX561,2025-12-22
B07THXX561,2025-12-29
B07THXX561,2026-01-05
B07THXX561,2026-01-12
B07THXX561,2026-01-19
B07THXX561,2026-01-26
B07THXX561,2026-02-02
B07THXX561,2026-02-09
B07THXX561,2026-02-16
B07THXX561,2026-02-23
B07THXX561,2026-03-02
B07THXX561,2026-03-09
B07THXX561,2026-03-16
B07THXX561,2026-03-23
B07THXX561,2026-03-30
B07THXX561,2025-03-03
B07THXX561,2025-03-10
B07THXX561,2025-03-17
B07THXX561,2025-03-24
B07THXX561,2025-03-31
B07THXX561,2025-04-07
B07THXX561,2025-04-14
B07THXX561,2025-04-21
B07THXX561,2025-04-28
B07THXX561,2025-05-05
B07THXX561,2025-05-12
B07THXX561,2025-05-19
B07THXX561,2025-05-26
B07THXX561,2025-06-02
B07THXX561,2025-06-09
B07THXX561,2025-06-16
B07THXX561,2025-06-23
B07THXX561,2025-06-30
B07THXX561,2025-07-07
B07THXX561,2025-07-14
B07THXX561,2025-07-21
B07THXX561,2025-07-28
B07THXX561,2025-08-04
B07THXX561,2025-08-11
B07THXX561,2025-08-18
B07THXX561,2025-08-25
B07THXX561,2025-09-01
B07THXX561,2025-09-08
B07THXX561,2025-09-15
B07THXX561,2025-09-22
B07THXX561,2025-09-29
B07THXX561,2025-10-06
B07THXX561,2025-10-13
B07THXX561,2025-10-20
B07THXX561,2025-10-27
B07THXX561,2025-11-03
B07THXX561,2025-11-10
B07THXX561,2025-11-17
B07THXX561,2025-11-24
B07THXX561,2025-12-01
B07THXX561,2025-12-08
B07THXX561,2025-12-15
B07THXX561,2025-12-22
B07THXX561,2025-12-29
B07THXX561,2026-01-05
B07THXX561,2026-01-12
B07THXX561,2026-01-19
B07THXX561,2026-01-26
B07THXX561,2026-02-02
B07THXX561,2026-02-09
B07THXX561,2026-02-16
B07THXX561,2026-02-23
B07THXX561,2026-03-02
B07THXX561,2026-03-09
B07THXX561,2026-03-16
B07THXX561,2026-03-23
B07THXX561,2026-03-30
B07TZCN3SZ,2025-03-03
B07TZCN3SZ,2025-03-10
B07TZCN3SZ,2025-03-17
B07TZCN3SZ,2025-03-24
B07TZCN3SZ,2025-03-31
B07TZCN3SZ,2025-04-07
B07TZCN3SZ,2025-04-14
B07TZCN3SZ,2025-04-21
B07TZCN3SZ,2025-04-28
B07TZCN3SZ,2025-05-05
B07TZCN3SZ,2025-05-12
B07TZCN3SZ,2025-05-19
B07TZCN3SZ,2025-05-26
B07TZCN3SZ,2025-06-02
B07TZCN3SZ,2025-06-09
B07TZCN3SZ,2025-06-16
B07TZCN3SZ,2025-06-23
B07TZCN3SZ,2025-06-30
B07TZCN3SZ,2025-07-07
B07TZCN3SZ,2025-07-14
B07TZCN3SZ,2025-07-21
B07TZCN3SZ,2025-07-28
B07TZCN3SZ,2025-08-04
B07TZCN3SZ,2025-08-11
B07TZCN3SZ,2025-08-18
B07TZCN3SZ,2025-08-25
B07TZCN3SZ,2025-09-01
B07TZCN3SZ,2025-09-08
B07TZCN3SZ,2025-09-15
B07TZCN3SZ,2025-09-22
B07TZCN3SZ,2025-09-29
B07TZCN3SZ,2025-10-06
B07TZCN3SZ,2025-10-13
B07TZCN3SZ,2025-10-20
B07TZCN3SZ,2025-10-27
B07TZCN3SZ,2025-11-03
B07TZCN3SZ,2025-11-10
B07TZCN3SZ,2025-11-17
B07TZCN3SZ,2025-11-24
B07TZCN3SZ,2025-12-01
B07TZCN3SZ,2025-12-08
B07TZCN3SZ,2025-12-15
B07TZCN3SZ,2025-12-22
B07TZCN3SZ,2025-12-29
B07TZCN3SZ,2026-01-05
B07TZCN3SZ,2026-01-12
B07TZCN3SZ,2026-01-19
B07TZCN3SZ,2026-01-26
B07TZCN3SZ,2026-02-02
B07TZCN3SZ,2026-02-09
B07TZCN3SZ,2026-02-16
B07TZCN3SZ,2026-02-23
B07TZCN3SZ,2026-03-02
B07TZCN3SZ,2026-03-09
B07TZCN3SZ,2026-03-16
B07TZCN3SZ,2026-03-23
B07TZCN3SZ,2026-03-30
B07TZCN3SZ,2025-03-03
B07TZCN3SZ,2025-03-10
B07TZCN3SZ,2025-03-17
B07TZCN3SZ,2025-03-24
B07TZCN3SZ,2025-03-31
B07TZCN3SZ,2025-04-07
B07TZCN3SZ,2025-04-14
B07TZCN3SZ,2025-04-21
B07TZCN3SZ,2025-04-28
B07TZCN3SZ,2025-05-05
B07TZCN3SZ,2025-05-12
B07TZCN3SZ,2025-05-19
B07TZCN3SZ,2025-05-26
B07TZCN3SZ,2025-06-02
B07TZCN3SZ,2025-06-09
B07TZCN3SZ,2025-06-16
B07TZCN3SZ,2025-06-23
B07TZCN3SZ,2025-06-30
B07TZCN3SZ,2025-07-07
B07TZCN3SZ,2025-07-14
B07TZCN3SZ,2025-07-21
B07TZCN3SZ,2025-07-28
B07TZCN3SZ,2025-08-04
B07TZCN3SZ,2025-08-11
B07TZCN3SZ,2025-08-18
B07TZCN3SZ,2025-08-25
B07TZCN3SZ,2025-09-01
B07TZCN3SZ,2025-09-08
B07TZCN3SZ,2025-09-15
B07TZCN3SZ,2025-09-22
B07TZCN3SZ,2025-09-29
B07TZCN3SZ,2025-10-06
B07TZCN3SZ,2025-10-13
B07TZCN3SZ,2025-10-20
B07TZCN3SZ,2025-10-27
B07TZCN3SZ,2025-11-03
B07TZCN3SZ,2025-11-10
B07TZCN3SZ,2025-11-17
B07TZCN3SZ,2025-11-24
B07TZCN3SZ,2025-12-01
B07TZCN3SZ,2025-12-08
B07TZCN3SZ,2025-12-15
B07TZCN3SZ,2025-12-22
B07TZCN3SZ,2025-12-29
B07TZCN3SZ,2026-01-05
B07TZCN3SZ,2026-01-12
B07TZCN3SZ,2026-01-19
B07TZCN3SZ,2026-01-26
B07TZCN3SZ,2026-02-02
B07TZCN3SZ,2026-02-09
B07TZCN3SZ,2026-02-16
B07TZCN3SZ,2026-02-23
B07TZCN3SZ,2026-03-02
B07TZCN3SZ,2026-03-09
B07TZCN3SZ,2026-03-16
B07TZCN3SZ,2026-03-23
B07TZCN3SZ,2026-03-30
B07VBHT29D,2025-03-03
B07VBHT29D,2025-03-10
B07VBHT29D,2025-03-17
B07VBHT29D,2025-03-24
B07VBHT29D,2025-03-31
B07VBHT29D,2025-04-07
B07VBHT29D,2025-04-14
B07VBHT29D,2025-04-21
B07VBHT29D,2025-04-28
B07VBHT29D,2025-05-05
B07VBHT29D,2025-05-12
B07VBHT29D,2025-05-19
B07VBHT29D,2025-05-26
B07VBHT29D,2025-06-02
B07VBHT29D,2025-06-09
B07VBHT29D,2025-06-16
B07VBHT29D,2025-06-23
B07VBHT29D,2025-06-30
B07VBHT29D,2025-07-07
B07VBHT29D,2025-07-14
B07VBHT29D,2025-07-21
B07VBHT29D,2025-07-28
B07VBHT29D,2025-08-04
B07VBHT29D,2025-08-11
B07VBHT29D,2025-08-18
B07VBHT29D,2025-08-25
B07VBHT29D,2025-09-01
B07VBHT29D,2025-09-08
B07VBHT29D,2025-09-15
B07VBHT29D,2025-09-22
B07VBHT29D,2025-09-29
B07VBHT29D,2025-10-06
B07VBHT29D,2025-10-13
B07VBHT29D,2025-10-20
B07VBHT29D,2025-10-27
B07VBHT29D,2025-11-03
B07VBHT29D,2025-11-10
B07VBHT29D,2025-11-17
B07VBHT29D,2025-11-24
B07VBHT29D,2025-12-01
B07VBHT29D,2025-12-08
B07VBHT29D,2025-12-15
B07VBHT29D,2025-12-22
B07VBHT29D,2025-12-29
B07VBHT29D,2026-01-05
B07VBHT29D,2026-01-12
B07VBHT29D,2026-01-19
B07VBHT29D,2026-01-26
B07VBHT29D,2026-02-02
B07VBHT29D,2026-02-09
B07VBHT29D,2026-02-16
B07VBHT29D,2026-02-23
B07VBHT29D,2026-03-02
B07VBHT29D,2026-03-09
B07VBHT29D,2026-03-16
B07VBHT29D,2026-03-23
B07VBHT29D,2026-03-30
B07VBHT29D,2025-03-03
B07VBHT29D,2025-03-10
B07VBHT29D,2025-03-17
B07VBHT29D,2025-03-24
B07VBHT29D,2025-03-31
B07VBHT29D,2025-04-07
B07VBHT29D,2025-04-14
B07VBHT29D,2025-04-21
B07VBHT29D,2025-04-28
B07VBHT29D,2025-05-05
B07VBHT29D,2025-05-12
B07VBHT29D,2025-05-19
B07VBHT29D,2025-05-26
B07VBHT29D,2025-06-02
B07VBHT29D,2025-06-09
B07VBHT29D,2025-06-16
B07VBHT29D,2025-06-23
B07VBHT29D,2025-06-30
B07VBHT29D,2025-07-07
B07VBHT29D,2025-07-14
B07VBHT29D,2025-07-21
B07VBHT29D,2025-07-28
B07VBHT29D,2025-08-04
B07VBHT29D,2025-08-11
B07VBHT29D,2025-08-18
B07VBHT29D,2025-08-25
B07VBHT29D,2025-09-01
B07VBHT29D,2025-09-08
B07VBHT29D,2025-09-15
B07VBHT29D,2025-09-22
B07VBHT29D,2025-09-29
B07VBHT29D,2025-10-06
B07VBHT29D,2025-10-13
B07VBHT29D,2025-10-20
B07VBHT29D,2025-10-27
B07VBHT29D,2025-11-03
B07VBHT29D,2025-11-10
B07VBHT29D,2025-11-17
B07VBHT29D,2025-11-24
B07VBHT29D,2025-12-01
B07VBHT29D,2025-12-08
B07VBHT29D,2025-12-15
B07VBHT29D,2025-12-22
B07VBHT29D,2025-12-29
B07VBHT29D,2026-01-05
B07VBHT29D,2026-01-12
B07VBHT29D,2026-01-19
B07VBHT29D,2026-01-26
B07VBHT29D,2026-02-02
B07VBHT29D,2026-02-09
B07VBHT29D,2026-02-16
B07VBHT29D,2026-02-23
B07VBHT29D,2026-03-02
B07VBHT29D,2026-03-09
B07VBHT29D,2026-03-16
B07VBHT29D,2026-03-23
B07VBHT29D,2026-03-30
B07XBCCPK8,2025-03-03
B07XBCCPK8,2025-03-10
B07XBCCPK8,2025-03-17
B07XBCCPK8,2025-03-24
B07XBCCPK8,2025-03-31
B07XBCCPK8,2025-04-07
B07XBCCPK8,2025-04-14
B07XBCCPK8,2025-04-21
B07XBCCPK8,2025-04-28
B07XBCCPK8,2025-05-05
B07XBCCPK8,2025-05-12
B07XBCCPK8,2025-05-19
B07XBCCPK8,2025-05-26
B07XBCCPK8,2025-06-02
B07XBCCPK8,2025-06-09
B07XBCCPK8,2025-06-16
B07XBCCPK8,2025-06-23
B07XBCCPK8,2025-06-30
B07XBCCPK8,2025-07-07
B07XBCCPK8,2025-07-14
B07XBCCPK8,2025-07-21
B07XBCCPK8,2025-07-28
B07XBCCPK8,2025-08-04
B07XBCCPK8,2025-08-11
B07XBCCPK8,2025-08-18
B07XBCCPK8,2025-08-25
B07XBCCPK8,2025-09-01
B07XBCCPK8,2025-09-08
B07XBCCPK8,2025-09-15
B07XBCCPK8,2025-09-22
B07XBCCPK8,2025-09-29
B07XBCCPK8,2025-10-06
B07XBCCPK8,2025-10-13
B07XBCCPK8,2025-10-20
B07XBCCPK8,2025-10-27
B07XBCCPK8,2025-11-03
B07XBCCPK8,2025-11-10
B07XBCCPK8,2025-11-17
B07XBCCPK8,2025-11-24
B07XBCCPK8,2025-12-01
B07XBCCPK8,2025-12-08
B07XBCCPK8,2025-12-15
B07XBCCPK8,2025-12-22
B07XBCCPK8,2025-12-29
B07XBCCPK8,2026-01-05
B07XBCCPK8,2026-01-12
B07XBCCPK8,2026-01-19
B07XBCCPK8,2026-01-26
B07XBCCPK8,2026-02-02
B07XBCCPK8,2026-02-09
B07XBCCPK8,2026-02-16
B07XBCCPK8,2026-02-23
B07XBCCPK8,2026-03-02
B07XBCCPK8,2026-03-09
B07XBCCPK8,2026-03-16
B07XBCCPK8,2026-03-23
B07XBCCPK8,2026-03-30
B07XBCCPK8,2025-03-03
B07XBCCPK8,2025-03-10
B07XBCCPK8,2025-03-17
B07XBCCPK8,2025-03-24
B07XBCCPK8,2025-03-31
B07XBCCPK8,2025-04-07
B07XBCCPK8,2025-04-14
B07XBCCPK8,2025-04-21
B07XBCCPK8,2025-04-28
B07XBCCPK8,2025-05-05
B07XBCCPK8,2025-05-12
B07XBCCPK8,2025-05-19
B07XBCCPK8,2025-05-26
B07XBCCPK8,2025-06-02
B07XBCCPK8,2025-06-09
B07XBCCPK8,2025-06-16
B07XBCCPK8,2025-06-23
B07XBCCPK8,2025-06-30
B07XBCCPK8,2025-07-07
B07XBCCPK8,2025-07-14
B07XBCCPK8,2025-07-21
B07XBCCPK8,2025-07-28
B07XBCCPK8,2025-08-04
B07XBCCPK8,2025-08-11
B07XBCCPK8,2025-08-18
B07XBCCPK8,2025-08-25
B07XBCCPK8,2025-09-01
B07XBCCPK8,2025-09-08
B07XBCCPK8,2025-09-15
B07XBCCPK8,2025-09-22
B07XBCCPK8,2025-09-29
B07XBCCPK8,2025-10-06
B07XBCCPK8,2025-10-13
B07XBCCPK8,2025-10-20
B07XBCCPK8,2025-10-27
B07XBCCPK8,2025-11-03
B07XBCCPK8,2025-11-10
B07XBCCPK8,2025-11-17
B07XBCCPK8,2025-11-24
B07XBCCPK8,2025-12-01
B07XBCCPK8,2025-12-08
B07XBCCPK8,2025-12-15
B07XBCCPK8,2025-12-22
B07XBCCPK8,2025-12-29
B07XBCCPK8,2026-01-05
B07XBCCPK8,2026-01-12
B07XBCCPK8,2026-01-19
B07XBCCPK8,2026-01-26
B07XBCCPK8,2026-02-02
B07XBCCPK8,2026-02-09
B07XBCCPK8,2026-02-16
B07XBCCPK8,2026-02-23
B07XBCCPK8,2026-03-02
B07XBCCPK8,2026-03-09
B07XBCCPK8,2026-03-16
B07XBCCPK8,2026-03-23
B07XBCCPK8,2026-03-30
B07Y6LXLSQ,2025-03-03
B07Y6LXLSQ,2025-03-10
B07Y6LXLSQ,2025-03-17
B07Y6LXLSQ,2025-03-24
B07Y6LXLSQ,2025-03-31
B07Y6LXLSQ,2025-04-07
B07Y6LXLSQ,2025-04-14
B07Y6LXLSQ,2025-04-21
B07Y6LXLSQ,2025-04-28
B07Y6LXLSQ,2025-05-05
B07Y6LXLSQ,2025-05-12
B07Y6LXLSQ,2025-05-19
B07Y6LXLSQ,2025-05-26
B07Y6LXLSQ,2025-06-02
B07Y6LXLSQ,2025-06-09
B07Y6LXLSQ,2025-06-16
B07Y6LXLSQ,2025-06-23
B07Y6LXLSQ,2025-06-30
B07Y6LXLSQ,2025-07-07
B07Y6LXLSQ,2025-07-14
B07Y6LXLSQ,2025-07-21
B07Y6LXLSQ,2025-07-28
B07Y6LXLSQ,2025-08-04
B07Y6LXLSQ,2025-08-11
B07Y6LXLSQ,2025-08-18
B07Y6LXLSQ,2025-08-25
B07Y6LXLSQ,2025-09-01
B07Y6LXLSQ,2025-09-08
B07Y6LXLSQ,2025-09-15
B07Y6LXLSQ,2025-09-22
B07Y6LXLSQ,2025-09-29
B07Y6LXLSQ,2025-10-06
B07Y6LXLSQ,2025-10-13
B07Y6LXLSQ,2025-10-20
B07Y6LXLSQ,2025-10-27
B07Y6LXLSQ,2025-11-03
B07Y6LXLSQ,2025-11-10
B07Y6LXLSQ,2025-11-17
B07Y6LXLSQ,2025-11-24
B07Y6LXLSQ,2025-12-01
B07Y6LXLSQ,2025-12-08
B07Y6LXLSQ,2025-12-15
B07Y6LXLSQ,2025-12-22
B07Y6LXLSQ,2025-12-29
B07Y6LXLSQ,2026-01-05
B07Y6LXLSQ,2026-01-12
B07Y6LXLSQ,2026-01-19
B07Y6LXLSQ,2026-01-26
B07Y6LXLSQ,2026-02-02
B07Y6LXLSQ,2026-02-09
B07Y6LXLSQ,2026-02-16
B07Y6LXLSQ,2026-02-23
B07Y6LXLSQ,2026-03-02
B07Y6LXLSQ,2026-03-09
B07Y6LXLSQ,2026-03-16
B07Y6LXLSQ,2026-03-23
B07Y6LXLSQ,2026-03-30
B07Y6LXLSQ,2025-03-03
B07Y6LXLSQ,2025-03-10
B07Y6LXLSQ,2025-03-17
B07Y6LXLSQ,2025-03-24
B07Y6LXLSQ,2025-03-31
B07Y6LXLSQ,2025-04-07
B07Y6LXLSQ,2025-04-14
B07Y6LXLSQ,2025-04-21
B07Y6LXLSQ,2025-04-28
B07Y6LXLSQ,2025-05-05
B07Y6LXLSQ,2025-05-12
B07Y6LXLSQ,2025-05-19
B07Y6LXLSQ,2025-05-26
B07Y6LXLSQ,2025-06-02
B07Y6LXLSQ,2025-06-09
B07Y6LXLSQ,2025-06-16
B07Y6LXLSQ,2025-06-23
B07Y6LXLSQ,2025-06-30
B07Y6LXLSQ,2025-07-07
B07Y6LXLSQ,2025-07-14
B07Y6LXLSQ,2025-07-21
B07Y6LXLSQ,2025-07-28
B07Y6LXLSQ,2025-08-04
B07Y6LXLSQ,2025-08-11
B07Y6LXLSQ,2025-08-18
B07Y6LXLSQ,2025-08-25
B07Y6LXLSQ,2025-09-01
B07Y6LXLSQ,2025-09-08
B07Y6LXLSQ,2025-09-15
B07Y6LXLSQ,2025-09-22
B07Y6LXLSQ,2025-09-29
B07Y6LXLSQ,2025-10-06
B07Y6LXLSQ,2025-10-13
B07Y6LXLSQ,2025-10-20
B07Y6LXLSQ,2025-10-27
B07Y6LXLSQ,2025-11-03
B07Y6LXLSQ,2025-11-10
B07Y6LXLSQ,2025-11-17
B07Y6LXLSQ,2025-11-24
B07Y6LXLSQ,2025-12-01
B07Y6LXLSQ,2025-12-08
B07Y6LXLSQ,2025-12-15
B07Y6LXLSQ,2025-12-22
B07Y6LXLSQ,2025-12-29
B07Y6LXLSQ,2026-01-05
B07Y6LXLSQ,2026-01-12
B07Y6LXLSQ,2026-01-19
B07Y6LXLSQ,2026-01-26
B07Y6LXLSQ,2026-02-02
B07Y6LXLSQ,2026-02-09
B07Y6LXLSQ,2026-02-16
B07Y6LXLSQ,2026-02-23
B07Y6LXLSQ,2026-03-02
B07Y6LXLSQ,2026-03-09
B07Y6LXLSQ,2026-03-16
B07Y6LXLSQ,2026-03-23
B07Y6LXLSQ,2026-03-30
B07Y6MYYYN,2025-03-03
B07Y6MYYYN,2025-03-10
B07Y6MYYYN,2025-03-17
B07Y6MYYYN,2025-03-24
B07Y6MYYYN,2025-03-31
B07Y6MYYYN,2025-04-07
B07Y6MYYYN,2025-04-14
B07Y6MYYYN,2025-04-21
B07Y6MYYYN,2025-04-28
B07Y6MYYYN,2025-05-05
B07Y6MYYYN,2025-05-12
B07Y6MYYYN,2025-05-19
B07Y6MYYYN,2025-05-26
B07Y6MYYYN,2025-06-02
B07Y6MYYYN,2025-06-09
B07Y6MYYYN,2025-06-16
B07Y6MYYYN,2025-06-23
B07Y6MYYYN,2025-06-30
B07Y6MYYYN,2025-07-07
B07Y6MYYYN,2025-07-14
B07Y6MYYYN,2025-07-21
B07Y6MYYYN,2025-07-28
B07Y6MYYYN,2025-08-04
B07Y6MYYYN,2025-08-11
B07Y6MYYYN,2025-08-18
B07Y6MYYYN,2025-08-25
B07Y6MYYYN,2025-09-01
B07Y6MYYYN,2025-09-08
B07Y6MYYYN,2025-09-15
B07Y6MYYYN,2025-09-22
B07Y6MYYYN,2025-09-29
B07Y6MYYYN,2025-10-06
B07Y6MYYYN,2025-10-13
B07Y6MYYYN,2025-10-20
B07Y6MYYYN,2025-10-27
B07Y6MYYYN,2025-11-03
B07Y6MYYYN,2025-11-10
B07Y6MYYYN,2025-11-17
B07Y6MYYYN,2025-11-24
B07Y6MYYYN,2025-12-01
B07Y6MYYYN,2025-12-08
B07Y6MYYYN,2025-12-15
B07Y6MYYYN,2025-12-22
B07Y6MYYYN,2025-12-29
B07Y6MYYYN,2026-01-05
B07Y6MYYYN,2026-01-12
B07Y6MYYYN,2026-01-19
B07Y6MYYYN,2026-01-26
B07Y6MYYYN,2026-02-02
B07Y6MYYYN,2026-02-09
B07Y6MYYYN,2026-02-16
B07Y6MYYYN,2026-02-23
B07Y6MYYYN,2026-03-02
B07Y6MYYYN,2026-03-09
B07Y6MYYYN,2026-03-16
B07Y6MYYYN,2026-03-23
B07Y6MYYYN,2026-03-30
B07Y6MYYYN,2025-03-03
B07Y6MYYYN,2025-03-10
B07Y6MYYYN,2025-03-17
B07Y6MYYYN,2025-03-24
B07Y6MYYYN,2025-03-31
B07Y6MYYYN,2025-04-07
B07Y6MYYYN,2025-04-14
B07Y6MYYYN,2025-04-21
B07Y6MYYYN,2025-04-28
B07Y6MYYYN,2025-05-05
B07Y6MYYYN,2025-05-12
B07Y6MYYYN,2025-05-19
B07Y6MYYYN,2025-05-26
B07Y6MYYYN,2025-06-02
B07Y6MYYYN,2025-06-09
B07Y6MYYYN,2025-06-16
B07Y6MYYYN,2025-06-23
B07Y6MYYYN,2025-06-30
B07Y6MYYYN,2025-07-07
B07Y6MYYYN,2025-07-14
B07Y6MYYYN,2025-07-21
B07Y6MYYYN,2025-07-28
B07Y6MYYYN,2025-08-04
B07Y6MYYYN,2025-08-11
B07Y6MYYYN,2025-08-18
B07Y6MYYYN,2025-08-25
B07Y6MYYYN,2025-09-01
B07Y6MYYYN,2025-09-08
B07Y6MYYYN,2025-09-15
B07Y6MYYYN,2025-09-22
B07Y6MYYYN,2025-09-29
B07Y6MYYYN,2025-10-06
B07Y6MYYYN,2025-10-13
B07Y6MYYYN,2025-10-20
B07Y6MYYYN,2025-10-27
B07Y6MYYYN,2025-11-03
B07Y6MYYYN,2025-11-10
B07Y6MYYYN,2025-11-17
B07Y6MYYYN,2025-11-24
B07Y6MYYYN,2025-12-01
B07Y6MYYYN,2025-12-08
B07Y6MYYYN,2025-12-15
B07Y6MYYYN,2025-12-22
B07Y6MYYYN,2025-12-29
B07Y6MYYYN,2026-01-05
B07Y6MYYYN,2026-01-12
B07Y6MYYYN,2026-01-19
B07Y6MYYYN,2026-01-26
B07Y6MYYYN,2026-02-02
B07Y6MYYYN,2026-02-09
B07Y6MYYYN,2026-02-16
B07Y6MYYYN,2026-02-23
B07Y6MYYYN,2026-03-02
B07Y6MYYYN,2026-03-09
B07Y6MYYYN,2026-03-16
B07Y6MYYYN,2026-03-23
B07Y6MYYYN,2026-03-30
B07ZCJD9HF,2025-03-03
B07ZCJD9HF,2025-03-10
B07ZCJD9HF,2025-03-17
B07ZCJD9HF,2025-03-24
B07ZCJD9HF,2025-03-31
B07ZCJD9HF,2025-04-07
B07ZCJD9HF,2025-04-14
B07ZCJD9HF,2025-04-21
B07ZCJD9HF,2025-04-28
B07ZCJD9HF,2025-05-05
B07ZCJD9HF,2025-05-12
B07ZCJD9HF,2025-05-19
B07ZCJD9HF,2025-05-26
B07ZCJD9HF,2025-06-02
B07ZCJD9HF,2025-06-09
B07ZCJD9HF,2025-06-16
B07ZCJD9HF,2025-06-23
B07ZCJD9HF,2025-06-30
B07ZCJD9HF,2025-07-07
B07ZCJD9HF,2025-07-14
B07ZCJD9HF,2025-07-21
B07ZCJD9HF,2025-07-28
B07ZCJD9HF,2025-08-04
B07ZCJD9HF,2025-08-11
B07ZCJD9HF,2025-08-18
B07ZCJD9HF,2025-08-25
B07ZCJD9HF,2025-09-01
B07ZCJD9HF,2025-09-08
B07ZCJD9HF,2025-09-15
B07ZCJD9HF,2025-09-22
B07ZCJD9HF,2025-09-29
B07ZCJD9HF,2025-10-06
B07ZCJD9HF,2025-10-13
B07ZCJD9HF,2025-10-20
B07ZCJD9HF,2025-10-27
B07ZCJD9HF,2025-11-03
B07ZCJD9HF,2025-11-10
B07ZCJD9HF,2025-11-17
B07ZCJD9HF,2025-11-24
B07ZCJD9HF,2025-12-01
B07ZCJD9HF,2025-12-08
B07ZCJD9HF,2025-12-15
B07ZCJD9HF,2025-12-22
B07ZCJD9HF,2025-12-29
B07ZCJD9HF,2026-01-05
B07ZCJD9HF,2026-01-12
B07ZCJD9HF,2026-01-19
B07ZCJD9HF,2026-01-26
B07ZCJD9HF,2026-02-02
B07ZCJD9HF,2026-02-09
B07ZCJD9HF,2026-02-16
B07ZCJD9HF,2026-02-23
B07ZCJD9HF,2026-03-02
B07ZCJD9HF,2026-03-09
B07ZCJD9HF,2026-03-16
B07ZCJD9HF,2026-03-23
B07ZCJD9HF,2026-03-30
B07ZCJD9HF,2025-03-03
B07ZCJD9HF,2025-03-10
B07ZCJD9HF,2025-03-17
B07ZCJD9HF,2025-03-24
B07ZCJD9HF,2025-03-31
B07ZCJD9HF,2025-04-07
B07ZCJD9HF,2025-04-14
B07ZCJD9HF,2025-04-21
B07ZCJD9HF,2025-04-28
B07ZCJD9HF,2025-05-05
B07ZCJD9HF,2025-05-12
B07ZCJD9HF,2025-05-19
B07ZCJD9HF,2025-05-26
B07ZCJD9HF,2025-06-02
B07ZCJD9HF,2025-06-09
B07ZCJD9HF,2025-06-16
B07ZCJD9HF,2025-06-23
B07ZCJD9HF,2025-06-30
B07ZCJD9HF,2025-07-07
B07ZCJD9HF,2025-07-14
B07ZCJD9HF,2025-07-21
B07ZCJD9HF,2025-07-28
B07ZCJD9HF,2025-08-04
B07ZCJD9HF,2025-08-11
B07ZCJD9HF,2025-08-18
B07ZCJD9HF,2025-08-25
B07ZCJD9HF,2025-09-01
B07ZCJD9HF,2025-09-08
B07ZCJD9HF,2025-09-15
B07ZCJD9HF,2025-09-22
B07ZCJD9HF,2025-09-29
B07ZCJD9HF,2025-10-06
B07ZCJD9HF,2025-10-13
B07ZCJD9HF,2025-10-20
B07ZCJD9HF,2025-10-27
B07ZCJD9HF,2025-11-03
B07ZCJD9HF,2025-11-10
B07ZCJD9HF,2025-11-17
B07ZCJD9HF,2025-11-24
B07ZCJD9HF,2025-12-01
B07ZCJD9HF,2025-12-08
B07ZCJD9HF,2025-12-15
B07ZCJD9HF,2025-12-22
B07ZCJD9HF,2025-12-29
B07ZCJD9HF,2026-01-05
B07ZCJD9HF,2026-01-12
B07ZCJD9HF,2026-01-19
B07ZCJD9HF,2026-01-26
B07ZCJD9HF,2026-02-02
B07ZCJD9HF,2026-02-09
B07ZCJD9HF,2026-02-16
B07ZCJD9HF,2026-02-23
B07ZCJD9HF,2026-03-02
B07ZCJD9HF,2026-03-09
B07ZCJD9HF,2026-03-16
B07ZCJD9HF,2026-03-23
B07ZCJD9HF,2026-03-30
B0894LVYH8,2025-03-03
B0894LVYH8,2025-03-10
B0894LVYH8,2025-03-17
B0894LVYH8,2025-03-24
B0894LVYH8,2025-03-31
B0894LVYH8,2025-04-07
B0894LVYH8,2025-04-14
B0894LVYH8,2025-04-21
B0894LVYH8,2025-04-28
B0894LVYH8,2025-05-05
B0894LVYH8,2025-05-12
B0894LVYH8,2025-05-19
B0894LVYH8,2025-05-26
B0894LVYH8,2025-06-02
B0894LVYH8,2025-06-09
B0894LVYH8,2025-06-16
B0894LVYH8,2025-06-23
B0894LVYH8,2025-06-30
B0894LVYH8,2025-07-07
B0894LVYH8,2025-07-14
B0894LVYH8,2025-07-21
B0894LVYH8,2025-07-28
B0894LVYH8,2025-08-04
B0894LVYH8,2025-08-11
B0894LVYH8,2025-08-18
B0894LVYH8,2025-08-25
B0894LVYH8,2025-09-01
B0894LVYH8,2025-09-08
B0894LVYH8,2025-09-15
B0894LVYH8,2025-09-22
B0894LVYH8,2025-09-29
B0894LVYH8,2025-10-06
B0894LVYH8,2025-10-13
B0894LVYH8,2025-10-20
B0894LVYH8,2025-10-27
B0894LVYH8,2025-11-03
B0894LVYH8,2025-11-10
B0894LVYH8,2025-11-17
B0894LVYH8,2025-11-24
B0894LVYH8,2025-12-01
B0894LVYH8,2025-12-08
B0894LVYH8,2025-12-15
B0894LVYH8,2025-12-22
B0894LVYH8,2025-12-29
B0894LVYH8,2026-01-05
B0894LVYH8,2026-01-12
B0894LVYH8,2026-01-19
B0894LVYH8,2026-01-26
B0894LVYH8,2026-02-02
B0894LVYH8,2026-02-09
B0894LVYH8,2026-02-16
B0894LVYH8,2026-02-23
B0894LVYH8,2026-03-02
B0894LVYH8,2026-03-09
B0894LVYH8,2026-03-16
B0894LVYH8,2026-03-23
B0894LVYH8,2026-03-30
B0894LVYH8,2025-03-03
B0894LVYH8,2025-03-10
B0894LVYH8,2025-03-17
B0894LVYH8,2025-03-24
B0894LVYH8,2025-03-31
B0894LVYH8,2025-04-07
B0894LVYH8,2025-04-14
B0894LVYH8,2025-04-21
B0894LVYH8,2025-04-28
B0894LVYH8,2025-05-05
B0894LVYH8,2025-05-12
B0894LVYH8,2025-05-19
B0894LVYH8,2025-05-26
B0894LVYH8,2025-06-02
B0894LVYH8,2025-06-09
B0894LVYH8,2025-06-16
B0894LVYH8,2025-06-23
B0894LVYH8,2025-06-30
B0894LVYH8,2025-07-07
B0894LVYH8,2025-07-14
B0894LVYH8,2025-07-21
B0894LVYH8,2025-07-28
B0894LVYH8,2025-08-04
B0894LVYH8,2025-08-11
B0894LVYH8,2025-08-18
B0894LVYH8,2025-08-25
B0894LVYH8,2025-09-01
B0894LVYH8,2025-09-08
B0894LVYH8,2025-09-15
B0894LVYH8,2025-09-22
B0894LVYH8,2025-09-29
B0894LVYH8,2025-10-06
B0894LVYH8,2025-10-13
B0894LVYH8,2025-10-20
B0894LVYH8,2025-10-27
B0894LVYH8,2025-11-03
B0894LVYH8,2025-11-10
B0894LVYH8,2025-11-17
B0894LVYH8,2025-11-24
B0894LVYH8,2025-12-01
B0894LVYH8,2025-12-08
B0894LVYH8,2025-12-15
B0894LVYH8,2025-12-22
B0894LVYH8,2025-12-29
B0894LVYH8,2026-01-05
B0894LVYH8,2026-01-12
B0894LVYH8,2026-01-19
B0894LVYH8,2026-01-26
B0894LVYH8,2026-02-02
B0894LVYH8,2026-02-09
B0894LVYH8,2026-02-16
B0894LVYH8,2026-02-23
B0894LVYH8,2026-03-02
B0894LVYH8,2026-03-09
B0894LVYH8,2026-03-16
B0894LVYH8,2026-03-23
B0894LVYH8,2026-03-30
B08BP7MHDD,2025-03-03
B08BP7MHDD,2025-03-10
B08BP7MHDD,2025-03-17
B08BP7MHDD,2025-03-24
B08BP7MHDD,2025-03-31
B08BP7MHDD,2025-04-07
B08BP7MHDD,2025-04-14
B08BP7MHDD,2025-04-21
B08BP7MHDD,2025-04-28
B08BP7MHDD,2025-05-05
B08BP7MHDD,2025-05-12
B08BP7MHDD,2025-05-19
B08BP7MHDD,2025-05-26
B08BP7MHDD,2025-06-02
B08BP7MHDD,2025-06-09
B08BP7MHDD,2025-06-16
B08BP7MHDD,2025-06-23
B08BP7MHDD,2025-06-30
B08BP7MHDD,2025-07-07
B08BP7MHDD,2025-07-14
B08BP7MHDD,2025-07-21
B08BP7MHDD,2025-07-28
B08BP7MHDD,2025-08-04
B08BP7MHDD,2025-08-11
B08BP7MHDD,2025-08-18
B08BP7MHDD,2025-08-25
B08BP7MHDD,2025-09-01
B08BP7MHDD,2025-09-08
B08BP7MHDD,2025-09-15
B08BP7MHDD,2025-09-22
B08BP7MHDD,2025-09-29
B08BP7MHDD,2025-10-06
B08BP7MHDD,2025-10-13
B08BP7MHDD,2025-10-20
B08BP7MHDD,2025-10-27
B08BP7MHDD,2025-11-03
B08BP7MHDD,2025-11-10
B08BP7MHDD,2025-11-17
B08BP7MHDD,2025-11-24
B08BP7MHDD,2025-12-01
B08BP7MHDD,2025-12-08
B08BP7MHDD,2025-12-15
B08BP7MHDD,2025-12-22
B08BP7MHDD,2025-12-29
B08BP7MHDD,2026-01-05
B08BP7MHDD,2026-01-12
B08BP7MHDD,2026-01-19
B08BP7MHDD,2026-01-26
B08BP7MHDD,2026-02-02
B08BP7MHDD,2026-02-09
B08BP7MHDD,2026-02-16
B08BP7MHDD,2026-02-23
B08BP7MHDD,2026-03-02
B08BP7MHDD,2026-03-09
B08BP7MHDD,2026-03-16
B08BP7MHDD,2026-03-23
B08BP7MHDD,2026-03-30
B08BP7MHDD,2025-03-03
B08BP7MHDD,2025-03-10
B08BP7MHDD,2025-03-17
B08BP7MHDD,2025-03-24
B08BP7MHDD,2025-03-31
B08BP7MHDD,2025-04-07
B08BP7MHDD,2025-04-14
B08BP7MHDD,2025-04-21
B08BP7MHDD,2025-04-28
B08BP7MHDD,2025-05-05
B08BP7MHDD,2025-05-12
B08BP7MHDD,2025-05-19
B08BP7MHDD,2025-05-26
B08BP7MHDD,2025-06-02
B08BP7MHDD,2025-06-09
B08BP7MHDD,2025-06-16
B08BP7MHDD,2025-06-23
B08BP7MHDD,2025-06-30
B08BP7MHDD,2025-07-07
B08BP7MHDD,2025-07-14
B08BP7MHDD,2025-07-21
B08BP7MHDD,2025-07-28
B08BP7MHDD,2025-08-04
B08BP7MHDD,2025-08-11
B08BP7MHDD,2025-08-18
B08BP7MHDD,2025-08-25
B08BP7MHDD,2025-09-01
B08BP7MHDD,2025-09-08
B08BP7MHDD,2025-09-15
B08BP7MHDD,2025-09-22
B08BP7MHDD,2025-09-29
B08BP7MHDD,2025-10-06
B08BP7MHDD,2025-10-13
B08BP7MHDD,2025-10-20
B08BP7MHDD,2025-10-27
B08BP7MHDD,2025-11-03
B08BP7MHDD,2025-11-10
B08BP7MHDD,2025-11-17
B08BP7MHDD,2025-11-24
B08BP7MHDD,2025-12-01
B08BP7MHDD,2025-12-08
B08BP7MHDD,2025-12-15
B08BP7MHDD,2025-12-22
B08BP7MHDD,2025-12-29
B08BP7MHDD,2026-01-05
B08BP7MHDD,2026-01-12
B08BP7MHDD,2026-01-19
B08BP7MHDD,2026-01-26
B08BP7MHDD,2026-02-02
B08BP7MHDD,2026-02-09
B08BP7MHDD,2026-02-16
B08BP7MHDD,2026-02-23
B08BP7MHDD,2026-03-02
B08BP7MHDD,2026-03-09
B08BP7MHDD,2026-03-16
B08BP7MHDD,2026-03-23
B08BP7MHDD,2026-03-30
B08CR5TBB4,2025-03-03
B08CR5TBB4,2025-03-10
B08CR5TBB4,2025-03-17
B08CR5TBB4,2025-03-24
B08CR5TBB4,2025-03-31
B08CR5TBB4,2025-04-07
B08CR5TBB4,2025-04-14
B08CR5TBB4,2025-04-21
B08CR5TBB4,2025-04-28
B08CR5TBB4,2025-05-05
B08CR5TBB4,2025-05-12
B08CR5TBB4,2025-05-19
B08CR5TBB4,2025-05-26
B08CR5TBB4,2025-06-02
B08CR5TBB4,2025-06-09
B08CR5TBB4,2025-06-16
B08CR5TBB4,2025-06-23
B08CR5TBB4,2025-06-30
B08CR5TBB4,2025-07-07
B08CR5TBB4,2025-07-14
B08CR5TBB4,2025-07-21
B08CR5TBB4,2025-07-28
B08CR5TBB4,2025-08-04
B08CR5TBB4,2025-08-11
B08CR5TBB4,2025-08-18
B08CR5TBB4,2025-08-25
B08CR5TBB4,2025-09-01
B08CR5TBB4,2025-09-08
B08CR5TBB4,2025-09-15
B08CR5TBB4,2025-09-22
B08CR5TBB4,2025-09-29
B08CR5TBB4,2025-10-06
B08CR5TBB4,2025-10-13
B08CR5TBB4,2025-10-20
B08CR5TBB4,2025-10-27
B08CR5TBB4,2025-11-03
B08CR5TBB4,2025-11-10
B08CR5TBB4,2025-11-17
B08CR5TBB4,2025-11-24
B08CR5TBB4,2025-12-01
B08CR5TBB4,2025-12-08
B08CR5TBB4,2025-12-15
B08CR5TBB4,2025-12-22
B08CR5TBB4,2025-12-29
B08CR5TBB4,2026-01-05
B08CR5TBB4,2026-01-12
B08CR5TBB4,2026-01-19
B08CR5TBB4,2026-01-26
B08CR5TBB4,2026-02-02
B08CR5TBB4,2026-02-09
B08CR5TBB4,2026-02-16
B08CR5TBB4,2026-02-23
B08CR5TBB4,2026-03-02
B08CR5TBB4,2026-03-09
B08CR5TBB4,2026-03-16
B08CR5TBB4,2026-03-23
B08CR5TBB4,2026-03-30
B08CR5TBB4,2025-03-03
B08CR5TBB4,2025-03-10
B08CR5TBB4,2025-03-17
B08CR5TBB4,2025-03-24
B08CR5TBB4,2025-03-31
B08CR5TBB4,2025-04-07
B08CR5TBB4,2025-04-14
B08CR5TBB4,2025-04-21
B08CR5TBB4,2025-04-28
B08CR5TBB4,2025-05-05
B08CR5TBB4,2025-05-12
B08CR5TBB4,2025-05-19
B08CR5TBB4,2025-05-26
B08CR5TBB4,2025-06-02
B08CR5TBB4,2025-06-09
B08CR5TBB4,2025-06-16
B08CR5TBB4,2025-06-23
B08CR5TBB4,2025-06-30
B08CR5TBB4,2025-07-07
B08CR5TBB4,2025-07-14
B08CR5TBB4,2025-07-21
B08CR5TBB4,2025-07-28
B08CR5TBB4,2025-08-04
B08CR5TBB4,2025-08-11
B08CR5TBB4,2025-08-18
B08CR5TBB4,2025-08-25
B08CR5TBB4,2025-09-01
B08CR5TBB4,2025-09-08
B08CR5TBB4,2025-09-15
B08CR5TBB4,2025-09-22
B08CR5TBB4,2025-09-29
B08CR5TBB4,2025-10-06
B08CR5TBB4,2025-10-13
B08CR5TBB4,2025-10-20
B08CR5TBB4,2025-10-27
B08CR5TBB4,2025-11-03
B08CR5TBB4,2025-11-10
B08CR5TBB4,2025-11-17
B08CR5TBB4,2025-11-24
B08CR5TBB4,2025-12-01
B08CR5TBB4,2025-12-08
B08CR5TBB4,2025-12-15
B08CR5TBB4,2025-12-22
B08CR5TBB4,2025-12-29
B08CR5TBB4,2026-01-05
B08CR5TBB4,2026-01-12
B08CR5TBB4,2026-01-19
B08CR5TBB4,2026-01-26
B08CR5TBB4,2026-02-02
B08CR5TBB4,2026-02-09
B08CR5TBB4,2026-02-16
B08CR5TBB4,2026-02-23
B08CR5TBB4,2026-03-02
B08CR5TBB4,2026-03-09
B08CR5TBB4,2026-03-16
B08CR5TBB4,2026-03-23
B08CR5TBB4,2026-03-30
B08CSJQ4P8,2025-03-03
B08CSJQ4P8,2025-03-10
B08CSJQ4P8,2025-03-17
B08CSJQ4P8,2025-03-24
B08CSJQ4P8,2025-03-31
B08CSJQ4P8,2025-04-07
B08CSJQ4P8,2025-04-14
B08CSJQ4P8,2025-04-21
B08CSJQ4P8,2025-04-28
B08CSJQ4P8,2025-05-05
B08CSJQ4P8,2025-05-12
B08CSJQ4P8,2025-05-19
B08CSJQ4P8,2025-05-26
B08CSJQ4P8,2025-06-02
B08CSJQ4P8,2025-06-09
B08CSJQ4P8,2025-06-16
B08CSJQ4P8,2025-06-23
B08CSJQ4P8,2025-06-30
B08CSJQ4P8,2025-07-07
B08CSJQ4P8,2025-07-14
B08CSJQ4P8,2025-07-21
B08CSJQ4P8,2025-07-28
B08CSJQ4P8,2025-08-04
B08CSJQ4P8,2025-08-11
B08CSJQ4P8,2025-08-18
B08CSJQ4P8,2025-08-25
B08CSJQ4P8,2025-09-01
B08CSJQ4P8,2025-09-08
B08CSJQ4P8,2025-09-15
B08CSJQ4P8,2025-09-22
B08CSJQ4P8,2025-09-29
B08CSJQ4P8,2025-10-06
B08CSJQ4P8,2025-10-13
B08CSJQ4P8,2025-10-20
B08CSJQ4P8,2025-10-27
B08CSJQ4P8,2025-11-03
B08CSJQ4P8,2025-11-10
B08CSJQ4P8,2025-11-17
B08CSJQ4P8,2025-11-24
B08CSJQ4P8,2025-12-01
B08CSJQ4P8,2025-12-08
B08CSJQ4P8,2025-12-15
B08CSJQ4P8,2025-12-22
B08CSJQ4P8,2025-12-29
B08CSJQ4P8,2026-01-05
B08CSJQ4P8,2026-01-12
B08CSJQ4P8,2026-01-19
B08CSJQ4P8,2026-01-26
B08CSJQ4P8,2026-02-02
B08CSJQ4P8,2026-02-09
B08CSJQ4P8,2026-02-16
B08CSJQ4P8,2026-02-23
B08CSJQ4P8,2026-03-02
B08CSJQ4P8,2026-03-09
B08CSJQ4P8,2026-03-16
B08CSJQ4P8,2026-03-23
B08CSJQ4P8,2026-03-30
B08CSJQ4P8,2025-03-03
B08CSJQ4P8,2025-03-10
B08CSJQ4P8,2025-03-17
B08CSJQ4P8,2025-03-24
B08CSJQ4P8,2025-03-31
B08CSJQ4P8,2025-04-07
B08CSJQ4P8,2025-04-14
B08CSJQ4P8,2025-04-21
B08CSJQ4P8,2025-04-28
B08CSJQ4P8,2025-05-05
B08CSJQ4P8,2025-05-12
B08CSJQ4P8,2025-05-19
B08CSJQ4P8,2025-05-26
B08CSJQ4P8,2025-06-02
B08CSJQ4P8,2025-06-09
B08CSJQ4P8,2025-06-16
B08CSJQ4P8,2025-06-23
B08CSJQ4P8,2025-06-30
B08CSJQ4P8,2025-07-07
B08CSJQ4P8,2025-07-14
B08CSJQ4P8,2025-07-21
B08CSJQ4P8,2025-07-28
B08CSJQ4P8,2025-08-04
B08CSJQ4P8,2025-08-11
B08CSJQ4P8,2025-08-18
B08CSJQ4P8,2025-08-25
B08CSJQ4P8,2025-09-01
B08CSJQ4P8,2025-09-08
B08CSJQ4P8,2025-09-15
B08CSJQ4P8,2025-09-22
B08CSJQ4P8,2025-09-29
B08CSJQ4P8,2025-10-06
B08CSJQ4P8,2025-10-13
B08CSJQ4P8,2025-10-20
B08CSJQ4P8,2025-10-27
B08CSJQ4P8,2025-11-03
B08CSJQ4P8,2025-11-10
B08CSJQ4P8,2025-11-17
B08CSJQ4P8,2025-11-24
B08CSJQ4P8,2025-12-01
B08CSJQ4P8,2025-12-08
B08CSJQ4P8,2025-12-15
B08CSJQ4P8,2025-12-22
B08CSJQ4P8,2025-12-29
B08CSJQ4P8,2026-01-05
B08CSJQ4P8,2026-01-12
B08CSJQ4P8,2026-01-19
B08CSJQ4P8,2026-01-26
B08CSJQ4P8,2026-02-02
B08CSJQ4P8,2026-02-09
B08CSJQ4P8,2026-02-16
B08CSJQ4P8,2026-02-23
B08CSJQ4P8,2026-03-02
B08CSJQ4P8,2026-03-09
B08CSJQ4P8,2026-03-16
B08CSJQ4P8,2026-03-23
B08CSJQ4P8,2026-03-30
B08FF3GQ2K,2025-03-03
B08FF3GQ2K,2025-03-10
B08FF3GQ2K,2025-03-17
B08FF3GQ2K,2025-03-24
B08FF3GQ2K,2025-03-31
B08FF3GQ2K,2025-04-07
B08FF3GQ2K,2025-04-14
B08FF3GQ2K,2025-04-21
B08FF3GQ2K,2025-04-28
B08FF3GQ2K,2025-05-05
B08FF3GQ2K,2025-05-12
B08FF3GQ2K,2025-05-19
B08FF3GQ2K,2025-05-26
B08FF3GQ2K,2025-06-02
B08FF3GQ2K,2025-06-09
B08FF3GQ2K,2025-06-16
B08FF3GQ2K,2025-06-23
B08FF3GQ2K,2025-06-30
B08FF3GQ2K,2025-07-07
B08FF3GQ2K,2025-07-14
B08FF3GQ2K,2025-07-21
B08FF3GQ2K,2025-07-28
B08FF3GQ2K,2025-08-04
B08FF3GQ2K,2025-08-11
B08FF3GQ2K,2025-08-18
B08FF3GQ2K,2025-08-25
B08FF3GQ2K,2025-09-01
B08FF3GQ2K,2025-09-08
B08FF3GQ2K,2025-09-15
B08FF3GQ2K,2025-09-22
B08FF3GQ2K,2025-09-29
B08FF3GQ2K,2025-10-06
B08FF3GQ2K,2025-10-13
B08FF3GQ2K,2025-10-20
B08FF3GQ2K,2025-10-27
B08FF3GQ2K,2025-11-03
B08FF3GQ2K,2025-11-10
B08FF3GQ2K,2025-11-17
B08FF3GQ2K,2025-11-24
B08FF3GQ2K,2025-12-01
B08FF3GQ2K,2025-12-08
B08FF3GQ2K,2025-12-15
B08FF3GQ2K,2025-12-22
B08FF3GQ2K,2025-12-29
B08FF3GQ2K,2026-01-05
B08FF3GQ2K,2026-01-12
B08FF3GQ2K,2026-01-19
B08FF3GQ2K,2026-01-26
B08FF3GQ2K,2026-02-02
B08FF3GQ2K,2026-02-09
B08FF3GQ2K,2026-02-16
B08FF3GQ2K,2026-02-23
B08FF3GQ2K,2026-03-02
B08FF3GQ2K,2026-03-09
B08FF3GQ2K,2026-03-16
B08FF3GQ2K,2026-03-23
B08FF3GQ2K,2026-03-30
B08FF3GQ2K,2025-03-03
B08FF3GQ2K,2025-03-10
B08FF3GQ2K,2025-03-17
B08FF3GQ2K,2025-03-24
B08FF3GQ2K,2025-03-31
B08FF3GQ2K,2025-04-07
B08FF3GQ2K,2025-04-14
B08FF3GQ2K,2025-04-21
B08FF3GQ2K,2025-04-28
B08FF3GQ2K,2025-05-05
B08FF3GQ2K,2025-05-12
B08FF3GQ2K,2025-05-19
B08FF3GQ2K,2025-05-26
B08FF3GQ2K,2025-06-02
B08FF3GQ2K,2025-06-09
B08FF3GQ2K,2025-06-16
B08FF3GQ2K,2025-06-23
B08FF3GQ2K,2025-06-30
B08FF3GQ2K,2025-07-07
B08FF3GQ2K,2025-07-14
B08FF3GQ2K,2025-07-21
B08FF3GQ2K,2025-07-28
B08FF3GQ2K,2025-08-04
B08FF3GQ2K,2025-08-11
B08FF3GQ2K,2025-08-18
B08FF3GQ2K,2025-08-25
B08FF3GQ2K,2025-09-01
B08FF3GQ2K,2025-09-08
B08FF3GQ2K,2025-09-15
B08FF3GQ2K,2025-09-22
B08FF3GQ2K,2025-09-29
B08FF3GQ2K,2025-10-06
B08FF3GQ2K,2025-10-13
B08FF3GQ2K,2025-10-20
B08FF3GQ2K,2025-10-27
B08FF3GQ2K,2025-11-03
B08FF3GQ2K,2025-11-10
B08FF3GQ2K,2025-11-17
B08FF3GQ2K,2025-11-24
B08FF3GQ2K,2025-12-01
B08FF3GQ2K,2025-12-08
B08FF3GQ2K,2025-12-15
B08FF3GQ2K,2025-12-22
B08FF3GQ2K,2025-12-29
B08FF3GQ2K,2026-01-05
B08FF3GQ2K,2026-01-12
B08FF3GQ2K,2026-01-19
B08FF3GQ2K,2026-01-26
B08FF3GQ2K,2026-02-02
B08FF3GQ2K,2026-02-09
B08FF3GQ2K,2026-02-16
B08FF3GQ2K,2026-02-23
B08FF3GQ2K,2026-03-02
B08FF3GQ2K,2026-03-09
B08FF3GQ2K,2026-03-16
B08FF3GQ2K,2026-03-23
B08FF3GQ2K,2026-03-30
B08FVFVHCK,2025-03-03
B08FVFVHCK,2025-03-10
B08FVFVHCK,2025-03-17
B08FVFVHCK,2025-03-24
B08FVFVHCK,2025-03-31
B08FVFVHCK,2025-04-07
B08FVFVHCK,2025-04-14
B08FVFVHCK,2025-04-21
B08FVFVHCK,2025-04-28
B08FVFVHCK,2025-05-05
B08FVFVHCK,2025-05-12
B08FVFVHCK,2025-05-19
B08FVFVHCK,2025-05-26
B08FVFVHCK,2025-06-02
B08FVFVHCK,2025-06-09
B08FVFVHCK,2025-06-16
B08FVFVHCK,2025-06-23
B08FVFVHCK,2025-06-30
B08FVFVHCK,2025-07-07
B08FVFVHCK,2025-07-14
B08FVFVHCK,2025-07-21
B08FVFVHCK,2025-07-28
B08FVFVHCK,2025-08-04
B08FVFVHCK,2025-08-11
B08FVFVHCK,2025-08-18
B08FVFVHCK,2025-08-25
B08FVFVHCK,2025-09-01
B08FVFVHCK,2025-09-08
B08FVFVHCK,2025-09-15
B08FVFVHCK,2025-09-22
B08FVFVHCK,2025-09-29
B08FVFVHCK,2025-10-06
B08FVFVHCK,2025-10-13
B08FVFVHCK,2025-10-20
B08FVFVHCK,2025-10-27
B08FVFVHCK,2025-11-03
B08FVFVHCK,2025-11-10
B08FVFVHCK,2025-11-17
B08FVFVHCK,2025-11-24
B08FVFVHCK,2025-12-01
B08FVFVHCK,2025-12-08
B08FVFVHCK,2025-12-15
B08FVFVHCK,2025-12-22
B08FVFVHCK,2025-12-29
B08FVFVHCK,2026-01-05
B08FVFVHCK,2026-01-12
B08FVFVHCK,2026-01-19
B08FVFVHCK,2026-01-26
B08FVFVHCK,2026-02-02
B08FVFVHCK,2026-02-09
B08FVFVHCK,2026-02-16
B08FVFVHCK,2026-02-23
B08FVFVHCK,2026-03-02
B08FVFVHCK,2026-03-09
B08FVFVHCK,2026-03-16
B08FVFVHCK,2026-03-23
B08FVFVHCK,2026-03-30
B08FVFVHCK,2025-03-03
B08FVFVHCK,2025-03-10
B08FVFVHCK,2025-03-17
B08FVFVHCK,2025-03-24
B08FVFVHCK,2025-03-31
B08FVFVHCK,2025-04-07
B08FVFVHCK,2025-04-14
B08FVFVHCK,2025-04-21
B08FVFVHCK,2025-04-28
B08FVFVHCK,2025-05-05
B08FVFVHCK,2025-05-12
B08FVFVHCK,2025-05-19
B08FVFVHCK,2025-05-26
B08FVFVHCK,2025-06-02
B08FVFVHCK,2025-06-09
B08FVFVHCK,2025-06-16
B08FVFVHCK,2025-06-23
B08FVFVHCK,2025-06-30
B08FVFVHCK,2025-07-07
B08FVFVHCK,2025-07-14
B08FVFVHCK,2025-07-21
B08FVFVHCK,2025-07-28
B08FVFVHCK,2025-08-04
B08FVFVHCK,2025-08-11
B08FVFVHCK,2025-08-18
B08FVFVHCK,2025-08-25
B08FVFVHCK,2025-09-01
B08FVFVHCK,2025-09-08
B08FVFVHCK,2025-09-15
B08FVFVHCK,2025-09-22
B08FVFVHCK,2025-09-29
B08FVFVHCK,2025-10-06
B08FVFVHCK,2025-10-13
B08FVFVHCK,2025-10-20
B08FVFVHCK,2025-10-27
B08FVFVHCK,2025-11-03
B08FVFVHCK,2025-11-10
B08FVFVHCK,2025-11-17
B08FVFVHCK,2025-11-24
B08FVFVHCK,2025-12-01
B08FVFVHCK,2025-12-08
B08FVFVHCK,2025-12-15
B08FVFVHCK,2025-12-22
B08FVFVHCK,2025-12-29
B08FVFVHCK,2026-01-05
B08FVFVHCK,2026-01-12
B08FVFVHCK,2026-01-19
B08FVFVHCK,2026-01-26
B08FVFVHCK,2026-02-02
B08FVFVHCK,2026-02-09
B08FVFVHCK,2026-02-16
B08FVFVHCK,2026-02-23
B08FVFVHCK,2026-03-02
B08FVFVHCK,2026-03-09
B08FVFVHCK,2026-03-16
B08FVFVHCK,2026-03-23
B08FVFVHCK,2026-03-30
B08KSHF97S,2025-03-03
B08KSHF97S,2025-03-10
B08KSHF97S,2025-03-17
B08KSHF97S,2025-03-24
B08KSHF97S,2025-03-31
B08KSHF97S,2025-04-07
B08KSHF97S,2025-04-14
B08KSHF97S,2025-04-21
B08KSHF97S,2025-04-28
B08KSHF97S,2025-05-05
B08KSHF97S,2025-05-12
B08KSHF97S,2025-05-19
B08KSHF97S,2025-05-26
B08KSHF97S,2025-06-02
B08KSHF97S,2025-06-09
B08KSHF97S,2025-06-16
B08KSHF97S,2025-06-23
B08KSHF97S,2025-06-30
B08KSHF97S,2025-07-07
B08KSHF97S,2025-07-14
B08KSHF97S,2025-07-21
B08KSHF97S,2025-07-28
B08KSHF97S,2025-08-04
B08KSHF97S,2025-08-11
B08KSHF97S,2025-08-18
B08KSHF97S,2025-08-25
B08KSHF97S,2025-09-01
B08KSHF97S,2025-09-08
B08KSHF97S,2025-09-15
B08KSHF97S,2025-09-22
B08KSHF97S,2025-09-29
B08KSHF97S,2025-10-06
B08KSHF97S,2025-10-13
B08KSHF97S,2025-10-20
B08KSHF97S,2025-10-27
B08KSHF97S,2025-11-03
B08KSHF97S,2025-11-10
B08KSHF97S,2025-11-17
B08KSHF97S,2025-11-24
B08KSHF97S,2025-12-01
B08KSHF97S,2025-12-08
B08KSHF97S,2025-12-15
B08KSHF97S,2025-12-22
B08KSHF97S,2025-12-29
B08KSHF97S,2026-01-05
B08KSHF97S,2026-01-12
B08KSHF97S,2026-01-19
B08KSHF97S,2026-01-26
B08KSHF97S,2026-02-02
B08KSHF97S,2026-02-09
B08KSHF97S,2026-02-16
B08KSHF97S,2026-02-23
B08KSHF97S,2026-03-02
B08KSHF97S,2026-03-09
B08KSHF97S,2026-03-16
B08KSHF97S,2026-03-23
B08KSHF97S,2026-03-30
B08KSHF97S,2025-03-03
B08KSHF97S,2025-03-10
B08KSHF97S,2025-03-17
B08KSHF97S,2025-03-24
B08KSHF97S,2025-03-31
B08KSHF97S,2025-04-07
B08KSHF97S,2025-04-14
B08KSHF97S,2025-04-21
B08KSHF97S,2025-04-28
B08KSHF97S,2025-05-05
B08KSHF97S,2025-05-12
B08KSHF97S,2025-05-19
B08KSHF97S,2025-05-26
B08KSHF97S,2025-06-02
B08KSHF97S,2025-06-09
B08KSHF97S,2025-06-16
B08KSHF97S,2025-06-23
B08KSHF97S,2025-06-30
B08KSHF97S,2025-07-07
B08KSHF97S,2025-07-14
B08KSHF97S,2025-07-21
B08KSHF97S,2025-07-28
B08KSHF97S,2025-08-04
B08KSHF97S,2025-08-11
B08KSHF97S,2025-08-18
B08KSHF97S,2025-08-25
B08KSHF97S,2025-09-01
B08KSHF97S,2025-09-08
B08KSHF97S,2025-09-15
B08KSHF97S,2025-09-22
B08KSHF97S,2025-09-29
B08KSHF97S,2025-10-06
B08KSHF97S,2025-10-13
B08KSHF97S,2025-10-20
B08KSHF97S,2025-10-27
B08KSHF97S,2025-11-03
B08KSHF97S,2025-11-10
B08KSHF97S,2025-11-17
B08KSHF97S,2025-11-24
B08KSHF97S,2025-12-01
B08KSHF97S,2025-12-08
B08KSHF97S,2025-12-15
B08KSHF97S,2025-12-22
B08KSHF97S,2025-12-29
B08KSHF97S,2026-01-05
B08KSHF97S,2026-01-12
B08KSHF97S,2026-01-19
B08KSHF97S,2026-01-26
B08KSHF97S,2026-02-02
B08KSHF97S,2026-02-09
B08KSHF97S,2026-02-16
B08KSHF97S,2026-02-23
B08KSHF97S,2026-03-02
B08KSHF97S,2026-03-09
B08KSHF97S,2026-03-16
B08KSHF97S,2026-03-23
B08KSHF97S,2026-03-30
B08KTQJS16,2025-03-03
B08KTQJS16,2025-03-10
B08KTQJS16,2025-03-17
B08KTQJS16,2025-03-24
B08KTQJS16,2025-03-31
B08KTQJS16,2025-04-07
B08KTQJS16,2025-04-14
B08KTQJS16,2025-04-21
B08KTQJS16,2025-04-28
B08KTQJS16,2025-05-05
B08KTQJS16,2025-05-12
B08KTQJS16,2025-05-19
B08KTQJS16,2025-05-26
B08KTQJS16,2025-06-02
B08KTQJS16,2025-06-09
B08KTQJS16,2025-06-16
B08KTQJS16,2025-06-23
B08KTQJS16,2025-06-30
B08KTQJS16,2025-07-07
B08KTQJS16,2025-07-14
B08KTQJS16,2025-07-21
B08KTQJS16,2025-07-28
B08KTQJS16,2025-08-04
B08KTQJS16,2025-08-11
B08KTQJS16,2025-08-18
B08KTQJS16,2025-08-25
B08KTQJS16,2025-09-01
B08KTQJS16,2025-09-08
B08KTQJS16,2025-09-15
B08KTQJS16,2025-09-22
B08KTQJS16,2025-09-29
B08KTQJS16,2025-10-06
B08KTQJS16,2025-10-13
B08KTQJS16,2025-10-20
B08KTQJS16,2025-10-27
B08KTQJS16,2025-11-03
B08KTQJS16,2025-11-10
B08KTQJS16,2025-11-17
B08KTQJS16,2025-11-24
B08KTQJS16,2025-12-01
B08KTQJS16,2025-12-08
B08KTQJS16,2025-12-15
B08KTQJS16,2025-12-22
B08KTQJS16,2025-12-29
B08KTQJS16,2026-01-05
B08KTQJS16,2026-01-12
B08KTQJS16,2026-01-19
B08KTQJS16,2026-01-26
B08KTQJS16,2026-02-02
B08KTQJS16,2026-02-09
B08KTQJS16,2026-02-16
B08KTQJS16,2026-02-23
B08KTQJS16,2026-03-02
B08KTQJS16,2026-03-09
B08KTQJS16,2026-03-16
B08KTQJS16,2026-03-23
B08KTQJS16,2026-03-30
B08KTQJS16,2025-03-03
B08KTQJS16,2025-03-10
B08KTQJS16,2025-03-17
B08KTQJS16,2025-03-24
B08KTQJS16,2025-03-31
B08KTQJS16,2025-04-07
B08KTQJS16,2025-04-14
B08KTQJS16,2025-04-21
B08KTQJS16,2025-04-28
B08KTQJS16,2025-05-05
B08KTQJS16,2025-05-12
B08KTQJS16,2025-05-19
B08KTQJS16,2025-05-26
B08KTQJS16,2025-06-02
B08KTQJS16,2025-06-09
B08KTQJS16,2025-06-16
B08KTQJS16,2025-06-23
B08KTQJS16,2025-06-30
B08KTQJS16,2025-07-07
B08KTQJS16,2025-07-14
B08KTQJS16,2025-07-21
B08KTQJS16,2025-07-28
B08KTQJS16,2025-08-04
B08KTQJS16,2025-08-11
B08KTQJS16,2025-08-18
B08KTQJS16,2025-08-25
B08KTQJS16,2025-09-01
B08KTQJS16,2025-09-08
B08KTQJS16,2025-09-15
B08KTQJS16,2025-09-22
B08KTQJS16,2025-09-29
B08KTQJS16,2025-10-06
B08KTQJS16,2025-10-13
B08KTQJS16,2025-10-20
B08KTQJS16,2025-10-27
B08KTQJS16,2025-11-03
B08KTQJS16,2025-11-10
B08KTQJS16,2025-11-17
B08KTQJS16,2025-11-24
B08KTQJS16,2025-12-01
B08KTQJS16,2025-12-08
B08KTQJS16,2025-12-15
B08KTQJS16,2025-12-22
B08KTQJS16,2025-12-29
B08KTQJS16,2026-01-05
B08KTQJS16,2026-01-12
B08KTQJS16,2026-01-19
B08KTQJS16,2026-01-26
B08KTQJS16,2026-02-02
B08KTQJS16,2026-02-09
B08KTQJS16,2026-02-16
B08KTQJS16,2026-02-23
B08KTQJS16,2026-03-02
B08KTQJS16,2026-03-09
B08KTQJS16,2026-03-16
B08KTQJS16,2026-03-23
B08KTQJS16,2026-03-30
B08LDJRYJG,2025-03-03
B08LDJRYJG,2025-03-10
B08LDJRYJG,2025-03-17
B08LDJRYJG,2025-03-24
B08LDJRYJG,2025-03-31
B08LDJRYJG,2025-04-07
B08LDJRYJG,2025-04-14
B08LDJRYJG,2025-04-21
B08LDJRYJG,2025-04-28
B08LDJRYJG,2025-05-05
B08LDJRYJG,2025-05-12
B08LDJRYJG,2025-05-19
B08LDJRYJG,2025-05-26
B08LDJRYJG,2025-06-02
B08LDJRYJG,2025-06-09
B08LDJRYJG,2025-06-16
B08LDJRYJG,2025-06-23
B08LDJRYJG,2025-06-30
B08LDJRYJG,2025-07-07
B08LDJRYJG,2025-07-14
B08LDJRYJG,2025-07-21
B08LDJRYJG,2025-07-28
B08LDJRYJG,2025-08-04
B08LDJRYJG,2025-08-11
B08LDJRYJG,2025-08-18
B08LDJRYJG,2025-08-25
B08LDJRYJG,2025-09-01
B08LDJRYJG,2025-09-08
B08LDJRYJG,2025-09-15
B08LDJRYJG,2025-09-22
B08LDJRYJG,2025-09-29
B08LDJRYJG,2025-10-06
B08LDJRYJG,2025-10-13
B08LDJRYJG,2025-10-20
B08LDJRYJG,2025-10-27
B08LDJRYJG,2025-11-03
B08LDJRYJG,2025-11-10
B08LDJRYJG,2025-11-17
B08LDJRYJG,2025-11-24
B08LDJRYJG,2025-12-01
B08LDJRYJG,2025-12-08
B08LDJRYJG,2025-12-15
B08LDJRYJG,2025-12-22
B08LDJRYJG,2025-12-29
B08LDJRYJG,2026-01-05
B08LDJRYJG,2026-01-12
B08LDJRYJG,2026-01-19
B08LDJRYJG,2026-01-26
B08LDJRYJG,2026-02-02
B08LDJRYJG,2026-02-09
B08LDJRYJG,2026-02-16
B08LDJRYJG,2026-02-23
B08LDJRYJG,2026-03-02
B08LDJRYJG,2026-03-09
B08LDJRYJG,2026-03-16
B08LDJRYJG,2026-03-23
B08LDJRYJG,2026-03-30
B08LDJRYJG,2025-03-03
B08LDJRYJG,2025-03-10
B08LDJRYJG,2025-03-17
B08LDJRYJG,2025-03-24
B08LDJRYJG,2025-03-31
B08LDJRYJG,2025-04-07
B08LDJRYJG,2025-04-14
B08LDJRYJG,2025-04-21
B08LDJRYJG,2025-04-28
B08LDJRYJG,2025-05-05
B08LDJRYJG,2025-05-12
B08LDJRYJG,2025-05-19
B08LDJRYJG,2025-05-26
B08LDJRYJG,2025-06-02
B08LDJRYJG,2025-06-09
B08LDJRYJG,2025-06-16
B08LDJRYJG,2025-06-23
B08LDJRYJG,2025-06-30
B08LDJRYJG,2025-07-07
B08LDJRYJG,2025-07-14
B08LDJRYJG,2025-07-21
B08LDJRYJG,2025-07-28
B08LDJRYJG,2025-08-04
B08LDJRYJG,2025-08-11
B08LDJRYJG,2025-08-18
B08LDJRYJG,2025-08-25
B08LDJRYJG,2025-09-01
B08LDJRYJG,2025-09-08
B08LDJRYJG,2025-09-15
B08LDJRYJG,2025-09-22
B08LDJRYJG,2025-09-29
B08LDJRYJG,2025-10-06
B08LDJRYJG,2025-10-13
B08LDJRYJG,2025-10-20
B08LDJRYJG,2025-10-27
B08LDJRYJG,2025-11-03
B08LDJRYJG,2025-11-10
B08LDJRYJG,2025-11-17
B08LDJRYJG,2025-11-24
B08LDJRYJG,2025-12-01
B08LDJRYJG,2025-12-08
B08LDJRYJG,2025-12-15
B08LDJRYJG,2025-12-22
B08LDJRYJG,2025-12-29
B08LDJRYJG,2026-01-05
B08LDJRYJG,2026-01-12
B08LDJRYJG,2026-01-19
B08LDJRYJG,2026-01-26
B08LDJRYJG,2026-02-02
B08LDJRYJG,2026-02-09
B08LDJRYJG,2026-02-16
B08LDJRYJG,2026-02-23
B08LDJRYJG,2026-03-02
B08LDJRYJG,2026-03-09
B08LDJRYJG,2026-03-16
B08LDJRYJG,2026-03-23
B08LDJRYJG,2026-03-30
B08LDKQL54,2025-03-03
B08LDKQL54,2025-03-10
B08LDKQL54,2025-03-17
B08LDKQL54,2025-03-24
B08LDKQL54,2025-03-31
B08LDKQL54,2025-04-07
B08LDKQL54,2025-04-14
B08LDKQL54,2025-04-21
B08LDKQL54,2025-04-28
B08LDKQL54,2025-05-05
B08LDKQL54,2025-05-12
B08LDKQL54,2025-05-19
B08LDKQL54,2025-05-26
B08LDKQL54,2025-06-02
B08LDKQL54,2025-06-09
B08LDKQL54,2025-06-16
B08LDKQL54,2025-06-23
B08LDKQL54,2025-06-30
B08LDKQL54,2025-07-07
B08LDKQL54,2025-07-14
B08LDKQL54,2025-07-21
B08LDKQL54,2025-07-28
B08LDKQL54,2025-08-04
B08LDKQL54,2025-08-11
B08LDKQL54,2025-08-18
B08LDKQL54,2025-08-25
B08LDKQL54,2025-09-01
B08LDKQL54,2025-09-08
B08LDKQL54,2025-09-15
B08LDKQL54,2025-09-22
B08LDKQL54,2025-09-29
B08LDKQL54,2025-10-06
B08LDKQL54,2025-10-13
B08LDKQL54,2025-10-20
B08LDKQL54,2025-10-27
B08LDKQL54,2025-11-03
B08LDKQL54,2025-11-10
B08LDKQL54,2025-11-17
B08LDKQL54,2025-11-24
B08LDKQL54,2025-12-01
B08LDKQL54,2025-12-08
B08LDKQL54,2025-12-15
B08LDKQL54,2025-12-22
B08LDKQL54,2025-12-29
B08LDKQL54,2026-01-05
B08LDKQL54,2026-01-12
B08LDKQL54,2026-01-19
B08LDKQL54,2026-01-26
B08LDKQL54,2026-02-02
B08LDKQL54,2026-02-09
B08LDKQL54,2026-02-16
B08LDKQL54,2026-02-23
B08LDKQL54,2026-03-02
B08LDKQL54,2026-03-09
B08LDKQL54,2026-03-16
B08LDKQL54,2026-03-23
B08LDKQL54,2026-03-30
B08LDKQL54,2025-03-03
B08LDKQL54,2025-03-10
B08LDKQL54,2025-03-17
B08LDKQL54,2025-03-24
B08LDKQL54,2025-03-31
B08LDKQL54,2025-04-07
B08LDKQL54,2025-04-14
B08LDKQL54,2025-04-21
B08LDKQL54,2025-04-28
B08LDKQL54,2025-05-05
B08LDKQL54,2025-05-12
B08LDKQL54,2025-05-19
B08LDKQL54,2025-05-26
B08LDKQL54,2025-06-02
B08LDKQL54,2025-06-09
B08LDKQL54,2025-06-16
B08LDKQL54,2025-06-23
B08LDKQL54,2025-06-30
B08LDKQL54,2025-07-07
B08LDKQL54,2025-07-14
B08LDKQL54,2025-07-21
B08LDKQL54,2025-07-28
B08LDKQL54,2025-08-04
B08LDKQL54,2025-08-11
B08LDKQL54,2025-08-18
B08LDKQL54,2025-08-25
B08LDKQL54,2025-09-01
B08LDKQL54,2025-09-08
B08LDKQL54,2025-09-15
B08LDKQL54,2025-09-22
B08LDKQL54,2025-09-29
B08LDKQL54,2025-10-06
B08LDKQL54,2025-10-13
B08LDKQL54,2025-10-20
B08LDKQL54,2025-10-27
B08LDKQL54,2025-11-03
B08LDKQL54,2025-11-10
B08LDKQL54,2025-11-17
B08LDKQL54,2025-11-24
B08LDKQL54,2025-12-01
B08LDKQL54,2025-12-08
B08LDKQL54,2025-12-15
B08LDKQL54,2025-12-22
B08LDKQL54,2025-12-29
B08LDKQL54,2026-01-05
B08LDKQL54,2026-01-12
B08LDKQL54,2026-01-19
B08LDKQL54,2026-01-26
B08LDKQL54,2026-02-02
B08LDKQL54,2026-02-09
B08LDKQL54,2026-02-16
B08LDKQL54,2026-02-23
B08LDKQL54,2026-03-02
B08LDKQL54,2026-03-09
B08LDKQL54,2026-03-16
B08LDKQL54,2026-03-23
B08LDKQL54,2026-03-30
B08M43PR9S,2025-03-03
B08M43PR9S,2025-03-10
B08M43PR9S,2025-03-17
B08M43PR9S,2025-03-24
B08M43PR9S,2025-03-31
B08M43PR9S,2025-04-07
B08M43PR9S,2025-04-14
B08M43PR9S,2025-04-21
B08M43PR9S,2025-04-28
B08M43PR9S,2025-05-05
B08M43PR9S,2025-05-12
B08M43PR9S,2025-05-19
B08M43PR9S,2025-05-26
B08M43PR9S,2025-06-02
B08M43PR9S,2025-06-09
B08M43PR9S,2025-06-16
B08M43PR9S,2025-06-23
B08M43PR9S,2025-06-30
B08M43PR9S,2025-07-07
B08M43PR9S,2025-07-14
B08M43PR9S,2025-07-21
B08M43PR9S,2025-07-28
B08M43PR9S,2025-08-04
B08M43PR9S,2025-08-11
B08M43PR9S,2025-08-18
B08M43PR9S,2025-08-25
B08M43PR9S,2025-09-01
B08M43PR9S,2025-09-08
B08M43PR9S,2025-09-15
B08M43PR9S,2025-09-22
B08M43PR9S,2025-09-29
B08M43PR9S,2025-10-06
B08M43PR9S,2025-10-13
B08M43PR9S,2025-10-20
B08M43PR9S,2025-10-27
B08M43PR9S,2025-11-03
B08M43PR9S,2025-11-10
B08M43PR9S,2025-11-17
B08M43PR9S,2025-11-24
B08M43PR9S,2025-12-01
B08M43PR9S,2025-12-08
B08M43PR9S,2025-12-15
B08M43PR9S,2025-12-22
B08M43PR9S,2025-12-29
B08M43PR9S,2026-01-05
B08M43PR9S,2026-01-12
B08M43PR9S,2026-01-19
B08M43PR9S,2026-01-26
B08M43PR9S,2026-02-02
B08M43PR9S,2026-02-09
B08M43PR9S,2026-02-16
B08M43PR9S,2026-02-23
B08M43PR9S,2026-03-02
B08M43PR9S,2026-03-09
B08M43PR9S,2026-03-16
B08M43PR9S,2026-03-23
B08M43PR9S,2026-03-30
B08M43PR9S,2025-03-03
B08M43PR9S,2025-03-10
B08M43PR9S,2025-03-17
B08M43PR9S,2025-03-24
B08M43PR9S,2025-03-31
B08M43PR9S,2025-04-07
B08M43PR9S,2025-04-14
B08M43PR9S,2025-04-21
B08M43PR9S,2025-04-28
B08M43PR9S,2025-05-05
B08M43PR9S,2025-05-12
B08M43PR9S,2025-05-19
B08M43PR9S,2025-05-26
B08M43PR9S,2025-06-02
B08M43PR9S,2025-06-09
B08M43PR9S,2025-06-16
B08M43PR9S,2025-06-23
B08M43PR9S,2025-06-30
B08M43PR9S,2025-07-07
B08M43PR9S,2025-07-14
B08M43PR9S,2025-07-21
B08M43PR9S,2025-07-28
B08M43PR9S,2025-08-04
B08M43PR9S,2025-08-11
B08M43PR9S,2025-08-18
B08M43PR9S,2025-08-25
B08M43PR9S,2025-09-01
B08M43PR9S,2025-09-08
B08M43PR9S,2025-09-15
B08M43PR9S,2025-09-22
B08M43PR9S,2025-09-29
B08M43PR9S,2025-10-06
B08M43PR9S,2025-10-13
B08M43PR9S,2025-10-20
B08M43PR9S,2025-10-27
B08M43PR9S,2025-11-03
B08M43PR9S,2025-11-10
B08M43PR9S,2025-11-17
B08M43PR9S,2025-11-24
B08M43PR9S,2025-12-01
B08M43PR9S,2025-12-08
B08M43PR9S,2025-12-15
B08M43PR9S,2025-12-22
B08M43PR9S,2025-12-29
B08M43PR9S,2026-01-05
B08M43PR9S,2026-01-12
B08M43PR9S,2026-01-19
B08M43PR9S,2026-01-26
B08M43PR9S,2026-02-02
B08M43PR9S,2026-02-09
B08M43PR9S,2026-02-16
B08M43PR9S,2026-02-23
B08M43PR9S,2026-03-02
B08M43PR9S,2026-03-09
B08M43PR9S,2026-03-16
B08M43PR9S,2026-03-23
B08M43PR9S,2026-03-30
B08MHQ3WCD,2025-03-03
B08MHQ3WCD,2025-03-10
B08MHQ3WCD,2025-03-17
B08MHQ3WCD,2025-03-24
B08MHQ3WCD,2025-03-31
B08MHQ3WCD,2025-04-07
B08MHQ3WCD,2025-04-14
B08MHQ3WCD,2025-04-21
B08MHQ3WCD,2025-04-28
B08MHQ3WCD,2025-05-05
B08MHQ3WCD,2025-05-12
B08MHQ3WCD,2025-05-19
B08MHQ3WCD,2025-05-26
B08MHQ3WCD,2025-06-02
B08MHQ3WCD,2025-06-09
B08MHQ3WCD,2025-06-16
B08MHQ3WCD,2025-06-23
B08MHQ3WCD,2025-06-30
B08MHQ3WCD,2025-07-07
B08MHQ3WCD,2025-07-14
B08MHQ3WCD,2025-07-21
B08MHQ3WCD,2025-07-28
B08MHQ3WCD,2025-08-04
B08MHQ3WCD,2025-08-11
B08MHQ3WCD,2025-08-18
B08MHQ3WCD,2025-08-25
B08MHQ3WCD,2025-09-01
B08MHQ3WCD,2025-09-08
B08MHQ3WCD,2025-09-15
B08MHQ3WCD,2025-09-22
B08MHQ3WCD,2025-09-29
B08MHQ3WCD,2025-10-06
B08MHQ3WCD,2025-10-13
B08MHQ3WCD,2025-10-20
B08MHQ3WCD,2025-10-27
B08MHQ3WCD,2025-11-03
B08MHQ3WCD,2025-11-10
B08MHQ3WCD,2025-11-17
B08MHQ3WCD,2025-11-24
B08MHQ3WCD,2025-12-01
B08MHQ3WCD,2025-12-08
B08MHQ3WCD,2025-12-15
B08MHQ3WCD,2025-12-22
B08MHQ3WCD,2025-12-29
B08MHQ3WCD,2026-01-05
B08MHQ3WCD,2026-01-12
B08MHQ3WCD,2026-01-19
B08MHQ3WCD,2026-01-26
B08MHQ3WCD,2026-02-02
B08MHQ3WCD,2026-02-09
B08MHQ3WCD,2026-02-16
B08MHQ3WCD,2026-02-23
B08MHQ3WCD,2026-03-02
B08MHQ3WCD,2026-03-09
B08MHQ3WCD,2026-03-16
B08MHQ3WCD,2026-03-23
B08MHQ3WCD,2026-03-30
B08MHQ3WCD,2025-03-03
B08MHQ3WCD,2025-03-10
B08MHQ3WCD,2025-03-17
B08MHQ3WCD,2025-03-24
B08MHQ3WCD,2025-03-31
B08MHQ3WCD,2025-04-07
B08MHQ3WCD,2025-04-14
B08MHQ3WCD,2025-04-21
B08MHQ3WCD,2025-04-28
B08MHQ3WCD,2025-05-05
B08MHQ3WCD,2025-05-12
B08MHQ3WCD,2025-05-19
B08MHQ3WCD,2025-05-26
B08MHQ3WCD,2025-06-02
B08MHQ3WCD,2025-06-09
B08MHQ3WCD,2025-06-16
B08MHQ3WCD,2025-06-23
B08MHQ3WCD,2025-06-30
B08MHQ3WCD,2025-07-07
B08MHQ3WCD,2025-07-14
B08MHQ3WCD,2025-07-21
B08MHQ3WCD,2025-07-28
B08MHQ3WCD,2025-08-04
B08MHQ3WCD,2025-08-11
B08MHQ3WCD,2025-08-18
B08MHQ3WCD,2025-08-25
B08MHQ3WCD,2025-09-01
B08MHQ3WCD,2025-09-08
B08MHQ3WCD,2025-09-15
B08MHQ3WCD,2025-09-22
B08MHQ3WCD,2025-09-29
B08MHQ3WCD,2025-10-06
B08MHQ3WCD,2025-10-13
B08MHQ3WCD,2025-10-20
B08MHQ3WCD,2025-10-27
B08MHQ3WCD,2025-11-03
B08MHQ3WCD,2025-11-10
B08MHQ3WCD,2025-11-17
B08MHQ3WCD,2025-11-24
B08MHQ3WCD,2025-12-01
B08MHQ3WCD,2025-12-08
B08MHQ3WCD,2025-12-15
B08MHQ3WCD,2025-12-22
B08MHQ3WCD,2025-12-29
B08MHQ3WCD,2026-01-05
B08MHQ3WCD,2026-01-12
B08MHQ3WCD,2026-01-19
B08MHQ3WCD,2026-01-26
B08MHQ3WCD,2026-02-02
B08MHQ3WCD,2026-02-09
B08MHQ3WCD,2026-02-16
B08MHQ3WCD,2026-02-23
B08MHQ3WCD,2026-03-02
B08MHQ3WCD,2026-03-09
B08MHQ3WCD,2026-03-16
B08MHQ3WCD,2026-03-23
B08MHQ3WCD,2026-03-30
B08NTL1FGM,2025-03-03
B08NTL1FGM,2025-03-10
B08NTL1FGM,2025-03-17
B08NTL1FGM,2025-03-24
B08NTL1FGM,2025-03-31
B08NTL1FGM,2025-04-07
B08NTL1FGM,2025-04-14
B08NTL1FGM,2025-04-21
B08NTL1FGM,2025-04-28
B08NTL1FGM,2025-05-05
B08NTL1FGM,2025-05-12
B08NTL1FGM,2025-05-19
B08NTL1FGM,2025-05-26
B08NTL1FGM,2025-06-02
B08NTL1FGM,2025-06-09
B08NTL1FGM,2025-06-16
B08NTL1FGM,2025-06-23
B08NTL1FGM,2025-06-30
B08NTL1FGM,2025-07-07
B08NTL1FGM,2025-07-14
B08NTL1FGM,2025-07-21
B08NTL1FGM,2025-07-28
B08NTL1FGM,2025-08-04
B08NTL1FGM,2025-08-11
B08NTL1FGM,2025-08-18
B08NTL1FGM,2025-08-25
B08NTL1FGM,2025-09-01
B08NTL1FGM,2025-09-08
B08NTL1FGM,2025-09-15
B08NTL1FGM,2025-09-22
B08NTL1FGM,2025-09-29
B08NTL1FGM,2025-10-06
B08NTL1FGM,2025-10-13
B08NTL1FGM,2025-10-20
B08NTL1FGM,2025-10-27
B08NTL1FGM,2025-11-03
B08NTL1FGM,2025-11-10
B08NTL1FGM,2025-11-17
B08NTL1FGM,2025-11-24
B08NTL1FGM,2025-12-01
B08NTL1FGM,2025-12-08
B08NTL1FGM,2025-12-15
B08NTL1FGM,2025-12-22
B08NTL1FGM,2025-12-29
B08NTL1FGM,2026-01-05
B08NTL1FGM,2026-01-12
B08NTL1FGM,2026-01-19
B08NTL1FGM,2026-01-26
B08NTL1FGM,2026-02-02
B08NTL1FGM,2026-02-09
B08NTL1FGM,2026-02-16
B08NTL1FGM,2026-02-23
B08NTL1FGM,2026-03-02
B08NTL1FGM,2026-03-09
B08NTL1FGM,2026-03-16
B08NTL1FGM,2026-03-23
B08NTL1FGM,2026-03-30
B08NTL1FGM,2025-03-03
B08NTL1FGM,2025-03-10
B08NTL1FGM,2025-03-17
B08NTL1FGM,2025-03-24
B08NTL1FGM,2025-03-31
B08NTL1FGM,2025-04-07
B08NTL1FGM,2025-04-14
B08NTL1FGM,2025-04-21
B08NTL1FGM,2025-04-28
B08NTL1FGM,2025-05-05
B08NTL1FGM,2025-05-12
B08NTL1FGM,2025-05-19
B08NTL1FGM,2025-05-26
B08NTL1FGM,2025-06-02
B08NTL1FGM,2025-06-09
B08NTL1FGM,2025-06-16
B08NTL1FGM,2025-06-23
B08NTL1FGM,2025-06-30
B08NTL1FGM,2025-07-07
B08NTL1FGM,2025-07-14
B08NTL1FGM,2025-07-21
B08NTL1FGM,2025-07-28
B08NTL1FGM,2025-08-04
B08NTL1FGM,2025-08-11
B08NTL1FGM,2025-08-18
B08NTL1FGM,2025-08-25
B08NTL1FGM,2025-09-01
B08NTL1FGM,2025-09-08
B08NTL1FGM,2025-09-15
B08NTL1FGM,2025-09-22
B08NTL1FGM,2025-09-29
B08NTL1FGM,2025-10-06
B08NTL1FGM,2025-10-13
B08NTL1FGM,2025-10-20
B08NTL1FGM,2025-10-27
B08NTL1FGM,2025-11-03
B08NTL1FGM,2025-11-10
B08NTL1FGM,2025-11-17
B08NTL1FGM,2025-11-24
B08NTL1FGM,2025-12-01
B08NTL1FGM,2025-12-08
B08NTL1FGM,2025-12-15
B08NTL1FGM,2025-12-22
B08NTL1FGM,2025-12-29
B08NTL1FGM,2026-01-05
B08NTL1FGM,2026-01-12
B08NTL1FGM,2026-01-19
B08NTL1FGM,2026-01-26
B08NTL1FGM,2026-02-02
B08NTL1FGM,2026-02-09
B08NTL1FGM,2026-02-16
B08NTL1FGM,2026-02-23
B08NTL1FGM,2026-03-02
B08NTL1FGM,2026-03-09
B08NTL1FGM,2026-03-16
B08NTL1FGM,2026-03-23
B08NTL1FGM,2026-03-30
B08PV6QNCM,2025-03-03
B08PV6QNCM,2025-03-10
B08PV6QNCM,2025-03-17
B08PV6QNCM,2025-03-24
B08PV6QNCM,2025-03-31
B08PV6QNCM,2025-04-07
B08PV6QNCM,2025-04-14
B08PV6QNCM,2025-04-21
B08PV6QNCM,2025-04-28
B08PV6QNCM,2025-05-05
B08PV6QNCM,2025-05-12
B08PV6QNCM,2025-05-19
B08PV6QNCM,2025-05-26
B08PV6QNCM,2025-06-02
B08PV6QNCM,2025-06-09
B08PV6QNCM,2025-06-16
B08PV6QNCM,2025-06-23
B08PV6QNCM,2025-06-30
B08PV6QNCM,2025-07-07
B08PV6QNCM,2025-07-14
B08PV6QNCM,2025-07-21
B08PV6QNCM,2025-07-28
B08PV6QNCM,2025-08-04
B08PV6QNCM,2025-08-11
B08PV6QNCM,2025-08-18
B08PV6QNCM,2025-08-25
B08PV6QNCM,2025-09-01
B08PV6QNCM,2025-09-08
B08PV6QNCM,2025-09-15
B08PV6QNCM,2025-09-22
B08PV6QNCM,2025-09-29
B08PV6QNCM,2025-10-06
B08PV6QNCM,2025-10-13
B08PV6QNCM,2025-10-20
B08PV6QNCM,2025-10-27
B08PV6QNCM,2025-11-03
B08PV6QNCM,2025-11-10
B08PV6QNCM,2025-11-17
B08PV6QNCM,2025-11-24
B08PV6QNCM,2025-12-01
B08PV6QNCM,2025-12-08
B08PV6QNCM,2025-12-15
B08PV6QNCM,2025-12-22
B08PV6QNCM,2025-12-29
B08PV6QNCM,2026-01-05
B08PV6QNCM,2026-01-12
B08PV6QNCM,2026-01-19
B08PV6QNCM,2026-01-26
B08PV6QNCM,2026-02-02
B08PV6QNCM,2026-02-09
B08PV6QNCM,2026-02-16
B08PV6QNCM,2026-02-23
B08PV6QNCM,2026-03-02
B08PV6QNCM,2026-03-09
B08PV6QNCM,2026-03-16
B08PV6QNCM,2026-03-23
B08PV6QNCM,2026-03-30
B08PV6QNCM,2025-03-03
B08PV6QNCM,2025-03-10
B08PV6QNCM,2025-03-17
B08PV6QNCM,2025-03-24
B08PV6QNCM,2025-03-31
B08PV6QNCM,2025-04-07
B08PV6QNCM,2025-04-14
B08PV6QNCM,2025-04-21
B08PV6QNCM,2025-04-28
B08PV6QNCM,2025-05-05
B08PV6QNCM,2025-05-12
B08PV6QNCM,2025-05-19
B08PV6QNCM,2025-05-26
B08PV6QNCM,2025-06-02
B08PV6QNCM,2025-06-09
B08PV6QNCM,2025-06-16
B08PV6QNCM,2025-06-23
B08PV6QNCM,2025-06-30
B08PV6QNCM,2025-07-07
B08PV6QNCM,2025-07-14
B08PV6QNCM,2025-07-21
B08PV6QNCM,2025-07-28
B08PV6QNCM,2025-08-04
B08PV6QNCM,2025-08-11
B08PV6QNCM,2025-08-18
B08PV6QNCM,2025-08-25
B08PV6QNCM,2025-09-01
B08PV6QNCM,2025-09-08
B08PV6QNCM,2025-09-15
B08PV6QNCM,2025-09-22
B08PV6QNCM,2025-09-29
B08PV6QNCM,2025-10-06
B08PV6QNCM,2025-10-13
B08PV6QNCM,2025-10-20
B08PV6QNCM,2025-10-27
B08PV6QNCM,2025-11-03
B08PV6QNCM,2025-11-10
B08PV6QNCM,2025-11-17
B08PV6QNCM,2025-11-24
B08PV6QNCM,2025-12-01
B08PV6QNCM,2025-12-08
B08PV6QNCM,2025-12-15
B08PV6QNCM,2025-12-22
B08PV6QNCM,2025-12-29
B08PV6QNCM,2026-01-05
B08PV6QNCM,2026-01-12
B08PV6QNCM,2026-01-19
B08PV6QNCM,2026-01-26
B08PV6QNCM,2026-02-02
B08PV6QNCM,2026-02-09
B08PV6QNCM,2026-02-16
B08PV6QNCM,2026-02-23
B08PV6QNCM,2026-03-02
B08PV6QNCM,2026-03-09
B08PV6QNCM,2026-03-16
B08PV6QNCM,2026-03-23
B08PV6QNCM,2026-03-30
B08R86TCY4,2025-03-03
B08R86TCY4,2025-03-10
B08R86TCY4,2025-03-17
B08R86TCY4,2025-03-24
B08R86TCY4,2025-03-31
B08R86TCY4,2025-04-07
B08R86TCY4,2025-04-14
B08R86TCY4,2025-04-21
B08R86TCY4,2025-04-28
B08R86TCY4,2025-05-05
B08R86TCY4,2025-05-12
B08R86TCY4,2025-05-19
B08R86TCY4,2025-05-26
B08R86TCY4,2025-06-02
B08R86TCY4,2025-06-09
B08R86TCY4,2025-06-16
B08R86TCY4,2025-06-23
B08R86TCY4,2025-06-30
B08R86TCY4,2025-07-07
B08R86TCY4,2025-07-14
B08R86TCY4,2025-07-21
B08R86TCY4,2025-07-28
B08R86TCY4,2025-08-04
B08R86TCY4,2025-08-11
B08R86TCY4,2025-08-18
B08R86TCY4,2025-08-25
B08R86TCY4,2025-09-01
B08R86TCY4,2025-09-08
B08R86TCY4,2025-09-15
B08R86TCY4,2025-09-22
B08R86TCY4,2025-09-29
B08R86TCY4,2025-10-06
B08R86TCY4,2025-10-13
B08R86TCY4,2025-10-20
B08R86TCY4,2025-10-27
B08R86TCY4,2025-11-03
B08R86TCY4,2025-11-10
B08R86TCY4,2025-11-17
B08R86TCY4,2025-11-24
B08R86TCY4,2025-12-01
B08R86TCY4,2025-12-08
B08R86TCY4,2025-12-15
B08R86TCY4,2025-12-22
B08R86TCY4,2025-12-29
B08R86TCY4,2026-01-05
B08R86TCY4,2026-01-12
B08R86TCY4,2026-01-19
B08R86TCY4,2026-01-26
B08R86TCY4,2026-02-02
B08R86TCY4,2026-02-09
B08R86TCY4,2026-02-16
B08R86TCY4,2026-02-23
B08R86TCY4,2026-03-02
B08R86TCY4,2026-03-09
B08R86TCY4,2026-03-16
B08R86TCY4,2026-03-23
B08R86TCY4,2026-03-30
B08R86TCY4,2025-03-03
B08R86TCY4,2025-03-10
B08R86TCY4,2025-03-17
B08R86TCY4,2025-03-24
B08R86TCY4,2025-03-31
B08R86TCY4,2025-04-07
B08R86TCY4,2025-04-14
B08R86TCY4,2025-04-21
B08R86TCY4,2025-04-28
B08R86TCY4,2025-05-05
B08R86TCY4,2025-05-12
B08R86TCY4,2025-05-19
B08R86TCY4,2025-05-26
B08R86TCY4,2025-06-02
B08R86TCY4,2025-06-09
B08R86TCY4,2025-06-16
B08R86TCY4,2025-06-23
B08R86TCY4,2025-06-30
B08R86TCY4,2025-07-07
B08R86TCY4,2025-07-14
B08R86TCY4,2025-07-21
B08R86TCY4,2025-07-28
B08R86TCY4,2025-08-04
B08R86TCY4,2025-08-11
B08R86TCY4,2025-08-18
B08R86TCY4,2025-08-25
B08R86TCY4,2025-09-01
B08R86TCY4,2025-09-08
B08R86TCY4,2025-09-15
B08R86TCY4,2025-09-22
B08R86TCY4,2025-09-29
B08R86TCY4,2025-10-06
B08R86TCY4,2025-10-13
B08R86TCY4,2025-10-20
B08R86TCY4,2025-10-27
B08R86TCY4,2025-11-03
B08R86TCY4,2025-11-10
B08R86TCY4,2025-11-17
B08R86TCY4,2025-11-24
B08R86TCY4,2025-12-01
B08R86TCY4,2025-12-08
B08R86TCY4,2025-12-15
B08R86TCY4,2025-12-22
B08R86TCY4,2025-12-29
B08R86TCY4,2026-01-05
B08R86TCY4,2026-01-12
B08R86TCY4,2026-01-19
B08R86TCY4,2026-01-26
B08R86TCY4,2026-02-02
B08R86TCY4,2026-02-09
B08R86TCY4,2026-02-16
B08R86TCY4,2026-02-23
B08R86TCY4,2026-03-02
B08R86TCY4,2026-03-09
B08R86TCY4,2026-03-16
B08R86TCY4,2026-03-23
B08R86TCY4,2026-03-30
B08RBLBMH7,2025-03-03
B08RBLBMH7,2025-03-10
B08RBLBMH7,2025-03-17
B08RBLBMH7,2025-03-24
B08RBLBMH7,2025-03-31
B08RBLBMH7,2025-04-07
B08RBLBMH7,2025-04-14
B08RBLBMH7,2025-04-21
B08RBLBMH7,2025-04-28
B08RBLBMH7,2025-05-05
B08RBLBMH7,2025-05-12
B08RBLBMH7,2025-05-19
B08RBLBMH7,2025-05-26
B08RBLBMH7,2025-06-02
B08RBLBMH7,2025-06-09
B08RBLBMH7,2025-06-16
B08RBLBMH7,2025-06-23
B08RBLBMH7,2025-06-30
B08RBLBMH7,2025-07-07
B08RBLBMH7,2025-07-14
B08RBLBMH7,2025-07-21
B08RBLBMH7,2025-07-28
B08RBLBMH7,2025-08-04
B08RBLBMH7,2025-08-11
B08RBLBMH7,2025-08-18
B08RBLBMH7,2025-08-25
B08RBLBMH7,2025-09-01
B08RBLBMH7,2025-09-08
B08RBLBMH7,2025-09-15
B08RBLBMH7,2025-09-22
B08RBLBMH7,2025-09-29
B08RBLBMH7,2025-10-06
B08RBLBMH7,2025-10-13
B08RBLBMH7,2025-10-20
B08RBLBMH7,2025-10-27
B08RBLBMH7,2025-11-03
B08RBLBMH7,2025-11-10
B08RBLBMH7,2025-11-17
B08RBLBMH7,2025-11-24
B08RBLBMH7,2025-12-01
B08RBLBMH7,2025-12-08
B08RBLBMH7,2025-12-15
B08RBLBMH7,2025-12-22
B08RBLBMH7,2025-12-29
B08RBLBMH7,2026-01-05
B08RBLBMH7,2026-01-12
B08RBLBMH7,2026-01-19
B08RBLBMH7,2026-01-26
B08RBLBMH7,2026-02-02
B08RBLBMH7,2026-02-09
B08RBLBMH7,2026-02-16
B08RBLBMH7,2026-02-23
B08RBLBMH7,2026-03-02
B08RBLBMH7,2026-03-09
B08RBLBMH7,2026-03-16
B08RBLBMH7,2026-03-23
B08RBLBMH7,2026-03-30
B08RBLBMH7,2025-03-03
B08RBLBMH7,2025-03-10
B08RBLBMH7,2025-03-17
B08RBLBMH7,2025-03-24
B08RBLBMH7,2025-03-31
B08RBLBMH7,2025-04-07
B08RBLBMH7,2025-04-14
B08RBLBMH7,2025-04-21
B08RBLBMH7,2025-04-28
B08RBLBMH7,2025-05-05
B08RBLBMH7,2025-05-12
B08RBLBMH7,2025-05-19
B08RBLBMH7,2025-05-26
B08RBLBMH7,2025-06-02
B08RBLBMH7,2025-06-09
B08RBLBMH7,2025-06-16
B08RBLBMH7,2025-06-23
B08RBLBMH7,2025-06-30
B08RBLBMH7,2025-07-07
B08RBLBMH7,2025-07-14
B08RBLBMH7,2025-07-21
B08RBLBMH7,2025-07-28
B08RBLBMH7,2025-08-04
B08RBLBMH7,2025-08-11
B08RBLBMH7,2025-08-18
B08RBLBMH7,2025-08-25
B08RBLBMH7,2025-09-01
B08RBLBMH7,2025-09-08
B08RBLBMH7,2025-09-15
B08RBLBMH7,2025-09-22
B08RBLBMH7,2025-09-29
B08RBLBMH7,2025-10-06
B08RBLBMH7,2025-10-13
B08RBLBMH7,2025-10-20
B08RBLBMH7,2025-10-27
B08RBLBMH7,2025-11-03
B08RBLBMH7,2025-11-10
B08RBLBMH7,2025-11-17
B08RBLBMH7,2025-11-24
B08RBLBMH7,2025-12-01
B08RBLBMH7,2025-12-08
B08RBLBMH7,2025-12-15
B08RBLBMH7,2025-12-22
B08RBLBMH7,2025-12-29
B08RBLBMH7,2026-01-05
B08RBLBMH7,2026-01-12
B08RBLBMH7,2026-01-19
B08RBLBMH7,2026-01-26
B08RBLBMH7,2026-02-02
B08RBLBMH7,2026-02-09
B08RBLBMH7,2026-02-16
B08RBLBMH7,2026-02-23
B08RBLBMH7,2026-03-02
B08RBLBMH7,2026-03-09
B08RBLBMH7,2026-03-16
B08RBLBMH7,2026-03-23
B08RBLBMH7,2026-03-30
B08SQLG2GJ,2025-03-03
B08SQLG2GJ,2025-03-10
B08SQLG2GJ,2025-03-17
B08SQLG2GJ,2025-03-24
B08SQLG2GJ,2025-03-31
B08SQLG2GJ,2025-04-07
B08SQLG2GJ,2025-04-14
B08SQLG2GJ,2025-04-21
B08SQLG2GJ,2025-04-28
B08SQLG2GJ,2025-05-05
B08SQLG2GJ,2025-05-12
B08SQLG2GJ,2025-05-19
B08SQLG2GJ,2025-05-26
B08SQLG2GJ,2025-06-02
B08SQLG2GJ,2025-06-09
B08SQLG2GJ,2025-06-16
B08SQLG2GJ,2025-06-23
B08SQLG2GJ,2025-06-30
B08SQLG2GJ,2025-07-07
B08SQLG2GJ,2025-07-14
B08SQLG2GJ,2025-07-21
B08SQLG2GJ,2025-07-28
B08SQLG2GJ,2025-08-04
B08SQLG2GJ,2025-08-11
B08SQLG2GJ,2025-08-18
B08SQLG2GJ,2025-08-25
B08SQLG2GJ,2025-09-01
B08SQLG2GJ,2025-09-08
B08SQLG2GJ,2025-09-15
B08SQLG2GJ,2025-09-22
B08SQLG2GJ,2025-09-29
B08SQLG2GJ,2025-10-06
B08SQLG2GJ,2025-10-13
B08SQLG2GJ,2025-10-20
B08SQLG2GJ,2025-10-27
B08SQLG2GJ,2025-11-03
B08SQLG2GJ,2025-11-10
B08SQLG2GJ,2025-11-17
B08SQLG2GJ,2025-11-24
B08SQLG2GJ,2025-12-01
B08SQLG2GJ,2025-12-08
B08SQLG2GJ,2025-12-15
B08SQLG2GJ,2025-12-22
B08SQLG2GJ,2025-12-29
B08SQLG2GJ,2026-01-05
B08SQLG2GJ,2026-01-12
B08SQLG2GJ,2026-01-19
B08SQLG2GJ,2026-01-26
B08SQLG2GJ,2026-02-02
B08SQLG2GJ,2026-02-09
B08SQLG2GJ,2026-02-16
B08SQLG2GJ,2026-02-23
B08SQLG2GJ,2026-03-02
B08SQLG2GJ,2026-03-09
B08SQLG2GJ,2026-03-16
B08SQLG2GJ,2026-03-23
B08SQLG2GJ,2026-03-30
B08SQLG2GJ,2025-03-03
B08SQLG2GJ,2025-03-10
B08SQLG2GJ,2025-03-17
B08SQLG2GJ,2025-03-24
B08SQLG2GJ,2025-03-31
B08SQLG2GJ,2025-04-07
B08SQLG2GJ,2025-04-14
B08SQLG2GJ,2025-04-21
B08SQLG2GJ,2025-04-28
B08SQLG2GJ,2025-05-05
B08SQLG2GJ,2025-05-12
B08SQLG2GJ,2025-05-19
B08SQLG2GJ,2025-05-26
B08SQLG2GJ,2025-06-02
B08SQLG2GJ,2025-06-09
B08SQLG2GJ,2025-06-16
B08SQLG2GJ,2025-06-23
B08SQLG2GJ,2025-06-30
B08SQLG2GJ,2025-07-07
B08SQLG2GJ,2025-07-14
B08SQLG2GJ,2025-07-21
B08SQLG2GJ,2025-07-28
B08SQLG2GJ,2025-08-04
B08SQLG2GJ,2025-08-11
B08SQLG2GJ,2025-08-18
B08SQLG2GJ,2025-08-25
B08SQLG2GJ,2025-09-01
B08SQLG2GJ,2025-09-08
B08SQLG2GJ,2025-09-15
B08SQLG2GJ,2025-09-22
B08SQLG2GJ,2025-09-29
B08SQLG2GJ,2025-10-06
B08SQLG2GJ,2025-10-13
B08SQLG2GJ,2025-10-20
B08SQLG2GJ,2025-10-27
B08SQLG2GJ,2025-11-03
B08SQLG2GJ,2025-11-10
B08SQLG2GJ,2025-11-17
B08SQLG2GJ,2025-11-24
B08SQLG2GJ,2025-12-01
B08SQLG2GJ,2025-12-08
B08SQLG2GJ,2025-12-15
B08SQLG2GJ,2025-12-22
B08SQLG2GJ,2025-12-29
B08SQLG2GJ,2026-01-05
B08SQLG2GJ,2026-01-12
B08SQLG2GJ,2026-01-19
B08SQLG2GJ,2026-01-26
B08SQLG2GJ,2026-02-02
B08SQLG2GJ,2026-02-09
B08SQLG2GJ,2026-02-16
B08SQLG2GJ,2026-02-23
B08SQLG2GJ,2026-03-02
B08SQLG2GJ,2026-03-09
B08SQLG2GJ,2026-03-16
B08SQLG2GJ,2026-03-23
B08SQLG2GJ,2026-03-30
B091GTM6HY,2025-03-03
B091GTM6HY,2025-03-10
B091GTM6HY,2025-03-17
B091GTM6HY,2025-03-24
B091GTM6HY,2025-03-31
B091GTM6HY,2025-04-07
B091GTM6HY,2025-04-14
B091GTM6HY,2025-04-21
B091GTM6HY,2025-04-28
B091GTM6HY,2025-05-05
B091GTM6HY,2025-05-12
B091GTM6HY,2025-05-19
B091GTM6HY,2025-05-26
B091GTM6HY,2025-06-02
B091GTM6HY,2025-06-09
B091GTM6HY,2025-06-16
B091GTM6HY,2025-06-23
B091GTM6HY,2025-06-30
B091GTM6HY,2025-07-07
B091GTM6HY,2025-07-14
B091GTM6HY,2025-07-21
B091GTM6HY,2025-07-28
B091GTM6HY,2025-08-04
B091GTM6HY,2025-08-11
B091GTM6HY,2025-08-18
B091GTM6HY,2025-08-25
B091GTM6HY,2025-09-01
B091GTM6HY,2025-09-08
B091GTM6HY,2025-09-15
B091GTM6HY,2025-09-22
B091GTM6HY,2025-09-29
B091GTM6HY,2025-10-06
B091GTM6HY,2025-10-13
B091GTM6HY,2025-10-20
B091GTM6HY,2025-10-27
B091GTM6HY,2025-11-03
B091GTM6HY,2025-11-10
B091GTM6HY,2025-11-17
B091GTM6HY,2025-11-24
B091GTM6HY,2025-12-01
B091GTM6HY,2025-12-08
B091GTM6HY,2025-12-15
B091GTM6HY,2025-12-22
B091GTM6HY,2025-12-29
B091GTM6HY,2026-01-05
B091GTM6HY,2026-01-12
B091GTM6HY,2026-01-19
B091GTM6HY,2026-01-26
B091GTM6HY,2026-02-02
B091GTM6HY,2026-02-09
B091GTM6HY,2026-02-16
B091GTM6HY,2026-02-23
B091GTM6HY,2026-03-02
B091GTM6HY,2026-03-09
B091GTM6HY,2026-03-16
B091GTM6HY,2026-03-23
B091GTM6HY,2026-03-30
B091GTM6HY,2025-03-03
B091GTM6HY,2025-03-10
B091GTM6HY,2025-03-17
B091GTM6HY,2025-03-24
B091GTM6HY,2025-03-31
B091GTM6HY,2025-04-07
B091GTM6HY,2025-04-14
B091GTM6HY,2025-04-21
B091GTM6HY,2025-04-28
B091GTM6HY,2025-05-05
B091GTM6HY,2025-05-12
B091GTM6HY,2025-05-19
B091GTM6HY,2025-05-26
B091GTM6HY,2025-06-02
B091GTM6HY,2025-06-09
B091GTM6HY,2025-06-16
B091GTM6HY,2025-06-23
B091GTM6HY,2025-06-30
B091GTM6HY,2025-07-07
B091GTM6HY,2025-07-14
B091GTM6HY,2025-07-21
B091GTM6HY,2025-07-28
B091GTM6HY,2025-08-04
B091GTM6HY,2025-08-11
B091GTM6HY,2025-08-18
B091GTM6HY,2025-08-25
B091GTM6HY,2025-09-01
B091GTM6HY,2025-09-08
B091GTM6HY,2025-09-15
B091GTM6HY,2025-09-22
B091GTM6HY,2025-09-29
B091GTM6HY,2025-10-06
B091GTM6HY,2025-10-13
B091GTM6HY,2025-10-20
B091GTM6HY,2025-10-27
B091GTM6HY,2025-11-03
B091GTM6HY,2025-11-10
B091GTM6HY,2025-11-17
B091GTM6HY,2025-11-24
B091GTM6HY,2025-12-01
B091GTM6HY,2025-12-08
B091GTM6HY,2025-12-15
B091GTM6HY,2025-12-22
B091GTM6HY,2025-12-29
B091GTM6HY,2026-01-05
B091GTM6HY,2026-01-12
B091GTM6HY,2026-01-19
B091GTM6HY,2026-01-26
B091GTM6HY,2026-02-02
B091GTM6HY,2026-02-09
B091GTM6HY,2026-02-16
B091GTM6HY,2026-02-23
B091GTM6HY,2026-03-02
B091GTM6HY,2026-03-09
B091GTM6HY,2026-03-16
B091GTM6HY,2026-03-23
B091GTM6HY,2026-03-30
B091GV9M9S,2025-03-03
B091GV9M9S,2025-03-10
B091GV9M9S,2025-03-17
B091GV9M9S,2025-03-24
B091GV9M9S,2025-03-31
B091GV9M9S,2025-04-07
B091GV9M9S,2025-04-14
B091GV9M9S,2025-04-21
B091GV9M9S,2025-04-28
B091GV9M9S,2025-05-05
B091GV9M9S,2025-05-12
B091GV9M9S,2025-05-19
B091GV9M9S,2025-05-26
B091GV9M9S,2025-06-02
B091GV9M9S,2025-06-09
B091GV9M9S,2025-06-16
B091GV9M9S,2025-06-23
B091GV9M9S,2025-06-30
B091GV9M9S,2025-07-07
B091GV9M9S,2025-07-14
B091GV9M9S,2025-07-21
B091GV9M9S,2025-07-28
B091GV9M9S,2025-08-04
B091GV9M9S,2025-08-11
B091GV9M9S,2025-08-18
B091GV9M9S,2025-08-25
B091GV9M9S,2025-09-01
B091GV9M9S,2025-09-08
B091GV9M9S,2025-09-15
B091GV9M9S,2025-09-22
B091GV9M9S,2025-09-29
B091GV9M9S,2025-10-06
B091GV9M9S,2025-10-13
B091GV9M9S,2025-10-20
B091GV9M9S,2025-10-27
B091GV9M9S,2025-11-03
B091GV9M9S,2025-11-10
B091GV9M9S,2025-11-17
B091GV9M9S,2025-11-24
B091GV9M9S,2025-12-01
B091GV9M9S,2025-12-08
B091GV9M9S,2025-12-15
B091GV9M9S,2025-12-22
B091GV9M9S,2025-12-29
B091GV9M9S,2026-01-05
B091GV9M9S,2026-01-12
B091GV9M9S,2026-01-19
B091GV9M9S,2026-01-26
B091GV9M9S,2026-02-02
B091GV9M9S,2026-02-09
B091GV9M9S,2026-02-16
B091GV9M9S,2026-02-23
B091GV9M9S,2026-03-02
B091GV9M9S,2026-03-09
B091GV9M9S,2026-03-16
B091GV9M9S,2026-03-23
B091GV9M9S,2026-03-30
B091GV9M9S,2025-03-03
B091GV9M9S,2025-03-10
B091GV9M9S,2025-03-17
B091GV9M9S,2025-03-24
B091GV9M9S,2025-03-31
B091GV9M9S,2025-04-07
B091GV9M9S,2025-04-14
B091GV9M9S,2025-04-21
B091GV9M9S,2025-04-28
B091GV9M9S,2025-05-05
B091GV9M9S,2025-05-12
B091GV9M9S,2025-05-19
B091GV9M9S,2025-05-26
B091GV9M9S,2025-06-02
B091GV9M9S,2025-06-09
B091GV9M9S,2025-06-16
B091GV9M9S,2025-06-23
B091GV9M9S,2025-06-30
B091GV9M9S,2025-07-07
B091GV9M9S,2025-07-14
B091GV9M9S,2025-07-21
B091GV9M9S,2025-07-28
B091GV9M9S,2025-08-04
B091GV9M9S,2025-08-11
B091GV9M9S,2025-08-18
B091GV9M9S,2025-08-25
B091GV9M9S,2025-09-01
B091GV9M9S,2025-09-08
B091GV9M9S,2025-09-15
B091GV9M9S,2025-09-22
B091GV9M9S,2025-09-29
B091GV9M9S,2025-10-06
B091GV9M9S,2025-10-13
B091GV9M9S,2025-10-20
B091GV9M9S,2025-10-27
B091GV9M9S,2025-11-03
B091GV9M9S,2025-11-10
B091GV9M9S,2025-11-17
B091GV9M9S,2025-11-24
B091GV9M9S,2025-12-01
B091GV9M9S,2025-12-08
B091GV9M9S,2025-12-15
B091GV9M9S,2025-12-22
B091GV9M9S,2025-12-29
B091GV9M9S,2026-01-05
B091GV9M9S,2026-01-12
B091GV9M9S,2026-01-19
B091GV9M9S,2026-01-26
B091GV9M9S,2026-02-02
B091GV9M9S,2026-02-09
B091GV9M9S,2026-02-16
B091GV9M9S,2026-02-23
B091GV9M9S,2026-03-02
B091GV9M9S,2026-03-09
B091GV9M9S,2026-03-16
B091GV9M9S,2026-03-23
B091GV9M9S,2026-03-30
B092212ZG1,2025-03-03
B092212ZG1,2025-03-10
B092212ZG1,2025-03-17
B092212ZG1,2025-03-24
B092212ZG1,2025-03-31
B092212ZG1,2025-04-07
B092212ZG1,2025-04-14
B092212ZG1,2025-04-21
B092212ZG1,2025-04-28
B092212ZG1,2025-05-05
B092212ZG1,2025-05-12
B092212ZG1,2025-05-19
B092212ZG1,2025-05-26
B092212ZG1,2025-06-02
B092212ZG1,2025-06-09
B092212ZG1,2025-06-16
B092212ZG1,2025-06-23
B092212ZG1,2025-06-30
B092212ZG1,2025-07-07
B092212ZG1,2025-07-14
B092212ZG1,2025-07-21
B092212ZG1,2025-07-28
B092212ZG1,2025-08-04
B092212ZG1,2025-08-11
B092212ZG1,2025-08-18
B092212ZG1,2025-08-25
B092212ZG1,2025-09-01
B092212ZG1,2025-09-08
B092212ZG1,2025-09-15
B092212ZG1,2025-09-22
B092212ZG1,2025-09-29
B092212ZG1,2025-10-06
B092212ZG1,2025-10-13
B092212ZG1,2025-10-20
B092212ZG1,2025-10-27
B092212ZG1,2025-11-03
B092212ZG1,2025-11-10
B092212ZG1,2025-11-17
B092212ZG1,2025-11-24
B092212ZG1,2025-12-01
B092212ZG1,2025-12-08
B092212ZG1,2025-12-15
B092212ZG1,2025-12-22
B092212ZG1,2025-12-29
B092212ZG1,2026-01-05
B092212ZG1,2026-01-12
B092212ZG1,2026-01-19
B092212ZG1,2026-01-26
B092212ZG1,2026-02-02
B092212ZG1,2026-02-09
B092212ZG1,2026-02-16
B092212ZG1,2026-02-23
B092212ZG1,2026-03-02
B092212ZG1,2026-03-09
B092212ZG1,2026-03-16
B092212ZG1,2026-03-23
B092212ZG1,2026-03-30
B092212ZG1,2025-03-03
B092212ZG1,2025-03-10
B092212ZG1,2025-03-17
B092212ZG1,2025-03-24
B092212ZG1,2025-03-31
B092212ZG1,2025-04-07
B092212ZG1,2025-04-14
B092212ZG1,2025-04-21
B092212ZG1,2025-04-28
B092212ZG1,2025-05-05
B092212ZG1,2025-05-12
B092212ZG1,2025-05-19
B092212ZG1,2025-05-26
B092212ZG1,2025-06-02
B092212ZG1,2025-06-09
B092212ZG1,2025-06-16
B092212ZG1,2025-06-23
B092212ZG1,2025-06-30
B092212ZG1,2025-07-07
B092212ZG1,2025-07-14
B092212ZG1,2025-07-21
B092212ZG1,2025-07-28
B092212ZG1,2025-08-04
B092212ZG1,2025-08-11
B092212ZG1,2025-08-18
B092212ZG1,2025-08-25
B092212ZG1,2025-09-01
B092212ZG1,2025-09-08
B092212ZG1,2025-09-15
B092212ZG1,2025-09-22
B092212ZG1,2025-09-29
B092212ZG1,2025-10-06
B092212ZG1,2025-10-13
B092212ZG1,2025-10-20
B092212ZG1,2025-10-27
B092212ZG1,2025-11-03
B092212ZG1,2025-11-10
B092212ZG1,2025-11-17
B092212ZG1,2025-11-24
B092212ZG1,2025-12-01
B092212ZG1,2025-12-08
B092212ZG1,2025-12-15
B092212ZG1,2025-12-22
B092212ZG1,2025-12-29
B092212ZG1,2026-01-05
B092212ZG1,2026-01-12
B092212ZG1,2026-01-19
B092212ZG1,2026-01-26
B092212ZG1,2026-02-02
B092212ZG1,2026-02-09
B092212ZG1,2026-02-16
B092212ZG1,2026-02-23
B092212ZG1,2026-03-02
B092212ZG1,2026-03-09
B092212ZG1,2026-03-16
B092212ZG1,2026-03-23
B092212ZG1,2026-03-30
B092ZPLHJ5,2025-03-03
B092ZPLHJ5,2025-03-10
B092ZPLHJ5,2025-03-17
B092ZPLHJ5,2025-03-24
B092ZPLHJ5,2025-03-31
B092ZPLHJ5,2025-04-07
B092ZPLHJ5,2025-04-14
B092ZPLHJ5,2025-04-21
B092ZPLHJ5,2025-04-28
B092ZPLHJ5,2025-05-05
B092ZPLHJ5,2025-05-12
B092ZPLHJ5,2025-05-19
B092ZPLHJ5,2025-05-26
B092ZPLHJ5,2025-06-02
B092ZPLHJ5,2025-06-09
B092ZPLHJ5,2025-06-16
B092ZPLHJ5,2025-06-23
B092ZPLHJ5,2025-06-30
B092ZPLHJ5,2025-07-07
B092ZPLHJ5,2025-07-14
B092ZPLHJ5,2025-07-21
B092ZPLHJ5,2025-07-28
B092ZPLHJ5,2025-08-04
B092ZPLHJ5,2025-08-11
B092ZPLHJ5,2025-08-18
B092ZPLHJ5,2025-08-25
B092ZPLHJ5,2025-09-01
B092ZPLHJ5,2025-09-08
B092ZPLHJ5,2025-09-15
B092ZPLHJ5,2025-09-22
B092ZPLHJ5,2025-09-29
B092ZPLHJ5,2025-10-06
B092ZPLHJ5,2025-10-13
B092ZPLHJ5,2025-10-20
B092ZPLHJ5,2025-10-27
B092ZPLHJ5,2025-11-03
B092ZPLHJ5,2025-11-10
B092ZPLHJ5,2025-11-17
B092ZPLHJ5,2025-11-24
B092ZPLHJ5,2025-12-01
B092ZPLHJ5,2025-12-08
B092ZPLHJ5,2025-12-15
B092ZPLHJ5,2025-12-22
B092ZPLHJ5,2025-12-29
B092ZPLHJ5,2026-01-05
B092ZPLHJ5,2026-01-12
B092ZPLHJ5,2026-01-19
B092ZPLHJ5,2026-01-26
B092ZPLHJ5,2026-02-02
B092ZPLHJ5,2026-02-09
B092ZPLHJ5,2026-02-16
B092ZPLHJ5,2026-02-23
B092ZPLHJ5,2026-03-02
B092ZPLHJ5,2026-03-09
B092ZPLHJ5,2026-03-16
B092ZPLHJ5,2026-03-23
B092ZPLHJ5,2026-03-30
B092ZPLHJ5,2025-03-03
B092ZPLHJ5,2025-03-10
B092ZPLHJ5,2025-03-17
B092ZPLHJ5,2025-03-24
B092ZPLHJ5,2025-03-31
B092ZPLHJ5,2025-04-07
B092ZPLHJ5,2025-04-14
B092ZPLHJ5,2025-04-21
B092ZPLHJ5,2025-04-28
B092ZPLHJ5,2025-05-05
B092ZPLHJ5,2025-05-12
B092ZPLHJ5,2025-05-19
B092ZPLHJ5,2025-05-26
B092ZPLHJ5,2025-06-02
B092ZPLHJ5,2025-06-09
B092ZPLHJ5,2025-06-16
B092ZPLHJ5,2025-06-23
B092ZPLHJ5,2025-06-30
B092ZPLHJ5,2025-07-07
B092ZPLHJ5,2025-07-14
B092ZPLHJ5,2025-07-21
B092ZPLHJ5,2025-07-28
B092ZPLHJ5,2025-08-04
B092ZPLHJ5,2025-08-11
B092ZPLHJ5,2025-08-18
B092ZPLHJ5,2025-08-25
B092ZPLHJ5,2025-09-01
B092ZPLHJ5,2025-09-08
B092ZPLHJ5,2025-09-15
B092ZPLHJ5,2025-09-22
B092ZPLHJ5,2025-09-29
B092ZPLHJ5,2025-10-06
B092ZPLHJ5,2025-10-13
B092ZPLHJ5,2025-10-20
B092ZPLHJ5,2025-10-27
B092ZPLHJ5,2025-11-03
B092ZPLHJ5,2025-11-10
B092ZPLHJ5,2025-11-17
B092ZPLHJ5,2025-11-24
B092ZPLHJ5,2025-12-01
B092ZPLHJ5,2025-12-08
B092ZPLHJ5,2025-12-15
B092ZPLHJ5,2025-12-22
B092ZPLHJ5,2025-12-29
B092ZPLHJ5,2026-01-05
B092ZPLHJ5,2026-01-12
B092ZPLHJ5,2026-01-19
B092ZPLHJ5,2026-01-26
B092ZPLHJ5,2026-02-02
B092ZPLHJ5,2026-02-09
B092ZPLHJ5,2026-02-16
B092ZPLHJ5,2026-02-23
B092ZPLHJ5,2026-03-02
B092ZPLHJ5,2026-03-09
B092ZPLHJ5,2026-03-16
B092ZPLHJ5,2026-03-23
B092ZPLHJ5,2026-03-30
B092ZRLN1C,2025-03-03
B092ZRLN1C,2025-03-10
B092ZRLN1C,2025-03-17
B092ZRLN1C,2025-03-24
B092ZRLN1C,2025-03-31
B092ZRLN1C,2025-04-07
B092ZRLN1C,2025-04-14
B092ZRLN1C,2025-04-21
B092ZRLN1C,2025-04-28
B092ZRLN1C,2025-05-05
B092ZRLN1C,2025-05-12
B092ZRLN1C,2025-05-19
B092ZRLN1C,2025-05-26
B092ZRLN1C,2025-06-02
B092ZRLN1C,2025-06-09
B092ZRLN1C,2025-06-16
B092ZRLN1C,2025-06-23
B092ZRLN1C,2025-06-30
B092ZRLN1C,2025-07-07
B092ZRLN1C,2025-07-14
B092ZRLN1C,2025-07-21
B092ZRLN1C,2025-07-28
B092ZRLN1C,2025-08-04
B092ZRLN1C,2025-08-11
B092ZRLN1C,2025-08-18
B092ZRLN1C,2025-08-25
B092ZRLN1C,2025-09-01
B092ZRLN1C,2025-09-08
B092ZRLN1C,2025-09-15
B092ZRLN1C,2025-09-22
B092ZRLN1C,2025-09-29
B092ZRLN1C,2025-10-06
B092ZRLN1C,2025-10-13
B092ZRLN1C,2025-10-20
B092ZRLN1C,2025-10-27
B092ZRLN1C,2025-11-03
B092ZRLN1C,2025-11-10
B092ZRLN1C,2025-11-17
B092ZRLN1C,2025-11-24
B092ZRLN1C,2025-12-01
B092ZRLN1C,2025-12-08
B092ZRLN1C,2025-12-15
B092ZRLN1C,2025-12-22
B092ZRLN1C,2025-12-29
B092ZRLN1C,2026-01-05
B092ZRLN1C,2026-01-12
B092ZRLN1C,2026-01-19
B092ZRLN1C,2026-01-26
B092ZRLN1C,2026-02-02
B092ZRLN1C,2026-02-09
B092ZRLN1C,2026-02-16
B092ZRLN1C,2026-02-23
B092ZRLN1C,2026-03-02
B092ZRLN1C,2026-03-09
B092ZRLN1C,2026-03-16
B092ZRLN1C,2026-03-23
B092ZRLN1C,2026-03-30
B092ZRLN1C,2025-03-03
B092ZRLN1C,2025-03-10
B092ZRLN1C,2025-03-17
B092ZRLN1C,2025-03-24
B092ZRLN1C,2025-03-31
B092ZRLN1C,2025-04-07
B092ZRLN1C,2025-04-14
B092ZRLN1C,2025-04-21
B092ZRLN1C,2025-04-28
B092ZRLN1C,2025-05-05
B092ZRLN1C,2025-05-12
B092ZRLN1C,2025-05-19
B092ZRLN1C,2025-05-26
B092ZRLN1C,2025-06-02
B092ZRLN1C,2025-06-09
B092ZRLN1C,2025-06-16
B092ZRLN1C,2025-06-23
B092ZRLN1C,2025-06-30
B092ZRLN1C,2025-07-07
B092ZRLN1C,2025-07-14
B092ZRLN1C,2025-07-21
B092ZRLN1C,2025-07-28
B092ZRLN1C,2025-08-04
B092ZRLN1C,2025-08-11
B092ZRLN1C,2025-08-18
B092ZRLN1C,2025-08-25
B092ZRLN1C,2025-09-01
B092ZRLN1C,2025-09-08
B092ZRLN1C,2025-09-15
B092ZRLN1C,2025-09-22
B092ZRLN1C,2025-09-29
B092ZRLN1C,2025-10-06
B092ZRLN1C,2025-10-13
B092ZRLN1C,2025-10-20
B092ZRLN1C,2025-10-27
B092ZRLN1C,2025-11-03
B092ZRLN1C,2025-11-10
B092ZRLN1C,2025-11-17
B092ZRLN1C,2025-11-24
B092ZRLN1C,2025-12-01
B092ZRLN1C,2025-12-08
B092ZRLN1C,2025-12-15
B092ZRLN1C,2025-12-22
B092ZRLN1C,2025-12-29
B092ZRLN1C,2026-01-05
B092ZRLN1C,2026-01-12
B092ZRLN1C,2026-01-19
B092ZRLN1C,2026-01-26
B092ZRLN1C,2026-02-02
B092ZRLN1C,2026-02-09
B092ZRLN1C,2026-02-16
B092ZRLN1C,2026-02-23
B092ZRLN1C,2026-03-02
B092ZRLN1C,2026-03-09
B092ZRLN1C,2026-03-16
B092ZRLN1C,2026-03-23
B092ZRLN1C,2026-03-30
B095P889WH,2025-03-03
B095P889WH,2025-03-10
B095P889WH,2025-03-17
B095P889WH,2025-03-24
B095P889WH,2025-03-31
B095P889WH,2025-04-07
B095P889WH,2025-04-14
B095P889WH,2025-04-21
B095P889WH,2025-04-28
B095P889WH,2025-05-05
B095P889WH,2025-05-12
B095P889WH,2025-05-19
B095P889WH,2025-05-26
B095P889WH,2025-06-02
B095P889WH,2025-06-09
B095P889WH,2025-06-16
B095P889WH,2025-06-23
B095P889WH,2025-06-30
B095P889WH,2025-07-07
B095P889WH,2025-07-14
B095P889WH,2025-07-21
B095P889WH,2025-07-28
B095P889WH,2025-08-04
B095P889WH,2025-08-11
B095P889WH,2025-08-18
B095P889WH,2025-08-25
B095P889WH,2025-09-01
B095P889WH,2025-09-08
B095P889WH,2025-09-15
B095P889WH,2025-09-22
B095P889WH,2025-09-29
B095P889WH,2025-10-06
B095P889WH,2025-10-13
B095P889WH,2025-10-20
B095P889WH,2025-10-27
B095P889WH,2025-11-03
B095P889WH,2025-11-10
B095P889WH,2025-11-17
B095P889WH,2025-11-24
B095P889WH,2025-12-01
B095P889WH,2025-12-08
B095P889WH,2025-12-15
B095P889WH,2025-12-22
B095P889WH,2025-12-29
B095P889WH,2026-01-05
B095P889WH,2026-01-12
B095P889WH,2026-01-19
B095P889WH,2026-01-26
B095P889WH,2026-02-02
B095P889WH,2026-02-09
B095P889WH,2026-02-16
B095P889WH,2026-02-23
B095P889WH,2026-03-02
B095P889WH,2026-03-09
B095P889WH,2026-03-16
B095P889WH,2026-03-23
B095P889WH,2026-03-30
B095P889WH,2025-03-03
B095P889WH,2025-03-10
B095P889WH,2025-03-17
B095P889WH,2025-03-24
B095P889WH,2025-03-31
B095P889WH,2025-04-07
B095P889WH,2025-04-14
B095P889WH,2025-04-21
B095P889WH,2025-04-28
B095P889WH,2025-05-05
B095P889WH,2025-05-12
B095P889WH,2025-05-19
B095P889WH,2025-05-26
B095P889WH,2025-06-02
B095P889WH,2025-06-09
B095P889WH,2025-06-16
B095P889WH,2025-06-23
B095P889WH,2025-06-30
B095P889WH,2025-07-07
B095P889WH,2025-07-14
B095P889WH,2025-07-21
B095P889WH,2025-07-28
B095P889WH,2025-08-04
B095P889WH,2025-08-11
B095P889WH,2025-08-18
B095P889WH,2025-08-25
B095P889WH,2025-09-01
B095P889WH,2025-09-08
B095P889WH,2025-09-15
B095P889WH,2025-09-22
B095P889WH,2025-09-29
B095P889WH,2025-10-06
B095P889WH,2025-10-13
B095P889WH,2025-10-20
B095P889WH,2025-10-27
B095P889WH,2025-11-03
B095P889WH,2025-11-10
B095P889WH,2025-11-17
B095P889WH,2025-11-24
B095P889WH,2025-12-01
B095P889WH,2025-12-08
B095P889WH,2025-12-15
B095P889WH,2025-12-22
B095P889WH,2025-12-29
B095P889WH,2026-01-05
B095P889WH,2026-01-12
B095P889WH,2026-01-19
B095P889WH,2026-01-26
B095P889WH,2026-02-02
B095P889WH,2026-02-09
B095P889WH,2026-02-16
B095P889WH,2026-02-23
B095P889WH,2026-03-02
B095P889WH,2026-03-09
B095P889WH,2026-03-16
B095P889WH,2026-03-23
B095P889WH,2026-03-30
B0987K56L8,2025-03-03
B0987K56L8,2025-03-10
B0987K56L8,2025-03-17
B0987K56L8,2025-03-24
B0987K56L8,2025-03-31
B0987K56L8,2025-04-07
B0987K56L8,2025-04-14
B0987K56L8,2025-04-21
B0987K56L8,2025-04-28
B0987K56L8,2025-05-05
B0987K56L8,2025-05-12
B0987K56L8,2025-05-19
B0987K56L8,2025-05-26
B0987K56L8,2025-06-02
B0987K56L8,2025-06-09
B0987K56L8,2025-06-16
B0987K56L8,2025-06-23
B0987K56L8,2025-06-30
B0987K56L8,2025-07-07
B0987K56L8,2025-07-14
B0987K56L8,2025-07-21
B0987K56L8,2025-07-28
B0987K56L8,2025-08-04
B0987K56L8,2025-08-11
B0987K56L8,2025-08-18
B0987K56L8,2025-08-25
B0987K56L8,2025-09-01
B0987K56L8,2025-09-08
B0987K56L8,2025-09-15
B0987K56L8,2025-09-22
B0987K56L8,2025-09-29
B0987K56L8,2025-10-06
B0987K56L8,2025-10-13
B0987K56L8,2025-10-20
B0987K56L8,2025-10-27
B0987K56L8,2025-11-03
B0987K56L8,2025-11-10
B0987K56L8,2025-11-17
B0987K56L8,2025-11-24
B0987K56L8,2025-12-01
B0987K56L8,2025-12-08
B0987K56L8,2025-12-15
B0987K56L8,2025-12-22
B0987K56L8,2025-12-29
B0987K56L8,2026-01-05
B0987K56L8,2026-01-12
B0987K56L8,2026-01-19
B0987K56L8,2026-01-26
B0987K56L8,2026-02-02
B0987K56L8,2026-02-09
B0987K56L8,2026-02-16
B0987K56L8,2026-02-23
B0987K56L8,2026-03-02
B0987K56L8,2026-03-09
B0987K56L8,2026-03-16
B0987K56L8,2026-03-23
B0987K56L8,2026-03-30
B0987K56L8,2025-03-03
B0987K56L8,2025-03-10
B0987K56L8,2025-03-17
B0987K56L8,2025-03-24
B0987K56L8,2025-03-31
B0987K56L8,2025-04-07
B0987K56L8,2025-04-14
B0987K56L8,2025-04-21
B0987K56L8,2025-04-28
B0987K56L8,2025-05-05
B0987K56L8,2025-05-12
B0987K56L8,2025-05-19
B0987K56L8,2025-05-26
B0987K56L8,2025-06-02
B0987K56L8,2025-06-09
B0987K56L8,2025-06-16
B0987K56L8,2025-06-23
B0987K56L8,2025-06-30
B0987K56L8,2025-07-07
B0987K56L8,2025-07-14
B0987K56L8,2025-07-21
B0987K56L8,2025-07-28
B0987K56L8,2025-08-04
B0987K56L8,2025-08-11
B0987K56L8,2025-08-18
B0987K56L8,2025-08-25
B0987K56L8,2025-09-01
B0987K56L8,2025-09-08
B0987K56L8,2025-09-15
B0987K56L8,2025-09-22
B0987K56L8,2025-09-29
B0987K56L8,2025-10-06
B0987K56L8,2025-10-13
B0987K56L8,2025-10-20
B0987K56L8,2025-10-27
B0987K56L8,2025-11-03
B0987K56L8,2025-11-10
B0987K56L8,2025-11-17
B0987K56L8,2025-11-24
B0987K56L8,2025-12-01
B0987K56L8,2025-12-08
B0987K56L8,2025-12-15
B0987K56L8,2025-12-22
B0987K56L8,2025-12-29
B0987K56L8,2026-01-05
B0987K56L8,2026-01-12
B0987K56L8,2026-01-19
B0987K56L8,2026-01-26
B0987K56L8,2026-02-02
B0987K56L8,2026-02-09
B0987K56L8,2026-02-16
B0987K56L8,2026-02-23
B0987K56L8,2026-03-02
B0987K56L8,2026-03-09
B0987K56L8,2026-03-16
B0987K56L8,2026-03-23
B0987K56L8,2026-03-30
B098R9DWHM,2025-03-03
B098R9DWHM,2025-03-10
B098R9DWHM,2025-03-17
B098R9DWHM,2025-03-24
B098R9DWHM,2025-03-31
B098R9DWHM,2025-04-07
B098R9DWHM,2025-04-14
B098R9DWHM,2025-04-21
B098R9DWHM,2025-04-28
B098R9DWHM,2025-05-05
B098R9DWHM,2025-05-12
B098R9DWHM,2025-05-19
B098R9DWHM,2025-05-26
B098R9DWHM,2025-06-02
B098R9DWHM,2025-06-09
B098R9DWHM,2025-06-16
B098R9DWHM,2025-06-23
B098R9DWHM,2025-06-30
B098R9DWHM,2025-07-07
B098R9DWHM,2025-07-14
B098R9DWHM,2025-07-21
B098R9DWHM,2025-07-28
B098R9DWHM,2025-08-04
B098R9DWHM,2025-08-11
B098R9DWHM,2025-08-18
B098R9DWHM,2025-08-25
B098R9DWHM,2025-09-01
B098R9DWHM,2025-09-08
B098R9DWHM,2025-09-15
B098R9DWHM,2025-09-22
B098R9DWHM,2025-09-29
B098R9DWHM,2025-10-06
B098R9DWHM,2025-10-13
B098R9DWHM,2025-10-20
B098R9DWHM,2025-10-27
B098R9DWHM,2025-11-03
B098R9DWHM,2025-11-10
B098R9DWHM,2025-11-17
B098R9DWHM,2025-11-24
B098R9DWHM,2025-12-01
B098R9DWHM,2025-12-08
B098R9DWHM,2025-12-15
B098R9DWHM,2025-12-22
B098R9DWHM,2025-12-29
B098R9DWHM,2026-01-05
B098R9DWHM,2026-01-12
B098R9DWHM,2026-01-19
B098R9DWHM,2026-01-26
B098R9DWHM,2026-02-02
B098R9DWHM,2026-02-09
B098R9DWHM,2026-02-16
B098R9DWHM,2026-02-23
B098R9DWHM,2026-03-02
B098R9DWHM,2026-03-09
B098R9DWHM,2026-03-16
B098R9DWHM,2026-03-23
B098R9DWHM,2026-03-30
B098R9DWHM,2025-03-03
B098R9DWHM,2025-03-10
B098R9DWHM,2025-03-17
B098R9DWHM,2025-03-24
B098R9DWHM,2025-03-31
B098R9DWHM,2025-04-07
B098R9DWHM,2025-04-14
B098R9DWHM,2025-04-21
B098R9DWHM,2025-04-28
B098R9DWHM,2025-05-05
B098R9DWHM,2025-05-12
B098R9DWHM,2025-05-19
B098R9DWHM,2025-05-26
B098R9DWHM,2025-06-02
B098R9DWHM,2025-06-09
B098R9DWHM,2025-06-16
B098R9DWHM,2025-06-23
B098R9DWHM,2025-06-30
B098R9DWHM,2025-07-07
B098R9DWHM,2025-07-14
B098R9DWHM,2025-07-21
B098R9DWHM,2025-07-28
B098R9DWHM,2025-08-04
B098R9DWHM,2025-08-11
B098R9DWHM,2025-08-18
B098R9DWHM,2025-08-25
B098R9DWHM,2025-09-01
B098R9DWHM,2025-09-08
B098R9DWHM,2025-09-15
B098R9DWHM,2025-09-22
B098R9DWHM,2025-09-29
B098R9DWHM,2025-10-06
B098R9DWHM,2025-10-13
B098R9DWHM,2025-10-20
B098R9DWHM,2025-10-27
B098R9DWHM,2025-11-03
B098R9DWHM,2025-11-10
B098R9DWHM,2025-11-17
B098R9DWHM,2025-11-24
B098R9DWHM,2025-12-01
B098R9DWHM,2025-12-08
B098R9DWHM,2025-12-15
B098R9DWHM,2025-12-22
B098R9DWHM,2025-12-29
B098R9DWHM,2026-01-05
B098R9DWHM,2026-01-12
B098R9DWHM,2026-01-19
B098R9DWHM,2026-01-26
B098R9DWHM,2026-02-02
B098R9DWHM,2026-02-09
B098R9DWHM,2026-02-16
B098R9DWHM,2026-02-23
B098R9DWHM,2026-03-02
B098R9DWHM,2026-03-09
B098R9DWHM,2026-03-16
B098R9DWHM,2026-03-23
B098R9DWHM,2026-03-30
B09B8NH6MG,2025-03-03
B09B8NH6MG,2025-03-10
B09B8NH6MG,2025-03-17
B09B8NH6MG,2025-03-24
B09B8NH6MG,2025-03-31
B09B8NH6MG,2025-04-07
B09B8NH6MG,2025-04-14
B09B8NH6MG,2025-04-21
B09B8NH6MG,2025-04-28
B09B8NH6MG,2025-05-05
B09B8NH6MG,2025-05-12
B09B8NH6MG,2025-05-19
B09B8NH6MG,2025-05-26
B09B8NH6MG,2025-06-02
B09B8NH6MG,2025-06-09
B09B8NH6MG,2025-06-16
B09B8NH6MG,2025-06-23
B09B8NH6MG,2025-06-30
B09B8NH6MG,2025-07-07
B09B8NH6MG,2025-07-14
B09B8NH6MG,2025-07-21
B09B8NH6MG,2025-07-28
B09B8NH6MG,2025-08-04
B09B8NH6MG,2025-08-11
B09B8NH6MG,2025-08-18
B09B8NH6MG,2025-08-25
B09B8NH6MG,2025-09-01
B09B8NH6MG,2025-09-08
B09B8NH6MG,2025-09-15
B09B8NH6MG,2025-09-22
B09B8NH6MG,2025-09-29
B09B8NH6MG,2025-10-06
B09B8NH6MG,2025-10-13
B09B8NH6MG,2025-10-20
B09B8NH6MG,2025-10-27
B09B8NH6MG,2025-11-03
B09B8NH6MG,2025-11-10
B09B8NH6MG,2025-11-17
B09B8NH6MG,2025-11-24
B09B8NH6MG,2025-12-01
B09B8NH6MG,2025-12-08
B09B8NH6MG,2025-12-15
B09B8NH6MG,2025-12-22
B09B8NH6MG,2025-12-29
B09B8NH6MG,2026-01-05
B09B8NH6MG,2026-01-12
B09B8NH6MG,2026-01-19
B09B8NH6MG,2026-01-26
B09B8NH6MG,2026-02-02
B09B8NH6MG,2026-02-09
B09B8NH6MG,2026-02-16
B09B8NH6MG,2026-02-23
B09B8NH6MG,2026-03-02
B09B8NH6MG,2026-03-09
B09B8NH6MG,2026-03-16
B09B8NH6MG,2026-03-23
B09B8NH6MG,2026-03-30
B09B8NH6MG,2025-03-03
B09B8NH6MG,2025-03-10
B09B8NH6MG,2025-03-17
B09B8NH6MG,2025-03-24
B09B8NH6MG,2025-03-31
B09B8NH6MG,2025-04-07
B09B8NH6MG,2025-04-14
B09B8NH6MG,2025-04-21
B09B8NH6MG,2025-04-28
B09B8NH6MG,2025-05-05
B09B8NH6MG,2025-05-12
B09B8NH6MG,2025-05-19
B09B8NH6MG,2025-05-26
B09B8NH6MG,2025-06-02
B09B8NH6MG,2025-06-09
B09B8NH6MG,2025-06-16
B09B8NH6MG,2025-06-23
B09B8NH6MG,2025-06-30
B09B8NH6MG,2025-07-07
B09B8NH6MG,2025-07-14
B09B8NH6MG,2025-07-21
B09B8NH6MG,2025-07-28
B09B8NH6MG,2025-08-04
B09B8NH6MG,2025-08-11
B09B8NH6MG,2025-08-18
B09B8NH6MG,2025-08-25
B09B8NH6MG,2025-09-01
B09B8NH6MG,2025-09-08
B09B8NH6MG,2025-09-15
B09B8NH6MG,2025-09-22
B09B8NH6MG,2025-09-29
B09B8NH6MG,2025-10-06
B09B8NH6MG,2025-10-13
B09B8NH6MG,2025-10-20
B09B8NH6MG,2025-10-27
B09B8NH6MG,2025-11-03
B09B8NH6MG,2025-11-10
B09B8NH6MG,2025-11-17
B09B8NH6MG,2025-11-24
B09B8NH6MG,2025-12-01
B09B8NH6MG,2025-12-08
B09B8NH6MG,2025-12-15
B09B8NH6MG,2025-12-22
B09B8NH6MG,2025-12-29
B09B8NH6MG,2026-01-05
B09B8NH6MG,2026-01-12
B09B8NH6MG,2026-01-19
B09B8NH6MG,2026-01-26
B09B8NH6MG,2026-02-02
B09B8NH6MG,2026-02-09
B09B8NH6MG,2026-02-16
B09B8NH6MG,2026-02-23
B09B8NH6MG,2026-03-02
B09B8NH6MG,2026-03-09
B09B8NH6MG,2026-03-16
B09B8NH6MG,2026-03-23
B09B8NH6MG,2026-03-30
B09B94T13F,2025-03-03
B09B94T13F,2025-03-10
B09B94T13F,2025-03-17
B09B94T13F,2025-03-24
B09B94T13F,2025-03-31
B09B94T13F,2025-04-07
B09B94T13F,2025-04-14
B09B94T13F,2025-04-21
B09B94T13F,2025-04-28
B09B94T13F,2025-05-05
B09B94T13F,2025-05-12
B09B94T13F,2025-05-19
B09B94T13F,2025-05-26
B09B94T13F,2025-06-02
B09B94T13F,2025-06-09
B09B94T13F,2025-06-16
B09B94T13F,2025-06-23
B09B94T13F,2025-06-30
B09B94T13F,2025-07-07
B09B94T13F,2025-07-14
B09B94T13F,2025-07-21
B09B94T13F,2025-07-28
B09B94T13F,2025-08-04
B09B94T13F,2025-08-11
B09B94T13F,2025-08-18
B09B94T13F,2025-08-25
B09B94T13F,2025-09-01
B09B94T13F,2025-09-08
B09B94T13F,2025-09-15
B09B94T13F,2025-09-22
B09B94T13F,2025-09-29
B09B94T13F,2025-10-06
B09B94T13F,2025-10-13
B09B94T13F,2025-10-20
B09B94T13F,2025-10-27
B09B94T13F,2025-11-03
B09B94T13F,2025-11-10
B09B94T13F,2025-11-17
B09B94T13F,2025-11-24
B09B94T13F,2025-12-01
B09B94T13F,2025-12-08
B09B94T13F,2025-12-15
B09B94T13F,2025-12-22
B09B94T13F,2025-12-29
B09B94T13F,2026-01-05
B09B94T13F,2026-01-12
B09B94T13F,2026-01-19
B09B94T13F,2026-01-26
B09B94T13F,2026-02-02
B09B94T13F,2026-02-09
B09B94T13F,2026-02-16
B09B94T13F,2026-02-23
B09B94T13F,2026-03-02
B09B94T13F,2026-03-09
B09B94T13F,2026-03-16
B09B94T13F,2026-03-23
B09B94T13F,2026-03-30
B09B94T13F,2025-03-03
B09B94T13F,2025-03-10
B09B94T13F,2025-03-17
B09B94T13F,2025-03-24
B09B94T13F,2025-03-31
B09B94T13F,2025-04-07
B09B94T13F,2025-04-14
B09B94T13F,2025-04-21
B09B94T13F,2025-04-28
B09B94T13F,2025-05-05
B09B94T13F,2025-05-12
B09B94T13F,2025-05-19
B09B94T13F,2025-05-26
B09B94T13F,2025-06-02
B09B94T13F,2025-06-09
B09B94T13F,2025-06-16
B09B94T13F,2025-06-23
B09B94T13F,2025-06-30
B09B94T13F,2025-07-07
B09B94T13F,2025-07-14
B09B94T13F,2025-07-21
B09B94T13F,2025-07-28
B09B94T13F,2025-08-04
B09B94T13F,2025-08-11
B09B94T13F,2025-08-18
B09B94T13F,2025-08-25
B09B94T13F,2025-09-01
B09B94T13F,2025-09-08
B09B94T13F,2025-09-15
B09B94T13F,2025-09-22
B09B94T13F,2025-09-29
B09B94T13F,2025-10-06
B09B94T13F,2025-10-13
B09B94T13F,2025-10-20
B09B94T13F,2025-10-27
B09B94T13F,2025-11-03
B09B94T13F,2025-11-10
B09B94T13F,2025-11-17
B09B94T13F,2025-11-24
B09B94T13F,2025-12-01
B09B94T13F,2025-12-08
B09B94T13F,2025-12-15
B09B94T13F,2025-12-22
B09B94T13F,2025-12-29
B09B94T13F,2026-01-05
B09B94T13F,2026-01-12
B09B94T13F,2026-01-19
B09B94T13F,2026-01-26
B09B94T13F,2026-02-02
B09B94T13F,2026-02-09
B09B94T13F,2026-02-16
B09B94T13F,2026-02-23
B09B94T13F,2026-03-02
B09B94T13F,2026-03-09
B09B94T13F,2026-03-16
B09B94T13F,2026-03-23
B09B94T13F,2026-03-30
B09B96L9WV,2025-03-03
B09B96L9WV,2025-03-10
B09B96L9WV,2025-03-17
B09B96L9WV,2025-03-24
B09B96L9WV,2025-03-31
B09B96L9WV,2025-04-07
B09B96L9WV,2025-04-14
B09B96L9WV,2025-04-21
B09B96L9WV,2025-04-28
B09B96L9WV,2025-05-05
B09B96L9WV,2025-05-12
B09B96L9WV,2025-05-19
B09B96L9WV,2025-05-26
B09B96L9WV,2025-06-02
B09B96L9WV,2025-06-09
B09B96L9WV,2025-06-16
B09B96L9WV,2025-06-23
B09B96L9WV,2025-06-30
B09B96L9WV,2025-07-07
B09B96L9WV,2025-07-14
B09B96L9WV,2025-07-21
B09B96L9WV,2025-07-28
B09B96L9WV,2025-08-04
B09B96L9WV,2025-08-11
B09B96L9WV,2025-08-18
B09B96L9WV,2025-08-25
B09B96L9WV,2025-09-01
B09B96L9WV,2025-09-08
B09B96L9WV,2025-09-15
B09B96L9WV,2025-09-22
B09B96L9WV,2025-09-29
B09B96L9WV,2025-10-06
B09B96L9WV,2025-10-13
B09B96L9WV,2025-10-20
B09B96L9WV,2025-10-27
B09B96L9WV,2025-11-03
B09B96L9WV,2025-11-10
B09B96L9WV,2025-11-17
B09B96L9WV,2025-11-24
B09B96L9WV,2025-12-01
B09B96L9WV,2025-12-08
B09B96L9WV,2025-12-15
B09B96L9WV,2025-12-22
B09B96L9WV,2025-12-29
B09B96L9WV,2026-01-05
B09B96L9WV,2026-01-12
B09B96L9WV,2026-01-19
B09B96L9WV,2026-01-26
B09B96L9WV,2026-02-02
B09B96L9WV,2026-02-09
B09B96L9WV,2026-02-16
B09B96L9WV,2026-02-23
B09B96L9WV,2026-03-02
B09B96L9WV,2026-03-09
B09B96L9WV,2026-03-16
B09B96L9WV,2026-03-23
B09B96L9WV,2026-03-30
B09B96L9WV,2025-03-03
B09B96L9WV,2025-03-10
B09B96L9WV,2025-03-17
B09B96L9WV,2025-03-24
B09B96L9WV,2025-03-31
B09B96L9WV,2025-04-07
B09B96L9WV,2025-04-14
B09B96L9WV,2025-04-21
B09B96L9WV,2025-04-28
B09B96L9WV,2025-05-05
B09B96L9WV,2025-05-12
B09B96L9WV,2025-05-19
B09B96L9WV,2025-05-26
B09B96L9WV,2025-06-02
B09B96L9WV,2025-06-09
B09B96L9WV,2025-06-16
B09B96L9WV,2025-06-23
B09B96L9WV,2025-06-30
B09B96L9WV,2025-07-07
B09B96L9WV,2025-07-14
B09B96L9WV,2025-07-21
B09B96L9WV,2025-07-28
B09B96L9WV,2025-08-04
B09B96L9WV,2025-08-11
B09B96L9WV,2025-08-18
B09B96L9WV,2025-08-25
B09B96L9WV,2025-09-01
B09B96L9WV,2025-09-08
B09B96L9WV,2025-09-15
B09B96L9WV,2025-09-22
B09B96L9WV,2025-09-29
B09B96L9WV,2025-10-06
B09B96L9WV,2025-10-13
B09B96L9WV,2025-10-20
B09B96L9WV,2025-10-27
B09B96L9WV,2025-11-03
B09B96L9WV,2025-11-10
B09B96L9WV,2025-11-17
B09B96L9WV,2025-11-24
B09B96L9WV,2025-12-01
B09B96L9WV,2025-12-08
B09B96L9WV,2025-12-15
B09B96L9WV,2025-12-22
B09B96L9WV,2025-12-29
B09B96L9WV,2026-01-05
B09B96L9WV,2026-01-12
B09B96L9WV,2026-01-19
B09B96L9WV,2026-01-26
B09B96L9WV,2026-02-02
B09B96L9WV,2026-02-09
B09B96L9WV,2026-02-16
B09B96L9WV,2026-02-23
B09B96L9WV,2026-03-02
B09B96L9WV,2026-03-09
B09B96L9WV,2026-03-16
B09B96L9WV,2026-03-23
B09B96L9WV,2026-03-30
B09DVFTLKG,2025-03-03
B09DVFTLKG,2025-03-10
B09DVFTLKG,2025-03-17
B09DVFTLKG,2025-03-24
B09DVFTLKG,2025-03-31
B09DVFTLKG,2025-04-07
B09DVFTLKG,2025-04-14
B09DVFTLKG,2025-04-21
B09DVFTLKG,2025-04-28
B09DVFTLKG,2025-05-05
B09DVFTLKG,2025-05-12
B09DVFTLKG,2025-05-19
B09DVFTLKG,2025-05-26
B09DVFTLKG,2025-06-02
B09DVFTLKG,2025-06-09
B09DVFTLKG,2025-06-16
B09DVFTLKG,2025-06-23
B09DVFTLKG,2025-06-30
B09DVFTLKG,2025-07-07
B09DVFTLKG,2025-07-14
B09DVFTLKG,2025-07-21
B09DVFTLKG,2025-07-28
B09DVFTLKG,2025-08-04
B09DVFTLKG,2025-08-11
B09DVFTLKG,2025-08-18
B09DVFTLKG,2025-08-25
B09DVFTLKG,2025-09-01
B09DVFTLKG,2025-09-08
B09DVFTLKG,2025-09-15
B09DVFTLKG,2025-09-22
B09DVFTLKG,2025-09-29
B09DVFTLKG,2025-10-06
B09DVFTLKG,2025-10-13
B09DVFTLKG,2025-10-20
B09DVFTLKG,2025-10-27
B09DVFTLKG,2025-11-03
B09DVFTLKG,2025-11-10
B09DVFTLKG,2025-11-17
B09DVFTLKG,2025-11-24
B09DVFTLKG,2025-12-01
B09DVFTLKG,2025-12-08
B09DVFTLKG,2025-12-15
B09DVFTLKG,2025-12-22
B09DVFTLKG,2025-12-29
B09DVFTLKG,2026-01-05
B09DVFTLKG,2026-01-12
B09DVFTLKG,2026-01-19
B09DVFTLKG,2026-01-26
B09DVFTLKG,2026-02-02
B09DVFTLKG,2026-02-09
B09DVFTLKG,2026-02-16
B09DVFTLKG,2026-02-23
B09DVFTLKG,2026-03-02
B09DVFTLKG,2026-03-09
B09DVFTLKG,2026-03-16
B09DVFTLKG,2026-03-23
B09DVFTLKG,2026-03-30
B09DVFTLKG,2025-03-03
B09DVFTLKG,2025-03-10
B09DVFTLKG,2025-03-17
B09DVFTLKG,2025-03-24
B09DVFTLKG,2025-03-31
B09DVFTLKG,2025-04-07
B09DVFTLKG,2025-04-14
B09DVFTLKG,2025-04-21
B09DVFTLKG,2025-04-28
B09DVFTLKG,2025-05-05
B09DVFTLKG,2025-05-12
B09DVFTLKG,2025-05-19
B09DVFTLKG,2025-05-26
B09DVFTLKG,2025-06-02
B09DVFTLKG,2025-06-09
B09DVFTLKG,2025-06-16
B09DVFTLKG,2025-06-23
B09DVFTLKG,2025-06-30
B09DVFTLKG,2025-07-07
B09DVFTLKG,2025-07-14
B09DVFTLKG,2025-07-21
B09DVFTLKG,2025-07-28
B09DVFTLKG,2025-08-04
B09DVFTLKG,2025-08-11
B09DVFTLKG,2025-08-18
B09DVFTLKG,2025-08-25
B09DVFTLKG,2025-09-01
B09DVFTLKG,2025-09-08
B09DVFTLKG,2025-09-15
B09DVFTLKG,2025-09-22
B09DVFTLKG,2025-09-29
B09DVFTLKG,2025-10-06
B09DVFTLKG,2025-10-13
B09DVFTLKG,2025-10-20
B09DVFTLKG,2025-10-27
B09DVFTLKG,2025-11-03
B09DVFTLKG,2025-11-10
B09DVFTLKG,2025-11-17
B09DVFTLKG,2025-11-24
B09DVFTLKG,2025-12-01
B09DVFTLKG,2025-12-08
B09DVFTLKG,2025-12-15
B09DVFTLKG,2025-12-22
B09DVFTLKG,2025-12-29
B09DVFTLKG,2026-01-05
B09DVFTLKG,2026-01-12
B09DVFTLKG,2026-01-19
B09DVFTLKG,2026-01-26
B09DVFTLKG,2026-02-02
B09DVFTLKG,2026-02-09
B09DVFTLKG,2026-02-16
B09DVFTLKG,2026-02-23
B09DVFTLKG,2026-03-02
B09DVFTLKG,2026-03-09
B09DVFTLKG,2026-03-16
B09DVFTLKG,2026-03-23
B09DVFTLKG,2026-03-30
B09DVGDP48,2025-03-03
B09DVGDP48,2025-03-10
B09DVGDP48,2025-03-17
B09DVGDP48,2025-03-24
B09DVGDP48,2025-03-31
B09DVGDP48,2025-04-07
B09DVGDP48,2025-04-14
B09DVGDP48,2025-04-21
B09DVGDP48,2025-04-28
B09DVGDP48,2025-05-05
B09DVGDP48,2025-05-12
B09DVGDP48,2025-05-19
B09DVGDP48,2025-05-26
B09DVGDP48,2025-06-02
B09DVGDP48,2025-06-09
B09DVGDP48,2025-06-16
B09DVGDP48,2025-06-23
B09DVGDP48,2025-06-30
B09DVGDP48,2025-07-07
B09DVGDP48,2025-07-14
B09DVGDP48,2025-07-21
B09DVGDP48,2025-07-28
B09DVGDP48,2025-08-04
B09DVGDP48,2025-08-11
B09DVGDP48,2025-08-18
B09DVGDP48,2025-08-25
B09DVGDP48,2025-09-01
B09DVGDP48,2025-09-08
B09DVGDP48,2025-09-15
B09DVGDP48,2025-09-22
B09DVGDP48,2025-09-29
B09DVGDP48,2025-10-06
B09DVGDP48,2025-10-13
B09DVGDP48,2025-10-20
B09DVGDP48,2025-10-27
B09DVGDP48,2025-11-03
B09DVGDP48,2025-11-10
B09DVGDP48,2025-11-17
B09DVGDP48,2025-11-24
B09DVGDP48,2025-12-01
B09DVGDP48,2025-12-08
B09DVGDP48,2025-12-15
B09DVGDP48,2025-12-22
B09DVGDP48,2025-12-29
B09DVGDP48,2026-01-05
B09DVGDP48,2026-01-12
B09DVGDP48,2026-01-19
B09DVGDP48,2026-01-26
B09DVGDP48,2026-02-02
B09DVGDP48,2026-02-09
B09DVGDP48,2026-02-16
B09DVGDP48,2026-02-23
B09DVGDP48,2026-03-02
B09DVGDP48,2026-03-09
B09DVGDP48,2026-03-16
B09DVGDP48,2026-03-23
B09DVGDP48,2026-03-30
B09DVGDP48,2025-03-03
B09DVGDP48,2025-03-10
B09DVGDP48,2025-03-17
B09DVGDP48,2025-03-24
B09DVGDP48,2025-03-31
B09DVGDP48,2025-04-07
B09DVGDP48,2025-04-14
B09DVGDP48,2025-04-21
B09DVGDP48,2025-04-28
B09DVGDP48,2025-05-05
B09DVGDP48,2025-05-12
B09DVGDP48,2025-05-19
B09DVGDP48,2025-05-26
B09DVGDP48,2025-06-02
B09DVGDP48,2025-06-09
B09DVGDP48,2025-06-16
B09DVGDP48,2025-06-23
B09DVGDP48,2025-06-30
B09DVGDP48,2025-07-07
B09DVGDP48,2025-07-14
B09DVGDP48,2025-07-21
B09DVGDP48,2025-07-28
B09DVGDP48,2025-08-04
B09DVGDP48,2025-08-11
B09DVGDP48,2025-08-18
B09DVGDP48,2025-08-25
B09DVGDP48,2025-09-01
B09DVGDP48,2025-09-08
B09DVGDP48,2025-09-15
B09DVGDP48,2025-09-22
B09DVGDP48,2025-09-29
B09DVGDP48,2025-10-06
B09DVGDP48,2025-10-13
B09DVGDP48,2025-10-20
B09DVGDP48,2025-10-27
B09DVGDP48,2025-11-03
B09DVGDP48,2025-11-10
B09DVGDP48,2025-11-17
B09DVGDP48,2025-11-24
B09DVGDP48,2025-12-01
B09DVGDP48,2025-12-08
B09DVGDP48,2025-12-15
B09DVGDP48,2025-12-22
B09DVGDP48,2025-12-29
B09DVGDP48,2026-01-05
B09DVGDP48,2026-01-12
B09DVGDP48,2026-01-19
B09DVGDP48,2026-01-26
B09DVGDP48,2026-02-02
B09DVGDP48,2026-02-09
B09DVGDP48,2026-02-16
B09DVGDP48,2026-02-23
B09DVGDP48,2026-03-02
B09DVGDP48,2026-03-09
B09DVGDP48,2026-03-16
B09DVGDP48,2026-03-23
B09DVGDP48,2026-03-30
B09FJXR817,2025-03-03
B09FJXR817,2025-03-10
B09FJXR817,2025-03-17
B09FJXR817,2025-03-24
B09FJXR817,2025-03-31
B09FJXR817,2025-04-07
B09FJXR817,2025-04-14
B09FJXR817,2025-04-21
B09FJXR817,2025-04-28
B09FJXR817,2025-05-05
B09FJXR817,2025-05-12
B09FJXR817,2025-05-19
B09FJXR817,2025-05-26
B09FJXR817,2025-06-02
B09FJXR817,2025-06-09
B09FJXR817,2025-06-16
B09FJXR817,2025-06-23
B09FJXR817,2025-06-30
B09FJXR817,2025-07-07
B09FJXR817,2025-07-14
B09FJXR817,2025-07-21
B09FJXR817,2025-07-28
B09FJXR817,2025-08-04
B09FJXR817,2025-08-11
B09FJXR817,2025-08-18
B09FJXR817,2025-08-25
B09FJXR817,2025-09-01
B09FJXR817,2025-09-08
B09FJXR817,2025-09-15
B09FJXR817,2025-09-22
B09FJXR817,2025-09-29
B09FJXR817,2025-10-06
B09FJXR817,2025-10-13
B09FJXR817,2025-10-20
B09FJXR817,2025-10-27
B09FJXR817,2025-11-03
B09FJXR817,2025-11-10
B09FJXR817,2025-11-17
B09FJXR817,2025-11-24
B09FJXR817,2025-12-01
B09FJXR817,2025-12-08
B09FJXR817,2025-12-15
B09FJXR817,2025-12-22
B09FJXR817,2025-12-29
B09FJXR817,2026-01-05
B09FJXR817,2026-01-12
B09FJXR817,2026-01-19
B09FJXR817,2026-01-26
B09FJXR817,2026-02-02
B09FJXR817,2026-02-09
B09FJXR817,2026-02-16
B09FJXR817,2026-02-23
B09FJXR817,2026-03-02
B09FJXR817,2026-03-09
B09FJXR817,2026-03-16
B09FJXR817,2026-03-23
B09FJXR817,2026-03-30
B09FJXR817,2025-03-03
B09FJXR817,2025-03-10
B09FJXR817,2025-03-17
B09FJXR817,2025-03-24
B09FJXR817,2025-03-31
B09FJXR817,2025-04-07
B09FJXR817,2025-04-14
B09FJXR817,2025-04-21
B09FJXR817,2025-04-28
B09FJXR817,2025-05-05
B09FJXR817,2025-05-12
B09FJXR817,2025-05-19
B09FJXR817,2025-05-26
B09FJXR817,2025-06-02
B09FJXR817,2025-06-09
B09FJXR817,2025-06-16
B09FJXR817,2025-06-23
B09FJXR817,2025-06-30
B09FJXR817,2025-07-07
B09FJXR817,2025-07-14
B09FJXR817,2025-07-21
B09FJXR817,2025-07-28
B09FJXR817,2025-08-04
B09FJXR817,2025-08-11
B09FJXR817,2025-08-18
B09FJXR817,2025-08-25
B09FJXR817,2025-09-01
B09FJXR817,2025-09-08
B09FJXR817,2025-09-15
B09FJXR817,2025-09-22
B09FJXR817,2025-09-29
B09FJXR817,2025-10-06
B09FJXR817,2025-10-13
B09FJXR817,2025-10-20
B09FJXR817,2025-10-27
B09FJXR817,2025-11-03
B09FJXR817,2025-11-10
B09FJXR817,2025-11-17
B09FJXR817,2025-11-24
B09FJXR817,2025-12-01
B09FJXR817,2025-12-08
B09FJXR817,2025-12-15
B09FJXR817,2025-12-22
B09FJXR817,2025-12-29
B09FJXR817,2026-01-05
B09FJXR817,2026-01-12
B09FJXR817,2026-01-19
B09FJXR817,2026-01-26
B09FJXR817,2026-02-02
B09FJXR817,2026-02-09
B09FJXR817,2026-02-16
B09FJXR817,2026-02-23
B09FJXR817,2026-03-02
B09FJXR817,2026-03-09
B09FJXR817,2026-03-16
B09FJXR817,2026-03-23
B09FJXR817,2026-03-30
B09JLPQ175,2025-03-03
B09JLPQ175,2025-03-10
B09JLPQ175,2025-03-17
B09JLPQ175,2025-03-24
B09JLPQ175,2025-03-31
B09JLPQ175,2025-04-07
B09JLPQ175,2025-04-14
B09JLPQ175,2025-04-21
B09JLPQ175,2025-04-28
B09JLPQ175,2025-05-05
B09JLPQ175,2025-05-12
B09JLPQ175,2025-05-19
B09JLPQ175,2025-05-26
B09JLPQ175,2025-06-02
B09JLPQ175,2025-06-09
B09JLPQ175,2025-06-16
B09JLPQ175,2025-06-23
B09JLPQ175,2025-06-30
B09JLPQ175,2025-07-07
B09JLPQ175,2025-07-14
B09JLPQ175,2025-07-21
B09JLPQ175,2025-07-28
B09JLPQ175,2025-08-04
B09JLPQ175,2025-08-11
B09JLPQ175,2025-08-18
B09JLPQ175,2025-08-25
B09JLPQ175,2025-09-01
B09JLPQ175,2025-09-08
B09JLPQ175,2025-09-15
B09JLPQ175,2025-09-22
B09JLPQ175,2025-09-29
B09JLPQ175,2025-10-06
B09JLPQ175,2025-10-13
B09JLPQ175,2025-10-20
B09JLPQ175,2025-10-27
B09JLPQ175,2025-11-03
B09JLPQ175,2025-11-10
B09JLPQ175,2025-11-17
B09JLPQ175,2025-11-24
B09JLPQ175,2025-12-01
B09JLPQ175,2025-12-08
B09JLPQ175,2025-12-15
B09JLPQ175,2025-12-22
B09JLPQ175,2025-12-29
B09JLPQ175,2026-01-05
B09JLPQ175,2026-01-12
B09JLPQ175,2026-01-19
B09JLPQ175,2026-01-26
B09JLPQ175,2026-02-02
B09JLPQ175,2026-02-09
B09JLPQ175,2026-02-16
B09JLPQ175,2026-02-23
B09JLPQ175,2026-03-02
B09JLPQ175,2026-03-09
B09JLPQ175,2026-03-16
B09JLPQ175,2026-03-23
B09JLPQ175,2026-03-30
B09JLPQ175,2025-03-03
B09JLPQ175,2025-03-10
B09JLPQ175,2025-03-17
B09JLPQ175,2025-03-24
B09JLPQ175,2025-03-31
B09JLPQ175,2025-04-07
B09JLPQ175,2025-04-14
B09JLPQ175,2025-04-21
B09JLPQ175,2025-04-28
B09JLPQ175,2025-05-05
B09JLPQ175,2025-05-12
B09JLPQ175,2025-05-19
B09JLPQ175,2025-05-26
B09JLPQ175,2025-06-02
B09JLPQ175,2025-06-09
B09JLPQ175,2025-06-16
B09JLPQ175,2025-06-23
B09JLPQ175,2025-06-30
B09JLPQ175,2025-07-07
B09JLPQ175,2025-07-14
B09JLPQ175,2025-07-21
B09JLPQ175,2025-07-28
B09JLPQ175,2025-08-04
B09JLPQ175,2025-08-11
B09JLPQ175,2025-08-18
B09JLPQ175,2025-08-25
B09JLPQ175,2025-09-01
B09JLPQ175,2025-09-08
B09JLPQ175,2025-09-15
B09JLPQ175,2025-09-22
B09JLPQ175,2025-09-29
B09JLPQ175,2025-10-06
B09JLPQ175,2025-10-13
B09JLPQ175,2025-10-20
B09JLPQ175,2025-10-27
B09JLPQ175,2025-11-03
B09JLPQ175,2025-11-10
B09JLPQ175,2025-11-17
B09JLPQ175,2025-11-24
B09JLPQ175,2025-12-01
B09JLPQ175,2025-12-08
B09JLPQ175,2025-12-15
B09JLPQ175,2025-12-22
B09JLPQ175,2025-12-29
B09JLPQ175,2026-01-05
B09JLPQ175,2026-01-12
B09JLPQ175,2026-01-19
B09JLPQ175,2026-01-26
B09JLPQ175,2026-02-02
B09JLPQ175,2026-02-09
B09JLPQ175,2026-02-16
B09JLPQ175,2026-02-23
B09JLPQ175,2026-03-02
B09JLPQ175,2026-03-09
B09JLPQ175,2026-03-16
B09JLPQ175,2026-03-23
B09JLPQ175,2026-03-30
B09KNBQD3G,2025-03-03
B09KNBQD3G,2025-03-10
B09KNBQD3G,2025-03-17
B09KNBQD3G,2025-03-24
B09KNBQD3G,2025-03-31
B09KNBQD3G,2025-04-07
B09KNBQD3G,2025-04-14
B09KNBQD3G,2025-04-21
B09KNBQD3G,2025-04-28
B09KNBQD3G,2025-05-05
B09KNBQD3G,2025-05-12
B09KNBQD3G,2025-05-19
B09KNBQD3G,2025-05-26
B09KNBQD3G,2025-06-02
B09KNBQD3G,2025-06-09
B09KNBQD3G,2025-06-16
B09KNBQD3G,2025-06-23
B09KNBQD3G,2025-06-30
B09KNBQD3G,2025-07-07
B09KNBQD3G,2025-07-14
B09KNBQD3G,2025-07-21
B09KNBQD3G,2025-07-28
B09KNBQD3G,2025-08-04
B09KNBQD3G,2025-08-11
B09KNBQD3G,2025-08-18
B09KNBQD3G,2025-08-25
B09KNBQD3G,2025-09-01
B09KNBQD3G,2025-09-08
B09KNBQD3G,2025-09-15
B09KNBQD3G,2025-09-22
B09KNBQD3G,2025-09-29
B09KNBQD3G,2025-10-06
B09KNBQD3G,2025-10-13
B09KNBQD3G,2025-10-20
B09KNBQD3G,2025-10-27
B09KNBQD3G,2025-11-03
B09KNBQD3G,2025-11-10
B09KNBQD3G,2025-11-17
B09KNBQD3G,2025-11-24
B09KNBQD3G,2025-12-01
B09KNBQD3G,2025-12-08
B09KNBQD3G,2025-12-15
B09KNBQD3G,2025-12-22
B09KNBQD3G,2025-12-29
B09KNBQD3G,2026-01-05
B09KNBQD3G,2026-01-12
B09KNBQD3G,2026-01-19
B09KNBQD3G,2026-01-26
B09KNBQD3G,2026-02-02
B09KNBQD3G,2026-02-09
B09KNBQD3G,2026-02-16
B09KNBQD3G,2026-02-23
B09KNBQD3G,2026-03-02
B09KNBQD3G,2026-03-09
B09KNBQD3G,2026-03-16
B09KNBQD3G,2026-03-23
B09KNBQD3G,2026-03-30
B09KNBQD3G,2025-03-03
B09KNBQD3G,2025-03-10
B09KNBQD3G,2025-03-17
B09KNBQD3G,2025-03-24
B09KNBQD3G,2025-03-31
B09KNBQD3G,2025-04-07
B09KNBQD3G,2025-04-14
B09KNBQD3G,2025-04-21
B09KNBQD3G,2025-04-28
B09KNBQD3G,2025-05-05
B09KNBQD3G,2025-05-12
B09KNBQD3G,2025-05-19
B09KNBQD3G,2025-05-26
B09KNBQD3G,2025-06-02
B09KNBQD3G,2025-06-09
B09KNBQD3G,2025-06-16
B09KNBQD3G,2025-06-23
B09KNBQD3G,2025-06-30
B09KNBQD3G,2025-07-07
B09KNBQD3G,2025-07-14
B09KNBQD3G,2025-07-21
B09KNBQD3G,2025-07-28
B09KNBQD3G,2025-08-04
B09KNBQD3G,2025-08-11
B09KNBQD3G,2025-08-18
B09KNBQD3G,2025-08-25
B09KNBQD3G,2025-09-01
B09KNBQD3G,2025-09-08
B09KNBQD3G,2025-09-15
B09KNBQD3G,2025-09-22
B09KNBQD3G,2025-09-29
B09KNBQD3G,2025-10-06
B09KNBQD3G,2025-10-13
B09KNBQD3G,2025-10-20
B09KNBQD3G,2025-10-27
B09KNBQD3G,2025-11-03
B09KNBQD3G,2025-11-10
B09KNBQD3G,2025-11-17
B09KNBQD3G,2025-11-24
B09KNBQD3G,2025-12-01
B09KNBQD3G,2025-12-08
B09KNBQD3G,2025-12-15
B09KNBQD3G,2025-12-22
B09KNBQD3G,2025-12-29
B09KNBQD3G,2026-01-05
B09KNBQD3G,2026-01-12
B09KNBQD3G,2026-01-19
B09KNBQD3G,2026-01-26
B09KNBQD3G,2026-02-02
B09KNBQD3G,2026-02-09
B09KNBQD3G,2026-02-16
B09KNBQD3G,2026-02-23
B09KNBQD3G,2026-03-02
B09KNBQD3G,2026-03-09
B09KNBQD3G,2026-03-16
B09KNBQD3G,2026-03-23
B09KNBQD3G,2026-03-30
B09MJRJFXW,2025-03-03
B09MJRJFXW,2025-03-10
B09MJRJFXW,2025-03-17
B09MJRJFXW,2025-03-24
B09MJRJFXW,2025-03-31
B09MJRJFXW,2025-04-07
B09MJRJFXW,2025-04-14
B09MJRJFXW,2025-04-21
B09MJRJFXW,2025-04-28
B09MJRJFXW,2025-05-05
B09MJRJFXW,2025-05-12
B09MJRJFXW,2025-05-19
B09MJRJFXW,2025-05-26
B09MJRJFXW,2025-06-02
B09MJRJFXW,2025-06-09
B09MJRJFXW,2025-06-16
B09MJRJFXW,2025-06-23
B09MJRJFXW,2025-06-30
B09MJRJFXW,2025-07-07
B09MJRJFXW,2025-07-14
B09MJRJFXW,2025-07-21
B09MJRJFXW,2025-07-28
B09MJRJFXW,2025-08-04
B09MJRJFXW,2025-08-11
B09MJRJFXW,2025-08-18
B09MJRJFXW,2025-08-25
B09MJRJFXW,2025-09-01
B09MJRJFXW,2025-09-08
B09MJRJFXW,2025-09-15
B09MJRJFXW,2025-09-22
B09MJRJFXW,2025-09-29
B09MJRJFXW,2025-10-06
B09MJRJFXW,2025-10-13
B09MJRJFXW,2025-10-20
B09MJRJFXW,2025-10-27
B09MJRJFXW,2025-11-03
B09MJRJFXW,2025-11-10
B09MJRJFXW,2025-11-17
B09MJRJFXW,2025-11-24
B09MJRJFXW,2025-12-01
B09MJRJFXW,2025-12-08
B09MJRJFXW,2025-12-15
B09MJRJFXW,2025-12-22
B09MJRJFXW,2025-12-29
B09MJRJFXW,2026-01-05
B09MJRJFXW,2026-01-12
B09MJRJFXW,2026-01-19
B09MJRJFXW,2026-01-26
B09MJRJFXW,2026-02-02
B09MJRJFXW,2026-02-09
B09MJRJFXW,2026-02-16
B09MJRJFXW,2026-02-23
B09MJRJFXW,2026-03-02
B09MJRJFXW,2026-03-09
B09MJRJFXW,2026-03-16
B09MJRJFXW,2026-03-23
B09MJRJFXW,2026-03-30
B09MJRJFXW,2025-03-03
B09MJRJFXW,2025-03-10
B09MJRJFXW,2025-03-17
B09MJRJFXW,2025-03-24
B09MJRJFXW,2025-03-31
B09MJRJFXW,2025-04-07
B09MJRJFXW,2025-04-14
B09MJRJFXW,2025-04-21
B09MJRJFXW,2025-04-28
B09MJRJFXW,2025-05-05
B09MJRJFXW,2025-05-12
B09MJRJFXW,2025-05-19
B09MJRJFXW,2025-05-26
B09MJRJFXW,2025-06-02
B09MJRJFXW,2025-06-09
B09MJRJFXW,2025-06-16
B09MJRJFXW,2025-06-23
B09MJRJFXW,2025-06-30
B09MJRJFXW,2025-07-07
B09MJRJFXW,2025-07-14
B09MJRJFXW,2025-07-21
B09MJRJFXW,2025-07-28
B09MJRJFXW,2025-08-04
B09MJRJFXW,2025-08-11
B09MJRJFXW,2025-08-18
B09MJRJFXW,2025-08-25
B09MJRJFXW,2025-09-01
B09MJRJFXW,2025-09-08
B09MJRJFXW,2025-09-15
B09MJRJFXW,2025-09-22
B09MJRJFXW,2025-09-29
B09MJRJFXW,2025-10-06
B09MJRJFXW,2025-10-13
B09MJRJFXW,2025-10-20
B09MJRJFXW,2025-10-27
B09MJRJFXW,2025-11-03
B09MJRJFXW,2025-11-10
B09MJRJFXW,2025-11-17
B09MJRJFXW,2025-11-24
B09MJRJFXW,2025-12-01
B09MJRJFXW,2025-12-08
B09MJRJFXW,2025-12-15
B09MJRJFXW,2025-12-22
B09MJRJFXW,2025-12-29
B09MJRJFXW,2026-01-05
B09MJRJFXW,2026-01-12
B09MJRJFXW,2026-01-19
B09MJRJFXW,2026-01-26
B09MJRJFXW,2026-02-02
B09MJRJFXW,2026-02-09
B09MJRJFXW,2026-02-16
B09MJRJFXW,2026-02-23
B09MJRJFXW,2026-03-02
B09MJRJFXW,2026-03-09
B09MJRJFXW,2026-03-16
B09MJRJFXW,2026-03-23
B09MJRJFXW,2026-03-30
B09QP1LXD7,2025-03-03
B09QP1LXD7,2025-03-10
B09QP1LXD7,2025-03-17
B09QP1LXD7,2025-03-24
B09QP1LXD7,2025-03-31
B09QP1LXD7,2025-04-07
B09QP1LXD7,2025-04-14
B09QP1LXD7,2025-04-21
B09QP1LXD7,2025-04-28
B09QP1LXD7,2025-05-05
B09QP1LXD7,2025-05-12
B09QP1LXD7,2025-05-19
B09QP1LXD7,2025-05-26
B09QP1LXD7,2025-06-02
B09QP1LXD7,2025-06-09
B09QP1LXD7,2025-06-16
B09QP1LXD7,2025-06-23
B09QP1LXD7,2025-06-30
B09QP1LXD7,2025-07-07
B09QP1LXD7,2025-07-14
B09QP1LXD7,2025-07-21
B09QP1LXD7,2025-07-28
B09QP1LXD7,2025-08-04
B09QP1LXD7,2025-08-11
B09QP1LXD7,2025-08-18
B09QP1LXD7,2025-08-25
B09QP1LXD7,2025-09-01
B09QP1LXD7,2025-09-08
B09QP1LXD7,2025-09-15
B09QP1LXD7,2025-09-22
B09QP1LXD7,2025-09-29
B09QP1LXD7,2025-10-06
B09QP1LXD7,2025-10-13
B09QP1LXD7,2025-10-20
B09QP1LXD7,2025-10-27
B09QP1LXD7,2025-11-03
B09QP1LXD7,2025-11-10
B09QP1LXD7,2025-11-17
B09QP1LXD7,2025-11-24
B09QP1LXD7,2025-12-01
B09QP1LXD7,2025-12-08
B09QP1LXD7,2025-12-15
B09QP1LXD7,2025-12-22
B09QP1LXD7,2025-12-29
B09QP1LXD7,2026-01-05
B09QP1LXD7,2026-01-12
B09QP1LXD7,2026-01-19
B09QP1LXD7,2026-01-26
B09QP1LXD7,2026-02-02
B09QP1LXD7,2026-02-09
B09QP1LXD7,2026-02-16
B09QP1LXD7,2026-02-23
B09QP1LXD7,2026-03-02
B09QP1LXD7,2026-03-09
B09QP1LXD7,2026-03-16
B09QP1LXD7,2026-03-23
B09QP1LXD7,2026-03-30
B09QP1LXD7,2025-03-03
B09QP1LXD7,2025-03-10
B09QP1LXD7,2025-03-17
B09QP1LXD7,2025-03-24
B09QP1LXD7,2025-03-31
B09QP1LXD7,2025-04-07
B09QP1LXD7,2025-04-14
B09QP1LXD7,2025-04-21
B09QP1LXD7,2025-04-28
B09QP1LXD7,2025-05-05
B09QP1LXD7,2025-05-12
B09QP1LXD7,2025-05-19
B09QP1LXD7,2025-05-26
B09QP1LXD7,2025-06-02
B09QP1LXD7,2025-06-09
B09QP1LXD7,2025-06-16
B09QP1LXD7,2025-06-23
B09QP1LXD7,2025-06-30
B09QP1LXD7,2025-07-07
B09QP1LXD7,2025-07-14
B09QP1LXD7,2025-07-21
B09QP1LXD7,2025-07-28
B09QP1LXD7,2025-08-04
B09QP1LXD7,2025-08-11
B09QP1LXD7,2025-08-18
B09QP1LXD7,2025-08-25
B09QP1LXD7,2025-09-01
B09QP1LXD7,2025-09-08
B09QP1LXD7,2025-09-15
B09QP1LXD7,2025-09-22
B09QP1LXD7,2025-09-29
B09QP1LXD7,2025-10-06
B09QP1LXD7,2025-10-13
B09QP1LXD7,2025-10-20
B09QP1LXD7,2025-10-27
B09QP1LXD7,2025-11-03
B09QP1LXD7,2025-11-10
B09QP1LXD7,2025-11-17
B09QP1LXD7,2025-11-24
B09QP1LXD7,2025-12-01
B09QP1LXD7,2025-12-08
B09QP1LXD7,2025-12-15
B09QP1LXD7,2025-12-22
B09QP1LXD7,2025-12-29
B09QP1LXD7,2026-01-05
B09QP1LXD7,2026-01-12
B09QP1LXD7,2026-01-19
B09QP1LXD7,2026-01-26
B09QP1LXD7,2026-02-02
B09QP1LXD7,2026-02-09
B09QP1LXD7,2026-02-16
B09QP1LXD7,2026-02-23
B09QP1LXD7,2026-03-02
B09QP1LXD7,2026-03-09
B09QP1LXD7,2026-03-16
B09QP1LXD7,2026-03-23
B09QP1LXD7,2026-03-30
B09V2R4DFW,2025-03-03
B09V2R4DFW,2025-03-10
B09V2R4DFW,2025-03-17
B09V2R4DFW,2025-03-24
B09V2R4DFW,2025-03-31
B09V2R4DFW,2025-04-07
B09V2R4DFW,2025-04-14
B09V2R4DFW,2025-04-21
B09V2R4DFW,2025-04-28
B09V2R4DFW,2025-05-05
B09V2R4DFW,2025-05-12
B09V2R4DFW,2025-05-19
B09V2R4DFW,2025-05-26
B09V2R4DFW,2025-06-02
B09V2R4DFW,2025-06-09
B09V2R4DFW,2025-06-16
B09V2R4DFW,2025-06-23
B09V2R4DFW,2025-06-30
B09V2R4DFW,2025-07-07
B09V2R4DFW,2025-07-14
B09V2R4DFW,2025-07-21
B09V2R4DFW,2025-07-28
B09V2R4DFW,2025-08-04
B09V2R4DFW,2025-08-11
B09V2R4DFW,2025-08-18
B09V2R4DFW,2025-08-25
B09V2R4DFW,2025-09-01
B09V2R4DFW,2025-09-08
B09V2R4DFW,2025-09-15
B09V2R4DFW,2025-09-22
B09V2R4DFW,2025-09-29
B09V2R4DFW,2025-10-06
B09V2R4DFW,2025-10-13
B09V2R4DFW,2025-10-20
B09V2R4DFW,2025-10-27
B09V2R4DFW,2025-11-03
B09V2R4DFW,2025-11-10
B09V2R4DFW,2025-11-17
B09V2R4DFW,2025-11-24
B09V2R4DFW,2025-12-01
B09V2R4DFW,2025-12-08
B09V2R4DFW,2025-12-15
B09V2R4DFW,2025-12-22
B09V2R4DFW,2025-12-29
B09V2R4DFW,2026-01-05
B09V2R4DFW,2026-01-12
B09V2R4DFW,2026-01-19
B09V2R4DFW,2026-01-26
B09V2R4DFW,2026-02-02
B09V2R4DFW,2026-02-09
B09V2R4DFW,2026-02-16
B09V2R4DFW,2026-02-23
B09V2R4DFW,2026-03-02
B09V2R4DFW,2026-03-09
B09V2R4DFW,2026-03-16
B09V2R4DFW,2026-03-23
B09V2R4DFW,2026-03-30
B09V2R4DFW,2025-03-03
B09V2R4DFW,2025-03-10
B09V2R4DFW,2025-03-17
B09V2R4DFW,2025-03-24
B09V2R4DFW,2025-03-31
B09V2R4DFW,2025-04-07
B09V2R4DFW,2025-04-14
B09V2R4DFW,2025-04-21
B09V2R4DFW,2025-04-28
B09V2R4DFW,2025-05-05
B09V2R4DFW,2025-05-12
B09V2R4DFW,2025-05-19
B09V2R4DFW,2025-05-26
B09V2R4DFW,2025-06-02
B09V2R4DFW,2025-06-09
B09V2R4DFW,2025-06-16
B09V2R4DFW,2025-06-23
B09V2R4DFW,2025-06-30
B09V2R4DFW,2025-07-07
B09V2R4DFW,2025-07-14
B09V2R4DFW,2025-07-21
B09V2R4DFW,2025-07-28
B09V2R4DFW,2025-08-04
B09V2R4DFW,2025-08-11
B09V2R4DFW,2025-08-18
B09V2R4DFW,2025-08-25
B09V2R4DFW,2025-09-01
B09V2R4DFW,2025-09-08
B09V2R4DFW,2025-09-15
B09V2R4DFW,2025-09-22
B09V2R4DFW,2025-09-29
B09V2R4DFW,2025-10-06
B09V2R4DFW,2025-10-13
B09V2R4DFW,2025-10-20
B09V2R4DFW,2025-10-27
B09V2R4DFW,2025-11-03
B09V2R4DFW,2025-11-10
B09V2R4DFW,2025-11-17
B09V2R4DFW,2025-11-24
B09V2R4DFW,2025-12-01
B09V2R4DFW,2025-12-08
B09V2R4DFW,2025-12-15
B09V2R4DFW,2025-12-22
B09V2R4DFW,2025-12-29
B09V2R4DFW,2026-01-05
B09V2R4DFW,2026-01-12
B09V2R4DFW,2026-01-19
B09V2R4DFW,2026-01-26
B09V2R4DFW,2026-02-02
B09V2R4DFW,2026-02-09
B09V2R4DFW,2026-02-16
B09V2R4DFW,2026-02-23
B09V2R4DFW,2026-03-02
B09V2R4DFW,2026-03-09
B09V2R4DFW,2026-03-16
B09V2R4DFW,2026-03-23
B09V2R4DFW,2026-03-30
B09Z1Z3Z8F,2025-03-03
B09Z1Z3Z8F,2025-03-10
B09Z1Z3Z8F,2025-03-17
B09Z1Z3Z8F,2025-03-24
B09Z1Z3Z8F,2025-03-31
B09Z1Z3Z8F,2025-04-07
B09Z1Z3Z8F,2025-04-14
B09Z1Z3Z8F,2025-04-21
B09Z1Z3Z8F,2025-04-28
B09Z1Z3Z8F,2025-05-05
B09Z1Z3Z8F,2025-05-12
B09Z1Z3Z8F,2025-05-19
B09Z1Z3Z8F,2025-05-26
B09Z1Z3Z8F,2025-06-02
B09Z1Z3Z8F,2025-06-09
B09Z1Z3Z8F,2025-06-16
B09Z1Z3Z8F,2025-06-23
B09Z1Z3Z8F,2025-06-30
B09Z1Z3Z8F,2025-07-07
B09Z1Z3Z8F,2025-07-14
B09Z1Z3Z8F,2025-07-21
B09Z1Z3Z8F,2025-07-28
B09Z1Z3Z8F,2025-08-04
B09Z1Z3Z8F,2025-08-11
B09Z1Z3Z8F,2025-08-18
B09Z1Z3Z8F,2025-08-25
B09Z1Z3Z8F,2025-09-01
B09Z1Z3Z8F,2025-09-08
B09Z1Z3Z8F,2025-09-15
B09Z1Z3Z8F,2025-09-22
B09Z1Z3Z8F,2025-09-29
B09Z1Z3Z8F,2025-10-06
B09Z1Z3Z8F,2025-10-13
B09Z1Z3Z8F,2025-10-20
B09Z1Z3Z8F,2025-10-27
B09Z1Z3Z8F,2025-11-03
B09Z1Z3Z8F,2025-11-10
B09Z1Z3Z8F,2025-11-17
B09Z1Z3Z8F,2025-11-24
B09Z1Z3Z8F,2025-12-01
B09Z1Z3Z8F,2025-12-08
B09Z1Z3Z8F,2025-12-15
B09Z1Z3Z8F,2025-12-22
B09Z1Z3Z8F,2025-12-29
B09Z1Z3Z8F,2026-01-05
B09Z1Z3Z8F,2026-01-12
B09Z1Z3Z8F,2026-01-19
B09Z1Z3Z8F,2026-01-26
B09Z1Z3Z8F,2026-02-02
B09Z1Z3Z8F,2026-02-09
B09Z1Z3Z8F,2026-02-16
B09Z1Z3Z8F,2026-02-23
B09Z1Z3Z8F,2026-03-02
B09Z1Z3Z8F,2026-03-09
B09Z1Z3Z8F,2026-03-16
B09Z1Z3Z8F,2026-03-23
B09Z1Z3Z8F,2026-03-30
B09Z1Z3Z8F,2025-03-03
B09Z1Z3Z8F,2025-03-10
B09Z1Z3Z8F,2025-03-17
B09Z1Z3Z8F,2025-03-24
B09Z1Z3Z8F,2025-03-31
B09Z1Z3Z8F,2025-04-07
B09Z1Z3Z8F,2025-04-14
B09Z1Z3Z8F,2025-04-21
B09Z1Z3Z8F,2025-04-28
B09Z1Z3Z8F,2025-05-05
B09Z1Z3Z8F,2025-05-12
B09Z1Z3Z8F,2025-05-19
B09Z1Z3Z8F,2025-05-26
B09Z1Z3Z8F,2025-06-02
B09Z1Z3Z8F,2025-06-09
B09Z1Z3Z8F,2025-06-16
B09Z1Z3Z8F,2025-06-23
B09Z1Z3Z8F,2025-06-30
B09Z1Z3Z8F,2025-07-07
B09Z1Z3Z8F,2025-07-14
B09Z1Z3Z8F,2025-07-21
B09Z1Z3Z8F,2025-07-28
B09Z1Z3Z8F,2025-08-04
B09Z1Z3Z8F,2025-08-11
B09Z1Z3Z8F,2025-08-18
B09Z1Z3Z8F,2025-08-25
B09Z1Z3Z8F,2025-09-01
B09Z1Z3Z8F,2025-09-08
B09Z1Z3Z8F,2025-09-15
B09Z1Z3Z8F,2025-09-22
B09Z1Z3Z8F,2025-09-29
B09Z1Z3Z8F,2025-10-06
B09Z1Z3Z8F,2025-10-13
B09Z1Z3Z8F,2025-10-20
B09Z1Z3Z8F,2025-10-27
B09Z1Z3Z8F,2025-11-03
B09Z1Z3Z8F,2025-11-10
B09Z1Z3Z8F,2025-11-17
B09Z1Z3Z8F,2025-11-24
B09Z1Z3Z8F,2025-12-01
B09Z1Z3Z8F,2025-12-08
B09Z1Z3Z8F,2025-12-15
B09Z1Z3Z8F,2025-12-22
B09Z1Z3Z8F,2025-12-29
B09Z1Z3Z8F,2026-01-05
B09Z1Z3Z8F,2026-01-12
B09Z1Z3Z8F,2026-01-19
B09Z1Z3Z8F,2026-01-26
B09Z1Z3Z8F,2026-02-02
B09Z1Z3Z8F,2026-02-09
B09Z1Z3Z8F,2026-02-16
B09Z1Z3Z8F,2026-02-23
B09Z1Z3Z8F,2026-03-02
B09Z1Z3Z8F,2026-03-09
B09Z1Z3Z8F,2026-03-16
B09Z1Z3Z8F,2026-03-23
B09Z1Z3Z8F,2026-03-30
B09Z21497W,2025-03-03
B09Z21497W,2025-03-10
B09Z21497W,2025-03-17
B09Z21497W,2025-03-24
B09Z21497W,2025-03-31
B09Z21497W,2025-04-07
B09Z21497W,2025-04-14
B09Z21497W,2025-04-21
B09Z21497W,2025-04-28
B09Z21497W,2025-05-05
B09Z21497W,2025-05-12
B09Z21497W,2025-05-19
B09Z21497W,2025-05-26
B09Z21497W,2025-06-02
B09Z21497W,2025-06-09
B09Z21497W,2025-06-16
B09Z21497W,2025-06-23
B09Z21497W,2025-06-30
B09Z21497W,2025-07-07
B09Z21497W,2025-07-14
B09Z21497W,2025-07-21
B09Z21497W,2025-07-28
B09Z21497W,2025-08-04
B09Z21497W,2025-08-11
B09Z21497W,2025-08-18
B09Z21497W,2025-08-25
B09Z21497W,2025-09-01
B09Z21497W,2025-09-08
B09Z21497W,2025-09-15
B09Z21497W,2025-09-22
B09Z21497W,2025-09-29
B09Z21497W,2025-10-06
B09Z21497W,2025-10-13
B09Z21497W,2025-10-20
B09Z21497W,2025-10-27
B09Z21497W,2025-11-03
B09Z21497W,2025-11-10
B09Z21497W,2025-11-17
B09Z21497W,2025-11-24
B09Z21497W,2025-12-01
B09Z21497W,2025-12-08
B09Z21497W,2025-12-15
B09Z21497W,2025-12-22
B09Z21497W,2025-12-29
B09Z21497W,2026-01-05
B09Z21497W,2026-01-12
B09Z21497W,2026-01-19
B09Z21497W,2026-01-26
B09Z21497W,2026-02-02
B09Z21497W,2026-02-09
B09Z21497W,2026-02-16
B09Z21497W,2026-02-23
B09Z21497W,2026-03-02
B09Z21497W,2026-03-09
B09Z21497W,2026-03-16
B09Z21497W,2026-03-23
B09Z21497W,2026-03-30
B09Z21497W,2025-03-03
B09Z21497W,2025-03-10
B09Z21497W,2025-03-17
B09Z21497W,2025-03-24
B09Z21497W,2025-03-31
B09Z21497W,2025-04-07
B09Z21497W,2025-04-14
B09Z21497W,2025-04-21
B09Z21497W,2025-04-28
B09Z21497W,2025-05-05
B09Z21497W,2025-05-12
B09Z21497W,2025-05-19
B09Z21497W,2025-05-26
B09Z21497W,2025-06-02
B09Z21497W,2025-06-09
B09Z21497W,2025-06-16
B09Z21497W,2025-06-23
B09Z21497W,2025-06-30
B09Z21497W,2025-07-07
B09Z21497W,2025-07-14
B09Z21497W,2025-07-21
B09Z21497W,2025-07-28
B09Z21497W,2025-08-04
B09Z21497W,2025-08-11
B09Z21497W,2025-08-18
B09Z21497W,2025-08-25
B09Z21497W,2025-09-01
B09Z21497W,2025-09-08
B09Z21497W,2025-09-15
B09Z21497W,2025-09-22
B09Z21497W,2025-09-29
B09Z21497W,2025-10-06
B09Z21497W,2025-10-13
B09Z21497W,2025-10-20
B09Z21497W,2025-10-27
B09Z21497W,2025-11-03
B09Z21497W,2025-11-10
B09Z21497W,2025-11-17
B09Z21497W,2025-11-24
B09Z21497W,2025-12-01
B09Z21497W,2025-12-08
B09Z21497W,2025-12-15
B09Z21497W,2025-12-22
B09Z21497W,2025-12-29
B09Z21497W,2026-01-05
B09Z21497W,2026-01-12
B09Z21497W,2026-01-19
B09Z21497W,2026-01-26
B09Z21497W,2026-02-02
B09Z21497W,2026-02-09
B09Z21497W,2026-02-16
B09Z21497W,2026-02-23
B09Z21497W,2026-03-02
B09Z21497W,2026-03-09
B09Z21497W,2026-03-16
B09Z21497W,2026-03-23
B09Z21497W,2026-03-30
B09ZDBNXF9,2025-03-03
B09ZDBNXF9,2025-03-10
B09ZDBNXF9,2025-03-17
B09ZDBNXF9,2025-03-24
B09ZDBNXF9,2025-03-31
B09ZDBNXF9,2025-04-07
B09ZDBNXF9,2025-04-14
B09ZDBNXF9,2025-04-21
B09ZDBNXF9,2025-04-28
B09ZDBNXF9,2025-05-05
B09ZDBNXF9,2025-05-12
B09ZDBNXF9,2025-05-19
B09ZDBNXF9,2025-05-26
B09ZDBNXF9,2025-06-02
B09ZDBNXF9,2025-06-09
B09ZDBNXF9,2025-06-16
B09ZDBNXF9,2025-06-23
B09ZDBNXF9,2025-06-30
B09ZDBNXF9,2025-07-07
B09ZDBNXF9,2025-07-14
B09ZDBNXF9,2025-07-21
B09ZDBNXF9,2025-07-28
B09ZDBNXF9,2025-08-04
B09ZDBNXF9,2025-08-11
B09ZDBNXF9,2025-08-18
B09ZDBNXF9,2025-08-25
B09ZDBNXF9,2025-09-01
B09ZDBNXF9,2025-09-08
B09ZDBNXF9,2025-09-15
B09ZDBNXF9,2025-09-22
B09ZDBNXF9,2025-09-29
B09ZDBNXF9,2025-10-06
B09ZDBNXF9,2025-10-13
B09ZDBNXF9,2025-10-20
B09ZDBNXF9,2025-10-27
B09ZDBNXF9,2025-11-03
B09ZDBNXF9,2025-11-10
B09ZDBNXF9,2025-11-17
B09ZDBNXF9,2025-11-24
B09ZDBNXF9,2025-12-01
B09ZDBNXF9,2025-12-08
B09ZDBNXF9,2025-12-15
B09ZDBNXF9,2025-12-22
B09ZDBNXF9,2025-12-29
B09ZDBNXF9,2026-01-05
B09ZDBNXF9,2026-01-12
B09ZDBNXF9,2026-01-19
B09ZDBNXF9,2026-01-26
B09ZDBNXF9,2026-02-02
B09ZDBNXF9,2026-02-09
B09ZDBNXF9,2026-02-16
B09ZDBNXF9,2026-02-23
B09ZDBNXF9,2026-03-02
B09ZDBNXF9,2026-03-09
B09ZDBNXF9,2026-03-16
B09ZDBNXF9,2026-03-23
B09ZDBNXF9,2026-03-30
B09ZDBNXF9,2025-03-03
B09ZDBNXF9,2025-03-10
B09ZDBNXF9,2025-03-17
B09ZDBNXF9,2025-03-24
B09ZDBNXF9,2025-03-31
B09ZDBNXF9,2025-04-07
B09ZDBNXF9,2025-04-14
B09ZDBNXF9,2025-04-21
B09ZDBNXF9,2025-04-28
B09ZDBNXF9,2025-05-05
B09ZDBNXF9,2025-05-12
B09ZDBNXF9,2025-05-19
B09ZDBNXF9,2025-05-26
B09ZDBNXF9,2025-06-02
B09ZDBNXF9,2025-06-09
B09ZDBNXF9,2025-06-16
B09ZDBNXF9,2025-06-23
B09ZDBNXF9,2025-06-30
B09ZDBNXF9,2025-07-07
B09ZDBNXF9,2025-07-14
B09ZDBNXF9,2025-07-21
B09ZDBNXF9,2025-07-28
B09ZDBNXF9,2025-08-04
B09ZDBNXF9,2025-08-11
B09ZDBNXF9,2025-08-18
B09ZDBNXF9,2025-08-25
B09ZDBNXF9,2025-09-01
B09ZDBNXF9,2025-09-08
B09ZDBNXF9,2025-09-15
B09ZDBNXF9,2025-09-22
B09ZDBNXF9,2025-09-29
B09ZDBNXF9,2025-10-06
B09ZDBNXF9,2025-10-13
B09ZDBNXF9,2025-10-20
B09ZDBNXF9,2025-10-27
B09ZDBNXF9,2025-11-03
B09ZDBNXF9,2025-11-10
B09ZDBNXF9,2025-11-17
B09ZDBNXF9,2025-11-24
B09ZDBNXF9,2025-12-01
B09ZDBNXF9,2025-12-08
B09ZDBNXF9,2025-12-15
B09ZDBNXF9,2025-12-22
B09ZDBNXF9,2025-12-29
B09ZDBNXF9,2026-01-05
B09ZDBNXF9,2026-01-12
B09ZDBNXF9,2026-01-19
B09ZDBNXF9,2026-01-26
B09ZDBNXF9,2026-02-02
B09ZDBNXF9,2026-02-09
B09ZDBNXF9,2026-02-16
B09ZDBNXF9,2026-02-23
B09ZDBNXF9,2026-03-02
B09ZDBNXF9,2026-03-09
B09ZDBNXF9,2026-03-16
B09ZDBNXF9,2026-03-23
B09ZDBNXF9,2026-03-30
B0B1Z9PH71,2025-03-03
B0B1Z9PH71,2025-03-10
B0B1Z9PH71,2025-03-17
B0B1Z9PH71,2025-03-24
B0B1Z9PH71,2025-03-31
B0B1Z9PH71,2025-04-07
B0B1Z9PH71,2025-04-14
B0B1Z9PH71,2025-04-21
B0B1Z9PH71,2025-04-28
B0B1Z9PH71,2025-05-05
B0B1Z9PH71,2025-05-12
B0B1Z9PH71,2025-05-19
B0B1Z9PH71,2025-05-26
B0B1Z9PH71,2025-06-02
B0B1Z9PH71,2025-06-09
B0B1Z9PH71,2025-06-16
B0B1Z9PH71,2025-06-23
B0B1Z9PH71,2025-06-30
B0B1Z9PH71,2025-07-07
B0B1Z9PH71,2025-07-14
B0B1Z9PH71,2025-07-21
B0B1Z9PH71,2025-07-28
B0B1Z9PH71,2025-08-04
B0B1Z9PH71,2025-08-11
B0B1Z9PH71,2025-08-18
B0B1Z9PH71,2025-08-25
B0B1Z9PH71,2025-09-01
B0B1Z9PH71,2025-09-08
B0B1Z9PH71,2025-09-15
B0B1Z9PH71,2025-09-22
B0B1Z9PH71,2025-09-29
B0B1Z9PH71,2025-10-06
B0B1Z9PH71,2025-10-13
B0B1Z9PH71,2025-10-20
B0B1Z9PH71,2025-10-27
B0B1Z9PH71,2025-11-03
B0B1Z9PH71,2025-11-10
B0B1Z9PH71,2025-11-17
B0B1Z9PH71,2025-11-24
B0B1Z9PH71,2025-12-01
B0B1Z9PH71,2025-12-08
B0B1Z9PH71,2025-12-15
B0B1Z9PH71,2025-12-22
B0B1Z9PH71,2025-12-29
B0B1Z9PH71,2026-01-05
B0B1Z9PH71,2026-01-12
B0B1Z9PH71,2026-01-19
B0B1Z9PH71,2026-01-26
B0B1Z9PH71,2026-02-02
B0B1Z9PH71,2026-02-09
B0B1Z9PH71,2026-02-16
B0B1Z9PH71,2026-02-23
B0B1Z9PH71,2026-03-02
B0B1Z9PH71,2026-03-09
B0B1Z9PH71,2026-03-16
B0B1Z9PH71,2026-03-23
B0B1Z9PH71,2026-03-30
B0B1Z9PH71,2025-03-03
B0B1Z9PH71,2025-03-10
B0B1Z9PH71,2025-03-17
B0B1Z9PH71,2025-03-24
B0B1Z9PH71,2025-03-31
B0B1Z9PH71,2025-04-07
B0B1Z9PH71,2025-04-14
B0B1Z9PH71,2025-04-21
B0B1Z9PH71,2025-04-28
B0B1Z9PH71,2025-05-05
B0B1Z9PH71,2025-05-12
B0B1Z9PH71,2025-05-19
B0B1Z9PH71,2025-05-26
B0B1Z9PH71,2025-06-02
B0B1Z9PH71,2025-06-09
B0B1Z9PH71,2025-06-16
B0B1Z9PH71,2025-06-23
B0B1Z9PH71,2025-06-30
B0B1Z9PH71,2025-07-07
B0B1Z9PH71,2025-07-14
B0B1Z9PH71,2025-07-21
B0B1Z9PH71,2025-07-28
B0B1Z9PH71,2025-08-04
B0B1Z9PH71,2025-08-11
B0B1Z9PH71,2025-08-18
B0B1Z9PH71,2025-08-25
B0B1Z9PH71,2025-09-01
B0B1Z9PH71,2025-09-08
B0B1Z9PH71,2025-09-15
B0B1Z9PH71,2025-09-22
B0B1Z9PH71,2025-09-29
B0B1Z9PH71,2025-10-06
B0B1Z9PH71,2025-10-13
B0B1Z9PH71,2025-10-20
B0B1Z9PH71,2025-10-27
B0B1Z9PH71,2025-11-03
B0B1Z9PH71,2025-11-10
B0B1Z9PH71,2025-11-17
B0B1Z9PH71,2025-11-24
B0B1Z9PH71,2025-12-01
B0B1Z9PH71,2025-12-08
B0B1Z9PH71,2025-12-15
B0B1Z9PH71,2025-12-22
B0B1Z9PH71,2025-12-29
B0B1Z9PH71,2026-01-05
B0B1Z9PH71,2026-01-12
B0B1Z9PH71,2026-01-19
B0B1Z9PH71,2026-01-26
B0B1Z9PH71,2026-02-02
B0B1Z9PH71,2026-02-09
B0B1Z9PH71,2026-02-16
B0B1Z9PH71,2026-02-23
B0B1Z9PH71,2026-03-02
B0B1Z9PH71,2026-03-09
B0B1Z9PH71,2026-03-16
B0B1Z9PH71,2026-03-23
B0B1Z9PH71,2026-03-30
B0B1ZBGMJR,2025-03-03
B0B1ZBGMJR,2025-03-10
B0B1ZBGMJR,2025-03-17
B0B1ZBGMJR,2025-03-24
B0B1ZBGMJR,2025-03-31
B0B1ZBGMJR,2025-04-07
B0B1ZBGMJR,2025-04-14
B0B1ZBGMJR,2025-04-21
B0B1ZBGMJR,2025-04-28
B0B1ZBGMJR,2025-05-05
B0B1ZBGMJR,2025-05-12
B0B1ZBGMJR,2025-05-19
B0B1ZBGMJR,2025-05-26
B0B1ZBGMJR,2025-06-02
B0B1ZBGMJR,2025-06-09
B0B1ZBGMJR,2025-06-16
B0B1ZBGMJR,2025-06-23
B0B1ZBGMJR,2025-06-30
B0B1ZBGMJR,2025-07-07
B0B1ZBGMJR,2025-07-14
B0B1ZBGMJR,2025-07-21
B0B1ZBGMJR,2025-07-28
B0B1ZBGMJR,2025-08-04
B0B1ZBGMJR,2025-08-11
B0B1ZBGMJR,2025-08-18
B0B1ZBGMJR,2025-08-25
B0B1ZBGMJR,2025-09-01
B0B1ZBGMJR,2025-09-08
B0B1ZBGMJR,2025-09-15
B0B1ZBGMJR,2025-09-22
B0B1ZBGMJR,2025-09-29
B0B1ZBGMJR,2025-10-06
B0B1ZBGMJR,2025-10-13
B0B1ZBGMJR,2025-10-20
B0B1ZBGMJR,2025-10-27
B0B1ZBGMJR,2025-11-03
B0B1ZBGMJR,2025-11-10
B0B1ZBGMJR,2025-11-17
B0B1ZBGMJR,2025-11-24
B0B1ZBGMJR,2025-12-01
B0B1ZBGMJR,2025-12-08
B0B1ZBGMJR,2025-12-15
B0B1ZBGMJR,2025-12-22
B0B1ZBGMJR,2025-12-29
B0B1ZBGMJR,2026-01-05
B0B1ZBGMJR,2026-01-12
B0B1ZBGMJR,2026-01-19
B0B1ZBGMJR,2026-01-26
B0B1ZBGMJR,2026-02-02
B0B1ZBGMJR,2026-02-09
B0B1ZBGMJR,2026-02-16
B0B1ZBGMJR,2026-02-23
B0B1ZBGMJR,2026-03-02
B0B1ZBGMJR,2026-03-09
B0B1ZBGMJR,2026-03-16
B0B1ZBGMJR,2026-03-23
B0B1ZBGMJR,2026-03-30
B0B1ZBGMJR,2025-03-03
B0B1ZBGMJR,2025-03-10
B0B1ZBGMJR,2025-03-17
B0B1ZBGMJR,2025-03-24
B0B1ZBGMJR,2025-03-31
B0B1ZBGMJR,2025-04-07
B0B1ZBGMJR,2025-04-14
B0B1ZBGMJR,2025-04-21
B0B1ZBGMJR,2025-04-28
B0B1ZBGMJR,2025-05-05
B0B1ZBGMJR,2025-05-12
B0B1ZBGMJR,2025-05-19
B0B1ZBGMJR,2025-05-26
B0B1ZBGMJR,2025-06-02
B0B1ZBGMJR,2025-06-09
B0B1ZBGMJR,2025-06-16
B0B1ZBGMJR,2025-06-23
B0B1ZBGMJR,2025-06-30
B0B1ZBGMJR,2025-07-07
B0B1ZBGMJR,2025-07-14
B0B1ZBGMJR,2025-07-21
B0B1ZBGMJR,2025-07-28
B0B1ZBGMJR,2025-08-04
B0B1ZBGMJR,2025-08-11
B0B1ZBGMJR,2025-08-18
B0B1ZBGMJR,2025-08-25
B0B1ZBGMJR,2025-09-01
B0B1ZBGMJR,2025-09-08
B0B1ZBGMJR,2025-09-15
B0B1ZBGMJR,2025-09-22
B0B1ZBGMJR,2025-09-29
B0B1ZBGMJR,2025-10-06
B0B1ZBGMJR,2025-10-13
B0B1ZBGMJR,2025-10-20
B0B1ZBGMJR,2025-10-27
B0B1ZBGMJR,2025-11-03
B0B1ZBGMJR,2025-11-10
B0B1ZBGMJR,2025-11-17
B0B1ZBGMJR,2025-11-24
B0B1ZBGMJR,2025-12-01
B0B1ZBGMJR,2025-12-08
B0B1ZBGMJR,2025-12-15
B0B1ZBGMJR,2025-12-22
B0B1ZBGMJR,2025-12-29
B0B1ZBGMJR,2026-01-05
B0B1ZBGMJR,2026-01-12
B0B1ZBGMJR,2026-01-19
B0B1ZBGMJR,2026-01-26
B0B1ZBGMJR,2026-02-02
B0B1ZBGMJR,2026-02-09
B0B1ZBGMJR,2026-02-16
B0B1ZBGMJR,2026-02-23
B0B1ZBGMJR,2026-03-02
B0B1ZBGMJR,2026-03-09
B0B1ZBGMJR,2026-03-16
B0B1ZBGMJR,2026-03-23
B0B1ZBGMJR,2026-03-30
B0B1ZBNSDR,2025-03-03
B0B1ZBNSDR,2025-03-10
B0B1ZBNSDR,2025-03-17
B0B1ZBNSDR,2025-03-24
B0B1ZBNSDR,2025-03-31
B0B1ZBNSDR,2025-04-07
B0B1ZBNSDR,2025-04-14
B0B1ZBNSDR,2025-04-21
B0B1ZBNSDR,2025-04-28
B0B1ZBNSDR,2025-05-05
B0B1ZBNSDR,2025-05-12
B0B1ZBNSDR,2025-05-19
B0B1ZBNSDR,2025-05-26
B0B1ZBNSDR,2025-06-02
B0B1ZBNSDR,2025-06-09
B0B1ZBNSDR,2025-06-16
B0B1ZBNSDR,2025-06-23
B0B1ZBNSDR,2025-06-30
B0B1ZBNSDR,2025-07-07
B0B1ZBNSDR,2025-07-14
B0B1ZBNSDR,2025-07-21
B0B1ZBNSDR,2025-07-28
B0B1ZBNSDR,2025-08-04
B0B1ZBNSDR,2025-08-11
B0B1ZBNSDR,2025-08-18
B0B1ZBNSDR,2025-08-25
B0B1ZBNSDR,2025-09-01
B0B1ZBNSDR,2025-09-08
B0B1ZBNSDR,2025-09-15
B0B1ZBNSDR,2025-09-22
B0B1ZBNSDR,2025-09-29
B0B1ZBNSDR,2025-10-06
B0B1ZBNSDR,2025-10-13
B0B1ZBNSDR,2025-10-20
B0B1ZBNSDR,2025-10-27
B0B1ZBNSDR,2025-11-03
B0B1ZBNSDR,2025-11-10
B0B1ZBNSDR,2025-11-17
B0B1ZBNSDR,2025-11-24
B0B1ZBNSDR,2025-12-01
B0B1ZBNSDR,2025-12-08
B0B1ZBNSDR,2025-12-15
B0B1ZBNSDR,2025-12-22
B0B1ZBNSDR,2025-12-29
B0B1ZBNSDR,2026-01-05
B0B1ZBNSDR,2026-01-12
B0B1ZBNSDR,2026-01-19
B0B1ZBNSDR,2026-01-26
B0B1ZBNSDR,2026-02-02
B0B1ZBNSDR,2026-02-09
B0B1ZBNSDR,2026-02-16
B0B1ZBNSDR,2026-02-23
B0B1ZBNSDR,2026-03-02
B0B1ZBNSDR,2026-03-09
B0B1ZBNSDR,2026-03-16
B0B1ZBNSDR,2026-03-23
B0B1ZBNSDR,2026-03-30
B0B1ZBNSDR,2025-03-03
B0B1ZBNSDR,2025-03-10
B0B1ZBNSDR,2025-03-17
B0B1ZBNSDR,2025-03-24
B0B1ZBNSDR,2025-03-31
B0B1ZBNSDR,2025-04-07
B0B1ZBNSDR,2025-04-14
B0B1ZBNSDR,2025-04-21
B0B1ZBNSDR,2025-04-28
B0B1ZBNSDR,2025-05-05
B0B1ZBNSDR,2025-05-12
B0B1ZBNSDR,2025-05-19
B0B1ZBNSDR,2025-05-26
B0B1ZBNSDR,2025-06-02
B0B1ZBNSDR,2025-06-09
B0B1ZBNSDR,2025-06-16
B0B1ZBNSDR,2025-06-23
B0B1ZBNSDR,2025-06-30
B0B1ZBNSDR,2025-07-07
B0B1ZBNSDR,2025-07-14
B0B1ZBNSDR,2025-07-21
B0B1ZBNSDR,2025-07-28
B0B1ZBNSDR,2025-08-04
B0B1ZBNSDR,2025-08-11
B0B1ZBNSDR,2025-08-18
B0B1ZBNSDR,2025-08-25
B0B1ZBNSDR,2025-09-01
B0B1ZBNSDR,2025-09-08
B0B1ZBNSDR,2025-09-15
B0B1ZBNSDR,2025-09-22
B0B1ZBNSDR,2025-09-29
B0B1ZBNSDR,2025-10-06
B0B1ZBNSDR,2025-10-13
B0B1ZBNSDR,2025-10-20
B0B1ZBNSDR,2025-10-27
B0B1ZBNSDR,2025-11-03
B0B1ZBNSDR,2025-11-10
B0B1ZBNSDR,2025-11-17
B0B1ZBNSDR,2025-11-24
B0B1ZBNSDR,2025-12-01
B0B1ZBNSDR,2025-12-08
B0B1ZBNSDR,2025-12-15
B0B1ZBNSDR,2025-12-22
B0B1ZBNSDR,2025-12-29
B0B1ZBNSDR,2026-01-05
B0B1ZBNSDR,2026-01-12
B0B1ZBNSDR,2026-01-19
B0B1ZBNSDR,2026-01-26
B0B1ZBNSDR,2026-02-02
B0B1ZBNSDR,2026-02-09
B0B1ZBNSDR,2026-02-16
B0B1ZBNSDR,2026-02-23
B0B1ZBNSDR,2026-03-02
B0B1ZBNSDR,2026-03-09
B0B1ZBNSDR,2026-03-16
B0B1ZBNSDR,2026-03-23
B0B1ZBNSDR,2026-03-30
B0B2LMMJC1,2025-03-03
B0B2LMMJC1,2025-03-10
B0B2LMMJC1,2025-03-17
B0B2LMMJC1,2025-03-24
B0B2LMMJC1,2025-03-31
B0B2LMMJC1,2025-04-07
B0B2LMMJC1,2025-04-14
B0B2LMMJC1,2025-04-21
B0B2LMMJC1,2025-04-28
B0B2LMMJC1,2025-05-05
B0B2LMMJC1,2025-05-12
B0B2LMMJC1,2025-05-19
B0B2LMMJC1,2025-05-26
B0B2LMMJC1,2025-06-02
B0B2LMMJC1,2025-06-09
B0B2LMMJC1,2025-06-16
B0B2LMMJC1,2025-06-23
B0B2LMMJC1,2025-06-30
B0B2LMMJC1,2025-07-07
B0B2LMMJC1,2025-07-14
B0B2LMMJC1,2025-07-21
B0B2LMMJC1,2025-07-28
B0B2LMMJC1,2025-08-04
B0B2LMMJC1,2025-08-11
B0B2LMMJC1,2025-08-18
B0B2LMMJC1,2025-08-25
B0B2LMMJC1,2025-09-01
B0B2LMMJC1,2025-09-08
B0B2LMMJC1,2025-09-15
B0B2LMMJC1,2025-09-22
B0B2LMMJC1,2025-09-29
B0B2LMMJC1,2025-10-06
B0B2LMMJC1,2025-10-13
B0B2LMMJC1,2025-10-20
B0B2LMMJC1,2025-10-27
B0B2LMMJC1,2025-11-03
B0B2LMMJC1,2025-11-10
B0B2LMMJC1,2025-11-17
B0B2LMMJC1,2025-11-24
B0B2LMMJC1,2025-12-01
B0B2LMMJC1,2025-12-08
B0B2LMMJC1,2025-12-15
B0B2LMMJC1,2025-12-22
B0B2LMMJC1,2025-12-29
B0B2LMMJC1,2026-01-05
B0B2LMMJC1,2026-01-12
B0B2LMMJC1,2026-01-19
B0B2LMMJC1,2026-01-26
B0B2LMMJC1,2026-02-02
B0B2LMMJC1,2026-02-09
B0B2LMMJC1,2026-02-16
B0B2LMMJC1,2026-02-23
B0B2LMMJC1,2026-03-02
B0B2LMMJC1,2026-03-09
B0B2LMMJC1,2026-03-16
B0B2LMMJC1,2026-03-23
B0B2LMMJC1,2026-03-30
B0B2LMMJC1,2025-03-03
B0B2LMMJC1,2025-03-10
B0B2LMMJC1,2025-03-17
B0B2LMMJC1,2025-03-24
B0B2LMMJC1,2025-03-31
B0B2LMMJC1,2025-04-07
B0B2LMMJC1,2025-04-14
B0B2LMMJC1,2025-04-21
B0B2LMMJC1,2025-04-28
B0B2LMMJC1,2025-05-05
B0B2LMMJC1,2025-05-12
B0B2LMMJC1,2025-05-19
B0B2LMMJC1,2025-05-26
B0B2LMMJC1,2025-06-02
B0B2LMMJC1,2025-06-09
B0B2LMMJC1,2025-06-16
B0B2LMMJC1,2025-06-23
B0B2LMMJC1,2025-06-30
B0B2LMMJC1,2025-07-07
B0B2LMMJC1,2025-07-14
B0B2LMMJC1,2025-07-21
B0B2LMMJC1,2025-07-28
B0B2LMMJC1,2025-08-04
B0B2LMMJC1,2025-08-11
B0B2LMMJC1,2025-08-18
B0B2LMMJC1,2025-08-25
B0B2LMMJC1,2025-09-01
B0B2LMMJC1,2025-09-08
B0B2LMMJC1,2025-09-15
B0B2LMMJC1,2025-09-22
B0B2LMMJC1,2025-09-29
B0B2LMMJC1,2025-10-06
B0B2LMMJC1,2025-10-13
B0B2LMMJC1,2025-10-20
B0B2LMMJC1,2025-10-27
B0B2LMMJC1,2025-11-03
B0B2LMMJC1,2025-11-10
B0B2LMMJC1,2025-11-17
B0B2LMMJC1,2025-11-24
B0B2LMMJC1,2025-12-01
B0B2LMMJC1,2025-12-08
B0B2LMMJC1,2025-12-15
B0B2LMMJC1,2025-12-22
B0B2LMMJC1,2025-12-29
B0B2LMMJC1,2026-01-05
B0B2LMMJC1,2026-01-12
B0B2LMMJC1,2026-01-19
B0B2LMMJC1,2026-01-26
B0B2LMMJC1,2026-02-02
B0B2LMMJC1,2026-02-09
B0B2LMMJC1,2026-02-16
B0B2LMMJC1,2026-02-23
B0B2LMMJC1,2026-03-02
B0B2LMMJC1,2026-03-09
B0B2LMMJC1,2026-03-16
B0B2LMMJC1,2026-03-23
B0B2LMMJC1,2026-03-30
B0B2P916PC,2025-03-03
B0B2P916PC,2025-03-10
B0B2P916PC,2025-03-17
B0B2P916PC,2025-03-24
B0B2P916PC,2025-03-31
B0B2P916PC,2025-04-07
B0B2P916PC,2025-04-14
B0B2P916PC,2025-04-21
B0B2P916PC,2025-04-28
B0B2P916PC,2025-05-05
B0B2P916PC,2025-05-12
B0B2P916PC,2025-05-19
B0B2P916PC,2025-05-26
B0B2P916PC,2025-06-02
B0B2P916PC,2025-06-09
B0B2P916PC,2025-06-16
B0B2P916PC,2025-06-23
B0B2P916PC,2025-06-30
B0B2P916PC,2025-07-07
B0B2P916PC,2025-07-14
B0B2P916PC,2025-07-21
B0B2P916PC,2025-07-28
B0B2P916PC,2025-08-04
B0B2P916PC,2025-08-11
B0B2P916PC,2025-08-18
B0B2P916PC,2025-08-25
B0B2P916PC,2025-09-01
B0B2P916PC,2025-09-08
B0B2P916PC,2025-09-15
B0B2P916PC,2025-09-22
B0B2P916PC,2025-09-29
B0B2P916PC,2025-10-06
B0B2P916PC,2025-10-13
B0B2P916PC,2025-10-20
B0B2P916PC,2025-10-27
B0B2P916PC,2025-11-03
B0B2P916PC,2025-11-10
B0B2P916PC,2025-11-17
B0B2P916PC,2025-11-24
B0B2P916PC,2025-12-01
B0B2P916PC,2025-12-08
B0B2P916PC,2025-12-15
B0B2P916PC,2025-12-22
B0B2P916PC,2025-12-29
B0B2P916PC,2026-01-05
B0B2P916PC,2026-01-12
B0B2P916PC,2026-01-19
B0B2P916PC,2026-01-26
B0B2P916PC,2026-02-02
B0B2P916PC,2026-02-09
B0B2P916PC,2026-02-16
B0B2P916PC,2026-02-23
B0B2P916PC,2026-03-02
B0B2P916PC,2026-03-09
B0B2P916PC,2026-03-16
B0B2P916PC,2026-03-23
B0B2P916PC,2026-03-30
B0B2P916PC,2025-03-03
B0B2P916PC,2025-03-10
B0B2P916PC,2025-03-17
B0B2P916PC,2025-03-24
B0B2P916PC,2025-03-31
B0B2P916PC,2025-04-07
B0B2P916PC,2025-04-14
B0B2P916PC,2025-04-21
B0B2P916PC,2025-04-28
B0B2P916PC,2025-05-05
B0B2P916PC,2025-05-12
B0B2P916PC,2025-05-19
B0B2P916PC,2025-05-26
B0B2P916PC,2025-06-02
B0B2P916PC,2025-06-09
B0B2P916PC,2025-06-16
B0B2P916PC,2025-06-23
B0B2P916PC,2025-06-30
B0B2P916PC,2025-07-07
B0B2P916PC,2025-07-14
B0B2P916PC,2025-07-21
B0B2P916PC,2025-07-28
B0B2P916PC,2025-08-04
B0B2P916PC,2025-08-11
B0B2P916PC,2025-08-18
B0B2P916PC,2025-08-25
B0B2P916PC,2025-09-01
B0B2P916PC,2025-09-08
B0B2P916PC,2025-09-15
B0B2P916PC,2025-09-22
B0B2P916PC,2025-09-29
B0B2P916PC,2025-10-06
B0B2P916PC,2025-10-13
B0B2P916PC,2025-10-20
B0B2P916PC,2025-10-27
B0B2P916PC,2025-11-03
B0B2P916PC,2025-11-10
B0B2P916PC,2025-11-17
B0B2P916PC,2025-11-24
B0B2P916PC,2025-12-01
B0B2P916PC,2025-12-08
B0B2P916PC,2025-12-15
B0B2P916PC,2025-12-22
B0B2P916PC,2025-12-29
B0B2P916PC,2026-01-05
B0B2P916PC,2026-01-12
B0B2P916PC,2026-01-19
B0B2P916PC,2026-01-26
B0B2P916PC,2026-02-02
B0B2P916PC,2026-02-09
B0B2P916PC,2026-02-16
B0B2P916PC,2026-02-23
B0B2P916PC,2026-03-02
B0B2P916PC,2026-03-09
B0B2P916PC,2026-03-16
B0B2P916PC,2026-03-23
B0B2P916PC,2026-03-30
B0B49RPYYX,2025-03-03
B0B49RPYYX,2025-03-10
B0B49RPYYX,2025-03-17
B0B49RPYYX,2025-03-24
B0B49RPYYX,2025-03-31
B0B49RPYYX,2025-04-07
B0B49RPYYX,2025-04-14
B0B49RPYYX,2025-04-21
B0B49RPYYX,2025-04-28
B0B49RPYYX,2025-05-05
B0B49RPYYX,2025-05-12
B0B49RPYYX,2025-05-19
B0B49RPYYX,2025-05-26
B0B49RPYYX,2025-06-02
B0B49RPYYX,2025-06-09
B0B49RPYYX,2025-06-16
B0B49RPYYX,2025-06-23
B0B49RPYYX,2025-06-30
B0B49RPYYX,2025-07-07
B0B49RPYYX,2025-07-14
B0B49RPYYX,2025-07-21
B0B49RPYYX,2025-07-28
B0B49RPYYX,2025-08-04
B0B49RPYYX,2025-08-11
B0B49RPYYX,2025-08-18
B0B49RPYYX,2025-08-25
B0B49RPYYX,2025-09-01
B0B49RPYYX,2025-09-08
B0B49RPYYX,2025-09-15
B0B49RPYYX,2025-09-22
B0B49RPYYX,2025-09-29
B0B49RPYYX,2025-10-06
B0B49RPYYX,2025-10-13
B0B49RPYYX,2025-10-20
B0B49RPYYX,2025-10-27
B0B49RPYYX,2025-11-03
B0B49RPYYX,2025-11-10
B0B49RPYYX,2025-11-17
B0B49RPYYX,2025-11-24
B0B49RPYYX,2025-12-01
B0B49RPYYX,2025-12-08
B0B49RPYYX,2025-12-15
B0B49RPYYX,2025-12-22
B0B49RPYYX,2025-12-29
B0B49RPYYX,2026-01-05
B0B49RPYYX,2026-01-12
B0B49RPYYX,2026-01-19
B0B49RPYYX,2026-01-26
B0B49RPYYX,2026-02-02
B0B49RPYYX,2026-02-09
B0B49RPYYX,2026-02-16
B0B49RPYYX,2026-02-23
B0B49RPYYX,2026-03-02
B0B49RPYYX,2026-03-09
B0B49RPYYX,2026-03-16
B0B49RPYYX,2026-03-23
B0B49RPYYX,2026-03-30
B0B49RPYYX,2025-03-03
B0B49RPYYX,2025-03-10
B0B49RPYYX,2025-03-17
B0B49RPYYX,2025-03-24
B0B49RPYYX,2025-03-31
B0B49RPYYX,2025-04-07
B0B49RPYYX,2025-04-14
B0B49RPYYX,2025-04-21
B0B49RPYYX,2025-04-28
B0B49RPYYX,2025-05-05
B0B49RPYYX,2025-05-12
B0B49RPYYX,2025-05-19
B0B49RPYYX,2025-05-26
B0B49RPYYX,2025-06-02
B0B49RPYYX,2025-06-09
B0B49RPYYX,2025-06-16
B0B49RPYYX,2025-06-23
B0B49RPYYX,2025-06-30
B0B49RPYYX,2025-07-07
B0B49RPYYX,2025-07-14
B0B49RPYYX,2025-07-21
B0B49RPYYX,2025-07-28
B0B49RPYYX,2025-08-04
B0B49RPYYX,2025-08-11
B0B49RPYYX,2025-08-18
B0B49RPYYX,2025-08-25
B0B49RPYYX,2025-09-01
B0B49RPYYX,2025-09-08
B0B49RPYYX,2025-09-15
B0B49RPYYX,2025-09-22
B0B49RPYYX,2025-09-29
B0B49RPYYX,2025-10-06
B0B49RPYYX,2025-10-13
B0B49RPYYX,2025-10-20
B0B49RPYYX,2025-10-27
B0B49RPYYX,2025-11-03
B0B49RPYYX,2025-11-10
B0B49RPYYX,2025-11-17
B0B49RPYYX,2025-11-24
B0B49RPYYX,2025-12-01
B0B49RPYYX,2025-12-08
B0B49RPYYX,2025-12-15
B0B49RPYYX,2025-12-22
B0B49RPYYX,2025-12-29
B0B49RPYYX,2026-01-05
B0B49RPYYX,2026-01-12
B0B49RPYYX,2026-01-19
B0B49RPYYX,2026-01-26
B0B49RPYYX,2026-02-02
B0B49RPYYX,2026-02-09
B0B49RPYYX,2026-02-16
B0B49RPYYX,2026-02-23
B0B49RPYYX,2026-03-02
B0B49RPYYX,2026-03-09
B0B49RPYYX,2026-03-16
B0B49RPYYX,2026-03-23
B0B49RPYYX,2026-03-30
B0B61WBJVY,2025-03-03
B0B61WBJVY,2025-03-10
B0B61WBJVY,2025-03-17
B0B61WBJVY,2025-03-24
B0B61WBJVY,2025-03-31
B0B61WBJVY,2025-04-07
B0B61WBJVY,2025-04-14
B0B61WBJVY,2025-04-21
B0B61WBJVY,2025-04-28
B0B61WBJVY,2025-05-05
B0B61WBJVY,2025-05-12
B0B61WBJVY,2025-05-19
B0B61WBJVY,2025-05-26
B0B61WBJVY,2025-06-02
B0B61WBJVY,2025-06-09
B0B61WBJVY,2025-06-16
B0B61WBJVY,2025-06-23
B0B61WBJVY,2025-06-30
B0B61WBJVY,2025-07-07
B0B61WBJVY,2025-07-14
B0B61WBJVY,2025-07-21
B0B61WBJVY,2025-07-28
B0B61WBJVY,2025-08-04
B0B61WBJVY,2025-08-11
B0B61WBJVY,2025-08-18
B0B61WBJVY,2025-08-25
B0B61WBJVY,2025-09-01
B0B61WBJVY,2025-09-08
B0B61WBJVY,2025-09-15
B0B61WBJVY,2025-09-22
B0B61WBJVY,2025-09-29
B0B61WBJVY,2025-10-06
B0B61WBJVY,2025-10-13
B0B61WBJVY,2025-10-20
B0B61WBJVY,2025-10-27
B0B61WBJVY,2025-11-03
B0B61WBJVY,2025-11-10
B0B61WBJVY,2025-11-17
B0B61WBJVY,2025-11-24
B0B61WBJVY,2025-12-01
B0B61WBJVY,2025-12-08
B0B61WBJVY,2025-12-15
B0B61WBJVY,2025-12-22
B0B61WBJVY,2025-12-29
B0B61WBJVY,2026-01-05
B0B61WBJVY,2026-01-12
B0B61WBJVY,2026-01-19
B0B61WBJVY,2026-01-26
B0B61WBJVY,2026-02-02
B0B61WBJVY,2026-02-09
B0B61WBJVY,2026-02-16
B0B61WBJVY,2026-02-23
B0B61WBJVY,2026-03-02
B0B61WBJVY,2026-03-09
B0B61WBJVY,2026-03-16
B0B61WBJVY,2026-03-23
B0B61WBJVY,2026-03-30
B0B61WBJVY,2025-03-03
B0B61WBJVY,2025-03-10
B0B61WBJVY,2025-03-17
B0B61WBJVY,2025-03-24
B0B61WBJVY,2025-03-31
B0B61WBJVY,2025-04-07
B0B61WBJVY,2025-04-14
B0B61WBJVY,2025-04-21
B0B61WBJVY,2025-04-28
B0B61WBJVY,2025-05-05
B0B61WBJVY,2025-05-12
B0B61WBJVY,2025-05-19
B0B61WBJVY,2025-05-26
B0B61WBJVY,2025-06-02
B0B61WBJVY,2025-06-09
B0B61WBJVY,2025-06-16
B0B61WBJVY,2025-06-23
B0B61WBJVY,2025-06-30
B0B61WBJVY,2025-07-07
B0B61WBJVY,2025-07-14
B0B61WBJVY,2025-07-21
B0B61WBJVY,2025-07-28
B0B61WBJVY,2025-08-04
B0B61WBJVY,2025-08-11
B0B61WBJVY,2025-08-18
B0B61WBJVY,2025-08-25
B0B61WBJVY,2025-09-01
B0B61WBJVY,2025-09-08
B0B61WBJVY,2025-09-15
B0B61WBJVY,2025-09-22
B0B61WBJVY,2025-09-29
B0B61WBJVY,2025-10-06
B0B61WBJVY,2025-10-13
B0B61WBJVY,2025-10-20
B0B61WBJVY,2025-10-27
B0B61WBJVY,2025-11-03
B0B61WBJVY,2025-11-10
B0B61WBJVY,2025-11-17
B0B61WBJVY,2025-11-24
B0B61WBJVY,2025-12-01
B0B61WBJVY,2025-12-08
B0B61WBJVY,2025-12-15
B0B61WBJVY,2025-12-22
B0B61WBJVY,2025-12-29
B0B61WBJVY,2026-01-05
B0B61WBJVY,2026-01-12
B0B61WBJVY,2026-01-19
B0B61WBJVY,2026-01-26
B0B61WBJVY,2026-02-02
B0B61WBJVY,2026-02-09
B0B61WBJVY,2026-02-16
B0B61WBJVY,2026-02-23
B0B61WBJVY,2026-03-02
B0B61WBJVY,2026-03-09
B0B61WBJVY,2026-03-16
B0B61WBJVY,2026-03-23
B0B61WBJVY,2026-03-30
B0B6JMW3J3,2025-03-03
B0B6JMW3J3,2025-03-10
B0B6JMW3J3,2025-03-17
B0B6JMW3J3,2025-03-24
B0B6JMW3J3,2025-03-31
B0B6JMW3J3,2025-04-07
B0B6JMW3J3,2025-04-14
B0B6JMW3J3,2025-04-21
B0B6JMW3J3,2025-04-28
B0B6JMW3J3,2025-05-05
B0B6JMW3J3,2025-05-12
B0B6JMW3J3,2025-05-19
B0B6JMW3J3,2025-05-26
B0B6JMW3J3,2025-06-02
B0B6JMW3J3,2025-06-09
B0B6JMW3J3,2025-06-16
B0B6JMW3J3,2025-06-23
B0B6JMW3J3,2025-06-30
B0B6JMW3J3,2025-07-07
B0B6JMW3J3,2025-07-14
B0B6JMW3J3,2025-07-21
B0B6JMW3J3,2025-07-28
B0B6JMW3J3,2025-08-04
B0B6JMW3J3,2025-08-11
B0B6JMW3J3,2025-08-18
B0B6JMW3J3,2025-08-25
B0B6JMW3J3,2025-09-01
B0B6JMW3J3,2025-09-08
B0B6JMW3J3,2025-09-15
B0B6JMW3J3,2025-09-22
B0B6JMW3J3,2025-09-29
B0B6JMW3J3,2025-10-06
B0B6JMW3J3,2025-10-13
B0B6JMW3J3,2025-10-20
B0B6JMW3J3,2025-10-27
B0B6JMW3J3,2025-11-03
B0B6JMW3J3,2025-11-10
B0B6JMW3J3,2025-11-17
B0B6JMW3J3,2025-11-24
B0B6JMW3J3,2025-12-01
B0B6JMW3J3,2025-12-08
B0B6JMW3J3,2025-12-15
B0B6JMW3J3,2025-12-22
B0B6JMW3J3,2025-12-29
B0B6JMW3J3,2026-01-05
B0B6JMW3J3,2026-01-12
B0B6JMW3J3,2026-01-19
B0B6JMW3J3,2026-01-26
B0B6JMW3J3,2026-02-02
B0B6JMW3J3,2026-02-09
B0B6JMW3J3,2026-02-16
B0B6JMW3J3,2026-02-23
B0B6JMW3J3,2026-03-02
B0B6JMW3J3,2026-03-09
B0B6JMW3J3,2026-03-16
B0B6JMW3J3,2026-03-23
B0B6JMW3J3,2026-03-30
B0B6JMW3J3,2025-03-03
B0B6JMW3J3,2025-03-10
B0B6JMW3J3,2025-03-17
B0B6JMW3J3,2025-03-24
B0B6JMW3J3,2025-03-31
B0B6JMW3J3,2025-04-07
B0B6JMW3J3,2025-04-14
B0B6JMW3J3,2025-04-21
B0B6JMW3J3,2025-04-28
B0B6JMW3J3,2025-05-05
B0B6JMW3J3,2025-05-12
B0B6JMW3J3,2025-05-19
B0B6JMW3J3,2025-05-26
B0B6JMW3J3,2025-06-02
B0B6JMW3J3,2025-06-09
B0B6JMW3J3,2025-06-16
B0B6JMW3J3,2025-06-23
B0B6JMW3J3,2025-06-30
B0B6JMW3J3,2025-07-07
B0B6JMW3J3,2025-07-14
B0B6JMW3J3,2025-07-21
B0B6JMW3J3,2025-07-28
B0B6JMW3J3,2025-08-04
B0B6JMW3J3,2025-08-11
B0B6JMW3J3,2025-08-18
B0B6JMW3J3,2025-08-25
B0B6JMW3J3,2025-09-01
B0B6JMW3J3,2025-09-08
B0B6JMW3J3,2025-09-15
B0B6JMW3J3,2025-09-22
B0B6JMW3J3,2025-09-29
B0B6JMW3J3,2025-10-06
B0B6JMW3J3,2025-10-13
B0B6JMW3J3,2025-10-20
B0B6JMW3J3,2025-10-27
B0B6JMW3J3,2025-11-03
B0B6JMW3J3,2025-11-10
B0B6JMW3J3,2025-11-17
B0B6JMW3J3,2025-11-24
B0B6JMW3J3,2025-12-01
B0B6JMW3J3,2025-12-08
B0B6JMW3J3,2025-12-15
B0B6JMW3J3,2025-12-22
B0B6JMW3J3,2025-12-29
B0B6JMW3J3,2026-01-05
B0B6JMW3J3,2026-01-12
B0B6JMW3J3,2026-01-19
B0B6JMW3J3,2026-01-26
B0B6JMW3J3,2026-02-02
B0B6JMW3J3,2026-02-09
B0B6JMW3J3,2026-02-16
B0B6JMW3J3,2026-02-23
B0B6JMW3J3,2026-03-02
B0B6JMW3J3,2026-03-09
B0B6JMW3J3,2026-03-16
B0B6JMW3J3,2026-03-23
B0B6JMW3J3,2026-03-30
B0B6PXM3W4,2025-03-03
B0B6PXM3W4,2025-03-10
B0B6PXM3W4,2025-03-17
B0B6PXM3W4,2025-03-24
B0B6PXM3W4,2025-03-31
B0B6PXM3W4,2025-04-07
B0B6PXM3W4,2025-04-14
B0B6PXM3W4,2025-04-21
B0B6PXM3W4,2025-04-28
B0B6PXM3W4,2025-05-05
B0B6PXM3W4,2025-05-12
B0B6PXM3W4,2025-05-19
B0B6PXM3W4,2025-05-26
B0B6PXM3W4,2025-06-02
B0B6PXM3W4,2025-06-09
B0B6PXM3W4,2025-06-16
B0B6PXM3W4,2025-06-23
B0B6PXM3W4,2025-06-30
B0B6PXM3W4,2025-07-07
B0B6PXM3W4,2025-07-14
B0B6PXM3W4,2025-07-21
B0B6PXM3W4,2025-07-28
B0B6PXM3W4,2025-08-04
B0B6PXM3W4,2025-08-11
B0B6PXM3W4,2025-08-18
B0B6PXM3W4,2025-08-25
B0B6PXM3W4,2025-09-01
B0B6PXM3W4,2025-09-08
B0B6PXM3W4,2025-09-15
B0B6PXM3W4,2025-09-22
B0B6PXM3W4,2025-09-29
B0B6PXM3W4,2025-10-06
B0B6PXM3W4,2025-10-13
B0B6PXM3W4,2025-10-20
B0B6PXM3W4,2025-10-27
B0B6PXM3W4,2025-11-03
B0B6PXM3W4,2025-11-10
B0B6PXM3W4,2025-11-17
B0B6PXM3W4,2025-11-24
B0B6PXM3W4,2025-12-01
B0B6PXM3W4,2025-12-08
B0B6PXM3W4,2025-12-15
B0B6PXM3W4,2025-12-22
B0B6PXM3W4,2025-12-29
B0B6PXM3W4,2026-01-05
B0B6PXM3W4,2026-01-12
B0B6PXM3W4,2026-01-19
B0B6PXM3W4,2026-01-26
B0B6PXM3W4,2026-02-02
B0B6PXM3W4,2026-02-09
B0B6PXM3W4,2026-02-16
B0B6PXM3W4,2026-02-23
B0B6PXM3W4,2026-03-02
B0B6PXM3W4,2026-03-09
B0B6PXM3W4,2026-03-16
B0B6PXM3W4,2026-03-23
B0B6PXM3W4,2026-03-30
B0B6PXM3W4,2025-03-03
B0B6PXM3W4,2025-03-10
B0B6PXM3W4,2025-03-17
B0B6PXM3W4,2025-03-24
B0B6PXM3W4,2025-03-31
B0B6PXM3W4,2025-04-07
B0B6PXM3W4,2025-04-14
B0B6PXM3W4,2025-04-21
B0B6PXM3W4,2025-04-28
B0B6PXM3W4,2025-05-05
B0B6PXM3W4,2025-05-12
B0B6PXM3W4,2025-05-19
B0B6PXM3W4,2025-05-26
B0B6PXM3W4,2025-06-02
B0B6PXM3W4,2025-06-09
B0B6PXM3W4,2025-06-16
B0B6PXM3W4,2025-06-23
B0B6PXM3W4,2025-06-30
B0B6PXM3W4,2025-07-07
B0B6PXM3W4,2025-07-14
B0B6PXM3W4,2025-07-21
B0B6PXM3W4,2025-07-28
B0B6PXM3W4,2025-08-04
B0B6PXM3W4,2025-08-11
B0B6PXM3W4,2025-08-18
B0B6PXM3W4,2025-08-25
B0B6PXM3W4,2025-09-01
B0B6PXM3W4,2025-09-08
B0B6PXM3W4,2025-09-15
B0B6PXM3W4,2025-09-22
B0B6PXM3W4,2025-09-29
B0B6PXM3W4,2025-10-06
B0B6PXM3W4,2025-10-13
B0B6PXM3W4,2025-10-20
B0B6PXM3W4,2025-10-27
B0B6PXM3W4,2025-11-03
B0B6PXM3W4,2025-11-10
B0B6PXM3W4,2025-11-17
B0B6PXM3W4,2025-11-24
B0B6PXM3W4,2025-12-01
B0B6PXM3W4,2025-12-08
B0B6PXM3W4,2025-12-15
B0B6PXM3W4,2025-12-22
B0B6PXM3W4,2025-12-29
B0B6PXM3W4,2026-01-05
B0B6PXM3W4,2026-01-12
B0B6PXM3W4,2026-01-19
B0B6PXM3W4,2026-01-26
B0B6PXM3W4,2026-02-02
B0B6PXM3W4,2026-02-09
B0B6PXM3W4,2026-02-16
B0B6PXM3W4,2026-02-23
B0B6PXM3W4,2026-03-02
B0B6PXM3W4,2026-03-09
B0B6PXM3W4,2026-03-16
B0B6PXM3W4,2026-03-23
B0B6PXM3W4,2026-03-30
B0B7CZ6YSX,2025-03-03
B0B7CZ6YSX,2025-03-10
B0B7CZ6YSX,2025-03-17
B0B7CZ6YSX,2025-03-24
B0B7CZ6YSX,2025-03-31
B0B7CZ6YSX,2025-04-07
B0B7CZ6YSX,2025-04-14
B0B7CZ6YSX,2025-04-21
B0B7CZ6YSX,2025-04-28
B0B7CZ6YSX,2025-05-05
B0B7CZ6YSX,2025-05-12
B0B7CZ6YSX,2025-05-19
B0B7CZ6YSX,2025-05-26
B0B7CZ6YSX,2025-06-02
B0B7CZ6YSX,2025-06-09
B0B7CZ6YSX,2025-06-16
B0B7CZ6YSX,2025-06-23
B0B7CZ6YSX,2025-06-30
B0B7CZ6YSX,2025-07-07
B0B7CZ6YSX,2025-07-14
B0B7CZ6YSX,2025-07-21
B0B7CZ6YSX,2025-07-28
B0B7CZ6YSX,2025-08-04
B0B7CZ6YSX,2025-08-11
B0B7CZ6YSX,2025-08-18
B0B7CZ6YSX,2025-08-25
B0B7CZ6YSX,2025-09-01
B0B7CZ6YSX,2025-09-08
B0B7CZ6YSX,2025-09-15
B0B7CZ6YSX,2025-09-22
B0B7CZ6YSX,2025-09-29
B0B7CZ6YSX,2025-10-06
B0B7CZ6YSX,2025-10-13
B0B7CZ6YSX,2025-10-20
B0B7CZ6YSX,2025-10-27
B0B7CZ6YSX,2025-11-03
B0B7CZ6YSX,2025-11-10
B0B7CZ6YSX,2025-11-17
B0B7CZ6YSX,2025-11-24
B0B7CZ6YSX,2025-12-01
B0B7CZ6YSX,2025-12-08
B0B7CZ6YSX,2025-12-15
B0B7CZ6YSX,2025-12-22
B0B7CZ6YSX,2025-12-29
B0B7CZ6YSX,2026-01-05
B0B7CZ6YSX,2026-01-12
B0B7CZ6YSX,2026-01-19
B0B7CZ6YSX,2026-01-26
B0B7CZ6YSX,2026-02-02
B0B7CZ6YSX,2026-02-09
B0B7CZ6YSX,2026-02-16
B0B7CZ6YSX,2026-02-23
B0B7CZ6YSX,2026-03-02
B0B7CZ6YSX,2026-03-09
B0B7CZ6YSX,2026-03-16
B0B7CZ6YSX,2026-03-23
B0B7CZ6YSX,2026-03-30
B0B7CZ6YSX,2025-03-03
B0B7CZ6YSX,2025-03-10
B0B7CZ6YSX,2025-03-17
B0B7CZ6YSX,2025-03-24
B0B7CZ6YSX,2025-03-31
B0B7CZ6YSX,2025-04-07
B0B7CZ6YSX,2025-04-14
B0B7CZ6YSX,2025-04-21
B0B7CZ6YSX,2025-04-28
B0B7CZ6YSX,2025-05-05
B0B7CZ6YSX,2025-05-12
B0B7CZ6YSX,2025-05-19
B0B7CZ6YSX,2025-05-26
B0B7CZ6YSX,2025-06-02
B0B7CZ6YSX,2025-06-09
B0B7CZ6YSX,2025-06-16
B0B7CZ6YSX,2025-06-23
B0B7CZ6YSX,2025-06-30
B0B7CZ6YSX,2025-07-07
B0B7CZ6YSX,2025-07-14
B0B7CZ6YSX,2025-07-21
B0B7CZ6YSX,2025-07-28
B0B7CZ6YSX,2025-08-04
B0B7CZ6YSX,2025-08-11
B0B7CZ6YSX,2025-08-18
B0B7CZ6YSX,2025-08-25
B0B7CZ6YSX,2025-09-01
B0B7CZ6YSX,2025-09-08
B0B7CZ6YSX,2025-09-15
B0B7CZ6YSX,2025-09-22
B0B7CZ6YSX,2025-09-29
B0B7CZ6YSX,2025-10-06
B0B7CZ6YSX,2025-10-13
B0B7CZ6YSX,2025-10-20
B0B7CZ6YSX,2025-10-27
B0B7CZ6YSX,2025-11-03
B0B7CZ6YSX,2025-11-10
B0B7CZ6YSX,2025-11-17
B0B7CZ6YSX,2025-11-24
B0B7CZ6YSX,2025-12-01
B0B7CZ6YSX,2025-12-08
B0B7CZ6YSX,2025-12-15
B0B7CZ6YSX,2025-12-22
B0B7CZ6YSX,2025-12-29
B0B7CZ6YSX,2026-01-05
B0B7CZ6YSX,2026-01-12
B0B7CZ6YSX,2026-01-19
B0B7CZ6YSX,2026-01-26
B0B7CZ6YSX,2026-02-02
B0B7CZ6YSX,2026-02-09
B0B7CZ6YSX,2026-02-16
B0B7CZ6YSX,2026-02-23
B0B7CZ6YSX,2026-03-02
B0B7CZ6YSX,2026-03-09
B0B7CZ6YSX,2026-03-16
B0B7CZ6YSX,2026-03-23
B0B7CZ6YSX,2026-03-30
B0B9QXY5WK,2025-03-03
B0B9QXY5WK,2025-03-10
B0B9QXY5WK,2025-03-17
B0B9QXY5WK,2025-03-24
B0B9QXY5WK,2025-03-31
B0B9QXY5WK,2025-04-07
B0B9QXY5WK,2025-04-14
B0B9QXY5WK,2025-04-21
B0B9QXY5WK,2025-04-28
B0B9QXY5WK,2025-05-05
B0B9QXY5WK,2025-05-12
B0B9QXY5WK,2025-05-19
B0B9QXY5WK,2025-05-26
B0B9QXY5WK,2025-06-02
B0B9QXY5WK,2025-06-09
B0B9QXY5WK,2025-06-16
B0B9QXY5WK,2025-06-23
B0B9QXY5WK,2025-06-30
B0B9QXY5WK,2025-07-07
B0B9QXY5WK,2025-07-14
B0B9QXY5WK,2025-07-21
B0B9QXY5WK,2025-07-28
B0B9QXY5WK,2025-08-04
B0B9QXY5WK,2025-08-11
B0B9QXY5WK,2025-08-18
B0B9QXY5WK,2025-08-25
B0B9QXY5WK,2025-09-01
B0B9QXY5WK,2025-09-08
B0B9QXY5WK,2025-09-15
B0B9QXY5WK,2025-09-22
B0B9QXY5WK,2025-09-29
B0B9QXY5WK,2025-10-06
B0B9QXY5WK,2025-10-13
B0B9QXY5WK,2025-10-20
B0B9QXY5WK,2025-10-27
B0B9QXY5WK,2025-11-03
B0B9QXY5WK,2025-11-10
B0B9QXY5WK,2025-11-17
B0B9QXY5WK,2025-11-24
B0B9QXY5WK,2025-12-01
B0B9QXY5WK,2025-12-08
B0B9QXY5WK,2025-12-15
B0B9QXY5WK,2025-12-22
B0B9QXY5WK,2025-12-29
B0B9QXY5WK,2026-01-05
B0B9QXY5WK,2026-01-12
B0B9QXY5WK,2026-01-19
B0B9QXY5WK,2026-01-26
B0B9QXY5WK,2026-02-02
B0B9QXY5WK,2026-02-09
B0B9QXY5WK,2026-02-16
B0B9QXY5WK,2026-02-23
B0B9QXY5WK,2026-03-02
B0B9QXY5WK,2026-03-09
B0B9QXY5WK,2026-03-16
B0B9QXY5WK,2026-03-23
B0B9QXY5WK,2026-03-30
B0B9QXY5WK,2025-03-03
B0B9QXY5WK,2025-03-10
B0B9QXY5WK,2025-03-17
B0B9QXY5WK,2025-03-24
B0B9QXY5WK,2025-03-31
B0B9QXY5WK,2025-04-07
B0B9QXY5WK,2025-04-14
B0B9QXY5WK,2025-04-21
B0B9QXY5WK,2025-04-28
B0B9QXY5WK,2025-05-05
B0B9QXY5WK,2025-05-12
B0B9QXY5WK,2025-05-19
B0B9QXY5WK,2025-05-26
B0B9QXY5WK,2025-06-02
B0B9QXY5WK,2025-06-09
B0B9QXY5WK,2025-06-16
B0B9QXY5WK,2025-06-23
B0B9QXY5WK,2025-06-30
B0B9QXY5WK,2025-07-07
B0B9QXY5WK,2025-07-14
B0B9QXY5WK,2025-07-21
B0B9QXY5WK,2025-07-28
B0B9QXY5WK,2025-08-04
B0B9QXY5WK,2025-08-11
B0B9QXY5WK,2025-08-18
B0B9QXY5WK,2025-08-25
B0B9QXY5WK,2025-09-01
B0B9QXY5WK,2025-09-08
B0B9QXY5WK,2025-09-15
B0B9QXY5WK,2025-09-22
B0B9QXY5WK,2025-09-29
B0B9QXY5WK,2025-10-06
B0B9QXY5WK,2025-10-13
B0B9QXY5WK,2025-10-20
B0B9QXY5WK,2025-10-27
B0B9QXY5WK,2025-11-03
B0B9QXY5WK,2025-11-10
B0B9QXY5WK,2025-11-17
B0B9QXY5WK,2025-11-24
B0B9QXY5WK,2025-12-01
B0B9QXY5WK,2025-12-08
B0B9QXY5WK,2025-12-15
B0B9QXY5WK,2025-12-22
B0B9QXY5WK,2025-12-29
B0B9QXY5WK,2026-01-05
B0B9QXY5WK,2026-01-12
B0B9QXY5WK,2026-01-19
B0B9QXY5WK,2026-01-26
B0B9QXY5WK,2026-02-02
B0B9QXY5WK,2026-02-09
B0B9QXY5WK,2026-02-16
B0B9QXY5WK,2026-02-23
B0B9QXY5WK,2026-03-02
B0B9QXY5WK,2026-03-09
B0B9QXY5WK,2026-03-16
B0B9QXY5WK,2026-03-23
B0B9QXY5WK,2026-03-30
B0B9R6C9KQ,2025-03-03
B0B9R6C9KQ,2025-03-10
B0B9R6C9KQ,2025-03-17
B0B9R6C9KQ,2025-03-24
B0B9R6C9KQ,2025-03-31
B0B9R6C9KQ,2025-04-07
B0B9R6C9KQ,2025-04-14
B0B9R6C9KQ,2025-04-21
B0B9R6C9KQ,2025-04-28
B0B9R6C9KQ,2025-05-05
B0B9R6C9KQ,2025-05-12
B0B9R6C9KQ,2025-05-19
B0B9R6C9KQ,2025-05-26
B0B9R6C9KQ,2025-06-02
B0B9R6C9KQ,2025-06-09
B0B9R6C9KQ,2025-06-16
B0B9R6C9KQ,2025-06-23
B0B9R6C9KQ,2025-06-30
B0B9R6C9KQ,2025-07-07
B0B9R6C9KQ,2025-07-14
B0B9R6C9KQ,2025-07-21
B0B9R6C9KQ,2025-07-28
B0B9R6C9KQ,2025-08-04
B0B9R6C9KQ,2025-08-11
B0B9R6C9KQ,2025-08-18
B0B9R6C9KQ,2025-08-25
B0B9R6C9KQ,2025-09-01
B0B9R6C9KQ,2025-09-08
B0B9R6C9KQ,2025-09-15
B0B9R6C9KQ,2025-09-22
B0B9R6C9KQ,2025-09-29
B0B9R6C9KQ,2025-10-06
B0B9R6C9KQ,2025-10-13
B0B9R6C9KQ,2025-10-20
B0B9R6C9KQ,2025-10-27
B0B9R6C9KQ,2025-11-03
B0B9R6C9KQ,2025-11-10
B0B9R6C9KQ,2025-11-17
B0B9R6C9KQ,2025-11-24
B0B9R6C9KQ,2025-12-01
B0B9R6C9KQ,2025-12-08
B0B9R6C9KQ,2025-12-15
B0B9R6C9KQ,2025-12-22
B0B9R6C9KQ,2025-12-29
B0B9R6C9KQ,2026-01-05
B0B9R6C9KQ,2026-01-12
B0B9R6C9KQ,2026-01-19
B0B9R6C9KQ,2026-01-26
B0B9R6C9KQ,2026-02-02
B0B9R6C9KQ,2026-02-09
B0B9R6C9KQ,2026-02-16
B0B9R6C9KQ,2026-02-23
B0B9R6C9KQ,2026-03-02
B0B9R6C9KQ,2026-03-09
B0B9R6C9KQ,2026-03-16
B0B9R6C9KQ,2026-03-23
B0B9R6C9KQ,2026-03-30
B0B9R6C9KQ,2025-03-03
B0B9R6C9KQ,2025-03-10
B0B9R6C9KQ,2025-03-17
B0B9R6C9KQ,2025-03-24
B0B9R6C9KQ,2025-03-31
B0B9R6C9KQ,2025-04-07
B0B9R6C9KQ,2025-04-14
B0B9R6C9KQ,2025-04-21
B0B9R6C9KQ,2025-04-28
B0B9R6C9KQ,2025-05-05
B0B9R6C9KQ,2025-05-12
B0B9R6C9KQ,2025-05-19
B0B9R6C9KQ,2025-05-26
B0B9R6C9KQ,2025-06-02
B0B9R6C9KQ,2025-06-09
B0B9R6C9KQ,2025-06-16
B0B9R6C9KQ,2025-06-23
B0B9R6C9KQ,2025-06-30
B0B9R6C9KQ,2025-07-07
B0B9R6C9KQ,2025-07-14
B0B9R6C9KQ,2025-07-21
B0B9R6C9KQ,2025-07-28
B0B9R6C9KQ,2025-08-04
B0B9R6C9KQ,2025-08-11
B0B9R6C9KQ,2025-08-18
B0B9R6C9KQ,2025-08-25
B0B9R6C9KQ,2025-09-01
B0B9R6C9KQ,2025-09-08
B0B9R6C9KQ,2025-09-15
B0B9R6C9KQ,2025-09-22
B0B9R6C9KQ,2025-09-29
B0B9R6C9KQ,2025-10-06
B0B9R6C9KQ,2025-10-13
B0B9R6C9KQ,2025-10-20
B0B9R6C9KQ,2025-10-27
B0B9R6C9KQ,2025-11-03
B0B9R6C9KQ,2025-11-10
B0B9R6C9KQ,2025-11-17
B0B9R6C9KQ,2025-11-24
B0B9R6C9KQ,2025-12-01
B0B9R6C9KQ,2025-12-08
B0B9R6C9KQ,2025-12-15
B0B9R6C9KQ,2025-12-22
B0B9R6C9KQ,2025-12-29
B0B9R6C9KQ,2026-01-05
B0B9R6C9KQ,2026-01-12
B0B9R6C9KQ,2026-01-19
B0B9R6C9KQ,2026-01-26
B0B9R6C9KQ,2026-02-02
B0B9R6C9KQ,2026-02-09
B0B9R6C9KQ,2026-02-16
B0B9R6C9KQ,2026-02-23
B0B9R6C9KQ,2026-03-02
B0B9R6C9KQ,2026-03-09
B0B9R6C9KQ,2026-03-16
B0B9R6C9KQ,2026-03-23
B0B9R6C9KQ,2026-03-30
B0B9SZW5BM,2025-03-03
B0B9SZW5BM,2025-03-10
B0B9SZW5BM,2025-03-17
B0B9SZW5BM,2025-03-24
B0B9SZW5BM,2025-03-31
B0B9SZW5BM,2025-04-07
B0B9SZW5BM,2025-04-14
B0B9SZW5BM,2025-04-21
B0B9SZW5BM,2025-04-28
B0B9SZW5BM,2025-05-05
B0B9SZW5BM,2025-05-12
B0B9SZW5BM,2025-05-19
B0B9SZW5BM,2025-05-26
B0B9SZW5BM,2025-06-02
B0B9SZW5BM,2025-06-09
B0B9SZW5BM,2025-06-16
B0B9SZW5BM,2025-06-23
B0B9SZW5BM,2025-06-30
B0B9SZW5BM,2025-07-07
B0B9SZW5BM,2025-07-14
B0B9SZW5BM,2025-07-21
B0B9SZW5BM,2025-07-28
B0B9SZW5BM,2025-08-04
B0B9SZW5BM,2025-08-11
B0B9SZW5BM,2025-08-18
B0B9SZW5BM,2025-08-25
B0B9SZW5BM,2025-09-01
B0B9SZW5BM,2025-09-08
B0B9SZW5BM,2025-09-15
B0B9SZW5BM,2025-09-22
B0B9SZW5BM,2025-09-29
B0B9SZW5BM,2025-10-06
B0B9SZW5BM,2025-10-13
B0B9SZW5BM,2025-10-20
B0B9SZW5BM,2025-10-27
B0B9SZW5BM,2025-11-03
B0B9SZW5BM,2025-11-10
B0B9SZW5BM,2025-11-17
B0B9SZW5BM,2025-11-24
B0B9SZW5BM,2025-12-01
B0B9SZW5BM,2025-12-08
B0B9SZW5BM,2025-12-15
B0B9SZW5BM,2025-12-22
B0B9SZW5BM,2025-12-29
B0B9SZW5BM,2026-01-05
B0B9SZW5BM,2026-01-12
B0B9SZW5BM,2026-01-19
B0B9SZW5BM,2026-01-26
B0B9SZW5BM,2026-02-02
B0B9SZW5BM,2026-02-09
B0B9SZW5BM,2026-02-16
B0B9SZW5BM,2026-02-23
B0B9SZW5BM,2026-03-02
B0B9SZW5BM,2026-03-09
B0B9SZW5BM,2026-03-16
B0B9SZW5BM,2026-03-23
B0B9SZW5BM,2026-03-30
B0B9SZW5BM,2025-03-03
B0B9SZW5BM,2025-03-10
B0B9SZW5BM,2025-03-17
B0B9SZW5BM,2025-03-24
B0B9SZW5BM,2025-03-31
B0B9SZW5BM,2025-04-07
B0B9SZW5BM,2025-04-14
B0B9SZW5BM,2025-04-21
B0B9SZW5BM,2025-04-28
B0B9SZW5BM,2025-05-05
B0B9SZW5BM,2025-05-12
B0B9SZW5BM,2025-05-19
B0B9SZW5BM,2025-05-26
B0B9SZW5BM,2025-06-02
B0B9SZW5BM,2025-06-09
B0B9SZW5BM,2025-06-16
B0B9SZW5BM,2025-06-23
B0B9SZW5BM,2025-06-30
B0B9SZW5BM,2025-07-07
B0B9SZW5BM,2025-07-14
B0B9SZW5BM,2025-07-21
B0B9SZW5BM,2025-07-28
B0B9SZW5BM,2025-08-04
B0B9SZW5BM,2025-08-11
B0B9SZW5BM,2025-08-18
B0B9SZW5BM,2025-08-25
B0B9SZW5BM,2025-09-01
B0B9SZW5BM,2025-09-08
B0B9SZW5BM,2025-09-15
B0B9SZW5BM,2025-09-22
B0B9SZW5BM,2025-09-29
B0B9SZW5BM,2025-10-06
B0B9SZW5BM,2025-10-13
B0B9SZW5BM,2025-10-20
B0B9SZW5BM,2025-10-27
B0B9SZW5BM,2025-11-03
B0B9SZW5BM,2025-11-10
B0B9SZW5BM,2025-11-17
B0B9SZW5BM,2025-11-24
B0B9SZW5BM,2025-12-01
B0B9SZW5BM,2025-12-08
B0B9SZW5BM,2025-12-15
B0B9SZW5BM,2025-12-22
B0B9SZW5BM,2025-12-29
B0B9SZW5BM,2026-01-05
B0B9SZW5BM,2026-01-12
B0B9SZW5BM,2026-01-19
B0B9SZW5BM,2026-01-26
B0B9SZW5BM,2026-02-02
B0B9SZW5BM,2026-02-09
B0B9SZW5BM,2026-02-16
B0B9SZW5BM,2026-02-23
B0B9SZW5BM,2026-03-02
B0B9SZW5BM,2026-03-09
B0B9SZW5BM,2026-03-16
B0B9SZW5BM,2026-03-23
B0B9SZW5BM,2026-03-30
B0BB77TF3G,2025-03-03
B0BB77TF3G,2025-03-10
B0BB77TF3G,2025-03-17
B0BB77TF3G,2025-03-24
B0BB77TF3G,2025-03-31
B0BB77TF3G,2025-04-07
B0BB77TF3G,2025-04-14
B0BB77TF3G,2025-04-21
B0BB77TF3G,2025-04-28
B0BB77TF3G,2025-05-05
B0BB77TF3G,2025-05-12
B0BB77TF3G,2025-05-19
B0BB77TF3G,2025-05-26
B0BB77TF3G,2025-06-02
B0BB77TF3G,2025-06-09
B0BB77TF3G,2025-06-16
B0BB77TF3G,2025-06-23
B0BB77TF3G,2025-06-30
B0BB77TF3G,2025-07-07
B0BB77TF3G,2025-07-14
B0BB77TF3G,2025-07-21
B0BB77TF3G,2025-07-28
B0BB77TF3G,2025-08-04
B0BB77TF3G,2025-08-11
B0BB77TF3G,2025-08-18
B0BB77TF3G,2025-08-25
B0BB77TF3G,2025-09-01
B0BB77TF3G,2025-09-08
B0BB77TF3G,2025-09-15
B0BB77TF3G,2025-09-22
B0BB77TF3G,2025-09-29
B0BB77TF3G,2025-10-06
B0BB77TF3G,2025-10-13
B0BB77TF3G,2025-10-20
B0BB77TF3G,2025-10-27
B0BB77TF3G,2025-11-03
B0BB77TF3G,2025-11-10
B0BB77TF3G,2025-11-17
B0BB77TF3G,2025-11-24
B0BB77TF3G,2025-12-01
B0BB77TF3G,2025-12-08
B0BB77TF3G,2025-12-15
B0BB77TF3G,2025-12-22
B0BB77TF3G,2025-12-29
B0BB77TF3G,2026-01-05
B0BB77TF3G,2026-01-12
B0BB77TF3G,2026-01-19
B0BB77TF3G,2026-01-26
B0BB77TF3G,2026-02-02
B0BB77TF3G,2026-02-09
B0BB77TF3G,2026-02-16
B0BB77TF3G,2026-02-23
B0BB77TF3G,2026-03-02
B0BB77TF3G,2026-03-09
B0BB77TF3G,2026-03-16
B0BB77TF3G,2026-03-23
B0BB77TF3G,2026-03-30
B0BB77TF3G,2025-03-03
B0BB77TF3G,2025-03-10
B0BB77TF3G,2025-03-17
B0BB77TF3G,2025-03-24
B0BB77TF3G,2025-03-31
B0BB77TF3G,2025-04-07
B0BB77TF3G,2025-04-14
B0BB77TF3G,2025-04-21
B0BB77TF3G,2025-04-28
B0BB77TF3G,2025-05-05
B0BB77TF3G,2025-05-12
B0BB77TF3G,2025-05-19
B0BB77TF3G,2025-05-26
B0BB77TF3G,2025-06-02
B0BB77TF3G,2025-06-09
B0BB77TF3G,2025-06-16
B0BB77TF3G,2025-06-23
B0BB77TF3G,2025-06-30
B0BB77TF3G,2025-07-07
B0BB77TF3G,2025-07-14
B0BB77TF3G,2025-07-21
B0BB77TF3G,2025-07-28
B0BB77TF3G,2025-08-04
B0BB77TF3G,2025-08-11
B0BB77TF3G,2025-08-18
B0BB77TF3G,2025-08-25
B0BB77TF3G,2025-09-01
B0BB77TF3G,2025-09-08
B0BB77TF3G,2025-09-15
B0BB77TF3G,2025-09-22
B0BB77TF3G,2025-09-29
B0BB77TF3G,2025-10-06
B0BB77TF3G,2025-10-13
B0BB77TF3G,2025-10-20
B0BB77TF3G,2025-10-27
B0BB77TF3G,2025-11-03
B0BB77TF3G,2025-11-10
B0BB77TF3G,2025-11-17
B0BB77TF3G,2025-11-24
B0BB77TF3G,2025-12-01
B0BB77TF3G,2025-12-08
B0BB77TF3G,2025-12-15
B0BB77TF3G,2025-12-22
B0BB77TF3G,2025-12-29
B0BB77TF3G,2026-01-05
B0BB77TF3G,2026-01-12
B0BB77TF3G,2026-01-19
B0BB77TF3G,2026-01-26
B0BB77TF3G,2026-02-02
B0BB77TF3G,2026-02-09
B0BB77TF3G,2026-02-16
B0BB77TF3G,2026-02-23
B0BB77TF3G,2026-03-02
B0BB77TF3G,2026-03-09
B0BB77TF3G,2026-03-16
B0BB77TF3G,2026-03-23
B0BB77TF3G,2026-03-30
B0BBZGMW34,2025-03-03
B0BBZGMW34,2025-03-10
B0BBZGMW34,2025-03-17
B0BBZGMW34,2025-03-24
B0BBZGMW34,2025-03-31
B0BBZGMW34,2025-04-07
B0BBZGMW34,2025-04-14
B0BBZGMW34,2025-04-21
B0BBZGMW34,2025-04-28
B0BBZGMW34,2025-05-05
B0BBZGMW34,2025-05-12
B0BBZGMW34,2025-05-19
B0BBZGMW34,2025-05-26
B0BBZGMW34,2025-06-02
B0BBZGMW34,2025-06-09
B0BBZGMW34,2025-06-16
B0BBZGMW34,2025-06-23
B0BBZGMW34,2025-06-30
B0BBZGMW34,2025-07-07
B0BBZGMW34,2025-07-14
B0BBZGMW34,2025-07-21
B0BBZGMW34,2025-07-28
B0BBZGMW34,2025-08-04
B0BBZGMW34,2025-08-11
B0BBZGMW34,2025-08-18
B0BBZGMW34,2025-08-25
B0BBZGMW34,2025-09-01
B0BBZGMW34,2025-09-08
B0BBZGMW34,2025-09-15
B0BBZGMW34,2025-09-22
B0BBZGMW34,2025-09-29
B0BBZGMW34,2025-10-06
B0BBZGMW34,2025-10-13
B0BBZGMW34,2025-10-20
B0BBZGMW34,2025-10-27
B0BBZGMW34,2025-11-03
B0BBZGMW34,2025-11-10
B0BBZGMW34,2025-11-17
B0BBZGMW34,2025-11-24
B0BBZGMW34,2025-12-01
B0BBZGMW34,2025-12-08
B0BBZGMW34,2025-12-15
B0BBZGMW34,2025-12-22
B0BBZGMW34,2025-12-29
B0BBZGMW34,2026-01-05
B0BBZGMW34,2026-01-12
B0BBZGMW34,2026-01-19
B0BBZGMW34,2026-01-26
B0BBZGMW34,2026-02-02
B0BBZGMW34,2026-02-09
B0BBZGMW34,2026-02-16
B0BBZGMW34,2026-02-23
B0BBZGMW34,2026-03-02
B0BBZGMW34,2026-03-09
B0BBZGMW34,2026-03-16
B0BBZGMW34,2026-03-23
B0BBZGMW34,2026-03-30
B0BBZGMW34,2025-03-03
B0BBZGMW34,2025-03-10
B0BBZGMW34,2025-03-17
B0BBZGMW34,2025-03-24
B0BBZGMW34,2025-03-31
B0BBZGMW34,2025-04-07
B0BBZGMW34,2025-04-14
B0BBZGMW34,2025-04-21
B0BBZGMW34,2025-04-28
B0BBZGMW34,2025-05-05
B0BBZGMW34,2025-05-12
B0BBZGMW34,2025-05-19
B0BBZGMW34,2025-05-26
B0BBZGMW34,2025-06-02
B0BBZGMW34,2025-06-09
B0BBZGMW34,2025-06-16
B0BBZGMW34,2025-06-23
B0BBZGMW34,2025-06-30
B0BBZGMW34,2025-07-07
B0BBZGMW34,2025-07-14
B0BBZGMW34,2025-07-21
B0BBZGMW34,2025-07-28
B0BBZGMW34,2025-08-04
B0BBZGMW34,2025-08-11
B0BBZGMW34,2025-08-18
B0BBZGMW34,2025-08-25
B0BBZGMW34,2025-09-01
B0BBZGMW34,2025-09-08
B0BBZGMW34,2025-09-15
B0BBZGMW34,2025-09-22
B0BBZGMW34,2025-09-29
B0BBZGMW34,2025-10-06
B0BBZGMW34,2025-10-13
B0BBZGMW34,2025-10-20
B0BBZGMW34,2025-10-27
B0BBZGMW34,2025-11-03
B0BBZGMW34,2025-11-10
B0BBZGMW34,2025-11-17
B0BBZGMW34,2025-11-24
B0BBZGMW34,2025-12-01
B0BBZGMW34,2025-12-08
B0BBZGMW34,2025-12-15
B0BBZGMW34,2025-12-22
B0BBZGMW34,2025-12-29
B0BBZGMW34,2026-01-05
B0BBZGMW34,2026-01-12
B0BBZGMW34,2026-01-19
B0BBZGMW34,2026-01-26
B0BBZGMW34,2026-02-02
B0BBZGMW34,2026-02-09
B0BBZGMW34,2026-02-16
B0BBZGMW34,2026-02-23
B0BBZGMW34,2026-03-02
B0BBZGMW34,2026-03-09
B0BBZGMW34,2026-03-16
B0BBZGMW34,2026-03-23
B0BBZGMW34,2026-03-30
B0BHVG7R4J,2025-03-03
B0BHVG7R4J,2025-03-10
B0BHVG7R4J,2025-03-17
B0BHVG7R4J,2025-03-24
B0BHVG7R4J,2025-03-31
B0BHVG7R4J,2025-04-07
B0BHVG7R4J,2025-04-14
B0BHVG7R4J,2025-04-21
B0BHVG7R4J,2025-04-28
B0BHVG7R4J,2025-05-05
B0BHVG7R4J,2025-05-12
B0BHVG7R4J,2025-05-19
B0BHVG7R4J,2025-05-26
B0BHVG7R4J,2025-06-02
B0BHVG7R4J,2025-06-09
B0BHVG7R4J,2025-06-16
B0BHVG7R4J,2025-06-23
B0BHVG7R4J,2025-06-30
B0BHVG7R4J,2025-07-07
B0BHVG7R4J,2025-07-14
B0BHVG7R4J,2025-07-21
B0BHVG7R4J,2025-07-28
B0BHVG7R4J,2025-08-04
B0BHVG7R4J,2025-08-11
B0BHVG7R4J,2025-08-18
B0BHVG7R4J,2025-08-25
B0BHVG7R4J,2025-09-01
B0BHVG7R4J,2025-09-08
B0BHVG7R4J,2025-09-15
B0BHVG7R4J,2025-09-22
B0BHVG7R4J,2025-09-29
B0BHVG7R4J,2025-10-06
B0BHVG7R4J,2025-10-13
B0BHVG7R4J,2025-10-20
B0BHVG7R4J,2025-10-27
B0BHVG7R4J,2025-11-03
B0BHVG7R4J,2025-11-10
B0BHVG7R4J,2025-11-17
B0BHVG7R4J,2025-11-24
B0BHVG7R4J,2025-12-01
B0BHVG7R4J,2025-12-08
B0BHVG7R4J,2025-12-15
B0BHVG7R4J,2025-12-22
B0BHVG7R4J,2025-12-29
B0BHVG7R4J,2026-01-05
B0BHVG7R4J,2026-01-12
B0BHVG7R4J,2026-01-19
B0BHVG7R4J,2026-01-26
B0BHVG7R4J,2026-02-02
B0BHVG7R4J,2026-02-09
B0BHVG7R4J,2026-02-16
B0BHVG7R4J,2026-02-23
B0BHVG7R4J,2026-03-02
B0BHVG7R4J,2026-03-09
B0BHVG7R4J,2026-03-16
B0BHVG7R4J,2026-03-23
B0BHVG7R4J,2026-03-30
B0BHVG7R4J,2025-03-03
B0BHVG7R4J,2025-03-10
B0BHVG7R4J,2025-03-17
B0BHVG7R4J,2025-03-24
B0BHVG7R4J,2025-03-31
B0BHVG7R4J,2025-04-07
B0BHVG7R4J,2025-04-14
B0BHVG7R4J,2025-04-21
B0BHVG7R4J,2025-04-28
B0BHVG7R4J,2025-05-05
B0BHVG7R4J,2025-05-12
B0BHVG7R4J,2025-05-19
B0BHVG7R4J,2025-05-26
B0BHVG7R4J,2025-06-02
B0BHVG7R4J,2025-06-09
B0BHVG7R4J,2025-06-16
B0BHVG7R4J,2025-06-23
B0BHVG7R4J,2025-06-30
B0BHVG7R4J,2025-07-07
B0BHVG7R4J,2025-07-14
B0BHVG7R4J,2025-07-21
B0BHVG7R4J,2025-07-28
B0BHVG7R4J,2025-08-04
B0BHVG7R4J,2025-08-11
B0BHVG7R4J,2025-08-18
B0BHVG7R4J,2025-08-25
B0BHVG7R4J,2025-09-01
B0BHVG7R4J,2025-09-08
B0BHVG7R4J,2025-09-15
B0BHVG7R4J,2025-09-22
B0BHVG7R4J,2025-09-29
B0BHVG7R4J,2025-10-06
B0BHVG7R4J,2025-10-13
B0BHVG7R4J,2025-10-20
B0BHVG7R4J,2025-10-27
B0BHVG7R4J,2025-11-03
B0BHVG7R4J,2025-11-10
B0BHVG7R4J,2025-11-17
B0BHVG7R4J,2025-11-24
B0BHVG7R4J,2025-12-01
B0BHVG7R4J,2025-12-08
B0BHVG7R4J,2025-12-15
B0BHVG7R4J,2025-12-22
B0BHVG7R4J,2025-12-29
B0BHVG7R4J,2026-01-05
B0BHVG7R4J,2026-01-12
B0BHVG7R4J,2026-01-19
B0BHVG7R4J,2026-01-26
B0BHVG7R4J,2026-02-02
B0BHVG7R4J,2026-02-09
B0BHVG7R4J,2026-02-16
B0BHVG7R4J,2026-02-23
B0BHVG7R4J,2026-03-02
B0BHVG7R4J,2026-03-09
B0BHVG7R4J,2026-03-16
B0BHVG7R4J,2026-03-23
B0BHVG7R4J,2026-03-30
B0BKZXMSTX,2025-03-03
B0BKZXMSTX,2025-03-10
B0BKZXMSTX,2025-03-17
B0BKZXMSTX,2025-03-24
B0BKZXMSTX,2025-03-31
B0BKZXMSTX,2025-04-07
B0BKZXMSTX,2025-04-14
B0BKZXMSTX,2025-04-21
B0BKZXMSTX,2025-04-28
B0BKZXMSTX,2025-05-05
B0BKZXMSTX,2025-05-12
B0BKZXMSTX,2025-05-19
B0BKZXMSTX,2025-05-26
B0BKZXMSTX,2025-06-02
B0BKZXMSTX,2025-06-09
B0BKZXMSTX,2025-06-16
B0BKZXMSTX,2025-06-23
B0BKZXMSTX,2025-06-30
B0BKZXMSTX,2025-07-07
B0BKZXMSTX,2025-07-14
B0BKZXMSTX,2025-07-21
B0BKZXMSTX,2025-07-28
B0BKZXMSTX,2025-08-04
B0BKZXMSTX,2025-08-11
B0BKZXMSTX,2025-08-18
B0BKZXMSTX,2025-08-25
B0BKZXMSTX,2025-09-01
B0BKZXMSTX,2025-09-08
B0BKZXMSTX,2025-09-15
B0BKZXMSTX,2025-09-22
B0BKZXMSTX,2025-09-29
B0BKZXMSTX,2025-10-06
B0BKZXMSTX,2025-10-13
B0BKZXMSTX,2025-10-20
B0BKZXMSTX,2025-10-27
B0BKZXMSTX,2025-11-03
B0BKZXMSTX,2025-11-10
B0BKZXMSTX,2025-11-17
B0BKZXMSTX,2025-11-24
B0BKZXMSTX,2025-12-01
B0BKZXMSTX,2025-12-08
B0BKZXMSTX,2025-12-15
B0BKZXMSTX,2025-12-22
B0BKZXMSTX,2025-12-29
B0BKZXMSTX,2026-01-05
B0BKZXMSTX,2026-01-12
B0BKZXMSTX,2026-01-19
B0BKZXMSTX,2026-01-26
B0BKZXMSTX,2026-02-02
B0BKZXMSTX,2026-02-09
B0BKZXMSTX,2026-02-16
B0BKZXMSTX,2026-02-23
B0BKZXMSTX,2026-03-02
B0BKZXMSTX,2026-03-09
B0BKZXMSTX,2026-03-16
B0BKZXMSTX,2026-03-23
B0BKZXMSTX,2026-03-30
B0BKZXMSTX,2025-03-03
B0BKZXMSTX,2025-03-10
B0BKZXMSTX,2025-03-17
B0BKZXMSTX,2025-03-24
B0BKZXMSTX,2025-03-31
B0BKZXMSTX,2025-04-07
B0BKZXMSTX,2025-04-14
B0BKZXMSTX,2025-04-21
B0BKZXMSTX,2025-04-28
B0BKZXMSTX,2025-05-05
B0BKZXMSTX,2025-05-12
B0BKZXMSTX,2025-05-19
B0BKZXMSTX,2025-05-26
B0BKZXMSTX,2025-06-02
B0BKZXMSTX,2025-06-09
B0BKZXMSTX,2025-06-16
B0BKZXMSTX,2025-06-23
B0BKZXMSTX,2025-06-30
B0BKZXMSTX,2025-07-07
B0BKZXMSTX,2025-07-14
B0BKZXMSTX,2025-07-21
B0BKZXMSTX,2025-07-28
B0BKZXMSTX,2025-08-04
B0BKZXMSTX,2025-08-11
B0BKZXMSTX,2025-08-18
B0BKZXMSTX,2025-08-25
B0BKZXMSTX,2025-09-01
B0BKZXMSTX,2025-09-08
B0BKZXMSTX,2025-09-15
B0BKZXMSTX,2025-09-22
B0BKZXMSTX,2025-09-29
B0BKZXMSTX,2025-10-06
B0BKZXMSTX,2025-10-13
B0BKZXMSTX,2025-10-20
B0BKZXMSTX,2025-10-27
B0BKZXMSTX,2025-11-03
B0BKZXMSTX,2025-11-10
B0BKZXMSTX,2025-11-17
B0BKZXMSTX,2025-11-24
B0BKZXMSTX,2025-12-01
B0BKZXMSTX,2025-12-08
B0BKZXMSTX,2025-12-15
B0BKZXMSTX,2025-12-22
B0BKZXMSTX,2025-12-29
B0BKZXMSTX,2026-01-05
B0BKZXMSTX,2026-01-12
B0BKZXMSTX,2026-01-19
B0BKZXMSTX,2026-01-26
B0BKZXMSTX,2026-02-02
B0BKZXMSTX,2026-02-09
B0BKZXMSTX,2026-02-16
B0BKZXMSTX,2026-02-23
B0BKZXMSTX,2026-03-02
B0BKZXMSTX,2026-03-09
B0BKZXMSTX,2026-03-16
B0BKZXMSTX,2026-03-23
B0BKZXMSTX,2026-03-30
B0BQNBQ75S,2025-03-03
B0BQNBQ75S,2025-03-10
B0BQNBQ75S,2025-03-17
B0BQNBQ75S,2025-03-24
B0BQNBQ75S,2025-03-31
B0BQNBQ75S,2025-04-07
B0BQNBQ75S,2025-04-14
B0BQNBQ75S,2025-04-21
B0BQNBQ75S,2025-04-28
B0BQNBQ75S,2025-05-05
B0BQNBQ75S,2025-05-12
B0BQNBQ75S,2025-05-19
B0BQNBQ75S,2025-05-26
B0BQNBQ75S,2025-06-02
B0BQNBQ75S,2025-06-09
B0BQNBQ75S,2025-06-16
B0BQNBQ75S,2025-06-23
B0BQNBQ75S,2025-06-30
B0BQNBQ75S,2025-07-07
B0BQNBQ75S,2025-07-14
B0BQNBQ75S,2025-07-21
B0BQNBQ75S,2025-07-28
B0BQNBQ75S,2025-08-04
B0BQNBQ75S,2025-08-11
B0BQNBQ75S,2025-08-18
B0BQNBQ75S,2025-08-25
B0BQNBQ75S,2025-09-01
B0BQNBQ75S,2025-09-08
B0BQNBQ75S,2025-09-15
B0BQNBQ75S,2025-09-22
B0BQNBQ75S,2025-09-29
B0BQNBQ75S,2025-10-06
B0BQNBQ75S,2025-10-13
B0BQNBQ75S,2025-10-20
B0BQNBQ75S,2025-10-27
B0BQNBQ75S,2025-11-03
B0BQNBQ75S,2025-11-10
B0BQNBQ75S,2025-11-17
B0BQNBQ75S,2025-11-24
B0BQNBQ75S,2025-12-01
B0BQNBQ75S,2025-12-08
B0BQNBQ75S,2025-12-15
B0BQNBQ75S,2025-12-22
B0BQNBQ75S,2025-12-29
B0BQNBQ75S,2026-01-05
B0BQNBQ75S,2026-01-12
B0BQNBQ75S,2026-01-19
B0BQNBQ75S,2026-01-26
B0BQNBQ75S,2026-02-02
B0BQNBQ75S,2026-02-09
B0BQNBQ75S,2026-02-16
B0BQNBQ75S,2026-02-23
B0BQNBQ75S,2026-03-02
B0BQNBQ75S,2026-03-09
B0BQNBQ75S,2026-03-16
B0BQNBQ75S,2026-03-23
B0BQNBQ75S,2026-03-30
B0BQNBQ75S,2025-03-03
B0BQNBQ75S,2025-03-10
B0BQNBQ75S,2025-03-17
B0BQNBQ75S,2025-03-24
B0BQNBQ75S,2025-03-31
B0BQNBQ75S,2025-04-07
B0BQNBQ75S,2025-04-14
B0BQNBQ75S,2025-04-21
B0BQNBQ75S,2025-04-28
B0BQNBQ75S,2025-05-05
B0BQNBQ75S,2025-05-12
B0BQNBQ75S,2025-05-19
B0BQNBQ75S,2025-05-26
B0BQNBQ75S,2025-06-02
B0BQNBQ75S,2025-06-09
B0BQNBQ75S,2025-06-16
B0BQNBQ75S,2025-06-23
B0BQNBQ75S,2025-06-30
B0BQNBQ75S,2025-07-07
B0BQNBQ75S,2025-07-14
B0BQNBQ75S,2025-07-21
B0BQNBQ75S,2025-07-28
B0BQNBQ75S,2025-08-04
B0BQNBQ75S,2025-08-11
B0BQNBQ75S,2025-08-18
B0BQNBQ75S,2025-08-25
B0BQNBQ75S,2025-09-01
B0BQNBQ75S,2025-09-08
B0BQNBQ75S,2025-09-15
B0BQNBQ75S,2025-09-22
B0BQNBQ75S,2025-09-29
B0BQNBQ75S,2025-10-06
B0BQNBQ75S,2025-10-13
B0BQNBQ75S,2025-10-20
B0BQNBQ75S,2025-10-27
B0BQNBQ75S,2025-11-03
B0BQNBQ75S,2025-11-10
B0BQNBQ75S,2025-11-17
B0BQNBQ75S,2025-11-24
B0BQNBQ75S,2025-12-01
B0BQNBQ75S,2025-12-08
B0BQNBQ75S,2025-12-15
B0BQNBQ75S,2025-12-22
B0BQNBQ75S,2025-12-29
B0BQNBQ75S,2026-01-05
B0BQNBQ75S,2026-01-12
B0BQNBQ75S,2026-01-19
B0BQNBQ75S,2026-01-26
B0BQNBQ75S,2026-02-02
B0BQNBQ75S,2026-02-09
B0BQNBQ75S,2026-02-16
B0BQNBQ75S,2026-02-23
B0BQNBQ75S,2026-03-02
B0BQNBQ75S,2026-03-09
B0BQNBQ75S,2026-03-16
B0BQNBQ75S,2026-03-23
B0BQNBQ75S,2026-03-30
B0BR8DN13Q,2025-03-03
B0BR8DN13Q,2025-03-10
B0BR8DN13Q,2025-03-17
B0BR8DN13Q,2025-03-24
B0BR8DN13Q,2025-03-31
B0BR8DN13Q,2025-04-07
B0BR8DN13Q,2025-04-14
B0BR8DN13Q,2025-04-21
B0BR8DN13Q,2025-04-28
B0BR8DN13Q,2025-05-05
B0BR8DN13Q,2025-05-12
B0BR8DN13Q,2025-05-19
B0BR8DN13Q,2025-05-26
B0BR8DN13Q,2025-06-02
B0BR8DN13Q,2025-06-09
B0BR8DN13Q,2025-06-16
B0BR8DN13Q,2025-06-23
B0BR8DN13Q,2025-06-30
B0BR8DN13Q,2025-07-07
B0BR8DN13Q,2025-07-14
B0BR8DN13Q,2025-07-21
B0BR8DN13Q,2025-07-28
B0BR8DN13Q,2025-08-04
B0BR8DN13Q,2025-08-11
B0BR8DN13Q,2025-08-18
B0BR8DN13Q,2025-08-25
B0BR8DN13Q,2025-09-01
B0BR8DN13Q,2025-09-08
B0BR8DN13Q,2025-09-15
B0BR8DN13Q,2025-09-22
B0BR8DN13Q,2025-09-29
B0BR8DN13Q,2025-10-06
B0BR8DN13Q,2025-10-13
B0BR8DN13Q,2025-10-20
B0BR8DN13Q,2025-10-27
B0BR8DN13Q,2025-11-03
B0BR8DN13Q,2025-11-10
B0BR8DN13Q,2025-11-17
B0BR8DN13Q,2025-11-24
B0BR8DN13Q,2025-12-01
B0BR8DN13Q,2025-12-08
B0BR8DN13Q,2025-12-15
B0BR8DN13Q,2025-12-22
B0BR8DN13Q,2025-12-29
B0BR8DN13Q,2026-01-05
B0BR8DN13Q,2026-01-12
B0BR8DN13Q,2026-01-19
B0BR8DN13Q,2026-01-26
B0BR8DN13Q,2026-02-02
B0BR8DN13Q,2026-02-09
B0BR8DN13Q,2026-02-16
B0BR8DN13Q,2026-02-23
B0BR8DN13Q,2026-03-02
B0BR8DN13Q,2026-03-09
B0BR8DN13Q,2026-03-16
B0BR8DN13Q,2026-03-23
B0BR8DN13Q,2026-03-30
B0BR8DN13Q,2025-03-03
B0BR8DN13Q,2025-03-10
B0BR8DN13Q,2025-03-17
B0BR8DN13Q,2025-03-24
B0BR8DN13Q,2025-03-31
B0BR8DN13Q,2025-04-07
B0BR8DN13Q,2025-04-14
B0BR8DN13Q,2025-04-21
B0BR8DN13Q,2025-04-28
B0BR8DN13Q,2025-05-05
B0BR8DN13Q,2025-05-12
B0BR8DN13Q,2025-05-19
B0BR8DN13Q,2025-05-26
B0BR8DN13Q,2025-06-02
B0BR8DN13Q,2025-06-09
B0BR8DN13Q,2025-06-16
B0BR8DN13Q,2025-06-23
B0BR8DN13Q,2025-06-30
B0BR8DN13Q,2025-07-07
B0BR8DN13Q,2025-07-14
B0BR8DN13Q,2025-07-21
B0BR8DN13Q,2025-07-28
B0BR8DN13Q,2025-08-04
B0BR8DN13Q,2025-08-11
B0BR8DN13Q,2025-08-18
B0BR8DN13Q,2025-08-25
B0BR8DN13Q,2025-09-01
B0BR8DN13Q,2025-09-08
B0BR8DN13Q,2025-09-15
B0BR8DN13Q,2025-09-22
B0BR8DN13Q,2025-09-29
B0BR8DN13Q,2025-10-06
B0BR8DN13Q,2025-10-13
B0BR8DN13Q,2025-10-20
B0BR8DN13Q,2025-10-27
B0BR8DN13Q,2025-11-03
B0BR8DN13Q,2025-11-10
B0BR8DN13Q,2025-11-17
B0BR8DN13Q,2025-11-24
B0BR8DN13Q,2025-12-01
B0BR8DN13Q,2025-12-08
B0BR8DN13Q,2025-12-15
B0BR8DN13Q,2025-12-22
B0BR8DN13Q,2025-12-29
B0BR8DN13Q,2026-01-05
B0BR8DN13Q,2026-01-12
B0BR8DN13Q,2026-01-19
B0BR8DN13Q,2026-01-26
B0BR8DN13Q,2026-02-02
B0BR8DN13Q,2026-02-09
B0BR8DN13Q,2026-02-16
B0BR8DN13Q,2026-02-23
B0BR8DN13Q,2026-03-02
B0BR8DN13Q,2026-03-09
B0BR8DN13Q,2026-03-16
B0BR8DN13Q,2026-03-23
B0BR8DN13Q,2026-03-30
B0BS1581HP,2025-03-03
B0BS1581HP,2025-03-10
B0BS1581HP,2025-03-17
B0BS1581HP,2025-03-24
B0BS1581HP,2025-03-31
B0BS1581HP,2025-04-07
B0BS1581HP,2025-04-14
B0BS1581HP,2025-04-21
B0BS1581HP,2025-04-28
B0BS1581HP,2025-05-05
B0BS1581HP,2025-05-12
B0BS1581HP,2025-05-19
B0BS1581HP,2025-05-26
B0BS1581HP,2025-06-02
B0BS1581HP,2025-06-09
B0BS1581HP,2025-06-16
B0BS1581HP,2025-06-23
B0BS1581HP,2025-06-30
B0BS1581HP,2025-07-07
B0BS1581HP,2025-07-14
B0BS1581HP,2025-07-21
B0BS1581HP,2025-07-28
B0BS1581HP,2025-08-04
B0BS1581HP,2025-08-11
B0BS1581HP,2025-08-18
B0BS1581HP,2025-08-25
B0BS1581HP,2025-09-01
B0BS1581HP,2025-09-08
B0BS1581HP,2025-09-15
B0BS1581HP,2025-09-22
B0BS1581HP,2025-09-29
B0BS1581HP,2025-10-06
B0BS1581HP,2025-10-13
B0BS1581HP,2025-10-20
B0BS1581HP,2025-10-27
B0BS1581HP,2025-11-03
B0BS1581HP,2025-11-10
B0BS1581HP,2025-11-17
B0BS1581HP,2025-11-24
B0BS1581HP,2025-12-01
B0BS1581HP,2025-12-08
B0BS1581HP,2025-12-15
B0BS1581HP,2025-12-22
B0BS1581HP,2025-12-29
B0BS1581HP,2026-01-05
B0BS1581HP,2026-01-12
B0BS1581HP,2026-01-19
B0BS1581HP,2026-01-26
B0BS1581HP,2026-02-02
B0BS1581HP,2026-02-09
B0BS1581HP,2026-02-16
B0BS1581HP,2026-02-23
B0BS1581HP,2026-03-02
B0BS1581HP,2026-03-09
B0BS1581HP,2026-03-16
B0BS1581HP,2026-03-23
B0BS1581HP,2026-03-30
B0BS1581HP,2025-03-03
B0BS1581HP,2025-03-10
B0BS1581HP,2025-03-17
B0BS1581HP,2025-03-24
B0BS1581HP,2025-03-31
B0BS1581HP,2025-04-07
B0BS1581HP,2025-04-14
B0BS1581HP,2025-04-21
B0BS1581HP,2025-04-28
B0BS1581HP,2025-05-05
B0BS1581HP,2025-05-12
B0BS1581HP,2025-05-19
B0BS1581HP,2025-05-26
B0BS1581HP,2025-06-02
B0BS1581HP,2025-06-09
B0BS1581HP,2025-06-16
B0BS1581HP,2025-06-23
B0BS1581HP,2025-06-30
B0BS1581HP,2025-07-07
B0BS1581HP,2025-07-14
B0BS1581HP,2025-07-21
B0BS1581HP,2025-07-28
B0BS1581HP,2025-08-04
B0BS1581HP,2025-08-11
B0BS1581HP,2025-08-18
B0BS1581HP,2025-08-25
B0BS1581HP,2025-09-01
B0BS1581HP,2025-09-08
B0BS1581HP,2025-09-15
B0BS1581HP,2025-09-22
B0BS1581HP,2025-09-29
B0BS1581HP,2025-10-06
B0BS1581HP,2025-10-13
B0BS1581HP,2025-10-20
B0BS1581HP,2025-10-27
B0BS1581HP,2025-11-03
B0BS1581HP,2025-11-10
B0BS1581HP,2025-11-17
B0BS1581HP,2025-11-24
B0BS1581HP,2025-12-01
B0BS1581HP,2025-12-08
B0BS1581HP,2025-12-15
B0BS1581HP,2025-12-22
B0BS1581HP,2025-12-29
B0BS1581HP,2026-01-05
B0BS1581HP,2026-01-12
B0BS1581HP,2026-01-19
B0BS1581HP,2026-01-26
B0BS1581HP,2026-02-02
B0BS1581HP,2026-02-09
B0BS1581HP,2026-02-16
B0BS1581HP,2026-02-23
B0BS1581HP,2026-03-02
B0BS1581HP,2026-03-09
B0BS1581HP,2026-03-16
B0BS1581HP,2026-03-23
B0BS1581HP,2026-03-30
B0BS1637LH,2025-03-03
B0BS1637LH,2025-03-10
B0BS1637LH,2025-03-17
B0BS1637LH,2025-03-24
B0BS1637LH,2025-03-31
B0BS1637LH,2025-04-07
B0BS1637LH,2025-04-14
B0BS1637LH,2025-04-21
B0BS1637LH,2025-04-28
B0BS1637LH,2025-05-05
B0BS1637LH,2025-05-12
B0BS1637LH,2025-05-19
B0BS1637LH,2025-05-26
B0BS1637LH,2025-06-02
B0BS1637LH,2025-06-09
B0BS1637LH,2025-06-16
B0BS1637LH,2025-06-23
B0BS1637LH,2025-06-30
B0BS1637LH,2025-07-07
B0BS1637LH,2025-07-14
B0BS1637LH,2025-07-21
B0BS1637LH,2025-07-28
B0BS1637LH,2025-08-04
B0BS1637LH,2025-08-11
B0BS1637LH,2025-08-18
B0BS1637LH,2025-08-25
B0BS1637LH,2025-09-01
B0BS1637LH,2025-09-08
B0BS1637LH,2025-09-15
B0BS1637LH,2025-09-22
B0BS1637LH,2025-09-29
B0BS1637LH,2025-10-06
B0BS1637LH,2025-10-13
B0BS1637LH,2025-10-20
B0BS1637LH,2025-10-27
B0BS1637LH,2025-11-03
B0BS1637LH,2025-11-10
B0BS1637LH,2025-11-17
B0BS1637LH,2025-11-24
B0BS1637LH,2025-12-01
B0BS1637LH,2025-12-08
B0BS1637LH,2025-12-15
B0BS1637LH,2025-12-22
B0BS1637LH,2025-12-29
B0BS1637LH,2026-01-05
B0BS1637LH,2026-01-12
B0BS1637LH,2026-01-19
B0BS1637LH,2026-01-26
B0BS1637LH,2026-02-02
B0BS1637LH,2026-02-09
B0BS1637LH,2026-02-16
B0BS1637LH,2026-02-23
B0BS1637LH,2026-03-02
B0BS1637LH,2026-03-09
B0BS1637LH,2026-03-16
B0BS1637LH,2026-03-23
B0BS1637LH,2026-03-30
B0BS1637LH,2025-03-03
B0BS1637LH,2025-03-10
B0BS1637LH,2025-03-17
B0BS1637LH,2025-03-24
B0BS1637LH,2025-03-31
B0BS1637LH,2025-04-07
B0BS1637LH,2025-04-14
B0BS1637LH,2025-04-21
B0BS1637LH,2025-04-28
B0BS1637LH,2025-05-05
B0BS1637LH,2025-05-12
B0BS1637LH,2025-05-19
B0BS1637LH,2025-05-26
B0BS1637LH,2025-06-02
B0BS1637LH,2025-06-09
B0BS1637LH,2025-06-16
B0BS1637LH,2025-06-23
B0BS1637LH,2025-06-30
B0BS1637LH,2025-07-07
B0BS1637LH,2025-07-14
B0BS1637LH,2025-07-21
B0BS1637LH,2025-07-28
B0BS1637LH,2025-08-04
B0BS1637LH,2025-08-11
B0BS1637LH,2025-08-18
B0BS1637LH,2025-08-25
B0BS1637LH,2025-09-01
B0BS1637LH,2025-09-08
B0BS1637LH,2025-09-15
B0BS1637LH,2025-09-22
B0BS1637LH,2025-09-29
B0BS1637LH,2025-10-06
B0BS1637LH,2025-10-13
B0BS1637LH,2025-10-20
B0BS1637LH,2025-10-27
B0BS1637LH,2025-11-03
B0BS1637LH,2025-11-10
B0BS1637LH,2025-11-17
B0BS1637LH,2025-11-24
B0BS1637LH,2025-12-01
B0BS1637LH,2025-12-08
B0BS1637LH,2025-12-15
B0BS1637LH,2025-12-22
B0BS1637LH,2025-12-29
B0BS1637LH,2026-01-05
B0BS1637LH,2026-01-12
B0BS1637LH,2026-01-19
B0BS1637LH,2026-01-26
B0BS1637LH,2026-02-02
B0BS1637LH,2026-02-09
B0BS1637LH,2026-02-16
B0BS1637LH,2026-02-23
B0BS1637LH,2026-03-02
B0BS1637LH,2026-03-09
B0BS1637LH,2026-03-16
B0BS1637LH,2026-03-23
B0BS1637LH,2026-03-30
B0BV3CVWYN,2025-03-03
B0BV3CVWYN,2025-03-10
B0BV3CVWYN,2025-03-17
B0BV3CVWYN,2025-03-24
B0BV3CVWYN,2025-03-31
B0BV3CVWYN,2025-04-07
B0BV3CVWYN,2025-04-14
B0BV3CVWYN,2025-04-21
B0BV3CVWYN,2025-04-28
B0BV3CVWYN,2025-05-05
B0BV3CVWYN,2025-05-12
B0BV3CVWYN,2025-05-19
B0BV3CVWYN,2025-05-26
B0BV3CVWYN,2025-06-02
B0BV3CVWYN,2025-06-09
B0BV3CVWYN,2025-06-16
B0BV3CVWYN,2025-06-23
B0BV3CVWYN,2025-06-30
B0BV3CVWYN,2025-07-07
B0BV3CVWYN,2025-07-14
B0BV3CVWYN,2025-07-21
B0BV3CVWYN,2025-07-28
B0BV3CVWYN,2025-08-04
B0BV3CVWYN,2025-08-11
B0BV3CVWYN,2025-08-18
B0BV3CVWYN,2025-08-25
B0BV3CVWYN,2025-09-01
B0BV3CVWYN,2025-09-08
B0BV3CVWYN,2025-09-15
B0BV3CVWYN,2025-09-22
B0BV3CVWYN,2025-09-29
B0BV3CVWYN,2025-10-06
B0BV3CVWYN,2025-10-13
B0BV3CVWYN,2025-10-20
B0BV3CVWYN,2025-10-27
B0BV3CVWYN,2025-11-03
B0BV3CVWYN,2025-11-10
B0BV3CVWYN,2025-11-17
B0BV3CVWYN,2025-11-24
B0BV3CVWYN,2025-12-01
B0BV3CVWYN,2025-12-08
B0BV3CVWYN,2025-12-15
B0BV3CVWYN,2025-12-22
B0BV3CVWYN,2025-12-29
B0BV3CVWYN,2026-01-05
B0BV3CVWYN,2026-01-12
B0BV3CVWYN,2026-01-19
B0BV3CVWYN,2026-01-26
B0BV3CVWYN,2026-02-02
B0BV3CVWYN,2026-02-09
B0BV3CVWYN,2026-02-16
B0BV3CVWYN,2026-02-23
B0BV3CVWYN,2026-03-02
B0BV3CVWYN,2026-03-09
B0BV3CVWYN,2026-03-16
B0BV3CVWYN,2026-03-23
B0BV3CVWYN,2026-03-30
B0BV3CVWYN,2025-03-03
B0BV3CVWYN,2025-03-10
B0BV3CVWYN,2025-03-17
B0BV3CVWYN,2025-03-24
B0BV3CVWYN,2025-03-31
B0BV3CVWYN,2025-04-07
B0BV3CVWYN,2025-04-14
B0BV3CVWYN,2025-04-21
B0BV3CVWYN,2025-04-28
B0BV3CVWYN,2025-05-05
B0BV3CVWYN,2025-05-12
B0BV3CVWYN,2025-05-19
B0BV3CVWYN,2025-05-26
B0BV3CVWYN,2025-06-02
B0BV3CVWYN,2025-06-09
B0BV3CVWYN,2025-06-16
B0BV3CVWYN,2025-06-23
B0BV3CVWYN,2025-06-30
B0BV3CVWYN,2025-07-07
B0BV3CVWYN,2025-07-14
B0BV3CVWYN,2025-07-21
B0BV3CVWYN,2025-07-28
B0BV3CVWYN,2025-08-04
B0BV3CVWYN,2025-08-11
B0BV3CVWYN,2025-08-18
B0BV3CVWYN,2025-08-25
B0BV3CVWYN,2025-09-01
B0BV3CVWYN,2025-09-08
B0BV3CVWYN,2025-09-15
B0BV3CVWYN,2025-09-22
B0BV3CVWYN,2025-09-29
B0BV3CVWYN,2025-10-06
B0BV3CVWYN,2025-10-13
B0BV3CVWYN,2025-10-20
B0BV3CVWYN,2025-10-27
B0BV3CVWYN,2025-11-03
B0BV3CVWYN,2025-11-10
B0BV3CVWYN,2025-11-17
B0BV3CVWYN,2025-11-24
B0BV3CVWYN,2025-12-01
B0BV3CVWYN,2025-12-08
B0BV3CVWYN,2025-12-15
B0BV3CVWYN,2025-12-22
B0BV3CVWYN,2025-12-29
B0BV3CVWYN,2026-01-05
B0BV3CVWYN,2026-01-12
B0BV3CVWYN,2026-01-19
B0BV3CVWYN,2026-01-26
B0BV3CVWYN,2026-02-02
B0BV3CVWYN,2026-02-09
B0BV3CVWYN,2026-02-16
B0BV3CVWYN,2026-02-23
B0BV3CVWYN,2026-03-02
B0BV3CVWYN,2026-03-09
B0BV3CVWYN,2026-03-16
B0BV3CVWYN,2026-03-23
B0BV3CVWYN,2026-03-30
B0BXGWT33R,2025-03-03
B0BXGWT33R,2025-03-10
B0BXGWT33R,2025-03-17
B0BXGWT33R,2025-03-24
B0BXGWT33R,2025-03-31
B0BXGWT33R,2025-04-07
B0BXGWT33R,2025-04-14
B0BXGWT33R,2025-04-21
B0BXGWT33R,2025-04-28
B0BXGWT33R,2025-05-05
B0BXGWT33R,2025-05-12
B0BXGWT33R,2025-05-19
B0BXGWT33R,2025-05-26
B0BXGWT33R,2025-06-02
B0BXGWT33R,2025-06-09
B0BXGWT33R,2025-06-16
B0BXGWT33R,2025-06-23
B0BXGWT33R,2025-06-30
B0BXGWT33R,2025-07-07
B0BXGWT33R,2025-07-14
B0BXGWT33R,2025-07-21
B0BXGWT33R,2025-07-28
B0BXGWT33R,2025-08-04
B0BXGWT33R,2025-08-11
B0BXGWT33R,2025-08-18
B0BXGWT33R,2025-08-25
B0BXGWT33R,2025-09-01
B0BXGWT33R,2025-09-08
B0BXGWT33R,2025-09-15
B0BXGWT33R,2025-09-22
B0BXGWT33R,2025-09-29
B0BXGWT33R,2025-10-06
B0BXGWT33R,2025-10-13
B0BXGWT33R,2025-10-20
B0BXGWT33R,2025-10-27
B0BXGWT33R,2025-11-03
B0BXGWT33R,2025-11-10
B0BXGWT33R,2025-11-17
B0BXGWT33R,2025-11-24
B0BXGWT33R,2025-12-01
B0BXGWT33R,2025-12-08
B0BXGWT33R,2025-12-15
B0BXGWT33R,2025-12-22
B0BXGWT33R,2025-12-29
B0BXGWT33R,2026-01-05
B0BXGWT33R,2026-01-12
B0BXGWT33R,2026-01-19
B0BXGWT33R,2026-01-26
B0BXGWT33R,2026-02-02
B0BXGWT33R,2026-02-09
B0BXGWT33R,2026-02-16
B0BXGWT33R,2026-02-23
B0BXGWT33R,2026-03-02
B0BXGWT33R,2026-03-09
B0BXGWT33R,2026-03-16
B0BXGWT33R,2026-03-23
B0BXGWT33R,2026-03-30
B0BXGWT33R,2025-03-03
B0BXGWT33R,2025-03-10
B0BXGWT33R,2025-03-17
B0BXGWT33R,2025-03-24
B0BXGWT33R,2025-03-31
B0BXGWT33R,2025-04-07
B0BXGWT33R,2025-04-14
B0BXGWT33R,2025-04-21
B0BXGWT33R,2025-04-28
B0BXGWT33R,2025-05-05
B0BXGWT33R,2025-05-12
B0BXGWT33R,2025-05-19
B0BXGWT33R,2025-05-26
B0BXGWT33R,2025-06-02
B0BXGWT33R,2025-06-09
B0BXGWT33R,2025-06-16
B0BXGWT33R,2025-06-23
B0BXGWT33R,2025-06-30
B0BXGWT33R,2025-07-07
B0BXGWT33R,2025-07-14
B0BXGWT33R,2025-07-21
B0BXGWT33R,2025-07-28
B0BXGWT33R,2025-08-04
B0BXGWT33R,2025-08-11
B0BXGWT33R,2025-08-18
B0BXGWT33R,2025-08-25
B0BXGWT33R,2025-09-01
B0BXGWT33R,2025-09-08
B0BXGWT33R,2025-09-15
B0BXGWT33R,2025-09-22
B0BXGWT33R,2025-09-29
B0BXGWT33R,2025-10-06
B0BXGWT33R,2025-10-13
B0BXGWT33R,2025-10-20
B0BXGWT33R,2025-10-27
B0BXGWT33R,2025-11-03
B0BXGWT33R,2025-11-10
B0BXGWT33R,2025-11-17
B0BXGWT33R,2025-11-24
B0BXGWT33R,2025-12-01
B0BXGWT33R,2025-12-08
B0BXGWT33R,2025-12-15
B0BXGWT33R,2025-12-22
B0BXGWT33R,2025-12-29
B0BXGWT33R,2026-01-05
B0BXGWT33R,2026-01-12
B0BXGWT33R,2026-01-19
B0BXGWT33R,2026-01-26
B0BXGWT33R,2026-02-02
B0BXGWT33R,2026-02-09
B0BXGWT33R,2026-02-16
B0BXGWT33R,2026-02-23
B0BXGWT33R,2026-03-02
B0BXGWT33R,2026-03-09
B0BXGWT33R,2026-03-16
B0BXGWT33R,2026-03-23
B0BXGWT33R,2026-03-30
B0BXGZ8DB3,2025-03-03
B0BXGZ8DB3,2025-03-10
B0BXGZ8DB3,2025-03-17
B0BXGZ8DB3,2025-03-24
B0BXGZ8DB3,2025-03-31
B0BXGZ8DB3,2025-04-07
B0BXGZ8DB3,2025-04-14
B0BXGZ8DB3,2025-04-21
B0BXGZ8DB3,2025-04-28
B0BXGZ8DB3,2025-05-05
B0BXGZ8DB3,2025-05-12
B0BXGZ8DB3,2025-05-19
B0BXGZ8DB3,2025-05-26
B0BXGZ8DB3,2025-06-02
B0BXGZ8DB3,2025-06-09
B0BXGZ8DB3,2025-06-16
B0BXGZ8DB3,2025-06-23
B0BXGZ8DB3,2025-06-30
B0BXGZ8DB3,2025-07-07
B0BXGZ8DB3,2025-07-14
B0BXGZ8DB3,2025-07-21
B0BXGZ8DB3,2025-07-28
B0BXGZ8DB3,2025-08-04
B0BXGZ8DB3,2025-08-11
B0BXGZ8DB3,2025-08-18
B0BXGZ8DB3,2025-08-25
B0BXGZ8DB3,2025-09-01
B0BXGZ8DB3,2025-09-08
B0BXGZ8DB3,2025-09-15
B0BXGZ8DB3,2025-09-22
B0BXGZ8DB3,2025-09-29
B0BXGZ8DB3,2025-10-06
B0BXGZ8DB3,2025-10-13
B0BXGZ8DB3,2025-10-20
B0BXGZ8DB3,2025-10-27
B0BXGZ8DB3,2025-11-03
B0BXGZ8DB3,2025-11-10
B0BXGZ8DB3,2025-11-17
B0BXGZ8DB3,2025-11-24
B0BXGZ8DB3,2025-12-01
B0BXGZ8DB3,2025-12-08
B0BXGZ8DB3,2025-12-15
B0BXGZ8DB3,2025-12-22
B0BXGZ8DB3,2025-12-29
B0BXGZ8DB3,2026-01-05
B0BXGZ8DB3,2026-01-12
B0BXGZ8DB3,2026-01-19
B0BXGZ8DB3,2026-01-26
B0BXGZ8DB3,2026-02-02
B0BXGZ8DB3,2026-02-09
B0BXGZ8DB3,2026-02-16
B0BXGZ8DB3,2026-02-23
B0BXGZ8DB3,2026-03-02
B0BXGZ8DB3,2026-03-09
B0BXGZ8DB3,2026-03-16
B0BXGZ8DB3,2026-03-23
B0BXGZ8DB3,2026-03-30
B0BXGZ8DB3,2025-03-03
B0BXGZ8DB3,2025-03-10
B0BXGZ8DB3,2025-03-17
B0BXGZ8DB3,2025-03-24
B0BXGZ8DB3,2025-03-31
B0BXGZ8DB3,2025-04-07
B0BXGZ8DB3,2025-04-14
B0BXGZ8DB3,2025-04-21
B0BXGZ8DB3,2025-04-28
B0BXGZ8DB3,2025-05-05
B0BXGZ8DB3,2025-05-12
B0BXGZ8DB3,2025-05-19
B0BXGZ8DB3,2025-05-26
B0BXGZ8DB3,2025-06-02
B0BXGZ8DB3,2025-06-09
B0BXGZ8DB3,2025-06-16
B0BXGZ8DB3,2025-06-23
B0BXGZ8DB3,2025-06-30
B0BXGZ8DB3,2025-07-07
B0BXGZ8DB3,2025-07-14
B0BXGZ8DB3,2025-07-21
B0BXGZ8DB3,2025-07-28
B0BXGZ8DB3,2025-08-04
B0BXGZ8DB3,2025-08-11
B0BXGZ8DB3,2025-08-18
B0BXGZ8DB3,2025-08-25
B0BXGZ8DB3,2025-09-01
B0BXGZ8DB3,2025-09-08
B0BXGZ8DB3,2025-09-15
B0BXGZ8DB3,2025-09-22
B0BXGZ8DB3,2025-09-29
B0BXGZ8DB3,2025-10-06
B0BXGZ8DB3,2025-10-13
B0BXGZ8DB3,2025-10-20
B0BXGZ8DB3,2025-10-27
B0BXGZ8DB3,2025-11-03
B0BXGZ8DB3,2025-11-10
B0BXGZ8DB3,2025-11-17
B0BXGZ8DB3,2025-11-24
B0BXGZ8DB3,2025-12-01
B0BXGZ8DB3,2025-12-08
B0BXGZ8DB3,2025-12-15
B0BXGZ8DB3,2025-12-22
B0BXGZ8DB3,2025-12-29
B0BXGZ8DB3,2026-01-05
B0BXGZ8DB3,2026-01-12
B0BXGZ8DB3,2026-01-19
B0BXGZ8DB3,2026-01-26
B0BXGZ8DB3,2026-02-02
B0BXGZ8DB3,2026-02-09
B0BXGZ8DB3,2026-02-16
B0BXGZ8DB3,2026-02-23
B0BXGZ8DB3,2026-03-02
B0BXGZ8DB3,2026-03-09
B0BXGZ8DB3,2026-03-16
B0BXGZ8DB3,2026-03-23
B0BXGZ8DB3,2026-03-30
B0BXH1SZQ7,2025-03-03
B0BXH1SZQ7,2025-03-10
B0BXH1SZQ7,2025-03-17
B0BXH1SZQ7,2025-03-24
B0BXH1SZQ7,2025-03-31
B0BXH1SZQ7,2025-04-07
B0BXH1SZQ7,2025-04-14
B0BXH1SZQ7,2025-04-21
B0BXH1SZQ7,2025-04-28
B0BXH1SZQ7,2025-05-05
B0BXH1SZQ7,2025-05-12
B0BXH1SZQ7,2025-05-19
B0BXH1SZQ7,2025-05-26
B0BXH1SZQ7,2025-06-02
B0BXH1SZQ7,2025-06-09
B0BXH1SZQ7,2025-06-16
B0BXH1SZQ7,2025-06-23
B0BXH1SZQ7,2025-06-30
B0BXH1SZQ7,2025-07-07
B0BXH1SZQ7,2025-07-14
B0BXH1SZQ7,2025-07-21
B0BXH1SZQ7,2025-07-28
B0BXH1SZQ7,2025-08-04
B0BXH1SZQ7,2025-08-11
B0BXH1SZQ7,2025-08-18
B0BXH1SZQ7,2025-08-25
B0BXH1SZQ7,2025-09-01
B0BXH1SZQ7,2025-09-08
B0BXH1SZQ7,2025-09-15
B0BXH1SZQ7,2025-09-22
B0BXH1SZQ7,2025-09-29
B0BXH1SZQ7,2025-10-06
B0BXH1SZQ7,2025-10-13
B0BXH1SZQ7,2025-10-20
B0BXH1SZQ7,2025-10-27
B0BXH1SZQ7,2025-11-03
B0BXH1SZQ7,2025-11-10
B0BXH1SZQ7,2025-11-17
B0BXH1SZQ7,2025-11-24
B0BXH1SZQ7,2025-12-01
B0BXH1SZQ7,2025-12-08
B0BXH1SZQ7,2025-12-15
B0BXH1SZQ7,2025-12-22
B0BXH1SZQ7,2025-12-29
B0BXH1SZQ7,2026-01-05
B0BXH1SZQ7,2026-01-12
B0BXH1SZQ7,2026-01-19
B0BXH1SZQ7,2026-01-26
B0BXH1SZQ7,2026-02-02
B0BXH1SZQ7,2026-02-09
B0BXH1SZQ7,2026-02-16
B0BXH1SZQ7,2026-02-23
B0BXH1SZQ7,2026-03-02
B0BXH1SZQ7,2026-03-09
B0BXH1SZQ7,2026-03-16
B0BXH1SZQ7,2026-03-23
B0BXH1SZQ7,2026-03-30
B0BXH1SZQ7,2025-03-03
B0BXH1SZQ7,2025-03-10
B0BXH1SZQ7,2025-03-17
B0BXH1SZQ7,2025-03-24
B0BXH1SZQ7,2025-03-31
B0BXH1SZQ7,2025-04-07
B0BXH1SZQ7,2025-04-14
B0BXH1SZQ7,2025-04-21
B0BXH1SZQ7,2025-04-28
B0BXH1SZQ7,2025-05-05
B0BXH1SZQ7,2025-05-12
B0BXH1SZQ7,2025-05-19
B0BXH1SZQ7,2025-05-26
B0BXH1SZQ7,2025-06-02
B0BXH1SZQ7,2025-06-09
B0BXH1SZQ7,2025-06-16
B0BXH1SZQ7,2025-06-23
B0BXH1SZQ7,2025-06-30
B0BXH1SZQ7,2025-07-07
B0BXH1SZQ7,2025-07-14
B0BXH1SZQ7,2025-07-21
B0BXH1SZQ7,2025-07-28
B0BXH1SZQ7,2025-08-04
B0BXH1SZQ7,2025-08-11
B0BXH1SZQ7,2025-08-18
B0BXH1SZQ7,2025-08-25
B0BXH1SZQ7,2025-09-01
B0BXH1SZQ7,2025-09-08
B0BXH1SZQ7,2025-09-15
B0BXH1SZQ7,2025-09-22
B0BXH1SZQ7,2025-09-29
B0BXH1SZQ7,2025-10-06
B0BXH1SZQ7,2025-10-13
B0BXH1SZQ7,2025-10-20
B0BXH1SZQ7,2025-10-27
B0BXH1SZQ7,2025-11-03
B0BXH1SZQ7,2025-11-10
B0BXH1SZQ7,2025-11-17
B0BXH1SZQ7,2025-11-24
B0BXH1SZQ7,2025-12-01
B0BXH1SZQ7,2025-12-08
B0BXH1SZQ7,2025-12-15
B0BXH1SZQ7,2025-12-22
B0BXH1SZQ7,2025-12-29
B0BXH1SZQ7,2026-01-05
B0BXH1SZQ7,2026-01-12
B0BXH1SZQ7,2026-01-19
B0BXH1SZQ7,2026-01-26
B0BXH1SZQ7,2026-02-02
B0BXH1SZQ7,2026-02-09
B0BXH1SZQ7,2026-02-16
B0BXH1SZQ7,2026-02-23
B0BXH1SZQ7,2026-03-02
B0BXH1SZQ7,2026-03-09
B0BXH1SZQ7,2026-03-16
B0BXH1SZQ7,2026-03-23
B0BXH1SZQ7,2026-03-30
B0BXJS6R3D,2025-03-03
B0BXJS6R3D,2025-03-10
B0BXJS6R3D,2025-03-17
B0BXJS6R3D,2025-03-24
B0BXJS6R3D,2025-03-31
B0BXJS6R3D,2025-04-07
B0BXJS6R3D,2025-04-14
B0BXJS6R3D,2025-04-21
B0BXJS6R3D,2025-04-28
B0BXJS6R3D,2025-05-05
B0BXJS6R3D,2025-05-12
B0BXJS6R3D,2025-05-19
B0BXJS6R3D,2025-05-26
B0BXJS6R3D,2025-06-02
B0BXJS6R3D,2025-06-09
B0BXJS6R3D,2025-06-16
B0BXJS6R3D,2025-06-23
B0BXJS6R3D,2025-06-30
B0BXJS6R3D,2025-07-07
B0BXJS6R3D,2025-07-14
B0BXJS6R3D,2025-07-21
B0BXJS6R3D,2025-07-28
B0BXJS6R3D,2025-08-04
B0BXJS6R3D,2025-08-11
B0BXJS6R3D,2025-08-18
B0BXJS6R3D,2025-08-25
B0BXJS6R3D,2025-09-01
B0BXJS6R3D,2025-09-08
B0BXJS6R3D,2025-09-15
B0BXJS6R3D,2025-09-22
B0BXJS6R3D,2025-09-29
B0BXJS6R3D,2025-10-06
B0BXJS6R3D,2025-10-13
B0BXJS6R3D,2025-10-20
B0BXJS6R3D,2025-10-27
B0BXJS6R3D,2025-11-03
B0BXJS6R3D,2025-11-10
B0BXJS6R3D,2025-11-17
B0BXJS6R3D,2025-11-24
B0BXJS6R3D,2025-12-01
B0BXJS6R3D,2025-12-08
B0BXJS6R3D,2025-12-15
B0BXJS6R3D,2025-12-22
B0BXJS6R3D,2025-12-29
B0BXJS6R3D,2026-01-05
B0BXJS6R3D,2026-01-12
B0BXJS6R3D,2026-01-19
B0BXJS6R3D,2026-01-26
B0BXJS6R3D,2026-02-02
B0BXJS6R3D,2026-02-09
B0BXJS6R3D,2026-02-16
B0BXJS6R3D,2026-02-23
B0BXJS6R3D,2026-03-02
B0BXJS6R3D,2026-03-09
B0BXJS6R3D,2026-03-16
B0BXJS6R3D,2026-03-23
B0BXJS6R3D,2026-03-30
B0BXJS6R3D,2025-03-03
B0BXJS6R3D,2025-03-10
B0BXJS6R3D,2025-03-17
B0BXJS6R3D,2025-03-24
B0BXJS6R3D,2025-03-31
B0BXJS6R3D,2025-04-07
B0BXJS6R3D,2025-04-14
B0BXJS6R3D,2025-04-21
B0BXJS6R3D,2025-04-28
B0BXJS6R3D,2025-05-05
B0BXJS6R3D,2025-05-12
B0BXJS6R3D,2025-05-19
B0BXJS6R3D,2025-05-26
B0BXJS6R3D,2025-06-02
B0BXJS6R3D,2025-06-09
B0BXJS6R3D,2025-06-16
B0BXJS6R3D,2025-06-23
B0BXJS6R3D,2025-06-30
B0BXJS6R3D,2025-07-07
B0BXJS6R3D,2025-07-14
B0BXJS6R3D,2025-07-21
B0BXJS6R3D,2025-07-28
B0BXJS6R3D,2025-08-04
B0BXJS6R3D,2025-08-11
B0BXJS6R3D,2025-08-18
B0BXJS6R3D,2025-08-25
B0BXJS6R3D,2025-09-01
B0BXJS6R3D,2025-09-08
B0BXJS6R3D,2025-09-15
B0BXJS6R3D,2025-09-22
B0BXJS6R3D,2025-09-29
B0BXJS6R3D,2025-10-06
B0BXJS6R3D,2025-10-13
B0BXJS6R3D,2025-10-20
B0BXJS6R3D,2025-10-27
B0BXJS6R3D,2025-11-03
B0BXJS6R3D,2025-11-10
B0BXJS6R3D,2025-11-17
B0BXJS6R3D,2025-11-24
B0BXJS6R3D,2025-12-01
B0BXJS6R3D,2025-12-08
B0BXJS6R3D,2025-12-15
B0BXJS6R3D,2025-12-22
B0BXJS6R3D,2025-12-29
B0BXJS6R3D,2026-01-05
B0BXJS6R3D,2026-01-12
B0BXJS6R3D,2026-01-19
B0BXJS6R3D,2026-01-26
B0BXJS6R3D,2026-02-02
B0BXJS6R3D,2026-02-09
B0BXJS6R3D,2026-02-16
B0BXJS6R3D,2026-02-23
B0BXJS6R3D,2026-03-02
B0BXJS6R3D,2026-03-09
B0BXJS6R3D,2026-03-16
B0BXJS6R3D,2026-03-23
B0BXJS6R3D,2026-03-30
B0BYB87P58,2025-03-03
B0BYB87P58,2025-03-10
B0BYB87P58,2025-03-17
B0BYB87P58,2025-03-24
B0BYB87P58,2025-03-31
B0BYB87P58,2025-04-07
B0BYB87P58,2025-04-14
B0BYB87P58,2025-04-21
B0BYB87P58,2025-04-28
B0BYB87P58,2025-05-05
B0BYB87P58,2025-05-12
B0BYB87P58,2025-05-19
B0BYB87P58,2025-05-26
B0BYB87P58,2025-06-02
B0BYB87P58,2025-06-09
B0BYB87P58,2025-06-16
B0BYB87P58,2025-06-23
B0BYB87P58,2025-06-30
B0BYB87P58,2025-07-07
B0BYB87P58,2025-07-14
B0BYB87P58,2025-07-21
B0BYB87P58,2025-07-28
B0BYB87P58,2025-08-04
B0BYB87P58,2025-08-11
B0BYB87P58,2025-08-18
B0BYB87P58,2025-08-25
B0BYB87P58,2025-09-01
B0BYB87P58,2025-09-08
B0BYB87P58,2025-09-15
B0BYB87P58,2025-09-22
B0BYB87P58,2025-09-29
B0BYB87P58,2025-10-06
B0BYB87P58,2025-10-13
B0BYB87P58,2025-10-20
B0BYB87P58,2025-10-27
B0BYB87P58,2025-11-03
B0BYB87P58,2025-11-10
B0BYB87P58,2025-11-17
B0BYB87P58,2025-11-24
B0BYB87P58,2025-12-01
B0BYB87P58,2025-12-08
B0BYB87P58,2025-12-15
B0BYB87P58,2025-12-22
B0BYB87P58,2025-12-29
B0BYB87P58,2026-01-05
B0BYB87P58,2026-01-12
B0BYB87P58,2026-01-19
B0BYB87P58,2026-01-26
B0BYB87P58,2026-02-02
B0BYB87P58,2026-02-09
B0BYB87P58,2026-02-16
B0BYB87P58,2026-02-23
B0BYB87P58,2026-03-02
B0BYB87P58,2026-03-09
B0BYB87P58,2026-03-16
B0BYB87P58,2026-03-23
B0BYB87P58,2026-03-30
B0BYB87P58,2025-03-03
B0BYB87P58,2025-03-10
B0BYB87P58,2025-03-17
B0BYB87P58,2025-03-24
B0BYB87P58,2025-03-31
B0BYB87P58,2025-04-07
B0BYB87P58,2025-04-14
B0BYB87P58,2025-04-21
B0BYB87P58,2025-04-28
B0BYB87P58,2025-05-05
B0BYB87P58,2025-05-12
B0BYB87P58,2025-05-19
B0BYB87P58,2025-05-26
B0BYB87P58,2025-06-02
B0BYB87P58,2025-06-09
B0BYB87P58,2025-06-16
B0BYB87P58,2025-06-23
B0BYB87P58,2025-06-30
B0BYB87P58,2025-07-07
B0BYB87P58,2025-07-14
B0BYB87P58,2025-07-21
B0BYB87P58,2025-07-28
B0BYB87P58,2025-08-04
B0BYB87P58,2025-08-11
B0BYB87P58,2025-08-18
B0BYB87P58,2025-08-25
B0BYB87P58,2025-09-01
B0BYB87P58,2025-09-08
B0BYB87P58,2025-09-15
B0BYB87P58,2025-09-22
B0BYB87P58,2025-09-29
B0BYB87P58,2025-10-06
B0BYB87P58,2025-10-13
B0BYB87P58,2025-10-20
B0BYB87P58,2025-10-27
B0BYB87P58,2025-11-03
B0BYB87P58,2025-11-10
B0BYB87P58,2025-11-17
B0BYB87P58,2025-11-24
B0BYB87P58,2025-12-01
B0BYB87P58,2025-12-08
B0BYB87P58,2025-12-15
B0BYB87P58,2025-12-22
B0BYB87P58,2025-12-29
B0BYB87P58,2026-01-05
B0BYB87P58,2026-01-12
B0BYB87P58,2026-01-19
B0BYB87P58,2026-01-26
B0BYB87P58,2026-02-02
B0BYB87P58,2026-02-09
B0BYB87P58,2026-02-16
B0BYB87P58,2026-02-23
B0BYB87P58,2026-03-02
B0BYB87P58,2026-03-09
B0BYB87P58,2026-03-16
B0BYB87P58,2026-03-23
B0BYB87P58,2026-03-30
B0BYB9WP1B,2025-03-03
B0BYB9WP1B,2025-03-10
B0BYB9WP1B,2025-03-17
B0BYB9WP1B,2025-03-24
B0BYB9WP1B,2025-03-31
B0BYB9WP1B,2025-04-07
B0BYB9WP1B,2025-04-14
B0BYB9WP1B,2025-04-21
B0BYB9WP1B,2025-04-28
B0BYB9WP1B,2025-05-05
B0BYB9WP1B,2025-05-12
B0BYB9WP1B,2025-05-19
B0BYB9WP1B,2025-05-26
B0BYB9WP1B,2025-06-02
B0BYB9WP1B,2025-06-09
B0BYB9WP1B,2025-06-16
B0BYB9WP1B,2025-06-23
B0BYB9WP1B,2025-06-30
B0BYB9WP1B,2025-07-07
B0BYB9WP1B,2025-07-14
B0BYB9WP1B,2025-07-21
B0BYB9WP1B,2025-07-28
B0BYB9WP1B,2025-08-04
B0BYB9WP1B,2025-08-11
B0BYB9WP1B,2025-08-18
B0BYB9WP1B,2025-08-25
B0BYB9WP1B,2025-09-01
B0BYB9WP1B,2025-09-08
B0BYB9WP1B,2025-09-15
B0BYB9WP1B,2025-09-22
B0BYB9WP1B,2025-09-29
B0BYB9WP1B,2025-10-06
B0BYB9WP1B,2025-10-13
B0BYB9WP1B,2025-10-20
B0BYB9WP1B,2025-10-27
B0BYB9WP1B,2025-11-03
B0BYB9WP1B,2025-11-10
B0BYB9WP1B,2025-11-17
B0BYB9WP1B,2025-11-24
B0BYB9WP1B,2025-12-01
B0BYB9WP1B,2025-12-08
B0BYB9WP1B,2025-12-15
B0BYB9WP1B,2025-12-22
B0BYB9WP1B,2025-12-29
B0BYB9WP1B,2026-01-05
B0BYB9WP1B,2026-01-12
B0BYB9WP1B,2026-01-19
B0BYB9WP1B,2026-01-26
B0BYB9WP1B,2026-02-02
B0BYB9WP1B,2026-02-09
B0BYB9WP1B,2026-02-16
B0BYB9WP1B,2026-02-23
B0BYB9WP1B,2026-03-02
B0BYB9WP1B,2026-03-09
B0BYB9WP1B,2026-03-16
B0BYB9WP1B,2026-03-23
B0BYB9WP1B,2026-03-30
B0BYB9WP1B,2025-03-03
B0BYB9WP1B,2025-03-10
B0BYB9WP1B,2025-03-17
B0BYB9WP1B,2025-03-24
B0BYB9WP1B,2025-03-31
B0BYB9WP1B,2025-04-07
B0BYB9WP1B,2025-04-14
B0BYB9WP1B,2025-04-21
B0BYB9WP1B,2025-04-28
B0BYB9WP1B,2025-05-05
B0BYB9WP1B,2025-05-12
B0BYB9WP1B,2025-05-19
B0BYB9WP1B,2025-05-26
B0BYB9WP1B,2025-06-02
B0BYB9WP1B,2025-06-09
B0BYB9WP1B,2025-06-16
B0BYB9WP1B,2025-06-23
B0BYB9WP1B,2025-06-30
B0BYB9WP1B,2025-07-07
B0BYB9WP1B,2025-07-14
B0BYB9WP1B,2025-07-21
B0BYB9WP1B,2025-07-28
B0BYB9WP1B,2025-08-04
B0BYB9WP1B,2025-08-11
B0BYB9WP1B,2025-08-18
B0BYB9WP1B,2025-08-25
B0BYB9WP1B,2025-09-01
B0BYB9WP1B,2025-09-08
B0BYB9WP1B,2025-09-15
B0BYB9WP1B,2025-09-22
B0BYB9WP1B,2025-09-29
B0BYB9WP1B,2025-10-06
B0BYB9WP1B,2025-10-13
B0BYB9WP1B,2025-10-20
B0BYB9WP1B,2025-10-27
B0BYB9WP1B,2025-11-03
B0BYB9WP1B,2025-11-10
B0BYB9WP1B,2025-11-17
B0BYB9WP1B,2025-11-24
B0BYB9WP1B,2025-12-01
B0BYB9WP1B,2025-12-08
B0BYB9WP1B,2025-12-15
B0BYB9WP1B,2025-12-22
B0BYB9WP1B,2025-12-29
B0BYB9WP1B,2026-01-05
B0BYB9WP1B,2026-01-12
B0BYB9WP1B,2026-01-19
B0BYB9WP1B,2026-01-26
B0BYB9WP1B,2026-02-02
B0BYB9WP1B,2026-02-09
B0BYB9WP1B,2026-02-16
B0BYB9WP1B,2026-02-23
B0BYB9WP1B,2026-03-02
B0BYB9WP1B,2026-03-09
B0BYB9WP1B,2026-03-16
B0BYB9WP1B,2026-03-23
B0BYB9WP1B,2026-03-30
B0BYJQVQPK,2025-03-03
B0BYJQVQPK,2025-03-10
B0BYJQVQPK,2025-03-17
B0BYJQVQPK,2025-03-24
B0BYJQVQPK,2025-03-31
B0BYJQVQPK,2025-04-07
B0BYJQVQPK,2025-04-14
B0BYJQVQPK,2025-04-21
B0BYJQVQPK,2025-04-28
B0BYJQVQPK,2025-05-05
B0BYJQVQPK,2025-05-12
B0BYJQVQPK,2025-05-19
B0BYJQVQPK,2025-05-26
B0BYJQVQPK,2025-06-02
B0BYJQVQPK,2025-06-09
B0BYJQVQPK,2025-06-16
B0BYJQVQPK,2025-06-23
B0BYJQVQPK,2025-06-30
B0BYJQVQPK,2025-07-07
B0BYJQVQPK,2025-07-14
B0BYJQVQPK,2025-07-21
B0BYJQVQPK,2025-07-28
B0BYJQVQPK,2025-08-04
B0BYJQVQPK,2025-08-11
B0BYJQVQPK,2025-08-18
B0BYJQVQPK,2025-08-25
B0BYJQVQPK,2025-09-01
B0BYJQVQPK,2025-09-08
B0BYJQVQPK,2025-09-15
B0BYJQVQPK,2025-09-22
B0BYJQVQPK,2025-09-29
B0BYJQVQPK,2025-10-06
B0BYJQVQPK,2025-10-13
B0BYJQVQPK,2025-10-20
B0BYJQVQPK,2025-10-27
B0BYJQVQPK,2025-11-03
B0BYJQVQPK,2025-11-10
B0BYJQVQPK,2025-11-17
B0BYJQVQPK,2025-11-24
B0BYJQVQPK,2025-12-01
B0BYJQVQPK,2025-12-08
B0BYJQVQPK,2025-12-15
B0BYJQVQPK,2025-12-22
B0BYJQVQPK,2025-12-29
B0BYJQVQPK,2026-01-05
B0BYJQVQPK,2026-01-12
B0BYJQVQPK,2026-01-19
B0BYJQVQPK,2026-01-26
B0BYJQVQPK,2026-02-02
B0BYJQVQPK,2026-02-09
B0BYJQVQPK,2026-02-16
B0BYJQVQPK,2026-02-23
B0BYJQVQPK,2026-03-02
B0BYJQVQPK,2026-03-09
B0BYJQVQPK,2026-03-16
B0BYJQVQPK,2026-03-23
B0BYJQVQPK,2026-03-30
B0BYJQVQPK,2025-03-03
B0BYJQVQPK,2025-03-10
B0BYJQVQPK,2025-03-17
B0BYJQVQPK,2025-03-24
B0BYJQVQPK,2025-03-31
B0BYJQVQPK,2025-04-07
B0BYJQVQPK,2025-04-14
B0BYJQVQPK,2025-04-21
B0BYJQVQPK,2025-04-28
B0BYJQVQPK,2025-05-05
B0BYJQVQPK,2025-05-12
B0BYJQVQPK,2025-05-19
B0BYJQVQPK,2025-05-26
B0BYJQVQPK,2025-06-02
B0BYJQVQPK,2025-06-09
B0BYJQVQPK,2025-06-16
B0BYJQVQPK,2025-06-23
B0BYJQVQPK,2025-06-30
B0BYJQVQPK,2025-07-07
B0BYJQVQPK,2025-07-14
B0BYJQVQPK,2025-07-21
B0BYJQVQPK,2025-07-28
B0BYJQVQPK,2025-08-04
B0BYJQVQPK,2025-08-11
B0BYJQVQPK,2025-08-18
B0BYJQVQPK,2025-08-25
B0BYJQVQPK,2025-09-01
B0BYJQVQPK,2025-09-08
B0BYJQVQPK,2025-09-15
B0BYJQVQPK,2025-09-22
B0BYJQVQPK,2025-09-29
B0BYJQVQPK,2025-10-06
B0BYJQVQPK,2025-10-13
B0BYJQVQPK,2025-10-20
B0BYJQVQPK,2025-10-27
B0BYJQVQPK,2025-11-03
B0BYJQVQPK,2025-11-10
B0BYJQVQPK,2025-11-17
B0BYJQVQPK,2025-11-24
B0BYJQVQPK,2025-12-01
B0BYJQVQPK,2025-12-08
B0BYJQVQPK,2025-12-15
B0BYJQVQPK,2025-12-22
B0BYJQVQPK,2025-12-29
B0BYJQVQPK,2026-01-05
B0BYJQVQPK,2026-01-12
B0BYJQVQPK,2026-01-19
B0BYJQVQPK,2026-01-26
B0BYJQVQPK,2026-02-02
B0BYJQVQPK,2026-02-09
B0BYJQVQPK,2026-02-16
B0BYJQVQPK,2026-02-23
B0BYJQVQPK,2026-03-02
B0BYJQVQPK,2026-03-09
B0BYJQVQPK,2026-03-16
B0BYJQVQPK,2026-03-23
B0BYJQVQPK,2026-03-30
B0C1V5K2XM,2025-03-03
B0C1V5K2XM,2025-03-10
B0C1V5K2XM,2025-03-17
B0C1V5K2XM,2025-03-24
B0C1V5K2XM,2025-03-31
B0C1V5K2XM,2025-04-07
B0C1V5K2XM,2025-04-14
B0C1V5K2XM,2025-04-21
B0C1V5K2XM,2025-04-28
B0C1V5K2XM,2025-05-05
B0C1V5K2XM,2025-05-12
B0C1V5K2XM,2025-05-19
B0C1V5K2XM,2025-05-26
B0C1V5K2XM,2025-06-02
B0C1V5K2XM,2025-06-09
B0C1V5K2XM,2025-06-16
B0C1V5K2XM,2025-06-23
B0C1V5K2XM,2025-06-30
B0C1V5K2XM,2025-07-07
B0C1V5K2XM,2025-07-14
B0C1V5K2XM,2025-07-21
B0C1V5K2XM,2025-07-28
B0C1V5K2XM,2025-08-04
B0C1V5K2XM,2025-08-11
B0C1V5K2XM,2025-08-18
B0C1V5K2XM,2025-08-25
B0C1V5K2XM,2025-09-01
B0C1V5K2XM,2025-09-08
B0C1V5K2XM,2025-09-15
B0C1V5K2XM,2025-09-22
B0C1V5K2XM,2025-09-29
B0C1V5K2XM,2025-10-06
B0C1V5K2XM,2025-10-13
B0C1V5K2XM,2025-10-20
B0C1V5K2XM,2025-10-27
B0C1V5K2XM,2025-11-03
B0C1V5K2XM,2025-11-10
B0C1V5K2XM,2025-11-17
B0C1V5K2XM,2025-11-24
B0C1V5K2XM,2025-12-01
B0C1V5K2XM,2025-12-08
B0C1V5K2XM,2025-12-15
B0C1V5K2XM,2025-12-22
B0C1V5K2XM,2025-12-29
B0C1V5K2XM,2026-01-05
B0C1V5K2XM,2026-01-12
B0C1V5K2XM,2026-01-19
B0C1V5K2XM,2026-01-26
B0C1V5K2XM,2026-02-02
B0C1V5K2XM,2026-02-09
B0C1V5K2XM,2026-02-16
B0C1V5K2XM,2026-02-23
B0C1V5K2XM,2026-03-02
B0C1V5K2XM,2026-03-09
B0C1V5K2XM,2026-03-16
B0C1V5K2XM,2026-03-23
B0C1V5K2XM,2026-03-30
B0C1V5K2XM,2025-03-03
B0C1V5K2XM,2025-03-10
B0C1V5K2XM,2025-03-17
B0C1V5K2XM,2025-03-24
B0C1V5K2XM,2025-03-31
B0C1V5K2XM,2025-04-07
B0C1V5K2XM,2025-04-14
B0C1V5K2XM,2025-04-21
B0C1V5K2XM,2025-04-28
B0C1V5K2XM,2025-05-05
B0C1V5K2XM,2025-05-12
B0C1V5K2XM,2025-05-19
B0C1V5K2XM,2025-05-26
B0C1V5K2XM,2025-06-02
B0C1V5K2XM,2025-06-09
B0C1V5K2XM,2025-06-16
B0C1V5K2XM,2025-06-23
B0C1V5K2XM,2025-06-30
B0C1V5K2XM,2025-07-07
B0C1V5K2XM,2025-07-14
B0C1V5K2XM,2025-07-21
B0C1V5K2XM,2025-07-28
B0C1V5K2XM,2025-08-04
B0C1V5K2XM,2025-08-11
B0C1V5K2XM,2025-08-18
B0C1V5K2XM,2025-08-25
B0C1V5K2XM,2025-09-01
B0C1V5K2XM,2025-09-08
B0C1V5K2XM,2025-09-15
B0C1V5K2XM,2025-09-22
B0C1V5K2XM,2025-09-29
B0C1V5K2XM,2025-10-06
B0C1V5K2XM,2025-10-13
B0C1V5K2XM,2025-10-20
B0C1V5K2XM,2025-10-27
B0C1V5K2XM,2025-11-03
B0C1V5K2XM,2025-11-10
B0C1V5K2XM,2025-11-17
B0C1V5K2XM,2025-11-24
B0C1V5K2XM,2025-12-01
B0C1V5K2XM,2025-12-08
B0C1V5K2XM,2025-12-15
B0C1V5K2XM,2025-12-22
B0C1V5K2XM,2025-12-29
B0C1V5K2XM,2026-01-05
B0C1V5K2XM,2026-01-12
B0C1V5K2XM,2026-01-19
B0C1V5K2XM,2026-01-26
B0C1V5K2XM,2026-02-02
B0C1V5K2XM,2026-02-09
B0C1V5K2XM,2026-02-16
B0C1V5K2XM,2026-02-23
B0C1V5K2XM,2026-03-02
B0C1V5K2XM,2026-03-09
B0C1V5K2XM,2026-03-16
B0C1V5K2XM,2026-03-23
B0C1V5K2XM,2026-03-30
B0C1Y53YV4,2025-03-03
B0C1Y53YV4,2025-03-10
B0C1Y53YV4,2025-03-17
B0C1Y53YV4,2025-03-24
B0C1Y53YV4,2025-03-31
B0C1Y53YV4,2025-04-07
B0C1Y53YV4,2025-04-14
B0C1Y53YV4,2025-04-21
B0C1Y53YV4,2025-04-28
B0C1Y53YV4,2025-05-05
B0C1Y53YV4,2025-05-12
B0C1Y53YV4,2025-05-19
B0C1Y53YV4,2025-05-26
B0C1Y53YV4,2025-06-02
B0C1Y53YV4,2025-06-09
B0C1Y53YV4,2025-06-16
B0C1Y53YV4,2025-06-23
B0C1Y53YV4,2025-06-30
B0C1Y53YV4,2025-07-07
B0C1Y53YV4,2025-07-14
B0C1Y53YV4,2025-07-21
B0C1Y53YV4,2025-07-28
B0C1Y53YV4,2025-08-04
B0C1Y53YV4,2025-08-11
B0C1Y53YV4,2025-08-18
B0C1Y53YV4,2025-08-25
B0C1Y53YV4,2025-09-01
B0C1Y53YV4,2025-09-08
B0C1Y53YV4,2025-09-15
B0C1Y53YV4,2025-09-22
B0C1Y53YV4,2025-09-29
B0C1Y53YV4,2025-10-06
B0C1Y53YV4,2025-10-13
B0C1Y53YV4,2025-10-20
B0C1Y53YV4,2025-10-27
B0C1Y53YV4,2025-11-03
B0C1Y53YV4,2025-11-10
B0C1Y53YV4,2025-11-17
B0C1Y53YV4,2025-11-24
B0C1Y53YV4,2025-12-01
B0C1Y53YV4,2025-12-08
B0C1Y53YV4,2025-12-15
B0C1Y53YV4,2025-12-22
B0C1Y53YV4,2025-12-29
B0C1Y53YV4,2026-01-05
B0C1Y53YV4,2026-01-12
B0C1Y53YV4,2026-01-19
B0C1Y53YV4,2026-01-26
B0C1Y53YV4,2026-02-02
B0C1Y53YV4,2026-02-09
B0C1Y53YV4,2026-02-16
B0C1Y53YV4,2026-02-23
B0C1Y53YV4,2026-03-02
B0C1Y53YV4,2026-03-09
B0C1Y53YV4,2026-03-16
B0C1Y53YV4,2026-03-23
B0C1Y53YV4,2026-03-30
B0C1Y53YV4,2025-03-03
B0C1Y53YV4,2025-03-10
B0C1Y53YV4,2025-03-17
B0C1Y53YV4,2025-03-24
B0C1Y53YV4,2025-03-31
B0C1Y53YV4,2025-04-07
B0C1Y53YV4,2025-04-14
B0C1Y53YV4,2025-04-21
B0C1Y53YV4,2025-04-28
B0C1Y53YV4,2025-05-05
B0C1Y53YV4,2025-05-12
B0C1Y53YV4,2025-05-19
B0C1Y53YV4,2025-05-26
B0C1Y53YV4,2025-06-02
B0C1Y53YV4,2025-06-09
B0C1Y53YV4,2025-06-16
B0C1Y53YV4,2025-06-23
B0C1Y53YV4,2025-06-30
B0C1Y53YV4,2025-07-07
B0C1Y53YV4,2025-07-14
B0C1Y53YV4,2025-07-21
B0C1Y53YV4,2025-07-28
B0C1Y53YV4,2025-08-04
B0C1Y53YV4,2025-08-11
B0C1Y53YV4,2025-08-18
B0C1Y53YV4,2025-08-25
B0C1Y53YV4,2025-09-01
B0C1Y53YV4,2025-09-08
B0C1Y53YV4,2025-09-15
B0C1Y53YV4,2025-09-22
B0C1Y53YV4,2025-09-29
B0C1Y53YV4,2025-10-06
B0C1Y53YV4,2025-10-13
B0C1Y53YV4,2025-10-20
B0C1Y53YV4,2025-10-27
B0C1Y53YV4,2025-11-03
B0C1Y53YV4,2025-11-10
B0C1Y53YV4,2025-11-17
B0C1Y53YV4,2025-11-24
B0C1Y53YV4,2025-12-01
B0C1Y53YV4,2025-12-08
B0C1Y53YV4,2025-12-15
B0C1Y53YV4,2025-12-22
B0C1Y53YV4,2025-12-29
B0C1Y53YV4,2026-01-05
B0C1Y53YV4,2026-01-12
B0C1Y53YV4,2026-01-19
B0C1Y53YV4,2026-01-26
B0C1Y53YV4,2026-02-02
B0C1Y53YV4,2026-02-09
B0C1Y53YV4,2026-02-16
B0C1Y53YV4,2026-02-23
B0C1Y53YV4,2026-03-02
B0C1Y53YV4,2026-03-09
B0C1Y53YV4,2026-03-16
B0C1Y53YV4,2026-03-23
B0C1Y53YV4,2026-03-30
B0C2N771XX,2025-03-03
B0C2N771XX,2025-03-10
B0C2N771XX,2025-03-17
B0C2N771XX,2025-03-24
B0C2N771XX,2025-03-31
B0C2N771XX,2025-04-07
B0C2N771XX,2025-04-14
B0C2N771XX,2025-04-21
B0C2N771XX,2025-04-28
B0C2N771XX,2025-05-05
B0C2N771XX,2025-05-12
B0C2N771XX,2025-05-19
B0C2N771XX,2025-05-26
B0C2N771XX,2025-06-02
B0C2N771XX,2025-06-09
B0C2N771XX,2025-06-16
B0C2N771XX,2025-06-23
B0C2N771XX,2025-06-30
B0C2N771XX,2025-07-07
B0C2N771XX,2025-07-14
B0C2N771XX,2025-07-21
B0C2N771XX,2025-07-28
B0C2N771XX,2025-08-04
B0C2N771XX,2025-08-11
B0C2N771XX,2025-08-18
B0C2N771XX,2025-08-25
B0C2N771XX,2025-09-01
B0C2N771XX,2025-09-08
B0C2N771XX,2025-09-15
B0C2N771XX,2025-09-22
B0C2N771XX,2025-09-29
B0C2N771XX,2025-10-06
B0C2N771XX,2025-10-13
B0C2N771XX,2025-10-20
B0C2N771XX,2025-10-27
B0C2N771XX,2025-11-03
B0C2N771XX,2025-11-10
B0C2N771XX,2025-11-17
B0C2N771XX,2025-11-24
B0C2N771XX,2025-12-01
B0C2N771XX,2025-12-08
B0C2N771XX,2025-12-15
B0C2N771XX,2025-12-22
B0C2N771XX,2025-12-29
B0C2N771XX,2026-01-05
B0C2N771XX,2026-01-12
B0C2N771XX,2026-01-19
B0C2N771XX,2026-01-26
B0C2N771XX,2026-02-02
B0C2N771XX,2026-02-09
B0C2N771XX,2026-02-16
B0C2N771XX,2026-02-23
B0C2N771XX,2026-03-02
B0C2N771XX,2026-03-09
B0C2N771XX,2026-03-16
B0C2N771XX,2026-03-23
B0C2N771XX,2026-03-30
B0C2N771XX,2025-03-03
B0C2N771XX,2025-03-10
B0C2N771XX,2025-03-17
B0C2N771XX,2025-03-24
B0C2N771XX,2025-03-31
B0C2N771XX,2025-04-07
B0C2N771XX,2025-04-14
B0C2N771XX,2025-04-21
B0C2N771XX,2025-04-28
B0C2N771XX,2025-05-05
B0C2N771XX,2025-05-12
B0C2N771XX,2025-05-19
B0C2N771XX,2025-05-26
B0C2N771XX,2025-06-02
B0C2N771XX,2025-06-09
B0C2N771XX,2025-06-16
B0C2N771XX,2025-06-23
B0C2N771XX,2025-06-30
B0C2N771XX,2025-07-07
B0C2N771XX,2025-07-14
B0C2N771XX,2025-07-21
B0C2N771XX,2025-07-28
B0C2N771XX,2025-08-04
B0C2N771XX,2025-08-11
B0C2N771XX,2025-08-18
B0C2N771XX,2025-08-25
B0C2N771XX,2025-09-01
B0C2N771XX,2025-09-08
B0C2N771XX,2025-09-15
B0C2N771XX,2025-09-22
B0C2N771XX,2025-09-29
B0C2N771XX,2025-10-06
B0C2N771XX,2025-10-13
B0C2N771XX,2025-10-20
B0C2N771XX,2025-10-27
B0C2N771XX,2025-11-03
B0C2N771XX,2025-11-10
B0C2N771XX,2025-11-17
B0C2N771XX,2025-11-24
B0C2N771XX,2025-12-01
B0C2N771XX,2025-12-08
B0C2N771XX,2025-12-15
B0C2N771XX,2025-12-22
B0C2N771XX,2025-12-29
B0C2N771XX,2026-01-05
B0C2N771XX,2026-01-12
B0C2N771XX,2026-01-19
B0C2N771XX,2026-01-26
B0C2N771XX,2026-02-02
B0C2N771XX,2026-02-09
B0C2N771XX,2026-02-16
B0C2N771XX,2026-02-23
B0C2N771XX,2026-03-02
B0C2N771XX,2026-03-09
B0C2N771XX,2026-03-16
B0C2N771XX,2026-03-23
B0C2N771XX,2026-03-30
B0C36Z8FPR,2025-03-03
B0C36Z8FPR,2025-03-10
B0C36Z8FPR,2025-03-17
B0C36Z8FPR,2025-03-24
B0C36Z8FPR,2025-03-31
B0C36Z8FPR,2025-04-07
B0C36Z8FPR,2025-04-14
B0C36Z8FPR,2025-04-21
B0C36Z8FPR,2025-04-28
B0C36Z8FPR,2025-05-05
B0C36Z8FPR,2025-05-12
B0C36Z8FPR,2025-05-19
B0C36Z8FPR,2025-05-26
B0C36Z8FPR,2025-06-02
B0C36Z8FPR,2025-06-09
B0C36Z8FPR,2025-06-16
B0C36Z8FPR,2025-06-23
B0C36Z8FPR,2025-06-30
B0C36Z8FPR,2025-07-07
B0C36Z8FPR,2025-07-14
B0C36Z8FPR,2025-07-21
B0C36Z8FPR,2025-07-28
B0C36Z8FPR,2025-08-04
B0C36Z8FPR,2025-08-11
B0C36Z8FPR,2025-08-18
B0C36Z8FPR,2025-08-25
B0C36Z8FPR,2025-09-01
B0C36Z8FPR,2025-09-08
B0C36Z8FPR,2025-09-15
B0C36Z8FPR,2025-09-22
B0C36Z8FPR,2025-09-29
B0C36Z8FPR,2025-10-06
B0C36Z8FPR,2025-10-13
B0C36Z8FPR,2025-10-20
B0C36Z8FPR,2025-10-27
B0C36Z8FPR,2025-11-03
B0C36Z8FPR,2025-11-10
B0C36Z8FPR,2025-11-17
B0C36Z8FPR,2025-11-24
B0C36Z8FPR,2025-12-01
B0C36Z8FPR,2025-12-08
B0C36Z8FPR,2025-12-15
B0C36Z8FPR,2025-12-22
B0C36Z8FPR,2025-12-29
B0C36Z8FPR,2026-01-05
B0C36Z8FPR,2026-01-12
B0C36Z8FPR,2026-01-19
B0C36Z8FPR,2026-01-26
B0C36Z8FPR,2026-02-02
B0C36Z8FPR,2026-02-09
B0C36Z8FPR,2026-02-16
B0C36Z8FPR,2026-02-23
B0C36Z8FPR,2026-03-02
B0C36Z8FPR,2026-03-09
B0C36Z8FPR,2026-03-16
B0C36Z8FPR,2026-03-23
B0C36Z8FPR,2026-03-30
B0C36Z8FPR,2025-03-03
B0C36Z8FPR,2025-03-10
B0C36Z8FPR,2025-03-17
B0C36Z8FPR,2025-03-24
B0C36Z8FPR,2025-03-31
B0C36Z8FPR,2025-04-07
B0C36Z8FPR,2025-04-14
B0C36Z8FPR,2025-04-21
B0C36Z8FPR,2025-04-28
B0C36Z8FPR,2025-05-05
B0C36Z8FPR,2025-05-12
B0C36Z8FPR,2025-05-19
B0C36Z8FPR,2025-05-26
B0C36Z8FPR,2025-06-02
B0C36Z8FPR,2025-06-09
B0C36Z8FPR,2025-06-16
B0C36Z8FPR,2025-06-23
B0C36Z8FPR,2025-06-30
B0C36Z8FPR,2025-07-07
B0C36Z8FPR,2025-07-14
B0C36Z8FPR,2025-07-21
B0C36Z8FPR,2025-07-28
B0C36Z8FPR,2025-08-04
B0C36Z8FPR,2025-08-11
B0C36Z8FPR,2025-08-18
B0C36Z8FPR,2025-08-25
B0C36Z8FPR,2025-09-01
B0C36Z8FPR,2025-09-08
B0C36Z8FPR,2025-09-15
B0C36Z8FPR,2025-09-22
B0C36Z8FPR,2025-09-29
B0C36Z8FPR,2025-10-06
B0C36Z8FPR,2025-10-13
B0C36Z8FPR,2025-10-20
B0C36Z8FPR,2025-10-27
B0C36Z8FPR,2025-11-03
B0C36Z8FPR,2025-11-10
B0C36Z8FPR,2025-11-17
B0C36Z8FPR,2025-11-24
B0C36Z8FPR,2025-12-01
B0C36Z8FPR,2025-12-08
B0C36Z8FPR,2025-12-15
B0C36Z8FPR,2025-12-22
B0C36Z8FPR,2025-12-29
B0C36Z8FPR,2026-01-05
B0C36Z8FPR,2026-01-12
B0C36Z8FPR,2026-01-19
B0C36Z8FPR,2026-01-26
B0C36Z8FPR,2026-02-02
B0C36Z8FPR,2026-02-09
B0C36Z8FPR,2026-02-16
B0C36Z8FPR,2026-02-23
B0C36Z8FPR,2026-03-02
B0C36Z8FPR,2026-03-09
B0C36Z8FPR,2026-03-16
B0C36Z8FPR,2026-03-23
B0C36Z8FPR,2026-03-30
B0C36ZWSVG,2025-03-03
B0C36ZWSVG,2025-03-10
B0C36ZWSVG,2025-03-17
B0C36ZWSVG,2025-03-24
B0C36ZWSVG,2025-03-31
B0C36ZWSVG,2025-04-07
B0C36ZWSVG,2025-04-14
B0C36ZWSVG,2025-04-21
B0C36ZWSVG,2025-04-28
B0C36ZWSVG,2025-05-05
B0C36ZWSVG,2025-05-12
B0C36ZWSVG,2025-05-19
B0C36ZWSVG,2025-05-26
B0C36ZWSVG,2025-06-02
B0C36ZWSVG,2025-06-09
B0C36ZWSVG,2025-06-16
B0C36ZWSVG,2025-06-23
B0C36ZWSVG,2025-06-30
B0C36ZWSVG,2025-07-07
B0C36ZWSVG,2025-07-14
B0C36ZWSVG,2025-07-21
B0C36ZWSVG,2025-07-28
B0C36ZWSVG,2025-08-04
B0C36ZWSVG,2025-08-11
B0C36ZWSVG,2025-08-18
B0C36ZWSVG,2025-08-25
B0C36ZWSVG,2025-09-01
B0C36ZWSVG,2025-09-08
B0C36ZWSVG,2025-09-15
B0C36ZWSVG,2025-09-22
B0C36ZWSVG,2025-09-29
B0C36ZWSVG,2025-10-06
B0C36ZWSVG,2025-10-13
B0C36ZWSVG,2025-10-20
B0C36ZWSVG,2025-10-27
B0C36ZWSVG,2025-11-03
B0C36ZWSVG,2025-11-10
B0C36ZWSVG,2025-11-17
B0C36ZWSVG,2025-11-24
B0C36ZWSVG,2025-12-01
B0C36ZWSVG,2025-12-08
B0C36ZWSVG,2025-12-15
B0C36ZWSVG,2025-12-22
B0C36ZWSVG,2025-12-29
B0C36ZWSVG,2026-01-05
B0C36ZWSVG,2026-01-12
B0C36ZWSVG,2026-01-19
B0C36ZWSVG,2026-01-26
B0C36ZWSVG,2026-02-02
B0C36ZWSVG,2026-02-09
B0C36ZWSVG,2026-02-16
B0C36ZWSVG,2026-02-23
B0C36ZWSVG,2026-03-02
B0C36ZWSVG,2026-03-09
B0C36ZWSVG,2026-03-16
B0C36ZWSVG,2026-03-23
B0C36ZWSVG,2026-03-30
B0C36ZWSVG,2025-03-03
B0C36ZWSVG,2025-03-10
B0C36ZWSVG,2025-03-17
B0C36ZWSVG,2025-03-24
B0C36ZWSVG,2025-03-31
B0C36ZWSVG,2025-04-07
B0C36ZWSVG,2025-04-14
B0C36ZWSVG,2025-04-21
B0C36ZWSVG,2025-04-28
B0C36ZWSVG,2025-05-05
B0C36ZWSVG,2025-05-12
B0C36ZWSVG,2025-05-19
B0C36ZWSVG,2025-05-26
B0C36ZWSVG,2025-06-02
B0C36ZWSVG,2025-06-09
B0C36ZWSVG,2025-06-16
B0C36ZWSVG,2025-06-23
B0C36ZWSVG,2025-06-30
B0C36ZWSVG,2025-07-07
B0C36ZWSVG,2025-07-14
B0C36ZWSVG,2025-07-21
B0C36ZWSVG,2025-07-28
B0C36ZWSVG,2025-08-04
B0C36ZWSVG,2025-08-11
B0C36ZWSVG,2025-08-18
B0C36ZWSVG,2025-08-25
B0C36ZWSVG,2025-09-01
B0C36ZWSVG,2025-09-08
B0C36ZWSVG,2025-09-15
B0C36ZWSVG,2025-09-22
B0C36ZWSVG,2025-09-29
B0C36ZWSVG,2025-10-06
B0C36ZWSVG,2025-10-13
B0C36ZWSVG,2025-10-20
B0C36ZWSVG,2025-10-27
B0C36ZWSVG,2025-11-03
B0C36ZWSVG,2025-11-10
B0C36ZWSVG,2025-11-17
B0C36ZWSVG,2025-11-24
B0C36ZWSVG,2025-12-01
B0C36ZWSVG,2025-12-08
B0C36ZWSVG,2025-12-15
B0C36ZWSVG,2025-12-22
B0C36ZWSVG,2025-12-29
B0C36ZWSVG,2026-01-05
B0C36ZWSVG,2026-01-12
B0C36ZWSVG,2026-01-19
B0C36ZWSVG,2026-01-26
B0C36ZWSVG,2026-02-02
B0C36ZWSVG,2026-02-09
B0C36ZWSVG,2026-02-16
B0C36ZWSVG,2026-02-23
B0C36ZWSVG,2026-03-02
B0C36ZWSVG,2026-03-09
B0C36ZWSVG,2026-03-16
B0C36ZWSVG,2026-03-23
B0C36ZWSVG,2026-03-30
B0C3YQ24M7,2025-03-03
B0C3YQ24M7,2025-03-10
B0C3YQ24M7,2025-03-17
B0C3YQ24M7,2025-03-24
B0C3YQ24M7,2025-03-31
B0C3YQ24M7,2025-04-07
B0C3YQ24M7,2025-04-14
B0C3YQ24M7,2025-04-21
B0C3YQ24M7,2025-04-28
B0C3YQ24M7,2025-05-05
B0C3YQ24M7,2025-05-12
B0C3YQ24M7,2025-05-19
B0C3YQ24M7,2025-05-26
B0C3YQ24M7,2025-06-02
B0C3YQ24M7,2025-06-09
B0C3YQ24M7,2025-06-16
B0C3YQ24M7,2025-06-23
B0C3YQ24M7,2025-06-30
B0C3YQ24M7,2025-07-07
B0C3YQ24M7,2025-07-14
B0C3YQ24M7,2025-07-21
B0C3YQ24M7,2025-07-28
B0C3YQ24M7,2025-08-04
B0C3YQ24M7,2025-08-11
B0C3YQ24M7,2025-08-18
B0C3YQ24M7,2025-08-25
B0C3YQ24M7,2025-09-01
B0C3YQ24M7,2025-09-08
B0C3YQ24M7,2025-09-15
B0C3YQ24M7,2025-09-22
B0C3YQ24M7,2025-09-29
B0C3YQ24M7,2025-10-06
B0C3YQ24M7,2025-10-13
B0C3YQ24M7,2025-10-20
B0C3YQ24M7,2025-10-27
B0C3YQ24M7,2025-11-03
B0C3YQ24M7,2025-11-10
B0C3YQ24M7,2025-11-17
B0C3YQ24M7,2025-11-24
B0C3YQ24M7,2025-12-01
B0C3YQ24M7,2025-12-08
B0C3YQ24M7,2025-12-15
B0C3YQ24M7,2025-12-22
B0C3YQ24M7,2025-12-29
B0C3YQ24M7,2026-01-05
B0C3YQ24M7,2026-01-12
B0C3YQ24M7,2026-01-19
B0C3YQ24M7,2026-01-26
B0C3YQ24M7,2026-02-02
B0C3YQ24M7,2026-02-09
B0C3YQ24M7,2026-02-16
B0C3YQ24M7,2026-02-23
B0C3YQ24M7,2026-03-02
B0C3YQ24M7,2026-03-09
B0C3YQ24M7,2026-03-16
B0C3YQ24M7,2026-03-23
B0C3YQ24M7,2026-03-30
B0C3YQ24M7,2025-03-03
B0C3YQ24M7,2025-03-10
B0C3YQ24M7,2025-03-17
B0C3YQ24M7,2025-03-24
B0C3YQ24M7,2025-03-31
B0C3YQ24M7,2025-04-07
B0C3YQ24M7,2025-04-14
B0C3YQ24M7,2025-04-21
B0C3YQ24M7,2025-04-28
B0C3YQ24M7,2025-05-05
B0C3YQ24M7,2025-05-12
B0C3YQ24M7,2025-05-19
B0C3YQ24M7,2025-05-26
B0C3YQ24M7,2025-06-02
B0C3YQ24M7,2025-06-09
B0C3YQ24M7,2025-06-16
B0C3YQ24M7,2025-06-23
B0C3YQ24M7,2025-06-30
B0C3YQ24M7,2025-07-07
B0C3YQ24M7,2025-07-14
B0C3YQ24M7,2025-07-21
B0C3YQ24M7,2025-07-28
B0C3YQ24M7,2025-08-04
B0C3YQ24M7,2025-08-11
B0C3YQ24M7,2025-08-18
B0C3YQ24M7,2025-08-25
B0C3YQ24M7,2025-09-01
B0C3YQ24M7,2025-09-08
B0C3YQ24M7,2025-09-15
B0C3YQ24M7,2025-09-22
B0C3YQ24M7,2025-09-29
B0C3YQ24M7,2025-10-06
B0C3YQ24M7,2025-10-13
B0C3YQ24M7,2025-10-20
B0C3YQ24M7,2025-10-27
B0C3YQ24M7,2025-11-03
B0C3YQ24M7,2025-11-10
B0C3YQ24M7,2025-11-17
B0C3YQ24M7,2025-11-24
B0C3YQ24M7,2025-12-01
B0C3YQ24M7,2025-12-08
B0C3YQ24M7,2025-12-15
B0C3YQ24M7,2025-12-22
B0C3YQ24M7,2025-12-29
B0C3YQ24M7,2026-01-05
B0C3YQ24M7,2026-01-12
B0C3YQ24M7,2026-01-19
B0C3YQ24M7,2026-01-26
B0C3YQ24M7,2026-02-02
B0C3YQ24M7,2026-02-09
B0C3YQ24M7,2026-02-16
B0C3YQ24M7,2026-02-23
B0C3YQ24M7,2026-03-02
B0C3YQ24M7,2026-03-09
B0C3YQ24M7,2026-03-16
B0C3YQ24M7,2026-03-23
B0C3YQ24M7,2026-03-30
B0C59K4X1H,2025-03-03
B0C59K4X1H,2025-03-10
B0C59K4X1H,2025-03-17
B0C59K4X1H,2025-03-24
B0C59K4X1H,2025-03-31
B0C59K4X1H,2025-04-07
B0C59K4X1H,2025-04-14
B0C59K4X1H,2025-04-21
B0C59K4X1H,2025-04-28
B0C59K4X1H,2025-05-05
B0C59K4X1H,2025-05-12
B0C59K4X1H,2025-05-19
B0C59K4X1H,2025-05-26
B0C59K4X1H,2025-06-02
B0C59K4X1H,2025-06-09
B0C59K4X1H,2025-06-16
B0C59K4X1H,2025-06-23
B0C59K4X1H,2025-06-30
B0C59K4X1H,2025-07-07
B0C59K4X1H,2025-07-14
B0C59K4X1H,2025-07-21
B0C59K4X1H,2025-07-28
B0C59K4X1H,2025-08-04
B0C59K4X1H,2025-08-11
B0C59K4X1H,2025-08-18
B0C59K4X1H,2025-08-25
B0C59K4X1H,2025-09-01
B0C59K4X1H,2025-09-08
B0C59K4X1H,2025-09-15
B0C59K4X1H,2025-09-22
B0C59K4X1H,2025-09-29
B0C59K4X1H,2025-10-06
B0C59K4X1H,2025-10-13
B0C59K4X1H,2025-10-20
B0C59K4X1H,2025-10-27
B0C59K4X1H,2025-11-03
B0C59K4X1H,2025-11-10
B0C59K4X1H,2025-11-17
B0C59K4X1H,2025-11-24
B0C59K4X1H,2025-12-01
B0C59K4X1H,2025-12-08
B0C59K4X1H,2025-12-15
B0C59K4X1H,2025-12-22
B0C59K4X1H,2025-12-29
B0C59K4X1H,2026-01-05
B0C59K4X1H,2026-01-12
B0C59K4X1H,2026-01-19
B0C59K4X1H,2026-01-26
B0C59K4X1H,2026-02-02
B0C59K4X1H,2026-02-09
B0C59K4X1H,2026-02-16
B0C59K4X1H,2026-02-23
B0C59K4X1H,2026-03-02
B0C59K4X1H,2026-03-09
B0C59K4X1H,2026-03-16
B0C59K4X1H,2026-03-23
B0C59K4X1H,2026-03-30
B0C59K4X1H,2025-03-03
B0C59K4X1H,2025-03-10
B0C59K4X1H,2025-03-17
B0C59K4X1H,2025-03-24
B0C59K4X1H,2025-03-31
B0C59K4X1H,2025-04-07
B0C59K4X1H,2025-04-14
B0C59K4X1H,2025-04-21
B0C59K4X1H,2025-04-28
B0C59K4X1H,2025-05-05
B0C59K4X1H,2025-05-12
B0C59K4X1H,2025-05-19
B0C59K4X1H,2025-05-26
B0C59K4X1H,2025-06-02
B0C59K4X1H,2025-06-09
B0C59K4X1H,2025-06-16
B0C59K4X1H,2025-06-23
B0C59K4X1H,2025-06-30
B0C59K4X1H,2025-07-07
B0C59K4X1H,2025-07-14
B0C59K4X1H,2025-07-21
B0C59K4X1H,2025-07-28
B0C59K4X1H,2025-08-04
B0C59K4X1H,2025-08-11
B0C59K4X1H,2025-08-18
B0C59K4X1H,2025-08-25
B0C59K4X1H,2025-09-01
B0C59K4X1H,2025-09-08
B0C59K4X1H,2025-09-15
B0C59K4X1H,2025-09-22
B0C59K4X1H,2025-09-29
B0C59K4X1H,2025-10-06
B0C59K4X1H,2025-10-13
B0C59K4X1H,2025-10-20
B0C59K4X1H,2025-10-27
B0C59K4X1H,2025-11-03
B0C59K4X1H,2025-11-10
B0C59K4X1H,2025-11-17
B0C59K4X1H,2025-11-24
B0C59K4X1H,2025-12-01
B0C59K4X1H,2025-12-08
B0C59K4X1H,2025-12-15
B0C59K4X1H,2025-12-22
B0C59K4X1H,2025-12-29
B0C59K4X1H,2026-01-05
B0C59K4X1H,2026-01-12
B0C59K4X1H,2026-01-19
B0C59K4X1H,2026-01-26
B0C59K4X1H,2026-02-02
B0C59K4X1H,2026-02-09
B0C59K4X1H,2026-02-16
B0C59K4X1H,2026-02-23
B0C59K4X1H,2026-03-02
B0C59K4X1H,2026-03-09
B0C59K4X1H,2026-03-16
B0C59K4X1H,2026-03-23
B0C59K4X1H,2026-03-30
B0C5RYMJDC,2025-03-03
B0C5RYMJDC,2025-03-10
B0C5RYMJDC,2025-03-17
B0C5RYMJDC,2025-03-24
B0C5RYMJDC,2025-03-31
B0C5RYMJDC,2025-04-07
B0C5RYMJDC,2025-04-14
B0C5RYMJDC,2025-04-21
B0C5RYMJDC,2025-04-28
B0C5RYMJDC,2025-05-05
B0C5RYMJDC,2025-05-12
B0C5RYMJDC,2025-05-19
B0C5RYMJDC,2025-05-26
B0C5RYMJDC,2025-06-02
B0C5RYMJDC,2025-06-09
B0C5RYMJDC,2025-06-16
B0C5RYMJDC,2025-06-23
B0C5RYMJDC,2025-06-30
B0C5RYMJDC,2025-07-07
B0C5RYMJDC,2025-07-14
B0C5RYMJDC,2025-07-21
B0C5RYMJDC,2025-07-28
B0C5RYMJDC,2025-08-04
B0C5RYMJDC,2025-08-11
B0C5RYMJDC,2025-08-18
B0C5RYMJDC,2025-08-25
B0C5RYMJDC,2025-09-01
B0C5RYMJDC,2025-09-08
B0C5RYMJDC,2025-09-15
B0C5RYMJDC,2025-09-22
B0C5RYMJDC,2025-09-29
B0C5RYMJDC,2025-10-06
B0C5RYMJDC,2025-10-13
B0C5RYMJDC,2025-10-20
B0C5RYMJDC,2025-10-27
B0C5RYMJDC,2025-11-03
B0C5RYMJDC,2025-11-10
B0C5RYMJDC,2025-11-17
B0C5RYMJDC,2025-11-24
B0C5RYMJDC,2025-12-01
B0C5RYMJDC,2025-12-08
B0C5RYMJDC,2025-12-15
B0C5RYMJDC,2025-12-22
B0C5RYMJDC,2025-12-29
B0C5RYMJDC,2026-01-05
B0C5RYMJDC,2026-01-12
B0C5RYMJDC,2026-01-19
B0C5RYMJDC,2026-01-26
B0C5RYMJDC,2026-02-02
B0C5RYMJDC,2026-02-09
B0C5RYMJDC,2026-02-16
B0C5RYMJDC,2026-02-23
B0C5RYMJDC,2026-03-02
B0C5RYMJDC,2026-03-09
B0C5RYMJDC,2026-03-16
B0C5RYMJDC,2026-03-23
B0C5RYMJDC,2026-03-30
B0C5RYMJDC,2025-03-03
B0C5RYMJDC,2025-03-10
B0C5RYMJDC,2025-03-17
B0C5RYMJDC,2025-03-24
B0C5RYMJDC,2025-03-31
B0C5RYMJDC,2025-04-07
B0C5RYMJDC,2025-04-14
B0C5RYMJDC,2025-04-21
B0C5RYMJDC,2025-04-28
B0C5RYMJDC,2025-05-05
B0C5RYMJDC,2025-05-12
B0C5RYMJDC,2025-05-19
B0C5RYMJDC,2025-05-26
B0C5RYMJDC,2025-06-02
B0C5RYMJDC,2025-06-09
B0C5RYMJDC,2025-06-16
B0C5RYMJDC,2025-06-23
B0C5RYMJDC,2025-06-30
B0C5RYMJDC,2025-07-07
B0C5RYMJDC,2025-07-14
B0C5RYMJDC,2025-07-21
B0C5RYMJDC,2025-07-28
B0C5RYMJDC,2025-08-04
B0C5RYMJDC,2025-08-11
B0C5RYMJDC,2025-08-18
B0C5RYMJDC,2025-08-25
B0C5RYMJDC,2025-09-01
B0C5RYMJDC,2025-09-08
B0C5RYMJDC,2025-09-15
B0C5RYMJDC,2025-09-22
B0C5RYMJDC,2025-09-29
B0C5RYMJDC,2025-10-06
B0C5RYMJDC,2025-10-13
B0C5RYMJDC,2025-10-20
B0C5RYMJDC,2025-10-27
B0C5RYMJDC,2025-11-03
B0C5RYMJDC,2025-11-10
B0C5RYMJDC,2025-11-17
B0C5RYMJDC,2025-11-24
B0C5RYMJDC,2025-12-01
B0C5RYMJDC,2025-12-08
B0C5RYMJDC,2025-12-15
B0C5RYMJDC,2025-12-22
B0C5RYMJDC,2025-12-29
B0C5RYMJDC,2026-01-05
B0C5RYMJDC,2026-01-12
B0C5RYMJDC,2026-01-19
B0C5RYMJDC,2026-01-26
B0C5RYMJDC,2026-02-02
B0C5RYMJDC,2026-02-09
B0C5RYMJDC,2026-02-16
B0C5RYMJDC,2026-02-23
B0C5RYMJDC,2026-03-02
B0C5RYMJDC,2026-03-09
B0C5RYMJDC,2026-03-16
B0C5RYMJDC,2026-03-23
B0C5RYMJDC,2026-03-30
B0C6QWJV7T,2025-03-03
B0C6QWJV7T,2025-03-10
B0C6QWJV7T,2025-03-17
B0C6QWJV7T,2025-03-24
B0C6QWJV7T,2025-03-31
B0C6QWJV7T,2025-04-07
B0C6QWJV7T,2025-04-14
B0C6QWJV7T,2025-04-21
B0C6QWJV7T,2025-04-28
B0C6QWJV7T,2025-05-05
B0C6QWJV7T,2025-05-12
B0C6QWJV7T,2025-05-19
B0C6QWJV7T,2025-05-26
B0C6QWJV7T,2025-06-02
B0C6QWJV7T,2025-06-09
B0C6QWJV7T,2025-06-16
B0C6QWJV7T,2025-06-23
B0C6QWJV7T,2025-06-30
B0C6QWJV7T,2025-07-07
B0C6QWJV7T,2025-07-14
B0C6QWJV7T,2025-07-21
B0C6QWJV7T,2025-07-28
B0C6QWJV7T,2025-08-04
B0C6QWJV7T,2025-08-11
B0C6QWJV7T,2025-08-18
B0C6QWJV7T,2025-08-25
B0C6QWJV7T,2025-09-01
B0C6QWJV7T,2025-09-08
B0C6QWJV7T,2025-09-15
B0C6QWJV7T,2025-09-22
B0C6QWJV7T,2025-09-29
B0C6QWJV7T,2025-10-06
B0C6QWJV7T,2025-10-13
B0C6QWJV7T,2025-10-20
B0C6QWJV7T,2025-10-27
B0C6QWJV7T,2025-11-03
B0C6QWJV7T,2025-11-10
B0C6QWJV7T,2025-11-17
B0C6QWJV7T,2025-11-24
B0C6QWJV7T,2025-12-01
B0C6QWJV7T,2025-12-08
B0C6QWJV7T,2025-12-15
B0C6QWJV7T,2025-12-22
B0C6QWJV7T,2025-12-29
B0C6QWJV7T,2026-01-05
B0C6QWJV7T,2026-01-12
B0C6QWJV7T,2026-01-19
B0C6QWJV7T,2026-01-26
B0C6QWJV7T,2026-02-02
B0C6QWJV7T,2026-02-09
B0C6QWJV7T,2026-02-16
B0C6QWJV7T,2026-02-23
B0C6QWJV7T,2026-03-02
B0C6QWJV7T,2026-03-09
B0C6QWJV7T,2026-03-16
B0C6QWJV7T,2026-03-23
B0C6QWJV7T,2026-03-30
B0C6QWJV7T,2025-03-03
B0C6QWJV7T,2025-03-10
B0C6QWJV7T,2025-03-17
B0C6QWJV7T,2025-03-24
B0C6QWJV7T,2025-03-31
B0C6QWJV7T,2025-04-07
B0C6QWJV7T,2025-04-14
B0C6QWJV7T,2025-04-21
B0C6QWJV7T,2025-04-28
B0C6QWJV7T,2025-05-05
B0C6QWJV7T,2025-05-12
B0C6QWJV7T,2025-05-19
B0C6QWJV7T,2025-05-26
B0C6QWJV7T,2025-06-02
B0C6QWJV7T,2025-06-09
B0C6QWJV7T,2025-06-16
B0C6QWJV7T,2025-06-23
B0C6QWJV7T,2025-06-30
B0C6QWJV7T,2025-07-07
B0C6QWJV7T,2025-07-14
B0C6QWJV7T,2025-07-21
B0C6QWJV7T,2025-07-28
B0C6QWJV7T,2025-08-04
B0C6QWJV7T,2025-08-11
B0C6QWJV7T,2025-08-18
B0C6QWJV7T,2025-08-25
B0C6QWJV7T,2025-09-01
B0C6QWJV7T,2025-09-08
B0C6QWJV7T,2025-09-15
B0C6QWJV7T,2025-09-22
B0C6QWJV7T,2025-09-29
B0C6QWJV7T,2025-10-06
B0C6QWJV7T,2025-10-13
B0C6QWJV7T,2025-10-20
B0C6QWJV7T,2025-10-27
B0C6QWJV7T,2025-11-03
B0C6QWJV7T,2025-11-10
B0C6QWJV7T,2025-11-17
B0C6QWJV7T,2025-11-24
B0C6QWJV7T,2025-12-01
B0C6QWJV7T,2025-12-08
B0C6QWJV7T,2025-12-15
B0C6QWJV7T,2025-12-22
B0C6QWJV7T,2025-12-29
B0C6QWJV7T,2026-01-05
B0C6QWJV7T,2026-01-12
B0C6QWJV7T,2026-01-19
B0C6QWJV7T,2026-01-26
B0C6QWJV7T,2026-02-02
B0C6QWJV7T,2026-02-09
B0C6QWJV7T,2026-02-16
B0C6QWJV7T,2026-02-23
B0C6QWJV7T,2026-03-02
B0C6QWJV7T,2026-03-09
B0C6QWJV7T,2026-03-16
B0C6QWJV7T,2026-03-23
B0C6QWJV7T,2026-03-30
B0C6QX2KM6,2025-03-03
B0C6QX2KM6,2025-03-10
B0C6QX2KM6,2025-03-17
B0C6QX2KM6,2025-03-24
B0C6QX2KM6,2025-03-31
B0C6QX2KM6,2025-04-07
B0C6QX2KM6,2025-04-14
B0C6QX2KM6,2025-04-21
B0C6QX2KM6,2025-04-28
B0C6QX2KM6,2025-05-05
B0C6QX2KM6,2025-05-12
B0C6QX2KM6,2025-05-19
B0C6QX2KM6,2025-05-26
B0C6QX2KM6,2025-06-02
B0C6QX2KM6,2025-06-09
B0C6QX2KM6,2025-06-16
B0C6QX2KM6,2025-06-23
B0C6QX2KM6,2025-06-30
B0C6QX2KM6,2025-07-07
B0C6QX2KM6,2025-07-14
B0C6QX2KM6,2025-07-21
B0C6QX2KM6,2025-07-28
B0C6QX2KM6,2025-08-04
B0C6QX2KM6,2025-08-11
B0C6QX2KM6,2025-08-18
B0C6QX2KM6,2025-08-25
B0C6QX2KM6,2025-09-01
B0C6QX2KM6,2025-09-08
B0C6QX2KM6,2025-09-15
B0C6QX2KM6,2025-09-22
B0C6QX2KM6,2025-09-29
B0C6QX2KM6,2025-10-06
B0C6QX2KM6,2025-10-13
B0C6QX2KM6,2025-10-20
B0C6QX2KM6,2025-10-27
B0C6QX2KM6,2025-11-03
B0C6QX2KM6,2025-11-10
B0C6QX2KM6,2025-11-17
B0C6QX2KM6,2025-11-24
B0C6QX2KM6,2025-12-01
B0C6QX2KM6,2025-12-08
B0C6QX2KM6,2025-12-15
B0C6QX2KM6,2025-12-22
B0C6QX2KM6,2025-12-29
B0C6QX2KM6,2026-01-05
B0C6QX2KM6,2026-01-12
B0C6QX2KM6,2026-01-19
B0C6QX2KM6,2026-01-26
B0C6QX2KM6,2026-02-02
B0C6QX2KM6,2026-02-09
B0C6QX2KM6,2026-02-16
B0C6QX2KM6,2026-02-23
B0C6QX2KM6,2026-03-02
B0C6QX2KM6,2026-03-09
B0C6QX2KM6,2026-03-16
B0C6QX2KM6,2026-03-23
B0C6QX2KM6,2026-03-30
B0C6QX2KM6,2025-03-03
B0C6QX2KM6,2025-03-10
B0C6QX2KM6,2025-03-17
B0C6QX2KM6,2025-03-24
B0C6QX2KM6,2025-03-31
B0C6QX2KM6,2025-04-07
B0C6QX2KM6,2025-04-14
B0C6QX2KM6,2025-04-21
B0C6QX2KM6,2025-04-28
B0C6QX2KM6,2025-05-05
B0C6QX2KM6,2025-05-12
B0C6QX2KM6,2025-05-19
B0C6QX2KM6,2025-05-26
B0C6QX2KM6,2025-06-02
B0C6QX2KM6,2025-06-09
B0C6QX2KM6,2025-06-16
B0C6QX2KM6,2025-06-23
B0C6QX2KM6,2025-06-30
B0C6QX2KM6,2025-07-07
B0C6QX2KM6,2025-07-14
B0C6QX2KM6,2025-07-21
B0C6QX2KM6,2025-07-28
B0C6QX2KM6,2025-08-04
B0C6QX2KM6,2025-08-11
B0C6QX2KM6,2025-08-18
B0C6QX2KM6,2025-08-25
B0C6QX2KM6,2025-09-01
B0C6QX2KM6,2025-09-08
B0C6QX2KM6,2025-09-15
B0C6QX2KM6,2025-09-22
B0C6QX2KM6,2025-09-29
B0C6QX2KM6,2025-10-06
B0C6QX2KM6,2025-10-13
B0C6QX2KM6,2025-10-20
B0C6QX2KM6,2025-10-27
B0C6QX2KM6,2025-11-03
B0C6QX2KM6,2025-11-10
B0C6QX2KM6,2025-11-17
B0C6QX2KM6,2025-11-24
B0C6QX2KM6,2025-12-01
B0C6QX2KM6,2025-12-08
B0C6QX2KM6,2025-12-15
B0C6QX2KM6,2025-12-22
B0C6QX2KM6,2025-12-29
B0C6QX2KM6,2026-01-05
B0C6QX2KM6,2026-01-12
B0C6QX2KM6,2026-01-19
B0C6QX2KM6,2026-01-26
B0C6QX2KM6,2026-02-02
B0C6QX2KM6,2026-02-09
B0C6QX2KM6,2026-02-16
B0C6QX2KM6,2026-02-23
B0C6QX2KM6,2026-03-02
B0C6QX2KM6,2026-03-09
B0C6QX2KM6,2026-03-16
B0C6QX2KM6,2026-03-23
B0C6QX2KM6,2026-03-30
B0C6R38KL8,2025-03-03
B0C6R38KL8,2025-03-10
B0C6R38KL8,2025-03-17
B0C6R38KL8,2025-03-24
B0C6R38KL8,2025-03-31
B0C6R38KL8,2025-04-07
B0C6R38KL8,2025-04-14
B0C6R38KL8,2025-04-21
B0C6R38KL8,2025-04-28
B0C6R38KL8,2025-05-05
B0C6R38KL8,2025-05-12
B0C6R38KL8,2025-05-19
B0C6R38KL8,2025-05-26
B0C6R38KL8,2025-06-02
B0C6R38KL8,2025-06-09
B0C6R38KL8,2025-06-16
B0C6R38KL8,2025-06-23
B0C6R38KL8,2025-06-30
B0C6R38KL8,2025-07-07
B0C6R38KL8,2025-07-14
B0C6R38KL8,2025-07-21
B0C6R38KL8,2025-07-28
B0C6R38KL8,2025-08-04
B0C6R38KL8,2025-08-11
B0C6R38KL8,2025-08-18
B0C6R38KL8,2025-08-25
B0C6R38KL8,2025-09-01
B0C6R38KL8,2025-09-08
B0C6R38KL8,2025-09-15
B0C6R38KL8,2025-09-22
B0C6R38KL8,2025-09-29
B0C6R38KL8,2025-10-06
B0C6R38KL8,2025-10-13
B0C6R38KL8,2025-10-20
B0C6R38KL8,2025-10-27
B0C6R38KL8,2025-11-03
B0C6R38KL8,2025-11-10
B0C6R38KL8,2025-11-17
B0C6R38KL8,2025-11-24
B0C6R38KL8,2025-12-01
B0C6R38KL8,2025-12-08
B0C6R38KL8,2025-12-15
B0C6R38KL8,2025-12-22
B0C6R38KL8,2025-12-29
B0C6R38KL8,2026-01-05
B0C6R38KL8,2026-01-12
B0C6R38KL8,2026-01-19
B0C6R38KL8,2026-01-26
B0C6R38KL8,2026-02-02
B0C6R38KL8,2026-02-09
B0C6R38KL8,2026-02-16
B0C6R38KL8,2026-02-23
B0C6R38KL8,2026-03-02
B0C6R38KL8,2026-03-09
B0C6R38KL8,2026-03-16
B0C6R38KL8,2026-03-23
B0C6R38KL8,2026-03-30
B0C6R38KL8,2025-03-03
B0C6R38KL8,2025-03-10
B0C6R38KL8,2025-03-17
B0C6R38KL8,2025-03-24
B0C6R38KL8,2025-03-31
B0C6R38KL8,2025-04-07
B0C6R38KL8,2025-04-14
B0C6R38KL8,2025-04-21
B0C6R38KL8,2025-04-28
B0C6R38KL8,2025-05-05
B0C6R38KL8,2025-05-12
B0C6R38KL8,2025-05-19
B0C6R38KL8,2025-05-26
B0C6R38KL8,2025-06-02
B0C6R38KL8,2025-06-09
B0C6R38KL8,2025-06-16
B0C6R38KL8,2025-06-23
B0C6R38KL8,2025-06-30
B0C6R38KL8,2025-07-07
B0C6R38KL8,2025-07-14
B0C6R38KL8,2025-07-21
B0C6R38KL8,2025-07-28
B0C6R38KL8,2025-08-04
B0C6R38KL8,2025-08-11
B0C6R38KL8,2025-08-18
B0C6R38KL8,2025-08-25
B0C6R38KL8,2025-09-01
B0C6R38KL8,2025-09-08
B0C6R38KL8,2025-09-15
B0C6R38KL8,2025-09-22
B0C6R38KL8,2025-09-29
B0C6R38KL8,2025-10-06
B0C6R38KL8,2025-10-13
B0C6R38KL8,2025-10-20
B0C6R38KL8,2025-10-27
B0C6R38KL8,2025-11-03
B0C6R38KL8,2025-11-10
B0C6R38KL8,2025-11-17
B0C6R38KL8,2025-11-24
B0C6R38KL8,2025-12-01
B0C6R38KL8,2025-12-08
B0C6R38KL8,2025-12-15
B0C6R38KL8,2025-12-22
B0C6R38KL8,2025-12-29
B0C6R38KL8,2026-01-05
B0C6R38KL8,2026-01-12
B0C6R38KL8,2026-01-19
B0C6R38KL8,2026-01-26
B0C6R38KL8,2026-02-02
B0C6R38KL8,2026-02-09
B0C6R38KL8,2026-02-16
B0C6R38KL8,2026-02-23
B0C6R38KL8,2026-03-02
B0C6R38KL8,2026-03-09
B0C6R38KL8,2026-03-16
B0C6R38KL8,2026-03-23
B0C6R38KL8,2026-03-30
B0C6R3VWSD,2025-03-03
B0C6R3VWSD,2025-03-10
B0C6R3VWSD,2025-03-17
B0C6R3VWSD,2025-03-24
B0C6R3VWSD,2025-03-31
B0C6R3VWSD,2025-04-07
B0C6R3VWSD,2025-04-14
B0C6R3VWSD,2025-04-21
B0C6R3VWSD,2025-04-28
B0C6R3VWSD,2025-05-05
B0C6R3VWSD,2025-05-12
B0C6R3VWSD,2025-05-19
B0C6R3VWSD,2025-05-26
B0C6R3VWSD,2025-06-02
B0C6R3VWSD,2025-06-09
B0C6R3VWSD,2025-06-16
B0C6R3VWSD,2025-06-23
B0C6R3VWSD,2025-06-30
B0C6R3VWSD,2025-07-07
B0C6R3VWSD,2025-07-14
B0C6R3VWSD,2025-07-21
B0C6R3VWSD,2025-07-28
B0C6R3VWSD,2025-08-04
B0C6R3VWSD,2025-08-11
B0C6R3VWSD,2025-08-18
B0C6R3VWSD,2025-08-25
B0C6R3VWSD,2025-09-01
B0C6R3VWSD,2025-09-08
B0C6R3VWSD,2025-09-15
B0C6R3VWSD,2025-09-22
B0C6R3VWSD,2025-09-29
B0C6R3VWSD,2025-10-06
B0C6R3VWSD,2025-10-13
B0C6R3VWSD,2025-10-20
B0C6R3VWSD,2025-10-27
B0C6R3VWSD,2025-11-03
B0C6R3VWSD,2025-11-10
B0C6R3VWSD,2025-11-17
B0C6R3VWSD,2025-11-24
B0C6R3VWSD,2025-12-01
B0C6R3VWSD,2025-12-08
B0C6R3VWSD,2025-12-15
B0C6R3VWSD,2025-12-22
B0C6R3VWSD,2025-12-29
B0C6R3VWSD,2026-01-05
B0C6R3VWSD,2026-01-12
B0C6R3VWSD,2026-01-19
B0C6R3VWSD,2026-01-26
B0C6R3VWSD,2026-02-02
B0C6R3VWSD,2026-02-09
B0C6R3VWSD,2026-02-16
B0C6R3VWSD,2026-02-23
B0C6R3VWSD,2026-03-02
B0C6R3VWSD,2026-03-09
B0C6R3VWSD,2026-03-16
B0C6R3VWSD,2026-03-23
B0C6R3VWSD,2026-03-30
B0C6R3VWSD,2025-03-03
B0C6R3VWSD,2025-03-10
B0C6R3VWSD,2025-03-17
B0C6R3VWSD,2025-03-24
B0C6R3VWSD,2025-03-31
B0C6R3VWSD,2025-04-07
B0C6R3VWSD,2025-04-14
B0C6R3VWSD,2025-04-21
B0C6R3VWSD,2025-04-28
B0C6R3VWSD,2025-05-05
B0C6R3VWSD,2025-05-12
B0C6R3VWSD,2025-05-19
B0C6R3VWSD,2025-05-26
B0C6R3VWSD,2025-06-02
B0C6R3VWSD,2025-06-09
B0C6R3VWSD,2025-06-16
B0C6R3VWSD,2025-06-23
B0C6R3VWSD,2025-06-30
B0C6R3VWSD,2025-07-07
B0C6R3VWSD,2025-07-14
B0C6R3VWSD,2025-07-21
B0C6R3VWSD,2025-07-28
B0C6R3VWSD,2025-08-04
B0C6R3VWSD,2025-08-11
B0C6R3VWSD,2025-08-18
B0C6R3VWSD,2025-08-25
B0C6R3VWSD,2025-09-01
B0C6R3VWSD,2025-09-08
B0C6R3VWSD,2025-09-15
B0C6R3VWSD,2025-09-22
B0C6R3VWSD,2025-09-29
B0C6R3VWSD,2025-10-06
B0C6R3VWSD,2025-10-13
B0C6R3VWSD,2025-10-20
B0C6R3VWSD,2025-10-27
B0C6R3VWSD,2025-11-03
B0C6R3VWSD,2025-11-10
B0C6R3VWSD,2025-11-17
B0C6R3VWSD,2025-11-24
B0C6R3VWSD,2025-12-01
B0C6R3VWSD,2025-12-08
B0C6R3VWSD,2025-12-15
B0C6R3VWSD,2025-12-22
B0C6R3VWSD,2025-12-29
B0C6R3VWSD,2026-01-05
B0C6R3VWSD,2026-01-12
B0C6R3VWSD,2026-01-19
B0C6R3VWSD,2026-01-26
B0C6R3VWSD,2026-02-02
B0C6R3VWSD,2026-02-09
B0C6R3VWSD,2026-02-16
B0C6R3VWSD,2026-02-23
B0C6R3VWSD,2026-03-02
B0C6R3VWSD,2026-03-09
B0C6R3VWSD,2026-03-16
B0C6R3VWSD,2026-03-23
B0C6R3VWSD,2026-03-30
B0C6R42GC9,2025-03-03
B0C6R42GC9,2025-03-10
B0C6R42GC9,2025-03-17
B0C6R42GC9,2025-03-24
B0C6R42GC9,2025-03-31
B0C6R42GC9,2025-04-07
B0C6R42GC9,2025-04-14
B0C6R42GC9,2025-04-21
B0C6R42GC9,2025-04-28
B0C6R42GC9,2025-05-05
B0C6R42GC9,2025-05-12
B0C6R42GC9,2025-05-19
B0C6R42GC9,2025-05-26
B0C6R42GC9,2025-06-02
B0C6R42GC9,2025-06-09
B0C6R42GC9,2025-06-16
B0C6R42GC9,2025-06-23
B0C6R42GC9,2025-06-30
B0C6R42GC9,2025-07-07
B0C6R42GC9,2025-07-14
B0C6R42GC9,2025-07-21
B0C6R42GC9,2025-07-28
B0C6R42GC9,2025-08-04
B0C6R42GC9,2025-08-11
B0C6R42GC9,2025-08-18
B0C6R42GC9,2025-08-25
B0C6R42GC9,2025-09-01
B0C6R42GC9,2025-09-08
B0C6R42GC9,2025-09-15
B0C6R42GC9,2025-09-22
B0C6R42GC9,2025-09-29
B0C6R42GC9,2025-10-06
B0C6R42GC9,2025-10-13
B0C6R42GC9,2025-10-20
B0C6R42GC9,2025-10-27
B0C6R42GC9,2025-11-03
B0C6R42GC9,2025-11-10
B0C6R42GC9,2025-11-17
B0C6R42GC9,2025-11-24
B0C6R42GC9,2025-12-01
B0C6R42GC9,2025-12-08
B0C6R42GC9,2025-12-15
B0C6R42GC9,2025-12-22
B0C6R42GC9,2025-12-29
B0C6R42GC9,2026-01-05
B0C6R42GC9,2026-01-12
B0C6R42GC9,2026-01-19
B0C6R42GC9,2026-01-26
B0C6R42GC9,2026-02-02
B0C6R42GC9,2026-02-09
B0C6R42GC9,2026-02-16
B0C6R42GC9,2026-02-23
B0C6R42GC9,2026-03-02
B0C6R42GC9,2026-03-09
B0C6R42GC9,2026-03-16
B0C6R42GC9,2026-03-23
B0C6R42GC9,2026-03-30
B0C6R42GC9,2025-03-03
B0C6R42GC9,2025-03-10
B0C6R42GC9,2025-03-17
B0C6R42GC9,2025-03-24
B0C6R42GC9,2025-03-31
B0C6R42GC9,2025-04-07
B0C6R42GC9,2025-04-14
B0C6R42GC9,2025-04-21
B0C6R42GC9,2025-04-28
B0C6R42GC9,2025-05-05
B0C6R42GC9,2025-05-12
B0C6R42GC9,2025-05-19
B0C6R42GC9,2025-05-26
B0C6R42GC9,2025-06-02
B0C6R42GC9,2025-06-09
B0C6R42GC9,2025-06-16
B0C6R42GC9,2025-06-23
B0C6R42GC9,2025-06-30
B0C6R42GC9,2025-07-07
B0C6R42GC9,2025-07-14
B0C6R42GC9,2025-07-21
B0C6R42GC9,2025-07-28
B0C6R42GC9,2025-08-04
B0C6R42GC9,2025-08-11
B0C6R42GC9,2025-08-18
B0C6R42GC9,2025-08-25
B0C6R42GC9,2025-09-01
B0C6R42GC9,2025-09-08
B0C6R42GC9,2025-09-15
B0C6R42GC9,2025-09-22
B0C6R42GC9,2025-09-29
B0C6R42GC9,2025-10-06
B0C6R42GC9,2025-10-13
B0C6R42GC9,2025-10-20
B0C6R42GC9,2025-10-27
B0C6R42GC9,2025-11-03
B0C6R42GC9,2025-11-10
B0C6R42GC9,2025-11-17
B0C6R42GC9,2025-11-24
B0C6R42GC9,2025-12-01
B0C6R42GC9,2025-12-08
B0C6R42GC9,2025-12-15
B0C6R42GC9,2025-12-22
B0C6R42GC9,2025-12-29
B0C6R42GC9,2026-01-05
B0C6R42GC9,2026-01-12
B0C6R42GC9,2026-01-19
B0C6R42GC9,2026-01-26
B0C6R42GC9,2026-02-02
B0C6R42GC9,2026-02-09
B0C6R42GC9,2026-02-16
B0C6R42GC9,2026-02-23
B0C6R42GC9,2026-03-02
B0C6R42GC9,2026-03-09
B0C6R42GC9,2026-03-16
B0C6R42GC9,2026-03-23
B0C6R42GC9,2026-03-30
B0C6XP4MT1,2025-03-03
B0C6XP4MT1,2025-03-10
B0C6XP4MT1,2025-03-17
B0C6XP4MT1,2025-03-24
B0C6XP4MT1,2025-03-31
B0C6XP4MT1,2025-04-07
B0C6XP4MT1,2025-04-14
B0C6XP4MT1,2025-04-21
B0C6XP4MT1,2025-04-28
B0C6XP4MT1,2025-05-05
B0C6XP4MT1,2025-05-12
B0C6XP4MT1,2025-05-19
B0C6XP4MT1,2025-05-26
B0C6XP4MT1,2025-06-02
B0C6XP4MT1,2025-06-09
B0C6XP4MT1,2025-06-16
B0C6XP4MT1,2025-06-23
B0C6XP4MT1,2025-06-30
B0C6XP4MT1,2025-07-07
B0C6XP4MT1,2025-07-14
B0C6XP4MT1,2025-07-21
B0C6XP4MT1,2025-07-28
B0C6XP4MT1,2025-08-04
B0C6XP4MT1,2025-08-11
B0C6XP4MT1,2025-08-18
B0C6XP4MT1,2025-08-25
B0C6XP4MT1,2025-09-01
B0C6XP4MT1,2025-09-08
B0C6XP4MT1,2025-09-15
B0C6XP4MT1,2025-09-22
B0C6XP4MT1,2025-09-29
B0C6XP4MT1,2025-10-06
B0C6XP4MT1,2025-10-13
B0C6XP4MT1,2025-10-20
B0C6XP4MT1,2025-10-27
B0C6XP4MT1,2025-11-03
B0C6XP4MT1,2025-11-10
B0C6XP4MT1,2025-11-17
B0C6XP4MT1,2025-11-24
B0C6XP4MT1,2025-12-01
B0C6XP4MT1,2025-12-08
B0C6XP4MT1,2025-12-15
B0C6XP4MT1,2025-12-22
B0C6XP4MT1,2025-12-29
B0C6XP4MT1,2026-01-05
B0C6XP4MT1,2026-01-12
B0C6XP4MT1,2026-01-19
B0C6XP4MT1,2026-01-26
B0C6XP4MT1,2026-02-02
B0C6XP4MT1,2026-02-09
B0C6XP4MT1,2026-02-16
B0C6XP4MT1,2026-02-23
B0C6XP4MT1,2026-03-02
B0C6XP4MT1,2026-03-09
B0C6XP4MT1,2026-03-16
B0C6XP4MT1,2026-03-23
B0C6XP4MT1,2026-03-30
B0C6XP4MT1,2025-03-03
B0C6XP4MT1,2025-03-10
B0C6XP4MT1,2025-03-17
B0C6XP4MT1,2025-03-24
B0C6XP4MT1,2025-03-31
B0C6XP4MT1,2025-04-07
B0C6XP4MT1,2025-04-14
B0C6XP4MT1,2025-04-21
B0C6XP4MT1,2025-04-28
B0C6XP4MT1,2025-05-05
B0C6XP4MT1,2025-05-12
B0C6XP4MT1,2025-05-19
B0C6XP4MT1,2025-05-26
B0C6XP4MT1,2025-06-02
B0C6XP4MT1,2025-06-09
B0C6XP4MT1,2025-06-16
B0C6XP4MT1,2025-06-23
B0C6XP4MT1,2025-06-30
B0C6XP4MT1,2025-07-07
B0C6XP4MT1,2025-07-14
B0C6XP4MT1,2025-07-21
B0C6XP4MT1,2025-07-28
B0C6XP4MT1,2025-08-04
B0C6XP4MT1,2025-08-11
B0C6XP4MT1,2025-08-18
B0C6XP4MT1,2025-08-25
B0C6XP4MT1,2025-09-01
B0C6XP4MT1,2025-09-08
B0C6XP4MT1,2025-09-15
B0C6XP4MT1,2025-09-22
B0C6XP4MT1,2025-09-29
B0C6XP4MT1,2025-10-06
B0C6XP4MT1,2025-10-13
B0C6XP4MT1,2025-10-20
B0C6XP4MT1,2025-10-27
B0C6XP4MT1,2025-11-03
B0C6XP4MT1,2025-11-10
B0C6XP4MT1,2025-11-17
B0C6XP4MT1,2025-11-24
B0C6XP4MT1,2025-12-01
B0C6XP4MT1,2025-12-08
B0C6XP4MT1,2025-12-15
B0C6XP4MT1,2025-12-22
B0C6XP4MT1,2025-12-29
B0C6XP4MT1,2026-01-05
B0C6XP4MT1,2026-01-12
B0C6XP4MT1,2026-01-19
B0C6XP4MT1,2026-01-26
B0C6XP4MT1,2026-02-02
B0C6XP4MT1,2026-02-09
B0C6XP4MT1,2026-02-16
B0C6XP4MT1,2026-02-23
B0C6XP4MT1,2026-03-02
B0C6XP4MT1,2026-03-09
B0C6XP4MT1,2026-03-16
B0C6XP4MT1,2026-03-23
B0C6XP4MT1,2026-03-30
B0C6Z3LZCN,2025-03-03
B0C6Z3LZCN,2025-03-10
B0C6Z3LZCN,2025-03-17
B0C6Z3LZCN,2025-03-24
B0C6Z3LZCN,2025-03-31
B0C6Z3LZCN,2025-04-07
B0C6Z3LZCN,2025-04-14
B0C6Z3LZCN,2025-04-21
B0C6Z3LZCN,2025-04-28
B0C6Z3LZCN,2025-05-05
B0C6Z3LZCN,2025-05-12
B0C6Z3LZCN,2025-05-19
B0C6Z3LZCN,2025-05-26
B0C6Z3LZCN,2025-06-02
B0C6Z3LZCN,2025-06-09
B0C6Z3LZCN,2025-06-16
B0C6Z3LZCN,2025-06-23
B0C6Z3LZCN,2025-06-30
B0C6Z3LZCN,2025-07-07
B0C6Z3LZCN,2025-07-14
B0C6Z3LZCN,2025-07-21
B0C6Z3LZCN,2025-07-28
B0C6Z3LZCN,2025-08-04
B0C6Z3LZCN,2025-08-11
B0C6Z3LZCN,2025-08-18
B0C6Z3LZCN,2025-08-25
B0C6Z3LZCN,2025-09-01
B0C6Z3LZCN,2025-09-08
B0C6Z3LZCN,2025-09-15
B0C6Z3LZCN,2025-09-22
B0C6Z3LZCN,2025-09-29
B0C6Z3LZCN,2025-10-06
B0C6Z3LZCN,2025-10-13
B0C6Z3LZCN,2025-10-20
B0C6Z3LZCN,2025-10-27
B0C6Z3LZCN,2025-11-03
B0C6Z3LZCN,2025-11-10
B0C6Z3LZCN,2025-11-17
B0C6Z3LZCN,2025-11-24
B0C6Z3LZCN,2025-12-01
B0C6Z3LZCN,2025-12-08
B0C6Z3LZCN,2025-12-15
B0C6Z3LZCN,2025-12-22
B0C6Z3LZCN,2025-12-29
B0C6Z3LZCN,2026-01-05
B0C6Z3LZCN,2026-01-12
B0C6Z3LZCN,2026-01-19
B0C6Z3LZCN,2026-01-26
B0C6Z3LZCN,2026-02-02
B0C6Z3LZCN,2026-02-09
B0C6Z3LZCN,2026-02-16
B0C6Z3LZCN,2026-02-23
B0C6Z3LZCN,2026-03-02
B0C6Z3LZCN,2026-03-09
B0C6Z3LZCN,2026-03-16
B0C6Z3LZCN,2026-03-23
B0C6Z3LZCN,2026-03-30
B0C6Z3LZCN,2025-03-03
B0C6Z3LZCN,2025-03-10
B0C6Z3LZCN,2025-03-17
B0C6Z3LZCN,2025-03-24
B0C6Z3LZCN,2025-03-31
B0C6Z3LZCN,2025-04-07
B0C6Z3LZCN,2025-04-14
B0C6Z3LZCN,2025-04-21
B0C6Z3LZCN,2025-04-28
B0C6Z3LZCN,2025-05-05
B0C6Z3LZCN,2025-05-12
B0C6Z3LZCN,2025-05-19
B0C6Z3LZCN,2025-05-26
B0C6Z3LZCN,2025-06-02
B0C6Z3LZCN,2025-06-09
B0C6Z3LZCN,2025-06-16
B0C6Z3LZCN,2025-06-23
B0C6Z3LZCN,2025-06-30
B0C6Z3LZCN,2025-07-07
B0C6Z3LZCN,2025-07-14
B0C6Z3LZCN,2025-07-21
B0C6Z3LZCN,2025-07-28
B0C6Z3LZCN,2025-08-04
B0C6Z3LZCN,2025-08-11
B0C6Z3LZCN,2025-08-18
B0C6Z3LZCN,2025-08-25
B0C6Z3LZCN,2025-09-01
B0C6Z3LZCN,2025-09-08
B0C6Z3LZCN,2025-09-15
B0C6Z3LZCN,2025-09-22
B0C6Z3LZCN,2025-09-29
B0C6Z3LZCN,2025-10-06
B0C6Z3LZCN,2025-10-13
B0C6Z3LZCN,2025-10-20
B0C6Z3LZCN,2025-10-27
B0C6Z3LZCN,2025-11-03
B0C6Z3LZCN,2025-11-10
B0C6Z3LZCN,2025-11-17
B0C6Z3LZCN,2025-11-24
B0C6Z3LZCN,2025-12-01
B0C6Z3LZCN,2025-12-08
B0C6Z3LZCN,2025-12-15
B0C6Z3LZCN,2025-12-22
B0C6Z3LZCN,2025-12-29
B0C6Z3LZCN,2026-01-05
B0C6Z3LZCN,2026-01-12
B0C6Z3LZCN,2026-01-19
B0C6Z3LZCN,2026-01-26
B0C6Z3LZCN,2026-02-02
B0C6Z3LZCN,2026-02-09
B0C6Z3LZCN,2026-02-16
B0C6Z3LZCN,2026-02-23
B0C6Z3LZCN,2026-03-02
B0C6Z3LZCN,2026-03-09
B0C6Z3LZCN,2026-03-16
B0C6Z3LZCN,2026-03-23
B0C6Z3LZCN,2026-03-30
B0C6Z4JBSN,2025-03-03
B0C6Z4JBSN,2025-03-10
B0C6Z4JBSN,2025-03-17
B0C6Z4JBSN,2025-03-24
B0C6Z4JBSN,2025-03-31
B0C6Z4JBSN,2025-04-07
B0C6Z4JBSN,2025-04-14
B0C6Z4JBSN,2025-04-21
B0C6Z4JBSN,2025-04-28
B0C6Z4JBSN,2025-05-05
B0C6Z4JBSN,2025-05-12
B0C6Z4JBSN,2025-05-19
B0C6Z4JBSN,2025-05-26
B0C6Z4JBSN,2025-06-02
B0C6Z4JBSN,2025-06-09
B0C6Z4JBSN,2025-06-16
B0C6Z4JBSN,2025-06-23
B0C6Z4JBSN,2025-06-30
B0C6Z4JBSN,2025-07-07
B0C6Z4JBSN,2025-07-14
B0C6Z4JBSN,2025-07-21
B0C6Z4JBSN,2025-07-28
B0C6Z4JBSN,2025-08-04
B0C6Z4JBSN,2025-08-11
B0C6Z4JBSN,2025-08-18
B0C6Z4JBSN,2025-08-25
B0C6Z4JBSN,2025-09-01
B0C6Z4JBSN,2025-09-08
B0C6Z4JBSN,2025-09-15
B0C6Z4JBSN,2025-09-22
B0C6Z4JBSN,2025-09-29
B0C6Z4JBSN,2025-10-06
B0C6Z4JBSN,2025-10-13
B0C6Z4JBSN,2025-10-20
B0C6Z4JBSN,2025-10-27
B0C6Z4JBSN,2025-11-03
B0C6Z4JBSN,2025-11-10
B0C6Z4JBSN,2025-11-17
B0C6Z4JBSN,2025-11-24
B0C6Z4JBSN,2025-12-01
B0C6Z4JBSN,2025-12-08
B0C6Z4JBSN,2025-12-15
B0C6Z4JBSN,2025-12-22
B0C6Z4JBSN,2025-12-29
B0C6Z4JBSN,2026-01-05
B0C6Z4JBSN,2026-01-12
B0C6Z4JBSN,2026-01-19
B0C6Z4JBSN,2026-01-26
B0C6Z4JBSN,2026-02-02
B0C6Z4JBSN,2026-02-09
B0C6Z4JBSN,2026-02-16
B0C6Z4JBSN,2026-02-23
B0C6Z4JBSN,2026-03-02
B0C6Z4JBSN,2026-03-09
B0C6Z4JBSN,2026-03-16
B0C6Z4JBSN,2026-03-23
B0C6Z4JBSN,2026-03-30
B0C6Z4JBSN,2025-03-03
B0C6Z4JBSN,2025-03-10
B0C6Z4JBSN,2025-03-17
B0C6Z4JBSN,2025-03-24
B0C6Z4JBSN,2025-03-31
B0C6Z4JBSN,2025-04-07
B0C6Z4JBSN,2025-04-14
B0C6Z4JBSN,2025-04-21
B0C6Z4JBSN,2025-04-28
B0C6Z4JBSN,2025-05-05
B0C6Z4JBSN,2025-05-12
B0C6Z4JBSN,2025-05-19
B0C6Z4JBSN,2025-05-26
B0C6Z4JBSN,2025-06-02
B0C6Z4JBSN,2025-06-09
B0C6Z4JBSN,2025-06-16
B0C6Z4JBSN,2025-06-23
B0C6Z4JBSN,2025-06-30
B0C6Z4JBSN,2025-07-07
B0C6Z4JBSN,2025-07-14
B0C6Z4JBSN,2025-07-21
B0C6Z4JBSN,2025-07-28
B0C6Z4JBSN,2025-08-04
B0C6Z4JBSN,2025-08-11
B0C6Z4JBSN,2025-08-18
B0C6Z4JBSN,2025-08-25
B0C6Z4JBSN,2025-09-01
B0C6Z4JBSN,2025-09-08
B0C6Z4JBSN,2025-09-15
B0C6Z4JBSN,2025-09-22
B0C6Z4JBSN,2025-09-29
B0C6Z4JBSN,2025-10-06
B0C6Z4JBSN,2025-10-13
B0C6Z4JBSN,2025-10-20
B0C6Z4JBSN,2025-10-27
B0C6Z4JBSN,2025-11-03
B0C6Z4JBSN,2025-11-10
B0C6Z4JBSN,2025-11-17
B0C6Z4JBSN,2025-11-24
B0C6Z4JBSN,2025-12-01
B0C6Z4JBSN,2025-12-08
B0C6Z4JBSN,2025-12-15
B0C6Z4JBSN,2025-12-22
B0C6Z4JBSN,2025-12-29
B0C6Z4JBSN,2026-01-05
B0C6Z4JBSN,2026-01-12
B0C6Z4JBSN,2026-01-19
B0C6Z4JBSN,2026-01-26
B0C6Z4JBSN,2026-02-02
B0C6Z4JBSN,2026-02-09
B0C6Z4JBSN,2026-02-16
B0C6Z4JBSN,2026-02-23
B0C6Z4JBSN,2026-03-02
B0C6Z4JBSN,2026-03-09
B0C6Z4JBSN,2026-03-16
B0C6Z4JBSN,2026-03-23
B0C6Z4JBSN,2026-03-30
B0C8ZFGV2B,2025-03-03
B0C8ZFGV2B,2025-03-10
B0C8ZFGV2B,2025-03-17
B0C8ZFGV2B,2025-03-24
B0C8ZFGV2B,2025-03-31
B0C8ZFGV2B,2025-04-07
B0C8ZFGV2B,2025-04-14
B0C8ZFGV2B,2025-04-21
B0C8ZFGV2B,2025-04-28
B0C8ZFGV2B,2025-05-05
B0C8ZFGV2B,2025-05-12
B0C8ZFGV2B,2025-05-19
B0C8ZFGV2B,2025-05-26
B0C8ZFGV2B,2025-06-02
B0C8ZFGV2B,2025-06-09
B0C8ZFGV2B,2025-06-16
B0C8ZFGV2B,2025-06-23
B0C8ZFGV2B,2025-06-30
B0C8ZFGV2B,2025-07-07
B0C8ZFGV2B,2025-07-14
B0C8ZFGV2B,2025-07-21
B0C8ZFGV2B,2025-07-28
B0C8ZFGV2B,2025-08-04
B0C8ZFGV2B,2025-08-11
B0C8ZFGV2B,2025-08-18
B0C8ZFGV2B,2025-08-25
B0C8ZFGV2B,2025-09-01
B0C8ZFGV2B,2025-09-08
B0C8ZFGV2B,2025-09-15
B0C8ZFGV2B,2025-09-22
B0C8ZFGV2B,2025-09-29
B0C8ZFGV2B,2025-10-06
B0C8ZFGV2B,2025-10-13
B0C8ZFGV2B,2025-10-20
B0C8ZFGV2B,2025-10-27
B0C8ZFGV2B,2025-11-03
B0C8ZFGV2B,2025-11-10
B0C8ZFGV2B,2025-11-17
B0C8ZFGV2B,2025-11-24
B0C8ZFGV2B,2025-12-01
B0C8ZFGV2B,2025-12-08
B0C8ZFGV2B,2025-12-15
B0C8ZFGV2B,2025-12-22
B0C8ZFGV2B,2025-12-29
B0C8ZFGV2B,2026-01-05
B0C8ZFGV2B,2026-01-12
B0C8ZFGV2B,2026-01-19
B0C8ZFGV2B,2026-01-26
B0C8ZFGV2B,2026-02-02
B0C8ZFGV2B,2026-02-09
B0C8ZFGV2B,2026-02-16
B0C8ZFGV2B,2026-02-23
B0C8ZFGV2B,2026-03-02
B0C8ZFGV2B,2026-03-09
B0C8ZFGV2B,2026-03-16
B0C8ZFGV2B,2026-03-23
B0C8ZFGV2B,2026-03-30
B0C8ZFGV2B,2025-03-03
B0C8ZFGV2B,2025-03-10
B0C8ZFGV2B,2025-03-17
B0C8ZFGV2B,2025-03-24
B0C8ZFGV2B,2025-03-31
B0C8ZFGV2B,2025-04-07
B0C8ZFGV2B,2025-04-14
B0C8ZFGV2B,2025-04-21
B0C8ZFGV2B,2025-04-28
B0C8ZFGV2B,2025-05-05
B0C8ZFGV2B,2025-05-12
B0C8ZFGV2B,2025-05-19
B0C8ZFGV2B,2025-05-26
B0C8ZFGV2B,2025-06-02
B0C8ZFGV2B,2025-06-09
B0C8ZFGV2B,2025-06-16
B0C8ZFGV2B,2025-06-23
B0C8ZFGV2B,2025-06-30
B0C8ZFGV2B,2025-07-07
B0C8ZFGV2B,2025-07-14
B0C8ZFGV2B,2025-07-21
B0C8ZFGV2B,2025-07-28
B0C8ZFGV2B,2025-08-04
B0C8ZFGV2B,2025-08-11
B0C8ZFGV2B,2025-08-18
B0C8ZFGV2B,2025-08-25
B0C8ZFGV2B,2025-09-01
B0C8ZFGV2B,2025-09-08
B0C8ZFGV2B,2025-09-15
B0C8ZFGV2B,2025-09-22
B0C8ZFGV2B,2025-09-29
B0C8ZFGV2B,2025-10-06
B0C8ZFGV2B,2025-10-13
B0C8ZFGV2B,2025-10-20
B0C8ZFGV2B,2025-10-27
B0C8ZFGV2B,2025-11-03
B0C8ZFGV2B,2025-11-10
B0C8ZFGV2B,2025-11-17
B0C8ZFGV2B,2025-11-24
B0C8ZFGV2B,2025-12-01
B0C8ZFGV2B,2025-12-08
B0C8ZFGV2B,2025-12-15
B0C8ZFGV2B,2025-12-22
B0C8ZFGV2B,2025-12-29
B0C8ZFGV2B,2026-01-05
B0C8ZFGV2B,2026-01-12
B0C8ZFGV2B,2026-01-19
B0C8ZFGV2B,2026-01-26
B0C8ZFGV2B,2026-02-02
B0C8ZFGV2B,2026-02-09
B0C8ZFGV2B,2026-02-16
B0C8ZFGV2B,2026-02-23
B0C8ZFGV2B,2026-03-02
B0C8ZFGV2B,2026-03-09
B0C8ZFGV2B,2026-03-16
B0C8ZFGV2B,2026-03-23
B0C8ZFGV2B,2026-03-30
B0C8ZH9WZ4,2025-03-03
B0C8ZH9WZ4,2025-03-10
B0C8ZH9WZ4,2025-03-17
B0C8ZH9WZ4,2025-03-24
B0C8ZH9WZ4,2025-03-31
B0C8ZH9WZ4,2025-04-07
B0C8ZH9WZ4,2025-04-14
B0C8ZH9WZ4,2025-04-21
B0C8ZH9WZ4,2025-04-28
B0C8ZH9WZ4,2025-05-05
B0C8ZH9WZ4,2025-05-12
B0C8ZH9WZ4,2025-05-19
B0C8ZH9WZ4,2025-05-26
B0C8ZH9WZ4,2025-06-02
B0C8ZH9WZ4,2025-06-09
B0C8ZH9WZ4,2025-06-16
B0C8ZH9WZ4,2025-06-23
B0C8ZH9WZ4,2025-06-30
B0C8ZH9WZ4,2025-07-07
B0C8ZH9WZ4,2025-07-14
B0C8ZH9WZ4,2025-07-21
B0C8ZH9WZ4,2025-07-28
B0C8ZH9WZ4,2025-08-04
B0C8ZH9WZ4,2025-08-11
B0C8ZH9WZ4,2025-08-18
B0C8ZH9WZ4,2025-08-25
B0C8ZH9WZ4,2025-09-01
B0C8ZH9WZ4,2025-09-08
B0C8ZH9WZ4,2025-09-15
B0C8ZH9WZ4,2025-09-22
B0C8ZH9WZ4,2025-09-29
B0C8ZH9WZ4,2025-10-06
B0C8ZH9WZ4,2025-10-13
B0C8ZH9WZ4,2025-10-20
B0C8ZH9WZ4,2025-10-27
B0C8ZH9WZ4,2025-11-03
B0C8ZH9WZ4,2025-11-10
B0C8ZH9WZ4,2025-11-17
B0C8ZH9WZ4,2025-11-24
B0C8ZH9WZ4,2025-12-01
B0C8ZH9WZ4,2025-12-08
B0C8ZH9WZ4,2025-12-15
B0C8ZH9WZ4,2025-12-22
B0C8ZH9WZ4,2025-12-29
B0C8ZH9WZ4,2026-01-05
B0C8ZH9WZ4,2026-01-12
B0C8ZH9WZ4,2026-01-19
B0C8ZH9WZ4,2026-01-26
B0C8ZH9WZ4,2026-02-02
B0C8ZH9WZ4,2026-02-09
B0C8ZH9WZ4,2026-02-16
B0C8ZH9WZ4,2026-02-23
B0C8ZH9WZ4,2026-03-02
B0C8ZH9WZ4,2026-03-09
B0C8ZH9WZ4,2026-03-16
B0C8ZH9WZ4,2026-03-23
B0C8ZH9WZ4,2026-03-30
B0C8ZH9WZ4,2025-03-03
B0C8ZH9WZ4,2025-03-10
B0C8ZH9WZ4,2025-03-17
B0C8ZH9WZ4,2025-03-24
B0C8ZH9WZ4,2025-03-31
B0C8ZH9WZ4,2025-04-07
B0C8ZH9WZ4,2025-04-14
B0C8ZH9WZ4,2025-04-21
B0C8ZH9WZ4,2025-04-28
B0C8ZH9WZ4,2025-05-05
B0C8ZH9WZ4,2025-05-12
B0C8ZH9WZ4,2025-05-19
B0C8ZH9WZ4,2025-05-26
B0C8ZH9WZ4,2025-06-02
B0C8ZH9WZ4,2025-06-09
B0C8ZH9WZ4,2025-06-16
B0C8ZH9WZ4,2025-06-23
B0C8ZH9WZ4,2025-06-30
B0C8ZH9WZ4,2025-07-07
B0C8ZH9WZ4,2025-07-14
B0C8ZH9WZ4,2025-07-21
B0C8ZH9WZ4,2025-07-28
B0C8ZH9WZ4,2025-08-04
B0C8ZH9WZ4,2025-08-11
B0C8ZH9WZ4,2025-08-18
B0C8ZH9WZ4,2025-08-25
B0C8ZH9WZ4,2025-09-01
B0C8ZH9WZ4,2025-09-08
B0C8ZH9WZ4,2025-09-15
B0C8ZH9WZ4,2025-09-22
B0C8ZH9WZ4,2025-09-29
B0C8ZH9WZ4,2025-10-06
B0C8ZH9WZ4,2025-10-13
B0C8ZH9WZ4,2025-10-20
B0C8ZH9WZ4,2025-10-27
B0C8ZH9WZ4,2025-11-03
B0C8ZH9WZ4,2025-11-10
B0C8ZH9WZ4,2025-11-17
B0C8ZH9WZ4,2025-11-24
B0C8ZH9WZ4,2025-12-01
B0C8ZH9WZ4,2025-12-08
B0C8ZH9WZ4,2025-12-15
B0C8ZH9WZ4,2025-12-22
B0C8ZH9WZ4,2025-12-29
B0C8ZH9WZ4,2026-01-05
B0C8ZH9WZ4,2026-01-12
B0C8ZH9WZ4,2026-01-19
B0C8ZH9WZ4,2026-01-26
B0C8ZH9WZ4,2026-02-02
B0C8ZH9WZ4,2026-02-09
B0C8ZH9WZ4,2026-02-16
B0C8ZH9WZ4,2026-02-23
B0C8ZH9WZ4,2026-03-02
B0C8ZH9WZ4,2026-03-09
B0C8ZH9WZ4,2026-03-16
B0C8ZH9WZ4,2026-03-23
B0C8ZH9WZ4,2026-03-30
B0C8ZK2SKJ,2025-03-03
B0C8ZK2SKJ,2025-03-10
B0C8ZK2SKJ,2025-03-17
B0C8ZK2SKJ,2025-03-24
B0C8ZK2SKJ,2025-03-31
B0C8ZK2SKJ,2025-04-07
B0C8ZK2SKJ,2025-04-14
B0C8ZK2SKJ,2025-04-21
B0C8ZK2SKJ,2025-04-28
B0C8ZK2SKJ,2025-05-05
B0C8ZK2SKJ,2025-05-12
B0C8ZK2SKJ,2025-05-19
B0C8ZK2SKJ,2025-05-26
B0C8ZK2SKJ,2025-06-02
B0C8ZK2SKJ,2025-06-09
B0C8ZK2SKJ,2025-06-16
B0C8ZK2SKJ,2025-06-23
B0C8ZK2SKJ,2025-06-30
B0C8ZK2SKJ,2025-07-07
B0C8ZK2SKJ,2025-07-14
B0C8ZK2SKJ,2025-07-21
B0C8ZK2SKJ,2025-07-28
B0C8ZK2SKJ,2025-08-04
B0C8ZK2SKJ,2025-08-11
B0C8ZK2SKJ,2025-08-18
B0C8ZK2SKJ,2025-08-25
B0C8ZK2SKJ,2025-09-01
B0C8ZK2SKJ,2025-09-08
B0C8ZK2SKJ,2025-09-15
B0C8ZK2SKJ,2025-09-22
B0C8ZK2SKJ,2025-09-29
B0C8ZK2SKJ,2025-10-06
B0C8ZK2SKJ,2025-10-13
B0C8ZK2SKJ,2025-10-20
B0C8ZK2SKJ,2025-10-27
B0C8ZK2SKJ,2025-11-03
B0C8ZK2SKJ,2025-11-10
B0C8ZK2SKJ,2025-11-17
B0C8ZK2SKJ,2025-11-24
B0C8ZK2SKJ,2025-12-01
B0C8ZK2SKJ,2025-12-08
B0C8ZK2SKJ,2025-12-15
B0C8ZK2SKJ,2025-12-22
B0C8ZK2SKJ,2025-12-29
B0C8ZK2SKJ,2026-01-05
B0C8ZK2SKJ,2026-01-12
B0C8ZK2SKJ,2026-01-19
B0C8ZK2SKJ,2026-01-26
B0C8ZK2SKJ,2026-02-02
B0C8ZK2SKJ,2026-02-09
B0C8ZK2SKJ,2026-02-16
B0C8ZK2SKJ,2026-02-23
B0C8ZK2SKJ,2026-03-02
B0C8ZK2SKJ,2026-03-09
B0C8ZK2SKJ,2026-03-16
B0C8ZK2SKJ,2026-03-23
B0C8ZK2SKJ,2026-03-30
B0C8ZK2SKJ,2025-03-03
B0C8ZK2SKJ,2025-03-10
B0C8ZK2SKJ,2025-03-17
B0C8ZK2SKJ,2025-03-24
B0C8ZK2SKJ,2025-03-31
B0C8ZK2SKJ,2025-04-07
B0C8ZK2SKJ,2025-04-14
B0C8ZK2SKJ,2025-04-21
B0C8ZK2SKJ,2025-04-28
B0C8ZK2SKJ,2025-05-05
B0C8ZK2SKJ,2025-05-12
B0C8ZK2SKJ,2025-05-19
B0C8ZK2SKJ,2025-05-26
B0C8ZK2SKJ,2025-06-02
B0C8ZK2SKJ,2025-06-09
B0C8ZK2SKJ,2025-06-16
B0C8ZK2SKJ,2025-06-23
B0C8ZK2SKJ,2025-06-30
B0C8ZK2SKJ,2025-07-07
B0C8ZK2SKJ,2025-07-14
B0C8ZK2SKJ,2025-07-21
B0C8ZK2SKJ,2025-07-28
B0C8ZK2SKJ,2025-08-04
B0C8ZK2SKJ,2025-08-11
B0C8ZK2SKJ,2025-08-18
B0C8ZK2SKJ,2025-08-25
B0C8ZK2SKJ,2025-09-01
B0C8ZK2SKJ,2025-09-08
B0C8ZK2SKJ,2025-09-15
B0C8ZK2SKJ,2025-09-22
B0C8ZK2SKJ,2025-09-29
B0C8ZK2SKJ,2025-10-06
B0C8ZK2SKJ,2025-10-13
B0C8ZK2SKJ,2025-10-20
B0C8ZK2SKJ,2025-10-27
B0C8ZK2SKJ,2025-11-03
B0C8ZK2SKJ,2025-11-10
B0C8ZK2SKJ,2025-11-17
B0C8ZK2SKJ,2025-11-24
B0C8ZK2SKJ,2025-12-01
B0C8ZK2SKJ,2025-12-08
B0C8ZK2SKJ,2025-12-15
B0C8ZK2SKJ,2025-12-22
B0C8ZK2SKJ,2025-12-29
B0C8ZK2SKJ,2026-01-05
B0C8ZK2SKJ,2026-01-12
B0C8ZK2SKJ,2026-01-19
B0C8ZK2SKJ,2026-01-26
B0C8ZK2SKJ,2026-02-02
B0C8ZK2SKJ,2026-02-09
B0C8ZK2SKJ,2026-02-16
B0C8ZK2SKJ,2026-02-23
B0C8ZK2SKJ,2026-03-02
B0C8ZK2SKJ,2026-03-09
B0C8ZK2SKJ,2026-03-16
B0C8ZK2SKJ,2026-03-23
B0C8ZK2SKJ,2026-03-30
B0C8ZK3TKM,2025-03-03
B0C8ZK3TKM,2025-03-10
B0C8ZK3TKM,2025-03-17
B0C8ZK3TKM,2025-03-24
B0C8ZK3TKM,2025-03-31
B0C8ZK3TKM,2025-04-07
B0C8ZK3TKM,2025-04-14
B0C8ZK3TKM,2025-04-21
B0C8ZK3TKM,2025-04-28
B0C8ZK3TKM,2025-05-05
B0C8ZK3TKM,2025-05-12
B0C8ZK3TKM,2025-05-19
B0C8ZK3TKM,2025-05-26
B0C8ZK3TKM,2025-06-02
B0C8ZK3TKM,2025-06-09
B0C8ZK3TKM,2025-06-16
B0C8ZK3TKM,2025-06-23
B0C8ZK3TKM,2025-06-30
B0C8ZK3TKM,2025-07-07
B0C8ZK3TKM,2025-07-14
B0C8ZK3TKM,2025-07-21
B0C8ZK3TKM,2025-07-28
B0C8ZK3TKM,2025-08-04
B0C8ZK3TKM,2025-08-11
B0C8ZK3TKM,2025-08-18
B0C8ZK3TKM,2025-08-25
B0C8ZK3TKM,2025-09-01
B0C8ZK3TKM,2025-09-08
B0C8ZK3TKM,2025-09-15
B0C8ZK3TKM,2025-09-22
B0C8ZK3TKM,2025-09-29
B0C8ZK3TKM,2025-10-06
B0C8ZK3TKM,2025-10-13
B0C8ZK3TKM,2025-10-20
B0C8ZK3TKM,2025-10-27
B0C8ZK3TKM,2025-11-03
B0C8ZK3TKM,2025-11-10
B0C8ZK3TKM,2025-11-17
B0C8ZK3TKM,2025-11-24
B0C8ZK3TKM,2025-12-01
B0C8ZK3TKM,2025-12-08
B0C8ZK3TKM,2025-12-15
B0C8ZK3TKM,2025-12-22
B0C8ZK3TKM,2025-12-29
B0C8ZK3TKM,2026-01-05
B0C8ZK3TKM,2026-01-12
B0C8ZK3TKM,2026-01-19
B0C8ZK3TKM,2026-01-26
B0C8ZK3TKM,2026-02-02
B0C8ZK3TKM,2026-02-09
B0C8ZK3TKM,2026-02-16
B0C8ZK3TKM,2026-02-23
B0C8ZK3TKM,2026-03-02
B0C8ZK3TKM,2026-03-09
B0C8ZK3TKM,2026-03-16
B0C8ZK3TKM,2026-03-23
B0C8ZK3TKM,2026-03-30
B0C8ZK3TKM,2025-03-03
B0C8ZK3TKM,2025-03-10
B0C8ZK3TKM,2025-03-17
B0C8ZK3TKM,2025-03-24
B0C8ZK3TKM,2025-03-31
B0C8ZK3TKM,2025-04-07
B0C8ZK3TKM,2025-04-14
B0C8ZK3TKM,2025-04-21
B0C8ZK3TKM,2025-04-28
B0C8ZK3TKM,2025-05-05
B0C8ZK3TKM,2025-05-12
B0C8ZK3TKM,2025-05-19
B0C8ZK3TKM,2025-05-26
B0C8ZK3TKM,2025-06-02
B0C8ZK3TKM,2025-06-09
B0C8ZK3TKM,2025-06-16
B0C8ZK3TKM,2025-06-23
B0C8ZK3TKM,2025-06-30
B0C8ZK3TKM,2025-07-07
B0C8ZK3TKM,2025-07-14
B0C8ZK3TKM,2025-07-21
B0C8ZK3TKM,2025-07-28
B0C8ZK3TKM,2025-08-04
B0C8ZK3TKM,2025-08-11
B0C8ZK3TKM,2025-08-18
B0C8ZK3TKM,2025-08-25
B0C8ZK3TKM,2025-09-01
B0C8ZK3TKM,2025-09-08
B0C8ZK3TKM,2025-09-15
B0C8ZK3TKM,2025-09-22
B0C8ZK3TKM,2025-09-29
B0C8ZK3TKM,2025-10-06
B0C8ZK3TKM,2025-10-13
B0C8ZK3TKM,2025-10-20
B0C8ZK3TKM,2025-10-27
B0C8ZK3TKM,2025-11-03
B0C8ZK3TKM,2025-11-10
B0C8ZK3TKM,2025-11-17
B0C8ZK3TKM,2025-11-24
B0C8ZK3TKM,2025-12-01
B0C8ZK3TKM,2025-12-08
B0C8ZK3TKM,2025-12-15
B0C8ZK3TKM,2025-12-22
B0C8ZK3TKM,2025-12-29
B0C8ZK3TKM,2026-01-05
B0C8ZK3TKM,2026-01-12
B0C8ZK3TKM,2026-01-19
B0C8ZK3TKM,2026-01-26
B0C8ZK3TKM,2026-02-02
B0C8ZK3TKM,2026-02-09
B0C8ZK3TKM,2026-02-16
B0C8ZK3TKM,2026-02-23
B0C8ZK3TKM,2026-03-02
B0C8ZK3TKM,2026-03-09
B0C8ZK3TKM,2026-03-16
B0C8ZK3TKM,2026-03-23
B0C8ZK3TKM,2026-03-30
B0CCD5H2RW,2025-03-03
B0CCD5H2RW,2025-03-10
B0CCD5H2RW,2025-03-17
B0CCD5H2RW,2025-03-24
B0CCD5H2RW,2025-03-31
B0CCD5H2RW,2025-04-07
B0CCD5H2RW,2025-04-14
B0CCD5H2RW,2025-04-21
B0CCD5H2RW,2025-04-28
B0CCD5H2RW,2025-05-05
B0CCD5H2RW,2025-05-12
B0CCD5H2RW,2025-05-19
B0CCD5H2RW,2025-05-26
B0CCD5H2RW,2025-06-02
B0CCD5H2RW,2025-06-09
B0CCD5H2RW,2025-06-16
B0CCD5H2RW,2025-06-23
B0CCD5H2RW,2025-06-30
B0CCD5H2RW,2025-07-07
B0CCD5H2RW,2025-07-14
B0CCD5H2RW,2025-07-21
B0CCD5H2RW,2025-07-28
B0CCD5H2RW,2025-08-04
B0CCD5H2RW,2025-08-11
B0CCD5H2RW,2025-08-18
B0CCD5H2RW,2025-08-25
B0CCD5H2RW,2025-09-01
B0CCD5H2RW,2025-09-08
B0CCD5H2RW,2025-09-15
B0CCD5H2RW,2025-09-22
B0CCD5H2RW,2025-09-29
B0CCD5H2RW,2025-10-06
B0CCD5H2RW,2025-10-13
B0CCD5H2RW,2025-10-20
B0CCD5H2RW,2025-10-27
B0CCD5H2RW,2025-11-03
B0CCD5H2RW,2025-11-10
B0CCD5H2RW,2025-11-17
B0CCD5H2RW,2025-11-24
B0CCD5H2RW,2025-12-01
B0CCD5H2RW,2025-12-08
B0CCD5H2RW,2025-12-15
B0CCD5H2RW,2025-12-22
B0CCD5H2RW,2025-12-29
B0CCD5H2RW,2026-01-05
B0CCD5H2RW,2026-01-12
B0CCD5H2RW,2026-01-19
B0CCD5H2RW,2026-01-26
B0CCD5H2RW,2026-02-02
B0CCD5H2RW,2026-02-09
B0CCD5H2RW,2026-02-16
B0CCD5H2RW,2026-02-23
B0CCD5H2RW,2026-03-02
B0CCD5H2RW,2026-03-09
B0CCD5H2RW,2026-03-16
B0CCD5H2RW,2026-03-23
B0CCD5H2RW,2026-03-30
B0CCD5H2RW,2025-03-03
B0CCD5H2RW,2025-03-10
B0CCD5H2RW,2025-03-17
B0CCD5H2RW,2025-03-24
B0CCD5H2RW,2025-03-31
B0CCD5H2RW,2025-04-07
B0CCD5H2RW,2025-04-14
B0CCD5H2RW,2025-04-21
B0CCD5H2RW,2025-04-28
B0CCD5H2RW,2025-05-05
B0CCD5H2RW,2025-05-12
B0CCD5H2RW,2025-05-19
B0CCD5H2RW,2025-05-26
B0CCD5H2RW,2025-06-02
B0CCD5H2RW,2025-06-09
B0CCD5H2RW,2025-06-16
B0CCD5H2RW,2025-06-23
B0CCD5H2RW,2025-06-30
B0CCD5H2RW,2025-07-07
B0CCD5H2RW,2025-07-14
B0CCD5H2RW,2025-07-21
B0CCD5H2RW,2025-07-28
B0CCD5H2RW,2025-08-04
B0CCD5H2RW,2025-08-11
B0CCD5H2RW,2025-08-18
B0CCD5H2RW,2025-08-25
B0CCD5H2RW,2025-09-01
B0CCD5H2RW,2025-09-08
B0CCD5H2RW,2025-09-15
B0CCD5H2RW,2025-09-22
B0CCD5H2RW,2025-09-29
B0CCD5H2RW,2025-10-06
B0CCD5H2RW,2025-10-13
B0CCD5H2RW,2025-10-20
B0CCD5H2RW,2025-10-27
B0CCD5H2RW,2025-11-03
B0CCD5H2RW,2025-11-10
B0CCD5H2RW,2025-11-17
B0CCD5H2RW,2025-11-24
B0CCD5H2RW,2025-12-01
B0CCD5H2RW,2025-12-08
B0CCD5H2RW,2025-12-15
B0CCD5H2RW,2025-12-22
B0CCD5H2RW,2025-12-29
B0CCD5H2RW,2026-01-05
B0CCD5H2RW,2026-01-12
B0CCD5H2RW,2026-01-19
B0CCD5H2RW,2026-01-26
B0CCD5H2RW,2026-02-02
B0CCD5H2RW,2026-02-09
B0CCD5H2RW,2026-02-16
B0CCD5H2RW,2026-02-23
B0CCD5H2RW,2026-03-02
B0CCD5H2RW,2026-03-09
B0CCD5H2RW,2026-03-16
B0CCD5H2RW,2026-03-23
B0CCD5H2RW,2026-03-30
B0CH3FT94W,2025-03-03
B0CH3FT94W,2025-03-10
B0CH3FT94W,2025-03-17
B0CH3FT94W,2025-03-24
B0CH3FT94W,2025-03-31
B0CH3FT94W,2025-04-07
B0CH3FT94W,2025-04-14
B0CH3FT94W,2025-04-21
B0CH3FT94W,2025-04-28
B0CH3FT94W,2025-05-05
B0CH3FT94W,2025-05-12
B0CH3FT94W,2025-05-19
B0CH3FT94W,2025-05-26
B0CH3FT94W,2025-06-02
B0CH3FT94W,2025-06-09
B0CH3FT94W,2025-06-16
B0CH3FT94W,2025-06-23
B0CH3FT94W,2025-06-30
B0CH3FT94W,2025-07-07
B0CH3FT94W,2025-07-14
B0CH3FT94W,2025-07-21
B0CH3FT94W,2025-07-28
B0CH3FT94W,2025-08-04
B0CH3FT94W,2025-08-11
B0CH3FT94W,2025-08-18
B0CH3FT94W,2025-08-25
B0CH3FT94W,2025-09-01
B0CH3FT94W,2025-09-08
B0CH3FT94W,2025-09-15
B0CH3FT94W,2025-09-22
B0CH3FT94W,2025-09-29
B0CH3FT94W,2025-10-06
B0CH3FT94W,2025-10-13
B0CH3FT94W,2025-10-20
B0CH3FT94W,2025-10-27
B0CH3FT94W,2025-11-03
B0CH3FT94W,2025-11-10
B0CH3FT94W,2025-11-17
B0CH3FT94W,2025-11-24
B0CH3FT94W,2025-12-01
B0CH3FT94W,2025-12-08
B0CH3FT94W,2025-12-15
B0CH3FT94W,2025-12-22
B0CH3FT94W,2025-12-29
B0CH3FT94W,2026-01-05
B0CH3FT94W,2026-01-12
B0CH3FT94W,2026-01-19
B0CH3FT94W,2026-01-26
B0CH3FT94W,2026-02-02
B0CH3FT94W,2026-02-09
B0CH3FT94W,2026-02-16
B0CH3FT94W,2026-02-23
B0CH3FT94W,2026-03-02
B0CH3FT94W,2026-03-09
B0CH3FT94W,2026-03-16
B0CH3FT94W,2026-03-23
B0CH3FT94W,2026-03-30
B0CH3FT94W,2025-03-03
B0CH3FT94W,2025-03-10
B0CH3FT94W,2025-03-17
B0CH3FT94W,2025-03-24
B0CH3FT94W,2025-03-31
B0CH3FT94W,2025-04-07
B0CH3FT94W,2025-04-14
B0CH3FT94W,2025-04-21
B0CH3FT94W,2025-04-28
B0CH3FT94W,2025-05-05
B0CH3FT94W,2025-05-12
B0CH3FT94W,2025-05-19
B0CH3FT94W,2025-05-26
B0CH3FT94W,2025-06-02
B0CH3FT94W,2025-06-09
B0CH3FT94W,2025-06-16
B0CH3FT94W,2025-06-23
B0CH3FT94W,2025-06-30
B0CH3FT94W,2025-07-07
B0CH3FT94W,2025-07-14
B0CH3FT94W,2025-07-21
B0CH3FT94W,2025-07-28
B0CH3FT94W,2025-08-04
B0CH3FT94W,2025-08-11
B0CH3FT94W,2025-08-18
B0CH3FT94W,2025-08-25
B0CH3FT94W,2025-09-01
B0CH3FT94W,2025-09-08
B0CH3FT94W,2025-09-15
B0CH3FT94W,2025-09-22
B0CH3FT94W,2025-09-29
B0CH3FT94W,2025-10-06
B0CH3FT94W,2025-10-13
B0CH3FT94W,2025-10-20
B0CH3FT94W,2025-10-27
B0CH3FT94W,2025-11-03
B0CH3FT94W,2025-11-10
B0CH3FT94W,2025-11-17
B0CH3FT94W,2025-11-24
B0CH3FT94W,2025-12-01
B0CH3FT94W,2025-12-08
B0CH3FT94W,2025-12-15
B0CH3FT94W,2025-12-22
B0CH3FT94W,2025-12-29
B0CH3FT94W,2026-01-05
B0CH3FT94W,2026-01-12
B0CH3FT94W,2026-01-19
B0CH3FT94W,2026-01-26
B0CH3FT94W,2026-02-02
B0CH3FT94W,2026-02-09
B0CH3FT94W,2026-02-16
B0CH3FT94W,2026-02-23
B0CH3FT94W,2026-03-02
B0CH3FT94W,2026-03-09
B0CH3FT94W,2026-03-16
B0CH3FT94W,2026-03-23
B0CH3FT94W,2026-03-30
B0CHPD295S,2025-03-03
B0CHPD295S,2025-03-10
B0CHPD295S,2025-03-17
B0CHPD295S,2025-03-24
B0CHPD295S,2025-03-31
B0CHPD295S,2025-04-07
B0CHPD295S,2025-04-14
B0CHPD295S,2025-04-21
B0CHPD295S,2025-04-28
B0CHPD295S,2025-05-05
B0CHPD295S,2025-05-12
B0CHPD295S,2025-05-19
B0CHPD295S,2025-05-26
B0CHPD295S,2025-06-02
B0CHPD295S,2025-06-09
B0CHPD295S,2025-06-16
B0CHPD295S,2025-06-23
B0CHPD295S,2025-06-30
B0CHPD295S,2025-07-07
B0CHPD295S,2025-07-14
B0CHPD295S,2025-07-21
B0CHPD295S,2025-07-28
B0CHPD295S,2025-08-04
B0CHPD295S,2025-08-11
B0CHPD295S,2025-08-18
B0CHPD295S,2025-08-25
B0CHPD295S,2025-09-01
B0CHPD295S,2025-09-08
B0CHPD295S,2025-09-15
B0CHPD295S,2025-09-22
B0CHPD295S,2025-09-29
B0CHPD295S,2025-10-06
B0CHPD295S,2025-10-13
B0CHPD295S,2025-10-20
B0CHPD295S,2025-10-27
B0CHPD295S,2025-11-03
B0CHPD295S,2025-11-10
B0CHPD295S,2025-11-17
B0CHPD295S,2025-11-24
B0CHPD295S,2025-12-01
B0CHPD295S,2025-12-08
B0CHPD295S,2025-12-15
B0CHPD295S,2025-12-22
B0CHPD295S,2025-12-29
B0CHPD295S,2026-01-05
B0CHPD295S,2026-01-12
B0CHPD295S,2026-01-19
B0CHPD295S,2026-01-26
B0CHPD295S,2026-02-02
B0CHPD295S,2026-02-09
B0CHPD295S,2026-02-16
B0CHPD295S,2026-02-23
B0CHPD295S,2026-03-02
B0CHPD295S,2026-03-09
B0CHPD295S,2026-03-16
B0CHPD295S,2026-03-23
B0CHPD295S,2026-03-30
B0CHPD295S,2025-03-03
B0CHPD295S,2025-03-10
B0CHPD295S,2025-03-17
B0CHPD295S,2025-03-24
B0CHPD295S,2025-03-31
B0CHPD295S,2025-04-07
B0CHPD295S,2025-04-14
B0CHPD295S,2025-04-21
B0CHPD295S,2025-04-28
B0CHPD295S,2025-05-05
B0CHPD295S,2025-05-12
B0CHPD295S,2025-05-19
B0CHPD295S,2025-05-26
B0CHPD295S,2025-06-02
B0CHPD295S,2025-06-09
B0CHPD295S,2025-06-16
B0CHPD295S,2025-06-23
B0CHPD295S,2025-06-30
B0CHPD295S,2025-07-07
B0CHPD295S,2025-07-14
B0CHPD295S,2025-07-21
B0CHPD295S,2025-07-28
B0CHPD295S,2025-08-04
B0CHPD295S,2025-08-11
B0CHPD295S,2025-08-18
B0CHPD295S,2025-08-25
B0CHPD295S,2025-09-01
B0CHPD295S,2025-09-08
B0CHPD295S,2025-09-15
B0CHPD295S,2025-09-22
B0CHPD295S,2025-09-29
B0CHPD295S,2025-10-06
B0CHPD295S,2025-10-13
B0CHPD295S,2025-10-20
B0CHPD295S,2025-10-27
B0CHPD295S,2025-11-03
B0CHPD295S,2025-11-10
B0CHPD295S,2025-11-17
B0CHPD295S,2025-11-24
B0CHPD295S,2025-12-01
B0CHPD295S,2025-12-08
B0CHPD295S,2025-12-15
B0CHPD295S,2025-12-22
B0CHPD295S,2025-12-29
B0CHPD295S,2026-01-05
B0CHPD295S,2026-01-12
B0CHPD295S,2026-01-19
B0CHPD295S,2026-01-26
B0CHPD295S,2026-02-02
B0CHPD295S,2026-02-09
B0CHPD295S,2026-02-16
B0CHPD295S,2026-02-23
B0CHPD295S,2026-03-02
B0CHPD295S,2026-03-09
B0CHPD295S,2026-03-16
B0CHPD295S,2026-03-23
B0CHPD295S,2026-03-30
B0CHPF3ZMV,2025-03-03
B0CHPF3ZMV,2025-03-10
B0CHPF3ZMV,2025-03-17
B0CHPF3ZMV,2025-03-24
B0CHPF3ZMV,2025-03-31
B0CHPF3ZMV,2025-04-07
B0CHPF3ZMV,2025-04-14
B0CHPF3ZMV,2025-04-21
B0CHPF3ZMV,2025-04-28
B0CHPF3ZMV,2025-05-05
B0CHPF3ZMV,2025-05-12
B0CHPF3ZMV,2025-05-19
B0CHPF3ZMV,2025-05-26
B0CHPF3ZMV,2025-06-02
B0CHPF3ZMV,2025-06-09
B0CHPF3ZMV,2025-06-16
B0CHPF3ZMV,2025-06-23
B0CHPF3ZMV,2025-06-30
B0CHPF3ZMV,2025-07-07
B0CHPF3ZMV,2025-07-14
B0CHPF3ZMV,2025-07-21
B0CHPF3ZMV,2025-07-28
B0CHPF3ZMV,2025-08-04
B0CHPF3ZMV,2025-08-11
B0CHPF3ZMV,2025-08-18
B0CHPF3ZMV,2025-08-25
B0CHPF3ZMV,2025-09-01
B0CHPF3ZMV,2025-09-08
B0CHPF3ZMV,2025-09-15
B0CHPF3ZMV,2025-09-22
B0CHPF3ZMV,2025-09-29
B0CHPF3ZMV,2025-10-06
B0CHPF3ZMV,2025-10-13
B0CHPF3ZMV,2025-10-20
B0CHPF3ZMV,2025-10-27
B0CHPF3ZMV,2025-11-03
B0CHPF3ZMV,2025-11-10
B0CHPF3ZMV,2025-11-17
B0CHPF3ZMV,2025-11-24
B0CHPF3ZMV,2025-12-01
B0CHPF3ZMV,2025-12-08
B0CHPF3ZMV,2025-12-15
B0CHPF3ZMV,2025-12-22
B0CHPF3ZMV,2025-12-29
B0CHPF3ZMV,2026-01-05
B0CHPF3ZMV,2026-01-12
B0CHPF3ZMV,2026-01-19
B0CHPF3ZMV,2026-01-26
B0CHPF3ZMV,2026-02-02
B0CHPF3ZMV,2026-02-09
B0CHPF3ZMV,2026-02-16
B0CHPF3ZMV,2026-02-23
B0CHPF3ZMV,2026-03-02
B0CHPF3ZMV,2026-03-09
B0CHPF3ZMV,2026-03-16
B0CHPF3ZMV,2026-03-23
B0CHPF3ZMV,2026-03-30
B0CHPF3ZMV,2025-03-03
B0CHPF3ZMV,2025-03-10
B0CHPF3ZMV,2025-03-17
B0CHPF3ZMV,2025-03-24
B0CHPF3ZMV,2025-03-31
B0CHPF3ZMV,2025-04-07
B0CHPF3ZMV,2025-04-14
B0CHPF3ZMV,2025-04-21
B0CHPF3ZMV,2025-04-28
B0CHPF3ZMV,2025-05-05
B0CHPF3ZMV,2025-05-12
B0CHPF3ZMV,2025-05-19
B0CHPF3ZMV,2025-05-26
B0CHPF3ZMV,2025-06-02
B0CHPF3ZMV,2025-06-09
B0CHPF3ZMV,2025-06-16
B0CHPF3ZMV,2025-06-23
B0CHPF3ZMV,2025-06-30
B0CHPF3ZMV,2025-07-07
B0CHPF3ZMV,2025-07-14
B0CHPF3ZMV,2025-07-21
B0CHPF3ZMV,2025-07-28
B0CHPF3ZMV,2025-08-04
B0CHPF3ZMV,2025-08-11
B0CHPF3ZMV,2025-08-18
B0CHPF3ZMV,2025-08-25
B0CHPF3ZMV,2025-09-01
B0CHPF3ZMV,2025-09-08
B0CHPF3ZMV,2025-09-15
B0CHPF3ZMV,2025-09-22
B0CHPF3ZMV,2025-09-29
B0CHPF3ZMV,2025-10-06
B0CHPF3ZMV,2025-10-13
B0CHPF3ZMV,2025-10-20
B0CHPF3ZMV,2025-10-27
B0CHPF3ZMV,2025-11-03
B0CHPF3ZMV,2025-11-10
B0CHPF3ZMV,2025-11-17
B0CHPF3ZMV,2025-11-24
B0CHPF3ZMV,2025-12-01
B0CHPF3ZMV,2025-12-08
B0CHPF3ZMV,2025-12-15
B0CHPF3ZMV,2025-12-22
B0CHPF3ZMV,2025-12-29
B0CHPF3ZMV,2026-01-05
B0CHPF3ZMV,2026-01-12
B0CHPF3ZMV,2026-01-19
B0CHPF3ZMV,2026-01-26
B0CHPF3ZMV,2026-02-02
B0CHPF3ZMV,2026-02-09
B0CHPF3ZMV,2026-02-16
B0CHPF3ZMV,2026-02-23
B0CHPF3ZMV,2026-03-02
B0CHPF3ZMV,2026-03-09
B0CHPF3ZMV,2026-03-16
B0CHPF3ZMV,2026-03-23
B0CHPF3ZMV,2026-03-30
B0CJCLHHQH,2025-03-03
B0CJCLHHQH,2025-03-10
B0CJCLHHQH,2025-03-17
B0CJCLHHQH,2025-03-24
B0CJCLHHQH,2025-03-31
B0CJCLHHQH,2025-04-07
B0CJCLHHQH,2025-04-14
B0CJCLHHQH,2025-04-21
B0CJCLHHQH,2025-04-28
B0CJCLHHQH,2025-05-05
B0CJCLHHQH,2025-05-12
B0CJCLHHQH,2025-05-19
B0CJCLHHQH,2025-05-26
B0CJCLHHQH,2025-06-02
B0CJCLHHQH,2025-06-09
B0CJCLHHQH,2025-06-16
B0CJCLHHQH,2025-06-23
B0CJCLHHQH,2025-06-30
B0CJCLHHQH,2025-07-07
B0CJCLHHQH,2025-07-14
B0CJCLHHQH,2025-07-21
B0CJCLHHQH,2025-07-28
B0CJCLHHQH,2025-08-04
B0CJCLHHQH,2025-08-11
B0CJCLHHQH,2025-08-18
B0CJCLHHQH,2025-08-25
B0CJCLHHQH,2025-09-01
B0CJCLHHQH,2025-09-08
B0CJCLHHQH,2025-09-15
B0CJCLHHQH,2025-09-22
B0CJCLHHQH,2025-09-29
B0CJCLHHQH,2025-10-06
B0CJCLHHQH,2025-10-13
B0CJCLHHQH,2025-10-20
B0CJCLHHQH,2025-10-27
B0CJCLHHQH,2025-11-03
B0CJCLHHQH,2025-11-10
B0CJCLHHQH,2025-11-17
B0CJCLHHQH,2025-11-24
B0CJCLHHQH,2025-12-01
B0CJCLHHQH,2025-12-08
B0CJCLHHQH,2025-12-15
B0CJCLHHQH,2025-12-22
B0CJCLHHQH,2025-12-29
B0CJCLHHQH,2026-01-05
B0CJCLHHQH,2026-01-12
B0CJCLHHQH,2026-01-19
B0CJCLHHQH,2026-01-26
B0CJCLHHQH,2026-02-02
B0CJCLHHQH,2026-02-09
B0CJCLHHQH,2026-02-16
B0CJCLHHQH,2026-02-23
B0CJCLHHQH,2026-03-02
B0CJCLHHQH,2026-03-09
B0CJCLHHQH,2026-03-16
B0CJCLHHQH,2026-03-23
B0CJCLHHQH,2026-03-30
B0CJCLHHQH,2025-03-03
B0CJCLHHQH,2025-03-10
B0CJCLHHQH,2025-03-17
B0CJCLHHQH,2025-03-24
B0CJCLHHQH,2025-03-31
B0CJCLHHQH,2025-04-07
B0CJCLHHQH,2025-04-14
B0CJCLHHQH,2025-04-21
B0CJCLHHQH,2025-04-28
B0CJCLHHQH,2025-05-05
B0CJCLHHQH,2025-05-12
B0CJCLHHQH,2025-05-19
B0CJCLHHQH,2025-05-26
B0CJCLHHQH,2025-06-02
B0CJCLHHQH,2025-06-09
B0CJCLHHQH,2025-06-16
B0CJCLHHQH,2025-06-23
B0CJCLHHQH,2025-06-30
B0CJCLHHQH,2025-07-07
B0CJCLHHQH,2025-07-14
B0CJCLHHQH,2025-07-21
B0CJCLHHQH,2025-07-28
B0CJCLHHQH,2025-08-04
B0CJCLHHQH,2025-08-11
B0CJCLHHQH,2025-08-18
B0CJCLHHQH,2025-08-25
B0CJCLHHQH,2025-09-01
B0CJCLHHQH,2025-09-08
B0CJCLHHQH,2025-09-15
B0CJCLHHQH,2025-09-22
B0CJCLHHQH,2025-09-29
B0CJCLHHQH,2025-10-06
B0CJCLHHQH,2025-10-13
B0CJCLHHQH,2025-10-20
B0CJCLHHQH,2025-10-27
B0CJCLHHQH,2025-11-03
B0CJCLHHQH,2025-11-10
B0CJCLHHQH,2025-11-17
B0CJCLHHQH,2025-11-24
B0CJCLHHQH,2025-12-01
B0CJCLHHQH,2025-12-08
B0CJCLHHQH,2025-12-15
B0CJCLHHQH,2025-12-22
B0CJCLHHQH,2025-12-29
B0CJCLHHQH,2026-01-05
B0CJCLHHQH,2026-01-12
B0CJCLHHQH,2026-01-19
B0CJCLHHQH,2026-01-26
B0CJCLHHQH,2026-02-02
B0CJCLHHQH,2026-02-09
B0CJCLHHQH,2026-02-16
B0CJCLHHQH,2026-02-23
B0CJCLHHQH,2026-03-02
B0CJCLHHQH,2026-03-09
B0CJCLHHQH,2026-03-16
B0CJCLHHQH,2026-03-23
B0CJCLHHQH,2026-03-30
B0CJX29N3D,2025-03-03
B0CJX29N3D,2025-03-10
B0CJX29N3D,2025-03-17
B0CJX29N3D,2025-03-24
B0CJX29N3D,2025-03-31
B0CJX29N3D,2025-04-07
B0CJX29N3D,2025-04-14
B0CJX29N3D,2025-04-21
B0CJX29N3D,2025-04-28
B0CJX29N3D,2025-05-05
B0CJX29N3D,2025-05-12
B0CJX29N3D,2025-05-19
B0CJX29N3D,2025-05-26
B0CJX29N3D,2025-06-02
B0CJX29N3D,2025-06-09
B0CJX29N3D,2025-06-16
B0CJX29N3D,2025-06-23
B0CJX29N3D,2025-06-30
B0CJX29N3D,2025-07-07
B0CJX29N3D,2025-07-14
B0CJX29N3D,2025-07-21
B0CJX29N3D,2025-07-28
B0CJX29N3D,2025-08-04
B0CJX29N3D,2025-08-11
B0CJX29N3D,2025-08-18
B0CJX29N3D,2025-08-25
B0CJX29N3D,2025-09-01
B0CJX29N3D,2025-09-08
B0CJX29N3D,2025-09-15
B0CJX29N3D,2025-09-22
B0CJX29N3D,2025-09-29
B0CJX29N3D,2025-10-06
B0CJX29N3D,2025-10-13
B0CJX29N3D,2025-10-20
B0CJX29N3D,2025-10-27
B0CJX29N3D,2025-11-03
B0CJX29N3D,2025-11-10
B0CJX29N3D,2025-11-17
B0CJX29N3D,2025-11-24
B0CJX29N3D,2025-12-01
B0CJX29N3D,2025-12-08
B0CJX29N3D,2025-12-15
B0CJX29N3D,2025-12-22
B0CJX29N3D,2025-12-29
B0CJX29N3D,2026-01-05
B0CJX29N3D,2026-01-12
B0CJX29N3D,2026-01-19
B0CJX29N3D,2026-01-26
B0CJX29N3D,2026-02-02
B0CJX29N3D,2026-02-09
B0CJX29N3D,2026-02-16
B0CJX29N3D,2026-02-23
B0CJX29N3D,2026-03-02
B0CJX29N3D,2026-03-09
B0CJX29N3D,2026-03-16
B0CJX29N3D,2026-03-23
B0CJX29N3D,2026-03-30
B0CJX29N3D,2025-03-03
B0CJX29N3D,2025-03-10
B0CJX29N3D,2025-03-17
B0CJX29N3D,2025-03-24
B0CJX29N3D,2025-03-31
B0CJX29N3D,2025-04-07
B0CJX29N3D,2025-04-14
B0CJX29N3D,2025-04-21
B0CJX29N3D,2025-04-28
B0CJX29N3D,2025-05-05
B0CJX29N3D,2025-05-12
B0CJX29N3D,2025-05-19
B0CJX29N3D,2025-05-26
B0CJX29N3D,2025-06-02
B0CJX29N3D,2025-06-09
B0CJX29N3D,2025-06-16
B0CJX29N3D,2025-06-23
B0CJX29N3D,2025-06-30
B0CJX29N3D,2025-07-07
B0CJX29N3D,2025-07-14
B0CJX29N3D,2025-07-21
B0CJX29N3D,2025-07-28
B0CJX29N3D,2025-08-04
B0CJX29N3D,2025-08-11
B0CJX29N3D,2025-08-18
B0CJX29N3D,2025-08-25
B0CJX29N3D,2025-09-01
B0CJX29N3D,2025-09-08
B0CJX29N3D,2025-09-15
B0CJX29N3D,2025-09-22
B0CJX29N3D,2025-09-29
B0CJX29N3D,2025-10-06
B0CJX29N3D,2025-10-13
B0CJX29N3D,2025-10-20
B0CJX29N3D,2025-10-27
B0CJX29N3D,2025-11-03
B0CJX29N3D,2025-11-10
B0CJX29N3D,2025-11-17
B0CJX29N3D,2025-11-24
B0CJX29N3D,2025-12-01
B0CJX29N3D,2025-12-08
B0CJX29N3D,2025-12-15
B0CJX29N3D,2025-12-22
B0CJX29N3D,2025-12-29
B0CJX29N3D,2026-01-05
B0CJX29N3D,2026-01-12
B0CJX29N3D,2026-01-19
B0CJX29N3D,2026-01-26
B0CJX29N3D,2026-02-02
B0CJX29N3D,2026-02-09
B0CJX29N3D,2026-02-16
B0CJX29N3D,2026-02-23
B0CJX29N3D,2026-03-02
B0CJX29N3D,2026-03-09
B0CJX29N3D,2026-03-16
B0CJX29N3D,2026-03-23
B0CJX29N3D,2026-03-30
B0CJX2F2D6,2025-03-03
B0CJX2F2D6,2025-03-10
B0CJX2F2D6,2025-03-17
B0CJX2F2D6,2025-03-24
B0CJX2F2D6,2025-03-31
B0CJX2F2D6,2025-04-07
B0CJX2F2D6,2025-04-14
B0CJX2F2D6,2025-04-21
B0CJX2F2D6,2025-04-28
B0CJX2F2D6,2025-05-05
B0CJX2F2D6,2025-05-12
B0CJX2F2D6,2025-05-19
B0CJX2F2D6,2025-05-26
B0CJX2F2D6,2025-06-02
B0CJX2F2D6,2025-06-09
B0CJX2F2D6,2025-06-16
B0CJX2F2D6,2025-06-23
B0CJX2F2D6,2025-06-30
B0CJX2F2D6,2025-07-07
B0CJX2F2D6,2025-07-14
B0CJX2F2D6,2025-07-21
B0CJX2F2D6,2025-07-28
B0CJX2F2D6,2025-08-04
B0CJX2F2D6,2025-08-11
B0CJX2F2D6,2025-08-18
B0CJX2F2D6,2025-08-25
B0CJX2F2D6,2025-09-01
B0CJX2F2D6,2025-09-08
B0CJX2F2D6,2025-09-15
B0CJX2F2D6,2025-09-22
B0CJX2F2D6,2025-09-29
B0CJX2F2D6,2025-10-06
B0CJX2F2D6,2025-10-13
B0CJX2F2D6,2025-10-20
B0CJX2F2D6,2025-10-27
B0CJX2F2D6,2025-11-03
B0CJX2F2D6,2025-11-10
B0CJX2F2D6,2025-11-17
B0CJX2F2D6,2025-11-24
B0CJX2F2D6,2025-12-01
B0CJX2F2D6,2025-12-08
B0CJX2F2D6,2025-12-15
B0CJX2F2D6,2025-12-22
B0CJX2F2D6,2025-12-29
B0CJX2F2D6,2026-01-05
B0CJX2F2D6,2026-01-12
B0CJX2F2D6,2026-01-19
B0CJX2F2D6,2026-01-26
B0CJX2F2D6,2026-02-02
B0CJX2F2D6,2026-02-09
B0CJX2F2D6,2026-02-16
B0CJX2F2D6,2026-02-23
B0CJX2F2D6,2026-03-02
B0CJX2F2D6,2026-03-09
B0CJX2F2D6,2026-03-16
B0CJX2F2D6,2026-03-23
B0CJX2F2D6,2026-03-30
B0CJX2F2D6,2025-03-03
B0CJX2F2D6,2025-03-10
B0CJX2F2D6,2025-03-17
B0CJX2F2D6,2025-03-24
B0CJX2F2D6,2025-03-31
B0CJX2F2D6,2025-04-07
B0CJX2F2D6,2025-04-14
B0CJX2F2D6,2025-04-21
B0CJX2F2D6,2025-04-28
B0CJX2F2D6,2025-05-05
B0CJX2F2D6,2025-05-12
B0CJX2F2D6,2025-05-19
B0CJX2F2D6,2025-05-26
B0CJX2F2D6,2025-06-02
B0CJX2F2D6,2025-06-09
B0CJX2F2D6,2025-06-16
B0CJX2F2D6,2025-06-23
B0CJX2F2D6,2025-06-30
B0CJX2F2D6,2025-07-07
B0CJX2F2D6,2025-07-14
B0CJX2F2D6,2025-07-21
B0CJX2F2D6,2025-07-28
B0CJX2F2D6,2025-08-04
B0CJX2F2D6,2025-08-11
B0CJX2F2D6,2025-08-18
B0CJX2F2D6,2025-08-25
B0CJX2F2D6,2025-09-01
B0CJX2F2D6,2025-09-08
B0CJX2F2D6,2025-09-15
B0CJX2F2D6,2025-09-22
B0CJX2F2D6,2025-09-29
B0CJX2F2D6,2025-10-06
B0CJX2F2D6,2025-10-13
B0CJX2F2D6,2025-10-20
B0CJX2F2D6,2025-10-27
B0CJX2F2D6,2025-11-03
B0CJX2F2D6,2025-11-10
B0CJX2F2D6,2025-11-17
B0CJX2F2D6,2025-11-24
B0CJX2F2D6,2025-12-01
B0CJX2F2D6,2025-12-08
B0CJX2F2D6,2025-12-15
B0CJX2F2D6,2025-12-22
B0CJX2F2D6,2025-12-29
B0CJX2F2D6,2026-01-05
B0CJX2F2D6,2026-01-12
B0CJX2F2D6,2026-01-19
B0CJX2F2D6,2026-01-26
B0CJX2F2D6,2026-02-02
B0CJX2F2D6,2026-02-09
B0CJX2F2D6,2026-02-16
B0CJX2F2D6,2026-02-23
B0CJX2F2D6,2026-03-02
B0CJX2F2D6,2026-03-09
B0CJX2F2D6,2026-03-16
B0CJX2F2D6,2026-03-23
B0CJX2F2D6,2026-03-30
B0CJXD83RY,2025-03-03
B0CJXD83RY,2025-03-10
B0CJXD83RY,2025-03-17
B0CJXD83RY,2025-03-24
B0CJXD83RY,2025-03-31
B0CJXD83RY,2025-04-07
B0CJXD83RY,2025-04-14
B0CJXD83RY,2025-04-21
B0CJXD83RY,2025-04-28
B0CJXD83RY,2025-05-05
B0CJXD83RY,2025-05-12
B0CJXD83RY,2025-05-19
B0CJXD83RY,2025-05-26
B0CJXD83RY,2025-06-02
B0CJXD83RY,2025-06-09
B0CJXD83RY,2025-06-16
B0CJXD83RY,2025-06-23
B0CJXD83RY,2025-06-30
B0CJXD83RY,2025-07-07
B0CJXD83RY,2025-07-14
B0CJXD83RY,2025-07-21
B0CJXD83RY,2025-07-28
B0CJXD83RY,2025-08-04
B0CJXD83RY,2025-08-11
B0CJXD83RY,2025-08-18
B0CJXD83RY,2025-08-25
B0CJXD83RY,2025-09-01
B0CJXD83RY,2025-09-08
B0CJXD83RY,2025-09-15
B0CJXD83RY,2025-09-22
B0CJXD83RY,2025-09-29
B0CJXD83RY,2025-10-06
B0CJXD83RY,2025-10-13
B0CJXD83RY,2025-10-20
B0CJXD83RY,2025-10-27
B0CJXD83RY,2025-11-03
B0CJXD83RY,2025-11-10
B0CJXD83RY,2025-11-17
B0CJXD83RY,2025-11-24
B0CJXD83RY,2025-12-01
B0CJXD83RY,2025-12-08
B0CJXD83RY,2025-12-15
B0CJXD83RY,2025-12-22
B0CJXD83RY,2025-12-29
B0CJXD83RY,2026-01-05
B0CJXD83RY,2026-01-12
B0CJXD83RY,2026-01-19
B0CJXD83RY,2026-01-26
B0CJXD83RY,2026-02-02
B0CJXD83RY,2026-02-09
B0CJXD83RY,2026-02-16
B0CJXD83RY,2026-02-23
B0CJXD83RY,2026-03-02
B0CJXD83RY,2026-03-09
B0CJXD83RY,2026-03-16
B0CJXD83RY,2026-03-23
B0CJXD83RY,2026-03-30
B0CJXD83RY,2025-03-03
B0CJXD83RY,2025-03-10
B0CJXD83RY,2025-03-17
B0CJXD83RY,2025-03-24
B0CJXD83RY,2025-03-31
B0CJXD83RY,2025-04-07
B0CJXD83RY,2025-04-14
B0CJXD83RY,2025-04-21
B0CJXD83RY,2025-04-28
B0CJXD83RY,2025-05-05
B0CJXD83RY,2025-05-12
B0CJXD83RY,2025-05-19
B0CJXD83RY,2025-05-26
B0CJXD83RY,2025-06-02
B0CJXD83RY,2025-06-09
B0CJXD83RY,2025-06-16
B0CJXD83RY,2025-06-23
B0CJXD83RY,2025-06-30
B0CJXD83RY,2025-07-07
B0CJXD83RY,2025-07-14
B0CJXD83RY,2025-07-21
B0CJXD83RY,2025-07-28
B0CJXD83RY,2025-08-04
B0CJXD83RY,2025-08-11
B0CJXD83RY,2025-08-18
B0CJXD83RY,2025-08-25
B0CJXD83RY,2025-09-01
B0CJXD83RY,2025-09-08
B0CJXD83RY,2025-09-15
B0CJXD83RY,2025-09-22
B0CJXD83RY,2025-09-29
B0CJXD83RY,2025-10-06
B0CJXD83RY,2025-10-13
B0CJXD83RY,2025-10-20
B0CJXD83RY,2025-10-27
B0CJXD83RY,2025-11-03
B0CJXD83RY,2025-11-10
B0CJXD83RY,2025-11-17
B0CJXD83RY,2025-11-24
B0CJXD83RY,2025-12-01
B0CJXD83RY,2025-12-08
B0CJXD83RY,2025-12-15
B0CJXD83RY,2025-12-22
B0CJXD83RY,2025-12-29
B0CJXD83RY,2026-01-05
B0CJXD83RY,2026-01-12
B0CJXD83RY,2026-01-19
B0CJXD83RY,2026-01-26
B0CJXD83RY,2026-02-02
B0CJXD83RY,2026-02-09
B0CJXD83RY,2026-02-16
B0CJXD83RY,2026-02-23
B0CJXD83RY,2026-03-02
B0CJXD83RY,2026-03-09
B0CJXD83RY,2026-03-16
B0CJXD83RY,2026-03-23
B0CJXD83RY,2026-03-30
B0CMV4PWG5,2025-03-03
B0CMV4PWG5,2025-03-10
B0CMV4PWG5,2025-03-17
B0CMV4PWG5,2025-03-24
B0CMV4PWG5,2025-03-31
B0CMV4PWG5,2025-04-07
B0CMV4PWG5,2025-04-14
B0CMV4PWG5,2025-04-21
B0CMV4PWG5,2025-04-28
B0CMV4PWG5,2025-05-05
B0CMV4PWG5,2025-05-12
B0CMV4PWG5,2025-05-19
B0CMV4PWG5,2025-05-26
B0CMV4PWG5,2025-06-02
B0CMV4PWG5,2025-06-09
B0CMV4PWG5,2025-06-16
B0CMV4PWG5,2025-06-23
B0CMV4PWG5,2025-06-30
B0CMV4PWG5,2025-07-07
B0CMV4PWG5,2025-07-14
B0CMV4PWG5,2025-07-21
B0CMV4PWG5,2025-07-28
B0CMV4PWG5,2025-08-04
B0CMV4PWG5,2025-08-11
B0CMV4PWG5,2025-08-18
B0CMV4PWG5,2025-08-25
B0CMV4PWG5,2025-09-01
B0CMV4PWG5,2025-09-08
B0CMV4PWG5,2025-09-15
B0CMV4PWG5,2025-09-22
B0CMV4PWG5,2025-09-29
B0CMV4PWG5,2025-10-06
B0CMV4PWG5,2025-10-13
B0CMV4PWG5,2025-10-20
B0CMV4PWG5,2025-10-27
B0CMV4PWG5,2025-11-03
B0CMV4PWG5,2025-11-10
B0CMV4PWG5,2025-11-17
B0CMV4PWG5,2025-11-24
B0CMV4PWG5,2025-12-01
B0CMV4PWG5,2025-12-08
B0CMV4PWG5,2025-12-15
B0CMV4PWG5,2025-12-22
B0CMV4PWG5,2025-12-29
B0CMV4PWG5,2026-01-05
B0CMV4PWG5,2026-01-12
B0CMV4PWG5,2026-01-19
B0CMV4PWG5,2026-01-26
B0CMV4PWG5,2026-02-02
B0CMV4PWG5,2026-02-09
B0CMV4PWG5,2026-02-16
B0CMV4PWG5,2026-02-23
B0CMV4PWG5,2026-03-02
B0CMV4PWG5,2026-03-09
B0CMV4PWG5,2026-03-16
B0CMV4PWG5,2026-03-23
B0CMV4PWG5,2026-03-30
B0CMV4PWG5,2025-03-03
B0CMV4PWG5,2025-03-10
B0CMV4PWG5,2025-03-17
B0CMV4PWG5,2025-03-24
B0CMV4PWG5,2025-03-31
B0CMV4PWG5,2025-04-07
B0CMV4PWG5,2025-04-14
B0CMV4PWG5,2025-04-21
B0CMV4PWG5,2025-04-28
B0CMV4PWG5,2025-05-05
B0CMV4PWG5,2025-05-12
B0CMV4PWG5,2025-05-19
B0CMV4PWG5,2025-05-26
B0CMV4PWG5,2025-06-02
B0CMV4PWG5,2025-06-09
B0CMV4PWG5,2025-06-16
B0CMV4PWG5,2025-06-23
B0CMV4PWG5,2025-06-30
B0CMV4PWG5,2025-07-07
B0CMV4PWG5,2025-07-14
B0CMV4PWG5,2025-07-21
B0CMV4PWG5,2025-07-28
B0CMV4PWG5,2025-08-04
B0CMV4PWG5,2025-08-11
B0CMV4PWG5,2025-08-18
B0CMV4PWG5,2025-08-25
B0CMV4PWG5,2025-09-01
B0CMV4PWG5,2025-09-08
B0CMV4PWG5,2025-09-15
B0CMV4PWG5,2025-09-22
B0CMV4PWG5,2025-09-29
B0CMV4PWG5,2025-10-06
B0CMV4PWG5,2025-10-13
B0CMV4PWG5,2025-10-20
B0CMV4PWG5,2025-10-27
B0CMV4PWG5,2025-11-03
B0CMV4PWG5,2025-11-10
B0CMV4PWG5,2025-11-17
B0CMV4PWG5,2025-11-24
B0CMV4PWG5,2025-12-01
B0CMV4PWG5,2025-12-08
B0CMV4PWG5,2025-12-15
B0CMV4PWG5,2025-12-22
B0CMV4PWG5,2025-12-29
B0CMV4PWG5,2026-01-05
B0CMV4PWG5,2026-01-12
B0CMV4PWG5,2026-01-19
B0CMV4PWG5,2026-01-26
B0CMV4PWG5,2026-02-02
B0CMV4PWG5,2026-02-09
B0CMV4PWG5,2026-02-16
B0CMV4PWG5,2026-02-23
B0CMV4PWG5,2026-03-02
B0CMV4PWG5,2026-03-09
B0CMV4PWG5,2026-03-16
B0CMV4PWG5,2026-03-23
B0CMV4PWG5,2026-03-30
B0CMV6GGQ7,2025-03-03
B0CMV6GGQ7,2025-03-10
B0CMV6GGQ7,2025-03-17
B0CMV6GGQ7,2025-03-24
B0CMV6GGQ7,2025-03-31
B0CMV6GGQ7,2025-04-07
B0CMV6GGQ7,2025-04-14
B0CMV6GGQ7,2025-04-21
B0CMV6GGQ7,2025-04-28
B0CMV6GGQ7,2025-05-05
B0CMV6GGQ7,2025-05-12
B0CMV6GGQ7,2025-05-19
B0CMV6GGQ7,2025-05-26
B0CMV6GGQ7,2025-06-02
B0CMV6GGQ7,2025-06-09
B0CMV6GGQ7,2025-06-16
B0CMV6GGQ7,2025-06-23
B0CMV6GGQ7,2025-06-30
B0CMV6GGQ7,2025-07-07
B0CMV6GGQ7,2025-07-14
B0CMV6GGQ7,2025-07-21
B0CMV6GGQ7,2025-07-28
B0CMV6GGQ7,2025-08-04
B0CMV6GGQ7,2025-08-11
B0CMV6GGQ7,2025-08-18
B0CMV6GGQ7,2025-08-25
B0CMV6GGQ7,2025-09-01
B0CMV6GGQ7,2025-09-08
B0CMV6GGQ7,2025-09-15
B0CMV6GGQ7,2025-09-22
B0CMV6GGQ7,2025-09-29
B0CMV6GGQ7,2025-10-06
B0CMV6GGQ7,2025-10-13
B0CMV6GGQ7,2025-10-20
B0CMV6GGQ7,2025-10-27
B0CMV6GGQ7,2025-11-03
B0CMV6GGQ7,2025-11-10
B0CMV6GGQ7,2025-11-17
B0CMV6GGQ7,2025-11-24
B0CMV6GGQ7,2025-12-01
B0CMV6GGQ7,2025-12-08
B0CMV6GGQ7,2025-12-15
B0CMV6GGQ7,2025-12-22
B0CMV6GGQ7,2025-12-29
B0CMV6GGQ7,2026-01-05
B0CMV6GGQ7,2026-01-12
B0CMV6GGQ7,2026-01-19
B0CMV6GGQ7,2026-01-26
B0CMV6GGQ7,2026-02-02
B0CMV6GGQ7,2026-02-09
B0CMV6GGQ7,2026-02-16
B0CMV6GGQ7,2026-02-23
B0CMV6GGQ7,2026-03-02
B0CMV6GGQ7,2026-03-09
B0CMV6GGQ7,2026-03-16
B0CMV6GGQ7,2026-03-23
B0CMV6GGQ7,2026-03-30
B0CMV6GGQ7,2025-03-03
B0CMV6GGQ7,2025-03-10
B0CMV6GGQ7,2025-03-17
B0CMV6GGQ7,2025-03-24
B0CMV6GGQ7,2025-03-31
B0CMV6GGQ7,2025-04-07
B0CMV6GGQ7,2025-04-14
B0CMV6GGQ7,2025-04-21
B0CMV6GGQ7,2025-04-28
B0CMV6GGQ7,2025-05-05
B0CMV6GGQ7,2025-05-12
B0CMV6GGQ7,2025-05-19
B0CMV6GGQ7,2025-05-26
B0CMV6GGQ7,2025-06-02
B0CMV6GGQ7,2025-06-09
B0CMV6GGQ7,2025-06-16
B0CMV6GGQ7,2025-06-23
B0CMV6GGQ7,2025-06-30
B0CMV6GGQ7,2025-07-07
B0CMV6GGQ7,2025-07-14
B0CMV6GGQ7,2025-07-21
B0CMV6GGQ7,2025-07-28
B0CMV6GGQ7,2025-08-04
B0CMV6GGQ7,2025-08-11
B0CMV6GGQ7,2025-08-18
B0CMV6GGQ7,2025-08-25
B0CMV6GGQ7,2025-09-01
B0CMV6GGQ7,2025-09-08
B0CMV6GGQ7,2025-09-15
B0CMV6GGQ7,2025-09-22
B0CMV6GGQ7,2025-09-29
B0CMV6GGQ7,2025-10-06
B0CMV6GGQ7,2025-10-13
B0CMV6GGQ7,2025-10-20
B0CMV6GGQ7,2025-10-27
B0CMV6GGQ7,2025-11-03
B0CMV6GGQ7,2025-11-10
B0CMV6GGQ7,2025-11-17
B0CMV6GGQ7,2025-11-24
B0CMV6GGQ7,2025-12-01
B0CMV6GGQ7,2025-12-08
B0CMV6GGQ7,2025-12-15
B0CMV6GGQ7,2025-12-22
B0CMV6GGQ7,2025-12-29
B0CMV6GGQ7,2026-01-05
B0CMV6GGQ7,2026-01-12
B0CMV6GGQ7,2026-01-19
B0CMV6GGQ7,2026-01-26
B0CMV6GGQ7,2026-02-02
B0CMV6GGQ7,2026-02-09
B0CMV6GGQ7,2026-02-16
B0CMV6GGQ7,2026-02-23
B0CMV6GGQ7,2026-03-02
B0CMV6GGQ7,2026-03-09
B0CMV6GGQ7,2026-03-16
B0CMV6GGQ7,2026-03-23
B0CMV6GGQ7,2026-03-30
B0CMV6NJS5,2025-03-03
B0CMV6NJS5,2025-03-10
B0CMV6NJS5,2025-03-17
B0CMV6NJS5,2025-03-24
B0CMV6NJS5,2025-03-31
B0CMV6NJS5,2025-04-07
B0CMV6NJS5,2025-04-14
B0CMV6NJS5,2025-04-21
B0CMV6NJS5,2025-04-28
B0CMV6NJS5,2025-05-05
B0CMV6NJS5,2025-05-12
B0CMV6NJS5,2025-05-19
B0CMV6NJS5,2025-05-26
B0CMV6NJS5,2025-06-02
B0CMV6NJS5,2025-06-09
B0CMV6NJS5,2025-06-16
B0CMV6NJS5,2025-06-23
B0CMV6NJS5,2025-06-30
B0CMV6NJS5,2025-07-07
B0CMV6NJS5,2025-07-14
B0CMV6NJS5,2025-07-21
B0CMV6NJS5,2025-07-28
B0CMV6NJS5,2025-08-04
B0CMV6NJS5,2025-08-11
B0CMV6NJS5,2025-08-18
B0CMV6NJS5,2025-08-25
B0CMV6NJS5,2025-09-01
B0CMV6NJS5,2025-09-08
B0CMV6NJS5,2025-09-15
B0CMV6NJS5,2025-09-22
B0CMV6NJS5,2025-09-29
B0CMV6NJS5,2025-10-06
B0CMV6NJS5,2025-10-13
B0CMV6NJS5,2025-10-20
B0CMV6NJS5,2025-10-27
B0CMV6NJS5,2025-11-03
B0CMV6NJS5,2025-11-10
B0CMV6NJS5,2025-11-17
B0CMV6NJS5,2025-11-24
B0CMV6NJS5,2025-12-01
B0CMV6NJS5,2025-12-08
B0CMV6NJS5,2025-12-15
B0CMV6NJS5,2025-12-22
B0CMV6NJS5,2025-12-29
B0CMV6NJS5,2026-01-05
B0CMV6NJS5,2026-01-12
B0CMV6NJS5,2026-01-19
B0CMV6NJS5,2026-01-26
B0CMV6NJS5,2026-02-02
B0CMV6NJS5,2026-02-09
B0CMV6NJS5,2026-02-16
B0CMV6NJS5,2026-02-23
B0CMV6NJS5,2026-03-02
B0CMV6NJS5,2026-03-09
B0CMV6NJS5,2026-03-16
B0CMV6NJS5,2026-03-23
B0CMV6NJS5,2026-03-30
B0CMV6NJS5,2025-03-03
B0CMV6NJS5,2025-03-10
B0CMV6NJS5,2025-03-17
B0CMV6NJS5,2025-03-24
B0CMV6NJS5,2025-03-31
B0CMV6NJS5,2025-04-07
B0CMV6NJS5,2025-04-14
B0CMV6NJS5,2025-04-21
B0CMV6NJS5,2025-04-28
B0CMV6NJS5,2025-05-05
B0CMV6NJS5,2025-05-12
B0CMV6NJS5,2025-05-19
B0CMV6NJS5,2025-05-26
B0CMV6NJS5,2025-06-02
B0CMV6NJS5,2025-06-09
B0CMV6NJS5,2025-06-16
B0CMV6NJS5,2025-06-23
B0CMV6NJS5,2025-06-30
B0CMV6NJS5,2025-07-07
B0CMV6NJS5,2025-07-14
B0CMV6NJS5,2025-07-21
B0CMV6NJS5,2025-07-28
B0CMV6NJS5,2025-08-04
B0CMV6NJS5,2025-08-11
B0CMV6NJS5,2025-08-18
B0CMV6NJS5,2025-08-25
B0CMV6NJS5,2025-09-01
B0CMV6NJS5,2025-09-08
B0CMV6NJS5,2025-09-15
B0CMV6NJS5,2025-09-22
B0CMV6NJS5,2025-09-29
B0CMV6NJS5,2025-10-06
B0CMV6NJS5,2025-10-13
B0CMV6NJS5,2025-10-20
B0CMV6NJS5,2025-10-27
B0CMV6NJS5,2025-11-03
B0CMV6NJS5,2025-11-10
B0CMV6NJS5,2025-11-17
B0CMV6NJS5,2025-11-24
B0CMV6NJS5,2025-12-01
B0CMV6NJS5,2025-12-08
B0CMV6NJS5,2025-12-15
B0CMV6NJS5,2025-12-22
B0CMV6NJS5,2025-12-29
B0CMV6NJS5,2026-01-05
B0CMV6NJS5,2026-01-12
B0CMV6NJS5,2026-01-19
B0CMV6NJS5,2026-01-26
B0CMV6NJS5,2026-02-02
B0CMV6NJS5,2026-02-09
B0CMV6NJS5,2026-02-16
B0CMV6NJS5,2026-02-23
B0CMV6NJS5,2026-03-02
B0CMV6NJS5,2026-03-09
B0CMV6NJS5,2026-03-16
B0CMV6NJS5,2026-03-23
B0CMV6NJS5,2026-03-30
B0CMV721KD,2025-03-03
B0CMV721KD,2025-03-10
B0CMV721KD,2025-03-17
B0CMV721KD,2025-03-24
B0CMV721KD,2025-03-31
B0CMV721KD,2025-04-07
B0CMV721KD,2025-04-14
B0CMV721KD,2025-04-21
B0CMV721KD,2025-04-28
B0CMV721KD,2025-05-05
B0CMV721KD,2025-05-12
B0CMV721KD,2025-05-19
B0CMV721KD,2025-05-26
B0CMV721KD,2025-06-02
B0CMV721KD,2025-06-09
B0CMV721KD,2025-06-16
B0CMV721KD,2025-06-23
B0CMV721KD,2025-06-30
B0CMV721KD,2025-07-07
B0CMV721KD,2025-07-14
B0CMV721KD,2025-07-21
B0CMV721KD,2025-07-28
B0CMV721KD,2025-08-04
B0CMV721KD,2025-08-11
B0CMV721KD,2025-08-18
B0CMV721KD,2025-08-25
B0CMV721KD,2025-09-01
B0CMV721KD,2025-09-08
B0CMV721KD,2025-09-15
B0CMV721KD,2025-09-22
B0CMV721KD,2025-09-29
B0CMV721KD,2025-10-06
B0CMV721KD,2025-10-13
B0CMV721KD,2025-10-20
B0CMV721KD,2025-10-27
B0CMV721KD,2025-11-03
B0CMV721KD,2025-11-10
B0CMV721KD,2025-11-17
B0CMV721KD,2025-11-24
B0CMV721KD,2025-12-01
B0CMV721KD,2025-12-08
B0CMV721KD,2025-12-15
B0CMV721KD,2025-12-22
B0CMV721KD,2025-12-29
B0CMV721KD,2026-01-05
B0CMV721KD,2026-01-12
B0CMV721KD,2026-01-19
B0CMV721KD,2026-01-26
B0CMV721KD,2026-02-02
B0CMV721KD,2026-02-09
B0CMV721KD,2026-02-16
B0CMV721KD,2026-02-23
B0CMV721KD,2026-03-02
B0CMV721KD,2026-03-09
B0CMV721KD,2026-03-16
B0CMV721KD,2026-03-23
B0CMV721KD,2026-03-30
B0CMV721KD,2025-03-03
B0CMV721KD,2025-03-10
B0CMV721KD,2025-03-17
B0CMV721KD,2025-03-24
B0CMV721KD,2025-03-31
B0CMV721KD,2025-04-07
B0CMV721KD,2025-04-14
B0CMV721KD,2025-04-21
B0CMV721KD,2025-04-28
B0CMV721KD,2025-05-05
B0CMV721KD,2025-05-12
B0CMV721KD,2025-05-19
B0CMV721KD,2025-05-26
B0CMV721KD,2025-06-02
B0CMV721KD,2025-06-09
B0CMV721KD,2025-06-16
B0CMV721KD,2025-06-23
B0CMV721KD,2025-06-30
B0CMV721KD,2025-07-07
B0CMV721KD,2025-07-14
B0CMV721KD,2025-07-21
B0CMV721KD,2025-07-28
B0CMV721KD,2025-08-04
B0CMV721KD,2025-08-11
B0CMV721KD,2025-08-18
B0CMV721KD,2025-08-25
B0CMV721KD,2025-09-01
B0CMV721KD,2025-09-08
B0CMV721KD,2025-09-15
B0CMV721KD,2025-09-22
B0CMV721KD,2025-09-29
B0CMV721KD,2025-10-06
B0CMV721KD,2025-10-13
B0CMV721KD,2025-10-20
B0CMV721KD,2025-10-27
B0CMV721KD,2025-11-03
B0CMV721KD,2025-11-10
B0CMV721KD,2025-11-17
B0CMV721KD,2025-11-24
B0CMV721KD,2025-12-01
B0CMV721KD,2025-12-08
B0CMV721KD,2025-12-15
B0CMV721KD,2025-12-22
B0CMV721KD,2025-12-29
B0CMV721KD,2026-01-05
B0CMV721KD,2026-01-12
B0CMV721KD,2026-01-19
B0CMV721KD,2026-01-26
B0CMV721KD,2026-02-02
B0CMV721KD,2026-02-09
B0CMV721KD,2026-02-16
B0CMV721KD,2026-02-23
B0CMV721KD,2026-03-02
B0CMV721KD,2026-03-09
B0CMV721KD,2026-03-16
B0CMV721KD,2026-03-23
B0CMV721KD,2026-03-30
B0CMXS85HM,2025-03-03
B0CMXS85HM,2025-03-10
B0CMXS85HM,2025-03-17
B0CMXS85HM,2025-03-24
B0CMXS85HM,2025-03-31
B0CMXS85HM,2025-04-07
B0CMXS85HM,2025-04-14
B0CMXS85HM,2025-04-21
B0CMXS85HM,2025-04-28
B0CMXS85HM,2025-05-05
B0CMXS85HM,2025-05-12
B0CMXS85HM,2025-05-19
B0CMXS85HM,2025-05-26
B0CMXS85HM,2025-06-02
B0CMXS85HM,2025-06-09
B0CMXS85HM,2025-06-16
B0CMXS85HM,2025-06-23
B0CMXS85HM,2025-06-30
B0CMXS85HM,2025-07-07
B0CMXS85HM,2025-07-14
B0CMXS85HM,2025-07-21
B0CMXS85HM,2025-07-28
B0CMXS85HM,2025-08-04
B0CMXS85HM,2025-08-11
B0CMXS85HM,2025-08-18
B0CMXS85HM,2025-08-25
B0CMXS85HM,2025-09-01
B0CMXS85HM,2025-09-08
B0CMXS85HM,2025-09-15
B0CMXS85HM,2025-09-22
B0CMXS85HM,2025-09-29
B0CMXS85HM,2025-10-06
B0CMXS85HM,2025-10-13
B0CMXS85HM,2025-10-20
B0CMXS85HM,2025-10-27
B0CMXS85HM,2025-11-03
B0CMXS85HM,2025-11-10
B0CMXS85HM,2025-11-17
B0CMXS85HM,2025-11-24
B0CMXS85HM,2025-12-01
B0CMXS85HM,2025-12-08
B0CMXS85HM,2025-12-15
B0CMXS85HM,2025-12-22
B0CMXS85HM,2025-12-29
B0CMXS85HM,2026-01-05
B0CMXS85HM,2026-01-12
B0CMXS85HM,2026-01-19
B0CMXS85HM,2026-01-26
B0CMXS85HM,2026-02-02
B0CMXS85HM,2026-02-09
B0CMXS85HM,2026-02-16
B0CMXS85HM,2026-02-23
B0CMXS85HM,2026-03-02
B0CMXS85HM,2026-03-09
B0CMXS85HM,2026-03-16
B0CMXS85HM,2026-03-23
B0CMXS85HM,2026-03-30
B0CMXS85HM,2025-03-03
B0CMXS85HM,2025-03-10
B0CMXS85HM,2025-03-17
B0CMXS85HM,2025-03-24
B0CMXS85HM,2025-03-31
B0CMXS85HM,2025-04-07
B0CMXS85HM,2025-04-14
B0CMXS85HM,2025-04-21
B0CMXS85HM,2025-04-28
B0CMXS85HM,2025-05-05
B0CMXS85HM,2025-05-12
B0CMXS85HM,2025-05-19
B0CMXS85HM,2025-05-26
B0CMXS85HM,2025-06-02
B0CMXS85HM,2025-06-09
B0CMXS85HM,2025-06-16
B0CMXS85HM,2025-06-23
B0CMXS85HM,2025-06-30
B0CMXS85HM,2025-07-07
B0CMXS85HM,2025-07-14
B0CMXS85HM,2025-07-21
B0CMXS85HM,2025-07-28
B0CMXS85HM,2025-08-04
B0CMXS85HM,2025-08-11
B0CMXS85HM,2025-08-18
B0CMXS85HM,2025-08-25
B0CMXS85HM,2025-09-01
B0CMXS85HM,2025-09-08
B0CMXS85HM,2025-09-15
B0CMXS85HM,2025-09-22
B0CMXS85HM,2025-09-29
B0CMXS85HM,2025-10-06
B0CMXS85HM,2025-10-13
B0CMXS85HM,2025-10-20
B0CMXS85HM,2025-10-27
B0CMXS85HM,2025-11-03
B0CMXS85HM,2025-11-10
B0CMXS85HM,2025-11-17
B0CMXS85HM,2025-11-24
B0CMXS85HM,2025-12-01
B0CMXS85HM,2025-12-08
B0CMXS85HM,2025-12-15
B0CMXS85HM,2025-12-22
B0CMXS85HM,2025-12-29
B0CMXS85HM,2026-01-05
B0CMXS85HM,2026-01-12
B0CMXS85HM,2026-01-19
B0CMXS85HM,2026-01-26
B0CMXS85HM,2026-02-02
B0CMXS85HM,2026-02-09
B0CMXS85HM,2026-02-16
B0CMXS85HM,2026-02-23
B0CMXS85HM,2026-03-02
B0CMXS85HM,2026-03-09
B0CMXS85HM,2026-03-16
B0CMXS85HM,2026-03-23
B0CMXS85HM,2026-03-30
B0CMXSTJJL,2025-03-03
B0CMXSTJJL,2025-03-10
B0CMXSTJJL,2025-03-17
B0CMXSTJJL,2025-03-24
B0CMXSTJJL,2025-03-31
B0CMXSTJJL,2025-04-07
B0CMXSTJJL,2025-04-14
B0CMXSTJJL,2025-04-21
B0CMXSTJJL,2025-04-28
B0CMXSTJJL,2025-05-05
B0CMXSTJJL,2025-05-12
B0CMXSTJJL,2025-05-19
B0CMXSTJJL,2025-05-26
B0CMXSTJJL,2025-06-02
B0CMXSTJJL,2025-06-09
B0CMXSTJJL,2025-06-16
B0CMXSTJJL,2025-06-23
B0CMXSTJJL,2025-06-30
B0CMXSTJJL,2025-07-07
B0CMXSTJJL,2025-07-14
B0CMXSTJJL,2025-07-21
B0CMXSTJJL,2025-07-28
B0CMXSTJJL,2025-08-04
B0CMXSTJJL,2025-08-11
B0CMXSTJJL,2025-08-18
B0CMXSTJJL,2025-08-25
B0CMXSTJJL,2025-09-01
B0CMXSTJJL,2025-09-08
B0CMXSTJJL,2025-09-15
B0CMXSTJJL,2025-09-22
B0CMXSTJJL,2025-09-29
B0CMXSTJJL,2025-10-06
B0CMXSTJJL,2025-10-13
B0CMXSTJJL,2025-10-20
B0CMXSTJJL,2025-10-27
B0CMXSTJJL,2025-11-03
B0CMXSTJJL,2025-11-10
B0CMXSTJJL,2025-11-17
B0CMXSTJJL,2025-11-24
B0CMXSTJJL,2025-12-01
B0CMXSTJJL,2025-12-08
B0CMXSTJJL,2025-12-15
B0CMXSTJJL,2025-12-22
B0CMXSTJJL,2025-12-29
B0CMXSTJJL,2026-01-05
B0CMXSTJJL,2026-01-12
B0CMXSTJJL,2026-01-19
B0CMXSTJJL,2026-01-26
B0CMXSTJJL,2026-02-02
B0CMXSTJJL,2026-02-09
B0CMXSTJJL,2026-02-16
B0CMXSTJJL,2026-02-23
B0CMXSTJJL,2026-03-02
B0CMXSTJJL,2026-03-09
B0CMXSTJJL,2026-03-16
B0CMXSTJJL,2026-03-23
B0CMXSTJJL,2026-03-30
B0CMXSTJJL,2025-03-03
B0CMXSTJJL,2025-03-10
B0CMXSTJJL,2025-03-17
B0CMXSTJJL,2025-03-24
B0CMXSTJJL,2025-03-31
B0CMXSTJJL,2025-04-07
B0CMXSTJJL,2025-04-14
B0CMXSTJJL,2025-04-21
B0CMXSTJJL,2025-04-28
B0CMXSTJJL,2025-05-05
B0CMXSTJJL,2025-05-12
B0CMXSTJJL,2025-05-19
B0CMXSTJJL,2025-05-26
B0CMXSTJJL,2025-06-02
B0CMXSTJJL,2025-06-09
B0CMXSTJJL,2025-06-16
B0CMXSTJJL,2025-06-23
B0CMXSTJJL,2025-06-30
B0CMXSTJJL,2025-07-07
B0CMXSTJJL,2025-07-14
B0CMXSTJJL,2025-07-21
B0CMXSTJJL,2025-07-28
B0CMXSTJJL,2025-08-04
B0CMXSTJJL,2025-08-11
B0CMXSTJJL,2025-08-18
B0CMXSTJJL,2025-08-25
B0CMXSTJJL,2025-09-01
B0CMXSTJJL,2025-09-08
B0CMXSTJJL,2025-09-15
B0CMXSTJJL,2025-09-22
B0CMXSTJJL,2025-09-29
B0CMXSTJJL,2025-10-06
B0CMXSTJJL,2025-10-13
B0CMXSTJJL,2025-10-20
B0CMXSTJJL,2025-10-27
B0CMXSTJJL,2025-11-03
B0CMXSTJJL,2025-11-10
B0CMXSTJJL,2025-11-17
B0CMXSTJJL,2025-11-24
B0CMXSTJJL,2025-12-01
B0CMXSTJJL,2025-12-08
B0CMXSTJJL,2025-12-15
B0CMXSTJJL,2025-12-22
B0CMXSTJJL,2025-12-29
B0CMXSTJJL,2026-01-05
B0CMXSTJJL,2026-01-12
B0CMXSTJJL,2026-01-19
B0CMXSTJJL,2026-01-26
B0CMXSTJJL,2026-02-02
B0CMXSTJJL,2026-02-09
B0CMXSTJJL,2026-02-16
B0CMXSTJJL,2026-02-23
B0CMXSTJJL,2026-03-02
B0CMXSTJJL,2026-03-09
B0CMXSTJJL,2026-03-16
B0CMXSTJJL,2026-03-23
B0CMXSTJJL,2026-03-30
B0CMXT7GP4,2025-03-03
B0CMXT7GP4,2025-03-10
B0CMXT7GP4,2025-03-17
B0CMXT7GP4,2025-03-24
B0CMXT7GP4,2025-03-31
B0CMXT7GP4,2025-04-07
B0CMXT7GP4,2025-04-14
B0CMXT7GP4,2025-04-21
B0CMXT7GP4,2025-04-28
B0CMXT7GP4,2025-05-05
B0CMXT7GP4,2025-05-12
B0CMXT7GP4,2025-05-19
B0CMXT7GP4,2025-05-26
B0CMXT7GP4,2025-06-02
B0CMXT7GP4,2025-06-09
B0CMXT7GP4,2025-06-16
B0CMXT7GP4,2025-06-23
B0CMXT7GP4,2025-06-30
B0CMXT7GP4,2025-07-07
B0CMXT7GP4,2025-07-14
B0CMXT7GP4,2025-07-21
B0CMXT7GP4,2025-07-28
B0CMXT7GP4,2025-08-04
B0CMXT7GP4,2025-08-11
B0CMXT7GP4,2025-08-18
B0CMXT7GP4,2025-08-25
B0CMXT7GP4,2025-09-01
B0CMXT7GP4,2025-09-08
B0CMXT7GP4,2025-09-15
B0CMXT7GP4,2025-09-22
B0CMXT7GP4,2025-09-29
B0CMXT7GP4,2025-10-06
B0CMXT7GP4,2025-10-13
B0CMXT7GP4,2025-10-20
B0CMXT7GP4,2025-10-27
B0CMXT7GP4,2025-11-03
B0CMXT7GP4,2025-11-10
B0CMXT7GP4,2025-11-17
B0CMXT7GP4,2025-11-24
B0CMXT7GP4,2025-12-01
B0CMXT7GP4,2025-12-08
B0CMXT7GP4,2025-12-15
B0CMXT7GP4,2025-12-22
B0CMXT7GP4,2025-12-29
B0CMXT7GP4,2026-01-05
B0CMXT7GP4,2026-01-12
B0CMXT7GP4,2026-01-19
B0CMXT7GP4,2026-01-26
B0CMXT7GP4,2026-02-02
B0CMXT7GP4,2026-02-09
B0CMXT7GP4,2026-02-16
B0CMXT7GP4,2026-02-23
B0CMXT7GP4,2026-03-02
B0CMXT7GP4,2026-03-09
B0CMXT7GP4,2026-03-16
B0CMXT7GP4,2026-03-23
B0CMXT7GP4,2026-03-30
B0CMXT7GP4,2025-03-03
B0CMXT7GP4,2025-03-10
B0CMXT7GP4,2025-03-17
B0CMXT7GP4,2025-03-24
B0CMXT7GP4,2025-03-31
B0CMXT7GP4,2025-04-07
B0CMXT7GP4,2025-04-14
B0CMXT7GP4,2025-04-21
B0CMXT7GP4,2025-04-28
B0CMXT7GP4,2025-05-05
B0CMXT7GP4,2025-05-12
B0CMXT7GP4,2025-05-19
B0CMXT7GP4,2025-05-26
B0CMXT7GP4,2025-06-02
B0CMXT7GP4,2025-06-09
B0CMXT7GP4,2025-06-16
B0CMXT7GP4,2025-06-23
B0CMXT7GP4,2025-06-30
B0CMXT7GP4,2025-07-07
B0CMXT7GP4,2025-07-14
B0CMXT7GP4,2025-07-21
B0CMXT7GP4,2025-07-28
B0CMXT7GP4,2025-08-04
B0CMXT7GP4,2025-08-11
B0CMXT7GP4,2025-08-18
B0CMXT7GP4,2025-08-25
B0CMXT7GP4,2025-09-01
B0CMXT7GP4,2025-09-08
B0CMXT7GP4,2025-09-15
B0CMXT7GP4,2025-09-22
B0CMXT7GP4,2025-09-29
B0CMXT7GP4,2025-10-06
B0CMXT7GP4,2025-10-13
B0CMXT7GP4,2025-10-20
B0CMXT7GP4,2025-10-27
B0CMXT7GP4,2025-11-03
B0CMXT7GP4,2025-11-10
B0CMXT7GP4,2025-11-17
B0CMXT7GP4,2025-11-24
B0CMXT7GP4,2025-12-01
B0CMXT7GP4,2025-12-08
B0CMXT7GP4,2025-12-15
B0CMXT7GP4,2025-12-22
B0CMXT7GP4,2025-12-29
B0CMXT7GP4,2026-01-05
B0CMXT7GP4,2026-01-12
B0CMXT7GP4,2026-01-19
B0CMXT7GP4,2026-01-26
B0CMXT7GP4,2026-02-02
B0CMXT7GP4,2026-02-09
B0CMXT7GP4,2026-02-16
B0CMXT7GP4,2026-02-23
B0CMXT7GP4,2026-03-02
B0CMXT7GP4,2026-03-09
B0CMXT7GP4,2026-03-16
B0CMXT7GP4,2026-03-23
B0CMXT7GP4,2026-03-30
B0CMXVSLN2,2025-03-03
B0CMXVSLN2,2025-03-10
B0CMXVSLN2,2025-03-17
B0CMXVSLN2,2025-03-24
B0CMXVSLN2,2025-03-31
B0CMXVSLN2,2025-04-07
B0CMXVSLN2,2025-04-14
B0CMXVSLN2,2025-04-21
B0CMXVSLN2,2025-04-28
B0CMXVSLN2,2025-05-05
B0CMXVSLN2,2025-05-12
B0CMXVSLN2,2025-05-19
B0CMXVSLN2,2025-05-26
B0CMXVSLN2,2025-06-02
B0CMXVSLN2,2025-06-09
B0CMXVSLN2,2025-06-16
B0CMXVSLN2,2025-06-23
B0CMXVSLN2,2025-06-30
B0CMXVSLN2,2025-07-07
B0CMXVSLN2,2025-07-14
B0CMXVSLN2,2025-07-21
B0CMXVSLN2,2025-07-28
B0CMXVSLN2,2025-08-04
B0CMXVSLN2,2025-08-11
B0CMXVSLN2,2025-08-18
B0CMXVSLN2,2025-08-25
B0CMXVSLN2,2025-09-01
B0CMXVSLN2,2025-09-08
B0CMXVSLN2,2025-09-15
B0CMXVSLN2,2025-09-22
B0CMXVSLN2,2025-09-29
B0CMXVSLN2,2025-10-06
B0CMXVSLN2,2025-10-13
B0CMXVSLN2,2025-10-20
B0CMXVSLN2,2025-10-27
B0CMXVSLN2,2025-11-03
B0CMXVSLN2,2025-11-10
B0CMXVSLN2,2025-11-17
B0CMXVSLN2,2025-11-24
B0CMXVSLN2,2025-12-01
B0CMXVSLN2,2025-12-08
B0CMXVSLN2,2025-12-15
B0CMXVSLN2,2025-12-22
B0CMXVSLN2,2025-12-29
B0CMXVSLN2,2026-01-05
B0CMXVSLN2,2026-01-12
B0CMXVSLN2,2026-01-19
B0CMXVSLN2,2026-01-26
B0CMXVSLN2,2026-02-02
B0CMXVSLN2,2026-02-09
B0CMXVSLN2,2026-02-16
B0CMXVSLN2,2026-02-23
B0CMXVSLN2,2026-03-02
B0CMXVSLN2,2026-03-09
B0CMXVSLN2,2026-03-16
B0CMXVSLN2,2026-03-23
B0CMXVSLN2,2026-03-30
B0CMXVSLN2,2025-03-03
B0CMXVSLN2,2025-03-10
B0CMXVSLN2,2025-03-17
B0CMXVSLN2,2025-03-24
B0CMXVSLN2,2025-03-31
B0CMXVSLN2,2025-04-07
B0CMXVSLN2,2025-04-14
B0CMXVSLN2,2025-04-21
B0CMXVSLN2,2025-04-28
B0CMXVSLN2,2025-05-05
B0CMXVSLN2,2025-05-12
B0CMXVSLN2,2025-05-19
B0CMXVSLN2,2025-05-26
B0CMXVSLN2,2025-06-02
B0CMXVSLN2,2025-06-09
B0CMXVSLN2,2025-06-16
B0CMXVSLN2,2025-06-23
B0CMXVSLN2,2025-06-30
B0CMXVSLN2,2025-07-07
B0CMXVSLN2,2025-07-14
B0CMXVSLN2,2025-07-21
B0CMXVSLN2,2025-07-28
B0CMXVSLN2,2025-08-04
B0CMXVSLN2,2025-08-11
B0CMXVSLN2,2025-08-18
B0CMXVSLN2,2025-08-25
B0CMXVSLN2,2025-09-01
B0CMXVSLN2,2025-09-08
B0CMXVSLN2,2025-09-15
B0CMXVSLN2,2025-09-22
B0CMXVSLN2,2025-09-29
B0CMXVSLN2,2025-10-06
B0CMXVSLN2,2025-10-13
B0CMXVSLN2,2025-10-20
B0CMXVSLN2,2025-10-27
B0CMXVSLN2,2025-11-03
B0CMXVSLN2,2025-11-10
B0CMXVSLN2,2025-11-17
B0CMXVSLN2,2025-11-24
B0CMXVSLN2,2025-12-01
B0CMXVSLN2,2025-12-08
B0CMXVSLN2,2025-12-15
B0CMXVSLN2,2025-12-22
B0CMXVSLN2,2025-12-29
B0CMXVSLN2,2026-01-05
B0CMXVSLN2,2026-01-12
B0CMXVSLN2,2026-01-19
B0CMXVSLN2,2026-01-26
B0CMXVSLN2,2026-02-02
B0CMXVSLN2,2026-02-09
B0CMXVSLN2,2026-02-16
B0CMXVSLN2,2026-02-23
B0CMXVSLN2,2026-03-02
B0CMXVSLN2,2026-03-09
B0CMXVSLN2,2026-03-16
B0CMXVSLN2,2026-03-23
B0CMXVSLN2,2026-03-30
B0CN342KCR,2025-03-03
B0CN342KCR,2025-03-10
B0CN342KCR,2025-03-17
B0CN342KCR,2025-03-24
B0CN342KCR,2025-03-31
B0CN342KCR,2025-04-07
B0CN342KCR,2025-04-14
B0CN342KCR,2025-04-21
B0CN342KCR,2025-04-28
B0CN342KCR,2025-05-05
B0CN342KCR,2025-05-12
B0CN342KCR,2025-05-19
B0CN342KCR,2025-05-26
B0CN342KCR,2025-06-02
B0CN342KCR,2025-06-09
B0CN342KCR,2025-06-16
B0CN342KCR,2025-06-23
B0CN342KCR,2025-06-30
B0CN342KCR,2025-07-07
B0CN342KCR,2025-07-14
B0CN342KCR,2025-07-21
B0CN342KCR,2025-07-28
B0CN342KCR,2025-08-04
B0CN342KCR,2025-08-11
B0CN342KCR,2025-08-18
B0CN342KCR,2025-08-25
B0CN342KCR,2025-09-01
B0CN342KCR,2025-09-08
B0CN342KCR,2025-09-15
B0CN342KCR,2025-09-22
B0CN342KCR,2025-09-29
B0CN342KCR,2025-10-06
B0CN342KCR,2025-10-13
B0CN342KCR,2025-10-20
B0CN342KCR,2025-10-27
B0CN342KCR,2025-11-03
B0CN342KCR,2025-11-10
B0CN342KCR,2025-11-17
B0CN342KCR,2025-11-24
B0CN342KCR,2025-12-01
B0CN342KCR,2025-12-08
B0CN342KCR,2025-12-15
B0CN342KCR,2025-12-22
B0CN342KCR,2025-12-29
B0CN342KCR,2026-01-05
B0CN342KCR,2026-01-12
B0CN342KCR,2026-01-19
B0CN342KCR,2026-01-26
B0CN342KCR,2026-02-02
B0CN342KCR,2026-02-09
B0CN342KCR,2026-02-16
B0CN342KCR,2026-02-23
B0CN342KCR,2026-03-02
B0CN342KCR,2026-03-09
B0CN342KCR,2026-03-16
B0CN342KCR,2026-03-23
B0CN342KCR,2026-03-30
B0CN342KCR,2025-03-03
B0CN342KCR,2025-03-10
B0CN342KCR,2025-03-17
B0CN342KCR,2025-03-24
B0CN342KCR,2025-03-31
B0CN342KCR,2025-04-07
B0CN342KCR,2025-04-14
B0CN342KCR,2025-04-21
B0CN342KCR,2025-04-28
B0CN342KCR,2025-05-05
B0CN342KCR,2025-05-12
B0CN342KCR,2025-05-19
B0CN342KCR,2025-05-26
B0CN342KCR,2025-06-02
B0CN342KCR,2025-06-09
B0CN342KCR,2025-06-16
B0CN342KCR,2025-06-23
B0CN342KCR,2025-06-30
B0CN342KCR,2025-07-07
B0CN342KCR,2025-07-14
B0CN342KCR,2025-07-21
B0CN342KCR,2025-07-28
B0CN342KCR,2025-08-04
B0CN342KCR,2025-08-11
B0CN342KCR,2025-08-18
B0CN342KCR,2025-08-25
B0CN342KCR,2025-09-01
B0CN342KCR,2025-09-08
B0CN342KCR,2025-09-15
B0CN342KCR,2025-09-22
B0CN342KCR,2025-09-29
B0CN342KCR,2025-10-06
B0CN342KCR,2025-10-13
B0CN342KCR,2025-10-20
B0CN342KCR,2025-10-27
B0CN342KCR,2025-11-03
B0CN342KCR,2025-11-10
B0CN342KCR,2025-11-17
B0CN342KCR,2025-11-24
B0CN342KCR,2025-12-01
B0CN342KCR,2025-12-08
B0CN342KCR,2025-12-15
B0CN342KCR,2025-12-22
B0CN342KCR,2025-12-29
B0CN342KCR,2026-01-05
B0CN342KCR,2026-01-12
B0CN342KCR,2026-01-19
B0CN342KCR,2026-01-26
B0CN342KCR,2026-02-02
B0CN342KCR,2026-02-09
B0CN342KCR,2026-02-16
B0CN342KCR,2026-02-23
B0CN342KCR,2026-03-02
B0CN342KCR,2026-03-09
B0CN342KCR,2026-03-16
B0CN342KCR,2026-03-23
B0CN342KCR,2026-03-30
B0CN36MRD4,2025-03-03
B0CN36MRD4,2025-03-10
B0CN36MRD4,2025-03-17
B0CN36MRD4,2025-03-24
B0CN36MRD4,2025-03-31
B0CN36MRD4,2025-04-07
B0CN36MRD4,2025-04-14
B0CN36MRD4,2025-04-21
B0CN36MRD4,2025-04-28
B0CN36MRD4,2025-05-05
B0CN36MRD4,2025-05-12
B0CN36MRD4,2025-05-19
B0CN36MRD4,2025-05-26
B0CN36MRD4,2025-06-02
B0CN36MRD4,2025-06-09
B0CN36MRD4,2025-06-16
B0CN36MRD4,2025-06-23
B0CN36MRD4,2025-06-30
B0CN36MRD4,2025-07-07
B0CN36MRD4,2025-07-14
B0CN36MRD4,2025-07-21
B0CN36MRD4,2025-07-28
B0CN36MRD4,2025-08-04
B0CN36MRD4,2025-08-11
B0CN36MRD4,2025-08-18
B0CN36MRD4,2025-08-25
B0CN36MRD4,2025-09-01
B0CN36MRD4,2025-09-08
B0CN36MRD4,2025-09-15
B0CN36MRD4,2025-09-22
B0CN36MRD4,2025-09-29
B0CN36MRD4,2025-10-06
B0CN36MRD4,2025-10-13
B0CN36MRD4,2025-10-20
B0CN36MRD4,2025-10-27
B0CN36MRD4,2025-11-03
B0CN36MRD4,2025-11-10
B0CN36MRD4,2025-11-17
B0CN36MRD4,2025-11-24
B0CN36MRD4,2025-12-01
B0CN36MRD4,2025-12-08
B0CN36MRD4,2025-12-15
B0CN36MRD4,2025-12-22
B0CN36MRD4,2025-12-29
B0CN36MRD4,2026-01-05
B0CN36MRD4,2026-01-12
B0CN36MRD4,2026-01-19
B0CN36MRD4,2026-01-26
B0CN36MRD4,2026-02-02
B0CN36MRD4,2026-02-09
B0CN36MRD4,2026-02-16
B0CN36MRD4,2026-02-23
B0CN36MRD4,2026-03-02
B0CN36MRD4,2026-03-09
B0CN36MRD4,2026-03-16
B0CN36MRD4,2026-03-23
B0CN36MRD4,2026-03-30
B0CN36MRD4,2025-03-03
B0CN36MRD4,2025-03-10
B0CN36MRD4,2025-03-17
B0CN36MRD4,2025-03-24
B0CN36MRD4,2025-03-31
B0CN36MRD4,2025-04-07
B0CN36MRD4,2025-04-14
B0CN36MRD4,2025-04-21
B0CN36MRD4,2025-04-28
B0CN36MRD4,2025-05-05
B0CN36MRD4,2025-05-12
B0CN36MRD4,2025-05-19
B0CN36MRD4,2025-05-26
B0CN36MRD4,2025-06-02
B0CN36MRD4,2025-06-09
B0CN36MRD4,2025-06-16
B0CN36MRD4,2025-06-23
B0CN36MRD4,2025-06-30
B0CN36MRD4,2025-07-07
B0CN36MRD4,2025-07-14
B0CN36MRD4,2025-07-21
B0CN36MRD4,2025-07-28
B0CN36MRD4,2025-08-04
B0CN36MRD4,2025-08-11
B0CN36MRD4,2025-08-18
B0CN36MRD4,2025-08-25
B0CN36MRD4,2025-09-01
B0CN36MRD4,2025-09-08
B0CN36MRD4,2025-09-15
B0CN36MRD4,2025-09-22
B0CN36MRD4,2025-09-29
B0CN36MRD4,2025-10-06
B0CN36MRD4,2025-10-13
B0CN36MRD4,2025-10-20
B0CN36MRD4,2025-10-27
B0CN36MRD4,2025-11-03
B0CN36MRD4,2025-11-10
B0CN36MRD4,2025-11-17
B0CN36MRD4,2025-11-24
B0CN36MRD4,2025-12-01
B0CN36MRD4,2025-12-08
B0CN36MRD4,2025-12-15
B0CN36MRD4,2025-12-22
B0CN36MRD4,2025-12-29
B0CN36MRD4,2026-01-05
B0CN36MRD4,2026-01-12
B0CN36MRD4,2026-01-19
B0CN36MRD4,2026-01-26
B0CN36MRD4,2026-02-02
B0CN36MRD4,2026-02-09
B0CN36MRD4,2026-02-16
B0CN36MRD4,2026-02-23
B0CN36MRD4,2026-03-02
B0CN36MRD4,2026-03-09
B0CN36MRD4,2026-03-16
B0CN36MRD4,2026-03-23
B0CN36MRD4,2026-03-30
B0CP743CQ4,2025-03-03
B0CP743CQ4,2025-03-10
B0CP743CQ4,2025-03-17
B0CP743CQ4,2025-03-24
B0CP743CQ4,2025-03-31
B0CP743CQ4,2025-04-07
B0CP743CQ4,2025-04-14
B0CP743CQ4,2025-04-21
B0CP743CQ4,2025-04-28
B0CP743CQ4,2025-05-05
B0CP743CQ4,2025-05-12
B0CP743CQ4,2025-05-19
B0CP743CQ4,2025-05-26
B0CP743CQ4,2025-06-02
B0CP743CQ4,2025-06-09
B0CP743CQ4,2025-06-16
B0CP743CQ4,2025-06-23
B0CP743CQ4,2025-06-30
B0CP743CQ4,2025-07-07
B0CP743CQ4,2025-07-14
B0CP743CQ4,2025-07-21
B0CP743CQ4,2025-07-28
B0CP743CQ4,2025-08-04
B0CP743CQ4,2025-08-11
B0CP743CQ4,2025-08-18
B0CP743CQ4,2025-08-25
B0CP743CQ4,2025-09-01
B0CP743CQ4,2025-09-08
B0CP743CQ4,2025-09-15
B0CP743CQ4,2025-09-22
B0CP743CQ4,2025-09-29
B0CP743CQ4,2025-10-06
B0CP743CQ4,2025-10-13
B0CP743CQ4,2025-10-20
B0CP743CQ4,2025-10-27
B0CP743CQ4,2025-11-03
B0CP743CQ4,2025-11-10
B0CP743CQ4,2025-11-17
B0CP743CQ4,2025-11-24
B0CP743CQ4,2025-12-01
B0CP743CQ4,2025-12-08
B0CP743CQ4,2025-12-15
B0CP743CQ4,2025-12-22
B0CP743CQ4,2025-12-29
B0CP743CQ4,2026-01-05
B0CP743CQ4,2026-01-12
B0CP743CQ4,2026-01-19
B0CP743CQ4,2026-01-26
B0CP743CQ4,2026-02-02
B0CP743CQ4,2026-02-09
B0CP743CQ4,2026-02-16
B0CP743CQ4,2026-02-23
B0CP743CQ4,2026-03-02
B0CP743CQ4,2026-03-09
B0CP743CQ4,2026-03-16
B0CP743CQ4,2026-03-23
B0CP743CQ4,2026-03-30
B0CP743CQ4,2025-03-03
B0CP743CQ4,2025-03-10
B0CP743CQ4,2025-03-17
B0CP743CQ4,2025-03-24
B0CP743CQ4,2025-03-31
B0CP743CQ4,2025-04-07
B0CP743CQ4,2025-04-14
B0CP743CQ4,2025-04-21
B0CP743CQ4,2025-04-28
B0CP743CQ4,2025-05-05
B0CP743CQ4,2025-05-12
B0CP743CQ4,2025-05-19
B0CP743CQ4,2025-05-26
B0CP743CQ4,2025-06-02
B0CP743CQ4,2025-06-09
B0CP743CQ4,2025-06-16
B0CP743CQ4,2025-06-23
B0CP743CQ4,2025-06-30
B0CP743CQ4,2025-07-07
B0CP743CQ4,2025-07-14
B0CP743CQ4,2025-07-21
B0CP743CQ4,2025-07-28
B0CP743CQ4,2025-08-04
B0CP743CQ4,2025-08-11
B0CP743CQ4,2025-08-18
B0CP743CQ4,2025-08-25
B0CP743CQ4,2025-09-01
B0CP743CQ4,2025-09-08
B0CP743CQ4,2025-09-15
B0CP743CQ4,2025-09-22
B0CP743CQ4,2025-09-29
B0CP743CQ4,2025-10-06
B0CP743CQ4,2025-10-13
B0CP743CQ4,2025-10-20
B0CP743CQ4,2025-10-27
B0CP743CQ4,2025-11-03
B0CP743CQ4,2025-11-10
B0CP743CQ4,2025-11-17
B0CP743CQ4,2025-11-24
B0CP743CQ4,2025-12-01
B0CP743CQ4,2025-12-08
B0CP743CQ4,2025-12-15
B0CP743CQ4,2025-12-22
B0CP743CQ4,2025-12-29
B0CP743CQ4,2026-01-05
B0CP743CQ4,2026-01-12
B0CP743CQ4,2026-01-19
B0CP743CQ4,2026-01-26
B0CP743CQ4,2026-02-02
B0CP743CQ4,2026-02-09
B0CP743CQ4,2026-02-16
B0CP743CQ4,2026-02-23
B0CP743CQ4,2026-03-02
B0CP743CQ4,2026-03-09
B0CP743CQ4,2026-03-16
B0CP743CQ4,2026-03-23
B0CP743CQ4,2026-03-30
B0CQMMJWZC,2025-03-03
B0CQMMJWZC,2025-03-10
B0CQMMJWZC,2025-03-17
B0CQMMJWZC,2025-03-24
B0CQMMJWZC,2025-03-31
B0CQMMJWZC,2025-04-07
B0CQMMJWZC,2025-04-14
B0CQMMJWZC,2025-04-21
B0CQMMJWZC,2025-04-28
B0CQMMJWZC,2025-05-05
B0CQMMJWZC,2025-05-12
B0CQMMJWZC,2025-05-19
B0CQMMJWZC,2025-05-26
B0CQMMJWZC,2025-06-02
B0CQMMJWZC,2025-06-09
B0CQMMJWZC,2025-06-16
B0CQMMJWZC,2025-06-23
B0CQMMJWZC,2025-06-30
B0CQMMJWZC,2025-07-07
B0CQMMJWZC,2025-07-14
B0CQMMJWZC,2025-07-21
B0CQMMJWZC,2025-07-28
B0CQMMJWZC,2025-08-04
B0CQMMJWZC,2025-08-11
B0CQMMJWZC,2025-08-18
B0CQMMJWZC,2025-08-25
B0CQMMJWZC,2025-09-01
B0CQMMJWZC,2025-09-08
B0CQMMJWZC,2025-09-15
B0CQMMJWZC,2025-09-22
B0CQMMJWZC,2025-09-29
B0CQMMJWZC,2025-10-06
B0CQMMJWZC,2025-10-13
B0CQMMJWZC,2025-10-20
B0CQMMJWZC,2025-10-27
B0CQMMJWZC,2025-11-03
B0CQMMJWZC,2025-11-10
B0CQMMJWZC,2025-11-17
B0CQMMJWZC,2025-11-24
B0CQMMJWZC,2025-12-01
B0CQMMJWZC,2025-12-08
B0CQMMJWZC,2025-12-15
B0CQMMJWZC,2025-12-22
B0CQMMJWZC,2025-12-29
B0CQMMJWZC,2026-01-05
B0CQMMJWZC,2026-01-12
B0CQMMJWZC,2026-01-19
B0CQMMJWZC,2026-01-26
B0CQMMJWZC,2026-02-02
B0CQMMJWZC,2026-02-09
B0CQMMJWZC,2026-02-16
B0CQMMJWZC,2026-02-23
B0CQMMJWZC,2026-03-02
B0CQMMJWZC,2026-03-09
B0CQMMJWZC,2026-03-16
B0CQMMJWZC,2026-03-23
B0CQMMJWZC,2026-03-30
B0CQMMJWZC,2025-03-03
B0CQMMJWZC,2025-03-10
B0CQMMJWZC,2025-03-17
B0CQMMJWZC,2025-03-24
B0CQMMJWZC,2025-03-31
B0CQMMJWZC,2025-04-07
B0CQMMJWZC,2025-04-14
B0CQMMJWZC,2025-04-21
B0CQMMJWZC,2025-04-28
B0CQMMJWZC,2025-05-05
B0CQMMJWZC,2025-05-12
B0CQMMJWZC,2025-05-19
B0CQMMJWZC,2025-05-26
B0CQMMJWZC,2025-06-02
B0CQMMJWZC,2025-06-09
B0CQMMJWZC,2025-06-16
B0CQMMJWZC,2025-06-23
B0CQMMJWZC,2025-06-30
B0CQMMJWZC,2025-07-07
B0CQMMJWZC,2025-07-14
B0CQMMJWZC,2025-07-21
B0CQMMJWZC,2025-07-28
B0CQMMJWZC,2025-08-04
B0CQMMJWZC,2025-08-11
B0CQMMJWZC,2025-08-18
B0CQMMJWZC,2025-08-25
B0CQMMJWZC,2025-09-01
B0CQMMJWZC,2025-09-08
B0CQMMJWZC,2025-09-15
B0CQMMJWZC,2025-09-22
B0CQMMJWZC,2025-09-29
B0CQMMJWZC,2025-10-06
B0CQMMJWZC,2025-10-13
B0CQMMJWZC,2025-10-20
B0CQMMJWZC,2025-10-27
B0CQMMJWZC,2025-11-03
B0CQMMJWZC,2025-11-10
B0CQMMJWZC,2025-11-17
B0CQMMJWZC,2025-11-24
B0CQMMJWZC,2025-12-01
B0CQMMJWZC,2025-12-08
B0CQMMJWZC,2025-12-15
B0CQMMJWZC,2025-12-22
B0CQMMJWZC,2025-12-29
B0CQMMJWZC,2026-01-05
B0CQMMJWZC,2026-01-12
B0CQMMJWZC,2026-01-19
B0CQMMJWZC,2026-01-26
B0CQMMJWZC,2026-02-02
B0CQMMJWZC,2026-02-09
B0CQMMJWZC,2026-02-16
B0CQMMJWZC,2026-02-23
B0CQMMJWZC,2026-03-02
B0CQMMJWZC,2026-03-09
B0CQMMJWZC,2026-03-16
B0CQMMJWZC,2026-03-23
B0CQMMJWZC,2026-03-30
B0CRR5N7S1,2025-03-03
B0CRR5N7S1,2025-03-10
B0CRR5N7S1,2025-03-17
B0CRR5N7S1,2025-03-24
B0CRR5N7S1,2025-03-31
B0CRR5N7S1,2025-04-07
B0CRR5N7S1,2025-04-14
B0CRR5N7S1,2025-04-21
B0CRR5N7S1,2025-04-28
B0CRR5N7S1,2025-05-05
B0CRR5N7S1,2025-05-12
B0CRR5N7S1,2025-05-19
B0CRR5N7S1,2025-05-26
B0CRR5N7S1,2025-06-02
B0CRR5N7S1,2025-06-09
B0CRR5N7S1,2025-06-16
B0CRR5N7S1,2025-06-23
B0CRR5N7S1,2025-06-30
B0CRR5N7S1,2025-07-07
B0CRR5N7S1,2025-07-14
B0CRR5N7S1,2025-07-21
B0CRR5N7S1,2025-07-28
B0CRR5N7S1,2025-08-04
B0CRR5N7S1,2025-08-11
B0CRR5N7S1,2025-08-18
B0CRR5N7S1,2025-08-25
B0CRR5N7S1,2025-09-01
B0CRR5N7S1,2025-09-08
B0CRR5N7S1,2025-09-15
B0CRR5N7S1,2025-09-22
B0CRR5N7S1,2025-09-29
B0CRR5N7S1,2025-10-06
B0CRR5N7S1,2025-10-13
B0CRR5N7S1,2025-10-20
B0CRR5N7S1,2025-10-27
B0CRR5N7S1,2025-11-03
B0CRR5N7S1,2025-11-10
B0CRR5N7S1,2025-11-17
B0CRR5N7S1,2025-11-24
B0CRR5N7S1,2025-12-01
B0CRR5N7S1,2025-12-08
B0CRR5N7S1,2025-12-15
B0CRR5N7S1,2025-12-22
B0CRR5N7S1,2025-12-29
B0CRR5N7S1,2026-01-05
B0CRR5N7S1,2026-01-12
B0CRR5N7S1,2026-01-19
B0CRR5N7S1,2026-01-26
B0CRR5N7S1,2026-02-02
B0CRR5N7S1,2026-02-09
B0CRR5N7S1,2026-02-16
B0CRR5N7S1,2026-02-23
B0CRR5N7S1,2026-03-02
B0CRR5N7S1,2026-03-09
B0CRR5N7S1,2026-03-16
B0CRR5N7S1,2026-03-23
B0CRR5N7S1,2026-03-30
B0CRR5N7S1,2025-03-03
B0CRR5N7S1,2025-03-10
B0CRR5N7S1,2025-03-17
B0CRR5N7S1,2025-03-24
B0CRR5N7S1,2025-03-31
B0CRR5N7S1,2025-04-07
B0CRR5N7S1,2025-04-14
B0CRR5N7S1,2025-04-21
B0CRR5N7S1,2025-04-28
B0CRR5N7S1,2025-05-05
B0CRR5N7S1,2025-05-12
B0CRR5N7S1,2025-05-19
B0CRR5N7S1,2025-05-26
B0CRR5N7S1,2025-06-02
B0CRR5N7S1,2025-06-09
B0CRR5N7S1,2025-06-16
B0CRR5N7S1,2025-06-23
B0CRR5N7S1,2025-06-30
B0CRR5N7S1,2025-07-07
B0CRR5N7S1,2025-07-14
B0CRR5N7S1,2025-07-21
B0CRR5N7S1,2025-07-28
B0CRR5N7S1,2025-08-04
B0CRR5N7S1,2025-08-11
B0CRR5N7S1,2025-08-18
B0CRR5N7S1,2025-08-25
B0CRR5N7S1,2025-09-01
B0CRR5N7S1,2025-09-08
B0CRR5N7S1,2025-09-15
B0CRR5N7S1,2025-09-22
B0CRR5N7S1,2025-09-29
B0CRR5N7S1,2025-10-06
B0CRR5N7S1,2025-10-13
B0CRR5N7S1,2025-10-20
B0CRR5N7S1,2025-10-27
B0CRR5N7S1,2025-11-03
B0CRR5N7S1,2025-11-10
B0CRR5N7S1,2025-11-17
B0CRR5N7S1,2025-11-24
B0CRR5N7S1,2025-12-01
B0CRR5N7S1,2025-12-08
B0CRR5N7S1,2025-12-15
B0CRR5N7S1,2025-12-22
B0CRR5N7S1,2025-12-29
B0CRR5N7S1,2026-01-05
B0CRR5N7S1,2026-01-12
B0CRR5N7S1,2026-01-19
B0CRR5N7S1,2026-01-26
B0CRR5N7S1,2026-02-02
B0CRR5N7S1,2026-02-09
B0CRR5N7S1,2026-02-16
B0CRR5N7S1,2026-02-23
B0CRR5N7S1,2026-03-02
B0CRR5N7S1,2026-03-09
B0CRR5N7S1,2026-03-16
B0CRR5N7S1,2026-03-23
B0CRR5N7S1,2026-03-30
B0CT5M3LKB,2025-03-03
B0CT5M3LKB,2025-03-10
B0CT5M3LKB,2025-03-17
B0CT5M3LKB,2025-03-24
B0CT5M3LKB,2025-03-31
B0CT5M3LKB,2025-04-07
B0CT5M3LKB,2025-04-14
B0CT5M3LKB,2025-04-21
B0CT5M3LKB,2025-04-28
B0CT5M3LKB,2025-05-05
B0CT5M3LKB,2025-05-12
B0CT5M3LKB,2025-05-19
B0CT5M3LKB,2025-05-26
B0CT5M3LKB,2025-06-02
B0CT5M3LKB,2025-06-09
B0CT5M3LKB,2025-06-16
B0CT5M3LKB,2025-06-23
B0CT5M3LKB,2025-06-30
B0CT5M3LKB,2025-07-07
B0CT5M3LKB,2025-07-14
B0CT5M3LKB,2025-07-21
B0CT5M3LKB,2025-07-28
B0CT5M3LKB,2025-08-04
B0CT5M3LKB,2025-08-11
B0CT5M3LKB,2025-08-18
B0CT5M3LKB,2025-08-25
B0CT5M3LKB,2025-09-01
B0CT5M3LKB,2025-09-08
B0CT5M3LKB,2025-09-15
B0CT5M3LKB,2025-09-22
B0CT5M3LKB,2025-09-29
B0CT5M3LKB,2025-10-06
B0CT5M3LKB,2025-10-13
B0CT5M3LKB,2025-10-20
B0CT5M3LKB,2025-10-27
B0CT5M3LKB,2025-11-03
B0CT5M3LKB,2025-11-10
B0CT5M3LKB,2025-11-17
B0CT5M3LKB,2025-11-24
B0CT5M3LKB,2025-12-01
B0CT5M3LKB,2025-12-08
B0CT5M3LKB,2025-12-15
B0CT5M3LKB,2025-12-22
B0CT5M3LKB,2025-12-29
B0CT5M3LKB,2026-01-05
B0CT5M3LKB,2026-01-12
B0CT5M3LKB,2026-01-19
B0CT5M3LKB,2026-01-26
B0CT5M3LKB,2026-02-02
B0CT5M3LKB,2026-02-09
B0CT5M3LKB,2026-02-16
B0CT5M3LKB,2026-02-23
B0CT5M3LKB,2026-03-02
B0CT5M3LKB,2026-03-09
B0CT5M3LKB,2026-03-16
B0CT5M3LKB,2026-03-23
B0CT5M3LKB,2026-03-30
B0CT5M3LKB,2025-03-03
B0CT5M3LKB,2025-03-10
B0CT5M3LKB,2025-03-17
B0CT5M3LKB,2025-03-24
B0CT5M3LKB,2025-03-31
B0CT5M3LKB,2025-04-07
B0CT5M3LKB,2025-04-14
B0CT5M3LKB,2025-04-21
B0CT5M3LKB,2025-04-28
B0CT5M3LKB,2025-05-05
B0CT5M3LKB,2025-05-12
B0CT5M3LKB,2025-05-19
B0CT5M3LKB,2025-05-26
B0CT5M3LKB,2025-06-02
B0CT5M3LKB,2025-06-09
B0CT5M3LKB,2025-06-16
B0CT5M3LKB,2025-06-23
B0CT5M3LKB,2025-06-30
B0CT5M3LKB,2025-07-07
B0CT5M3LKB,2025-07-14
B0CT5M3LKB,2025-07-21
B0CT5M3LKB,2025-07-28
B0CT5M3LKB,2025-08-04
B0CT5M3LKB,2025-08-11
B0CT5M3LKB,2025-08-18
B0CT5M3LKB,2025-08-25
B0CT5M3LKB,2025-09-01
B0CT5M3LKB,2025-09-08
B0CT5M3LKB,2025-09-15
B0CT5M3LKB,2025-09-22
B0CT5M3LKB,2025-09-29
B0CT5M3LKB,2025-10-06
B0CT5M3LKB,2025-10-13
B0CT5M3LKB,2025-10-20
B0CT5M3LKB,2025-10-27
B0CT5M3LKB,2025-11-03
B0CT5M3LKB,2025-11-10
B0CT5M3LKB,2025-11-17
B0CT5M3LKB,2025-11-24
B0CT5M3LKB,2025-12-01
B0CT5M3LKB,2025-12-08
B0CT5M3LKB,2025-12-15
B0CT5M3LKB,2025-12-22
B0CT5M3LKB,2025-12-29
B0CT5M3LKB,2026-01-05
B0CT5M3LKB,2026-01-12
B0CT5M3LKB,2026-01-19
B0CT5M3LKB,2026-01-26
B0CT5M3LKB,2026-02-02
B0CT5M3LKB,2026-02-09
B0CT5M3LKB,2026-02-16
B0CT5M3LKB,2026-02-23
B0CT5M3LKB,2026-03-02
B0CT5M3LKB,2026-03-09
B0CT5M3LKB,2026-03-16
B0CT5M3LKB,2026-03-23
B0CT5M3LKB,2026-03-30
B0D3BWBTTP,2025-03-03
B0D3BWBTTP,2025-03-10
B0D3BWBTTP,2025-03-17
B0D3BWBTTP,2025-03-24
B0D3BWBTTP,2025-03-31
B0D3BWBTTP,2025-04-07
B0D3BWBTTP,2025-04-14
B0D3BWBTTP,2025-04-21
B0D3BWBTTP,2025-04-28
B0D3BWBTTP,2025-05-05
B0D3BWBTTP,2025-05-12
B0D3BWBTTP,2025-05-19
B0D3BWBTTP,2025-05-26
B0D3BWBTTP,2025-06-02
B0D3BWBTTP,2025-06-09
B0D3BWBTTP,2025-06-16
B0D3BWBTTP,2025-06-23
B0D3BWBTTP,2025-06-30
B0D3BWBTTP,2025-07-07
B0D3BWBTTP,2025-07-14
B0D3BWBTTP,2025-07-21
B0D3BWBTTP,2025-07-28
B0D3BWBTTP,2025-08-04
B0D3BWBTTP,2025-08-11
B0D3BWBTTP,2025-08-18
B0D3BWBTTP,2025-08-25
B0D3BWBTTP,2025-09-01
B0D3BWBTTP,2025-09-08
B0D3BWBTTP,2025-09-15
B0D3BWBTTP,2025-09-22
B0D3BWBTTP,2025-09-29
B0D3BWBTTP,2025-10-06
B0D3BWBTTP,2025-10-13
B0D3BWBTTP,2025-10-20
B0D3BWBTTP,2025-10-27
B0D3BWBTTP,2025-11-03
B0D3BWBTTP,2025-11-10
B0D3BWBTTP,2025-11-17
B0D3BWBTTP,2025-11-24
B0D3BWBTTP,2025-12-01
B0D3BWBTTP,2025-12-08
B0D3BWBTTP,2025-12-15
B0D3BWBTTP,2025-12-22
B0D3BWBTTP,2025-12-29
B0D3BWBTTP,2026-01-05
B0D3BWBTTP,2026-01-12
B0D3BWBTTP,2026-01-19
B0D3BWBTTP,2026-01-26
B0D3BWBTTP,2026-02-02
B0D3BWBTTP,2026-02-09
B0D3BWBTTP,2026-02-16
B0D3BWBTTP,2026-02-23
B0D3BWBTTP,2026-03-02
B0D3BWBTTP,2026-03-09
B0D3BWBTTP,2026-03-16
B0D3BWBTTP,2026-03-23
B0D3BWBTTP,2026-03-30
B0D3BWBTTP,2025-03-03
B0D3BWBTTP,2025-03-10
B0D3BWBTTP,2025-03-17
B0D3BWBTTP,2025-03-24
B0D3BWBTTP,2025-03-31
B0D3BWBTTP,2025-04-07
B0D3BWBTTP,2025-04-14
B0D3BWBTTP,2025-04-21
B0D3BWBTTP,2025-04-28
B0D3BWBTTP,2025-05-05
B0D3BWBTTP,2025-05-12
B0D3BWBTTP,2025-05-19
B0D3BWBTTP,2025-05-26
B0D3BWBTTP,2025-06-02
B0D3BWBTTP,2025-06-09
B0D3BWBTTP,2025-06-16
B0D3BWBTTP,2025-06-23
B0D3BWBTTP,2025-06-30
B0D3BWBTTP,2025-07-07
B0D3BWBTTP,2025-07-14
B0D3BWBTTP,2025-07-21
B0D3BWBTTP,2025-07-28
B0D3BWBTTP,2025-08-04
B0D3BWBTTP,2025-08-11
B0D3BWBTTP,2025-08-18
B0D3BWBTTP,2025-08-25
B0D3BWBTTP,2025-09-01
B0D3BWBTTP,2025-09-08
B0D3BWBTTP,2025-09-15
B0D3BWBTTP,2025-09-22
B0D3BWBTTP,2025-09-29
B0D3BWBTTP,2025-10-06
B0D3BWBTTP,2025-10-13
B0D3BWBTTP,2025-10-20
B0D3BWBTTP,2025-10-27
B0D3BWBTTP,2025-11-03
B0D3BWBTTP,2025-11-10
B0D3BWBTTP,2025-11-17
B0D3BWBTTP,2025-11-24
B0D3BWBTTP,2025-12-01
B0D3BWBTTP,2025-12-08
B0D3BWBTTP,2025-12-15
B0D3BWBTTP,2025-12-22
B0D3BWBTTP,2025-12-29
B0D3BWBTTP,2026-01-05
B0D3BWBTTP,2026-01-12
B0D3BWBTTP,2026-01-19
B0D3BWBTTP,2026-01-26
B0D3BWBTTP,2026-02-02
B0D3BWBTTP,2026-02-09
B0D3BWBTTP,2026-02-16
B0D3BWBTTP,2026-02-23
B0D3BWBTTP,2026-03-02
B0D3BWBTTP,2026-03-09
B0D3BWBTTP,2026-03-16
B0D3BWBTTP,2026-03-23
B0D3BWBTTP,2026-03-30
B0D3TG52X3,2025-03-03
B0D3TG52X3,2025-03-10
B0D3TG52X3,2025-03-17
B0D3TG52X3,2025-03-24
B0D3TG52X3,2025-03-31
B0D3TG52X3,2025-04-07
B0D3TG52X3,2025-04-14
B0D3TG52X3,2025-04-21
B0D3TG52X3,2025-04-28
B0D3TG52X3,2025-05-05
B0D3TG52X3,2025-05-12
B0D3TG52X3,2025-05-19
B0D3TG52X3,2025-05-26
B0D3TG52X3,2025-06-02
B0D3TG52X3,2025-06-09
B0D3TG52X3,2025-06-16
B0D3TG52X3,2025-06-23
B0D3TG52X3,2025-06-30
B0D3TG52X3,2025-07-07
B0D3TG52X3,2025-07-14
B0D3TG52X3,2025-07-21
B0D3TG52X3,2025-07-28
B0D3TG52X3,2025-08-04
B0D3TG52X3,2025-08-11
B0D3TG52X3,2025-08-18
B0D3TG52X3,2025-08-25
B0D3TG52X3,2025-09-01
B0D3TG52X3,2025-09-08
B0D3TG52X3,2025-09-15
B0D3TG52X3,2025-09-22
B0D3TG52X3,2025-09-29
B0D3TG52X3,2025-10-06
B0D3TG52X3,2025-10-13
B0D3TG52X3,2025-10-20
B0D3TG52X3,2025-10-27
B0D3TG52X3,2025-11-03
B0D3TG52X3,2025-11-10
B0D3TG52X3,2025-11-17
B0D3TG52X3,2025-11-24
B0D3TG52X3,2025-12-01
B0D3TG52X3,2025-12-08
B0D3TG52X3,2025-12-15
B0D3TG52X3,2025-12-22
B0D3TG52X3,2025-12-29
B0D3TG52X3,2026-01-05
B0D3TG52X3,2026-01-12
B0D3TG52X3,2026-01-19
B0D3TG52X3,2026-01-26
B0D3TG52X3,2026-02-02
B0D3TG52X3,2026-02-09
B0D3TG52X3,2026-02-16
B0D3TG52X3,2026-02-23
B0D3TG52X3,2026-03-02
B0D3TG52X3,2026-03-09
B0D3TG52X3,2026-03-16
B0D3TG52X3,2026-03-23
B0D3TG52X3,2026-03-30
B0D3TG52X3,2025-03-03
B0D3TG52X3,2025-03-10
B0D3TG52X3,2025-03-17
B0D3TG52X3,2025-03-24
B0D3TG52X3,2025-03-31
B0D3TG52X3,2025-04-07
B0D3TG52X3,2025-04-14
B0D3TG52X3,2025-04-21
B0D3TG52X3,2025-04-28
B0D3TG52X3,2025-05-05
B0D3TG52X3,2025-05-12
B0D3TG52X3,2025-05-19
B0D3TG52X3,2025-05-26
B0D3TG52X3,2025-06-02
B0D3TG52X3,2025-06-09
B0D3TG52X3,2025-06-16
B0D3TG52X3,2025-06-23
B0D3TG52X3,2025-06-30
B0D3TG52X3,2025-07-07
B0D3TG52X3,2025-07-14
B0D3TG52X3,2025-07-21
B0D3TG52X3,2025-07-28
B0D3TG52X3,2025-08-04
B0D3TG52X3,2025-08-11
B0D3TG52X3,2025-08-18
B0D3TG52X3,2025-08-25
B0D3TG52X3,2025-09-01
B0D3TG52X3,2025-09-08
B0D3TG52X3,2025-09-15
B0D3TG52X3,2025-09-22
B0D3TG52X3,2025-09-29
B0D3TG52X3,2025-10-06
B0D3TG52X3,2025-10-13
B0D3TG52X3,2025-10-20
B0D3TG52X3,2025-10-27
B0D3TG52X3,2025-11-03
B0D3TG52X3,2025-11-10
B0D3TG52X3,2025-11-17
B0D3TG52X3,2025-11-24
B0D3TG52X3,2025-12-01
B0D3TG52X3,2025-12-08
B0D3TG52X3,2025-12-15
B0D3TG52X3,2025-12-22
B0D3TG52X3,2025-12-29
B0D3TG52X3,2026-01-05
B0D3TG52X3,2026-01-12
B0D3TG52X3,2026-01-19
B0D3TG52X3,2026-01-26
B0D3TG52X3,2026-02-02
B0D3TG52X3,2026-02-09
B0D3TG52X3,2026-02-16
B0D3TG52X3,2026-02-23
B0D3TG52X3,2026-03-02
B0D3TG52X3,2026-03-09
B0D3TG52X3,2026-03-16
B0D3TG52X3,2026-03-23
B0D3TG52X3,2026-03-30
B0D4TGY3J4,2025-03-03
B0D4TGY3J4,2025-03-10
B0D4TGY3J4,2025-03-17
B0D4TGY3J4,2025-03-24
B0D4TGY3J4,2025-03-31
B0D4TGY3J4,2025-04-07
B0D4TGY3J4,2025-04-14
B0D4TGY3J4,2025-04-21
B0D4TGY3J4,2025-04-28
B0D4TGY3J4,2025-05-05
B0D4TGY3J4,2025-05-12
B0D4TGY3J4,2025-05-19
B0D4TGY3J4,2025-05-26
B0D4TGY3J4,2025-06-02
B0D4TGY3J4,2025-06-09
B0D4TGY3J4,2025-06-16
B0D4TGY3J4,2025-06-23
B0D4TGY3J4,2025-06-30
B0D4TGY3J4,2025-07-07
B0D4TGY3J4,2025-07-14
B0D4TGY3J4,2025-07-21
B0D4TGY3J4,2025-07-28
B0D4TGY3J4,2025-08-04
B0D4TGY3J4,2025-08-11
B0D4TGY3J4,2025-08-18
B0D4TGY3J4,2025-08-25
B0D4TGY3J4,2025-09-01
B0D4TGY3J4,2025-09-08
B0D4TGY3J4,2025-09-15
B0D4TGY3J4,2025-09-22
B0D4TGY3J4,2025-09-29
B0D4TGY3J4,2025-10-06
B0D4TGY3J4,2025-10-13
B0D4TGY3J4,2025-10-20
B0D4TGY3J4,2025-10-27
B0D4TGY3J4,2025-11-03
B0D4TGY3J4,2025-11-10
B0D4TGY3J4,2025-11-17
B0D4TGY3J4,2025-11-24
B0D4TGY3J4,2025-12-01
B0D4TGY3J4,2025-12-08
B0D4TGY3J4,2025-12-15
B0D4TGY3J4,2025-12-22
B0D4TGY3J4,2025-12-29
B0D4TGY3J4,2026-01-05
B0D4TGY3J4,2026-01-12
B0D4TGY3J4,2026-01-19
B0D4TGY3J4,2026-01-26
B0D4TGY3J4,2026-02-02
B0D4TGY3J4,2026-02-09
B0D4TGY3J4,2026-02-16
B0D4TGY3J4,2026-02-23
B0D4TGY3J4,2026-03-02
B0D4TGY3J4,2026-03-09
B0D4TGY3J4,2026-03-16
B0D4TGY3J4,2026-03-23
B0D4TGY3J4,2026-03-30
B0D4TGY3J4,2025-03-03
B0D4TGY3J4,2025-03-10
B0D4TGY3J4,2025-03-17
B0D4TGY3J4,2025-03-24
B0D4TGY3J4,2025-03-31
B0D4TGY3J4,2025-04-07
B0D4TGY3J4,2025-04-14
B0D4TGY3J4,2025-04-21
B0D4TGY3J4,2025-04-28
B0D4TGY3J4,2025-05-05
B0D4TGY3J4,2025-05-12
B0D4TGY3J4,2025-05-19
B0D4TGY3J4,2025-05-26
B0D4TGY3J4,2025-06-02
B0D4TGY3J4,2025-06-09
B0D4TGY3J4,2025-06-16
B0D4TGY3J4,2025-06-23
B0D4TGY3J4,2025-06-30
B0D4TGY3J4,2025-07-07
B0D4TGY3J4,2025-07-14
B0D4TGY3J4,2025-07-21
B0D4TGY3J4,2025-07-28
B0D4TGY3J4,2025-08-04
B0D4TGY3J4,2025-08-11
B0D4TGY3J4,2025-08-18
B0D4TGY3J4,2025-08-25
B0D4TGY3J4,2025-09-01
B0D4TGY3J4,2025-09-08
B0D4TGY3J4,2025-09-15
B0D4TGY3J4,2025-09-22
B0D4TGY3J4,2025-09-29
B0D4TGY3J4,2025-10-06
B0D4TGY3J4,2025-10-13
B0D4TGY3J4,2025-10-20
B0D4TGY3J4,2025-10-27
B0D4TGY3J4,2025-11-03
B0D4TGY3J4,2025-11-10
B0D4TGY3J4,2025-11-17
B0D4TGY3J4,2025-11-24
B0D4TGY3J4,2025-12-01
B0D4TGY3J4,2025-12-08
B0D4TGY3J4,2025-12-15
B0D4TGY3J4,2025-12-22
B0D4TGY3J4,2025-12-29
B0D4TGY3J4,2026-01-05
B0D4TGY3J4,2026-01-12
B0D4TGY3J4,2026-01-19
B0D4TGY3J4,2026-01-26
B0D4TGY3J4,2026-02-02
B0D4TGY3J4,2026-02-09
B0D4TGY3J4,2026-02-16
B0D4TGY3J4,2026-02-23
B0D4TGY3J4,2026-03-02
B0D4TGY3J4,2026-03-09
B0D4TGY3J4,2026-03-16
B0D4TGY3J4,2026-03-23
B0D4TGY3J4,2026-03-30
B0D4TYCTQP,2025-03-03
B0D4TYCTQP,2025-03-10
B0D4TYCTQP,2025-03-17
B0D4TYCTQP,2025-03-24
B0D4TYCTQP,2025-03-31
B0D4TYCTQP,2025-04-07
B0D4TYCTQP,2025-04-14
B0D4TYCTQP,2025-04-21
B0D4TYCTQP,2025-04-28
B0D4TYCTQP,2025-05-05
B0D4TYCTQP,2025-05-12
B0D4TYCTQP,2025-05-19
B0D4TYCTQP,2025-05-26
B0D4TYCTQP,2025-06-02
B0D4TYCTQP,2025-06-09
B0D4TYCTQP,2025-06-16
B0D4TYCTQP,2025-06-23
B0D4TYCTQP,2025-06-30
B0D4TYCTQP,2025-07-07
B0D4TYCTQP,2025-07-14
B0D4TYCTQP,2025-07-21
B0D4TYCTQP,2025-07-28
B0D4TYCTQP,2025-08-04
B0D4TYCTQP,2025-08-11
B0D4TYCTQP,2025-08-18
B0D4TYCTQP,2025-08-25
B0D4TYCTQP,2025-09-01
B0D4TYCTQP,2025-09-08
B0D4TYCTQP,2025-09-15
B0D4TYCTQP,2025-09-22
B0D4TYCTQP,2025-09-29
B0D4TYCTQP,2025-10-06
B0D4TYCTQP,2025-10-13
B0D4TYCTQP,2025-10-20
B0D4TYCTQP,2025-10-27
B0D4TYCTQP,2025-11-03
B0D4TYCTQP,2025-11-10
B0D4TYCTQP,2025-11-17
B0D4TYCTQP,2025-11-24
B0D4TYCTQP,2025-12-01
B0D4TYCTQP,2025-12-08
B0D4TYCTQP,2025-12-15
B0D4TYCTQP,2025-12-22
B0D4TYCTQP,2025-12-29
B0D4TYCTQP,2026-01-05
B0D4TYCTQP,2026-01-12
B0D4TYCTQP,2026-01-19
B0D4TYCTQP,2026-01-26
B0D4TYCTQP,2026-02-02
B0D4TYCTQP,2026-02-09
B0D4TYCTQP,2026-02-16
B0D4TYCTQP,2026-02-23
B0D4TYCTQP,2026-03-02
B0D4TYCTQP,2026-03-09
B0D4TYCTQP,2026-03-16
B0D4TYCTQP,2026-03-23
B0D4TYCTQP,2026-03-30
B0D4TYCTQP,2025-03-03
B0D4TYCTQP,2025-03-10
B0D4TYCTQP,2025-03-17
B0D4TYCTQP,2025-03-24
B0D4TYCTQP,2025-03-31
B0D4TYCTQP,2025-04-07
B0D4TYCTQP,2025-04-14
B0D4TYCTQP,2025-04-21
B0D4TYCTQP,2025-04-28
B0D4TYCTQP,2025-05-05
B0D4TYCTQP,2025-05-12
B0D4TYCTQP,2025-05-19
B0D4TYCTQP,2025-05-26
B0D4TYCTQP,2025-06-02
B0D4TYCTQP,2025-06-09
B0D4TYCTQP,2025-06-16
B0D4TYCTQP,2025-06-23
B0D4TYCTQP,2025-06-30
B0D4TYCTQP,2025-07-07
B0D4TYCTQP,2025-07-14
B0D4TYCTQP,2025-07-21
B0D4TYCTQP,2025-07-28
B0D4TYCTQP,2025-08-04
B0D4TYCTQP,2025-08-11
B0D4TYCTQP,2025-08-18
B0D4TYCTQP,2025-08-25
B0D4TYCTQP,2025-09-01
B0D4TYCTQP,2025-09-08
B0D4TYCTQP,2025-09-15
B0D4TYCTQP,2025-09-22
B0D4TYCTQP,2025-09-29
B0D4TYCTQP,2025-10-06
B0D4TYCTQP,2025-10-13
B0D4TYCTQP,2025-10-20
B0D4TYCTQP,2025-10-27
B0D4TYCTQP,2025-11-03
B0D4TYCTQP,2025-11-10
B0D4TYCTQP,2025-11-17
B0D4TYCTQP,2025-11-24
B0D4TYCTQP,2025-12-01
B0D4TYCTQP,2025-12-08
B0D4TYCTQP,2025-12-15
B0D4TYCTQP,2025-12-22
B0D4TYCTQP,2025-12-29
B0D4TYCTQP,2026-01-05
B0D4TYCTQP,2026-01-12
B0D4TYCTQP,2026-01-19
B0D4TYCTQP,2026-01-26
B0D4TYCTQP,2026-02-02
B0D4TYCTQP,2026-02-09
B0D4TYCTQP,2026-02-16
B0D4TYCTQP,2026-02-23
B0D4TYCTQP,2026-03-02
B0D4TYCTQP,2026-03-09
B0D4TYCTQP,2026-03-16
B0D4TYCTQP,2026-03-23
B0D4TYCTQP,2026-03-30
B0D54QKKF6,2025-03-03
B0D54QKKF6,2025-03-10
B0D54QKKF6,2025-03-17
B0D54QKKF6,2025-03-24
B0D54QKKF6,2025-03-31
B0D54QKKF6,2025-04-07
B0D54QKKF6,2025-04-14
B0D54QKKF6,2025-04-21
B0D54QKKF6,2025-04-28
B0D54QKKF6,2025-05-05
B0D54QKKF6,2025-05-12
B0D54QKKF6,2025-05-19
B0D54QKKF6,2025-05-26
B0D54QKKF6,2025-06-02
B0D54QKKF6,2025-06-09
B0D54QKKF6,2025-06-16
B0D54QKKF6,2025-06-23
B0D54QKKF6,2025-06-30
B0D54QKKF6,2025-07-07
B0D54QKKF6,2025-07-14
B0D54QKKF6,2025-07-21
B0D54QKKF6,2025-07-28
B0D54QKKF6,2025-08-04
B0D54QKKF6,2025-08-11
B0D54QKKF6,2025-08-18
B0D54QKKF6,2025-08-25
B0D54QKKF6,2025-09-01
B0D54QKKF6,2025-09-08
B0D54QKKF6,2025-09-15
B0D54QKKF6,2025-09-22
B0D54QKKF6,2025-09-29
B0D54QKKF6,2025-10-06
B0D54QKKF6,2025-10-13
B0D54QKKF6,2025-10-20
B0D54QKKF6,2025-10-27
B0D54QKKF6,2025-11-03
B0D54QKKF6,2025-11-10
B0D54QKKF6,2025-11-17
B0D54QKKF6,2025-11-24
B0D54QKKF6,2025-12-01
B0D54QKKF6,2025-12-08
B0D54QKKF6,2025-12-15
B0D54QKKF6,2025-12-22
B0D54QKKF6,2025-12-29
B0D54QKKF6,2026-01-05
B0D54QKKF6,2026-01-12
B0D54QKKF6,2026-01-19
B0D54QKKF6,2026-01-26
B0D54QKKF6,2026-02-02
B0D54QKKF6,2026-02-09
B0D54QKKF6,2026-02-16
B0D54QKKF6,2026-02-23
B0D54QKKF6,2026-03-02
B0D54QKKF6,2026-03-09
B0D54QKKF6,2026-03-16
B0D54QKKF6,2026-03-23
B0D54QKKF6,2026-03-30
B0D54QKKF6,2025-03-03
B0D54QKKF6,2025-03-10
B0D54QKKF6,2025-03-17
B0D54QKKF6,2025-03-24
B0D54QKKF6,2025-03-31
B0D54QKKF6,2025-04-07
B0D54QKKF6,2025-04-14
B0D54QKKF6,2025-04-21
B0D54QKKF6,2025-04-28
B0D54QKKF6,2025-05-05
B0D54QKKF6,2025-05-12
B0D54QKKF6,2025-05-19
B0D54QKKF6,2025-05-26
B0D54QKKF6,2025-06-02
B0D54QKKF6,2025-06-09
B0D54QKKF6,2025-06-16
B0D54QKKF6,2025-06-23
B0D54QKKF6,2025-06-30
B0D54QKKF6,2025-07-07
B0D54QKKF6,2025-07-14
B0D54QKKF6,2025-07-21
B0D54QKKF6,2025-07-28
B0D54QKKF6,2025-08-04
B0D54QKKF6,2025-08-11
B0D54QKKF6,2025-08-18
B0D54QKKF6,2025-08-25
B0D54QKKF6,2025-09-01
B0D54QKKF6,2025-09-08
B0D54QKKF6,2025-09-15
B0D54QKKF6,2025-09-22
B0D54QKKF6,2025-09-29
B0D54QKKF6,2025-10-06
B0D54QKKF6,2025-10-13
B0D54QKKF6,2025-10-20
B0D54QKKF6,2025-10-27
B0D54QKKF6,2025-11-03
B0D54QKKF6,2025-11-10
B0D54QKKF6,2025-11-17
B0D54QKKF6,2025-11-24
B0D54QKKF6,2025-12-01
B0D54QKKF6,2025-12-08
B0D54QKKF6,2025-12-15
B0D54QKKF6,2025-12-22
B0D54QKKF6,2025-12-29
B0D54QKKF6,2026-01-05
B0D54QKKF6,2026-01-12
B0D54QKKF6,2026-01-19
B0D54QKKF6,2026-01-26
B0D54QKKF6,2026-02-02
B0D54QKKF6,2026-02-09
B0D54QKKF6,2026-02-16
B0D54QKKF6,2026-02-23
B0D54QKKF6,2026-03-02
B0D54QKKF6,2026-03-09
B0D54QKKF6,2026-03-16
B0D54QKKF6,2026-03-23
B0D54QKKF6,2026-03-30
B0D5RH7PZ2,2025-03-03
B0D5RH7PZ2,2025-03-10
B0D5RH7PZ2,2025-03-17
B0D5RH7PZ2,2025-03-24
B0D5RH7PZ2,2025-03-31
B0D5RH7PZ2,2025-04-07
B0D5RH7PZ2,2025-04-14
B0D5RH7PZ2,2025-04-21
B0D5RH7PZ2,2025-04-28
B0D5RH7PZ2,2025-05-05
B0D5RH7PZ2,2025-05-12
B0D5RH7PZ2,2025-05-19
B0D5RH7PZ2,2025-05-26
B0D5RH7PZ2,2025-06-02
B0D5RH7PZ2,2025-06-09
B0D5RH7PZ2,2025-06-16
B0D5RH7PZ2,2025-06-23
B0D5RH7PZ2,2025-06-30
B0D5RH7PZ2,2025-07-07
B0D5RH7PZ2,2025-07-14
B0D5RH7PZ2,2025-07-21
B0D5RH7PZ2,2025-07-28
B0D5RH7PZ2,2025-08-04
B0D5RH7PZ2,2025-08-11
B0D5RH7PZ2,2025-08-18
B0D5RH7PZ2,2025-08-25
B0D5RH7PZ2,2025-09-01
B0D5RH7PZ2,2025-09-08
B0D5RH7PZ2,2025-09-15
B0D5RH7PZ2,2025-09-22
B0D5RH7PZ2,2025-09-29
B0D5RH7PZ2,2025-10-06
B0D5RH7PZ2,2025-10-13
B0D5RH7PZ2,2025-10-20
B0D5RH7PZ2,2025-10-27
B0D5RH7PZ2,2025-11-03
B0D5RH7PZ2,2025-11-10
B0D5RH7PZ2,2025-11-17
B0D5RH7PZ2,2025-11-24
B0D5RH7PZ2,2025-12-01
B0D5RH7PZ2,2025-12-08
B0D5RH7PZ2,2025-12-15
B0D5RH7PZ2,2025-12-22
B0D5RH7PZ2,2025-12-29
B0D5RH7PZ2,2026-01-05
B0D5RH7PZ2,2026-01-12
B0D5RH7PZ2,2026-01-19
B0D5RH7PZ2,2026-01-26
B0D5RH7PZ2,2026-02-02
B0D5RH7PZ2,2026-02-09
B0D5RH7PZ2,2026-02-16
B0D5RH7PZ2,2026-02-23
B0D5RH7PZ2,2026-03-02
B0D5RH7PZ2,2026-03-09
B0D5RH7PZ2,2026-03-16
B0D5RH7PZ2,2026-03-23
B0D5RH7PZ2,2026-03-30
B0D5RH7PZ2,2025-03-03
B0D5RH7PZ2,2025-03-10
B0D5RH7PZ2,2025-03-17
B0D5RH7PZ2,2025-03-24
B0D5RH7PZ2,2025-03-31
B0D5RH7PZ2,2025-04-07
B0D5RH7PZ2,2025-04-14
B0D5RH7PZ2,2025-04-21
B0D5RH7PZ2,2025-04-28
B0D5RH7PZ2,2025-05-05
B0D5RH7PZ2,2025-05-12
B0D5RH7PZ2,2025-05-19
B0D5RH7PZ2,2025-05-26
B0D5RH7PZ2,2025-06-02
B0D5RH7PZ2,2025-06-09
B0D5RH7PZ2,2025-06-16
B0D5RH7PZ2,2025-06-23
B0D5RH7PZ2,2025-06-30
B0D5RH7PZ2,2025-07-07
B0D5RH7PZ2,2025-07-14
B0D5RH7PZ2,2025-07-21
B0D5RH7PZ2,2025-07-28
B0D5RH7PZ2,2025-08-04
B0D5RH7PZ2,2025-08-11
B0D5RH7PZ2,2025-08-18
B0D5RH7PZ2,2025-08-25
B0D5RH7PZ2,2025-09-01
B0D5RH7PZ2,2025-09-08
B0D5RH7PZ2,2025-09-15
B0D5RH7PZ2,2025-09-22
B0D5RH7PZ2,2025-09-29
B0D5RH7PZ2,2025-10-06
B0D5RH7PZ2,2025-10-13
B0D5RH7PZ2,2025-10-20
B0D5RH7PZ2,2025-10-27
B0D5RH7PZ2,2025-11-03
B0D5RH7PZ2,2025-11-10
B0D5RH7PZ2,2025-11-17
B0D5RH7PZ2,2025-11-24
B0D5RH7PZ2,2025-12-01
B0D5RH7PZ2,2025-12-08
B0D5RH7PZ2,2025-12-15
B0D5RH7PZ2,2025-12-22
B0D5RH7PZ2,2025-12-29
B0D5RH7PZ2,2026-01-05
B0D5RH7PZ2,2026-01-12
B0D5RH7PZ2,2026-01-19
B0D5RH7PZ2,2026-01-26
B0D5RH7PZ2,2026-02-02
B0D5RH7PZ2,2026-02-09
B0D5RH7PZ2,2026-02-16
B0D5RH7PZ2,2026-02-23
B0D5RH7PZ2,2026-03-02
B0D5RH7PZ2,2026-03-09
B0D5RH7PZ2,2026-03-16
B0D5RH7PZ2,2026-03-23
B0D5RH7PZ2,2026-03-30
B0D6YR19F3,2025-03-03
B0D6YR19F3,2025-03-10
B0D6YR19F3,2025-03-17
B0D6YR19F3,2025-03-24
B0D6YR19F3,2025-03-31
B0D6YR19F3,2025-04-07
B0D6YR19F3,2025-04-14
B0D6YR19F3,2025-04-21
B0D6YR19F3,2025-04-28
B0D6YR19F3,2025-05-05
B0D6YR19F3,2025-05-12
B0D6YR19F3,2025-05-19
B0D6YR19F3,2025-05-26
B0D6YR19F3,2025-06-02
B0D6YR19F3,2025-06-09
B0D6YR19F3,2025-06-16
B0D6YR19F3,2025-06-23
B0D6YR19F3,2025-06-30
B0D6YR19F3,2025-07-07
B0D6YR19F3,2025-07-14
B0D6YR19F3,2025-07-21
B0D6YR19F3,2025-07-28
B0D6YR19F3,2025-08-04
B0D6YR19F3,2025-08-11
B0D6YR19F3,2025-08-18
B0D6YR19F3,2025-08-25
B0D6YR19F3,2025-09-01
B0D6YR19F3,2025-09-08
B0D6YR19F3,2025-09-15
B0D6YR19F3,2025-09-22
B0D6YR19F3,2025-09-29
B0D6YR19F3,2025-10-06
B0D6YR19F3,2025-10-13
B0D6YR19F3,2025-10-20
B0D6YR19F3,2025-10-27
B0D6YR19F3,2025-11-03
B0D6YR19F3,2025-11-10
B0D6YR19F3,2025-11-17
B0D6YR19F3,2025-11-24
B0D6YR19F3,2025-12-01
B0D6YR19F3,2025-12-08
B0D6YR19F3,2025-12-15
B0D6YR19F3,2025-12-22
B0D6YR19F3,2025-12-29
B0D6YR19F3,2026-01-05
B0D6YR19F3,2026-01-12
B0D6YR19F3,2026-01-19
B0D6YR19F3,2026-01-26
B0D6YR19F3,2026-02-02
B0D6YR19F3,2026-02-09
B0D6YR19F3,2026-02-16
B0D6YR19F3,2026-02-23
B0D6YR19F3,2026-03-02
B0D6YR19F3,2026-03-09
B0D6YR19F3,2026-03-16
B0D6YR19F3,2026-03-23
B0D6YR19F3,2026-03-30
B0D6YR19F3,2025-03-03
B0D6YR19F3,2025-03-10
B0D6YR19F3,2025-03-17
B0D6YR19F3,2025-03-24
B0D6YR19F3,2025-03-31
B0D6YR19F3,2025-04-07
B0D6YR19F3,2025-04-14
B0D6YR19F3,2025-04-21
B0D6YR19F3,2025-04-28
B0D6YR19F3,2025-05-05
B0D6YR19F3,2025-05-12
B0D6YR19F3,2025-05-19
B0D6YR19F3,2025-05-26
B0D6YR19F3,2025-06-02
B0D6YR19F3,2025-06-09
B0D6YR19F3,2025-06-16
B0D6YR19F3,2025-06-23
B0D6YR19F3,2025-06-30
B0D6YR19F3,2025-07-07
B0D6YR19F3,2025-07-14
B0D6YR19F3,2025-07-21
B0D6YR19F3,2025-07-28
B0D6YR19F3,2025-08-04
B0D6YR19F3,2025-08-11
B0D6YR19F3,2025-08-18
B0D6YR19F3,2025-08-25
B0D6YR19F3,2025-09-01
B0D6YR19F3,2025-09-08
B0D6YR19F3,2025-09-15
B0D6YR19F3,2025-09-22
B0D6YR19F3,2025-09-29
B0D6YR19F3,2025-10-06
B0D6YR19F3,2025-10-13
B0D6YR19F3,2025-10-20
B0D6YR19F3,2025-10-27
B0D6YR19F3,2025-11-03
B0D6YR19F3,2025-11-10
B0D6YR19F3,2025-11-17
B0D6YR19F3,2025-11-24
B0D6YR19F3,2025-12-01
B0D6YR19F3,2025-12-08
B0D6YR19F3,2025-12-15
B0D6YR19F3,2025-12-22
B0D6YR19F3,2025-12-29
B0D6YR19F3,2026-01-05
B0D6YR19F3,2026-01-12
B0D6YR19F3,2026-01-19
B0D6YR19F3,2026-01-26
B0D6YR19F3,2026-02-02
B0D6YR19F3,2026-02-09
B0D6YR19F3,2026-02-16
B0D6YR19F3,2026-02-23
B0D6YR19F3,2026-03-02
B0D6YR19F3,2026-03-09
B0D6YR19F3,2026-03-16
B0D6YR19F3,2026-03-23
B0D6YR19F3,2026-03-30
B0D7DXKJBM,2025-03-03
B0D7DXKJBM,2025-03-10
B0D7DXKJBM,2025-03-17
B0D7DXKJBM,2025-03-24
B0D7DXKJBM,2025-03-31
B0D7DXKJBM,2025-04-07
B0D7DXKJBM,2025-04-14
B0D7DXKJBM,2025-04-21
B0D7DXKJBM,2025-04-28
B0D7DXKJBM,2025-05-05
B0D7DXKJBM,2025-05-12
B0D7DXKJBM,2025-05-19
B0D7DXKJBM,2025-05-26
B0D7DXKJBM,2025-06-02
B0D7DXKJBM,2025-06-09
B0D7DXKJBM,2025-06-16
B0D7DXKJBM,2025-06-23
B0D7DXKJBM,2025-06-30
B0D7DXKJBM,2025-07-07
B0D7DXKJBM,2025-07-14
B0D7DXKJBM,2025-07-21
B0D7DXKJBM,2025-07-28
B0D7DXKJBM,2025-08-04
B0D7DXKJBM,2025-08-11
B0D7DXKJBM,2025-08-18
B0D7DXKJBM,2025-08-25
B0D7DXKJBM,2025-09-01
B0D7DXKJBM,2025-09-08
B0D7DXKJBM,2025-09-15
B0D7DXKJBM,2025-09-22
B0D7DXKJBM,2025-09-29
B0D7DXKJBM,2025-10-06
B0D7DXKJBM,2025-10-13
B0D7DXKJBM,2025-10-20
B0D7DXKJBM,2025-10-27
B0D7DXKJBM,2025-11-03
B0D7DXKJBM,2025-11-10
B0D7DXKJBM,2025-11-17
B0D7DXKJBM,2025-11-24
B0D7DXKJBM,2025-12-01
B0D7DXKJBM,2025-12-08
B0D7DXKJBM,2025-12-15
B0D7DXKJBM,2025-12-22
B0D7DXKJBM,2025-12-29
B0D7DXKJBM,2026-01-05
B0D7DXKJBM,2026-01-12
B0D7DXKJBM,2026-01-19
B0D7DXKJBM,2026-01-26
B0D7DXKJBM,2026-02-02
B0D7DXKJBM,2026-02-09
B0D7DXKJBM,2026-02-16
B0D7DXKJBM,2026-02-23
B0D7DXKJBM,2026-03-02
B0D7DXKJBM,2026-03-09
B0D7DXKJBM,2026-03-16
B0D7DXKJBM,2026-03-23
B0D7DXKJBM,2026-03-30
B0D7DXKJBM,2025-03-03
B0D7DXKJBM,2025-03-10
B0D7DXKJBM,2025-03-17
B0D7DXKJBM,2025-03-24
B0D7DXKJBM,2025-03-31
B0D7DXKJBM,2025-04-07
B0D7DXKJBM,2025-04-14
B0D7DXKJBM,2025-04-21
B0D7DXKJBM,2025-04-28
B0D7DXKJBM,2025-05-05
B0D7DXKJBM,2025-05-12
B0D7DXKJBM,2025-05-19
B0D7DXKJBM,2025-05-26
B0D7DXKJBM,2025-06-02
B0D7DXKJBM,2025-06-09
B0D7DXKJBM,2025-06-16
B0D7DXKJBM,2025-06-23
B0D7DXKJBM,2025-06-30
B0D7DXKJBM,2025-07-07
B0D7DXKJBM,2025-07-14
B0D7DXKJBM,2025-07-21
B0D7DXKJBM,2025-07-28
B0D7DXKJBM,2025-08-04
B0D7DXKJBM,2025-08-11
B0D7DXKJBM,2025-08-18
B0D7DXKJBM,2025-08-25
B0D7DXKJBM,2025-09-01
B0D7DXKJBM,2025-09-08
B0D7DXKJBM,2025-09-15
B0D7DXKJBM,2025-09-22
B0D7DXKJBM,2025-09-29
B0D7DXKJBM,2025-10-06
B0D7DXKJBM,2025-10-13
B0D7DXKJBM,2025-10-20
B0D7DXKJBM,2025-10-27
B0D7DXKJBM,2025-11-03
B0D7DXKJBM,2025-11-10
B0D7DXKJBM,2025-11-17
B0D7DXKJBM,2025-11-24
B0D7DXKJBM,2025-12-01
B0D7DXKJBM,2025-12-08
B0D7DXKJBM,2025-12-15
B0D7DXKJBM,2025-12-22
B0D7DXKJBM,2025-12-29
B0D7DXKJBM,2026-01-05
B0D7DXKJBM,2026-01-12
B0D7DXKJBM,2026-01-19
B0D7DXKJBM,2026-01-26
B0D7DXKJBM,2026-02-02
B0D7DXKJBM,2026-02-09
B0D7DXKJBM,2026-02-16
B0D7DXKJBM,2026-02-23
B0D7DXKJBM,2026-03-02
B0D7DXKJBM,2026-03-09
B0D7DXKJBM,2026-03-16
B0D7DXKJBM,2026-03-23
B0D7DXKJBM,2026-03-30
B0D83J2LQ7,2025-03-03
B0D83J2LQ7,2025-03-10
B0D83J2LQ7,2025-03-17
B0D83J2LQ7,2025-03-24
B0D83J2LQ7,2025-03-31
B0D83J2LQ7,2025-04-07
B0D83J2LQ7,2025-04-14
B0D83J2LQ7,2025-04-21
B0D83J2LQ7,2025-04-28
B0D83J2LQ7,2025-05-05
B0D83J2LQ7,2025-05-12
B0D83J2LQ7,2025-05-19
B0D83J2LQ7,2025-05-26
B0D83J2LQ7,2025-06-02
B0D83J2LQ7,2025-06-09
B0D83J2LQ7,2025-06-16
B0D83J2LQ7,2025-06-23
B0D83J2LQ7,2025-06-30
B0D83J2LQ7,2025-07-07
B0D83J2LQ7,2025-07-14
B0D83J2LQ7,2025-07-21
B0D83J2LQ7,2025-07-28
B0D83J2LQ7,2025-08-04
B0D83J2LQ7,2025-08-11
B0D83J2LQ7,2025-08-18
B0D83J2LQ7,2025-08-25
B0D83J2LQ7,2025-09-01
B0D83J2LQ7,2025-09-08
B0D83J2LQ7,2025-09-15
B0D83J2LQ7,2025-09-22
B0D83J2LQ7,2025-09-29
B0D83J2LQ7,2025-10-06
B0D83J2LQ7,2025-10-13
B0D83J2LQ7,2025-10-20
B0D83J2LQ7,2025-10-27
B0D83J2LQ7,2025-11-03
B0D83J2LQ7,2025-11-10
B0D83J2LQ7,2025-11-17
B0D83J2LQ7,2025-11-24
B0D83J2LQ7,2025-12-01
B0D83J2LQ7,2025-12-08
B0D83J2LQ7,2025-12-15
B0D83J2LQ7,2025-12-22
B0D83J2LQ7,2025-12-29
B0D83J2LQ7,2026-01-05
B0D83J2LQ7,2026-01-12
B0D83J2LQ7,2026-01-19
B0D83J2LQ7,2026-01-26
B0D83J2LQ7,2026-02-02
B0D83J2LQ7,2026-02-09
B0D83J2LQ7,2026-02-16
B0D83J2LQ7,2026-02-23
B0D83J2LQ7,2026-03-02
B0D83J2LQ7,2026-03-09
B0D83J2LQ7,2026-03-16
B0D83J2LQ7,2026-03-23
B0D83J2LQ7,2026-03-30
B0D83J2LQ7,2025-03-03
B0D83J2LQ7,2025-03-10
B0D83J2LQ7,2025-03-17
B0D83J2LQ7,2025-03-24
B0D83J2LQ7,2025-03-31
B0D83J2LQ7,2025-04-07
B0D83J2LQ7,2025-04-14
B0D83J2LQ7,2025-04-21
B0D83J2LQ7,2025-04-28
B0D83J2LQ7,2025-05-05
B0D83J2LQ7,2025-05-12
B0D83J2LQ7,2025-05-19
B0D83J2LQ7,2025-05-26
B0D83J2LQ7,2025-06-02
B0D83J2LQ7,2025-06-09
B0D83J2LQ7,2025-06-16
B0D83J2LQ7,2025-06-23
B0D83J2LQ7,2025-06-30
B0D83J2LQ7,2025-07-07
B0D83J2LQ7,2025-07-14
B0D83J2LQ7,2025-07-21
B0D83J2LQ7,2025-07-28
B0D83J2LQ7,2025-08-04
B0D83J2LQ7,2025-08-11
B0D83J2LQ7,2025-08-18
B0D83J2LQ7,2025-08-25
B0D83J2LQ7,2025-09-01
B0D83J2LQ7,2025-09-08
B0D83J2LQ7,2025-09-15
B0D83J2LQ7,2025-09-22
B0D83J2LQ7,2025-09-29
B0D83J2LQ7,2025-10-06
B0D83J2LQ7,2025-10-13
B0D83J2LQ7,2025-10-20
B0D83J2LQ7,2025-10-27
B0D83J2LQ7,2025-11-03
B0D83J2LQ7,2025-11-10
B0D83J2LQ7,2025-11-17
B0D83J2LQ7,2025-11-24
B0D83J2LQ7,2025-12-01
B0D83J2LQ7,2025-12-08
B0D83J2LQ7,2025-12-15
B0D83J2LQ7,2025-12-22
B0D83J2LQ7,2025-12-29
B0D83J2LQ7,2026-01-05
B0D83J2LQ7,2026-01-12
B0D83J2LQ7,2026-01-19
B0D83J2LQ7,2026-01-26
B0D83J2LQ7,2026-02-02
B0D83J2LQ7,2026-02-09
B0D83J2LQ7,2026-02-16
B0D83J2LQ7,2026-02-23
B0D83J2LQ7,2026-03-02
B0D83J2LQ7,2026-03-09
B0D83J2LQ7,2026-03-16
B0D83J2LQ7,2026-03-23
B0D83J2LQ7,2026-03-30
B0D8PZTG28,2025-03-03
B0D8PZTG28,2025-03-10
B0D8PZTG28,2025-03-17
B0D8PZTG28,2025-03-24
B0D8PZTG28,2025-03-31
B0D8PZTG28,2025-04-07
B0D8PZTG28,2025-04-14
B0D8PZTG28,2025-04-21
B0D8PZTG28,2025-04-28
B0D8PZTG28,2025-05-05
B0D8PZTG28,2025-05-12
B0D8PZTG28,2025-05-19
B0D8PZTG28,2025-05-26
B0D8PZTG28,2025-06-02
B0D8PZTG28,2025-06-09
B0D8PZTG28,2025-06-16
B0D8PZTG28,2025-06-23
B0D8PZTG28,2025-06-30
B0D8PZTG28,2025-07-07
B0D8PZTG28,2025-07-14
B0D8PZTG28,2025-07-21
B0D8PZTG28,2025-07-28
B0D8PZTG28,2025-08-04
B0D8PZTG28,2025-08-11
B0D8PZTG28,2025-08-18
B0D8PZTG28,2025-08-25
B0D8PZTG28,2025-09-01
B0D8PZTG28,2025-09-08
B0D8PZTG28,2025-09-15
B0D8PZTG28,2025-09-22
B0D8PZTG28,2025-09-29
B0D8PZTG28,2025-10-06
B0D8PZTG28,2025-10-13
B0D8PZTG28,2025-10-20
B0D8PZTG28,2025-10-27
B0D8PZTG28,2025-11-03
B0D8PZTG28,2025-11-10
B0D8PZTG28,2025-11-17
B0D8PZTG28,2025-11-24
B0D8PZTG28,2025-12-01
B0D8PZTG28,2025-12-08
B0D8PZTG28,2025-12-15
B0D8PZTG28,2025-12-22
B0D8PZTG28,2025-12-29
B0D8PZTG28,2026-01-05
B0D8PZTG28,2026-01-12
B0D8PZTG28,2026-01-19
B0D8PZTG28,2026-01-26
B0D8PZTG28,2026-02-02
B0D8PZTG28,2026-02-09
B0D8PZTG28,2026-02-16
B0D8PZTG28,2026-02-23
B0D8PZTG28,2026-03-02
B0D8PZTG28,2026-03-09
B0D8PZTG28,2026-03-16
B0D8PZTG28,2026-03-23
B0D8PZTG28,2026-03-30
B0D8PZTG28,2025-03-03
B0D8PZTG28,2025-03-10
B0D8PZTG28,2025-03-17
B0D8PZTG28,2025-03-24
B0D8PZTG28,2025-03-31
B0D8PZTG28,2025-04-07
B0D8PZTG28,2025-04-14
B0D8PZTG28,2025-04-21
B0D8PZTG28,2025-04-28
B0D8PZTG28,2025-05-05
B0D8PZTG28,2025-05-12
B0D8PZTG28,2025-05-19
B0D8PZTG28,2025-05-26
B0D8PZTG28,2025-06-02
B0D8PZTG28,2025-06-09
B0D8PZTG28,2025-06-16
B0D8PZTG28,2025-06-23
B0D8PZTG28,2025-06-30
B0D8PZTG28,2025-07-07
B0D8PZTG28,2025-07-14
B0D8PZTG28,2025-07-21
B0D8PZTG28,2025-07-28
B0D8PZTG28,2025-08-04
B0D8PZTG28,2025-08-11
B0D8PZTG28,2025-08-18
B0D8PZTG28,2025-08-25
B0D8PZTG28,2025-09-01
B0D8PZTG28,2025-09-08
B0D8PZTG28,2025-09-15
B0D8PZTG28,2025-09-22
B0D8PZTG28,2025-09-29
B0D8PZTG28,2025-10-06
B0D8PZTG28,2025-10-13
B0D8PZTG28,2025-10-20
B0D8PZTG28,2025-10-27
B0D8PZTG28,2025-11-03
B0D8PZTG28,2025-11-10
B0D8PZTG28,2025-11-17
B0D8PZTG28,2025-11-24
B0D8PZTG28,2025-12-01
B0D8PZTG28,2025-12-08
B0D8PZTG28,2025-12-15
B0D8PZTG28,2025-12-22
B0D8PZTG28,2025-12-29
B0D8PZTG28,2026-01-05
B0D8PZTG28,2026-01-12
B0D8PZTG28,2026-01-19
B0D8PZTG28,2026-01-26
B0D8PZTG28,2026-02-02
B0D8PZTG28,2026-02-09
B0D8PZTG28,2026-02-16
B0D8PZTG28,2026-02-23
B0D8PZTG28,2026-03-02
B0D8PZTG28,2026-03-09
B0D8PZTG28,2026-03-16
B0D8PZTG28,2026-03-23
B0D8PZTG28,2026-03-30
B0D8VK4L17,2025-03-03
B0D8VK4L17,2025-03-10
B0D8VK4L17,2025-03-17
B0D8VK4L17,2025-03-24
B0D8VK4L17,2025-03-31
B0D8VK4L17,2025-04-07
B0D8VK4L17,2025-04-14
B0D8VK4L17,2025-04-21
B0D8VK4L17,2025-04-28
B0D8VK4L17,2025-05-05
B0D8VK4L17,2025-05-12
B0D8VK4L17,2025-05-19
B0D8VK4L17,2025-05-26
B0D8VK4L17,2025-06-02
B0D8VK4L17,2025-06-09
B0D8VK4L17,2025-06-16
B0D8VK4L17,2025-06-23
B0D8VK4L17,2025-06-30
B0D8VK4L17,2025-07-07
B0D8VK4L17,2025-07-14
B0D8VK4L17,2025-07-21
B0D8VK4L17,2025-07-28
B0D8VK4L17,2025-08-04
B0D8VK4L17,2025-08-11
B0D8VK4L17,2025-08-18
B0D8VK4L17,2025-08-25
B0D8VK4L17,2025-09-01
B0D8VK4L17,2025-09-08
B0D8VK4L17,2025-09-15
B0D8VK4L17,2025-09-22
B0D8VK4L17,2025-09-29
B0D8VK4L17,2025-10-06
B0D8VK4L17,2025-10-13
B0D8VK4L17,2025-10-20
B0D8VK4L17,2025-10-27
B0D8VK4L17,2025-11-03
B0D8VK4L17,2025-11-10
B0D8VK4L17,2025-11-17
B0D8VK4L17,2025-11-24
B0D8VK4L17,2025-12-01
B0D8VK4L17,2025-12-08
B0D8VK4L17,2025-12-15
B0D8VK4L17,2025-12-22
B0D8VK4L17,2025-12-29
B0D8VK4L17,2026-01-05
B0D8VK4L17,2026-01-12
B0D8VK4L17,2026-01-19
B0D8VK4L17,2026-01-26
B0D8VK4L17,2026-02-02
B0D8VK4L17,2026-02-09
B0D8VK4L17,2026-02-16
B0D8VK4L17,2026-02-23
B0D8VK4L17,2026-03-02
B0D8VK4L17,2026-03-09
B0D8VK4L17,2026-03-16
B0D8VK4L17,2026-03-23
B0D8VK4L17,2026-03-30
B0D8VK4L17,2025-03-03
B0D8VK4L17,2025-03-10
B0D8VK4L17,2025-03-17
B0D8VK4L17,2025-03-24
B0D8VK4L17,2025-03-31
B0D8VK4L17,2025-04-07
B0D8VK4L17,2025-04-14
B0D8VK4L17,2025-04-21
B0D8VK4L17,2025-04-28
B0D8VK4L17,2025-05-05
B0D8VK4L17,2025-05-12
B0D8VK4L17,2025-05-19
B0D8VK4L17,2025-05-26
B0D8VK4L17,2025-06-02
B0D8VK4L17,2025-06-09
B0D8VK4L17,2025-06-16
B0D8VK4L17,2025-06-23
B0D8VK4L17,2025-06-30
B0D8VK4L17,2025-07-07
B0D8VK4L17,2025-07-14
B0D8VK4L17,2025-07-21
B0D8VK4L17,2025-07-28
B0D8VK4L17,2025-08-04
B0D8VK4L17,2025-08-11
B0D8VK4L17,2025-08-18
B0D8VK4L17,2025-08-25
B0D8VK4L17,2025-09-01
B0D8VK4L17,2025-09-08
B0D8VK4L17,2025-09-15
B0D8VK4L17,2025-09-22
B0D8VK4L17,2025-09-29
B0D8VK4L17,2025-10-06
B0D8VK4L17,2025-10-13
B0D8VK4L17,2025-10-20
B0D8VK4L17,2025-10-27
B0D8VK4L17,2025-11-03
B0D8VK4L17,2025-11-10
B0D8VK4L17,2025-11-17
B0D8VK4L17,2025-11-24
B0D8VK4L17,2025-12-01
B0D8VK4L17,2025-12-08
B0D8VK4L17,2025-12-15
B0D8VK4L17,2025-12-22
B0D8VK4L17,2025-12-29
B0D8VK4L17,2026-01-05
B0D8VK4L17,2026-01-12
B0D8VK4L17,2026-01-19
B0D8VK4L17,2026-01-26
B0D8VK4L17,2026-02-02
B0D8VK4L17,2026-02-09
B0D8VK4L17,2026-02-16
B0D8VK4L17,2026-02-23
B0D8VK4L17,2026-03-02
B0D8VK4L17,2026-03-09
B0D8VK4L17,2026-03-16
B0D8VK4L17,2026-03-23
B0D8VK4L17,2026-03-30
B0D9488V28,2025-03-03
B0D9488V28,2025-03-10
B0D9488V28,2025-03-17
B0D9488V28,2025-03-24
B0D9488V28,2025-03-31
B0D9488V28,2025-04-07
B0D9488V28,2025-04-14
B0D9488V28,2025-04-21
B0D9488V28,2025-04-28
B0D9488V28,2025-05-05
B0D9488V28,2025-05-12
B0D9488V28,2025-05-19
B0D9488V28,2025-05-26
B0D9488V28,2025-06-02
B0D9488V28,2025-06-09
B0D9488V28,2025-06-16
B0D9488V28,2025-06-23
B0D9488V28,2025-06-30
B0D9488V28,2025-07-07
B0D9488V28,2025-07-14
B0D9488V28,2025-07-21
B0D9488V28,2025-07-28
B0D9488V28,2025-08-04
B0D9488V28,2025-08-11
B0D9488V28,2025-08-18
B0D9488V28,2025-08-25
B0D9488V28,2025-09-01
B0D9488V28,2025-09-08
B0D9488V28,2025-09-15
B0D9488V28,2025-09-22
B0D9488V28,2025-09-29
B0D9488V28,2025-10-06
B0D9488V28,2025-10-13
B0D9488V28,2025-10-20
B0D9488V28,2025-10-27
B0D9488V28,2025-11-03
B0D9488V28,2025-11-10
B0D9488V28,2025-11-17
B0D9488V28,2025-11-24
B0D9488V28,2025-12-01
B0D9488V28,2025-12-08
B0D9488V28,2025-12-15
B0D9488V28,2025-12-22
B0D9488V28,2025-12-29
B0D9488V28,2026-01-05
B0D9488V28,2026-01-12
B0D9488V28,2026-01-19
B0D9488V28,2026-01-26
B0D9488V28,2026-02-02
B0D9488V28,2026-02-09
B0D9488V28,2026-02-16
B0D9488V28,2026-02-23
B0D9488V28,2026-03-02
B0D9488V28,2026-03-09
B0D9488V28,2026-03-16
B0D9488V28,2026-03-23
B0D9488V28,2026-03-30
B0D9488V28,2025-03-03
B0D9488V28,2025-03-10
B0D9488V28,2025-03-17
B0D9488V28,2025-03-24
B0D9488V28,2025-03-31
B0D9488V28,2025-04-07
B0D9488V28,2025-04-14
B0D9488V28,2025-04-21
B0D9488V28,2025-04-28
B0D9488V28,2025-05-05
B0D9488V28,2025-05-12
B0D9488V28,2025-05-19
B0D9488V28,2025-05-26
B0D9488V28,2025-06-02
B0D9488V28,2025-06-09
B0D9488V28,2025-06-16
B0D9488V28,2025-06-23
B0D9488V28,2025-06-30
B0D9488V28,2025-07-07
B0D9488V28,2025-07-14
B0D9488V28,2025-07-21
B0D9488V28,2025-07-28
B0D9488V28,2025-08-04
B0D9488V28,2025-08-11
B0D9488V28,2025-08-18
B0D9488V28,2025-08-25
B0D9488V28,2025-09-01
B0D9488V28,2025-09-08
B0D9488V28,2025-09-15
B0D9488V28,2025-09-22
B0D9488V28,2025-09-29
B0D9488V28,2025-10-06
B0D9488V28,2025-10-13
B0D9488V28,2025-10-20
B0D9488V28,2025-10-27
B0D9488V28,2025-11-03
B0D9488V28,2025-11-10
B0D9488V28,2025-11-17
B0D9488V28,2025-11-24
B0D9488V28,2025-12-01
B0D9488V28,2025-12-08
B0D9488V28,2025-12-15
B0D9488V28,2025-12-22
B0D9488V28,2025-12-29
B0D9488V28,2026-01-05
B0D9488V28,2026-01-12
B0D9488V28,2026-01-19
B0D9488V28,2026-01-26
B0D9488V28,2026-02-02
B0D9488V28,2026-02-09
B0D9488V28,2026-02-16
B0D9488V28,2026-02-23
B0D9488V28,2026-03-02
B0D9488V28,2026-03-09
B0D9488V28,2026-03-16
B0D9488V28,2026-03-23
B0D9488V28,2026-03-30
B0D9WMR5SZ,2025-03-03
B0D9WMR5SZ,2025-03-10
B0D9WMR5SZ,2025-03-17
B0D9WMR5SZ,2025-03-24
B0D9WMR5SZ,2025-03-31
B0D9WMR5SZ,2025-04-07
B0D9WMR5SZ,2025-04-14
B0D9WMR5SZ,2025-04-21
B0D9WMR5SZ,2025-04-28
B0D9WMR5SZ,2025-05-05
B0D9WMR5SZ,2025-05-12
B0D9WMR5SZ,2025-05-19
B0D9WMR5SZ,2025-05-26
B0D9WMR5SZ,2025-06-02
B0D9WMR5SZ,2025-06-09
B0D9WMR5SZ,2025-06-16
B0D9WMR5SZ,2025-06-23
B0D9WMR5SZ,2025-06-30
B0D9WMR5SZ,2025-07-07
B0D9WMR5SZ,2025-07-14
B0D9WMR5SZ,2025-07-21
B0D9WMR5SZ,2025-07-28
B0D9WMR5SZ,2025-08-04
B0D9WMR5SZ,2025-08-11
B0D9WMR5SZ,2025-08-18
B0D9WMR5SZ,2025-08-25
B0D9WMR5SZ,2025-09-01
B0D9WMR5SZ,2025-09-08
B0D9WMR5SZ,2025-09-15
B0D9WMR5SZ,2025-09-22
B0D9WMR5SZ,2025-09-29
B0D9WMR5SZ,2025-10-06
B0D9WMR5SZ,2025-10-13
B0D9WMR5SZ,2025-10-20
B0D9WMR5SZ,2025-10-27
B0D9WMR5SZ,2025-11-03
B0D9WMR5SZ,2025-11-10
B0D9WMR5SZ,2025-11-17
B0D9WMR5SZ,2025-11-24
B0D9WMR5SZ,2025-12-01
B0D9WMR5SZ,2025-12-08
B0D9WMR5SZ,2025-12-15
B0D9WMR5SZ,2025-12-22
B0D9WMR5SZ,2025-12-29
B0D9WMR5SZ,2026-01-05
B0D9WMR5SZ,2026-01-12
B0D9WMR5SZ,2026-01-19
B0D9WMR5SZ,2026-01-26
B0D9WMR5SZ,2026-02-02
B0D9WMR5SZ,2026-02-09
B0D9WMR5SZ,2026-02-16
B0D9WMR5SZ,2026-02-23
B0D9WMR5SZ,2026-03-02
B0D9WMR5SZ,2026-03-09
B0D9WMR5SZ,2026-03-16
B0D9WMR5SZ,2026-03-23
B0D9WMR5SZ,2026-03-30
B0D9WMR5SZ,2025-03-03
B0D9WMR5SZ,2025-03-10
B0D9WMR5SZ,2025-03-17
B0D9WMR5SZ,2025-03-24
B0D9WMR5SZ,2025-03-31
B0D9WMR5SZ,2025-04-07
B0D9WMR5SZ,2025-04-14
B0D9WMR5SZ,2025-04-21
B0D9WMR5SZ,2025-04-28
B0D9WMR5SZ,2025-05-05
B0D9WMR5SZ,2025-05-12
B0D9WMR5SZ,2025-05-19
B0D9WMR5SZ,2025-05-26
B0D9WMR5SZ,2025-06-02
B0D9WMR5SZ,2025-06-09
B0D9WMR5SZ,2025-06-16
B0D9WMR5SZ,2025-06-23
B0D9WMR5SZ,2025-06-30
B0D9WMR5SZ,2025-07-07
B0D9WMR5SZ,2025-07-14
B0D9WMR5SZ,2025-07-21
B0D9WMR5SZ,2025-07-28
B0D9WMR5SZ,2025-08-04
B0D9WMR5SZ,2025-08-11
B0D9WMR5SZ,2025-08-18
B0D9WMR5SZ,2025-08-25
B0D9WMR5SZ,2025-09-01
B0D9WMR5SZ,2025-09-08
B0D9WMR5SZ,2025-09-15
B0D9WMR5SZ,2025-09-22
B0D9WMR5SZ,2025-09-29
B0D9WMR5SZ,2025-10-06
B0D9WMR5SZ,2025-10-13
B0D9WMR5SZ,2025-10-20
B0D9WMR5SZ,2025-10-27
B0D9WMR5SZ,2025-11-03
B0D9WMR5SZ,2025-11-10
B0D9WMR5SZ,2025-11-17
B0D9WMR5SZ,2025-11-24
B0D9WMR5SZ,2025-12-01
B0D9WMR5SZ,2025-12-08
B0D9WMR5SZ,2025-12-15
B0D9WMR5SZ,2025-12-22
B0D9WMR5SZ,2025-12-29
B0D9WMR5SZ,2026-01-05
B0D9WMR5SZ,2026-01-12
B0D9WMR5SZ,2026-01-19
B0D9WMR5SZ,2026-01-26
B0D9WMR5SZ,2026-02-02
B0D9WMR5SZ,2026-02-09
B0D9WMR5SZ,2026-02-16
B0D9WMR5SZ,2026-02-23
B0D9WMR5SZ,2026-03-02
B0D9WMR5SZ,2026-03-09
B0D9WMR5SZ,2026-03-16
B0D9WMR5SZ,2026-03-23
B0D9WMR5SZ,2026-03-30
B0DBTT7J8J,2025-03-03
B0DBTT7J8J,2025-03-10
B0DBTT7J8J,2025-03-17
B0DBTT7J8J,2025-03-24
B0DBTT7J8J,2025-03-31
B0DBTT7J8J,2025-04-07
B0DBTT7J8J,2025-04-14
B0DBTT7J8J,2025-04-21
B0DBTT7J8J,2025-04-28
B0DBTT7J8J,2025-05-05
B0DBTT7J8J,2025-05-12
B0DBTT7J8J,2025-05-19
B0DBTT7J8J,2025-05-26
B0DBTT7J8J,2025-06-02
B0DBTT7J8J,2025-06-09
B0DBTT7J8J,2025-06-16
B0DBTT7J8J,2025-06-23
B0DBTT7J8J,2025-06-30
B0DBTT7J8J,2025-07-07
B0DBTT7J8J,2025-07-14
B0DBTT7J8J,2025-07-21
B0DBTT7J8J,2025-07-28
B0DBTT7J8J,2025-08-04
B0DBTT7J8J,2025-08-11
B0DBTT7J8J,2025-08-18
B0DBTT7J8J,2025-08-25
B0DBTT7J8J,2025-09-01
B0DBTT7J8J,2025-09-08
B0DBTT7J8J,2025-09-15
B0DBTT7J8J,2025-09-22
B0DBTT7J8J,2025-09-29
B0DBTT7J8J,2025-10-06
B0DBTT7J8J,2025-10-13
B0DBTT7J8J,2025-10-20
B0DBTT7J8J,2025-10-27
B0DBTT7J8J,2025-11-03
B0DBTT7J8J,2025-11-10
B0DBTT7J8J,2025-11-17
B0DBTT7J8J,2025-11-24
B0DBTT7J8J,2025-12-01
B0DBTT7J8J,2025-12-08
B0DBTT7J8J,2025-12-15
B0DBTT7J8J,2025-12-22
B0DBTT7J8J,2025-12-29
B0DBTT7J8J,2026-01-05
B0DBTT7J8J,2026-01-12
B0DBTT7J8J,2026-01-19
B0DBTT7J8J,2026-01-26
B0DBTT7J8J,2026-02-02
B0DBTT7J8J,2026-02-09
B0DBTT7J8J,2026-02-16
B0DBTT7J8J,2026-02-23
B0DBTT7J8J,2026-03-02
B0DBTT7J8J,2026-03-09
B0DBTT7J8J,2026-03-16
B0DBTT7J8J,2026-03-23
B0DBTT7J8J,2026-03-30
B0DBTT7J8J,2025-03-03
B0DBTT7J8J,2025-03-10
B0DBTT7J8J,2025-03-17
B0DBTT7J8J,2025-03-24
B0DBTT7J8J,2025-03-31
B0DBTT7J8J,2025-04-07
B0DBTT7J8J,2025-04-14
B0DBTT7J8J,2025-04-21
B0DBTT7J8J,2025-04-28
B0DBTT7J8J,2025-05-05
B0DBTT7J8J,2025-05-12
B0DBTT7J8J,2025-05-19
B0DBTT7J8J,2025-05-26
B0DBTT7J8J,2025-06-02
B0DBTT7J8J,2025-06-09
B0DBTT7J8J,2025-06-16
B0DBTT7J8J,2025-06-23
B0DBTT7J8J,2025-06-30
B0DBTT7J8J,2025-07-07
B0DBTT7J8J,2025-07-14
B0DBTT7J8J,2025-07-21
B0DBTT7J8J,2025-07-28
B0DBTT7J8J,2025-08-04
B0DBTT7J8J,2025-08-11
B0DBTT7J8J,2025-08-18
B0DBTT7J8J,2025-08-25
B0DBTT7J8J,2025-09-01
B0DBTT7J8J,2025-09-08
B0DBTT7J8J,2025-09-15
B0DBTT7J8J,2025-09-22
B0DBTT7J8J,2025-09-29
B0DBTT7J8J,2025-10-06
B0DBTT7J8J,2025-10-13
B0DBTT7J8J,2025-10-20
B0DBTT7J8J,2025-10-27
B0DBTT7J8J,2025-11-03
B0DBTT7J8J,2025-11-10
B0DBTT7J8J,2025-11-17
B0DBTT7J8J,2025-11-24
B0DBTT7J8J,2025-12-01
B0DBTT7J8J,2025-12-08
B0DBTT7J8J,2025-12-15
B0DBTT7J8J,2025-12-22
B0DBTT7J8J,2025-12-29
B0DBTT7J8J,2026-01-05
B0DBTT7J8J,2026-01-12
B0DBTT7J8J,2026-01-19
B0DBTT7J8J,2026-01-26
B0DBTT7J8J,2026-02-02
B0DBTT7J8J,2026-02-09
B0DBTT7J8J,2026-02-16
B0DBTT7J8J,2026-02-23
B0DBTT7J8J,2026-03-02
B0DBTT7J8J,2026-03-09
B0DBTT7J8J,2026-03-16
B0DBTT7J8J,2026-03-23
B0DBTT7J8J,2026-03-30
B0DBTW8NZR,2025-03-03
B0DBTW8NZR,2025-03-10
B0DBTW8NZR,2025-03-17
B0DBTW8NZR,2025-03-24
B0DBTW8NZR,2025-03-31
B0DBTW8NZR,2025-04-07
B0DBTW8NZR,2025-04-14
B0DBTW8NZR,2025-04-21
B0DBTW8NZR,2025-04-28
B0DBTW8NZR,2025-05-05
B0DBTW8NZR,2025-05-12
B0DBTW8NZR,2025-05-19
B0DBTW8NZR,2025-05-26
B0DBTW8NZR,2025-06-02
B0DBTW8NZR,2025-06-09
B0DBTW8NZR,2025-06-16
B0DBTW8NZR,2025-06-23
B0DBTW8NZR,2025-06-30
B0DBTW8NZR,2025-07-07
B0DBTW8NZR,2025-07-14
B0DBTW8NZR,2025-07-21
B0DBTW8NZR,2025-07-28
B0DBTW8NZR,2025-08-04
B0DBTW8NZR,2025-08-11
B0DBTW8NZR,2025-08-18
B0DBTW8NZR,2025-08-25
B0DBTW8NZR,2025-09-01
B0DBTW8NZR,2025-09-08
B0DBTW8NZR,2025-09-15
B0DBTW8NZR,2025-09-22
B0DBTW8NZR,2025-09-29
B0DBTW8NZR,2025-10-06
B0DBTW8NZR,2025-10-13
B0DBTW8NZR,2025-10-20
B0DBTW8NZR,2025-10-27
B0DBTW8NZR,2025-11-03
B0DBTW8NZR,2025-11-10
B0DBTW8NZR,2025-11-17
B0DBTW8NZR,2025-11-24
B0DBTW8NZR,2025-12-01
B0DBTW8NZR,2025-12-08
B0DBTW8NZR,2025-12-15
B0DBTW8NZR,2025-12-22
B0DBTW8NZR,2025-12-29
B0DBTW8NZR,2026-01-05
B0DBTW8NZR,2026-01-12
B0DBTW8NZR,2026-01-19
B0DBTW8NZR,2026-01-26
B0DBTW8NZR,2026-02-02
B0DBTW8NZR,2026-02-09
B0DBTW8NZR,2026-02-16
B0DBTW8NZR,2026-02-23
B0DBTW8NZR,2026-03-02
B0DBTW8NZR,2026-03-09
B0DBTW8NZR,2026-03-16
B0DBTW8NZR,2026-03-23
B0DBTW8NZR,2026-03-30
B0DBTW8NZR,2025-03-03
B0DBTW8NZR,2025-03-10
B0DBTW8NZR,2025-03-17
B0DBTW8NZR,2025-03-24
B0DBTW8NZR,2025-03-31
B0DBTW8NZR,2025-04-07
B0DBTW8NZR,2025-04-14
B0DBTW8NZR,2025-04-21
B0DBTW8NZR,2025-04-28
B0DBTW8NZR,2025-05-05
B0DBTW8NZR,2025-05-12
B0DBTW8NZR,2025-05-19
B0DBTW8NZR,2025-05-26
B0DBTW8NZR,2025-06-02
B0DBTW8NZR,2025-06-09
B0DBTW8NZR,2025-06-16
B0DBTW8NZR,2025-06-23
B0DBTW8NZR,2025-06-30
B0DBTW8NZR,2025-07-07
B0DBTW8NZR,2025-07-14
B0DBTW8NZR,2025-07-21
B0DBTW8NZR,2025-07-28
B0DBTW8NZR,2025-08-04
B0DBTW8NZR,2025-08-11
B0DBTW8NZR,2025-08-18
B0DBTW8NZR,2025-08-25
B0DBTW8NZR,2025-09-01
B0DBTW8NZR,2025-09-08
B0DBTW8NZR,2025-09-15
B0DBTW8NZR,2025-09-22
B0DBTW8NZR,2025-09-29
B0DBTW8NZR,2025-10-06
B0DBTW8NZR,2025-10-13
B0DBTW8NZR,2025-10-20
B0DBTW8NZR,2025-10-27
B0DBTW8NZR,2025-11-03
B0DBTW8NZR,2025-11-10
B0DBTW8NZR,2025-11-17
B0DBTW8NZR,2025-11-24
B0DBTW8NZR,2025-12-01
B0DBTW8NZR,2025-12-08
B0DBTW8NZR,2025-12-15
B0DBTW8NZR,2025-12-22
B0DBTW8NZR,2025-12-29
B0DBTW8NZR,2026-01-05
B0DBTW8NZR,2026-01-12
B0DBTW8NZR,2026-01-19
B0DBTW8NZR,2026-01-26
B0DBTW8NZR,2026-02-02
B0DBTW8NZR,2026-02-09
B0DBTW8NZR,2026-02-16
B0DBTW8NZR,2026-02-23
B0DBTW8NZR,2026-03-02
B0DBTW8NZR,2026-03-09
B0DBTW8NZR,2026-03-16
B0DBTW8NZR,2026-03-23
B0DBTW8NZR,2026-03-30
B0DFY9GWBD,2025-03-03
B0DFY9GWBD,2025-03-10
B0DFY9GWBD,2025-03-17
B0DFY9GWBD,2025-03-24
B0DFY9GWBD,2025-03-31
B0DFY9GWBD,2025-04-07
B0DFY9GWBD,2025-04-14
B0DFY9GWBD,2025-04-21
B0DFY9GWBD,2025-04-28
B0DFY9GWBD,2025-05-05
B0DFY9GWBD,2025-05-12
B0DFY9GWBD,2025-05-19
B0DFY9GWBD,2025-05-26
B0DFY9GWBD,2025-06-02
B0DFY9GWBD,2025-06-09
B0DFY9GWBD,2025-06-16
B0DFY9GWBD,2025-06-23
B0DFY9GWBD,2025-06-30
B0DFY9GWBD,2025-07-07
B0DFY9GWBD,2025-07-14
B0DFY9GWBD,2025-07-21
B0DFY9GWBD,2025-07-28
B0DFY9GWBD,2025-08-04
B0DFY9GWBD,2025-08-11
B0DFY9GWBD,2025-08-18
B0DFY9GWBD,2025-08-25
B0DFY9GWBD,2025-09-01
B0DFY9GWBD,2025-09-08
B0DFY9GWBD,2025-09-15
B0DFY9GWBD,2025-09-22
B0DFY9GWBD,2025-09-29
B0DFY9GWBD,2025-10-06
B0DFY9GWBD,2025-10-13
B0DFY9GWBD,2025-10-20
B0DFY9GWBD,2025-10-27
B0DFY9GWBD,2025-11-03
B0DFY9GWBD,2025-11-10
B0DFY9GWBD,2025-11-17
B0DFY9GWBD,2025-11-24
B0DFY9GWBD,2025-12-01
B0DFY9GWBD,2025-12-08
B0DFY9GWBD,2025-12-15
B0DFY9GWBD,2025-12-22
B0DFY9GWBD,2025-12-29
B0DFY9GWBD,2026-01-05
B0DFY9GWBD,2026-01-12
B0DFY9GWBD,2026-01-19
B0DFY9GWBD,2026-01-26
B0DFY9GWBD,2026-02-02
B0DFY9GWBD,2026-02-09
B0DFY9GWBD,2026-02-16
B0DFY9GWBD,2026-02-23
B0DFY9GWBD,2026-03-02
B0DFY9GWBD,2026-03-09
B0DFY9GWBD,2026-03-16
B0DFY9GWBD,2026-03-23
B0DFY9GWBD,2026-03-30
B0DFY9GWBD,2025-03-03
B0DFY9GWBD,2025-03-10
B0DFY9GWBD,2025-03-17
B0DFY9GWBD,2025-03-24
B0DFY9GWBD,2025-03-31
B0DFY9GWBD,2025-04-07
B0DFY9GWBD,2025-04-14
B0DFY9GWBD,2025-04-21
B0DFY9GWBD,2025-04-28
B0DFY9GWBD,2025-05-05
B0DFY9GWBD,2025-05-12
B0DFY9GWBD,2025-05-19
B0DFY9GWBD,2025-05-26
B0DFY9GWBD,2025-06-02
B0DFY9GWBD,2025-06-09
B0DFY9GWBD,2025-06-16
B0DFY9GWBD,2025-06-23
B0DFY9GWBD,2025-06-30
B0DFY9GWBD,2025-07-07
B0DFY9GWBD,2025-07-14
B0DFY9GWBD,2025-07-21
B0DFY9GWBD,2025-07-28
B0DFY9GWBD,2025-08-04
B0DFY9GWBD,2025-08-11
B0DFY9GWBD,2025-08-18
B0DFY9GWBD,2025-08-25
B0DFY9GWBD,2025-09-01
B0DFY9GWBD,2025-09-08
B0DFY9GWBD,2025-09-15
B0DFY9GWBD,2025-09-22
B0DFY9GWBD,2025-09-29
B0DFY9GWBD,2025-10-06
B0DFY9GWBD,2025-10-13
B0DFY9GWBD,2025-10-20
B0DFY9GWBD,2025-10-27
B0DFY9GWBD,2025-11-03
B0DFY9GWBD,2025-11-10
B0DFY9GWBD,2025-11-17
B0DFY9GWBD,2025-11-24
B0DFY9GWBD,2025-12-01
B0DFY9GWBD,2025-12-08
B0DFY9GWBD,2025-12-15
B0DFY9GWBD,2025-12-22
B0DFY9GWBD,2025-12-29
B0DFY9GWBD,2026-01-05
B0DFY9GWBD,2026-01-12
B0DFY9GWBD,2026-01-19
B0DFY9GWBD,2026-01-26
B0DFY9GWBD,2026-02-02
B0DFY9GWBD,2026-02-09
B0DFY9GWBD,2026-02-16
B0DFY9GWBD,2026-02-23
B0DFY9GWBD,2026-03-02
B0DFY9GWBD,2026-03-09
B0DFY9GWBD,2026-03-16
B0DFY9GWBD,2026-03-23
B0DFY9GWBD,2026-03-30
B0DGGVHY2K,2025-03-03
B0DGGVHY2K,2025-03-10
B0DGGVHY2K,2025-03-17
B0DGGVHY2K,2025-03-24
B0DGGVHY2K,2025-03-31
B0DGGVHY2K,2025-04-07
B0DGGVHY2K,2025-04-14
B0DGGVHY2K,2025-04-21
B0DGGVHY2K,2025-04-28
B0DGGVHY2K,2025-05-05
B0DGGVHY2K,2025-05-12
B0DGGVHY2K,2025-05-19
B0DGGVHY2K,2025-05-26
B0DGGVHY2K,2025-06-02
B0DGGVHY2K,2025-06-09
B0DGGVHY2K,2025-06-16
B0DGGVHY2K,2025-06-23
B0DGGVHY2K,2025-06-30
B0DGGVHY2K,2025-07-07
B0DGGVHY2K,2025-07-14
B0DGGVHY2K,2025-07-21
B0DGGVHY2K,2025-07-28
B0DGGVHY2K,2025-08-04
B0DGGVHY2K,2025-08-11
B0DGGVHY2K,2025-08-18
B0DGGVHY2K,2025-08-25
B0DGGVHY2K,2025-09-01
B0DGGVHY2K,2025-09-08
B0DGGVHY2K,2025-09-15
B0DGGVHY2K,2025-09-22
B0DGGVHY2K,2025-09-29
B0DGGVHY2K,2025-10-06
B0DGGVHY2K,2025-10-13
B0DGGVHY2K,2025-10-20
B0DGGVHY2K,2025-10-27
B0DGGVHY2K,2025-11-03
B0DGGVHY2K,2025-11-10
B0DGGVHY2K,2025-11-17
B0DGGVHY2K,2025-11-24
B0DGGVHY2K,2025-12-01
B0DGGVHY2K,2025-12-08
B0DGGVHY2K,2025-12-15
B0DGGVHY2K,2025-12-22
B0DGGVHY2K,2025-12-29
B0DGGVHY2K,2026-01-05
B0DGGVHY2K,2026-01-12
B0DGGVHY2K,2026-01-19
B0DGGVHY2K,2026-01-26
B0DGGVHY2K,2026-02-02
B0DGGVHY2K,2026-02-09
B0DGGVHY2K,2026-02-16
B0DGGVHY2K,2026-02-23
B0DGGVHY2K,2026-03-02
B0DGGVHY2K,2026-03-09
B0DGGVHY2K,2026-03-16
B0DGGVHY2K,2026-03-23
B0DGGVHY2K,2026-03-30
B0DGGVHY2K,2025-03-03
B0DGGVHY2K,2025-03-10
B0DGGVHY2K,2025-03-17
B0DGGVHY2K,2025-03-24
B0DGGVHY2K,2025-03-31
B0DGGVHY2K,2025-04-07
B0DGGVHY2K,2025-04-14
B0DGGVHY2K,2025-04-21
B0DGGVHY2K,2025-04-28
B0DGGVHY2K,2025-05-05
B0DGGVHY2K,2025-05-12
B0DGGVHY2K,2025-05-19
B0DGGVHY2K,2025-05-26
B0DGGVHY2K,2025-06-02
B0DGGVHY2K,2025-06-09
B0DGGVHY2K,2025-06-16
B0DGGVHY2K,2025-06-23
B0DGGVHY2K,2025-06-30
B0DGGVHY2K,2025-07-07
B0DGGVHY2K,2025-07-14
B0DGGVHY2K,2025-07-21
B0DGGVHY2K,2025-07-28
B0DGGVHY2K,2025-08-04
B0DGGVHY2K,2025-08-11
B0DGGVHY2K,2025-08-18
B0DGGVHY2K,2025-08-25
B0DGGVHY2K,2025-09-01
B0DGGVHY2K,2025-09-08
B0DGGVHY2K,2025-09-15
B0DGGVHY2K,2025-09-22
B0DGGVHY2K,2025-09-29
B0DGGVHY2K,2025-10-06
B0DGGVHY2K,2025-10-13
B0DGGVHY2K,2025-10-20
B0DGGVHY2K,2025-10-27
B0DGGVHY2K,2025-11-03
B0DGGVHY2K,2025-11-10
B0DGGVHY2K,2025-11-17
B0DGGVHY2K,2025-11-24
B0DGGVHY2K,2025-12-01
B0DGGVHY2K,2025-12-08
B0DGGVHY2K,2025-12-15
B0DGGVHY2K,2025-12-22
B0DGGVHY2K,2025-12-29
B0DGGVHY2K,2026-01-05
B0DGGVHY2K,2026-01-12
B0DGGVHY2K,2026-01-19
B0DGGVHY2K,2026-01-26
B0DGGVHY2K,2026-02-02
B0DGGVHY2K,2026-02-09
B0DGGVHY2K,2026-02-16
B0DGGVHY2K,2026-02-23
B0DGGVHY2K,2026-03-02
B0DGGVHY2K,2026-03-09
B0DGGVHY2K,2026-03-16
B0DGGVHY2K,2026-03-23
B0DGGVHY2K,2026-03-30
B0DHW83LV7,2025-03-03
B0DHW83LV7,2025-03-10
B0DHW83LV7,2025-03-17
B0DHW83LV7,2025-03-24
B0DHW83LV7,2025-03-31
B0DHW83LV7,2025-04-07
B0DHW83LV7,2025-04-14
B0DHW83LV7,2025-04-21
B0DHW83LV7,2025-04-28
B0DHW83LV7,2025-05-05
B0DHW83LV7,2025-05-12
B0DHW83LV7,2025-05-19
B0DHW83LV7,2025-05-26
B0DHW83LV7,2025-06-02
B0DHW83LV7,2025-06-09
B0DHW83LV7,2025-06-16
B0DHW83LV7,2025-06-23
B0DHW83LV7,2025-06-30
B0DHW83LV7,2025-07-07
B0DHW83LV7,2025-07-14
B0DHW83LV7,2025-07-21
B0DHW83LV7,2025-07-28
B0DHW83LV7,2025-08-04
B0DHW83LV7,2025-08-11
B0DHW83LV7,2025-08-18
B0DHW83LV7,2025-08-25
B0DHW83LV7,2025-09-01
B0DHW83LV7,2025-09-08
B0DHW83LV7,2025-09-15
B0DHW83LV7,2025-09-22
B0DHW83LV7,2025-09-29
B0DHW83LV7,2025-10-06
B0DHW83LV7,2025-10-13
B0DHW83LV7,2025-10-20
B0DHW83LV7,2025-10-27
B0DHW83LV7,2025-11-03
B0DHW83LV7,2025-11-10
B0DHW83LV7,2025-11-17
B0DHW83LV7,2025-11-24
B0DHW83LV7,2025-12-01
B0DHW83LV7,2025-12-08
B0DHW83LV7,2025-12-15
B0DHW83LV7,2025-12-22
B0DHW83LV7,2025-12-29
B0DHW83LV7,2026-01-05
B0DHW83LV7,2026-01-12
B0DHW83LV7,2026-01-19
B0DHW83LV7,2026-01-26
B0DHW83LV7,2026-02-02
B0DHW83LV7,2026-02-09
B0DHW83LV7,2026-02-16
B0DHW83LV7,2026-02-23
B0DHW83LV7,2026-03-02
B0DHW83LV7,2026-03-09
B0DHW83LV7,2026-03-16
B0DHW83LV7,2026-03-23
B0DHW83LV7,2026-03-30
B0DHW83LV7,2025-03-03
B0DHW83LV7,2025-03-10
B0DHW83LV7,2025-03-17
B0DHW83LV7,2025-03-24
B0DHW83LV7,2025-03-31
B0DHW83LV7,2025-04-07
B0DHW83LV7,2025-04-14
B0DHW83LV7,2025-04-21
B0DHW83LV7,2025-04-28
B0DHW83LV7,2025-05-05
B0DHW83LV7,2025-05-12
B0DHW83LV7,2025-05-19
B0DHW83LV7,2025-05-26
B0DHW83LV7,2025-06-02
B0DHW83LV7,2025-06-09
B0DHW83LV7,2025-06-16
B0DHW83LV7,2025-06-23
B0DHW83LV7,2025-06-30
B0DHW83LV7,2025-07-07
B0DHW83LV7,2025-07-14
B0DHW83LV7,2025-07-21
B0DHW83LV7,2025-07-28
B0DHW83LV7,2025-08-04
B0DHW83LV7,2025-08-11
B0DHW83LV7,2025-08-18
B0DHW83LV7,2025-08-25
B0DHW83LV7,2025-09-01
B0DHW83LV7,2025-09-08
B0DHW83LV7,2025-09-15
B0DHW83LV7,2025-09-22
B0DHW83LV7,2025-09-29
B0DHW83LV7,2025-10-06
B0DHW83LV7,2025-10-13
B0DHW83LV7,2025-10-20
B0DHW83LV7,2025-10-27
B0DHW83LV7,2025-11-03
B0DHW83LV7,2025-11-10
B0DHW83LV7,2025-11-17
B0DHW83LV7,2025-11-24
B0DHW83LV7,2025-12-01
B0DHW83LV7,2025-12-08
B0DHW83LV7,2025-12-15
B0DHW83LV7,2025-12-22
B0DHW83LV7,2025-12-29
B0DHW83LV7,2026-01-05
B0DHW83LV7,2026-01-12
B0DHW83LV7,2026-01-19
B0DHW83LV7,2026-01-26
B0DHW83LV7,2026-02-02
B0DHW83LV7,2026-02-09
B0DHW83LV7,2026-02-16
B0DHW83LV7,2026-02-23
B0DHW83LV7,2026-03-02
B0DHW83LV7,2026-03-09
B0DHW83LV7,2026-03-16
B0DHW83LV7,2026-03-23
B0DHW83LV7,2026-03-30
B0DHWB5X3T,2025-03-03
B0DHWB5X3T,2025-03-10
B0DHWB5X3T,2025-03-17
B0DHWB5X3T,2025-03-24
B0DHWB5X3T,2025-03-31
B0DHWB5X3T,2025-04-07
B0DHWB5X3T,2025-04-14
B0DHWB5X3T,2025-04-21
B0DHWB5X3T,2025-04-28
B0DHWB5X3T,2025-05-05
B0DHWB5X3T,2025-05-12
B0DHWB5X3T,2025-05-19
B0DHWB5X3T,2025-05-26
B0DHWB5X3T,2025-06-02
B0DHWB5X3T,2025-06-09
B0DHWB5X3T,2025-06-16
B0DHWB5X3T,2025-06-23
B0DHWB5X3T,2025-06-30
B0DHWB5X3T,2025-07-07
B0DHWB5X3T,2025-07-14
B0DHWB5X3T,2025-07-21
B0DHWB5X3T,2025-07-28
B0DHWB5X3T,2025-08-04
B0DHWB5X3T,2025-08-11
B0DHWB5X3T,2025-08-18
B0DHWB5X3T,2025-08-25
B0DHWB5X3T,2025-09-01
B0DHWB5X3T,2025-09-08
B0DHWB5X3T,2025-09-15
B0DHWB5X3T,2025-09-22
B0DHWB5X3T,2025-09-29
B0DHWB5X3T,2025-10-06
B0DHWB5X3T,2025-10-13
B0DHWB5X3T,2025-10-20
B0DHWB5X3T,2025-10-27
B0DHWB5X3T,2025-11-03
B0DHWB5X3T,2025-11-10
B0DHWB5X3T,2025-11-17
B0DHWB5X3T,2025-11-24
B0DHWB5X3T,2025-12-01
B0DHWB5X3T,2025-12-08
B0DHWB5X3T,2025-12-15
B0DHWB5X3T,2025-12-22
B0DHWB5X3T,2025-12-29
B0DHWB5X3T,2026-01-05
B0DHWB5X3T,2026-01-12
B0DHWB5X3T,2026-01-19
B0DHWB5X3T,2026-01-26
B0DHWB5X3T,2026-02-02
B0DHWB5X3T,2026-02-09
B0DHWB5X3T,2026-02-16
B0DHWB5X3T,2026-02-23
B0DHWB5X3T,2026-03-02
B0DHWB5X3T,2026-03-09
B0DHWB5X3T,2026-03-16
B0DHWB5X3T,2026-03-23
B0DHWB5X3T,2026-03-30
B0DHWB5X3T,2025-03-03
B0DHWB5X3T,2025-03-10
B0DHWB5X3T,2025-03-17
B0DHWB5X3T,2025-03-24
B0DHWB5X3T,2025-03-31
B0DHWB5X3T,2025-04-07
B0DHWB5X3T,2025-04-14
B0DHWB5X3T,2025-04-21
B0DHWB5X3T,2025-04-28
B0DHWB5X3T,2025-05-05
B0DHWB5X3T,2025-05-12
B0DHWB5X3T,2025-05-19
B0DHWB5X3T,2025-05-26
B0DHWB5X3T,2025-06-02
B0DHWB5X3T,2025-06-09
B0DHWB5X3T,2025-06-16
B0DHWB5X3T,2025-06-23
B0DHWB5X3T,2025-06-30
B0DHWB5X3T,2025-07-07
B0DHWB5X3T,2025-07-14
B0DHWB5X3T,2025-07-21
B0DHWB5X3T,2025-07-28
B0DHWB5X3T,2025-08-04
B0DHWB5X3T,2025-08-11
B0DHWB5X3T,2025-08-18
B0DHWB5X3T,2025-08-25
B0DHWB5X3T,2025-09-01
B0DHWB5X3T,2025-09-08
B0DHWB5X3T,2025-09-15
B0DHWB5X3T,2025-09-22
B0DHWB5X3T,2025-09-29
B0DHWB5X3T,2025-10-06
B0DHWB5X3T,2025-10-13
B0DHWB5X3T,2025-10-20
B0DHWB5X3T,2025-10-27
B0DHWB5X3T,2025-11-03
B0DHWB5X3T,2025-11-10
B0DHWB5X3T,2025-11-17
B0DHWB5X3T,2025-11-24
B0DHWB5X3T,2025-12-01
B0DHWB5X3T,2025-12-08
B0DHWB5X3T,2025-12-15
B0DHWB5X3T,2025-12-22
B0DHWB5X3T,2025-12-29
B0DHWB5X3T,2026-01-05
B0DHWB5X3T,2026-01-12
B0DHWB5X3T,2026-01-19
B0DHWB5X3T,2026-01-26
B0DHWB5X3T,2026-02-02
B0DHWB5X3T,2026-02-09
B0DHWB5X3T,2026-02-16
B0DHWB5X3T,2026-02-23
B0DHWB5X3T,2026-03-02
B0DHWB5X3T,2026-03-09
B0DHWB5X3T,2026-03-16
B0DHWB5X3T,2026-03-23
B0DHWB5X3T,2026-03-30
B0DJ2VVVG3,2025-03-03
B0DJ2VVVG3,2025-03-10
B0DJ2VVVG3,2025-03-17
B0DJ2VVVG3,2025-03-24
B0DJ2VVVG3,2025-03-31
B0DJ2VVVG3,2025-04-07
B0DJ2VVVG3,2025-04-14
B0DJ2VVVG3,2025-04-21
B0DJ2VVVG3,2025-04-28
B0DJ2VVVG3,2025-05-05
B0DJ2VVVG3,2025-05-12
B0DJ2VVVG3,2025-05-19
B0DJ2VVVG3,2025-05-26
B0DJ2VVVG3,2025-06-02
B0DJ2VVVG3,2025-06-09
B0DJ2VVVG3,2025-06-16
B0DJ2VVVG3,2025-06-23
B0DJ2VVVG3,2025-06-30
B0DJ2VVVG3,2025-07-07
B0DJ2VVVG3,2025-07-14
B0DJ2VVVG3,2025-07-21
B0DJ2VVVG3,2025-07-28
B0DJ2VVVG3,2025-08-04
B0DJ2VVVG3,2025-08-11
B0DJ2VVVG3,2025-08-18
B0DJ2VVVG3,2025-08-25
B0DJ2VVVG3,2025-09-01
B0DJ2VVVG3,2025-09-08
B0DJ2VVVG3,2025-09-15
B0DJ2VVVG3,2025-09-22
B0DJ2VVVG3,2025-09-29
B0DJ2VVVG3,2025-10-06
B0DJ2VVVG3,2025-10-13
B0DJ2VVVG3,2025-10-20
B0DJ2VVVG3,2025-10-27
B0DJ2VVVG3,2025-11-03
B0DJ2VVVG3,2025-11-10
B0DJ2VVVG3,2025-11-17
B0DJ2VVVG3,2025-11-24
B0DJ2VVVG3,2025-12-01
B0DJ2VVVG3,2025-12-08
B0DJ2VVVG3,2025-12-15
B0DJ2VVVG3,2025-12-22
B0DJ2VVVG3,2025-12-29
B0DJ2VVVG3,2026-01-05
B0DJ2VVVG3,2026-01-12
B0DJ2VVVG3,2026-01-19
B0DJ2VVVG3,2026-01-26
B0DJ2VVVG3,2026-02-02
B0DJ2VVVG3,2026-02-09
B0DJ2VVVG3,2026-02-16
B0DJ2VVVG3,2026-02-23
B0DJ2VVVG3,2026-03-02
B0DJ2VVVG3,2026-03-09
B0DJ2VVVG3,2026-03-16
B0DJ2VVVG3,2026-03-23
B0DJ2VVVG3,2026-03-30
B0DJ2VVVG3,2025-03-03
B0DJ2VVVG3,2025-03-10
B0DJ2VVVG3,2025-03-17
B0DJ2VVVG3,2025-03-24
B0DJ2VVVG3,2025-03-31
B0DJ2VVVG3,2025-04-07
B0DJ2VVVG3,2025-04-14
B0DJ2VVVG3,2025-04-21
B0DJ2VVVG3,2025-04-28
B0DJ2VVVG3,2025-05-05
B0DJ2VVVG3,2025-05-12
B0DJ2VVVG3,2025-05-19
B0DJ2VVVG3,2025-05-26
B0DJ2VVVG3,2025-06-02
B0DJ2VVVG3,2025-06-09
B0DJ2VVVG3,2025-06-16
B0DJ2VVVG3,2025-06-23
B0DJ2VVVG3,2025-06-30
B0DJ2VVVG3,2025-07-07
B0DJ2VVVG3,2025-07-14
B0DJ2VVVG3,2025-07-21
B0DJ2VVVG3,2025-07-28
B0DJ2VVVG3,2025-08-04
B0DJ2VVVG3,2025-08-11
B0DJ2VVVG3,2025-08-18
B0DJ2VVVG3,2025-08-25
B0DJ2VVVG3,2025-09-01
B0DJ2VVVG3,2025-09-08
B0DJ2VVVG3,2025-09-15
B0DJ2VVVG3,2025-09-22
B0DJ2VVVG3,2025-09-29
B0DJ2VVVG3,2025-10-06
B0DJ2VVVG3,2025-10-13
B0DJ2VVVG3,2025-10-20
B0DJ2VVVG3,2025-10-27
B0DJ2VVVG3,2025-11-03
B0DJ2VVVG3,2025-11-10
B0DJ2VVVG3,2025-11-17
B0DJ2VVVG3,2025-11-24
B0DJ2VVVG3,2025-12-01
B0DJ2VVVG3,2025-12-08
B0DJ2VVVG3,2025-12-15
B0DJ2VVVG3,2025-12-22
B0DJ2VVVG3,2025-12-29
B0DJ2VVVG3,2026-01-05
B0DJ2VVVG3,2026-01-12
B0DJ2VVVG3,2026-01-19
B0DJ2VVVG3,2026-01-26
B0DJ2VVVG3,2026-02-02
B0DJ2VVVG3,2026-02-09
B0DJ2VVVG3,2026-02-16
B0DJ2VVVG3,2026-02-23
B0DJ2VVVG3,2026-03-02
B0DJ2VVVG3,2026-03-09
B0DJ2VVVG3,2026-03-16
B0DJ2VVVG3,2026-03-23
B0DJ2VVVG3,2026-03-30
B0DJ2X47DF,2025-03-03
B0DJ2X47DF,2025-03-10
B0DJ2X47DF,2025-03-17
B0DJ2X47DF,2025-03-24
B0DJ2X47DF,2025-03-31
B0DJ2X47DF,2025-04-07
B0DJ2X47DF,2025-04-14
B0DJ2X47DF,2025-04-21
B0DJ2X47DF,2025-04-28
B0DJ2X47DF,2025-05-05
B0DJ2X47DF,2025-05-12
B0DJ2X47DF,2025-05-19
B0DJ2X47DF,2025-05-26
B0DJ2X47DF,2025-06-02
B0DJ2X47DF,2025-06-09
B0DJ2X47DF,2025-06-16
B0DJ2X47DF,2025-06-23
B0DJ2X47DF,2025-06-30
B0DJ2X47DF,2025-07-07
B0DJ2X47DF,2025-07-14
B0DJ2X47DF,2025-07-21
B0DJ2X47DF,2025-07-28
B0DJ2X47DF,2025-08-04
B0DJ2X47DF,2025-08-11
B0DJ2X47DF,2025-08-18
B0DJ2X47DF,2025-08-25
B0DJ2X47DF,2025-09-01
B0DJ2X47DF,2025-09-08
B0DJ2X47DF,2025-09-15
B0DJ2X47DF,2025-09-22
B0DJ2X47DF,2025-09-29
B0DJ2X47DF,2025-10-06
B0DJ2X47DF,2025-10-13
B0DJ2X47DF,2025-10-20
B0DJ2X47DF,2025-10-27
B0DJ2X47DF,2025-11-03
B0DJ2X47DF,2025-11-10
B0DJ2X47DF,2025-11-17
B0DJ2X47DF,2025-11-24
B0DJ2X47DF,2025-12-01
B0DJ2X47DF,2025-12-08
B0DJ2X47DF,2025-12-15
B0DJ2X47DF,2025-12-22
B0DJ2X47DF,2025-12-29
B0DJ2X47DF,2026-01-05
B0DJ2X47DF,2026-01-12
B0DJ2X47DF,2026-01-19
B0DJ2X47DF,2026-01-26
B0DJ2X47DF,2026-02-02
B0DJ2X47DF,2026-02-09
B0DJ2X47DF,2026-02-16
B0DJ2X47DF,2026-02-23
B0DJ2X47DF,2026-03-02
B0DJ2X47DF,2026-03-09
B0DJ2X47DF,2026-03-16
B0DJ2X47DF,2026-03-23
B0DJ2X47DF,2026-03-30
B0DJ2X47DF,2025-03-03
B0DJ2X47DF,2025-03-10
B0DJ2X47DF,2025-03-17
B0DJ2X47DF,2025-03-24
B0DJ2X47DF,2025-03-31
B0DJ2X47DF,2025-04-07
B0DJ2X47DF,2025-04-14
B0DJ2X47DF,2025-04-21
B0DJ2X47DF,2025-04-28
B0DJ2X47DF,2025-05-05
B0DJ2X47DF,2025-05-12
B0DJ2X47DF,2025-05-19
B0DJ2X47DF,2025-05-26
B0DJ2X47DF,2025-06-02
B0DJ2X47DF,2025-06-09
B0DJ2X47DF,2025-06-16
B0DJ2X47DF,2025-06-23
B0DJ2X47DF,2025-06-30
B0DJ2X47DF,2025-07-07
B0DJ2X47DF,2025-07-14
B0DJ2X47DF,2025-07-21
B0DJ2X47DF,2025-07-28
B0DJ2X47DF,2025-08-04
B0DJ2X47DF,2025-08-11
B0DJ2X47DF,2025-08-18
B0DJ2X47DF,2025-08-25
B0DJ2X47DF,2025-09-01
B0DJ2X47DF,2025-09-08
B0DJ2X47DF,2025-09-15
B0DJ2X47DF,2025-09-22
B0DJ2X47DF,2025-09-29
B0DJ2X47DF,2025-10-06
B0DJ2X47DF,2025-10-13
B0DJ2X47DF,2025-10-20
B0DJ2X47DF,2025-10-27
B0DJ2X47DF,2025-11-03
B0DJ2X47DF,2025-11-10
B0DJ2X47DF,2025-11-17
B0DJ2X47DF,2025-11-24
B0DJ2X47DF,2025-12-01
B0DJ2X47DF,2025-12-08
B0DJ2X47DF,2025-12-15
B0DJ2X47DF,2025-12-22
B0DJ2X47DF,2025-12-29
B0DJ2X47DF,2026-01-05
B0DJ2X47DF,2026-01-12
B0DJ2X47DF,2026-01-19
B0DJ2X47DF,2026-01-26
B0DJ2X47DF,2026-02-02
B0DJ2X47DF,2026-02-09
B0DJ2X47DF,2026-02-16
B0DJ2X47DF,2026-02-23
B0DJ2X47DF,2026-03-02
B0DJ2X47DF,2026-03-09
B0DJ2X47DF,2026-03-16
B0DJ2X47DF,2026-03-23
B0DJ2X47DF,2026-03-30
B0DJS9TFRR,2025-03-03
B0DJS9TFRR,2025-03-10
B0DJS9TFRR,2025-03-17
B0DJS9TFRR,2025-03-24
B0DJS9TFRR,2025-03-31
B0DJS9TFRR,2025-04-07
B0DJS9TFRR,2025-04-14
B0DJS9TFRR,2025-04-21
B0DJS9TFRR,2025-04-28
B0DJS9TFRR,2025-05-05
B0DJS9TFRR,2025-05-12
B0DJS9TFRR,2025-05-19
B0DJS9TFRR,2025-05-26
B0DJS9TFRR,2025-06-02
B0DJS9TFRR,2025-06-09
B0DJS9TFRR,2025-06-16
B0DJS9TFRR,2025-06-23
B0DJS9TFRR,2025-06-30
B0DJS9TFRR,2025-07-07
B0DJS9TFRR,2025-07-14
B0DJS9TFRR,2025-07-21
B0DJS9TFRR,2025-07-28
B0DJS9TFRR,2025-08-04
B0DJS9TFRR,2025-08-11
B0DJS9TFRR,2025-08-18
B0DJS9TFRR,2025-08-25
B0DJS9TFRR,2025-09-01
B0DJS9TFRR,2025-09-08
B0DJS9TFRR,2025-09-15
B0DJS9TFRR,2025-09-22
B0DJS9TFRR,2025-09-29
B0DJS9TFRR,2025-10-06
B0DJS9TFRR,2025-10-13
B0DJS9TFRR,2025-10-20
B0DJS9TFRR,2025-10-27
B0DJS9TFRR,2025-11-03
B0DJS9TFRR,2025-11-10
B0DJS9TFRR,2025-11-17
B0DJS9TFRR,2025-11-24
B0DJS9TFRR,2025-12-01
B0DJS9TFRR,2025-12-08
B0DJS9TFRR,2025-12-15
B0DJS9TFRR,2025-12-22
B0DJS9TFRR,2025-12-29
B0DJS9TFRR,2026-01-05
B0DJS9TFRR,2026-01-12
B0DJS9TFRR,2026-01-19
B0DJS9TFRR,2026-01-26
B0DJS9TFRR,2026-02-02
B0DJS9TFRR,2026-02-09
B0DJS9TFRR,2026-02-16
B0DJS9TFRR,2026-02-23
B0DJS9TFRR,2026-03-02
B0DJS9TFRR,2026-03-09
B0DJS9TFRR,2026-03-16
B0DJS9TFRR,2026-03-23
B0DJS9TFRR,2026-03-30
B0DJS9TFRR,2025-03-03
B0DJS9TFRR,2025-03-10
B0DJS9TFRR,2025-03-17
B0DJS9TFRR,2025-03-24
B0DJS9TFRR,2025-03-31
B0DJS9TFRR,2025-04-07
B0DJS9TFRR,2025-04-14
B0DJS9TFRR,2025-04-21
B0DJS9TFRR,2025-04-28
B0DJS9TFRR,2025-05-05
B0DJS9TFRR,2025-05-12
B0DJS9TFRR,2025-05-19
B0DJS9TFRR,2025-05-26
B0DJS9TFRR,2025-06-02
B0DJS9TFRR,2025-06-09
B0DJS9TFRR,2025-06-16
B0DJS9TFRR,2025-06-23
B0DJS9TFRR,2025-06-30
B0DJS9TFRR,2025-07-07
B0DJS9TFRR,2025-07-14
B0DJS9TFRR,2025-07-21
B0DJS9TFRR,2025-07-28
B0DJS9TFRR,2025-08-04
B0DJS9TFRR,2025-08-11
B0DJS9TFRR,2025-08-18
B0DJS9TFRR,2025-08-25
B0DJS9TFRR,2025-09-01
B0DJS9TFRR,2025-09-08
B0DJS9TFRR,2025-09-15
B0DJS9TFRR,2025-09-22
B0DJS9TFRR,2025-09-29
B0DJS9TFRR,2025-10-06
B0DJS9TFRR,2025-10-13
B0DJS9TFRR,2025-10-20
B0DJS9TFRR,2025-10-27
B0DJS9TFRR,2025-11-03
B0DJS9TFRR,2025-11-10
B0DJS9TFRR,2025-11-17
B0DJS9TFRR,2025-11-24
B0DJS9TFRR,2025-12-01
B0DJS9TFRR,2025-12-08
B0DJS9TFRR,2025-12-15
B0DJS9TFRR,2025-12-22
B0DJS9TFRR,2025-12-29
B0DJS9TFRR,2026-01-05
B0DJS9TFRR,2026-01-12
B0DJS9TFRR,2026-01-19
B0DJS9TFRR,2026-01-26
B0DJS9TFRR,2026-02-02
B0DJS9TFRR,2026-02-09
B0DJS9TFRR,2026-02-16
B0DJS9TFRR,2026-02-23
B0DJS9TFRR,2026-03-02
B0DJS9TFRR,2026-03-09
B0DJS9TFRR,2026-03-16
B0DJS9TFRR,2026-03-23
B0DJS9TFRR,2026-03-30
B0DKF5DJJ4,2025-03-03
B0DKF5DJJ4,2025-03-10
B0DKF5DJJ4,2025-03-17
B0DKF5DJJ4,2025-03-24
B0DKF5DJJ4,2025-03-31
B0DKF5DJJ4,2025-04-07
B0DKF5DJJ4,2025-04-14
B0DKF5DJJ4,2025-04-21
B0DKF5DJJ4,2025-04-28
B0DKF5DJJ4,2025-05-05
B0DKF5DJJ4,2025-05-12
B0DKF5DJJ4,2025-05-19
B0DKF5DJJ4,2025-05-26
B0DKF5DJJ4,2025-06-02
B0DKF5DJJ4,2025-06-09
B0DKF5DJJ4,2025-06-16
B0DKF5DJJ4,2025-06-23
B0DKF5DJJ4,2025-06-30
B0DKF5DJJ4,2025-07-07
B0DKF5DJJ4,2025-07-14
B0DKF5DJJ4,2025-07-21
B0DKF5DJJ4,2025-07-28
B0DKF5DJJ4,2025-08-04
B0DKF5DJJ4,2025-08-11
B0DKF5DJJ4,2025-08-18
B0DKF5DJJ4,2025-08-25
B0DKF5DJJ4,2025-09-01
B0DKF5DJJ4,2025-09-08
B0DKF5DJJ4,2025-09-15
B0DKF5DJJ4,2025-09-22
B0DKF5DJJ4,2025-09-29
B0DKF5DJJ4,2025-10-06
B0DKF5DJJ4,2025-10-13
B0DKF5DJJ4,2025-10-20
B0DKF5DJJ4,2025-10-27
B0DKF5DJJ4,2025-11-03
B0DKF5DJJ4,2025-11-10
B0DKF5DJJ4,2025-11-17
B0DKF5DJJ4,2025-11-24
B0DKF5DJJ4,2025-12-01
B0DKF5DJJ4,2025-12-08
B0DKF5DJJ4,2025-12-15
B0DKF5DJJ4,2025-12-22
B0DKF5DJJ4,2025-12-29
B0DKF5DJJ4,2026-01-05
B0DKF5DJJ4,2026-01-12
B0DKF5DJJ4,2026-01-19
B0DKF5DJJ4,2026-01-26
B0DKF5DJJ4,2026-02-02
B0DKF5DJJ4,2026-02-09
B0DKF5DJJ4,2026-02-16
B0DKF5DJJ4,2026-02-23
B0DKF5DJJ4,2026-03-02
B0DKF5DJJ4,2026-03-09
B0DKF5DJJ4,2026-03-16
B0DKF5DJJ4,2026-03-23
B0DKF5DJJ4,2026-03-30
B0DKF5DJJ4,2025-03-03
B0DKF5DJJ4,2025-03-10
B0DKF5DJJ4,2025-03-17
B0DKF5DJJ4,2025-03-24
B0DKF5DJJ4,2025-03-31
B0DKF5DJJ4,2025-04-07
B0DKF5DJJ4,2025-04-14
B0DKF5DJJ4,2025-04-21
B0DKF5DJJ4,2025-04-28
B0DKF5DJJ4,2025-05-05
B0DKF5DJJ4,2025-05-12
B0DKF5DJJ4,2025-05-19
B0DKF5DJJ4,2025-05-26
B0DKF5DJJ4,2025-06-02
B0DKF5DJJ4,2025-06-09
B0DKF5DJJ4,2025-06-16
B0DKF5DJJ4,2025-06-23
B0DKF5DJJ4,2025-06-30
B0DKF5DJJ4,2025-07-07
B0DKF5DJJ4,2025-07-14
B0DKF5DJJ4,2025-07-21
B0DKF5DJJ4,2025-07-28
B0DKF5DJJ4,2025-08-04
B0DKF5DJJ4,2025-08-11
B0DKF5DJJ4,2025-08-18
B0DKF5DJJ4,2025-08-25
B0DKF5DJJ4,2025-09-01
B0DKF5DJJ4,2025-09-08
B0DKF5DJJ4,2025-09-15
B0DKF5DJJ4,2025-09-22
B0DKF5DJJ4,2025-09-29
B0DKF5DJJ4,2025-10-06
B0DKF5DJJ4,2025-10-13
B0DKF5DJJ4,2025-10-20
B0DKF5DJJ4,2025-10-27
B0DKF5DJJ4,2025-11-03
B0DKF5DJJ4,2025-11-10
B0DKF5DJJ4,2025-11-17
B0DKF5DJJ4,2025-11-24
B0DKF5DJJ4,2025-12-01
B0DKF5DJJ4,2025-12-08
B0DKF5DJJ4,2025-12-15
B0DKF5DJJ4,2025-12-22
B0DKF5DJJ4,2025-12-29
B0DKF5DJJ4,2026-01-05
B0DKF5DJJ4,2026-01-12
B0DKF5DJJ4,2026-01-19
B0DKF5DJJ4,2026-01-26
B0DKF5DJJ4,2026-02-02
B0DKF5DJJ4,2026-02-09
B0DKF5DJJ4,2026-02-16
B0DKF5DJJ4,2026-02-23
B0DKF5DJJ4,2026-03-02
B0DKF5DJJ4,2026-03-09
B0DKF5DJJ4,2026-03-16
B0DKF5DJJ4,2026-03-23
B0DKF5DJJ4,2026-03-30
B0DKF6MF9D,2025-03-03
B0DKF6MF9D,2025-03-10
B0DKF6MF9D,2025-03-17
B0DKF6MF9D,2025-03-24
B0DKF6MF9D,2025-03-31
B0DKF6MF9D,2025-04-07
B0DKF6MF9D,2025-04-14
B0DKF6MF9D,2025-04-21
B0DKF6MF9D,2025-04-28
B0DKF6MF9D,2025-05-05
B0DKF6MF9D,2025-05-12
B0DKF6MF9D,2025-05-19
B0DKF6MF9D,2025-05-26
B0DKF6MF9D,2025-06-02
B0DKF6MF9D,2025-06-09
B0DKF6MF9D,2025-06-16
B0DKF6MF9D,2025-06-23
B0DKF6MF9D,2025-06-30
B0DKF6MF9D,2025-07-07
B0DKF6MF9D,2025-07-14
B0DKF6MF9D,2025-07-21
B0DKF6MF9D,2025-07-28
B0DKF6MF9D,2025-08-04
B0DKF6MF9D,2025-08-11
B0DKF6MF9D,2025-08-18
B0DKF6MF9D,2025-08-25
B0DKF6MF9D,2025-09-01
B0DKF6MF9D,2025-09-08
B0DKF6MF9D,2025-09-15
B0DKF6MF9D,2025-09-22
B0DKF6MF9D,2025-09-29
B0DKF6MF9D,2025-10-06
B0DKF6MF9D,2025-10-13
B0DKF6MF9D,2025-10-20
B0DKF6MF9D,2025-10-27
B0DKF6MF9D,2025-11-03
B0DKF6MF9D,2025-11-10
B0DKF6MF9D,2025-11-17
B0DKF6MF9D,2025-11-24
B0DKF6MF9D,2025-12-01
B0DKF6MF9D,2025-12-08
B0DKF6MF9D,2025-12-15
B0DKF6MF9D,2025-12-22
B0DKF6MF9D,2025-12-29
B0DKF6MF9D,2026-01-05
B0DKF6MF9D,2026-01-12
B0DKF6MF9D,2026-01-19
B0DKF6MF9D,2026-01-26
B0DKF6MF9D,2026-02-02
B0DKF6MF9D,2026-02-09
B0DKF6MF9D,2026-02-16
B0DKF6MF9D,2026-02-23
B0DKF6MF9D,2026-03-02
B0DKF6MF9D,2026-03-09
B0DKF6MF9D,2026-03-16
B0DKF6MF9D,2026-03-23
B0DKF6MF9D,2026-03-30
B0DKF6MF9D,2025-03-03
B0DKF6MF9D,2025-03-10
B0DKF6MF9D,2025-03-17
B0DKF6MF9D,2025-03-24
B0DKF6MF9D,2025-03-31
B0DKF6MF9D,2025-04-07
B0DKF6MF9D,2025-04-14
B0DKF6MF9D,2025-04-21
B0DKF6MF9D,2025-04-28
B0DKF6MF9D,2025-05-05
B0DKF6MF9D,2025-05-12
B0DKF6MF9D,2025-05-19
B0DKF6MF9D,2025-05-26
B0DKF6MF9D,2025-06-02
B0DKF6MF9D,2025-06-09
B0DKF6MF9D,2025-06-16
B0DKF6MF9D,2025-06-23
B0DKF6MF9D,2025-06-30
B0DKF6MF9D,2025-07-07
B0DKF6MF9D,2025-07-14
B0DKF6MF9D,2025-07-21
B0DKF6MF9D,2025-07-28
B0DKF6MF9D,2025-08-04
B0DKF6MF9D,2025-08-11
B0DKF6MF9D,2025-08-18
B0DKF6MF9D,2025-08-25
B0DKF6MF9D,2025-09-01
B0DKF6MF9D,2025-09-08
B0DKF6MF9D,2025-09-15
B0DKF6MF9D,2025-09-22
B0DKF6MF9D,2025-09-29
B0DKF6MF9D,2025-10-06
B0DKF6MF9D,2025-10-13
B0DKF6MF9D,2025-10-20
B0DKF6MF9D,2025-10-27
B0DKF6MF9D,2025-11-03
B0DKF6MF9D,2025-11-10
B0DKF6MF9D,2025-11-17
B0DKF6MF9D,2025-11-24
B0DKF6MF9D,2025-12-01
B0DKF6MF9D,2025-12-08
B0DKF6MF9D,2025-12-15
B0DKF6MF9D,2025-12-22
B0DKF6MF9D,2025-12-29
B0DKF6MF9D,2026-01-05
B0DKF6MF9D,2026-01-12
B0DKF6MF9D,2026-01-19
B0DKF6MF9D,2026-01-26
B0DKF6MF9D,2026-02-02
B0DKF6MF9D,2026-02-09
B0DKF6MF9D,2026-02-16
B0DKF6MF9D,2026-02-23
B0DKF6MF9D,2026-03-02
B0DKF6MF9D,2026-03-09
B0DKF6MF9D,2026-03-16
B0DKF6MF9D,2026-03-23
B0DKF6MF9D,2026-03-30
