ASIN,date
B006W47SMQ,2025-04-28
B006W47SMQ,2025-05-26
B006W47SMQ,2025-06-23
B006W47SMQ,2025-07-21
B006W47SMQ,2025-08-18
B006W47SMQ,2025-09-15
B006W47SMQ,2025-10-13
B006W47SMQ,2025-11-10
B006W47SMQ,2025-12-08
B006W47SMQ,2026-01-05
B006W47SMQ,2026-02-02
B006W47SMQ,2026-03-02
B0118F7TYA,2025-04-28
B0118F7TYA,2025-05-26
B0118F7TYA,2025-06-23
B0118F7TYA,2025-07-21
B0118F7TYA,2025-08-18
B0118F7TYA,2025-09-15
B0118F7TYA,2025-10-13
B0118F7TYA,2025-11-10
B0118F7TYA,2025-12-08
B0118F7TYA,2026-01-05
B0118F7TYA,2026-02-02
B0118F7TYA,2026-03-02
B01CFDNPTM,2025-04-28
B01CFDNPTM,2025-05-26
B01CFDNPTM,2025-06-23
B01CFDNPTM,2025-07-21
B01CFDNPTM,2025-08-18
B01CFDNPTM,2025-09-15
B01CFDNPTM,2025-10-13
B01CFDNPTM,2025-11-10
B01CFDNPTM,2025-12-08
B01CFDNPTM,2026-01-05
B01CFDNPTM,2026-02-02
B01CFDNPTM,2026-03-02
B0756YHQY8,2025-04-28
B0756YHQY8,2025-05-26
B0756YHQY8,2025-06-23
B0756YHQY8,2025-07-21
B0756YHQY8,2025-08-18
B0756YHQY8,2025-09-15
B0756YHQY8,2025-10-13
B0756YHQY8,2025-11-10
B0756YHQY8,2025-12-08
B0756YHQY8,2026-01-05
B0756YHQY8,2026-02-02
B0756YHQY8,2026-03-02
B0756ZJGK8,2025-04-28
B0756ZJGK8,2025-05-26
B0756ZJGK8,2025-06-23
B0756ZJGK8,2025-07-21
B0756ZJGK8,2025-08-18
B0756ZJGK8,2025-09-15
B0756ZJGK8,2025-10-13
B0756ZJGK8,2025-11-10
B0756ZJGK8,2025-12-08
B0756ZJGK8,2026-01-05
B0756ZJGK8,2026-02-02
B0756ZJGK8,2026-03-02
B0759LZY42,2025-04-28
B0759LZY42,2025-05-26
B0759LZY42,2025-06-23
B0759LZY42,2025-07-21
B0759LZY42,2025-08-18
B0759LZY42,2025-09-15
B0759LZY42,2025-10-13
B0759LZY42,2025-11-10
B0759LZY42,2025-12-08
B0759LZY42,2026-01-05
B0759LZY42,2026-02-02
B0759LZY42,2026-03-02
B0759TRY7M,2025-04-28
B0759TRY7M,2025-05-26
B0759TRY7M,2025-06-23
B0759TRY7M,2025-07-21
B0759TRY7M,2025-08-18
B0759TRY7M,2025-09-15
B0759TRY7M,2025-10-13
B0759TRY7M,2025-11-10
B0759TRY7M,2025-12-08
B0759TRY7M,2026-01-05
B0759TRY7M,2026-02-02
B0759TRY7M,2026-03-02
B0759VCPZH,2025-04-28
B0759VCPZH,2025-05-26
B0759VCPZH,2025-06-23
B0759VCPZH,2025-07-21
B0759VCPZH,2025-08-18
B0759VCPZH,2025-09-15
B0759VCPZH,2025-10-13
B0759VCPZH,2025-11-10
B0759VCPZH,2025-12-08
B0759VCPZH,2026-01-05
B0759VCPZH,2026-02-02
B0759VCPZH,2026-03-02
B079QJZ9V9,2025-04-28
B079QJZ9V9,2025-05-26
B079QJZ9V9,2025-06-23
B079QJZ9V9,2025-07-21
B079QJZ9V9,2025-08-18
B079QJZ9V9,2025-09-15
B079QJZ9V9,2025-10-13
B079QJZ9V9,2025-11-10
B079QJZ9V9,2025-12-08
B079QJZ9V9,2026-01-05
B079QJZ9V9,2026-02-02
B079QJZ9V9,2026-03-02
B07B294VBT,2025-04-28
B07B294VBT,2025-05-26
B07B294VBT,2025-06-23
B07B294VBT,2025-07-21
B07B294VBT,2025-08-18
B07B294VBT,2025-09-15
B07B294VBT,2025-10-13
B07B294VBT,2025-11-10
B07B294VBT,2025-12-08
B07B294VBT,2026-01-05
B07B294VBT,2026-02-02
B07B294VBT,2026-03-02
B07D1FCYB1,2025-04-28
B07D1FCYB1,2025-05-26
B07D1FCYB1,2025-06-23
B07D1FCYB1,2025-07-21
B07D1FCYB1,2025-08-18
B07D1FCYB1,2025-09-15
B07D1FCYB1,2025-10-13
B07D1FCYB1,2025-11-10
B07D1FCYB1,2025-12-08
B07D1FCYB1,2026-01-05
B07D1FCYB1,2026-02-02
B07D1FCYB1,2026-03-02
B07D4FHMS8,2025-04-28
B07D4FHMS8,2025-05-26
B07D4FHMS8,2025-06-23
B07D4FHMS8,2025-07-21
B07D4FHMS8,2025-08-18
B07D4FHMS8,2025-09-15
B07D4FHMS8,2025-10-13
B07D4FHMS8,2025-11-10
B07D4FHMS8,2025-12-08
B07D4FHMS8,2026-01-05
B07D4FHMS8,2026-02-02
B07D4FHMS8,2026-03-02
B07DGYZRBW,2025-04-28
B07DGYZRBW,2025-05-26
B07DGYZRBW,2025-06-23
B07DGYZRBW,2025-07-21
B07DGYZRBW,2025-08-18
B07DGYZRBW,2025-09-15
B07DGYZRBW,2025-10-13
B07DGYZRBW,2025-11-10
B07DGYZRBW,2025-12-08
B07DGYZRBW,2026-01-05
B07DGYZRBW,2026-02-02
B07DGYZRBW,2026-03-02
B07GSVQWQ9,2025-04-28
B07GSVQWQ9,2025-05-26
B07GSVQWQ9,2025-06-23
B07GSVQWQ9,2025-07-21
B07GSVQWQ9,2025-08-18
B07GSVQWQ9,2025-09-15
B07GSVQWQ9,2025-10-13
B07GSVQWQ9,2025-11-10
B07GSVQWQ9,2025-12-08
B07GSVQWQ9,2026-01-05
B07GSVQWQ9,2026-02-02
B07GSVQWQ9,2026-03-02
B07GYMGFWP,2025-04-28
B07GYMGFWP,2025-05-26
B07GYMGFWP,2025-06-23
B07GYMGFWP,2025-07-21
B07GYMGFWP,2025-08-18
B07GYMGFWP,2025-09-15
B07GYMGFWP,2025-10-13
B07GYMGFWP,2025-11-10
B07GYMGFWP,2025-12-08
B07GYMGFWP,2026-01-05
B07GYMGFWP,2026-02-02
B07GYMGFWP,2026-03-02
B07PLQ9F6N,2025-04-28
B07PLQ9F6N,2025-05-26
B07PLQ9F6N,2025-06-23
B07PLQ9F6N,2025-07-21
B07PLQ9F6N,2025-08-18
B07PLQ9F6N,2025-09-15
B07PLQ9F6N,2025-10-13
B07PLQ9F6N,2025-11-10
B07PLQ9F6N,2025-12-08
B07PLQ9F6N,2026-01-05
B07PLQ9F6N,2026-02-02
B07PLQ9F6N,2026-03-02
B07PLV2QNQ,2025-04-28
B07PLV2QNQ,2025-05-26
B07PLV2QNQ,2025-06-23
B07PLV2QNQ,2025-07-21
B07PLV2QNQ,2025-08-18
B07PLV2QNQ,2025-09-15
B07PLV2QNQ,2025-10-13
B07PLV2QNQ,2025-11-10
B07PLV2QNQ,2025-12-08
B07PLV2QNQ,2026-01-05
B07PLV2QNQ,2026-02-02
B07PLV2QNQ,2026-03-02
B07RYCH35G,2025-04-28
B07RYCH35G,2025-05-26
B07RYCH35G,2025-06-23
B07RYCH35G,2025-07-21
B07RYCH35G,2025-08-18
B07RYCH35G,2025-09-15
B07RYCH35G,2025-10-13
B07RYCH35G,2025-11-10
B07RYCH35G,2025-12-08
B07RYCH35G,2026-01-05
B07RYCH35G,2026-02-02
B07RYCH35G,2026-03-02
B07SGHHG69,2025-04-28
B07SGHHG69,2025-05-26
B07SGHHG69,2025-06-23
B07SGHHG69,2025-07-21
B07SGHHG69,2025-08-18
B07SGHHG69,2025-09-15
B07SGHHG69,2025-10-13
B07SGHHG69,2025-11-10
B07SGHHG69,2025-12-08
B07SGHHG69,2026-01-05
B07SGHHG69,2026-02-02
B07SGHHG69,2026-03-02
B07SMS25Q5,2025-04-28
B07SMS25Q5,2025-05-26
B07SMS25Q5,2025-06-23
B07SMS25Q5,2025-07-21
B07SMS25Q5,2025-08-18
B07SMS25Q5,2025-09-15
B07SMS25Q5,2025-10-13
B07SMS25Q5,2025-11-10
B07SMS25Q5,2025-12-08
B07SMS25Q5,2026-01-05
B07SMS25Q5,2026-02-02
B07SMS25Q5,2026-03-02
B07V2GW86W,2025-04-28
B07V2GW86W,2025-05-26
B07V2GW86W,2025-06-23
B07V2GW86W,2025-07-21
B07V2GW86W,2025-08-18
B07V2GW86W,2025-09-15
B07V2GW86W,2025-10-13
B07V2GW86W,2025-11-10
B07V2GW86W,2025-12-08
B07V2GW86W,2026-01-05
B07V2GW86W,2026-02-02
B07V2GW86W,2026-03-02
B07V6SN3GJ,2025-04-28
B07V6SN3GJ,2025-05-26
B07V6SN3GJ,2025-06-23
B07V6SN3GJ,2025-07-21
B07V6SN3GJ,2025-08-18
B07V6SN3GJ,2025-09-15
B07V6SN3GJ,2025-10-13
B07V6SN3GJ,2025-11-10
B07V6SN3GJ,2025-12-08
B07V6SN3GJ,2026-01-05
B07V6SN3GJ,2026-02-02
B07V6SN3GJ,2026-03-02
B07WDTNNJR,2025-04-28
B07WDTNNJR,2025-05-26
B07WDTNNJR,2025-06-23
B07WDTNNJR,2025-07-21
B07WDTNNJR,2025-08-18
B07WDTNNJR,2025-09-15
B07WDTNNJR,2025-10-13
B07WDTNNJR,2025-11-10
B07WDTNNJR,2025-12-08
B07WDTNNJR,2026-01-05
B07WDTNNJR,2026-02-02
B07WDTNNJR,2026-03-02
B07X7V8HNM,2025-04-28
B07X7V8HNM,2025-05-26
B07X7V8HNM,2025-06-23
B07X7V8HNM,2025-07-21
B07X7V8HNM,2025-08-18
B07X7V8HNM,2025-09-15
B07X7V8HNM,2025-10-13
B07X7V8HNM,2025-11-10
B07X7V8HNM,2025-12-08
B07X7V8HNM,2026-01-05
B07X7V8HNM,2026-02-02
B07X7V8HNM,2026-03-02
B07X8G2332,2025-04-28
B07X8G2332,2025-05-26
B07X8G2332,2025-06-23
B07X8G2332,2025-07-21
B07X8G2332,2025-08-18
B07X8G2332,2025-09-15
B07X8G2332,2025-10-13
B07X8G2332,2025-11-10
B07X8G2332,2025-12-08
B07X8G2332,2026-01-05
B07X8G2332,2026-02-02
B07X8G2332,2026-03-02
B07YKBY5JC,2025-04-28
B07YKBY5JC,2025-05-26
B07YKBY5JC,2025-06-23
B07YKBY5JC,2025-07-21
B07YKBY5JC,2025-08-18
B07YKBY5JC,2025-09-15
B07YKBY5JC,2025-10-13
B07YKBY5JC,2025-11-10
B07YKBY5JC,2025-12-08
B07YKBY5JC,2026-01-05
B07YKBY5JC,2026-02-02
B07YKBY5JC,2026-03-02
B07YKCXYK2,2025-04-28
B07YKCXYK2,2025-05-26
B07YKCXYK2,2025-06-23
B07YKCXYK2,2025-07-21
B07YKCXYK2,2025-08-18
B07YKCXYK2,2025-09-15
B07YKCXYK2,2025-10-13
B07YKCXYK2,2025-11-10
B07YKCXYK2,2025-12-08
B07YKCXYK2,2026-01-05
B07YKCXYK2,2026-02-02
B07YKCXYK2,2026-03-02
B07YKDJQNV,2025-04-28
B07YKDJQNV,2025-05-26
B07YKDJQNV,2025-06-23
B07YKDJQNV,2025-07-21
B07YKDJQNV,2025-08-18
B07YKDJQNV,2025-09-15
B07YKDJQNV,2025-10-13
B07YKDJQNV,2025-11-10
B07YKDJQNV,2025-12-08
B07YKDJQNV,2026-01-05
B07YKDJQNV,2026-02-02
B07YKDJQNV,2026-03-02
B07YVSMXXV,2025-04-28
B07YVSMXXV,2025-05-26
B07YVSMXXV,2025-06-23
B07YVSMXXV,2025-07-21
B07YVSMXXV,2025-08-18
B07YVSMXXV,2025-09-15
B07YVSMXXV,2025-10-13
B07YVSMXXV,2025-11-10
B07YVSMXXV,2025-12-08
B07YVSMXXV,2026-01-05
B07YVSMXXV,2026-02-02
B07YVSMXXV,2026-03-02
B07YVSRKNL,2025-04-28
B07YVSRKNL,2025-05-26
B07YVSRKNL,2025-06-23
B07YVSRKNL,2025-07-21
B07YVSRKNL,2025-08-18
B07YVSRKNL,2025-09-15
B07YVSRKNL,2025-10-13
B07YVSRKNL,2025-11-10
B07YVSRKNL,2025-12-08
B07YVSRKNL,2026-01-05
B07YVSRKNL,2026-02-02
B07YVSRKNL,2026-03-02
B07YYP3HLT,2025-04-28
B07YYP3HLT,2025-05-26
B07YYP3HLT,2025-06-23
B07YYP3HLT,2025-07-21
B07YYP3HLT,2025-08-18
B07YYP3HLT,2025-09-15
B07YYP3HLT,2025-10-13
B07YYP3HLT,2025-11-10
B07YYP3HLT,2025-12-08
B07YYP3HLT,2026-01-05
B07YYP3HLT,2026-02-02
B07YYP3HLT,2026-03-02
B081J2MCX2,2025-04-28
B081J2MCX2,2025-05-26
B081J2MCX2,2025-06-23
B081J2MCX2,2025-07-21
B081J2MCX2,2025-08-18
B081J2MCX2,2025-09-15
B081J2MCX2,2025-10-13
B081J2MCX2,2025-11-10
B081J2MCX2,2025-12-08
B081J2MCX2,2026-01-05
B081J2MCX2,2026-02-02
B081J2MCX2,2026-03-02
B082PH6QF1,2025-04-28
B082PH6QF1,2025-05-26
B082PH6QF1,2025-06-23
B082PH6QF1,2025-07-21
B082PH6QF1,2025-08-18
B082PH6QF1,2025-09-15
B082PH6QF1,2025-10-13
B082PH6QF1,2025-11-10
B082PH6QF1,2025-12-08
B082PH6QF1,2026-01-05
B082PH6QF1,2026-02-02
B082PH6QF1,2026-03-02
B0834TT88M,2025-04-28
B0834TT88M,2025-05-26
B0834TT88M,2025-06-23
B0834TT88M,2025-07-21
B0834TT88M,2025-08-18
B0834TT88M,2025-09-15
B0834TT88M,2025-10-13
B0834TT88M,2025-11-10
B0834TT88M,2025-12-08
B0834TT88M,2026-01-05
B0834TT88M,2026-02-02
B0834TT88M,2026-03-02
B0834VHBXC,2025-04-28
B0834VHBXC,2025-05-26
B0834VHBXC,2025-06-23
B0834VHBXC,2025-07-21
B0834VHBXC,2025-08-18
B0834VHBXC,2025-09-15
B0834VHBXC,2025-10-13
B0834VHBXC,2025-11-10
B0834VHBXC,2025-12-08
B0834VHBXC,2026-01-05
B0834VHBXC,2026-02-02
B0834VHBXC,2026-03-02
B083HYYK2T,2025-04-28
B083HYYK2T,2025-05-26
B083HYYK2T,2025-06-23
B083HYYK2T,2025-07-21
B083HYYK2T,2025-08-18
B083HYYK2T,2025-09-15
B083HYYK2T,2025-10-13
B083HYYK2T,2025-11-10
B083HYYK2T,2025-12-08
B083HYYK2T,2026-01-05
B083HYYK2T,2026-02-02
B083HYYK2T,2026-03-02
B083J894TY,2025-04-28
B083J894TY,2025-05-26
B083J894TY,2025-06-23
B083J894TY,2025-07-21
B083J894TY,2025-08-18
B083J894TY,2025-09-15
B083J894TY,2025-10-13
B083J894TY,2025-11-10
B083J894TY,2025-12-08
B083J894TY,2026-01-05
B083J894TY,2026-02-02
B083J894TY,2026-03-02
B085RRKCFF,2025-04-28
B085RRKCFF,2025-05-26
B085RRKCFF,2025-06-23
B085RRKCFF,2025-07-21
B085RRKCFF,2025-08-18
B085RRKCFF,2025-09-15
B085RRKCFF,2025-10-13
B085RRKCFF,2025-11-10
B085RRKCFF,2025-12-08
B085RRKCFF,2026-01-05
B085RRKCFF,2026-02-02
B085RRKCFF,2026-03-02
B086GQNHLT,2025-04-28
B086GQNHLT,2025-05-26
B086GQNHLT,2025-06-23
B086GQNHLT,2025-07-21
B086GQNHLT,2025-08-18
B086GQNHLT,2025-09-15
B086GQNHLT,2025-10-13
B086GQNHLT,2025-11-10
B086GQNHLT,2025-12-08
B086GQNHLT,2026-01-05
B086GQNHLT,2026-02-02
B086GQNHLT,2026-03-02
B087GBRQYC,2025-04-28
B087GBRQYC,2025-05-26
B087GBRQYC,2025-06-23
B087GBRQYC,2025-07-21
B087GBRQYC,2025-08-18
B087GBRQYC,2025-09-15
B087GBRQYC,2025-10-13
B087GBRQYC,2025-11-10
B087GBRQYC,2025-12-08
B087GBRQYC,2026-01-05
B087GBRQYC,2026-02-02
B087GBRQYC,2026-03-02
B088K8K6ZF,2025-04-28
B088K8K6ZF,2025-05-26
B088K8K6ZF,2025-06-23
B088K8K6ZF,2025-07-21
B088K8K6ZF,2025-08-18
B088K8K6ZF,2025-09-15
B088K8K6ZF,2025-10-13
B088K8K6ZF,2025-11-10
B088K8K6ZF,2025-12-08
B088K8K6ZF,2026-01-05
B088K8K6ZF,2026-02-02
B088K8K6ZF,2026-03-02
B088NHMYSX,2025-04-28
B088NHMYSX,2025-05-26
B088NHMYSX,2025-06-23
B088NHMYSX,2025-07-21
B088NHMYSX,2025-08-18
B088NHMYSX,2025-09-15
B088NHMYSX,2025-10-13
B088NHMYSX,2025-11-10
B088NHMYSX,2025-12-08
B088NHMYSX,2026-01-05
B088NHMYSX,2026-02-02
B088NHMYSX,2026-03-02
B088WBKRBP,2025-04-28
B088WBKRBP,2025-05-26
B088WBKRBP,2025-06-23
B088WBKRBP,2025-07-21
B088WBKRBP,2025-08-18
B088WBKRBP,2025-09-15
B088WBKRBP,2025-10-13
B088WBKRBP,2025-11-10
B088WBKRBP,2025-12-08
B088WBKRBP,2026-01-05
B088WBKRBP,2026-02-02
B088WBKRBP,2026-03-02
B088WHWPHJ,2025-04-28
B088WHWPHJ,2025-05-26
B088WHWPHJ,2025-06-23
B088WHWPHJ,2025-07-21
B088WHWPHJ,2025-08-18
B088WHWPHJ,2025-09-15
B088WHWPHJ,2025-10-13
B088WHWPHJ,2025-11-10
B088WHWPHJ,2025-12-08
B088WHWPHJ,2026-01-05
B088WHWPHJ,2026-02-02
B088WHWPHJ,2026-03-02
B08BJ6C5QQ,2025-04-28
B08BJ6C5QQ,2025-05-26
B08BJ6C5QQ,2025-06-23
B08BJ6C5QQ,2025-07-21
B08BJ6C5QQ,2025-08-18
B08BJ6C5QQ,2025-09-15
B08BJ6C5QQ,2025-10-13
B08BJ6C5QQ,2025-11-10
B08BJ6C5QQ,2025-12-08
B08BJ6C5QQ,2026-01-05
B08BJ6C5QQ,2026-02-02
B08BJ6C5QQ,2026-03-02
B08C27Z9JG,2025-04-28
B08C27Z9JG,2025-05-26
B08C27Z9JG,2025-06-23
B08C27Z9JG,2025-07-21
B08C27Z9JG,2025-08-18
B08C27Z9JG,2025-09-15
B08C27Z9JG,2025-10-13
B08C27Z9JG,2025-11-10
B08C27Z9JG,2025-12-08
B08C27Z9JG,2026-01-05
B08C27Z9JG,2026-02-02
B08C27Z9JG,2026-03-02
B08C2W7ZBK,2025-04-28
B08C2W7ZBK,2025-05-26
B08C2W7ZBK,2025-06-23
B08C2W7ZBK,2025-07-21
B08C2W7ZBK,2025-08-18
B08C2W7ZBK,2025-09-15
B08C2W7ZBK,2025-10-13
B08C2W7ZBK,2025-11-10
B08C2W7ZBK,2025-12-08
B08C2W7ZBK,2026-01-05
B08C2W7ZBK,2026-02-02
B08C2W7ZBK,2026-03-02
B08C68Z7QB,2025-04-28
B08C68Z7QB,2025-05-26
B08C68Z7QB,2025-06-23
B08C68Z7QB,2025-07-21
B08C68Z7QB,2025-08-18
B08C68Z7QB,2025-09-15
B08C68Z7QB,2025-10-13
B08C68Z7QB,2025-11-10
B08C68Z7QB,2025-12-08
B08C68Z7QB,2026-01-05
B08C68Z7QB,2026-02-02
B08C68Z7QB,2026-03-02
B08CZ188WZ,2025-04-28
B08CZ188WZ,2025-05-26
B08CZ188WZ,2025-06-23
B08CZ188WZ,2025-07-21
B08CZ188WZ,2025-08-18
B08CZ188WZ,2025-09-15
B08CZ188WZ,2025-10-13
B08CZ188WZ,2025-11-10
B08CZ188WZ,2025-12-08
B08CZ188WZ,2026-01-05
B08CZ188WZ,2026-02-02
B08CZ188WZ,2026-03-02
B08DFJ77BB,2025-04-28
B08DFJ77BB,2025-05-26
B08DFJ77BB,2025-06-23
B08DFJ77BB,2025-07-21
B08DFJ77BB,2025-08-18
B08DFJ77BB,2025-09-15
B08DFJ77BB,2025-10-13
B08DFJ77BB,2025-11-10
B08DFJ77BB,2025-12-08
B08DFJ77BB,2026-01-05
B08DFJ77BB,2026-02-02
B08DFJ77BB,2026-03-02
B08FMF44YF,2025-04-28
B08FMF44YF,2025-05-26
B08FMF44YF,2025-06-23
B08FMF44YF,2025-07-21
B08FMF44YF,2025-08-18
B08FMF44YF,2025-09-15
B08FMF44YF,2025-10-13
B08FMF44YF,2025-11-10
B08FMF44YF,2025-12-08
B08FMF44YF,2026-01-05
B08FMF44YF,2026-02-02
B08FMF44YF,2026-03-02
B08FNV5HKH,2025-04-28
B08FNV5HKH,2025-05-26
B08FNV5HKH,2025-06-23
B08FNV5HKH,2025-07-21
B08FNV5HKH,2025-08-18
B08FNV5HKH,2025-09-15
B08FNV5HKH,2025-10-13
B08FNV5HKH,2025-11-10
B08FNV5HKH,2025-12-08
B08FNV5HKH,2026-01-05
B08FNV5HKH,2026-02-02
B08FNV5HKH,2026-03-02
B08GL6FH9H,2025-04-28
B08GL6FH9H,2025-05-26
B08GL6FH9H,2025-06-23
B08GL6FH9H,2025-07-21
B08GL6FH9H,2025-08-18
B08GL6FH9H,2025-09-15
B08GL6FH9H,2025-10-13
B08GL6FH9H,2025-11-10
B08GL6FH9H,2025-12-08
B08GL6FH9H,2026-01-05
B08GL6FH9H,2026-02-02
B08GL6FH9H,2026-03-02
B08HCBXM4Z,2025-04-28
B08HCBXM4Z,2025-05-26
B08HCBXM4Z,2025-06-23
B08HCBXM4Z,2025-07-21
B08HCBXM4Z,2025-08-18
B08HCBXM4Z,2025-09-15
B08HCBXM4Z,2025-10-13
B08HCBXM4Z,2025-11-10
B08HCBXM4Z,2025-12-08
B08HCBXM4Z,2026-01-05
B08HCBXM4Z,2026-02-02
B08HCBXM4Z,2026-03-02
B08L34JRKJ,2025-04-28
B08L34JRKJ,2025-05-26
B08L34JRKJ,2025-06-23
B08L34JRKJ,2025-07-21
B08L34JRKJ,2025-08-18
B08L34JRKJ,2025-09-15
B08L34JRKJ,2025-10-13
B08L34JRKJ,2025-11-10
B08L34JRKJ,2025-12-08
B08L34JRKJ,2026-01-05
B08L34JRKJ,2026-02-02
B08L34JRKJ,2026-03-02
B08L3YWT6Y,2025-04-28
B08L3YWT6Y,2025-05-26
B08L3YWT6Y,2025-06-23
B08L3YWT6Y,2025-07-21
B08L3YWT6Y,2025-08-18
B08L3YWT6Y,2025-09-15
B08L3YWT6Y,2025-10-13
B08L3YWT6Y,2025-11-10
B08L3YWT6Y,2025-12-08
B08L3YWT6Y,2026-01-05
B08L3YWT6Y,2026-02-02
B08L3YWT6Y,2026-03-02
B08LSBMWXL,2025-04-28
B08LSBMWXL,2025-05-26
B08LSBMWXL,2025-06-23
B08LSBMWXL,2025-07-21
B08LSBMWXL,2025-08-18
B08LSBMWXL,2025-09-15
B08LSBMWXL,2025-10-13
B08LSBMWXL,2025-11-10
B08LSBMWXL,2025-12-08
B08LSBMWXL,2026-01-05
B08LSBMWXL,2026-02-02
B08LSBMWXL,2026-03-02
B08LSPV3ZW,2025-04-28
B08LSPV3ZW,2025-05-26
B08LSPV3ZW,2025-06-23
B08LSPV3ZW,2025-07-21
B08LSPV3ZW,2025-08-18
B08LSPV3ZW,2025-09-15
B08LSPV3ZW,2025-10-13
B08LSPV3ZW,2025-11-10
B08LSPV3ZW,2025-12-08
B08LSPV3ZW,2026-01-05
B08LSPV3ZW,2026-02-02
B08LSPV3ZW,2026-03-02
B08LSSPKW3,2025-04-28
B08LSSPKW3,2025-05-26
B08LSSPKW3,2025-06-23
B08LSSPKW3,2025-07-21
B08LSSPKW3,2025-08-18
B08LSSPKW3,2025-09-15
B08LSSPKW3,2025-10-13
B08LSSPKW3,2025-11-10
B08LSSPKW3,2025-12-08
B08LSSPKW3,2026-01-05
B08LSSPKW3,2026-02-02
B08LSSPKW3,2026-03-02
B08NXGVLFN,2025-04-28
B08NXGVLFN,2025-05-26
B08NXGVLFN,2025-06-23
B08NXGVLFN,2025-07-21
B08NXGVLFN,2025-08-18
B08NXGVLFN,2025-09-15
B08NXGVLFN,2025-10-13
B08NXGVLFN,2025-11-10
B08NXGVLFN,2025-12-08
B08NXGVLFN,2026-01-05
B08NXGVLFN,2026-02-02
B08NXGVLFN,2026-03-02
B08PDTC2BC,2025-04-28
B08PDTC2BC,2025-05-26
B08PDTC2BC,2025-06-23
B08PDTC2BC,2025-07-21
B08PDTC2BC,2025-08-18
B08PDTC2BC,2025-09-15
B08PDTC2BC,2025-10-13
B08PDTC2BC,2025-11-10
B08PDTC2BC,2025-12-08
B08PDTC2BC,2026-01-05
B08PDTC2BC,2026-02-02
B08PDTC2BC,2026-03-02
B08PDW4RGL,2025-04-28
B08PDW4RGL,2025-05-26
B08PDW4RGL,2025-06-23
B08PDW4RGL,2025-07-21
B08PDW4RGL,2025-08-18
B08PDW4RGL,2025-09-15
B08PDW4RGL,2025-10-13
B08PDW4RGL,2025-11-10
B08PDW4RGL,2025-12-08
B08PDW4RGL,2026-01-05
B08PDW4RGL,2026-02-02
B08PDW4RGL,2026-03-02
B08QBRHL9B,2025-04-28
B08QBRHL9B,2025-05-26
B08QBRHL9B,2025-06-23
B08QBRHL9B,2025-07-21
B08QBRHL9B,2025-08-18
B08QBRHL9B,2025-09-15
B08QBRHL9B,2025-10-13
B08QBRHL9B,2025-11-10
B08QBRHL9B,2025-12-08
B08QBRHL9B,2026-01-05
B08QBRHL9B,2026-02-02
B08QBRHL9B,2026-03-02
B08QHQ3P3R,2025-04-28
B08QHQ3P3R,2025-05-26
B08QHQ3P3R,2025-06-23
B08QHQ3P3R,2025-07-21
B08QHQ3P3R,2025-08-18
B08QHQ3P3R,2025-09-15
B08QHQ3P3R,2025-10-13
B08QHQ3P3R,2025-11-10
B08QHQ3P3R,2025-12-08
B08QHQ3P3R,2026-01-05
B08QHQ3P3R,2026-02-02
B08QHQ3P3R,2026-03-02
B08QHRF7SR,2025-04-28
B08QHRF7SR,2025-05-26
B08QHRF7SR,2025-06-23
B08QHRF7SR,2025-07-21
B08QHRF7SR,2025-08-18
B08QHRF7SR,2025-09-15
B08QHRF7SR,2025-10-13
B08QHRF7SR,2025-11-10
B08QHRF7SR,2025-12-08
B08QHRF7SR,2026-01-05
B08QHRF7SR,2026-02-02
B08QHRF7SR,2026-03-02
B08R5LF233,2025-04-28
B08R5LF233,2025-05-26
B08R5LF233,2025-06-23
B08R5LF233,2025-07-21
B08R5LF233,2025-08-18
B08R5LF233,2025-09-15
B08R5LF233,2025-10-13
B08R5LF233,2025-11-10
B08R5LF233,2025-12-08
B08R5LF233,2026-01-05
B08R5LF233,2026-02-02
B08R5LF233,2026-03-02
B08TMHLPWJ,2025-04-28
B08TMHLPWJ,2025-05-26
B08TMHLPWJ,2025-06-23
B08TMHLPWJ,2025-07-21
B08TMHLPWJ,2025-08-18
B08TMHLPWJ,2025-09-15
B08TMHLPWJ,2025-10-13
B08TMHLPWJ,2025-11-10
B08TMHLPWJ,2025-12-08
B08TMHLPWJ,2026-01-05
B08TMHLPWJ,2026-02-02
B08TMHLPWJ,2026-03-02
B08VBY659F,2025-04-28
B08VBY659F,2025-05-26
B08VBY659F,2025-06-23
B08VBY659F,2025-07-21
B08VBY659F,2025-08-18
B08VBY659F,2025-09-15
B08VBY659F,2025-10-13
B08VBY659F,2025-11-10
B08VBY659F,2025-12-08
B08VBY659F,2026-01-05
B08VBY659F,2026-02-02
B08VBY659F,2026-03-02
B08Y1LKR76,2025-04-28
B08Y1LKR76,2025-05-26
B08Y1LKR76,2025-06-23
B08Y1LKR76,2025-07-21
B08Y1LKR76,2025-08-18
B08Y1LKR76,2025-09-15
B08Y1LKR76,2025-10-13
B08Y1LKR76,2025-11-10
B08Y1LKR76,2025-12-08
B08Y1LKR76,2026-01-05
B08Y1LKR76,2026-02-02
B08Y1LKR76,2026-03-02
B08YNGSVX7,2025-04-28
B08YNGSVX7,2025-05-26
B08YNGSVX7,2025-06-23
B08YNGSVX7,2025-07-21
B08YNGSVX7,2025-08-18
B08YNGSVX7,2025-09-15
B08YNGSVX7,2025-10-13
B08YNGSVX7,2025-11-10
B08YNGSVX7,2025-12-08
B08YNGSVX7,2026-01-05
B08YNGSVX7,2026-02-02
B08YNGSVX7,2026-03-02
B09228ZPP8,2025-04-28
B09228ZPP8,2025-05-26
B09228ZPP8,2025-06-23
B09228ZPP8,2025-07-21
B09228ZPP8,2025-08-18
B09228ZPP8,2025-09-15
B09228ZPP8,2025-10-13
B09228ZPP8,2025-11-10
B09228ZPP8,2025-12-08
B09228ZPP8,2026-01-05
B09228ZPP8,2026-02-02
B09228ZPP8,2026-03-02
B092511PGJ,2025-04-28
B092511PGJ,2025-05-26
B092511PGJ,2025-06-23
B092511PGJ,2025-07-21
B092511PGJ,2025-08-18
B092511PGJ,2025-09-15
B092511PGJ,2025-10-13
B092511PGJ,2025-11-10
B092511PGJ,2025-12-08
B092511PGJ,2026-01-05
B092511PGJ,2026-02-02
B092511PGJ,2026-03-02
B0936ZNBNR,2025-04-28
B0936ZNBNR,2025-05-26
B0936ZNBNR,2025-06-23
B0936ZNBNR,2025-07-21
B0936ZNBNR,2025-08-18
B0936ZNBNR,2025-09-15
B0936ZNBNR,2025-10-13
B0936ZNBNR,2025-11-10
B0936ZNBNR,2025-12-08
B0936ZNBNR,2026-01-05
B0936ZNBNR,2026-02-02
B0936ZNBNR,2026-03-02
B09371WZYB,2025-04-28
B09371WZYB,2025-05-26
B09371WZYB,2025-06-23
B09371WZYB,2025-07-21
B09371WZYB,2025-08-18
B09371WZYB,2025-09-15
B09371WZYB,2025-10-13
B09371WZYB,2025-11-10
B09371WZYB,2025-12-08
B09371WZYB,2026-01-05
B09371WZYB,2026-02-02
B09371WZYB,2026-03-02
B093RDJVLB,2025-04-28
B093RDJVLB,2025-05-26
B093RDJVLB,2025-06-23
B093RDJVLB,2025-07-21
B093RDJVLB,2025-08-18
B093RDJVLB,2025-09-15
B093RDJVLB,2025-10-13
B093RDJVLB,2025-11-10
B093RDJVLB,2025-12-08
B093RDJVLB,2026-01-05
B093RDJVLB,2026-02-02
B093RDJVLB,2026-03-02
B093RVSC35,2025-04-28
B093RVSC35,2025-05-26
B093RVSC35,2025-06-23
B093RVSC35,2025-07-21
B093RVSC35,2025-08-18
B093RVSC35,2025-09-15
B093RVSC35,2025-10-13
B093RVSC35,2025-11-10
B093RVSC35,2025-12-08
B093RVSC35,2026-01-05
B093RVSC35,2026-02-02
B093RVSC35,2026-03-02
B093T8DWYY,2025-04-28
B093T8DWYY,2025-05-26
B093T8DWYY,2025-06-23
B093T8DWYY,2025-07-21
B093T8DWYY,2025-08-18
B093T8DWYY,2025-09-15
B093T8DWYY,2025-10-13
B093T8DWYY,2025-11-10
B093T8DWYY,2025-12-08
B093T8DWYY,2026-01-05
B093T8DWYY,2026-02-02
B093T8DWYY,2026-03-02
B093VCL21X,2025-04-28
B093VCL21X,2025-05-26
B093VCL21X,2025-06-23
B093VCL21X,2025-07-21
B093VCL21X,2025-08-18
B093VCL21X,2025-09-15
B093VCL21X,2025-10-13
B093VCL21X,2025-11-10
B093VCL21X,2025-12-08
B093VCL21X,2026-01-05
B093VCL21X,2026-02-02
B093VCL21X,2026-03-02
B093VCNKS3,2025-04-28
B093VCNKS3,2025-05-26
B093VCNKS3,2025-06-23
B093VCNKS3,2025-07-21
B093VCNKS3,2025-08-18
B093VCNKS3,2025-09-15
B093VCNKS3,2025-10-13
B093VCNKS3,2025-11-10
B093VCNKS3,2025-12-08
B093VCNKS3,2026-01-05
B093VCNKS3,2026-02-02
B093VCNKS3,2026-03-02
B093VGZL7G,2025-04-28
B093VGZL7G,2025-05-26
B093VGZL7G,2025-06-23
B093VGZL7G,2025-07-21
B093VGZL7G,2025-08-18
B093VGZL7G,2025-09-15
B093VGZL7G,2025-10-13
B093VGZL7G,2025-11-10
B093VGZL7G,2025-12-08
B093VGZL7G,2026-01-05
B093VGZL7G,2026-02-02
B093VGZL7G,2026-03-02
B094FMMPC9,2025-04-28
B094FMMPC9,2025-05-26
B094FMMPC9,2025-06-23
B094FMMPC9,2025-07-21
B094FMMPC9,2025-08-18
B094FMMPC9,2025-09-15
B094FMMPC9,2025-10-13
B094FMMPC9,2025-11-10
B094FMMPC9,2025-12-08
B094FMMPC9,2026-01-05
B094FMMPC9,2026-02-02
B094FMMPC9,2026-03-02
B094JZH92G,2025-04-28
B094JZH92G,2025-05-26
B094JZH92G,2025-06-23
B094JZH92G,2025-07-21
B094JZH92G,2025-08-18
B094JZH92G,2025-09-15
B094JZH92G,2025-10-13
B094JZH92G,2025-11-10
B094JZH92G,2025-12-08
B094JZH92G,2026-01-05
B094JZH92G,2026-02-02
B094JZH92G,2026-03-02
B094LG2QX9,2025-04-28
B094LG2QX9,2025-05-26
B094LG2QX9,2025-06-23
B094LG2QX9,2025-07-21
B094LG2QX9,2025-08-18
B094LG2QX9,2025-09-15
B094LG2QX9,2025-10-13
B094LG2QX9,2025-11-10
B094LG2QX9,2025-12-08
B094LG2QX9,2026-01-05
B094LG2QX9,2026-02-02
B094LG2QX9,2026-03-02
B094LYC635,2025-04-28
B094LYC635,2025-05-26
B094LYC635,2025-06-23
B094LYC635,2025-07-21
B094LYC635,2025-08-18
B094LYC635,2025-09-15
B094LYC635,2025-10-13
B094LYC635,2025-11-10
B094LYC635,2025-12-08
B094LYC635,2026-01-05
B094LYC635,2026-02-02
B094LYC635,2026-03-02
B094NTSG6D,2025-04-28
B094NTSG6D,2025-05-26
B094NTSG6D,2025-06-23
B094NTSG6D,2025-07-21
B094NTSG6D,2025-08-18
B094NTSG6D,2025-09-15
B094NTSG6D,2025-10-13
B094NTSG6D,2025-11-10
B094NTSG6D,2025-12-08
B094NTSG6D,2026-01-05
B094NTSG6D,2026-02-02
B094NTSG6D,2026-03-02
B095HF1PDN,2025-04-28
B095HF1PDN,2025-05-26
B095HF1PDN,2025-06-23
B095HF1PDN,2025-07-21
B095HF1PDN,2025-08-18
B095HF1PDN,2025-09-15
B095HF1PDN,2025-10-13
B095HF1PDN,2025-11-10
B095HF1PDN,2025-12-08
B095HF1PDN,2026-01-05
B095HF1PDN,2026-02-02
B095HF1PDN,2026-03-02
B095HMG1JG,2025-04-28
B095HMG1JG,2025-05-26
B095HMG1JG,2025-06-23
B095HMG1JG,2025-07-21
B095HMG1JG,2025-08-18
B095HMG1JG,2025-09-15
B095HMG1JG,2025-10-13
B095HMG1JG,2025-11-10
B095HMG1JG,2025-12-08
B095HMG1JG,2026-01-05
B095HMG1JG,2026-02-02
B095HMG1JG,2026-03-02
B0961654JT,2025-04-28
B0961654JT,2025-05-26
B0961654JT,2025-06-23
B0961654JT,2025-07-21
B0961654JT,2025-08-18
B0961654JT,2025-09-15
B0961654JT,2025-10-13
B0961654JT,2025-11-10
B0961654JT,2025-12-08
B0961654JT,2026-01-05
B0961654JT,2026-02-02
B0961654JT,2026-03-02
B096KMHHSK,2025-04-28
B096KMHHSK,2025-05-26
B096KMHHSK,2025-06-23
B096KMHHSK,2025-07-21
B096KMHHSK,2025-08-18
B096KMHHSK,2025-09-15
B096KMHHSK,2025-10-13
B096KMHHSK,2025-11-10
B096KMHHSK,2025-12-08
B096KMHHSK,2026-01-05
B096KMHHSK,2026-02-02
B096KMHHSK,2026-03-02
B097K7H7N4,2025-04-28
B097K7H7N4,2025-05-26
B097K7H7N4,2025-06-23
B097K7H7N4,2025-07-21
B097K7H7N4,2025-08-18
B097K7H7N4,2025-09-15
B097K7H7N4,2025-10-13
B097K7H7N4,2025-11-10
B097K7H7N4,2025-12-08
B097K7H7N4,2026-01-05
B097K7H7N4,2026-02-02
B097K7H7N4,2026-03-02
B0983L2N9G,2025-04-28
B0983L2N9G,2025-05-26
B0983L2N9G,2025-06-23
B0983L2N9G,2025-07-21
B0983L2N9G,2025-08-18
B0983L2N9G,2025-09-15
B0983L2N9G,2025-10-13
B0983L2N9G,2025-11-10
B0983L2N9G,2025-12-08
B0983L2N9G,2026-01-05
B0983L2N9G,2026-02-02
B0983L2N9G,2026-03-02
B098VX1J4K,2025-04-28
B098VX1J4K,2025-05-26
B098VX1J4K,2025-06-23
B098VX1J4K,2025-07-21
B098VX1J4K,2025-08-18
B098VX1J4K,2025-09-15
B098VX1J4K,2025-10-13
B098VX1J4K,2025-11-10
B098VX1J4K,2025-12-08
B098VX1J4K,2026-01-05
B098VX1J4K,2026-02-02
B098VX1J4K,2026-03-02
B099MW7XM7,2025-04-28
B099MW7XM7,2025-05-26
B099MW7XM7,2025-06-23
B099MW7XM7,2025-07-21
B099MW7XM7,2025-08-18
B099MW7XM7,2025-09-15
B099MW7XM7,2025-10-13
B099MW7XM7,2025-11-10
B099MW7XM7,2025-12-08
B099MW7XM7,2026-01-05
B099MW7XM7,2026-02-02
B099MW7XM7,2026-03-02
B099W94R5P,2025-04-28
B099W94R5P,2025-05-26
B099W94R5P,2025-06-23
B099W94R5P,2025-07-21
B099W94R5P,2025-08-18
B099W94R5P,2025-09-15
B099W94R5P,2025-10-13
B099W94R5P,2025-11-10
B099W94R5P,2025-12-08
B099W94R5P,2026-01-05
B099W94R5P,2026-02-02
B099W94R5P,2026-03-02
B099ZJR8ZK,2025-04-28
B099ZJR8ZK,2025-05-26
B099ZJR8ZK,2025-06-23
B099ZJR8ZK,2025-07-21
B099ZJR8ZK,2025-08-18
B099ZJR8ZK,2025-09-15
B099ZJR8ZK,2025-10-13
B099ZJR8ZK,2025-11-10
B099ZJR8ZK,2025-12-08
B099ZJR8ZK,2026-01-05
B099ZJR8ZK,2026-02-02
B099ZJR8ZK,2026-03-02
B09B74NJZL,2025-04-28
B09B74NJZL,2025-05-26
B09B74NJZL,2025-06-23
B09B74NJZL,2025-07-21
B09B74NJZL,2025-08-18
B09B74NJZL,2025-09-15
B09B74NJZL,2025-10-13
B09B74NJZL,2025-11-10
B09B74NJZL,2025-12-08
B09B74NJZL,2026-01-05
B09B74NJZL,2026-02-02
B09B74NJZL,2026-03-02
B09CTWBM4L,2025-04-28
B09CTWBM4L,2025-05-26
B09CTWBM4L,2025-06-23
B09CTWBM4L,2025-07-21
B09CTWBM4L,2025-08-18
B09CTWBM4L,2025-09-15
B09CTWBM4L,2025-10-13
B09CTWBM4L,2025-11-10
B09CTWBM4L,2025-12-08
B09CTWBM4L,2026-01-05
B09CTWBM4L,2026-02-02
B09CTWBM4L,2026-03-02
B09DCC21B1,2025-04-28
B09DCC21B1,2025-05-26
B09DCC21B1,2025-06-23
B09DCC21B1,2025-07-21
B09DCC21B1,2025-08-18
B09DCC21B1,2025-09-15
B09DCC21B1,2025-10-13
B09DCC21B1,2025-11-10
B09DCC21B1,2025-12-08
B09DCC21B1,2026-01-05
B09DCC21B1,2026-02-02
B09DCC21B1,2026-03-02
B09DCCQFQL,2025-04-28
B09DCCQFQL,2025-05-26
B09DCCQFQL,2025-06-23
B09DCCQFQL,2025-07-21
B09DCCQFQL,2025-08-18
B09DCCQFQL,2025-09-15
B09DCCQFQL,2025-10-13
B09DCCQFQL,2025-11-10
B09DCCQFQL,2025-12-08
B09DCCQFQL,2026-01-05
B09DCCQFQL,2026-02-02
B09DCCQFQL,2026-03-02
B09FPB75MH,2025-04-28
B09FPB75MH,2025-05-26
B09FPB75MH,2025-06-23
B09FPB75MH,2025-07-21
B09FPB75MH,2025-08-18
B09FPB75MH,2025-09-15
B09FPB75MH,2025-10-13
B09FPB75MH,2025-11-10
B09FPB75MH,2025-12-08
B09FPB75MH,2026-01-05
B09FPB75MH,2026-02-02
B09FPB75MH,2026-03-02
B09H7NRFB1,2025-04-28
B09H7NRFB1,2025-05-26
B09H7NRFB1,2025-06-23
B09H7NRFB1,2025-07-21
B09H7NRFB1,2025-08-18
B09H7NRFB1,2025-09-15
B09H7NRFB1,2025-10-13
B09H7NRFB1,2025-11-10
B09H7NRFB1,2025-12-08
B09H7NRFB1,2026-01-05
B09H7NRFB1,2026-02-02
B09H7NRFB1,2026-03-02
B09LHD7V1J,2025-04-28
B09LHD7V1J,2025-05-26
B09LHD7V1J,2025-06-23
B09LHD7V1J,2025-07-21
B09LHD7V1J,2025-08-18
B09LHD7V1J,2025-09-15
B09LHD7V1J,2025-10-13
B09LHD7V1J,2025-11-10
B09LHD7V1J,2025-12-08
B09LHD7V1J,2026-01-05
B09LHD7V1J,2026-02-02
B09LHD7V1J,2026-03-02
B09MSZLBLG,2025-04-28
B09MSZLBLG,2025-05-26
B09MSZLBLG,2025-06-23
B09MSZLBLG,2025-07-21
B09MSZLBLG,2025-08-18
B09MSZLBLG,2025-09-15
B09MSZLBLG,2025-10-13
B09MSZLBLG,2025-11-10
B09MSZLBLG,2025-12-08
B09MSZLBLG,2026-01-05
B09MSZLBLG,2026-02-02
B09MSZLBLG,2026-03-02
B09N3P92LN,2025-04-28
B09N3P92LN,2025-05-26
B09N3P92LN,2025-06-23
B09N3P92LN,2025-07-21
B09N3P92LN,2025-08-18
B09N3P92LN,2025-09-15
B09N3P92LN,2025-10-13
B09N3P92LN,2025-11-10
B09N3P92LN,2025-12-08
B09N3P92LN,2026-01-05
B09N3P92LN,2026-02-02
B09N3P92LN,2026-03-02
B09N3Q9M9L,2025-04-28
B09N3Q9M9L,2025-05-26
B09N3Q9M9L,2025-06-23
B09N3Q9M9L,2025-07-21
B09N3Q9M9L,2025-08-18
B09N3Q9M9L,2025-09-15
B09N3Q9M9L,2025-10-13
B09N3Q9M9L,2025-11-10
B09N3Q9M9L,2025-12-08
B09N3Q9M9L,2026-01-05
B09N3Q9M9L,2026-02-02
B09N3Q9M9L,2026-03-02
B09NMJXD33,2025-04-28
B09NMJXD33,2025-05-26
B09NMJXD33,2025-06-23
B09NMJXD33,2025-07-21
B09NMJXD33,2025-08-18
B09NMJXD33,2025-09-15
B09NMJXD33,2025-10-13
B09NMJXD33,2025-11-10
B09NMJXD33,2025-12-08
B09NMJXD33,2026-01-05
B09NMJXD33,2026-02-02
B09NMJXD33,2026-03-02
B09NMKF6VM,2025-04-28
B09NMKF6VM,2025-05-26
B09NMKF6VM,2025-06-23
B09NMKF6VM,2025-07-21
B09NMKF6VM,2025-08-18
B09NMKF6VM,2025-09-15
B09NMKF6VM,2025-10-13
B09NMKF6VM,2025-11-10
B09NMKF6VM,2025-12-08
B09NMKF6VM,2026-01-05
B09NMKF6VM,2026-02-02
B09NMKF6VM,2026-03-02
B09NN3DQBD,2025-04-28
B09NN3DQBD,2025-05-26
B09NN3DQBD,2025-06-23
B09NN3DQBD,2025-07-21
B09NN3DQBD,2025-08-18
B09NN3DQBD,2025-09-15
B09NN3DQBD,2025-10-13
B09NN3DQBD,2025-11-10
B09NN3DQBD,2025-12-08
B09NN3DQBD,2026-01-05
B09NN3DQBD,2026-02-02
B09NN3DQBD,2026-03-02
B09RTD9N4P,2025-04-28
B09RTD9N4P,2025-05-26
B09RTD9N4P,2025-06-23
B09RTD9N4P,2025-07-21
B09RTD9N4P,2025-08-18
B09RTD9N4P,2025-09-15
B09RTD9N4P,2025-10-13
B09RTD9N4P,2025-11-10
B09RTD9N4P,2025-12-08
B09RTD9N4P,2026-01-05
B09RTD9N4P,2026-02-02
B09RTD9N4P,2026-03-02
B09SWLR97S,2025-04-28
B09SWLR97S,2025-05-26
B09SWLR97S,2025-06-23
B09SWLR97S,2025-07-21
B09SWLR97S,2025-08-18
B09SWLR97S,2025-09-15
B09SWLR97S,2025-10-13
B09SWLR97S,2025-11-10
B09SWLR97S,2025-12-08
B09SWLR97S,2026-01-05
B09SWLR97S,2026-02-02
B09SWLR97S,2026-03-02
B09TZQF8ZN,2025-04-28
B09TZQF8ZN,2025-05-26
B09TZQF8ZN,2025-06-23
B09TZQF8ZN,2025-07-21
B09TZQF8ZN,2025-08-18
B09TZQF8ZN,2025-09-15
B09TZQF8ZN,2025-10-13
B09TZQF8ZN,2025-11-10
B09TZQF8ZN,2025-12-08
B09TZQF8ZN,2026-01-05
B09TZQF8ZN,2026-02-02
B09TZQF8ZN,2026-03-02
B09TZQWH4Y,2025-04-28
B09TZQWH4Y,2025-05-26
B09TZQWH4Y,2025-06-23
B09TZQWH4Y,2025-07-21
B09TZQWH4Y,2025-08-18
B09TZQWH4Y,2025-09-15
B09TZQWH4Y,2025-10-13
B09TZQWH4Y,2025-11-10
B09TZQWH4Y,2025-12-08
B09TZQWH4Y,2026-01-05
B09TZQWH4Y,2026-02-02
B09TZQWH4Y,2026-03-02
B09TZR8MZL,2025-04-28
B09TZR8MZL,2025-05-26
B09TZR8MZL,2025-06-23
B09TZR8MZL,2025-07-21
B09TZR8MZL,2025-08-18
B09TZR8MZL,2025-09-15
B09TZR8MZL,2025-10-13
B09TZR8MZL,2025-11-10
B09TZR8MZL,2025-12-08
B09TZR8MZL,2026-01-05
B09TZR8MZL,2026-02-02
B09TZR8MZL,2026-03-02
B09VSVBB2Y,2025-04-28
B09VSVBB2Y,2025-05-26
B09VSVBB2Y,2025-06-23
B09VSVBB2Y,2025-07-21
B09VSVBB2Y,2025-08-18
B09VSVBB2Y,2025-09-15
B09VSVBB2Y,2025-10-13
B09VSVBB2Y,2025-11-10
B09VSVBB2Y,2025-12-08
B09VSVBB2Y,2026-01-05
B09VSVBB2Y,2026-02-02
B09VSVBB2Y,2026-03-02
B09YLQVN6N,2025-04-28
B09YLQVN6N,2025-05-26
B09YLQVN6N,2025-06-23
B09YLQVN6N,2025-07-21
B09YLQVN6N,2025-08-18
B09YLQVN6N,2025-09-15
B09YLQVN6N,2025-10-13
B09YLQVN6N,2025-11-10
B09YLQVN6N,2025-12-08
B09YLQVN6N,2026-01-05
B09YLQVN6N,2026-02-02
B09YLQVN6N,2026-03-02
B09YTSVPGG,2025-04-28
B09YTSVPGG,2025-05-26
B09YTSVPGG,2025-06-23
B09YTSVPGG,2025-07-21
B09YTSVPGG,2025-08-18
B09YTSVPGG,2025-09-15
B09YTSVPGG,2025-10-13
B09YTSVPGG,2025-11-10
B09YTSVPGG,2025-12-08
B09YTSVPGG,2026-01-05
B09YTSVPGG,2026-02-02
B09YTSVPGG,2026-03-02
B09YTT48XP,2025-04-28
B09YTT48XP,2025-05-26
B09YTT48XP,2025-06-23
B09YTT48XP,2025-07-21
B09YTT48XP,2025-08-18
B09YTT48XP,2025-09-15
B09YTT48XP,2025-10-13
B09YTT48XP,2025-11-10
B09YTT48XP,2025-12-08
B09YTT48XP,2026-01-05
B09YTT48XP,2026-02-02
B09YTT48XP,2026-03-02
B09YTTQ39T,2025-04-28
B09YTTQ39T,2025-05-26
B09YTTQ39T,2025-06-23
B09YTTQ39T,2025-07-21
B09YTTQ39T,2025-08-18
B09YTTQ39T,2025-09-15
B09YTTQ39T,2025-10-13
B09YTTQ39T,2025-11-10
B09YTTQ39T,2025-12-08
B09YTTQ39T,2026-01-05
B09YTTQ39T,2026-02-02
B09YTTQ39T,2026-03-02
B0B13YM4K3,2025-04-28
B0B13YM4K3,2025-05-26
B0B13YM4K3,2025-06-23
B0B13YM4K3,2025-07-21
B0B13YM4K3,2025-08-18
B0B13YM4K3,2025-09-15
B0B13YM4K3,2025-10-13
B0B13YM4K3,2025-11-10
B0B13YM4K3,2025-12-08
B0B13YM4K3,2026-01-05
B0B13YM4K3,2026-02-02
B0B13YM4K3,2026-03-02
B0B1CSZ3D6,2025-04-28
B0B1CSZ3D6,2025-05-26
B0B1CSZ3D6,2025-06-23
B0B1CSZ3D6,2025-07-21
B0B1CSZ3D6,2025-08-18
B0B1CSZ3D6,2025-09-15
B0B1CSZ3D6,2025-10-13
B0B1CSZ3D6,2025-11-10
B0B1CSZ3D6,2025-12-08
B0B1CSZ3D6,2026-01-05
B0B1CSZ3D6,2026-02-02
B0B1CSZ3D6,2026-03-02
B0B1CT36LF,2025-04-28
B0B1CT36LF,2025-05-26
B0B1CT36LF,2025-06-23
B0B1CT36LF,2025-07-21
B0B1CT36LF,2025-08-18
B0B1CT36LF,2025-09-15
B0B1CT36LF,2025-10-13
B0B1CT36LF,2025-11-10
B0B1CT36LF,2025-12-08
B0B1CT36LF,2026-01-05
B0B1CT36LF,2026-02-02
B0B1CT36LF,2026-03-02
B0B24KFF4Q,2025-04-28
B0B24KFF4Q,2025-05-26
B0B24KFF4Q,2025-06-23
B0B24KFF4Q,2025-07-21
B0B24KFF4Q,2025-08-18
B0B24KFF4Q,2025-09-15
B0B24KFF4Q,2025-10-13
B0B24KFF4Q,2025-11-10
B0B24KFF4Q,2025-12-08
B0B24KFF4Q,2026-01-05
B0B24KFF4Q,2026-02-02
B0B24KFF4Q,2026-03-02
B0B2WCV47M,2025-04-28
B0B2WCV47M,2025-05-26
B0B2WCV47M,2025-06-23
B0B2WCV47M,2025-07-21
B0B2WCV47M,2025-08-18
B0B2WCV47M,2025-09-15
B0B2WCV47M,2025-10-13
B0B2WCV47M,2025-11-10
B0B2WCV47M,2025-12-08
B0B2WCV47M,2026-01-05
B0B2WCV47M,2026-02-02
B0B2WCV47M,2026-03-02
B0B2WDYBH6,2025-04-28
B0B2WDYBH6,2025-05-26
B0B2WDYBH6,2025-06-23
B0B2WDYBH6,2025-07-21
B0B2WDYBH6,2025-08-18
B0B2WDYBH6,2025-09-15
B0B2WDYBH6,2025-10-13
B0B2WDYBH6,2025-11-10
B0B2WDYBH6,2025-12-08
B0B2WDYBH6,2026-01-05
B0B2WDYBH6,2026-02-02
B0B2WDYBH6,2026-03-02
B0B3F987BH,2025-04-28
B0B3F987BH,2025-05-26
B0B3F987BH,2025-06-23
B0B3F987BH,2025-07-21
B0B3F987BH,2025-08-18
B0B3F987BH,2025-09-15
B0B3F987BH,2025-10-13
B0B3F987BH,2025-11-10
B0B3F987BH,2025-12-08
B0B3F987BH,2026-01-05
B0B3F987BH,2026-02-02
B0B3F987BH,2026-03-02
B0B3HWGXZJ,2025-04-28
B0B3HWGXZJ,2025-05-26
B0B3HWGXZJ,2025-06-23
B0B3HWGXZJ,2025-07-21
B0B3HWGXZJ,2025-08-18
B0B3HWGXZJ,2025-09-15
B0B3HWGXZJ,2025-10-13
B0B3HWGXZJ,2025-11-10
B0B3HWGXZJ,2025-12-08
B0B3HWGXZJ,2026-01-05
B0B3HWGXZJ,2026-02-02
B0B3HWGXZJ,2026-03-02
B0B456JC6K,2025-04-28
B0B456JC6K,2025-05-26
B0B456JC6K,2025-06-23
B0B456JC6K,2025-07-21
B0B456JC6K,2025-08-18
B0B456JC6K,2025-09-15
B0B456JC6K,2025-10-13
B0B456JC6K,2025-11-10
B0B456JC6K,2025-12-08
B0B456JC6K,2026-01-05
B0B456JC6K,2026-02-02
B0B456JC6K,2026-03-02
B0B4F1GFPN,2025-04-28
B0B4F1GFPN,2025-05-26
B0B4F1GFPN,2025-06-23
B0B4F1GFPN,2025-07-21
B0B4F1GFPN,2025-08-18
B0B4F1GFPN,2025-09-15
B0B4F1GFPN,2025-10-13
B0B4F1GFPN,2025-11-10
B0B4F1GFPN,2025-12-08
B0B4F1GFPN,2026-01-05
B0B4F1GFPN,2026-02-02
B0B4F1GFPN,2026-03-02
B0B4HB57PT,2025-04-28
B0B4HB57PT,2025-05-26
B0B4HB57PT,2025-06-23
B0B4HB57PT,2025-07-21
B0B4HB57PT,2025-08-18
B0B4HB57PT,2025-09-15
B0B4HB57PT,2025-10-13
B0B4HB57PT,2025-11-10
B0B4HB57PT,2025-12-08
B0B4HB57PT,2026-01-05
B0B4HB57PT,2026-02-02
B0B4HB57PT,2026-03-02
B0B4KKLG8W,2025-04-28
B0B4KKLG8W,2025-05-26
B0B4KKLG8W,2025-06-23
B0B4KKLG8W,2025-07-21
B0B4KKLG8W,2025-08-18
B0B4KKLG8W,2025-09-15
B0B4KKLG8W,2025-10-13
B0B4KKLG8W,2025-11-10
B0B4KKLG8W,2025-12-08
B0B4KKLG8W,2026-01-05
B0B4KKLG8W,2026-02-02
B0B4KKLG8W,2026-03-02
B0B4KNYQG2,2025-04-28
B0B4KNYQG2,2025-05-26
B0B4KNYQG2,2025-06-23
B0B4KNYQG2,2025-07-21
B0B4KNYQG2,2025-08-18
B0B4KNYQG2,2025-09-15
B0B4KNYQG2,2025-10-13
B0B4KNYQG2,2025-11-10
B0B4KNYQG2,2025-12-08
B0B4KNYQG2,2026-01-05
B0B4KNYQG2,2026-02-02
B0B4KNYQG2,2026-03-02
B0B4W7PDDQ,2025-04-28
B0B4W7PDDQ,2025-05-26
B0B4W7PDDQ,2025-06-23
B0B4W7PDDQ,2025-07-21
B0B4W7PDDQ,2025-08-18
B0B4W7PDDQ,2025-09-15
B0B4W7PDDQ,2025-10-13
B0B4W7PDDQ,2025-11-10
B0B4W7PDDQ,2025-12-08
B0B4W7PDDQ,2026-01-05
B0B4W7PDDQ,2026-02-02
B0B4W7PDDQ,2026-03-02
B0B63LGP8Z,2025-04-28
B0B63LGP8Z,2025-05-26
B0B63LGP8Z,2025-06-23
B0B63LGP8Z,2025-07-21
B0B63LGP8Z,2025-08-18
B0B63LGP8Z,2025-09-15
B0B63LGP8Z,2025-10-13
B0B63LGP8Z,2025-11-10
B0B63LGP8Z,2025-12-08
B0B63LGP8Z,2026-01-05
B0B63LGP8Z,2026-02-02
B0B63LGP8Z,2026-03-02
B0B63LGQ48,2025-04-28
B0B63LGQ48,2025-05-26
B0B63LGQ48,2025-06-23
B0B63LGQ48,2025-07-21
B0B63LGQ48,2025-08-18
B0B63LGQ48,2025-09-15
B0B63LGQ48,2025-10-13
B0B63LGQ48,2025-11-10
B0B63LGQ48,2025-12-08
B0B63LGQ48,2026-01-05
B0B63LGQ48,2026-02-02
B0B63LGQ48,2026-03-02
B0B6FWX6HR,2025-04-28
B0B6FWX6HR,2025-05-26
B0B6FWX6HR,2025-06-23
B0B6FWX6HR,2025-07-21
B0B6FWX6HR,2025-08-18
B0B6FWX6HR,2025-09-15
B0B6FWX6HR,2025-10-13
B0B6FWX6HR,2025-11-10
B0B6FWX6HR,2025-12-08
B0B6FWX6HR,2026-01-05
B0B6FWX6HR,2026-02-02
B0B6FWX6HR,2026-03-02
B0B6G5MW12,2025-04-28
B0B6G5MW12,2025-05-26
B0B6G5MW12,2025-06-23
B0B6G5MW12,2025-07-21
B0B6G5MW12,2025-08-18
B0B6G5MW12,2025-09-15
B0B6G5MW12,2025-10-13
B0B6G5MW12,2025-11-10
B0B6G5MW12,2025-12-08
B0B6G5MW12,2026-01-05
B0B6G5MW12,2026-02-02
B0B6G5MW12,2026-03-02
B0B81SQFCX,2025-04-28
B0B81SQFCX,2025-05-26
B0B81SQFCX,2025-06-23
B0B81SQFCX,2025-07-21
B0B81SQFCX,2025-08-18
B0B81SQFCX,2025-09-15
B0B81SQFCX,2025-10-13
B0B81SQFCX,2025-11-10
B0B81SQFCX,2025-12-08
B0B81SQFCX,2026-01-05
B0B81SQFCX,2026-02-02
B0B81SQFCX,2026-03-02
B0B9BG5GV8,2025-04-28
B0B9BG5GV8,2025-05-26
B0B9BG5GV8,2025-06-23
B0B9BG5GV8,2025-07-21
B0B9BG5GV8,2025-08-18
B0B9BG5GV8,2025-09-15
B0B9BG5GV8,2025-10-13
B0B9BG5GV8,2025-11-10
B0B9BG5GV8,2025-12-08
B0B9BG5GV8,2026-01-05
B0B9BG5GV8,2026-02-02
B0B9BG5GV8,2026-03-02
B0BB28C7J8,2025-04-28
B0BB28C7J8,2025-05-26
B0BB28C7J8,2025-06-23
B0BB28C7J8,2025-07-21
B0BB28C7J8,2025-08-18
B0BB28C7J8,2025-09-15
B0BB28C7J8,2025-10-13
B0BB28C7J8,2025-11-10
B0BB28C7J8,2025-12-08
B0BB28C7J8,2026-01-05
B0BB28C7J8,2026-02-02
B0BB28C7J8,2026-03-02
B0BB28PF25,2025-04-28
B0BB28PF25,2025-05-26
B0BB28PF25,2025-06-23
B0BB28PF25,2025-07-21
B0BB28PF25,2025-08-18
B0BB28PF25,2025-09-15
B0BB28PF25,2025-10-13
B0BB28PF25,2025-11-10
B0BB28PF25,2025-12-08
B0BB28PF25,2026-01-05
B0BB28PF25,2026-02-02
B0BB28PF25,2026-03-02
B0BG2GHV9C,2025-04-28
B0BG2GHV9C,2025-05-26
B0BG2GHV9C,2025-06-23
B0BG2GHV9C,2025-07-21
B0BG2GHV9C,2025-08-18
B0BG2GHV9C,2025-09-15
B0BG2GHV9C,2025-10-13
B0BG2GHV9C,2025-11-10
B0BG2GHV9C,2025-12-08
B0BG2GHV9C,2026-01-05
B0BG2GHV9C,2026-02-02
B0BG2GHV9C,2026-03-02
B0BHY61SJ5,2025-04-28
B0BHY61SJ5,2025-05-26
B0BHY61SJ5,2025-06-23
B0BHY61SJ5,2025-07-21
B0BHY61SJ5,2025-08-18
B0BHY61SJ5,2025-09-15
B0BHY61SJ5,2025-10-13
B0BHY61SJ5,2025-11-10
B0BHY61SJ5,2025-12-08
B0BHY61SJ5,2026-01-05
B0BHY61SJ5,2026-02-02
B0BHY61SJ5,2026-03-02
B0BHY8XG86,2025-04-28
B0BHY8XG86,2025-05-26
B0BHY8XG86,2025-06-23
B0BHY8XG86,2025-07-21
B0BHY8XG86,2025-08-18
B0BHY8XG86,2025-09-15
B0BHY8XG86,2025-10-13
B0BHY8XG86,2025-11-10
B0BHY8XG86,2025-12-08
B0BHY8XG86,2026-01-05
B0BHY8XG86,2026-02-02
B0BHY8XG86,2026-03-02
B0BJ4KZ961,2025-04-28
B0BJ4KZ961,2025-05-26
B0BJ4KZ961,2025-06-23
B0BJ4KZ961,2025-07-21
B0BJ4KZ961,2025-08-18
B0BJ4KZ961,2025-09-15
B0BJ4KZ961,2025-10-13
B0BJ4KZ961,2025-11-10
B0BJ4KZ961,2025-12-08
B0BJ4KZ961,2026-01-05
B0BJ4KZ961,2026-02-02
B0BJ4KZ961,2026-03-02
B0BL216BXF,2025-04-28
B0BL216BXF,2025-05-26
B0BL216BXF,2025-06-23
B0BL216BXF,2025-07-21
B0BL216BXF,2025-08-18
B0BL216BXF,2025-09-15
B0BL216BXF,2025-10-13
B0BL216BXF,2025-11-10
B0BL216BXF,2025-12-08
B0BL216BXF,2026-01-05
B0BL216BXF,2026-02-02
B0BL216BXF,2026-03-02
B0BL8Z782T,2025-04-28
B0BL8Z782T,2025-05-26
B0BL8Z782T,2025-06-23
B0BL8Z782T,2025-07-21
B0BL8Z782T,2025-08-18
B0BL8Z782T,2025-09-15
B0BL8Z782T,2025-10-13
B0BL8Z782T,2025-11-10
B0BL8Z782T,2025-12-08
B0BL8Z782T,2026-01-05
B0BL8Z782T,2026-02-02
B0BL8Z782T,2026-03-02
B0BLG3BXB4,2025-04-28
B0BLG3BXB4,2025-05-26
B0BLG3BXB4,2025-06-23
B0BLG3BXB4,2025-07-21
B0BLG3BXB4,2025-08-18
B0BLG3BXB4,2025-09-15
B0BLG3BXB4,2025-10-13
B0BLG3BXB4,2025-11-10
B0BLG3BXB4,2025-12-08
B0BLG3BXB4,2026-01-05
B0BLG3BXB4,2026-02-02
B0BLG3BXB4,2026-03-02
B0BM89WMSP,2025-04-28
B0BM89WMSP,2025-05-26
B0BM89WMSP,2025-06-23
B0BM89WMSP,2025-07-21
B0BM89WMSP,2025-08-18
B0BM89WMSP,2025-09-15
B0BM89WMSP,2025-10-13
B0BM89WMSP,2025-11-10
B0BM89WMSP,2025-12-08
B0BM89WMSP,2026-01-05
B0BM89WMSP,2026-02-02
B0BM89WMSP,2026-03-02
B0BM9CM7PL,2025-04-28
B0BM9CM7PL,2025-05-26
B0BM9CM7PL,2025-06-23
B0BM9CM7PL,2025-07-21
B0BM9CM7PL,2025-08-18
B0BM9CM7PL,2025-09-15
B0BM9CM7PL,2025-10-13
B0BM9CM7PL,2025-11-10
B0BM9CM7PL,2025-12-08
B0BM9CM7PL,2026-01-05
B0BM9CM7PL,2026-02-02
B0BM9CM7PL,2026-03-02
B0BMT33H47,2025-04-28
B0BMT33H47,2025-05-26
B0BMT33H47,2025-06-23
B0BMT33H47,2025-07-21
B0BMT33H47,2025-08-18
B0BMT33H47,2025-09-15
B0BMT33H47,2025-10-13
B0BMT33H47,2025-11-10
B0BMT33H47,2025-12-08
B0BMT33H47,2026-01-05
B0BMT33H47,2026-02-02
B0BMT33H47,2026-03-02
B0BMTBRPZH,2025-04-28
B0BMTBRPZH,2025-05-26
B0BMTBRPZH,2025-06-23
B0BMTBRPZH,2025-07-21
B0BMTBRPZH,2025-08-18
B0BMTBRPZH,2025-09-15
B0BMTBRPZH,2025-10-13
B0BMTBRPZH,2025-11-10
B0BMTBRPZH,2025-12-08
B0BMTBRPZH,2026-01-05
B0BMTBRPZH,2026-02-02
B0BMTBRPZH,2026-03-02
B0BMTP54SB,2025-04-28
B0BMTP54SB,2025-05-26
B0BMTP54SB,2025-06-23
B0BMTP54SB,2025-07-21
B0BMTP54SB,2025-08-18
B0BMTP54SB,2025-09-15
B0BMTP54SB,2025-10-13
B0BMTP54SB,2025-11-10
B0BMTP54SB,2025-12-08
B0BMTP54SB,2026-01-05
B0BMTP54SB,2026-02-02
B0BMTP54SB,2026-03-02
B0BMTQS6LP,2025-04-28
B0BMTQS6LP,2025-05-26
B0BMTQS6LP,2025-06-23
B0BMTQS6LP,2025-07-21
B0BMTQS6LP,2025-08-18
B0BMTQS6LP,2025-09-15
B0BMTQS6LP,2025-10-13
B0BMTQS6LP,2025-11-10
B0BMTQS6LP,2025-12-08
B0BMTQS6LP,2026-01-05
B0BMTQS6LP,2026-02-02
B0BMTQS6LP,2026-03-02
B0BMTYFYX4,2025-04-28
B0BMTYFYX4,2025-05-26
B0BMTYFYX4,2025-06-23
B0BMTYFYX4,2025-07-21
B0BMTYFYX4,2025-08-18
B0BMTYFYX4,2025-09-15
B0BMTYFYX4,2025-10-13
B0BMTYFYX4,2025-11-10
B0BMTYFYX4,2025-12-08
B0BMTYFYX4,2026-01-05
B0BMTYFYX4,2026-02-02
B0BMTYFYX4,2026-03-02
B0BMV3MHDM,2025-04-28
B0BMV3MHDM,2025-05-26
B0BMV3MHDM,2025-06-23
B0BMV3MHDM,2025-07-21
B0BMV3MHDM,2025-08-18
B0BMV3MHDM,2025-09-15
B0BMV3MHDM,2025-10-13
B0BMV3MHDM,2025-11-10
B0BMV3MHDM,2025-12-08
B0BMV3MHDM,2026-01-05
B0BMV3MHDM,2026-02-02
B0BMV3MHDM,2026-03-02
B0BP22976N,2025-04-28
B0BP22976N,2025-05-26
B0BP22976N,2025-06-23
B0BP22976N,2025-07-21
B0BP22976N,2025-08-18
B0BP22976N,2025-09-15
B0BP22976N,2025-10-13
B0BP22976N,2025-11-10
B0BP22976N,2025-12-08
B0BP22976N,2026-01-05
B0BP22976N,2026-02-02
B0BP22976N,2026-03-02
B0BRXGVXWX,2025-04-28
B0BRXGVXWX,2025-05-26
B0BRXGVXWX,2025-06-23
B0BRXGVXWX,2025-07-21
B0BRXGVXWX,2025-08-18
B0BRXGVXWX,2025-09-15
B0BRXGVXWX,2025-10-13
B0BRXGVXWX,2025-11-10
B0BRXGVXWX,2025-12-08
B0BRXGVXWX,2026-01-05
B0BRXGVXWX,2026-02-02
B0BRXGVXWX,2026-03-02
B0BTDCLXZ3,2025-04-28
B0BTDCLXZ3,2025-05-26
B0BTDCLXZ3,2025-06-23
B0BTDCLXZ3,2025-07-21
B0BTDCLXZ3,2025-08-18
B0BTDCLXZ3,2025-09-15
B0BTDCLXZ3,2025-10-13
B0BTDCLXZ3,2025-11-10
B0BTDCLXZ3,2025-12-08
B0BTDCLXZ3,2026-01-05
B0BTDCLXZ3,2026-02-02
B0BTDCLXZ3,2026-03-02
B0BV6DYZV3,2025-04-28
B0BV6DYZV3,2025-05-26
B0BV6DYZV3,2025-06-23
B0BV6DYZV3,2025-07-21
B0BV6DYZV3,2025-08-18
B0BV6DYZV3,2025-09-15
B0BV6DYZV3,2025-10-13
B0BV6DYZV3,2025-11-10
B0BV6DYZV3,2025-12-08
B0BV6DYZV3,2026-01-05
B0BV6DYZV3,2026-02-02
B0BV6DYZV3,2026-03-02
B0BVF6J7GV,2025-04-28
B0BVF6J7GV,2025-05-26
B0BVF6J7GV,2025-06-23
B0BVF6J7GV,2025-07-21
B0BVF6J7GV,2025-08-18
B0BVF6J7GV,2025-09-15
B0BVF6J7GV,2025-10-13
B0BVF6J7GV,2025-11-10
B0BVF6J7GV,2025-12-08
B0BVF6J7GV,2026-01-05
B0BVF6J7GV,2026-02-02
B0BVF6J7GV,2026-03-02
B0BW8KKPQH,2025-04-28
B0BW8KKPQH,2025-05-26
B0BW8KKPQH,2025-06-23
B0BW8KKPQH,2025-07-21
B0BW8KKPQH,2025-08-18
B0BW8KKPQH,2025-09-15
B0BW8KKPQH,2025-10-13
B0BW8KKPQH,2025-11-10
B0BW8KKPQH,2025-12-08
B0BW8KKPQH,2026-01-05
B0BW8KKPQH,2026-02-02
B0BW8KKPQH,2026-03-02
B0BWTV98MN,2025-04-28
B0BWTV98MN,2025-05-26
B0BWTV98MN,2025-06-23
B0BWTV98MN,2025-07-21
B0BWTV98MN,2025-08-18
B0BWTV98MN,2025-09-15
B0BWTV98MN,2025-10-13
B0BWTV98MN,2025-11-10
B0BWTV98MN,2025-12-08
B0BWTV98MN,2026-01-05
B0BWTV98MN,2026-02-02
B0BWTV98MN,2026-03-02
B0BWTVQPVB,2025-04-28
B0BWTVQPVB,2025-05-26
B0BWTVQPVB,2025-06-23
B0BWTVQPVB,2025-07-21
B0BWTVQPVB,2025-08-18
B0BWTVQPVB,2025-09-15
B0BWTVQPVB,2025-10-13
B0BWTVQPVB,2025-11-10
B0BWTVQPVB,2025-12-08
B0BWTVQPVB,2026-01-05
B0BWTVQPVB,2026-02-02
B0BWTVQPVB,2026-03-02
B0BWTWKS39,2025-04-28
B0BWTWKS39,2025-05-26
B0BWTWKS39,2025-06-23
B0BWTWKS39,2025-07-21
B0BWTWKS39,2025-08-18
B0BWTWKS39,2025-09-15
B0BWTWKS39,2025-10-13
B0BWTWKS39,2025-11-10
B0BWTWKS39,2025-12-08
B0BWTWKS39,2026-01-05
B0BWTWKS39,2026-02-02
B0BWTWKS39,2026-03-02
B0BX4S2NYK,2025-04-28
B0BX4S2NYK,2025-05-26
B0BX4S2NYK,2025-06-23
B0BX4S2NYK,2025-07-21
B0BX4S2NYK,2025-08-18
B0BX4S2NYK,2025-09-15
B0BX4S2NYK,2025-10-13
B0BX4S2NYK,2025-11-10
B0BX4S2NYK,2025-12-08
B0BX4S2NYK,2026-01-05
B0BX4S2NYK,2026-02-02
B0BX4S2NYK,2026-03-02
B0BX79M6PM,2025-04-28
B0BX79M6PM,2025-05-26
B0BX79M6PM,2025-06-23
B0BX79M6PM,2025-07-21
B0BX79M6PM,2025-08-18
B0BX79M6PM,2025-09-15
B0BX79M6PM,2025-10-13
B0BX79M6PM,2025-11-10
B0BX79M6PM,2025-12-08
B0BX79M6PM,2026-01-05
B0BX79M6PM,2026-02-02
B0BX79M6PM,2026-03-02
B0BX7BWSHP,2025-04-28
B0BX7BWSHP,2025-05-26
B0BX7BWSHP,2025-06-23
B0BX7BWSHP,2025-07-21
B0BX7BWSHP,2025-08-18
B0BX7BWSHP,2025-09-15
B0BX7BWSHP,2025-10-13
B0BX7BWSHP,2025-11-10
B0BX7BWSHP,2025-12-08
B0BX7BWSHP,2026-01-05
B0BX7BWSHP,2026-02-02
B0BX7BWSHP,2026-03-02
B0BX9HLR9H,2025-04-28
B0BX9HLR9H,2025-05-26
B0BX9HLR9H,2025-06-23
B0BX9HLR9H,2025-07-21
B0BX9HLR9H,2025-08-18
B0BX9HLR9H,2025-09-15
B0BX9HLR9H,2025-10-13
B0BX9HLR9H,2025-11-10
B0BX9HLR9H,2025-12-08
B0BX9HLR9H,2026-01-05
B0BX9HLR9H,2026-02-02
B0BX9HLR9H,2026-03-02
B0BX9J1HZH,2025-04-28
B0BX9J1HZH,2025-05-26
B0BX9J1HZH,2025-06-23
B0BX9J1HZH,2025-07-21
B0BX9J1HZH,2025-08-18
B0BX9J1HZH,2025-09-15
B0BX9J1HZH,2025-10-13
B0BX9J1HZH,2025-11-10
B0BX9J1HZH,2025-12-08
B0BX9J1HZH,2026-01-05
B0BX9J1HZH,2026-02-02
B0BX9J1HZH,2026-03-02
B0BXFR5WZR,2025-04-28
B0BXFR5WZR,2025-05-26
B0BXFR5WZR,2025-06-23
B0BXFR5WZR,2025-07-21
B0BXFR5WZR,2025-08-18
B0BXFR5WZR,2025-09-15
B0BXFR5WZR,2025-10-13
B0BXFR5WZR,2025-11-10
B0BXFR5WZR,2025-12-08
B0BXFR5WZR,2026-01-05
B0BXFR5WZR,2026-02-02
B0BXFR5WZR,2026-03-02
B0BY5MRNNK,2025-04-28
B0BY5MRNNK,2025-05-26
B0BY5MRNNK,2025-06-23
B0BY5MRNNK,2025-07-21
B0BY5MRNNK,2025-08-18
B0BY5MRNNK,2025-09-15
B0BY5MRNNK,2025-10-13
B0BY5MRNNK,2025-11-10
B0BY5MRNNK,2025-12-08
B0BY5MRNNK,2026-01-05
B0BY5MRNNK,2026-02-02
B0BY5MRNNK,2026-03-02
B0BY5MZ3PR,2025-04-28
B0BY5MZ3PR,2025-05-26
B0BY5MZ3PR,2025-06-23
B0BY5MZ3PR,2025-07-21
B0BY5MZ3PR,2025-08-18
B0BY5MZ3PR,2025-09-15
B0BY5MZ3PR,2025-10-13
B0BY5MZ3PR,2025-11-10
B0BY5MZ3PR,2025-12-08
B0BY5MZ3PR,2026-01-05
B0BY5MZ3PR,2026-02-02
B0BY5MZ3PR,2026-03-02
B0BY5N2ZRM,2025-04-28
B0BY5N2ZRM,2025-05-26
B0BY5N2ZRM,2025-06-23
B0BY5N2ZRM,2025-07-21
B0BY5N2ZRM,2025-08-18
B0BY5N2ZRM,2025-09-15
B0BY5N2ZRM,2025-10-13
B0BY5N2ZRM,2025-11-10
B0BY5N2ZRM,2025-12-08
B0BY5N2ZRM,2026-01-05
B0BY5N2ZRM,2026-02-02
B0BY5N2ZRM,2026-03-02
B0BZ42XW9N,2025-04-28
B0BZ42XW9N,2025-05-26
B0BZ42XW9N,2025-06-23
B0BZ42XW9N,2025-07-21
B0BZ42XW9N,2025-08-18
B0BZ42XW9N,2025-09-15
B0BZ42XW9N,2025-10-13
B0BZ42XW9N,2025-11-10
B0BZ42XW9N,2025-12-08
B0BZ42XW9N,2026-01-05
B0BZ42XW9N,2026-02-02
B0BZ42XW9N,2026-03-02
B0BZBLDTH3,2025-04-28
B0BZBLDTH3,2025-05-26
B0BZBLDTH3,2025-06-23
B0BZBLDTH3,2025-07-21
B0BZBLDTH3,2025-08-18
B0BZBLDTH3,2025-09-15
B0BZBLDTH3,2025-10-13
B0BZBLDTH3,2025-11-10
B0BZBLDTH3,2025-12-08
B0BZBLDTH3,2026-01-05
B0BZBLDTH3,2026-02-02
B0BZBLDTH3,2026-03-02
B0BZP4KCN5,2025-04-28
B0BZP4KCN5,2025-05-26
B0BZP4KCN5,2025-06-23
B0BZP4KCN5,2025-07-21
B0BZP4KCN5,2025-08-18
B0BZP4KCN5,2025-09-15
B0BZP4KCN5,2025-10-13
B0BZP4KCN5,2025-11-10
B0BZP4KCN5,2025-12-08
B0BZP4KCN5,2026-01-05
B0BZP4KCN5,2026-02-02
B0BZP4KCN5,2026-03-02
B0BZPNPB6D,2025-04-28
B0BZPNPB6D,2025-05-26
B0BZPNPB6D,2025-06-23
B0BZPNPB6D,2025-07-21
B0BZPNPB6D,2025-08-18
B0BZPNPB6D,2025-09-15
B0BZPNPB6D,2025-10-13
B0BZPNPB6D,2025-11-10
B0BZPNPB6D,2025-12-08
B0BZPNPB6D,2026-01-05
B0BZPNPB6D,2026-02-02
B0BZPNPB6D,2026-03-02
B0BZPPV5QL,2025-04-28
B0BZPPV5QL,2025-05-26
B0BZPPV5QL,2025-06-23
B0BZPPV5QL,2025-07-21
B0BZPPV5QL,2025-08-18
B0BZPPV5QL,2025-09-15
B0BZPPV5QL,2025-10-13
B0BZPPV5QL,2025-11-10
B0BZPPV5QL,2025-12-08
B0BZPPV5QL,2026-01-05
B0BZPPV5QL,2026-02-02
B0BZPPV5QL,2026-03-02
B0C2CG9KG9,2025-04-28
B0C2CG9KG9,2025-05-26
B0C2CG9KG9,2025-06-23
B0C2CG9KG9,2025-07-21
B0C2CG9KG9,2025-08-18
B0C2CG9KG9,2025-09-15
B0C2CG9KG9,2025-10-13
B0C2CG9KG9,2025-11-10
B0C2CG9KG9,2025-12-08
B0C2CG9KG9,2026-01-05
B0C2CG9KG9,2026-02-02
B0C2CG9KG9,2026-03-02
B0C2CGR9BC,2025-04-28
B0C2CGR9BC,2025-05-26
B0C2CGR9BC,2025-06-23
B0C2CGR9BC,2025-07-21
B0C2CGR9BC,2025-08-18
B0C2CGR9BC,2025-09-15
B0C2CGR9BC,2025-10-13
B0C2CGR9BC,2025-11-10
B0C2CGR9BC,2025-12-08
B0C2CGR9BC,2026-01-05
B0C2CGR9BC,2026-02-02
B0C2CGR9BC,2026-03-02
B0C3CK9PZX,2025-04-28
B0C3CK9PZX,2025-05-26
B0C3CK9PZX,2025-06-23
B0C3CK9PZX,2025-07-21
B0C3CK9PZX,2025-08-18
B0C3CK9PZX,2025-09-15
B0C3CK9PZX,2025-10-13
B0C3CK9PZX,2025-11-10
B0C3CK9PZX,2025-12-08
B0C3CK9PZX,2026-01-05
B0C3CK9PZX,2026-02-02
B0C3CK9PZX,2026-03-02
B0C3H8R1V1,2025-04-28
B0C3H8R1V1,2025-05-26
B0C3H8R1V1,2025-06-23
B0C3H8R1V1,2025-07-21
B0C3H8R1V1,2025-08-18
B0C3H8R1V1,2025-09-15
B0C3H8R1V1,2025-10-13
B0C3H8R1V1,2025-11-10
B0C3H8R1V1,2025-12-08
B0C3H8R1V1,2026-01-05
B0C3H8R1V1,2026-02-02
B0C3H8R1V1,2026-03-02
B0C4DNHLGP,2025-04-28
B0C4DNHLGP,2025-05-26
B0C4DNHLGP,2025-06-23
B0C4DNHLGP,2025-07-21
B0C4DNHLGP,2025-08-18
B0C4DNHLGP,2025-09-15
B0C4DNHLGP,2025-10-13
B0C4DNHLGP,2025-11-10
B0C4DNHLGP,2025-12-08
B0C4DNHLGP,2026-01-05
B0C4DNHLGP,2026-02-02
B0C4DNHLGP,2026-03-02
B0C4DSG4JL,2025-04-28
B0C4DSG4JL,2025-05-26
B0C4DSG4JL,2025-06-23
B0C4DSG4JL,2025-07-21
B0C4DSG4JL,2025-08-18
B0C4DSG4JL,2025-09-15
B0C4DSG4JL,2025-10-13
B0C4DSG4JL,2025-11-10
B0C4DSG4JL,2025-12-08
B0C4DSG4JL,2026-01-05
B0C4DSG4JL,2026-02-02
B0C4DSG4JL,2026-03-02
B0C4DSHBJ3,2025-04-28
B0C4DSHBJ3,2025-05-26
B0C4DSHBJ3,2025-06-23
B0C4DSHBJ3,2025-07-21
B0C4DSHBJ3,2025-08-18
B0C4DSHBJ3,2025-09-15
B0C4DSHBJ3,2025-10-13
B0C4DSHBJ3,2025-11-10
B0C4DSHBJ3,2025-12-08
B0C4DSHBJ3,2026-01-05
B0C4DSHBJ3,2026-02-02
B0C4DSHBJ3,2026-03-02
B0C4DTMD5C,2025-04-28
B0C4DTMD5C,2025-05-26
B0C4DTMD5C,2025-06-23
B0C4DTMD5C,2025-07-21
B0C4DTMD5C,2025-08-18
B0C4DTMD5C,2025-09-15
B0C4DTMD5C,2025-10-13
B0C4DTMD5C,2025-11-10
B0C4DTMD5C,2025-12-08
B0C4DTMD5C,2026-01-05
B0C4DTMD5C,2026-02-02
B0C4DTMD5C,2026-03-02
B0C4GZJ7RX,2025-04-28
B0C4GZJ7RX,2025-05-26
B0C4GZJ7RX,2025-06-23
B0C4GZJ7RX,2025-07-21
B0C4GZJ7RX,2025-08-18
B0C4GZJ7RX,2025-09-15
B0C4GZJ7RX,2025-10-13
B0C4GZJ7RX,2025-11-10
B0C4GZJ7RX,2025-12-08
B0C4GZJ7RX,2026-01-05
B0C4GZJ7RX,2026-02-02
B0C4GZJ7RX,2026-03-02
B0C4GZVCQF,2025-04-28
B0C4GZVCQF,2025-05-26
B0C4GZVCQF,2025-06-23
B0C4GZVCQF,2025-07-21
B0C4GZVCQF,2025-08-18
B0C4GZVCQF,2025-09-15
B0C4GZVCQF,2025-10-13
B0C4GZVCQF,2025-11-10
B0C4GZVCQF,2025-12-08
B0C4GZVCQF,2026-01-05
B0C4GZVCQF,2026-02-02
B0C4GZVCQF,2026-03-02
B0C4H2669P,2025-04-28
B0C4H2669P,2025-05-26
B0C4H2669P,2025-06-23
B0C4H2669P,2025-07-21
B0C4H2669P,2025-08-18
B0C4H2669P,2025-09-15
B0C4H2669P,2025-10-13
B0C4H2669P,2025-11-10
B0C4H2669P,2025-12-08
B0C4H2669P,2026-01-05
B0C4H2669P,2026-02-02
B0C4H2669P,2026-03-02
B0C4HGBQPB,2025-04-28
B0C4HGBQPB,2025-05-26
B0C4HGBQPB,2025-06-23
B0C4HGBQPB,2025-07-21
B0C4HGBQPB,2025-08-18
B0C4HGBQPB,2025-09-15
B0C4HGBQPB,2025-10-13
B0C4HGBQPB,2025-11-10
B0C4HGBQPB,2025-12-08
B0C4HGBQPB,2026-01-05
B0C4HGBQPB,2026-02-02
B0C4HGBQPB,2026-03-02
B0C53WSY1T,2025-04-28
B0C53WSY1T,2025-05-26
B0C53WSY1T,2025-06-23
B0C53WSY1T,2025-07-21
B0C53WSY1T,2025-08-18
B0C53WSY1T,2025-09-15
B0C53WSY1T,2025-10-13
B0C53WSY1T,2025-11-10
B0C53WSY1T,2025-12-08
B0C53WSY1T,2026-01-05
B0C53WSY1T,2026-02-02
B0C53WSY1T,2026-03-02
B0C59Y9XFX,2025-04-28
B0C59Y9XFX,2025-05-26
B0C59Y9XFX,2025-06-23
B0C59Y9XFX,2025-07-21
B0C59Y9XFX,2025-08-18
B0C59Y9XFX,2025-09-15
B0C59Y9XFX,2025-10-13
B0C59Y9XFX,2025-11-10
B0C59Y9XFX,2025-12-08
B0C59Y9XFX,2026-01-05
B0C59Y9XFX,2026-02-02
B0C59Y9XFX,2026-03-02
B0C5DPDN4P,2025-04-28
B0C5DPDN4P,2025-05-26
B0C5DPDN4P,2025-06-23
B0C5DPDN4P,2025-07-21
B0C5DPDN4P,2025-08-18
B0C5DPDN4P,2025-09-15
B0C5DPDN4P,2025-10-13
B0C5DPDN4P,2025-11-10
B0C5DPDN4P,2025-12-08
B0C5DPDN4P,2026-01-05
B0C5DPDN4P,2026-02-02
B0C5DPDN4P,2026-03-02
B0C5DTYC1H,2025-04-28
B0C5DTYC1H,2025-05-26
B0C5DTYC1H,2025-06-23
B0C5DTYC1H,2025-07-21
B0C5DTYC1H,2025-08-18
B0C5DTYC1H,2025-09-15
B0C5DTYC1H,2025-10-13
B0C5DTYC1H,2025-11-10
B0C5DTYC1H,2025-12-08
B0C5DTYC1H,2026-01-05
B0C5DTYC1H,2026-02-02
B0C5DTYC1H,2026-03-02
B0C5J1D9LF,2025-04-28
B0C5J1D9LF,2025-05-26
B0C5J1D9LF,2025-06-23
B0C5J1D9LF,2025-07-21
B0C5J1D9LF,2025-08-18
B0C5J1D9LF,2025-09-15
B0C5J1D9LF,2025-10-13
B0C5J1D9LF,2025-11-10
B0C5J1D9LF,2025-12-08
B0C5J1D9LF,2026-01-05
B0C5J1D9LF,2026-02-02
B0C5J1D9LF,2026-03-02
B0C5J4G3FB,2025-04-28
B0C5J4G3FB,2025-05-26
B0C5J4G3FB,2025-06-23
B0C5J4G3FB,2025-07-21
B0C5J4G3FB,2025-08-18
B0C5J4G3FB,2025-09-15
B0C5J4G3FB,2025-10-13
B0C5J4G3FB,2025-11-10
B0C5J4G3FB,2025-12-08
B0C5J4G3FB,2026-01-05
B0C5J4G3FB,2026-02-02
B0C5J4G3FB,2026-03-02
B0C5NNTLMT,2025-04-28
B0C5NNTLMT,2025-05-26
B0C5NNTLMT,2025-06-23
B0C5NNTLMT,2025-07-21
B0C5NNTLMT,2025-08-18
B0C5NNTLMT,2025-09-15
B0C5NNTLMT,2025-10-13
B0C5NNTLMT,2025-11-10
B0C5NNTLMT,2025-12-08
B0C5NNTLMT,2026-01-05
B0C5NNTLMT,2026-02-02
B0C5NNTLMT,2026-03-02
B0C5NR4LXD,2025-04-28
B0C5NR4LXD,2025-05-26
B0C5NR4LXD,2025-06-23
B0C5NR4LXD,2025-07-21
B0C5NR4LXD,2025-08-18
B0C5NR4LXD,2025-09-15
B0C5NR4LXD,2025-10-13
B0C5NR4LXD,2025-11-10
B0C5NR4LXD,2025-12-08
B0C5NR4LXD,2026-01-05
B0C5NR4LXD,2026-02-02
B0C5NR4LXD,2026-03-02
B0C7LXNXS4,2025-04-28
B0C7LXNXS4,2025-05-26
B0C7LXNXS4,2025-06-23
B0C7LXNXS4,2025-07-21
B0C7LXNXS4,2025-08-18
B0C7LXNXS4,2025-09-15
B0C7LXNXS4,2025-10-13
B0C7LXNXS4,2025-11-10
B0C7LXNXS4,2025-12-08
B0C7LXNXS4,2026-01-05
B0C7LXNXS4,2026-02-02
B0C7LXNXS4,2026-03-02
B0C7VHMPBY,2025-04-28
B0C7VHMPBY,2025-05-26
B0C7VHMPBY,2025-06-23
B0C7VHMPBY,2025-07-21
B0C7VHMPBY,2025-08-18
B0C7VHMPBY,2025-09-15
B0C7VHMPBY,2025-10-13
B0C7VHMPBY,2025-11-10
B0C7VHMPBY,2025-12-08
B0C7VHMPBY,2026-01-05
B0C7VHMPBY,2026-02-02
B0C7VHMPBY,2026-03-02
B0C7VW5D4K,2025-04-28
B0C7VW5D4K,2025-05-26
B0C7VW5D4K,2025-06-23
B0C7VW5D4K,2025-07-21
B0C7VW5D4K,2025-08-18
B0C7VW5D4K,2025-09-15
B0C7VW5D4K,2025-10-13
B0C7VW5D4K,2025-11-10
B0C7VW5D4K,2025-12-08
B0C7VW5D4K,2026-01-05
B0C7VW5D4K,2026-02-02
B0C7VW5D4K,2026-03-02
B0C859D13G,2025-04-28
B0C859D13G,2025-05-26
B0C859D13G,2025-06-23
B0C859D13G,2025-07-21
B0C859D13G,2025-08-18
B0C859D13G,2025-09-15
B0C859D13G,2025-10-13
B0C859D13G,2025-11-10
B0C859D13G,2025-12-08
B0C859D13G,2026-01-05
B0C859D13G,2026-02-02
B0C859D13G,2026-03-02
B0C85J9LR6,2025-04-28
B0C85J9LR6,2025-05-26
B0C85J9LR6,2025-06-23
B0C85J9LR6,2025-07-21
B0C85J9LR6,2025-08-18
B0C85J9LR6,2025-09-15
B0C85J9LR6,2025-10-13
B0C85J9LR6,2025-11-10
B0C85J9LR6,2025-12-08
B0C85J9LR6,2026-01-05
B0C85J9LR6,2026-02-02
B0C85J9LR6,2026-03-02
B0C85JJTSK,2025-04-28
B0C85JJTSK,2025-05-26
B0C85JJTSK,2025-06-23
B0C85JJTSK,2025-07-21
B0C85JJTSK,2025-08-18
B0C85JJTSK,2025-09-15
B0C85JJTSK,2025-10-13
B0C85JJTSK,2025-11-10
B0C85JJTSK,2025-12-08
B0C85JJTSK,2026-01-05
B0C85JJTSK,2026-02-02
B0C85JJTSK,2026-03-02
B0C876TQYG,2025-04-28
B0C876TQYG,2025-05-26
B0C876TQYG,2025-06-23
B0C876TQYG,2025-07-21
B0C876TQYG,2025-08-18
B0C876TQYG,2025-09-15
B0C876TQYG,2025-10-13
B0C876TQYG,2025-11-10
B0C876TQYG,2025-12-08
B0C876TQYG,2026-01-05
B0C876TQYG,2026-02-02
B0C876TQYG,2026-03-02
B0C8TMF8YG,2025-04-28
B0C8TMF8YG,2025-05-26
B0C8TMF8YG,2025-06-23
B0C8TMF8YG,2025-07-21
B0C8TMF8YG,2025-08-18
B0C8TMF8YG,2025-09-15
B0C8TMF8YG,2025-10-13
B0C8TMF8YG,2025-11-10
B0C8TMF8YG,2025-12-08
B0C8TMF8YG,2026-01-05
B0C8TMF8YG,2026-02-02
B0C8TMF8YG,2026-03-02
B0C9WVZKQG,2025-04-28
B0C9WVZKQG,2025-05-26
B0C9WVZKQG,2025-06-23
B0C9WVZKQG,2025-07-21
B0C9WVZKQG,2025-08-18
B0C9WVZKQG,2025-09-15
B0C9WVZKQG,2025-10-13
B0C9WVZKQG,2025-11-10
B0C9WVZKQG,2025-12-08
B0C9WVZKQG,2026-01-05
B0C9WVZKQG,2026-02-02
B0C9WVZKQG,2026-03-02
B0C9ZTWCSX,2025-04-28
B0C9ZTWCSX,2025-05-26
B0C9ZTWCSX,2025-06-23
B0C9ZTWCSX,2025-07-21
B0C9ZTWCSX,2025-08-18
B0C9ZTWCSX,2025-09-15
B0C9ZTWCSX,2025-10-13
B0C9ZTWCSX,2025-11-10
B0C9ZTWCSX,2025-12-08
B0C9ZTWCSX,2026-01-05
B0C9ZTWCSX,2026-02-02
B0C9ZTWCSX,2026-03-02
B0CF1Q6K42,2025-04-28
B0CF1Q6K42,2025-05-26
B0CF1Q6K42,2025-06-23
B0CF1Q6K42,2025-07-21
B0CF1Q6K42,2025-08-18
B0CF1Q6K42,2025-09-15
B0CF1Q6K42,2025-10-13
B0CF1Q6K42,2025-11-10
B0CF1Q6K42,2025-12-08
B0CF1Q6K42,2026-01-05
B0CF1Q6K42,2026-02-02
B0CF1Q6K42,2026-03-02
B0CFKSHFC1,2025-04-28
B0CFKSHFC1,2025-05-26
B0CFKSHFC1,2025-06-23
B0CFKSHFC1,2025-07-21
B0CFKSHFC1,2025-08-18
B0CFKSHFC1,2025-09-15
B0CFKSHFC1,2025-10-13
B0CFKSHFC1,2025-11-10
B0CFKSHFC1,2025-12-08
B0CFKSHFC1,2026-01-05
B0CFKSHFC1,2026-02-02
B0CFKSHFC1,2026-03-02
B0CG16YFSY,2025-04-28
B0CG16YFSY,2025-05-26
B0CG16YFSY,2025-06-23
B0CG16YFSY,2025-07-21
B0CG16YFSY,2025-08-18
B0CG16YFSY,2025-09-15
B0CG16YFSY,2025-10-13
B0CG16YFSY,2025-11-10
B0CG16YFSY,2025-12-08
B0CG16YFSY,2026-01-05
B0CG16YFSY,2026-02-02
B0CG16YFSY,2026-03-02
B0CH9FJY8V,2025-04-28
B0CH9FJY8V,2025-05-26
B0CH9FJY8V,2025-06-23
B0CH9FJY8V,2025-07-21
B0CH9FJY8V,2025-08-18
B0CH9FJY8V,2025-09-15
B0CH9FJY8V,2025-10-13
B0CH9FJY8V,2025-11-10
B0CH9FJY8V,2025-12-08
B0CH9FJY8V,2026-01-05
B0CH9FJY8V,2026-02-02
B0CH9FJY8V,2026-03-02
B0CHF9LZQP,2025-04-28
B0CHF9LZQP,2025-05-26
B0CHF9LZQP,2025-06-23
B0CHF9LZQP,2025-07-21
B0CHF9LZQP,2025-08-18
B0CHF9LZQP,2025-09-15
B0CHF9LZQP,2025-10-13
B0CHF9LZQP,2025-11-10
B0CHF9LZQP,2025-12-08
B0CHF9LZQP,2026-01-05
B0CHF9LZQP,2026-02-02
B0CHF9LZQP,2026-03-02
B0CHJJ7YS5,2025-04-28
B0CHJJ7YS5,2025-05-26
B0CHJJ7YS5,2025-06-23
B0CHJJ7YS5,2025-07-21
B0CHJJ7YS5,2025-08-18
B0CHJJ7YS5,2025-09-15
B0CHJJ7YS5,2025-10-13
B0CHJJ7YS5,2025-11-10
B0CHJJ7YS5,2025-12-08
B0CHJJ7YS5,2026-01-05
B0CHJJ7YS5,2026-02-02
B0CHJJ7YS5,2026-03-02
B0CJ32XDNZ,2025-04-28
B0CJ32XDNZ,2025-05-26
B0CJ32XDNZ,2025-06-23
B0CJ32XDNZ,2025-07-21
B0CJ32XDNZ,2025-08-18
B0CJ32XDNZ,2025-09-15
B0CJ32XDNZ,2025-10-13
B0CJ32XDNZ,2025-11-10
B0CJ32XDNZ,2025-12-08
B0CJ32XDNZ,2026-01-05
B0CJ32XDNZ,2026-02-02
B0CJ32XDNZ,2026-03-02
B0CJGQGWPM,2025-04-28
B0CJGQGWPM,2025-05-26
B0CJGQGWPM,2025-06-23
B0CJGQGWPM,2025-07-21
B0CJGQGWPM,2025-08-18
B0CJGQGWPM,2025-09-15
B0CJGQGWPM,2025-10-13
B0CJGQGWPM,2025-11-10
B0CJGQGWPM,2025-12-08
B0CJGQGWPM,2026-01-05
B0CJGQGWPM,2026-02-02
B0CJGQGWPM,2026-03-02
B0CJH4V1QT,2025-04-28
B0CJH4V1QT,2025-05-26
B0CJH4V1QT,2025-06-23
B0CJH4V1QT,2025-07-21
B0CJH4V1QT,2025-08-18
B0CJH4V1QT,2025-09-15
B0CJH4V1QT,2025-10-13
B0CJH4V1QT,2025-11-10
B0CJH4V1QT,2025-12-08
B0CJH4V1QT,2026-01-05
B0CJH4V1QT,2026-02-02
B0CJH4V1QT,2026-03-02
B0CJX6YQ43,2025-04-28
B0CJX6YQ43,2025-05-26
B0CJX6YQ43,2025-06-23
B0CJX6YQ43,2025-07-21
B0CJX6YQ43,2025-08-18
B0CJX6YQ43,2025-09-15
B0CJX6YQ43,2025-10-13
B0CJX6YQ43,2025-11-10
B0CJX6YQ43,2025-12-08
B0CJX6YQ43,2026-01-05
B0CJX6YQ43,2026-02-02
B0CJX6YQ43,2026-03-02
B0CJY3L815,2025-04-28
B0CJY3L815,2025-05-26
B0CJY3L815,2025-06-23
B0CJY3L815,2025-07-21
B0CJY3L815,2025-08-18
B0CJY3L815,2025-09-15
B0CJY3L815,2025-10-13
B0CJY3L815,2025-11-10
B0CJY3L815,2025-12-08
B0CJY3L815,2026-01-05
B0CJY3L815,2026-02-02
B0CJY3L815,2026-03-02
B0CKGF88DF,2025-04-28
B0CKGF88DF,2025-05-26
B0CKGF88DF,2025-06-23
B0CKGF88DF,2025-07-21
B0CKGF88DF,2025-08-18
B0CKGF88DF,2025-09-15
B0CKGF88DF,2025-10-13
B0CKGF88DF,2025-11-10
B0CKGF88DF,2025-12-08
B0CKGF88DF,2026-01-05
B0CKGF88DF,2026-02-02
B0CKGF88DF,2026-03-02
B0CKJMP5ZP,2025-04-28
B0CKJMP5ZP,2025-05-26
B0CKJMP5ZP,2025-06-23
B0CKJMP5ZP,2025-07-21
B0CKJMP5ZP,2025-08-18
B0CKJMP5ZP,2025-09-15
B0CKJMP5ZP,2025-10-13
B0CKJMP5ZP,2025-11-10
B0CKJMP5ZP,2025-12-08
B0CKJMP5ZP,2026-01-05
B0CKJMP5ZP,2026-02-02
B0CKJMP5ZP,2026-03-02
B0CKK2VHCN,2025-04-28
B0CKK2VHCN,2025-05-26
B0CKK2VHCN,2025-06-23
B0CKK2VHCN,2025-07-21
B0CKK2VHCN,2025-08-18
B0CKK2VHCN,2025-09-15
B0CKK2VHCN,2025-10-13
B0CKK2VHCN,2025-11-10
B0CKK2VHCN,2025-12-08
B0CKK2VHCN,2026-01-05
B0CKK2VHCN,2026-02-02
B0CKK2VHCN,2026-03-02
B0CKKFDQDN,2025-04-28
B0CKKFDQDN,2025-05-26
B0CKKFDQDN,2025-06-23
B0CKKFDQDN,2025-07-21
B0CKKFDQDN,2025-08-18
B0CKKFDQDN,2025-09-15
B0CKKFDQDN,2025-10-13
B0CKKFDQDN,2025-11-10
B0CKKFDQDN,2025-12-08
B0CKKFDQDN,2026-01-05
B0CKKFDQDN,2026-02-02
B0CKKFDQDN,2026-03-02
B0CKXFNGK4,2025-04-28
B0CKXFNGK4,2025-05-26
B0CKXFNGK4,2025-06-23
B0CKXFNGK4,2025-07-21
B0CKXFNGK4,2025-08-18
B0CKXFNGK4,2025-09-15
B0CKXFNGK4,2025-10-13
B0CKXFNGK4,2025-11-10
B0CKXFNGK4,2025-12-08
B0CKXFNGK4,2026-01-05
B0CKXFNGK4,2026-02-02
B0CKXFNGK4,2026-03-02
B0CLHYL6ND,2025-04-28
B0CLHYL6ND,2025-05-26
B0CLHYL6ND,2025-06-23
B0CLHYL6ND,2025-07-21
B0CLHYL6ND,2025-08-18
B0CLHYL6ND,2025-09-15
B0CLHYL6ND,2025-10-13
B0CLHYL6ND,2025-11-10
B0CLHYL6ND,2025-12-08
B0CLHYL6ND,2026-01-05
B0CLHYL6ND,2026-02-02
B0CLHYL6ND,2026-03-02
B0CLJ93FK9,2025-04-28
B0CLJ93FK9,2025-05-26
B0CLJ93FK9,2025-06-23
B0CLJ93FK9,2025-07-21
B0CLJ93FK9,2025-08-18
B0CLJ93FK9,2025-09-15
B0CLJ93FK9,2025-10-13
B0CLJ93FK9,2025-11-10
B0CLJ93FK9,2025-12-08
B0CLJ93FK9,2026-01-05
B0CLJ93FK9,2026-02-02
B0CLJ93FK9,2026-03-02
B0CLRWBCYM,2025-04-28
B0CLRWBCYM,2025-05-26
B0CLRWBCYM,2025-06-23
B0CLRWBCYM,2025-07-21
B0CLRWBCYM,2025-08-18
B0CLRWBCYM,2025-09-15
B0CLRWBCYM,2025-10-13
B0CLRWBCYM,2025-11-10
B0CLRWBCYM,2025-12-08
B0CLRWBCYM,2026-01-05
B0CLRWBCYM,2026-02-02
B0CLRWBCYM,2026-03-02
B0CM2YBW8L,2025-04-28
B0CM2YBW8L,2025-05-26
B0CM2YBW8L,2025-06-23
B0CM2YBW8L,2025-07-21
B0CM2YBW8L,2025-08-18
B0CM2YBW8L,2025-09-15
B0CM2YBW8L,2025-10-13
B0CM2YBW8L,2025-11-10
B0CM2YBW8L,2025-12-08
B0CM2YBW8L,2026-01-05
B0CM2YBW8L,2026-02-02
B0CM2YBW8L,2026-03-02
B0CMJD7Q9F,2025-04-28
B0CMJD7Q9F,2025-05-26
B0CMJD7Q9F,2025-06-23
B0CMJD7Q9F,2025-07-21
B0CMJD7Q9F,2025-08-18
B0CMJD7Q9F,2025-09-15
B0CMJD7Q9F,2025-10-13
B0CMJD7Q9F,2025-11-10
B0CMJD7Q9F,2025-12-08
B0CMJD7Q9F,2026-01-05
B0CMJD7Q9F,2026-02-02
B0CMJD7Q9F,2026-03-02
B0CMJFFDTT,2025-04-28
B0CMJFFDTT,2025-05-26
B0CMJFFDTT,2025-06-23
B0CMJFFDTT,2025-07-21
B0CMJFFDTT,2025-08-18
B0CMJFFDTT,2025-09-15
B0CMJFFDTT,2025-10-13
B0CMJFFDTT,2025-11-10
B0CMJFFDTT,2025-12-08
B0CMJFFDTT,2026-01-05
B0CMJFFDTT,2026-02-02
B0CMJFFDTT,2026-03-02
B0CMJGVH9T,2025-04-28
B0CMJGVH9T,2025-05-26
B0CMJGVH9T,2025-06-23
B0CMJGVH9T,2025-07-21
B0CMJGVH9T,2025-08-18
B0CMJGVH9T,2025-09-15
B0CMJGVH9T,2025-10-13
B0CMJGVH9T,2025-11-10
B0CMJGVH9T,2025-12-08
B0CMJGVH9T,2026-01-05
B0CMJGVH9T,2026-02-02
B0CMJGVH9T,2026-03-02
B0CMLLDX1P,2025-04-28
B0CMLLDX1P,2025-05-26
B0CMLLDX1P,2025-06-23
B0CMLLDX1P,2025-07-21
B0CMLLDX1P,2025-08-18
B0CMLLDX1P,2025-09-15
B0CMLLDX1P,2025-10-13
B0CMLLDX1P,2025-11-10
B0CMLLDX1P,2025-12-08
B0CMLLDX1P,2026-01-05
B0CMLLDX1P,2026-02-02
B0CMLLDX1P,2026-03-02
B0CMTP6C15,2025-04-28
B0CMTP6C15,2025-05-26
B0CMTP6C15,2025-06-23
B0CMTP6C15,2025-07-21
B0CMTP6C15,2025-08-18
B0CMTP6C15,2025-09-15
B0CMTP6C15,2025-10-13
B0CMTP6C15,2025-11-10
B0CMTP6C15,2025-12-08
B0CMTP6C15,2026-01-05
B0CMTP6C15,2026-02-02
B0CMTP6C15,2026-03-02
B0CN4X3DS9,2025-04-28
B0CN4X3DS9,2025-05-26
B0CN4X3DS9,2025-06-23
B0CN4X3DS9,2025-07-21
B0CN4X3DS9,2025-08-18
B0CN4X3DS9,2025-09-15
B0CN4X3DS9,2025-10-13
B0CN4X3DS9,2025-11-10
B0CN4X3DS9,2025-12-08
B0CN4X3DS9,2026-01-05
B0CN4X3DS9,2026-02-02
B0CN4X3DS9,2026-03-02
B0CNCY3TBT,2025-04-28
B0CNCY3TBT,2025-05-26
B0CNCY3TBT,2025-06-23
B0CNCY3TBT,2025-07-21
B0CNCY3TBT,2025-08-18
B0CNCY3TBT,2025-09-15
B0CNCY3TBT,2025-10-13
B0CNCY3TBT,2025-11-10
B0CNCY3TBT,2025-12-08
B0CNCY3TBT,2026-01-05
B0CNCY3TBT,2026-02-02
B0CNCY3TBT,2026-03-02
B0CNH2JBB8,2025-04-28
B0CNH2JBB8,2025-05-26
B0CNH2JBB8,2025-06-23
B0CNH2JBB8,2025-07-21
B0CNH2JBB8,2025-08-18
B0CNH2JBB8,2025-09-15
B0CNH2JBB8,2025-10-13
B0CNH2JBB8,2025-11-10
B0CNH2JBB8,2025-12-08
B0CNH2JBB8,2026-01-05
B0CNH2JBB8,2026-02-02
B0CNH2JBB8,2026-03-02
B0CNH3QMDR,2025-04-28
B0CNH3QMDR,2025-05-26
B0CNH3QMDR,2025-06-23
B0CNH3QMDR,2025-07-21
B0CNH3QMDR,2025-08-18
B0CNH3QMDR,2025-09-15
B0CNH3QMDR,2025-10-13
B0CNH3QMDR,2025-11-10
B0CNH3QMDR,2025-12-08
B0CNH3QMDR,2026-01-05
B0CNH3QMDR,2026-02-02
B0CNH3QMDR,2026-03-02
B0CNRJ8YW6,2025-04-28
B0CNRJ8YW6,2025-05-26
B0CNRJ8YW6,2025-06-23
B0CNRJ8YW6,2025-07-21
B0CNRJ8YW6,2025-08-18
B0CNRJ8YW6,2025-09-15
B0CNRJ8YW6,2025-10-13
B0CNRJ8YW6,2025-11-10
B0CNRJ8YW6,2025-12-08
B0CNRJ8YW6,2026-01-05
B0CNRJ8YW6,2026-02-02
B0CNRJ8YW6,2026-03-02
B0CNRZ3Z1K,2025-04-28
B0CNRZ3Z1K,2025-05-26
B0CNRZ3Z1K,2025-06-23
B0CNRZ3Z1K,2025-07-21
B0CNRZ3Z1K,2025-08-18
B0CNRZ3Z1K,2025-09-15
B0CNRZ3Z1K,2025-10-13
B0CNRZ3Z1K,2025-11-10
B0CNRZ3Z1K,2025-12-08
B0CNRZ3Z1K,2026-01-05
B0CNRZ3Z1K,2026-02-02
B0CNRZ3Z1K,2026-03-02
B0CNT8PGKX,2025-04-28
B0CNT8PGKX,2025-05-26
B0CNT8PGKX,2025-06-23
B0CNT8PGKX,2025-07-21
B0CNT8PGKX,2025-08-18
B0CNT8PGKX,2025-09-15
B0CNT8PGKX,2025-10-13
B0CNT8PGKX,2025-11-10
B0CNT8PGKX,2025-12-08
B0CNT8PGKX,2026-01-05
B0CNT8PGKX,2026-02-02
B0CNT8PGKX,2026-03-02
B0CNTPDJNY,2025-04-28
B0CNTPDJNY,2025-05-26
B0CNTPDJNY,2025-06-23
B0CNTPDJNY,2025-07-21
B0CNTPDJNY,2025-08-18
B0CNTPDJNY,2025-09-15
B0CNTPDJNY,2025-10-13
B0CNTPDJNY,2025-11-10
B0CNTPDJNY,2025-12-08
B0CNTPDJNY,2026-01-05
B0CNTPDJNY,2026-02-02
B0CNTPDJNY,2026-03-02
B0CP3J55CK,2025-04-28
B0CP3J55CK,2025-05-26
B0CP3J55CK,2025-06-23
B0CP3J55CK,2025-07-21
B0CP3J55CK,2025-08-18
B0CP3J55CK,2025-09-15
B0CP3J55CK,2025-10-13
B0CP3J55CK,2025-11-10
B0CP3J55CK,2025-12-08
B0CP3J55CK,2026-01-05
B0CP3J55CK,2026-02-02
B0CP3J55CK,2026-03-02
B0CP5KRMY3,2025-04-28
B0CP5KRMY3,2025-05-26
B0CP5KRMY3,2025-06-23
B0CP5KRMY3,2025-07-21
B0CP5KRMY3,2025-08-18
B0CP5KRMY3,2025-09-15
B0CP5KRMY3,2025-10-13
B0CP5KRMY3,2025-11-10
B0CP5KRMY3,2025-12-08
B0CP5KRMY3,2026-01-05
B0CP5KRMY3,2026-02-02
B0CP5KRMY3,2026-03-02
B0CP5L638R,2025-04-28
B0CP5L638R,2025-05-26
B0CP5L638R,2025-06-23
B0CP5L638R,2025-07-21
B0CP5L638R,2025-08-18
B0CP5L638R,2025-09-15
B0CP5L638R,2025-10-13
B0CP5L638R,2025-11-10
B0CP5L638R,2025-12-08
B0CP5L638R,2026-01-05
B0CP5L638R,2026-02-02
B0CP5L638R,2026-03-02
B0CP5NSS3V,2025-04-28
B0CP5NSS3V,2025-05-26
B0CP5NSS3V,2025-06-23
B0CP5NSS3V,2025-07-21
B0CP5NSS3V,2025-08-18
B0CP5NSS3V,2025-09-15
B0CP5NSS3V,2025-10-13
B0CP5NSS3V,2025-11-10
B0CP5NSS3V,2025-12-08
B0CP5NSS3V,2026-01-05
B0CP5NSS3V,2026-02-02
B0CP5NSS3V,2026-03-02
B0CP5T41XC,2025-04-28
B0CP5T41XC,2025-05-26
B0CP5T41XC,2025-06-23
B0CP5T41XC,2025-07-21
B0CP5T41XC,2025-08-18
B0CP5T41XC,2025-09-15
B0CP5T41XC,2025-10-13
B0CP5T41XC,2025-11-10
B0CP5T41XC,2025-12-08
B0CP5T41XC,2026-01-05
B0CP5T41XC,2026-02-02
B0CP5T41XC,2026-03-02
B0CP72G2X7,2025-04-28
B0CP72G2X7,2025-05-26
B0CP72G2X7,2025-06-23
B0CP72G2X7,2025-07-21
B0CP72G2X7,2025-08-18
B0CP72G2X7,2025-09-15
B0CP72G2X7,2025-10-13
B0CP72G2X7,2025-11-10
B0CP72G2X7,2025-12-08
B0CP72G2X7,2026-01-05
B0CP72G2X7,2026-02-02
B0CP72G2X7,2026-03-02
B0CP7DPPBT,2025-04-28
B0CP7DPPBT,2025-05-26
B0CP7DPPBT,2025-06-23
B0CP7DPPBT,2025-07-21
B0CP7DPPBT,2025-08-18
B0CP7DPPBT,2025-09-15
B0CP7DPPBT,2025-10-13
B0CP7DPPBT,2025-11-10
B0CP7DPPBT,2025-12-08
B0CP7DPPBT,2026-01-05
B0CP7DPPBT,2026-02-02
B0CP7DPPBT,2026-03-02
B0CP7FVFT7,2025-04-28
B0CP7FVFT7,2025-05-26
B0CP7FVFT7,2025-06-23
B0CP7FVFT7,2025-07-21
B0CP7FVFT7,2025-08-18
B0CP7FVFT7,2025-09-15
B0CP7FVFT7,2025-10-13
B0CP7FVFT7,2025-11-10
B0CP7FVFT7,2025-12-08
B0CP7FVFT7,2026-01-05
B0CP7FVFT7,2026-02-02
B0CP7FVFT7,2026-03-02
B0CPJMZLGL,2025-04-28
B0CPJMZLGL,2025-05-26
B0CPJMZLGL,2025-06-23
B0CPJMZLGL,2025-07-21
B0CPJMZLGL,2025-08-18
B0CPJMZLGL,2025-09-15
B0CPJMZLGL,2025-10-13
B0CPJMZLGL,2025-11-10
B0CPJMZLGL,2025-12-08
B0CPJMZLGL,2026-01-05
B0CPJMZLGL,2026-02-02
B0CPJMZLGL,2026-03-02
B0CQMM4475,2025-04-28
B0CQMM4475,2025-05-26
B0CQMM4475,2025-06-23
B0CQMM4475,2025-07-21
B0CQMM4475,2025-08-18
B0CQMM4475,2025-09-15
B0CQMM4475,2025-10-13
B0CQMM4475,2025-11-10
B0CQMM4475,2025-12-08
B0CQMM4475,2026-01-05
B0CQMM4475,2026-02-02
B0CQMM4475,2026-03-02
B0CQMR4F1D,2025-04-28
B0CQMR4F1D,2025-05-26
B0CQMR4F1D,2025-06-23
B0CQMR4F1D,2025-07-21
B0CQMR4F1D,2025-08-18
B0CQMR4F1D,2025-09-15
B0CQMR4F1D,2025-10-13
B0CQMR4F1D,2025-11-10
B0CQMR4F1D,2025-12-08
B0CQMR4F1D,2026-01-05
B0CQMR4F1D,2026-02-02
B0CQMR4F1D,2026-03-02
B0CQMZ1QMF,2025-04-28
B0CQMZ1QMF,2025-05-26
B0CQMZ1QMF,2025-06-23
B0CQMZ1QMF,2025-07-21
B0CQMZ1QMF,2025-08-18
B0CQMZ1QMF,2025-09-15
B0CQMZ1QMF,2025-10-13
B0CQMZ1QMF,2025-11-10
B0CQMZ1QMF,2025-12-08
B0CQMZ1QMF,2026-01-05
B0CQMZ1QMF,2026-02-02
B0CQMZ1QMF,2026-03-02
B0CQN69SKD,2025-04-28
B0CQN69SKD,2025-05-26
B0CQN69SKD,2025-06-23
B0CQN69SKD,2025-07-21
B0CQN69SKD,2025-08-18
B0CQN69SKD,2025-09-15
B0CQN69SKD,2025-10-13
B0CQN69SKD,2025-11-10
B0CQN69SKD,2025-12-08
B0CQN69SKD,2026-01-05
B0CQN69SKD,2026-02-02
B0CQN69SKD,2026-03-02
B0CQP57N27,2025-04-28
B0CQP57N27,2025-05-26
B0CQP57N27,2025-06-23
B0CQP57N27,2025-07-21
B0CQP57N27,2025-08-18
B0CQP57N27,2025-09-15
B0CQP57N27,2025-10-13
B0CQP57N27,2025-11-10
B0CQP57N27,2025-12-08
B0CQP57N27,2026-01-05
B0CQP57N27,2026-02-02
B0CQP57N27,2026-03-02
B0CQXH2YDT,2025-04-28
B0CQXH2YDT,2025-05-26
B0CQXH2YDT,2025-06-23
B0CQXH2YDT,2025-07-21
B0CQXH2YDT,2025-08-18
B0CQXH2YDT,2025-09-15
B0CQXH2YDT,2025-10-13
B0CQXH2YDT,2025-11-10
B0CQXH2YDT,2025-12-08
B0CQXH2YDT,2026-01-05
B0CQXH2YDT,2026-02-02
B0CQXH2YDT,2026-03-02
B0CR34KQHR,2025-04-28
B0CR34KQHR,2025-05-26
B0CR34KQHR,2025-06-23
B0CR34KQHR,2025-07-21
B0CR34KQHR,2025-08-18
B0CR34KQHR,2025-09-15
B0CR34KQHR,2025-10-13
B0CR34KQHR,2025-11-10
B0CR34KQHR,2025-12-08
B0CR34KQHR,2026-01-05
B0CR34KQHR,2026-02-02
B0CR34KQHR,2026-03-02
B0CR5C5JJV,2025-04-28
B0CR5C5JJV,2025-05-26
B0CR5C5JJV,2025-06-23
B0CR5C5JJV,2025-07-21
B0CR5C5JJV,2025-08-18
B0CR5C5JJV,2025-09-15
B0CR5C5JJV,2025-10-13
B0CR5C5JJV,2025-11-10
B0CR5C5JJV,2025-12-08
B0CR5C5JJV,2026-01-05
B0CR5C5JJV,2026-02-02
B0CR5C5JJV,2026-03-02
B0CR5JBB43,2025-04-28
B0CR5JBB43,2025-05-26
B0CR5JBB43,2025-06-23
B0CR5JBB43,2025-07-21
B0CR5JBB43,2025-08-18
B0CR5JBB43,2025-09-15
B0CR5JBB43,2025-10-13
B0CR5JBB43,2025-11-10
B0CR5JBB43,2025-12-08
B0CR5JBB43,2026-01-05
B0CR5JBB43,2026-02-02
B0CR5JBB43,2026-03-02
B0CR5PWZ7S,2025-04-28
B0CR5PWZ7S,2025-05-26
B0CR5PWZ7S,2025-06-23
B0CR5PWZ7S,2025-07-21
B0CR5PWZ7S,2025-08-18
B0CR5PWZ7S,2025-09-15
B0CR5PWZ7S,2025-10-13
B0CR5PWZ7S,2025-11-10
B0CR5PWZ7S,2025-12-08
B0CR5PWZ7S,2026-01-05
B0CR5PWZ7S,2026-02-02
B0CR5PWZ7S,2026-03-02
B0CR5RRLHN,2025-04-28
B0CR5RRLHN,2025-05-26
B0CR5RRLHN,2025-06-23
B0CR5RRLHN,2025-07-21
B0CR5RRLHN,2025-08-18
B0CR5RRLHN,2025-09-15
B0CR5RRLHN,2025-10-13
B0CR5RRLHN,2025-11-10
B0CR5RRLHN,2025-12-08
B0CR5RRLHN,2026-01-05
B0CR5RRLHN,2026-02-02
B0CR5RRLHN,2026-03-02
B0CR5TLBQN,2025-04-28
B0CR5TLBQN,2025-05-26
B0CR5TLBQN,2025-06-23
B0CR5TLBQN,2025-07-21
B0CR5TLBQN,2025-08-18
B0CR5TLBQN,2025-09-15
B0CR5TLBQN,2025-10-13
B0CR5TLBQN,2025-11-10
B0CR5TLBQN,2025-12-08
B0CR5TLBQN,2026-01-05
B0CR5TLBQN,2026-02-02
B0CR5TLBQN,2026-03-02
B0CR5VDJLK,2025-04-28
B0CR5VDJLK,2025-05-26
B0CR5VDJLK,2025-06-23
B0CR5VDJLK,2025-07-21
B0CR5VDJLK,2025-08-18
B0CR5VDJLK,2025-09-15
B0CR5VDJLK,2025-10-13
B0CR5VDJLK,2025-11-10
B0CR5VDJLK,2025-12-08
B0CR5VDJLK,2026-01-05
B0CR5VDJLK,2026-02-02
B0CR5VDJLK,2026-03-02
B0CRYSY3ZM,2025-04-28
B0CRYSY3ZM,2025-05-26
B0CRYSY3ZM,2025-06-23
B0CRYSY3ZM,2025-07-21
B0CRYSY3ZM,2025-08-18
B0CRYSY3ZM,2025-09-15
B0CRYSY3ZM,2025-10-13
B0CRYSY3ZM,2025-11-10
B0CRYSY3ZM,2025-12-08
B0CRYSY3ZM,2026-01-05
B0CRYSY3ZM,2026-02-02
B0CRYSY3ZM,2026-03-02
B0CS4TLHCF,2025-04-28
B0CS4TLHCF,2025-05-26
B0CS4TLHCF,2025-06-23
B0CS4TLHCF,2025-07-21
B0CS4TLHCF,2025-08-18
B0CS4TLHCF,2025-09-15
B0CS4TLHCF,2025-10-13
B0CS4TLHCF,2025-11-10
B0CS4TLHCF,2025-12-08
B0CS4TLHCF,2026-01-05
B0CS4TLHCF,2026-02-02
B0CS4TLHCF,2026-03-02
B0CS4WDM8K,2025-04-28
B0CS4WDM8K,2025-05-26
B0CS4WDM8K,2025-06-23
B0CS4WDM8K,2025-07-21
B0CS4WDM8K,2025-08-18
B0CS4WDM8K,2025-09-15
B0CS4WDM8K,2025-10-13
B0CS4WDM8K,2025-11-10
B0CS4WDM8K,2025-12-08
B0CS4WDM8K,2026-01-05
B0CS4WDM8K,2026-02-02
B0CS4WDM8K,2026-03-02
B0CSDLTH7L,2025-04-28
B0CSDLTH7L,2025-05-26
B0CSDLTH7L,2025-06-23
B0CSDLTH7L,2025-07-21
B0CSDLTH7L,2025-08-18
B0CSDLTH7L,2025-09-15
B0CSDLTH7L,2025-10-13
B0CSDLTH7L,2025-11-10
B0CSDLTH7L,2025-12-08
B0CSDLTH7L,2026-01-05
B0CSDLTH7L,2026-02-02
B0CSDLTH7L,2026-03-02
B0CTBLFZ6D,2025-04-28
B0CTBLFZ6D,2025-05-26
B0CTBLFZ6D,2025-06-23
B0CTBLFZ6D,2025-07-21
B0CTBLFZ6D,2025-08-18
B0CTBLFZ6D,2025-09-15
B0CTBLFZ6D,2025-10-13
B0CTBLFZ6D,2025-11-10
B0CTBLFZ6D,2025-12-08
B0CTBLFZ6D,2026-01-05
B0CTBLFZ6D,2026-02-02
B0CTBLFZ6D,2026-03-02
B0CTCJ6QZ5,2025-04-28
B0CTCJ6QZ5,2025-05-26
B0CTCJ6QZ5,2025-06-23
B0CTCJ6QZ5,2025-07-21
B0CTCJ6QZ5,2025-08-18
B0CTCJ6QZ5,2025-09-15
B0CTCJ6QZ5,2025-10-13
B0CTCJ6QZ5,2025-11-10
B0CTCJ6QZ5,2025-12-08
B0CTCJ6QZ5,2026-01-05
B0CTCJ6QZ5,2026-02-02
B0CTCJ6QZ5,2026-03-02
B0CTKSFHF4,2025-04-28
B0CTKSFHF4,2025-05-26
B0CTKSFHF4,2025-06-23
B0CTKSFHF4,2025-07-21
B0CTKSFHF4,2025-08-18
B0CTKSFHF4,2025-09-15
B0CTKSFHF4,2025-10-13
B0CTKSFHF4,2025-11-10
B0CTKSFHF4,2025-12-08
B0CTKSFHF4,2026-01-05
B0CTKSFHF4,2026-02-02
B0CTKSFHF4,2026-03-02
B0CTPXW43F,2025-04-28
B0CTPXW43F,2025-05-26
B0CTPXW43F,2025-06-23
B0CTPXW43F,2025-07-21
B0CTPXW43F,2025-08-18
B0CTPXW43F,2025-09-15
B0CTPXW43F,2025-10-13
B0CTPXW43F,2025-11-10
B0CTPXW43F,2025-12-08
B0CTPXW43F,2026-01-05
B0CTPXW43F,2026-02-02
B0CTPXW43F,2026-03-02
B0CTQDFHDH,2025-04-28
B0CTQDFHDH,2025-05-26
B0CTQDFHDH,2025-06-23
B0CTQDFHDH,2025-07-21
B0CTQDFHDH,2025-08-18
B0CTQDFHDH,2025-09-15
B0CTQDFHDH,2025-10-13
B0CTQDFHDH,2025-11-10
B0CTQDFHDH,2025-12-08
B0CTQDFHDH,2026-01-05
B0CTQDFHDH,2026-02-02
B0CTQDFHDH,2026-03-02
B0CTQH42F1,2025-04-28
B0CTQH42F1,2025-05-26
B0CTQH42F1,2025-06-23
B0CTQH42F1,2025-07-21
B0CTQH42F1,2025-08-18
B0CTQH42F1,2025-09-15
B0CTQH42F1,2025-10-13
B0CTQH42F1,2025-11-10
B0CTQH42F1,2025-12-08
B0CTQH42F1,2026-01-05
B0CTQH42F1,2026-02-02
B0CTQH42F1,2026-03-02
B0CTQHMMJS,2025-04-28
B0CTQHMMJS,2025-05-26
B0CTQHMMJS,2025-06-23
B0CTQHMMJS,2025-07-21
B0CTQHMMJS,2025-08-18
B0CTQHMMJS,2025-09-15
B0CTQHMMJS,2025-10-13
B0CTQHMMJS,2025-11-10
B0CTQHMMJS,2025-12-08
B0CTQHMMJS,2026-01-05
B0CTQHMMJS,2026-02-02
B0CTQHMMJS,2026-03-02
B0CTTNSLWK,2025-04-28
B0CTTNSLWK,2025-05-26
B0CTTNSLWK,2025-06-23
B0CTTNSLWK,2025-07-21
B0CTTNSLWK,2025-08-18
B0CTTNSLWK,2025-09-15
B0CTTNSLWK,2025-10-13
B0CTTNSLWK,2025-11-10
B0CTTNSLWK,2025-12-08
B0CTTNSLWK,2026-01-05
B0CTTNSLWK,2026-02-02
B0CTTNSLWK,2026-03-02
B0CTTWH5QT,2025-04-28
B0CTTWH5QT,2025-05-26
B0CTTWH5QT,2025-06-23
B0CTTWH5QT,2025-07-21
B0CTTWH5QT,2025-08-18
B0CTTWH5QT,2025-09-15
B0CTTWH5QT,2025-10-13
B0CTTWH5QT,2025-11-10
B0CTTWH5QT,2025-12-08
B0CTTWH5QT,2026-01-05
B0CTTWH5QT,2026-02-02
B0CTTWH5QT,2026-03-02
B0CV7CX5PJ,2025-04-28
B0CV7CX5PJ,2025-05-26
B0CV7CX5PJ,2025-06-23
B0CV7CX5PJ,2025-07-21
B0CV7CX5PJ,2025-08-18
B0CV7CX5PJ,2025-09-15
B0CV7CX5PJ,2025-10-13
B0CV7CX5PJ,2025-11-10
B0CV7CX5PJ,2025-12-08
B0CV7CX5PJ,2026-01-05
B0CV7CX5PJ,2026-02-02
B0CV7CX5PJ,2026-03-02
B0CV7L4382,2025-04-28
B0CV7L4382,2025-05-26
B0CV7L4382,2025-06-23
B0CV7L4382,2025-07-21
B0CV7L4382,2025-08-18
B0CV7L4382,2025-09-15
B0CV7L4382,2025-10-13
B0CV7L4382,2025-11-10
B0CV7L4382,2025-12-08
B0CV7L4382,2026-01-05
B0CV7L4382,2026-02-02
B0CV7L4382,2026-03-02
B0CVVJGM4B,2025-04-28
B0CVVJGM4B,2025-05-26
B0CVVJGM4B,2025-06-23
B0CVVJGM4B,2025-07-21
B0CVVJGM4B,2025-08-18
B0CVVJGM4B,2025-09-15
B0CVVJGM4B,2025-10-13
B0CVVJGM4B,2025-11-10
B0CVVJGM4B,2025-12-08
B0CVVJGM4B,2026-01-05
B0CVVJGM4B,2026-02-02
B0CVVJGM4B,2026-03-02
B0CVWVY483,2025-04-28
B0CVWVY483,2025-05-26
B0CVWVY483,2025-06-23
B0CVWVY483,2025-07-21
B0CVWVY483,2025-08-18
B0CVWVY483,2025-09-15
B0CVWVY483,2025-10-13
B0CVWVY483,2025-11-10
B0CVWVY483,2025-12-08
B0CVWVY483,2026-01-05
B0CVWVY483,2026-02-02
B0CVWVY483,2026-03-02
B0CVZH4HV4,2025-04-28
B0CVZH4HV4,2025-05-26
B0CVZH4HV4,2025-06-23
B0CVZH4HV4,2025-07-21
B0CVZH4HV4,2025-08-18
B0CVZH4HV4,2025-09-15
B0CVZH4HV4,2025-10-13
B0CVZH4HV4,2025-11-10
B0CVZH4HV4,2025-12-08
B0CVZH4HV4,2026-01-05
B0CVZH4HV4,2026-02-02
B0CVZH4HV4,2026-03-02
B0CW12VYY4,2025-04-28
B0CW12VYY4,2025-05-26
B0CW12VYY4,2025-06-23
B0CW12VYY4,2025-07-21
B0CW12VYY4,2025-08-18
B0CW12VYY4,2025-09-15
B0CW12VYY4,2025-10-13
B0CW12VYY4,2025-11-10
B0CW12VYY4,2025-12-08
B0CW12VYY4,2026-01-05
B0CW12VYY4,2026-02-02
B0CW12VYY4,2026-03-02
B0CY229M32,2025-04-28
B0CY229M32,2025-05-26
B0CY229M32,2025-06-23
B0CY229M32,2025-07-21
B0CY229M32,2025-08-18
B0CY229M32,2025-09-15
B0CY229M32,2025-10-13
B0CY229M32,2025-11-10
B0CY229M32,2025-12-08
B0CY229M32,2026-01-05
B0CY229M32,2026-02-02
B0CY229M32,2026-03-02
B0CY26RGYY,2025-04-28
B0CY26RGYY,2025-05-26
B0CY26RGYY,2025-06-23
B0CY26RGYY,2025-07-21
B0CY26RGYY,2025-08-18
B0CY26RGYY,2025-09-15
B0CY26RGYY,2025-10-13
B0CY26RGYY,2025-11-10
B0CY26RGYY,2025-12-08
B0CY26RGYY,2026-01-05
B0CY26RGYY,2026-02-02
B0CY26RGYY,2026-03-02
B0CY274H1R,2025-04-28
B0CY274H1R,2025-05-26
B0CY274H1R,2025-06-23
B0CY274H1R,2025-07-21
B0CY274H1R,2025-08-18
B0CY274H1R,2025-09-15
B0CY274H1R,2025-10-13
B0CY274H1R,2025-11-10
B0CY274H1R,2025-12-08
B0CY274H1R,2026-01-05
B0CY274H1R,2026-02-02
B0CY274H1R,2026-03-02
B0CYYYJFYL,2025-04-28
B0CYYYJFYL,2025-05-26
B0CYYYJFYL,2025-06-23
B0CYYYJFYL,2025-07-21
B0CYYYJFYL,2025-08-18
B0CYYYJFYL,2025-09-15
B0CYYYJFYL,2025-10-13
B0CYYYJFYL,2025-11-10
B0CYYYJFYL,2025-12-08
B0CYYYJFYL,2026-01-05
B0CYYYJFYL,2026-02-02
B0CYYYJFYL,2026-03-02
B0CYZJDZHZ,2025-04-28
B0CYZJDZHZ,2025-05-26
B0CYZJDZHZ,2025-06-23
B0CYZJDZHZ,2025-07-21
B0CYZJDZHZ,2025-08-18
B0CYZJDZHZ,2025-09-15
B0CYZJDZHZ,2025-10-13
B0CYZJDZHZ,2025-11-10
B0CYZJDZHZ,2025-12-08
B0CYZJDZHZ,2026-01-05
B0CYZJDZHZ,2026-02-02
B0CYZJDZHZ,2026-03-02
B0CZ74M7MT,2025-04-28
B0CZ74M7MT,2025-05-26
B0CZ74M7MT,2025-06-23
B0CZ74M7MT,2025-07-21
B0CZ74M7MT,2025-08-18
B0CZ74M7MT,2025-09-15
B0CZ74M7MT,2025-10-13
B0CZ74M7MT,2025-11-10
B0CZ74M7MT,2025-12-08
B0CZ74M7MT,2026-01-05
B0CZ74M7MT,2026-02-02
B0CZ74M7MT,2026-03-02
B0CZPG7CQS,2025-04-28
B0CZPG7CQS,2025-05-26
B0CZPG7CQS,2025-06-23
B0CZPG7CQS,2025-07-21
B0CZPG7CQS,2025-08-18
B0CZPG7CQS,2025-09-15
B0CZPG7CQS,2025-10-13
B0CZPG7CQS,2025-11-10
B0CZPG7CQS,2025-12-08
B0CZPG7CQS,2026-01-05
B0CZPG7CQS,2026-02-02
B0CZPG7CQS,2026-03-02
B0CZXKH5HM,2025-04-28
B0CZXKH5HM,2025-05-26
B0CZXKH5HM,2025-06-23
B0CZXKH5HM,2025-07-21
B0CZXKH5HM,2025-08-18
B0CZXKH5HM,2025-09-15
B0CZXKH5HM,2025-10-13
B0CZXKH5HM,2025-11-10
B0CZXKH5HM,2025-12-08
B0CZXKH5HM,2026-01-05
B0CZXKH5HM,2026-02-02
B0CZXKH5HM,2026-03-02
B0D11NW48S,2025-04-28
B0D11NW48S,2025-05-26
B0D11NW48S,2025-06-23
B0D11NW48S,2025-07-21
B0D11NW48S,2025-08-18
B0D11NW48S,2025-09-15
B0D11NW48S,2025-10-13
B0D11NW48S,2025-11-10
B0D11NW48S,2025-12-08
B0D11NW48S,2026-01-05
B0D11NW48S,2026-02-02
B0D11NW48S,2026-03-02
B0D12KNVRP,2025-04-28
B0D12KNVRP,2025-05-26
B0D12KNVRP,2025-06-23
B0D12KNVRP,2025-07-21
B0D12KNVRP,2025-08-18
B0D12KNVRP,2025-09-15
B0D12KNVRP,2025-10-13
B0D12KNVRP,2025-11-10
B0D12KNVRP,2025-12-08
B0D12KNVRP,2026-01-05
B0D12KNVRP,2026-02-02
B0D12KNVRP,2026-03-02
B0D12KXDQW,2025-04-28
B0D12KXDQW,2025-05-26
B0D12KXDQW,2025-06-23
B0D12KXDQW,2025-07-21
B0D12KXDQW,2025-08-18
B0D12KXDQW,2025-09-15
B0D12KXDQW,2025-10-13
B0D12KXDQW,2025-11-10
B0D12KXDQW,2025-12-08
B0D12KXDQW,2026-01-05
B0D12KXDQW,2026-02-02
B0D12KXDQW,2026-03-02
B0D149J8K3,2025-04-28
B0D149J8K3,2025-05-26
B0D149J8K3,2025-06-23
B0D149J8K3,2025-07-21
B0D149J8K3,2025-08-18
B0D149J8K3,2025-09-15
B0D149J8K3,2025-10-13
B0D149J8K3,2025-11-10
B0D149J8K3,2025-12-08
B0D149J8K3,2026-01-05
B0D149J8K3,2026-02-02
B0D149J8K3,2026-03-02
B0D14CYTGW,2025-04-28
B0D14CYTGW,2025-05-26
B0D14CYTGW,2025-06-23
B0D14CYTGW,2025-07-21
B0D14CYTGW,2025-08-18
B0D14CYTGW,2025-09-15
B0D14CYTGW,2025-10-13
B0D14CYTGW,2025-11-10
B0D14CYTGW,2025-12-08
B0D14CYTGW,2026-01-05
B0D14CYTGW,2026-02-02
B0D14CYTGW,2026-03-02
B0D17C567Y,2025-04-28
B0D17C567Y,2025-05-26
B0D17C567Y,2025-06-23
B0D17C567Y,2025-07-21
B0D17C567Y,2025-08-18
B0D17C567Y,2025-09-15
B0D17C567Y,2025-10-13
B0D17C567Y,2025-11-10
B0D17C567Y,2025-12-08
B0D17C567Y,2026-01-05
B0D17C567Y,2026-02-02
B0D17C567Y,2026-03-02
B0D17CF1YB,2025-04-28
B0D17CF1YB,2025-05-26
B0D17CF1YB,2025-06-23
B0D17CF1YB,2025-07-21
B0D17CF1YB,2025-08-18
B0D17CF1YB,2025-09-15
B0D17CF1YB,2025-10-13
B0D17CF1YB,2025-11-10
B0D17CF1YB,2025-12-08
B0D17CF1YB,2026-01-05
B0D17CF1YB,2026-02-02
B0D17CF1YB,2026-03-02
B0D1MDZ1WV,2025-04-28
B0D1MDZ1WV,2025-05-26
B0D1MDZ1WV,2025-06-23
B0D1MDZ1WV,2025-07-21
B0D1MDZ1WV,2025-08-18
B0D1MDZ1WV,2025-09-15
B0D1MDZ1WV,2025-10-13
B0D1MDZ1WV,2025-11-10
B0D1MDZ1WV,2025-12-08
B0D1MDZ1WV,2026-01-05
B0D1MDZ1WV,2026-02-02
B0D1MDZ1WV,2026-03-02
B0D1MYQGY1,2025-04-28
B0D1MYQGY1,2025-05-26
B0D1MYQGY1,2025-06-23
B0D1MYQGY1,2025-07-21
B0D1MYQGY1,2025-08-18
B0D1MYQGY1,2025-09-15
B0D1MYQGY1,2025-10-13
B0D1MYQGY1,2025-11-10
B0D1MYQGY1,2025-12-08
B0D1MYQGY1,2026-01-05
B0D1MYQGY1,2026-02-02
B0D1MYQGY1,2026-03-02
B0D1N14RJF,2025-04-28
B0D1N14RJF,2025-05-26
B0D1N14RJF,2025-06-23
B0D1N14RJF,2025-07-21
B0D1N14RJF,2025-08-18
B0D1N14RJF,2025-09-15
B0D1N14RJF,2025-10-13
B0D1N14RJF,2025-11-10
B0D1N14RJF,2025-12-08
B0D1N14RJF,2026-01-05
B0D1N14RJF,2026-02-02
B0D1N14RJF,2026-03-02
B0D1N2XY98,2025-04-28
B0D1N2XY98,2025-05-26
B0D1N2XY98,2025-06-23
B0D1N2XY98,2025-07-21
B0D1N2XY98,2025-08-18
B0D1N2XY98,2025-09-15
B0D1N2XY98,2025-10-13
B0D1N2XY98,2025-11-10
B0D1N2XY98,2025-12-08
B0D1N2XY98,2026-01-05
B0D1N2XY98,2026-02-02
B0D1N2XY98,2026-03-02
B0D1QYRTDF,2025-04-28
B0D1QYRTDF,2025-05-26
B0D1QYRTDF,2025-06-23
B0D1QYRTDF,2025-07-21
B0D1QYRTDF,2025-08-18
B0D1QYRTDF,2025-09-15
B0D1QYRTDF,2025-10-13
B0D1QYRTDF,2025-11-10
B0D1QYRTDF,2025-12-08
B0D1QYRTDF,2026-01-05
B0D1QYRTDF,2026-02-02
B0D1QYRTDF,2026-03-02
B0D1VPS1D4,2025-04-28
B0D1VPS1D4,2025-05-26
B0D1VPS1D4,2025-06-23
B0D1VPS1D4,2025-07-21
B0D1VPS1D4,2025-08-18
B0D1VPS1D4,2025-09-15
B0D1VPS1D4,2025-10-13
B0D1VPS1D4,2025-11-10
B0D1VPS1D4,2025-12-08
B0D1VPS1D4,2026-01-05
B0D1VPS1D4,2026-02-02
B0D1VPS1D4,2026-03-02
B0D2HYJQ3T,2025-04-28
B0D2HYJQ3T,2025-05-26
B0D2HYJQ3T,2025-06-23
B0D2HYJQ3T,2025-07-21
B0D2HYJQ3T,2025-08-18
B0D2HYJQ3T,2025-09-15
B0D2HYJQ3T,2025-10-13
B0D2HYJQ3T,2025-11-10
B0D2HYJQ3T,2025-12-08
B0D2HYJQ3T,2026-01-05
B0D2HYJQ3T,2026-02-02
B0D2HYJQ3T,2026-03-02
B0D2HYLMT5,2025-04-28
B0D2HYLMT5,2025-05-26
B0D2HYLMT5,2025-06-23
B0D2HYLMT5,2025-07-21
B0D2HYLMT5,2025-08-18
B0D2HYLMT5,2025-09-15
B0D2HYLMT5,2025-10-13
B0D2HYLMT5,2025-11-10
B0D2HYLMT5,2025-12-08
B0D2HYLMT5,2026-01-05
B0D2HYLMT5,2026-02-02
B0D2HYLMT5,2026-03-02
B0D2HZ93XS,2025-04-28
B0D2HZ93XS,2025-05-26
B0D2HZ93XS,2025-06-23
B0D2HZ93XS,2025-07-21
B0D2HZ93XS,2025-08-18
B0D2HZ93XS,2025-09-15
B0D2HZ93XS,2025-10-13
B0D2HZ93XS,2025-11-10
B0D2HZ93XS,2025-12-08
B0D2HZ93XS,2026-01-05
B0D2HZ93XS,2026-02-02
B0D2HZ93XS,2026-03-02
B0D2KR53V6,2025-04-28
B0D2KR53V6,2025-05-26
B0D2KR53V6,2025-06-23
B0D2KR53V6,2025-07-21
B0D2KR53V6,2025-08-18
B0D2KR53V6,2025-09-15
B0D2KR53V6,2025-10-13
B0D2KR53V6,2025-11-10
B0D2KR53V6,2025-12-08
B0D2KR53V6,2026-01-05
B0D2KR53V6,2026-02-02
B0D2KR53V6,2026-03-02
B0D2KRCB87,2025-04-28
B0D2KRCB87,2025-05-26
B0D2KRCB87,2025-06-23
B0D2KRCB87,2025-07-21
B0D2KRCB87,2025-08-18
B0D2KRCB87,2025-09-15
B0D2KRCB87,2025-10-13
B0D2KRCB87,2025-11-10
B0D2KRCB87,2025-12-08
B0D2KRCB87,2026-01-05
B0D2KRCB87,2026-02-02
B0D2KRCB87,2026-03-02
B0D2KSL6YS,2025-04-28
B0D2KSL6YS,2025-05-26
B0D2KSL6YS,2025-06-23
B0D2KSL6YS,2025-07-21
B0D2KSL6YS,2025-08-18
B0D2KSL6YS,2025-09-15
B0D2KSL6YS,2025-10-13
B0D2KSL6YS,2025-11-10
B0D2KSL6YS,2025-12-08
B0D2KSL6YS,2026-01-05
B0D2KSL6YS,2026-02-02
B0D2KSL6YS,2026-03-02
B0D2KSTW53,2025-04-28
B0D2KSTW53,2025-05-26
B0D2KSTW53,2025-06-23
B0D2KSTW53,2025-07-21
B0D2KSTW53,2025-08-18
B0D2KSTW53,2025-09-15
B0D2KSTW53,2025-10-13
B0D2KSTW53,2025-11-10
B0D2KSTW53,2025-12-08
B0D2KSTW53,2026-01-05
B0D2KSTW53,2026-02-02
B0D2KSTW53,2026-03-02
B0D31RZMB4,2025-04-28
B0D31RZMB4,2025-05-26
B0D31RZMB4,2025-06-23
B0D31RZMB4,2025-07-21
B0D31RZMB4,2025-08-18
B0D31RZMB4,2025-09-15
B0D31RZMB4,2025-10-13
B0D31RZMB4,2025-11-10
B0D31RZMB4,2025-12-08
B0D31RZMB4,2026-01-05
B0D31RZMB4,2026-02-02
B0D31RZMB4,2026-03-02
B0D31V7Z6V,2025-04-28
B0D31V7Z6V,2025-05-26
B0D31V7Z6V,2025-06-23
B0D31V7Z6V,2025-07-21
B0D31V7Z6V,2025-08-18
B0D31V7Z6V,2025-09-15
B0D31V7Z6V,2025-10-13
B0D31V7Z6V,2025-11-10
B0D31V7Z6V,2025-12-08
B0D31V7Z6V,2026-01-05
B0D31V7Z6V,2026-02-02
B0D31V7Z6V,2026-03-02
B0D3FN36VB,2025-04-28
B0D3FN36VB,2025-05-26
B0D3FN36VB,2025-06-23
B0D3FN36VB,2025-07-21
B0D3FN36VB,2025-08-18
B0D3FN36VB,2025-09-15
B0D3FN36VB,2025-10-13
B0D3FN36VB,2025-11-10
B0D3FN36VB,2025-12-08
B0D3FN36VB,2026-01-05
B0D3FN36VB,2026-02-02
B0D3FN36VB,2026-03-02
B0D3HJLT63,2025-04-28
B0D3HJLT63,2025-05-26
B0D3HJLT63,2025-06-23
B0D3HJLT63,2025-07-21
B0D3HJLT63,2025-08-18
B0D3HJLT63,2025-09-15
B0D3HJLT63,2025-10-13
B0D3HJLT63,2025-11-10
B0D3HJLT63,2025-12-08
B0D3HJLT63,2026-01-05
B0D3HJLT63,2026-02-02
B0D3HJLT63,2026-03-02
B0D3LFFSD1,2025-04-28
B0D3LFFSD1,2025-05-26
B0D3LFFSD1,2025-06-23
B0D3LFFSD1,2025-07-21
B0D3LFFSD1,2025-08-18
B0D3LFFSD1,2025-09-15
B0D3LFFSD1,2025-10-13
B0D3LFFSD1,2025-11-10
B0D3LFFSD1,2025-12-08
B0D3LFFSD1,2026-01-05
B0D3LFFSD1,2026-02-02
B0D3LFFSD1,2026-03-02
B0D3LGDY4Y,2025-04-28
B0D3LGDY4Y,2025-05-26
B0D3LGDY4Y,2025-06-23
B0D3LGDY4Y,2025-07-21
B0D3LGDY4Y,2025-08-18
B0D3LGDY4Y,2025-09-15
B0D3LGDY4Y,2025-10-13
B0D3LGDY4Y,2025-11-10
B0D3LGDY4Y,2025-12-08
B0D3LGDY4Y,2026-01-05
B0D3LGDY4Y,2026-02-02
B0D3LGDY4Y,2026-03-02
B0D3LGJMBJ,2025-04-28
B0D3LGJMBJ,2025-05-26
B0D3LGJMBJ,2025-06-23
B0D3LGJMBJ,2025-07-21
B0D3LGJMBJ,2025-08-18
B0D3LGJMBJ,2025-09-15
B0D3LGJMBJ,2025-10-13
B0D3LGJMBJ,2025-11-10
B0D3LGJMBJ,2025-12-08
B0D3LGJMBJ,2026-01-05
B0D3LGJMBJ,2026-02-02
B0D3LGJMBJ,2026-03-02
B0D3LJ166M,2025-04-28
B0D3LJ166M,2025-05-26
B0D3LJ166M,2025-06-23
B0D3LJ166M,2025-07-21
B0D3LJ166M,2025-08-18
B0D3LJ166M,2025-09-15
B0D3LJ166M,2025-10-13
B0D3LJ166M,2025-11-10
B0D3LJ166M,2025-12-08
B0D3LJ166M,2026-01-05
B0D3LJ166M,2026-02-02
B0D3LJ166M,2026-03-02
B0D3QGS4KZ,2025-04-28
B0D3QGS4KZ,2025-05-26
B0D3QGS4KZ,2025-06-23
B0D3QGS4KZ,2025-07-21
B0D3QGS4KZ,2025-08-18
B0D3QGS4KZ,2025-09-15
B0D3QGS4KZ,2025-10-13
B0D3QGS4KZ,2025-11-10
B0D3QGS4KZ,2025-12-08
B0D3QGS4KZ,2026-01-05
B0D3QGS4KZ,2026-02-02
B0D3QGS4KZ,2026-03-02
B0D3TBPYMX,2025-04-28
B0D3TBPYMX,2025-05-26
B0D3TBPYMX,2025-06-23
B0D3TBPYMX,2025-07-21
B0D3TBPYMX,2025-08-18
B0D3TBPYMX,2025-09-15
B0D3TBPYMX,2025-10-13
B0D3TBPYMX,2025-11-10
B0D3TBPYMX,2025-12-08
B0D3TBPYMX,2026-01-05
B0D3TBPYMX,2026-02-02
B0D3TBPYMX,2026-03-02
B0D3TF2C41,2025-04-28
B0D3TF2C41,2025-05-26
B0D3TF2C41,2025-06-23
B0D3TF2C41,2025-07-21
B0D3TF2C41,2025-08-18
B0D3TF2C41,2025-09-15
B0D3TF2C41,2025-10-13
B0D3TF2C41,2025-11-10
B0D3TF2C41,2025-12-08
B0D3TF2C41,2026-01-05
B0D3TF2C41,2026-02-02
B0D3TF2C41,2026-03-02
B0D3V1LXH2,2025-04-28
B0D3V1LXH2,2025-05-26
B0D3V1LXH2,2025-06-23
B0D3V1LXH2,2025-07-21
B0D3V1LXH2,2025-08-18
B0D3V1LXH2,2025-09-15
B0D3V1LXH2,2025-10-13
B0D3V1LXH2,2025-11-10
B0D3V1LXH2,2025-12-08
B0D3V1LXH2,2026-01-05
B0D3V1LXH2,2026-02-02
B0D3V1LXH2,2026-03-02
B0D3XJLHJ9,2025-04-28
B0D3XJLHJ9,2025-05-26
B0D3XJLHJ9,2025-06-23
B0D3XJLHJ9,2025-07-21
B0D3XJLHJ9,2025-08-18
B0D3XJLHJ9,2025-09-15
B0D3XJLHJ9,2025-10-13
B0D3XJLHJ9,2025-11-10
B0D3XJLHJ9,2025-12-08
B0D3XJLHJ9,2026-01-05
B0D3XJLHJ9,2026-02-02
B0D3XJLHJ9,2026-03-02
B0D3XJWRP5,2025-04-28
B0D3XJWRP5,2025-05-26
B0D3XJWRP5,2025-06-23
B0D3XJWRP5,2025-07-21
B0D3XJWRP5,2025-08-18
B0D3XJWRP5,2025-09-15
B0D3XJWRP5,2025-10-13
B0D3XJWRP5,2025-11-10
B0D3XJWRP5,2025-12-08
B0D3XJWRP5,2026-01-05
B0D3XJWRP5,2026-02-02
B0D3XJWRP5,2026-03-02
B0D3XLYT7Y,2025-04-28
B0D3XLYT7Y,2025-05-26
B0D3XLYT7Y,2025-06-23
B0D3XLYT7Y,2025-07-21
B0D3XLYT7Y,2025-08-18
B0D3XLYT7Y,2025-09-15
B0D3XLYT7Y,2025-10-13
B0D3XLYT7Y,2025-11-10
B0D3XLYT7Y,2025-12-08
B0D3XLYT7Y,2026-01-05
B0D3XLYT7Y,2026-02-02
B0D3XLYT7Y,2026-03-02
B0D46HXLSK,2025-04-28
B0D46HXLSK,2025-05-26
B0D46HXLSK,2025-06-23
B0D46HXLSK,2025-07-21
B0D46HXLSK,2025-08-18
B0D46HXLSK,2025-09-15
B0D46HXLSK,2025-10-13
B0D46HXLSK,2025-11-10
B0D46HXLSK,2025-12-08
B0D46HXLSK,2026-01-05
B0D46HXLSK,2026-02-02
B0D46HXLSK,2026-03-02
B0D4F8ZRRP,2025-04-28
B0D4F8ZRRP,2025-05-26
B0D4F8ZRRP,2025-06-23
B0D4F8ZRRP,2025-07-21
B0D4F8ZRRP,2025-08-18
B0D4F8ZRRP,2025-09-15
B0D4F8ZRRP,2025-10-13
B0D4F8ZRRP,2025-11-10
B0D4F8ZRRP,2025-12-08
B0D4F8ZRRP,2026-01-05
B0D4F8ZRRP,2026-02-02
B0D4F8ZRRP,2026-03-02
B0D4SM6YNG,2025-04-28
B0D4SM6YNG,2025-05-26
B0D4SM6YNG,2025-06-23
B0D4SM6YNG,2025-07-21
B0D4SM6YNG,2025-08-18
B0D4SM6YNG,2025-09-15
B0D4SM6YNG,2025-10-13
B0D4SM6YNG,2025-11-10
B0D4SM6YNG,2025-12-08
B0D4SM6YNG,2026-01-05
B0D4SM6YNG,2026-02-02
B0D4SM6YNG,2026-03-02
B0D4STWY96,2025-04-28
B0D4STWY96,2025-05-26
B0D4STWY96,2025-06-23
B0D4STWY96,2025-07-21
B0D4STWY96,2025-08-18
B0D4STWY96,2025-09-15
B0D4STWY96,2025-10-13
B0D4STWY96,2025-11-10
B0D4STWY96,2025-12-08
B0D4STWY96,2026-01-05
B0D4STWY96,2026-02-02
B0D4STWY96,2026-03-02
B0D4SYQLY5,2025-04-28
B0D4SYQLY5,2025-05-26
B0D4SYQLY5,2025-06-23
B0D4SYQLY5,2025-07-21
B0D4SYQLY5,2025-08-18
B0D4SYQLY5,2025-09-15
B0D4SYQLY5,2025-10-13
B0D4SYQLY5,2025-11-10
B0D4SYQLY5,2025-12-08
B0D4SYQLY5,2026-01-05
B0D4SYQLY5,2026-02-02
B0D4SYQLY5,2026-03-02
B0D4YCNWNJ,2025-04-28
B0D4YCNWNJ,2025-05-26
B0D4YCNWNJ,2025-06-23
B0D4YCNWNJ,2025-07-21
B0D4YCNWNJ,2025-08-18
B0D4YCNWNJ,2025-09-15
B0D4YCNWNJ,2025-10-13
B0D4YCNWNJ,2025-11-10
B0D4YCNWNJ,2025-12-08
B0D4YCNWNJ,2026-01-05
B0D4YCNWNJ,2026-02-02
B0D4YCNWNJ,2026-03-02
B0D52TJLWY,2025-04-28
B0D52TJLWY,2025-05-26
B0D52TJLWY,2025-06-23
B0D52TJLWY,2025-07-21
B0D52TJLWY,2025-08-18
B0D52TJLWY,2025-09-15
B0D52TJLWY,2025-10-13
B0D52TJLWY,2025-11-10
B0D52TJLWY,2025-12-08
B0D52TJLWY,2026-01-05
B0D52TJLWY,2026-02-02
B0D52TJLWY,2026-03-02
B0D533RB9G,2025-04-28
B0D533RB9G,2025-05-26
B0D533RB9G,2025-06-23
B0D533RB9G,2025-07-21
B0D533RB9G,2025-08-18
B0D533RB9G,2025-09-15
B0D533RB9G,2025-10-13
B0D533RB9G,2025-11-10
B0D533RB9G,2025-12-08
B0D533RB9G,2026-01-05
B0D533RB9G,2026-02-02
B0D533RB9G,2026-03-02
B0D533SQB5,2025-04-28
B0D533SQB5,2025-05-26
B0D533SQB5,2025-06-23
B0D533SQB5,2025-07-21
B0D533SQB5,2025-08-18
B0D533SQB5,2025-09-15
B0D533SQB5,2025-10-13
B0D533SQB5,2025-11-10
B0D533SQB5,2025-12-08
B0D533SQB5,2026-01-05
B0D533SQB5,2026-02-02
B0D533SQB5,2026-03-02
B0D59XFGF8,2025-04-28
B0D59XFGF8,2025-05-26
B0D59XFGF8,2025-06-23
B0D59XFGF8,2025-07-21
B0D59XFGF8,2025-08-18
B0D59XFGF8,2025-09-15
B0D59XFGF8,2025-10-13
B0D59XFGF8,2025-11-10
B0D59XFGF8,2025-12-08
B0D59XFGF8,2026-01-05
B0D59XFGF8,2026-02-02
B0D59XFGF8,2026-03-02
B0D59XTJMS,2025-04-28
B0D59XTJMS,2025-05-26
B0D59XTJMS,2025-06-23
B0D59XTJMS,2025-07-21
B0D59XTJMS,2025-08-18
B0D59XTJMS,2025-09-15
B0D59XTJMS,2025-10-13
B0D59XTJMS,2025-11-10
B0D59XTJMS,2025-12-08
B0D59XTJMS,2026-01-05
B0D59XTJMS,2026-02-02
B0D59XTJMS,2026-03-02
B0D5BDSCGF,2025-04-28
B0D5BDSCGF,2025-05-26
B0D5BDSCGF,2025-06-23
B0D5BDSCGF,2025-07-21
B0D5BDSCGF,2025-08-18
B0D5BDSCGF,2025-09-15
B0D5BDSCGF,2025-10-13
B0D5BDSCGF,2025-11-10
B0D5BDSCGF,2025-12-08
B0D5BDSCGF,2026-01-05
B0D5BDSCGF,2026-02-02
B0D5BDSCGF,2026-03-02
B0D5GFHCMZ,2025-04-28
B0D5GFHCMZ,2025-05-26
B0D5GFHCMZ,2025-06-23
B0D5GFHCMZ,2025-07-21
B0D5GFHCMZ,2025-08-18
B0D5GFHCMZ,2025-09-15
B0D5GFHCMZ,2025-10-13
B0D5GFHCMZ,2025-11-10
B0D5GFHCMZ,2025-12-08
B0D5GFHCMZ,2026-01-05
B0D5GFHCMZ,2026-02-02
B0D5GFHCMZ,2026-03-02
B0D5GRKPCN,2025-04-28
B0D5GRKPCN,2025-05-26
B0D5GRKPCN,2025-06-23
B0D5GRKPCN,2025-07-21
B0D5GRKPCN,2025-08-18
B0D5GRKPCN,2025-09-15
B0D5GRKPCN,2025-10-13
B0D5GRKPCN,2025-11-10
B0D5GRKPCN,2025-12-08
B0D5GRKPCN,2026-01-05
B0D5GRKPCN,2026-02-02
B0D5GRKPCN,2026-03-02
B0D5HBBBYT,2025-04-28
B0D5HBBBYT,2025-05-26
B0D5HBBBYT,2025-06-23
B0D5HBBBYT,2025-07-21
B0D5HBBBYT,2025-08-18
B0D5HBBBYT,2025-09-15
B0D5HBBBYT,2025-10-13
B0D5HBBBYT,2025-11-10
B0D5HBBBYT,2025-12-08
B0D5HBBBYT,2026-01-05
B0D5HBBBYT,2026-02-02
B0D5HBBBYT,2026-03-02
B0D5MTX69F,2025-04-28
B0D5MTX69F,2025-05-26
B0D5MTX69F,2025-06-23
B0D5MTX69F,2025-07-21
B0D5MTX69F,2025-08-18
B0D5MTX69F,2025-09-15
B0D5MTX69F,2025-10-13
B0D5MTX69F,2025-11-10
B0D5MTX69F,2025-12-08
B0D5MTX69F,2026-01-05
B0D5MTX69F,2026-02-02
B0D5MTX69F,2026-03-02
B0D5N57SHS,2025-04-28
B0D5N57SHS,2025-05-26
B0D5N57SHS,2025-06-23
B0D5N57SHS,2025-07-21
B0D5N57SHS,2025-08-18
B0D5N57SHS,2025-09-15
B0D5N57SHS,2025-10-13
B0D5N57SHS,2025-11-10
B0D5N57SHS,2025-12-08
B0D5N57SHS,2026-01-05
B0D5N57SHS,2026-02-02
B0D5N57SHS,2026-03-02
B0D5RJY3PS,2025-04-28
B0D5RJY3PS,2025-05-26
B0D5RJY3PS,2025-06-23
B0D5RJY3PS,2025-07-21
B0D5RJY3PS,2025-08-18
B0D5RJY3PS,2025-09-15
B0D5RJY3PS,2025-10-13
B0D5RJY3PS,2025-11-10
B0D5RJY3PS,2025-12-08
B0D5RJY3PS,2026-01-05
B0D5RJY3PS,2026-02-02
B0D5RJY3PS,2026-03-02
B0D5RLH9V9,2025-04-28
B0D5RLH9V9,2025-05-26
B0D5RLH9V9,2025-06-23
B0D5RLH9V9,2025-07-21
B0D5RLH9V9,2025-08-18
B0D5RLH9V9,2025-09-15
B0D5RLH9V9,2025-10-13
B0D5RLH9V9,2025-11-10
B0D5RLH9V9,2025-12-08
B0D5RLH9V9,2026-01-05
B0D5RLH9V9,2026-02-02
B0D5RLH9V9,2026-03-02
B0D5RLK323,2025-04-28
B0D5RLK323,2025-05-26
B0D5RLK323,2025-06-23
B0D5RLK323,2025-07-21
B0D5RLK323,2025-08-18
B0D5RLK323,2025-09-15
B0D5RLK323,2025-10-13
B0D5RLK323,2025-11-10
B0D5RLK323,2025-12-08
B0D5RLK323,2026-01-05
B0D5RLK323,2026-02-02
B0D5RLK323,2026-03-02
B0D5RMPKCX,2025-04-28
B0D5RMPKCX,2025-05-26
B0D5RMPKCX,2025-06-23
B0D5RMPKCX,2025-07-21
B0D5RMPKCX,2025-08-18
B0D5RMPKCX,2025-09-15
B0D5RMPKCX,2025-10-13
B0D5RMPKCX,2025-11-10
B0D5RMPKCX,2025-12-08
B0D5RMPKCX,2026-01-05
B0D5RMPKCX,2026-02-02
B0D5RMPKCX,2026-03-02
B0D5RNWJ9P,2025-04-28
B0D5RNWJ9P,2025-05-26
B0D5RNWJ9P,2025-06-23
B0D5RNWJ9P,2025-07-21
B0D5RNWJ9P,2025-08-18
B0D5RNWJ9P,2025-09-15
B0D5RNWJ9P,2025-10-13
B0D5RNWJ9P,2025-11-10
B0D5RNWJ9P,2025-12-08
B0D5RNWJ9P,2026-01-05
B0D5RNWJ9P,2026-02-02
B0D5RNWJ9P,2026-03-02
B0D5SGZS4L,2025-04-28
B0D5SGZS4L,2025-05-26
B0D5SGZS4L,2025-06-23
B0D5SGZS4L,2025-07-21
B0D5SGZS4L,2025-08-18
B0D5SGZS4L,2025-09-15
B0D5SGZS4L,2025-10-13
B0D5SGZS4L,2025-11-10
B0D5SGZS4L,2025-12-08
B0D5SGZS4L,2026-01-05
B0D5SGZS4L,2026-02-02
B0D5SGZS4L,2026-03-02
B0D5Z939WY,2025-04-28
B0D5Z939WY,2025-05-26
B0D5Z939WY,2025-06-23
B0D5Z939WY,2025-07-21
B0D5Z939WY,2025-08-18
B0D5Z939WY,2025-09-15
B0D5Z939WY,2025-10-13
B0D5Z939WY,2025-11-10
B0D5Z939WY,2025-12-08
B0D5Z939WY,2026-01-05
B0D5Z939WY,2026-02-02
B0D5Z939WY,2026-03-02
B0D632F4KK,2025-04-28
B0D632F4KK,2025-05-26
B0D632F4KK,2025-06-23
B0D632F4KK,2025-07-21
B0D632F4KK,2025-08-18
B0D632F4KK,2025-09-15
B0D632F4KK,2025-10-13
B0D632F4KK,2025-11-10
B0D632F4KK,2025-12-08
B0D632F4KK,2026-01-05
B0D632F4KK,2026-02-02
B0D632F4KK,2026-03-02
B0D64KW17D,2025-04-28
B0D64KW17D,2025-05-26
B0D64KW17D,2025-06-23
B0D64KW17D,2025-07-21
B0D64KW17D,2025-08-18
B0D64KW17D,2025-09-15
B0D64KW17D,2025-10-13
B0D64KW17D,2025-11-10
B0D64KW17D,2025-12-08
B0D64KW17D,2026-01-05
B0D64KW17D,2026-02-02
B0D64KW17D,2026-03-02
B0D64MFLJG,2025-04-28
B0D64MFLJG,2025-05-26
B0D64MFLJG,2025-06-23
B0D64MFLJG,2025-07-21
B0D64MFLJG,2025-08-18
B0D64MFLJG,2025-09-15
B0D64MFLJG,2025-10-13
B0D64MFLJG,2025-11-10
B0D64MFLJG,2025-12-08
B0D64MFLJG,2026-01-05
B0D64MFLJG,2026-02-02
B0D64MFLJG,2026-03-02
B0D64Y45NZ,2025-04-28
B0D64Y45NZ,2025-05-26
B0D64Y45NZ,2025-06-23
B0D64Y45NZ,2025-07-21
B0D64Y45NZ,2025-08-18
B0D64Y45NZ,2025-09-15
B0D64Y45NZ,2025-10-13
B0D64Y45NZ,2025-11-10
B0D64Y45NZ,2025-12-08
B0D64Y45NZ,2026-01-05
B0D64Y45NZ,2026-02-02
B0D64Y45NZ,2026-03-02
B0D6D97X7R,2025-04-28
B0D6D97X7R,2025-05-26
B0D6D97X7R,2025-06-23
B0D6D97X7R,2025-07-21
B0D6D97X7R,2025-08-18
B0D6D97X7R,2025-09-15
B0D6D97X7R,2025-10-13
B0D6D97X7R,2025-11-10
B0D6D97X7R,2025-12-08
B0D6D97X7R,2026-01-05
B0D6D97X7R,2026-02-02
B0D6D97X7R,2026-03-02
B0D6VFTS34,2025-04-28
B0D6VFTS34,2025-05-26
B0D6VFTS34,2025-06-23
B0D6VFTS34,2025-07-21
B0D6VFTS34,2025-08-18
B0D6VFTS34,2025-09-15
B0D6VFTS34,2025-10-13
B0D6VFTS34,2025-11-10
B0D6VFTS34,2025-12-08
B0D6VFTS34,2026-01-05
B0D6VFTS34,2026-02-02
B0D6VFTS34,2026-03-02
B0D7H7MZL8,2025-04-28
B0D7H7MZL8,2025-05-26
B0D7H7MZL8,2025-06-23
B0D7H7MZL8,2025-07-21
B0D7H7MZL8,2025-08-18
B0D7H7MZL8,2025-09-15
B0D7H7MZL8,2025-10-13
B0D7H7MZL8,2025-11-10
B0D7H7MZL8,2025-12-08
B0D7H7MZL8,2026-01-05
B0D7H7MZL8,2026-02-02
B0D7H7MZL8,2026-03-02
B0D7HXG7YZ,2025-04-28
B0D7HXG7YZ,2025-05-26
B0D7HXG7YZ,2025-06-23
B0D7HXG7YZ,2025-07-21
B0D7HXG7YZ,2025-08-18
B0D7HXG7YZ,2025-09-15
B0D7HXG7YZ,2025-10-13
B0D7HXG7YZ,2025-11-10
B0D7HXG7YZ,2025-12-08
B0D7HXG7YZ,2026-01-05
B0D7HXG7YZ,2026-02-02
B0D7HXG7YZ,2026-03-02
B0D7MHD29Z,2025-04-28
B0D7MHD29Z,2025-05-26
B0D7MHD29Z,2025-06-23
B0D7MHD29Z,2025-07-21
B0D7MHD29Z,2025-08-18
B0D7MHD29Z,2025-09-15
B0D7MHD29Z,2025-10-13
B0D7MHD29Z,2025-11-10
B0D7MHD29Z,2025-12-08
B0D7MHD29Z,2026-01-05
B0D7MHD29Z,2026-02-02
B0D7MHD29Z,2026-03-02
B0D7MHF5LF,2025-04-28
B0D7MHF5LF,2025-05-26
B0D7MHF5LF,2025-06-23
B0D7MHF5LF,2025-07-21
B0D7MHF5LF,2025-08-18
B0D7MHF5LF,2025-09-15
B0D7MHF5LF,2025-10-13
B0D7MHF5LF,2025-11-10
B0D7MHF5LF,2025-12-08
B0D7MHF5LF,2026-01-05
B0D7MHF5LF,2026-02-02
B0D7MHF5LF,2026-03-02
B0D7MHH3P3,2025-04-28
B0D7MHH3P3,2025-05-26
B0D7MHH3P3,2025-06-23
B0D7MHH3P3,2025-07-21
B0D7MHH3P3,2025-08-18
B0D7MHH3P3,2025-09-15
B0D7MHH3P3,2025-10-13
B0D7MHH3P3,2025-11-10
B0D7MHH3P3,2025-12-08
B0D7MHH3P3,2026-01-05
B0D7MHH3P3,2026-02-02
B0D7MHH3P3,2026-03-02
B0D7MKTDWT,2025-04-28
B0D7MKTDWT,2025-05-26
B0D7MKTDWT,2025-06-23
B0D7MKTDWT,2025-07-21
B0D7MKTDWT,2025-08-18
B0D7MKTDWT,2025-09-15
B0D7MKTDWT,2025-10-13
B0D7MKTDWT,2025-11-10
B0D7MKTDWT,2025-12-08
B0D7MKTDWT,2026-01-05
B0D7MKTDWT,2026-02-02
B0D7MKTDWT,2026-03-02
B0D7QNS7K8,2025-04-28
B0D7QNS7K8,2025-05-26
B0D7QNS7K8,2025-06-23
B0D7QNS7K8,2025-07-21
B0D7QNS7K8,2025-08-18
B0D7QNS7K8,2025-09-15
B0D7QNS7K8,2025-10-13
B0D7QNS7K8,2025-11-10
B0D7QNS7K8,2025-12-08
B0D7QNS7K8,2026-01-05
B0D7QNS7K8,2026-02-02
B0D7QNS7K8,2026-03-02
B0D7ZS9TZW,2025-04-28
B0D7ZS9TZW,2025-05-26
B0D7ZS9TZW,2025-06-23
B0D7ZS9TZW,2025-07-21
B0D7ZS9TZW,2025-08-18
B0D7ZS9TZW,2025-09-15
B0D7ZS9TZW,2025-10-13
B0D7ZS9TZW,2025-11-10
B0D7ZS9TZW,2025-12-08
B0D7ZS9TZW,2026-01-05
B0D7ZS9TZW,2026-02-02
B0D7ZS9TZW,2026-03-02
B0D813XXHG,2025-04-28
B0D813XXHG,2025-05-26
B0D813XXHG,2025-06-23
B0D813XXHG,2025-07-21
B0D813XXHG,2025-08-18
B0D813XXHG,2025-09-15
B0D813XXHG,2025-10-13
B0D813XXHG,2025-11-10
B0D813XXHG,2025-12-08
B0D813XXHG,2026-01-05
B0D813XXHG,2026-02-02
B0D813XXHG,2026-03-02
B0D8VV6RBG,2025-04-28
B0D8VV6RBG,2025-05-26
B0D8VV6RBG,2025-06-23
B0D8VV6RBG,2025-07-21
B0D8VV6RBG,2025-08-18
B0D8VV6RBG,2025-09-15
B0D8VV6RBG,2025-10-13
B0D8VV6RBG,2025-11-10
B0D8VV6RBG,2025-12-08
B0D8VV6RBG,2026-01-05
B0D8VV6RBG,2026-02-02
B0D8VV6RBG,2026-03-02
B0D8VVF8L3,2025-04-28
B0D8VVF8L3,2025-05-26
B0D8VVF8L3,2025-06-23
B0D8VVF8L3,2025-07-21
B0D8VVF8L3,2025-08-18
B0D8VVF8L3,2025-09-15
B0D8VVF8L3,2025-10-13
B0D8VVF8L3,2025-11-10
B0D8VVF8L3,2025-12-08
B0D8VVF8L3,2026-01-05
B0D8VVF8L3,2026-02-02
B0D8VVF8L3,2026-03-02
B0D8VVTW4X,2025-04-28
B0D8VVTW4X,2025-05-26
B0D8VVTW4X,2025-06-23
B0D8VVTW4X,2025-07-21
B0D8VVTW4X,2025-08-18
B0D8VVTW4X,2025-09-15
B0D8VVTW4X,2025-10-13
B0D8VVTW4X,2025-11-10
B0D8VVTW4X,2025-12-08
B0D8VVTW4X,2026-01-05
B0D8VVTW4X,2026-02-02
B0D8VVTW4X,2026-03-02
B0D8WGHBKH,2025-04-28
B0D8WGHBKH,2025-05-26
B0D8WGHBKH,2025-06-23
B0D8WGHBKH,2025-07-21
B0D8WGHBKH,2025-08-18
B0D8WGHBKH,2025-09-15
B0D8WGHBKH,2025-10-13
B0D8WGHBKH,2025-11-10
B0D8WGHBKH,2025-12-08
B0D8WGHBKH,2026-01-05
B0D8WGHBKH,2026-02-02
B0D8WGHBKH,2026-03-02
B0D91WGSXT,2025-04-28
B0D91WGSXT,2025-05-26
B0D91WGSXT,2025-06-23
B0D91WGSXT,2025-07-21
B0D91WGSXT,2025-08-18
B0D91WGSXT,2025-09-15
B0D91WGSXT,2025-10-13
B0D91WGSXT,2025-11-10
B0D91WGSXT,2025-12-08
B0D91WGSXT,2026-01-05
B0D91WGSXT,2026-02-02
B0D91WGSXT,2026-03-02
B0D9C24R1K,2025-04-28
B0D9C24R1K,2025-05-26
B0D9C24R1K,2025-06-23
B0D9C24R1K,2025-07-21
B0D9C24R1K,2025-08-18
B0D9C24R1K,2025-09-15
B0D9C24R1K,2025-10-13
B0D9C24R1K,2025-11-10
B0D9C24R1K,2025-12-08
B0D9C24R1K,2026-01-05
B0D9C24R1K,2026-02-02
B0D9C24R1K,2026-03-02
B0D9H8BDX1,2025-04-28
B0D9H8BDX1,2025-05-26
B0D9H8BDX1,2025-06-23
B0D9H8BDX1,2025-07-21
B0D9H8BDX1,2025-08-18
B0D9H8BDX1,2025-09-15
B0D9H8BDX1,2025-10-13
B0D9H8BDX1,2025-11-10
B0D9H8BDX1,2025-12-08
B0D9H8BDX1,2026-01-05
B0D9H8BDX1,2026-02-02
B0D9H8BDX1,2026-03-02
B0D9H9327P,2025-04-28
B0D9H9327P,2025-05-26
B0D9H9327P,2025-06-23
B0D9H9327P,2025-07-21
B0D9H9327P,2025-08-18
B0D9H9327P,2025-09-15
B0D9H9327P,2025-10-13
B0D9H9327P,2025-11-10
B0D9H9327P,2025-12-08
B0D9H9327P,2026-01-05
B0D9H9327P,2026-02-02
B0D9H9327P,2026-03-02
B0D9L4T24P,2025-04-28
B0D9L4T24P,2025-05-26
B0D9L4T24P,2025-06-23
B0D9L4T24P,2025-07-21
B0D9L4T24P,2025-08-18
B0D9L4T24P,2025-09-15
B0D9L4T24P,2025-10-13
B0D9L4T24P,2025-11-10
B0D9L4T24P,2025-12-08
B0D9L4T24P,2026-01-05
B0D9L4T24P,2026-02-02
B0D9L4T24P,2026-03-02
B0D9L741BC,2025-04-28
B0D9L741BC,2025-05-26
B0D9L741BC,2025-06-23
B0D9L741BC,2025-07-21
B0D9L741BC,2025-08-18
B0D9L741BC,2025-09-15
B0D9L741BC,2025-10-13
B0D9L741BC,2025-11-10
B0D9L741BC,2025-12-08
B0D9L741BC,2026-01-05
B0D9L741BC,2026-02-02
B0D9L741BC,2026-03-02
B0D9L77NHF,2025-04-28
B0D9L77NHF,2025-05-26
B0D9L77NHF,2025-06-23
B0D9L77NHF,2025-07-21
B0D9L77NHF,2025-08-18
B0D9L77NHF,2025-09-15
B0D9L77NHF,2025-10-13
B0D9L77NHF,2025-11-10
B0D9L77NHF,2025-12-08
B0D9L77NHF,2026-01-05
B0D9L77NHF,2026-02-02
B0D9L77NHF,2026-03-02
B0D9XH7Y3R,2025-04-28
B0D9XH7Y3R,2025-05-26
B0D9XH7Y3R,2025-06-23
B0D9XH7Y3R,2025-07-21
B0D9XH7Y3R,2025-08-18
B0D9XH7Y3R,2025-09-15
B0D9XH7Y3R,2025-10-13
B0D9XH7Y3R,2025-11-10
B0D9XH7Y3R,2025-12-08
B0D9XH7Y3R,2026-01-05
B0D9XH7Y3R,2026-02-02
B0D9XH7Y3R,2026-03-02
B0D9XPGMPJ,2025-04-28
B0D9XPGMPJ,2025-05-26
B0D9XPGMPJ,2025-06-23
B0D9XPGMPJ,2025-07-21
B0D9XPGMPJ,2025-08-18
B0D9XPGMPJ,2025-09-15
B0D9XPGMPJ,2025-10-13
B0D9XPGMPJ,2025-11-10
B0D9XPGMPJ,2025-12-08
B0D9XPGMPJ,2026-01-05
B0D9XPGMPJ,2026-02-02
B0D9XPGMPJ,2026-03-02
B0DBH6G19S,2025-04-28
B0DBH6G19S,2025-05-26
B0DBH6G19S,2025-06-23
B0DBH6G19S,2025-07-21
B0DBH6G19S,2025-08-18
B0DBH6G19S,2025-09-15
B0DBH6G19S,2025-10-13
B0DBH6G19S,2025-11-10
B0DBH6G19S,2025-12-08
B0DBH6G19S,2026-01-05
B0DBH6G19S,2026-02-02
B0DBH6G19S,2026-03-02
B0DBH7CMQL,2025-04-28
B0DBH7CMQL,2025-05-26
B0DBH7CMQL,2025-06-23
B0DBH7CMQL,2025-07-21
B0DBH7CMQL,2025-08-18
B0DBH7CMQL,2025-09-15
B0DBH7CMQL,2025-10-13
B0DBH7CMQL,2025-11-10
B0DBH7CMQL,2025-12-08
B0DBH7CMQL,2026-01-05
B0DBH7CMQL,2026-02-02
B0DBH7CMQL,2026-03-02
B0DBHHXG8H,2025-04-28
B0DBHHXG8H,2025-05-26
B0DBHHXG8H,2025-06-23
B0DBHHXG8H,2025-07-21
B0DBHHXG8H,2025-08-18
B0DBHHXG8H,2025-09-15
B0DBHHXG8H,2025-10-13
B0DBHHXG8H,2025-11-10
B0DBHHXG8H,2025-12-08
B0DBHHXG8H,2026-01-05
B0DBHHXG8H,2026-02-02
B0DBHHXG8H,2026-03-02
B0DC1PGNBW,2025-04-28
B0DC1PGNBW,2025-05-26
B0DC1PGNBW,2025-06-23
B0DC1PGNBW,2025-07-21
B0DC1PGNBW,2025-08-18
B0DC1PGNBW,2025-09-15
B0DC1PGNBW,2025-10-13
B0DC1PGNBW,2025-11-10
B0DC1PGNBW,2025-12-08
B0DC1PGNBW,2026-01-05
B0DC1PGNBW,2026-02-02
B0DC1PGNBW,2026-03-02
B0DCB6DLP9,2025-04-28
B0DCB6DLP9,2025-05-26
B0DCB6DLP9,2025-06-23
B0DCB6DLP9,2025-07-21
B0DCB6DLP9,2025-08-18
B0DCB6DLP9,2025-09-15
B0DCB6DLP9,2025-10-13
B0DCB6DLP9,2025-11-10
B0DCB6DLP9,2025-12-08
B0DCB6DLP9,2026-01-05
B0DCB6DLP9,2026-02-02
B0DCB6DLP9,2026-03-02
B0DCBP9L6L,2025-04-28
B0DCBP9L6L,2025-05-26
B0DCBP9L6L,2025-06-23
B0DCBP9L6L,2025-07-21
B0DCBP9L6L,2025-08-18
B0DCBP9L6L,2025-09-15
B0DCBP9L6L,2025-10-13
B0DCBP9L6L,2025-11-10
B0DCBP9L6L,2025-12-08
B0DCBP9L6L,2026-01-05
B0DCBP9L6L,2026-02-02
B0DCBP9L6L,2026-03-02
B0DCBQ637Z,2025-04-28
B0DCBQ637Z,2025-05-26
B0DCBQ637Z,2025-06-23
B0DCBQ637Z,2025-07-21
B0DCBQ637Z,2025-08-18
B0DCBQ637Z,2025-09-15
B0DCBQ637Z,2025-10-13
B0DCBQ637Z,2025-11-10
B0DCBQ637Z,2025-12-08
B0DCBQ637Z,2026-01-05
B0DCBQ637Z,2026-02-02
B0DCBQ637Z,2026-03-02
B0DCBSMTQ9,2025-04-28
B0DCBSMTQ9,2025-05-26
B0DCBSMTQ9,2025-06-23
B0DCBSMTQ9,2025-07-21
B0DCBSMTQ9,2025-08-18
B0DCBSMTQ9,2025-09-15
B0DCBSMTQ9,2025-10-13
B0DCBSMTQ9,2025-11-10
B0DCBSMTQ9,2025-12-08
B0DCBSMTQ9,2026-01-05
B0DCBSMTQ9,2026-02-02
B0DCBSMTQ9,2026-03-02
B0DCBSS5M3,2025-04-28
B0DCBSS5M3,2025-05-26
B0DCBSS5M3,2025-06-23
B0DCBSS5M3,2025-07-21
B0DCBSS5M3,2025-08-18
B0DCBSS5M3,2025-09-15
B0DCBSS5M3,2025-10-13
B0DCBSS5M3,2025-11-10
B0DCBSS5M3,2025-12-08
B0DCBSS5M3,2026-01-05
B0DCBSS5M3,2026-02-02
B0DCBSS5M3,2026-03-02
B0DCJQYZY2,2025-04-28
B0DCJQYZY2,2025-05-26
B0DCJQYZY2,2025-06-23
B0DCJQYZY2,2025-07-21
B0DCJQYZY2,2025-08-18
B0DCJQYZY2,2025-09-15
B0DCJQYZY2,2025-10-13
B0DCJQYZY2,2025-11-10
B0DCJQYZY2,2025-12-08
B0DCJQYZY2,2026-01-05
B0DCJQYZY2,2026-02-02
B0DCJQYZY2,2026-03-02
B0DCJR1J43,2025-04-28
B0DCJR1J43,2025-05-26
B0DCJR1J43,2025-06-23
B0DCJR1J43,2025-07-21
B0DCJR1J43,2025-08-18
B0DCJR1J43,2025-09-15
B0DCJR1J43,2025-10-13
B0DCJR1J43,2025-11-10
B0DCJR1J43,2025-12-08
B0DCJR1J43,2026-01-05
B0DCJR1J43,2026-02-02
B0DCJR1J43,2026-03-02
B0DCW69T6G,2025-04-28
B0DCW69T6G,2025-05-26
B0DCW69T6G,2025-06-23
B0DCW69T6G,2025-07-21
B0DCW69T6G,2025-08-18
B0DCW69T6G,2025-09-15
B0DCW69T6G,2025-10-13
B0DCW69T6G,2025-11-10
B0DCW69T6G,2025-12-08
B0DCW69T6G,2026-01-05
B0DCW69T6G,2026-02-02
B0DCW69T6G,2026-03-02
B0DD39DX1R,2025-04-28
B0DD39DX1R,2025-05-26
B0DD39DX1R,2025-06-23
B0DD39DX1R,2025-07-21
B0DD39DX1R,2025-08-18
B0DD39DX1R,2025-09-15
B0DD39DX1R,2025-10-13
B0DD39DX1R,2025-11-10
B0DD39DX1R,2025-12-08
B0DD39DX1R,2026-01-05
B0DD39DX1R,2026-02-02
B0DD39DX1R,2026-03-02
B0DDFLDG4Q,2025-04-28
B0DDFLDG4Q,2025-05-26
B0DDFLDG4Q,2025-06-23
B0DDFLDG4Q,2025-07-21
B0DDFLDG4Q,2025-08-18
B0DDFLDG4Q,2025-09-15
B0DDFLDG4Q,2025-10-13
B0DDFLDG4Q,2025-11-10
B0DDFLDG4Q,2025-12-08
B0DDFLDG4Q,2026-01-05
B0DDFLDG4Q,2026-02-02
B0DDFLDG4Q,2026-03-02
B0DDFQKM2G,2025-04-28
B0DDFQKM2G,2025-05-26
B0DDFQKM2G,2025-06-23
B0DDFQKM2G,2025-07-21
B0DDFQKM2G,2025-08-18
B0DDFQKM2G,2025-09-15
B0DDFQKM2G,2025-10-13
B0DDFQKM2G,2025-11-10
B0DDFQKM2G,2025-12-08
B0DDFQKM2G,2026-01-05
B0DDFQKM2G,2026-02-02
B0DDFQKM2G,2026-03-02
B0DDKZ1FXB,2025-04-28
B0DDKZ1FXB,2025-05-26
B0DDKZ1FXB,2025-06-23
B0DDKZ1FXB,2025-07-21
B0DDKZ1FXB,2025-08-18
B0DDKZ1FXB,2025-09-15
B0DDKZ1FXB,2025-10-13
B0DDKZ1FXB,2025-11-10
B0DDKZ1FXB,2025-12-08
B0DDKZ1FXB,2026-01-05
B0DDKZ1FXB,2026-02-02
B0DDKZ1FXB,2026-03-02
B0DDNQNJD9,2025-04-28
B0DDNQNJD9,2025-05-26
B0DDNQNJD9,2025-06-23
B0DDNQNJD9,2025-07-21
B0DDNQNJD9,2025-08-18
B0DDNQNJD9,2025-09-15
B0DDNQNJD9,2025-10-13
B0DDNQNJD9,2025-11-10
B0DDNQNJD9,2025-12-08
B0DDNQNJD9,2026-01-05
B0DDNQNJD9,2026-02-02
B0DDNQNJD9,2026-03-02
B0DFB58GL7,2025-04-28
B0DFB58GL7,2025-05-26
B0DFB58GL7,2025-06-23
B0DFB58GL7,2025-07-21
B0DFB58GL7,2025-08-18
B0DFB58GL7,2025-09-15
B0DFB58GL7,2025-10-13
B0DFB58GL7,2025-11-10
B0DFB58GL7,2025-12-08
B0DFB58GL7,2026-01-05
B0DFB58GL7,2026-02-02
B0DFB58GL7,2026-03-02
B0DFC8H1P2,2025-04-28
B0DFC8H1P2,2025-05-26
B0DFC8H1P2,2025-06-23
B0DFC8H1P2,2025-07-21
B0DFC8H1P2,2025-08-18
B0DFC8H1P2,2025-09-15
B0DFC8H1P2,2025-10-13
B0DFC8H1P2,2025-11-10
B0DFC8H1P2,2025-12-08
B0DFC8H1P2,2026-01-05
B0DFC8H1P2,2026-02-02
B0DFC8H1P2,2026-03-02
B0DFSL4SFL,2025-04-28
B0DFSL4SFL,2025-05-26
B0DFSL4SFL,2025-06-23
B0DFSL4SFL,2025-07-21
B0DFSL4SFL,2025-08-18
B0DFSL4SFL,2025-09-15
B0DFSL4SFL,2025-10-13
B0DFSL4SFL,2025-11-10
B0DFSL4SFL,2025-12-08
B0DFSL4SFL,2026-01-05
B0DFSL4SFL,2026-02-02
B0DFSL4SFL,2026-03-02
B0DFWCGBFH,2025-04-28
B0DFWCGBFH,2025-05-26
B0DFWCGBFH,2025-06-23
B0DFWCGBFH,2025-07-21
B0DFWCGBFH,2025-08-18
B0DFWCGBFH,2025-09-15
B0DFWCGBFH,2025-10-13
B0DFWCGBFH,2025-11-10
B0DFWCGBFH,2025-12-08
B0DFWCGBFH,2026-01-05
B0DFWCGBFH,2026-02-02
B0DFWCGBFH,2026-03-02
B0DFWCLM4D,2025-04-28
B0DFWCLM4D,2025-05-26
B0DFWCLM4D,2025-06-23
B0DFWCLM4D,2025-07-21
B0DFWCLM4D,2025-08-18
B0DFWCLM4D,2025-09-15
B0DFWCLM4D,2025-10-13
B0DFWCLM4D,2025-11-10
B0DFWCLM4D,2025-12-08
B0DFWCLM4D,2026-01-05
B0DFWCLM4D,2026-02-02
B0DFWCLM4D,2026-03-02
B0DFYF8KV4,2025-04-28
B0DFYF8KV4,2025-05-26
B0DFYF8KV4,2025-06-23
B0DFYF8KV4,2025-07-21
B0DFYF8KV4,2025-08-18
B0DFYF8KV4,2025-09-15
B0DFYF8KV4,2025-10-13
B0DFYF8KV4,2025-11-10
B0DFYF8KV4,2025-12-08
B0DFYF8KV4,2026-01-05
B0DFYF8KV4,2026-02-02
B0DFYF8KV4,2026-03-02
B0DG7ZY343,2025-04-28
B0DG7ZY343,2025-05-26
B0DG7ZY343,2025-06-23
B0DG7ZY343,2025-07-21
B0DG7ZY343,2025-08-18
B0DG7ZY343,2025-09-15
B0DG7ZY343,2025-10-13
B0DG7ZY343,2025-11-10
B0DG7ZY343,2025-12-08
B0DG7ZY343,2026-01-05
B0DG7ZY343,2026-02-02
B0DG7ZY343,2026-03-02
B0DG8CCWTQ,2025-04-28
B0DG8CCWTQ,2025-05-26
B0DG8CCWTQ,2025-06-23
B0DG8CCWTQ,2025-07-21
B0DG8CCWTQ,2025-08-18
B0DG8CCWTQ,2025-09-15
B0DG8CCWTQ,2025-10-13
B0DG8CCWTQ,2025-11-10
B0DG8CCWTQ,2025-12-08
B0DG8CCWTQ,2026-01-05
B0DG8CCWTQ,2026-02-02
B0DG8CCWTQ,2026-03-02
B0DGRXQQ5C,2025-04-28
B0DGRXQQ5C,2025-05-26
B0DGRXQQ5C,2025-06-23
B0DGRXQQ5C,2025-07-21
B0DGRXQQ5C,2025-08-18
B0DGRXQQ5C,2025-09-15
B0DGRXQQ5C,2025-10-13
B0DGRXQQ5C,2025-11-10
B0DGRXQQ5C,2025-12-08
B0DGRXQQ5C,2026-01-05
B0DGRXQQ5C,2026-02-02
B0DGRXQQ5C,2026-03-02
B0DHWRC8JZ,2025-04-28
B0DHWRC8JZ,2025-05-26
B0DHWRC8JZ,2025-06-23
B0DHWRC8JZ,2025-07-21
B0DHWRC8JZ,2025-08-18
B0DHWRC8JZ,2025-09-15
B0DHWRC8JZ,2025-10-13
B0DHWRC8JZ,2025-11-10
B0DHWRC8JZ,2025-12-08
B0DHWRC8JZ,2026-01-05
B0DHWRC8JZ,2026-02-02
B0DHWRC8JZ,2026-03-02
B0DHWTF8HG,2025-04-28
B0DHWTF8HG,2025-05-26
B0DHWTF8HG,2025-06-23
B0DHWTF8HG,2025-07-21
B0DHWTF8HG,2025-08-18
B0DHWTF8HG,2025-09-15
B0DHWTF8HG,2025-10-13
B0DHWTF8HG,2025-11-10
B0DHWTF8HG,2025-12-08
B0DHWTF8HG,2026-01-05
B0DHWTF8HG,2026-02-02
B0DHWTF8HG,2026-03-02
B0DJ123H1G,2025-04-28
B0DJ123H1G,2025-05-26
B0DJ123H1G,2025-06-23
B0DJ123H1G,2025-07-21
B0DJ123H1G,2025-08-18
B0DJ123H1G,2025-09-15
B0DJ123H1G,2025-10-13
B0DJ123H1G,2025-11-10
B0DJ123H1G,2025-12-08
B0DJ123H1G,2026-01-05
B0DJ123H1G,2026-02-02
B0DJ123H1G,2026-03-02
B0DJDQP1ZB,2025-04-28
B0DJDQP1ZB,2025-05-26
B0DJDQP1ZB,2025-06-23
B0DJDQP1ZB,2025-07-21
B0DJDQP1ZB,2025-08-18
B0DJDQP1ZB,2025-09-15
B0DJDQP1ZB,2025-10-13
B0DJDQP1ZB,2025-11-10
B0DJDQP1ZB,2025-12-08
B0DJDQP1ZB,2026-01-05
B0DJDQP1ZB,2026-02-02
B0DJDQP1ZB,2026-03-02
B0DJPZS1Q8,2025-04-28
B0DJPZS1Q8,2025-05-26
B0DJPZS1Q8,2025-06-23
B0DJPZS1Q8,2025-07-21
B0DJPZS1Q8,2025-08-18
B0DJPZS1Q8,2025-09-15
B0DJPZS1Q8,2025-10-13
B0DJPZS1Q8,2025-11-10
B0DJPZS1Q8,2025-12-08
B0DJPZS1Q8,2026-01-05
B0DJPZS1Q8,2026-02-02
B0DJPZS1Q8,2026-03-02
B0DJQ1WSY9,2025-04-28
B0DJQ1WSY9,2025-05-26
B0DJQ1WSY9,2025-06-23
B0DJQ1WSY9,2025-07-21
B0DJQ1WSY9,2025-08-18
B0DJQ1WSY9,2025-09-15
B0DJQ1WSY9,2025-10-13
B0DJQ1WSY9,2025-11-10
B0DJQ1WSY9,2025-12-08
B0DJQ1WSY9,2026-01-05
B0DJQ1WSY9,2026-02-02
B0DJQ1WSY9,2026-03-02
B0DJT1TZ7S,2025-04-28
B0DJT1TZ7S,2025-05-26
B0DJT1TZ7S,2025-06-23
B0DJT1TZ7S,2025-07-21
B0DJT1TZ7S,2025-08-18
B0DJT1TZ7S,2025-09-15
B0DJT1TZ7S,2025-10-13
B0DJT1TZ7S,2025-11-10
B0DJT1TZ7S,2025-12-08
B0DJT1TZ7S,2026-01-05
B0DJT1TZ7S,2026-02-02
B0DJT1TZ7S,2026-03-02
B0DJV22YPZ,2025-04-28
B0DJV22YPZ,2025-05-26
B0DJV22YPZ,2025-06-23
B0DJV22YPZ,2025-07-21
B0DJV22YPZ,2025-08-18
B0DJV22YPZ,2025-09-15
B0DJV22YPZ,2025-10-13
B0DJV22YPZ,2025-11-10
B0DJV22YPZ,2025-12-08
B0DJV22YPZ,2026-01-05
B0DJV22YPZ,2026-02-02
B0DJV22YPZ,2026-03-02
B0DJV6XQSN,2025-04-28
B0DJV6XQSN,2025-05-26
B0DJV6XQSN,2025-06-23
B0DJV6XQSN,2025-07-21
B0DJV6XQSN,2025-08-18
B0DJV6XQSN,2025-09-15
B0DJV6XQSN,2025-10-13
B0DJV6XQSN,2025-11-10
B0DJV6XQSN,2025-12-08
B0DJV6XQSN,2026-01-05
B0DJV6XQSN,2026-02-02
B0DJV6XQSN,2026-03-02
B0DK556PC9,2025-04-28
B0DK556PC9,2025-05-26
B0DK556PC9,2025-06-23
B0DK556PC9,2025-07-21
B0DK556PC9,2025-08-18
B0DK556PC9,2025-09-15
B0DK556PC9,2025-10-13
B0DK556PC9,2025-11-10
B0DK556PC9,2025-12-08
B0DK556PC9,2026-01-05
B0DK556PC9,2026-02-02
B0DK556PC9,2026-03-02
B0DKJSB6PZ,2025-04-28
B0DKJSB6PZ,2025-05-26
B0DKJSB6PZ,2025-06-23
B0DKJSB6PZ,2025-07-21
B0DKJSB6PZ,2025-08-18
B0DKJSB6PZ,2025-09-15
B0DKJSB6PZ,2025-10-13
B0DKJSB6PZ,2025-11-10
B0DKJSB6PZ,2025-12-08
B0DKJSB6PZ,2026-01-05
B0DKJSB6PZ,2026-02-02
B0DKJSB6PZ,2026-03-02
B0DL2CD69Q,2025-04-28
B0DL2CD69Q,2025-05-26
B0DL2CD69Q,2025-06-23
B0DL2CD69Q,2025-07-21
B0DL2CD69Q,2025-08-18
B0DL2CD69Q,2025-09-15
B0DL2CD69Q,2025-10-13
B0DL2CD69Q,2025-11-10
B0DL2CD69Q,2025-12-08
B0DL2CD69Q,2026-01-05
B0DL2CD69Q,2026-02-02
B0DL2CD69Q,2026-03-02
B0DL5SQ44P,2025-04-28
B0DL5SQ44P,2025-05-26
B0DL5SQ44P,2025-06-23
B0DL5SQ44P,2025-07-21
B0DL5SQ44P,2025-08-18
B0DL5SQ44P,2025-09-15
B0DL5SQ44P,2025-10-13
B0DL5SQ44P,2025-11-10
B0DL5SQ44P,2025-12-08
B0DL5SQ44P,2026-01-05
B0DL5SQ44P,2026-02-02
B0DL5SQ44P,2026-03-02
B0DLY8H5P8,2025-04-28
B0DLY8H5P8,2025-05-26
B0DLY8H5P8,2025-06-23
B0DLY8H5P8,2025-07-21
B0DLY8H5P8,2025-08-18
B0DLY8H5P8,2025-09-15
B0DLY8H5P8,2025-10-13
B0DLY8H5P8,2025-11-10
B0DLY8H5P8,2025-12-08
B0DLY8H5P8,2026-01-05
B0DLY8H5P8,2026-02-02
B0DLY8H5P8,2026-03-02
B0DN17NH8H,2025-04-28
B0DN17NH8H,2025-05-26
B0DN17NH8H,2025-06-23
B0DN17NH8H,2025-07-21
B0DN17NH8H,2025-08-18
B0DN17NH8H,2025-09-15
B0DN17NH8H,2025-10-13
B0DN17NH8H,2025-11-10
B0DN17NH8H,2025-12-08
B0DN17NH8H,2026-01-05
B0DN17NH8H,2026-02-02
B0DN17NH8H,2026-03-02
B0DN1921G4,2025-04-28
B0DN1921G4,2025-05-26
B0DN1921G4,2025-06-23
B0DN1921G4,2025-07-21
B0DN1921G4,2025-08-18
B0DN1921G4,2025-09-15
B0DN1921G4,2025-10-13
B0DN1921G4,2025-11-10
B0DN1921G4,2025-12-08
B0DN1921G4,2026-01-05
B0DN1921G4,2026-02-02
B0DN1921G4,2026-03-02
B0DN1GMNRZ,2025-04-28
B0DN1GMNRZ,2025-05-26
B0DN1GMNRZ,2025-06-23
B0DN1GMNRZ,2025-07-21
B0DN1GMNRZ,2025-08-18
B0DN1GMNRZ,2025-09-15
B0DN1GMNRZ,2025-10-13
B0DN1GMNRZ,2025-11-10
B0DN1GMNRZ,2025-12-08
B0DN1GMNRZ,2026-01-05
B0DN1GMNRZ,2026-02-02
B0DN1GMNRZ,2026-03-02
B0DNF8G6JF,2025-04-28
B0DNF8G6JF,2025-05-26
B0DNF8G6JF,2025-06-23
B0DNF8G6JF,2025-07-21
B0DNF8G6JF,2025-08-18
B0DNF8G6JF,2025-09-15
B0DNF8G6JF,2025-10-13
B0DNF8G6JF,2025-11-10
B0DNF8G6JF,2025-12-08
B0DNF8G6JF,2026-01-05
B0DNF8G6JF,2026-02-02
B0DNF8G6JF,2026-03-02
B0DNKFCC7Y,2025-04-28
B0DNKFCC7Y,2025-05-26
B0DNKFCC7Y,2025-06-23
B0DNKFCC7Y,2025-07-21
B0DNKFCC7Y,2025-08-18
B0DNKFCC7Y,2025-09-15
B0DNKFCC7Y,2025-10-13
B0DNKFCC7Y,2025-11-10
B0DNKFCC7Y,2025-12-08
B0DNKFCC7Y,2026-01-05
B0DNKFCC7Y,2026-02-02
B0DNKFCC7Y,2026-03-02
B0DNLBK9ST,2025-04-28
B0DNLBK9ST,2025-05-26
B0DNLBK9ST,2025-06-23
B0DNLBK9ST,2025-07-21
B0DNLBK9ST,2025-08-18
B0DNLBK9ST,2025-09-15
B0DNLBK9ST,2025-10-13
B0DNLBK9ST,2025-11-10
B0DNLBK9ST,2025-12-08
B0DNLBK9ST,2026-01-05
B0DNLBK9ST,2026-02-02
B0DNLBK9ST,2026-03-02
B0DP163PWV,2025-04-28
B0DP163PWV,2025-05-26
B0DP163PWV,2025-06-23
B0DP163PWV,2025-07-21
B0DP163PWV,2025-08-18
B0DP163PWV,2025-09-15
B0DP163PWV,2025-10-13
B0DP163PWV,2025-11-10
B0DP163PWV,2025-12-08
B0DP163PWV,2026-01-05
B0DP163PWV,2026-02-02
B0DP163PWV,2026-03-02
B0DP1SCR43,2025-04-28
B0DP1SCR43,2025-05-26
B0DP1SCR43,2025-06-23
B0DP1SCR43,2025-07-21
B0DP1SCR43,2025-08-18
B0DP1SCR43,2025-09-15
B0DP1SCR43,2025-10-13
B0DP1SCR43,2025-11-10
B0DP1SCR43,2025-12-08
B0DP1SCR43,2026-01-05
B0DP1SCR43,2026-02-02
B0DP1SCR43,2026-03-02
B0DPC93T7D,2025-04-28
B0DPC93T7D,2025-05-26
B0DPC93T7D,2025-06-23
B0DPC93T7D,2025-07-21
B0DPC93T7D,2025-08-18
B0DPC93T7D,2025-09-15
B0DPC93T7D,2025-10-13
B0DPC93T7D,2025-11-10
B0DPC93T7D,2025-12-08
B0DPC93T7D,2026-01-05
B0DPC93T7D,2026-02-02
B0DPC93T7D,2026-03-02
B0DPKPZSZ3,2025-04-28
B0DPKPZSZ3,2025-05-26
B0DPKPZSZ3,2025-06-23
B0DPKPZSZ3,2025-07-21
B0DPKPZSZ3,2025-08-18
B0DPKPZSZ3,2025-09-15
B0DPKPZSZ3,2025-10-13
B0DPKPZSZ3,2025-11-10
B0DPKPZSZ3,2025-12-08
B0DPKPZSZ3,2026-01-05
B0DPKPZSZ3,2026-02-02
B0DPKPZSZ3,2026-03-02
B0DPW4C2RS,2025-04-28
B0DPW4C2RS,2025-05-26
B0DPW4C2RS,2025-06-23
B0DPW4C2RS,2025-07-21
B0DPW4C2RS,2025-08-18
B0DPW4C2RS,2025-09-15
B0DPW4C2RS,2025-10-13
B0DPW4C2RS,2025-11-10
B0DPW4C2RS,2025-12-08
B0DPW4C2RS,2026-01-05
B0DPW4C2RS,2026-02-02
B0DPW4C2RS,2026-03-02
B0DQ2H78ND,2025-04-28
B0DQ2H78ND,2025-05-26
B0DQ2H78ND,2025-06-23
B0DQ2H78ND,2025-07-21
B0DQ2H78ND,2025-08-18
B0DQ2H78ND,2025-09-15
B0DQ2H78ND,2025-10-13
B0DQ2H78ND,2025-11-10
B0DQ2H78ND,2025-12-08
B0DQ2H78ND,2026-01-05
B0DQ2H78ND,2026-02-02
B0DQ2H78ND,2026-03-02
B0DQ2MX9PB,2025-04-28
B0DQ2MX9PB,2025-05-26
B0DQ2MX9PB,2025-06-23
B0DQ2MX9PB,2025-07-21
B0DQ2MX9PB,2025-08-18
B0DQ2MX9PB,2025-09-15
B0DQ2MX9PB,2025-10-13
B0DQ2MX9PB,2025-11-10
B0DQ2MX9PB,2025-12-08
B0DQ2MX9PB,2026-01-05
B0DQ2MX9PB,2026-02-02
B0DQ2MX9PB,2026-03-02
